eval,lens,item,intermediate,layer,rank
multihop,logit,carnival-ocean,Brazil,8,11939
multihop,logit,carnival-ocean,Brazil,16,13955
multihop,logit,carnival-ocean,Brazil,24,37923
multihop,logit,carnival-ocean,Brazil,32,20289
multihop,logit,carnival-ocean,Brazil,40,18796
multihop,logit,carnival-ocean,Brazil,48,119690
multihop,logit,carnival-ocean,Brazil,56,1244
multihop,jlens_camila,carnival-ocean,Brazil,8,21524
multihop,jlens_camila,carnival-ocean,Brazil,16,49935
multihop,jlens_camila,carnival-ocean,Brazil,24,77393
multihop,jlens_camila,carnival-ocean,Brazil,32,7225
multihop,jlens_camila,carnival-ocean,Brazil,40,2761
multihop,jlens_camila,carnival-ocean,Brazil,48,3126
multihop,jlens_camila,carnival-ocean,Brazil,56,479
multihop,rlens_camila,carnival-ocean,Brazil,8,205565
multihop,rlens_camila,carnival-ocean,Brazil,16,168689
multihop,rlens_camila,carnival-ocean,Brazil,24,21336
multihop,rlens_camila,carnival-ocean,Brazil,32,5030
multihop,rlens_camila,carnival-ocean,Brazil,40,2044
multihop,rlens_camila,carnival-ocean,Brazil,48,5526
multihop,rlens_camila,carnival-ocean,Brazil,56,508
multihop,jpp_released,carnival-ocean,Brazil,8,178105
multihop,jpp_released,carnival-ocean,Brazil,16,26495
multihop,jpp_released,carnival-ocean,Brazil,24,3142
multihop,jpp_released,carnival-ocean,Brazil,32,1326
multihop,jpp_released,carnival-ocean,Brazil,40,429
multihop,jpp_released,carnival-ocean,Brazil,48,451
multihop,jpp_released,carnival-ocean,Brazil,56,40
multihop,logit,amazon-language,Brazil,8,13679
multihop,logit,amazon-language,Brazil,16,7512
multihop,logit,amazon-language,Brazil,24,18078
multihop,logit,amazon-language,Brazil,32,72594
multihop,logit,amazon-language,Brazil,40,1277
multihop,logit,amazon-language,Brazil,48,24643
multihop,logit,amazon-language,Brazil,56,555
multihop,jlens_camila,amazon-language,Brazil,8,18106
multihop,jlens_camila,amazon-language,Brazil,16,11723
multihop,jlens_camila,amazon-language,Brazil,24,5876
multihop,jlens_camila,amazon-language,Brazil,32,18175
multihop,jlens_camila,amazon-language,Brazil,40,284
multihop,jlens_camila,amazon-language,Brazil,48,255
multihop,jlens_camila,amazon-language,Brazil,56,90
multihop,rlens_camila,amazon-language,Brazil,8,138917
multihop,rlens_camila,amazon-language,Brazil,16,63714
multihop,rlens_camila,amazon-language,Brazil,24,2377
multihop,rlens_camila,amazon-language,Brazil,32,20409
multihop,rlens_camila,amazon-language,Brazil,40,268
multihop,rlens_camila,amazon-language,Brazil,48,318
multihop,rlens_camila,amazon-language,Brazil,56,108
multihop,jpp_released,amazon-language,Brazil,8,7647
multihop,jpp_released,amazon-language,Brazil,16,3260
multihop,jpp_released,amazon-language,Brazil,24,189
multihop,jpp_released,amazon-language,Brazil,32,425
multihop,jpp_released,amazon-language,Brazil,40,39
multihop,jpp_released,amazon-language,Brazil,48,40
multihop,jpp_released,amazon-language,Brazil,56,4
multihop,logit,mars-color,Mars,8,1857
multihop,logit,mars-color,Mars,16,13381
multihop,logit,mars-color,Mars,24,2286
multihop,logit,mars-color,Mars,32,16885
multihop,logit,mars-color,Mars,40,6110
multihop,logit,mars-color,Mars,48,21977
multihop,logit,mars-color,Mars,56,26
multihop,jlens_camila,mars-color,Mars,8,19522
multihop,jlens_camila,mars-color,Mars,16,216071
multihop,jlens_camila,mars-color,Mars,24,7075
multihop,jlens_camila,mars-color,Mars,32,13260
multihop,jlens_camila,mars-color,Mars,40,10992
multihop,jlens_camila,mars-color,Mars,48,4566
multihop,jlens_camila,mars-color,Mars,56,13
multihop,rlens_camila,mars-color,Mars,8,24279
multihop,rlens_camila,mars-color,Mars,16,82639
multihop,rlens_camila,mars-color,Mars,24,297
multihop,rlens_camila,mars-color,Mars,32,3703
multihop,rlens_camila,mars-color,Mars,40,13404
multihop,rlens_camila,mars-color,Mars,48,7814
multihop,rlens_camila,mars-color,Mars,56,19
multihop,jpp_released,mars-color,Mars,8,609
multihop,jpp_released,mars-color,Mars,16,793
multihop,jpp_released,mars-color,Mars,24,54
multihop,jpp_released,mars-color,Mars,32,228
multihop,jpp_released,mars-color,Mars,40,4513
multihop,jpp_released,mars-color,Mars,48,824
multihop,jpp_released,mars-color,Mars,56,14
multihop,logit,spider-legs,spider,8,21857
multihop,logit,spider-legs,spider,16,24185
multihop,logit,spider-legs,spider,24,13893
multihop,logit,spider-legs,spider,32,1223
multihop,logit,spider-legs,spider,40,15
multihop,logit,spider-legs,spider,48,62
multihop,logit,spider-legs,spider,56,1
multihop,jlens_camila,spider-legs,spider,8,23338
multihop,jlens_camila,spider-legs,spider,16,22870
multihop,jlens_camila,spider-legs,spider,24,27
multihop,jlens_camila,spider-legs,spider,32,16
multihop,jlens_camila,spider-legs,spider,40,3
multihop,jlens_camila,spider-legs,spider,48,2
multihop,jlens_camila,spider-legs,spider,56,1
multihop,rlens_camila,spider-legs,spider,8,22322
multihop,rlens_camila,spider-legs,spider,16,16854
multihop,rlens_camila,spider-legs,spider,24,13
multihop,rlens_camila,spider-legs,spider,32,4
multihop,rlens_camila,spider-legs,spider,40,2
multihop,rlens_camila,spider-legs,spider,48,1
multihop,rlens_camila,spider-legs,spider,56,1
multihop,jpp_released,spider-legs,spider,8,160745
multihop,jpp_released,spider-legs,spider,16,10313
multihop,jpp_released,spider-legs,spider,24,5
multihop,jpp_released,spider-legs,spider,32,7
multihop,jpp_released,spider-legs,spider,40,1
multihop,jpp_released,spider-legs,spider,48,1
multihop,jpp_released,spider-legs,spider,56,1
multihop,logit,paper-continent,China,8,6870
multihop,logit,paper-continent,China,16,9682
multihop,logit,paper-continent,China,24,3030
multihop,logit,paper-continent,China,32,4143
multihop,logit,paper-continent,China,40,9
multihop,logit,paper-continent,China,48,190
multihop,logit,paper-continent,China,56,37
multihop,jlens_camila,paper-continent,China,8,8283
multihop,jlens_camila,paper-continent,China,16,47378
multihop,jlens_camila,paper-continent,China,24,628
multihop,jlens_camila,paper-continent,China,32,448
multihop,jlens_camila,paper-continent,China,40,2
multihop,jlens_camila,paper-continent,China,48,12
multihop,jlens_camila,paper-continent,China,56,20
multihop,rlens_camila,paper-continent,China,8,67480
multihop,rlens_camila,paper-continent,China,16,60736
multihop,rlens_camila,paper-continent,China,24,542
multihop,rlens_camila,paper-continent,China,32,266
multihop,rlens_camila,paper-continent,China,40,2
multihop,rlens_camila,paper-continent,China,48,5
multihop,rlens_camila,paper-continent,China,56,18
multihop,jpp_released,paper-continent,China,8,12931
multihop,jpp_released,paper-continent,China,16,973
multihop,jpp_released,paper-continent,China,24,157
multihop,jpp_released,paper-continent,China,32,136
multihop,jpp_released,paper-continent,China,40,2
multihop,jpp_released,paper-continent,China,48,3
multihop,jpp_released,paper-continent,China,56,5
multihop,logit,atomic-79-symbol,gold,8,2115
multihop,logit,atomic-79-symbol,gold,16,3012
multihop,logit,atomic-79-symbol,gold,24,2832
multihop,logit,atomic-79-symbol,gold,32,3276
multihop,logit,atomic-79-symbol,gold,40,185
multihop,logit,atomic-79-symbol,gold,48,671
multihop,logit,atomic-79-symbol,gold,56,45
multihop,jlens_camila,atomic-79-symbol,gold,8,54068
multihop,jlens_camila,atomic-79-symbol,gold,16,133
multihop,jlens_camila,atomic-79-symbol,gold,24,3317
multihop,jlens_camila,atomic-79-symbol,gold,32,3033
multihop,jlens_camila,atomic-79-symbol,gold,40,163
multihop,jlens_camila,atomic-79-symbol,gold,48,497
multihop,jlens_camila,atomic-79-symbol,gold,56,81
multihop,rlens_camila,atomic-79-symbol,gold,8,762
multihop,rlens_camila,atomic-79-symbol,gold,16,552
multihop,rlens_camila,atomic-79-symbol,gold,24,2666
multihop,rlens_camila,atomic-79-symbol,gold,32,8667
multihop,rlens_camila,atomic-79-symbol,gold,40,117
multihop,rlens_camila,atomic-79-symbol,gold,48,171
multihop,rlens_camila,atomic-79-symbol,gold,56,55
multihop,jpp_released,atomic-79-symbol,gold,8,7
multihop,jpp_released,atomic-79-symbol,gold,16,7
multihop,jpp_released,atomic-79-symbol,gold,24,100
multihop,jpp_released,atomic-79-symbol,gold,32,536
multihop,jpp_released,atomic-79-symbol,gold,40,10
multihop,jpp_released,atomic-79-symbol,gold,48,75
multihop,jpp_released,atomic-79-symbol,gold,56,5
multihop,logit,atomic-29-symbol,copper,8,16694
multihop,logit,atomic-29-symbol,copper,16,18582
multihop,logit,atomic-29-symbol,copper,24,6551
multihop,logit,atomic-29-symbol,copper,32,4304
multihop,logit,atomic-29-symbol,copper,40,5215
multihop,logit,atomic-29-symbol,copper,48,4853
multihop,logit,atomic-29-symbol,copper,56,299
multihop,jlens_camila,atomic-29-symbol,copper,8,19200
multihop,jlens_camila,atomic-29-symbol,copper,16,41781
multihop,jlens_camila,atomic-29-symbol,copper,24,2661
multihop,jlens_camila,atomic-29-symbol,copper,32,614
multihop,jlens_camila,atomic-29-symbol,copper,40,64
multihop,jlens_camila,atomic-29-symbol,copper,48,211
multihop,jlens_camila,atomic-29-symbol,copper,56,98
multihop,rlens_camila,atomic-29-symbol,copper,8,40941
multihop,rlens_camila,atomic-29-symbol,copper,16,25896
multihop,rlens_camila,atomic-29-symbol,copper,24,641
multihop,rlens_camila,atomic-29-symbol,copper,32,346
multihop,rlens_camila,atomic-29-symbol,copper,40,58
multihop,rlens_camila,atomic-29-symbol,copper,48,275
multihop,rlens_camila,atomic-29-symbol,copper,56,89
multihop,jpp_released,atomic-29-symbol,copper,8,23
multihop,jpp_released,atomic-29-symbol,copper,16,1508
multihop,jpp_released,atomic-29-symbol,copper,24,26
multihop,jpp_released,atomic-29-symbol,copper,32,56
multihop,jpp_released,atomic-29-symbol,copper,40,5
multihop,jpp_released,atomic-29-symbol,copper,48,136
multihop,jpp_released,atomic-29-symbol,copper,56,6
multihop,logit,month-3-godof,March,8,1415
multihop,logit,month-3-godof,March,16,7677
multihop,logit,month-3-godof,March,24,28282
multihop,logit,month-3-godof,March,32,4359
multihop,logit,month-3-godof,March,40,18860
multihop,logit,month-3-godof,March,48,126121
multihop,logit,month-3-godof,March,56,13555
multihop,jlens_camila,month-3-godof,March,8,120400
multihop,jlens_camila,month-3-godof,March,16,95209
multihop,jlens_camila,month-3-godof,March,24,54132
multihop,jlens_camila,month-3-godof,March,32,17347
multihop,jlens_camila,month-3-godof,March,40,26744
multihop,jlens_camila,month-3-godof,March,48,50561
multihop,jlens_camila,month-3-godof,March,56,5632
multihop,rlens_camila,month-3-godof,March,8,1196
multihop,rlens_camila,month-3-godof,March,16,7818
multihop,rlens_camila,month-3-godof,March,24,16346
multihop,rlens_camila,month-3-godof,March,32,11573
multihop,rlens_camila,month-3-godof,March,40,9149
multihop,rlens_camila,month-3-godof,March,48,38677
multihop,rlens_camila,month-3-godof,March,56,2903
multihop,jpp_released,month-3-godof,March,8,447
multihop,jpp_released,month-3-godof,March,16,15
multihop,jpp_released,month-3-godof,March,24,3606
multihop,jpp_released,month-3-godof,March,32,311
multihop,jpp_released,month-3-godof,March,40,410
multihop,jpp_released,month-3-godof,March,48,2541
multihop,jpp_released,month-3-godof,March,56,3837
multihop,logit,etym-wargod-month,March,8,3983
multihop,logit,etym-wargod-month,March,16,814
multihop,logit,etym-wargod-month,March,24,14901
multihop,logit,etym-wargod-month,March,32,17664
multihop,logit,etym-wargod-month,March,40,174
multihop,logit,etym-wargod-month,March,48,2699
multihop,logit,etym-wargod-month,March,56,15
multihop,jlens_camila,etym-wargod-month,March,8,125902
multihop,jlens_camila,etym-wargod-month,March,16,26662
multihop,jlens_camila,etym-wargod-month,March,24,192
multihop,jlens_camila,etym-wargod-month,March,32,251
multihop,jlens_camila,etym-wargod-month,March,40,76
multihop,jlens_camila,etym-wargod-month,March,48,64
multihop,jlens_camila,etym-wargod-month,March,56,7
multihop,rlens_camila,etym-wargod-month,March,8,1946
multihop,rlens_camila,etym-wargod-month,March,16,1352
multihop,rlens_camila,etym-wargod-month,March,24,52
multihop,rlens_camila,etym-wargod-month,March,32,262
multihop,rlens_camila,etym-wargod-month,March,40,45
multihop,rlens_camila,etym-wargod-month,March,48,86
multihop,rlens_camila,etym-wargod-month,March,56,7
multihop,jpp_released,etym-wargod-month,March,8,439
multihop,jpp_released,etym-wargod-month,March,16,28
multihop,jpp_released,etym-wargod-month,March,24,30
multihop,jpp_released,etym-wargod-month,March,32,23
multihop,jpp_released,etym-wargod-month,March,40,13
multihop,jpp_released,etym-wargod-month,March,48,60
multihop,jpp_released,etym-wargod-month,March,56,10
multihop,logit,etym-saturn-position,Saturn,8,6801
multihop,logit,etym-saturn-position,Saturn,16,7624
multihop,logit,etym-saturn-position,Saturn,24,503
multihop,logit,etym-saturn-position,Saturn,32,20834
multihop,logit,etym-saturn-position,Saturn,40,463
multihop,logit,etym-saturn-position,Saturn,48,59
multihop,logit,etym-saturn-position,Saturn,56,6
multihop,jlens_camila,etym-saturn-position,Saturn,8,109608
multihop,jlens_camila,etym-saturn-position,Saturn,16,97716
multihop,jlens_camila,etym-saturn-position,Saturn,24,11
multihop,jlens_camila,etym-saturn-position,Saturn,32,34
multihop,jlens_camila,etym-saturn-position,Saturn,40,19
multihop,jlens_camila,etym-saturn-position,Saturn,48,10
multihop,jlens_camila,etym-saturn-position,Saturn,56,7
multihop,rlens_camila,etym-saturn-position,Saturn,8,10232
multihop,rlens_camila,etym-saturn-position,Saturn,16,3732
multihop,rlens_camila,etym-saturn-position,Saturn,24,8
multihop,rlens_camila,etym-saturn-position,Saturn,32,8
multihop,rlens_camila,etym-saturn-position,Saturn,40,16
multihop,rlens_camila,etym-saturn-position,Saturn,48,10
multihop,rlens_camila,etym-saturn-position,Saturn,56,7
multihop,jpp_released,etym-saturn-position,Saturn,8,49
multihop,jpp_released,etym-saturn-position,Saturn,16,34
multihop,jpp_released,etym-saturn-position,Saturn,24,6
multihop,jpp_released,etym-saturn-position,Saturn,32,7
multihop,jpp_released,etym-saturn-position,Saturn,40,5
multihop,jpp_released,etym-saturn-position,Saturn,48,2
multihop,jpp_released,etym-saturn-position,Saturn,56,3
multihop,logit,chem-photosynthesis-Z,oxygen,8,5196
multihop,logit,chem-photosynthesis-Z,oxygen,16,16831
multihop,logit,chem-photosynthesis-Z,oxygen,24,1056
multihop,logit,chem-photosynthesis-Z,oxygen,32,26891
multihop,logit,chem-photosynthesis-Z,oxygen,40,2
multihop,logit,chem-photosynthesis-Z,oxygen,48,2
multihop,logit,chem-photosynthesis-Z,oxygen,56,2
multihop,jlens_camila,chem-photosynthesis-Z,oxygen,8,5497
multihop,jlens_camila,chem-photosynthesis-Z,oxygen,16,17896
multihop,jlens_camila,chem-photosynthesis-Z,oxygen,24,184
multihop,jlens_camila,chem-photosynthesis-Z,oxygen,32,63
multihop,jlens_camila,chem-photosynthesis-Z,oxygen,40,1
multihop,jlens_camila,chem-photosynthesis-Z,oxygen,48,1
multihop,jlens_camila,chem-photosynthesis-Z,oxygen,56,1
multihop,rlens_camila,chem-photosynthesis-Z,oxygen,8,1390
multihop,rlens_camila,chem-photosynthesis-Z,oxygen,16,3104
multihop,rlens_camila,chem-photosynthesis-Z,oxygen,24,20
multihop,rlens_camila,chem-photosynthesis-Z,oxygen,32,39
multihop,rlens_camila,chem-photosynthesis-Z,oxygen,40,1
multihop,rlens_camila,chem-photosynthesis-Z,oxygen,48,1
multihop,rlens_camila,chem-photosynthesis-Z,oxygen,56,1
multihop,jpp_released,chem-photosynthesis-Z,oxygen,8,2546
multihop,jpp_released,chem-photosynthesis-Z,oxygen,16,1051
multihop,jpp_released,chem-photosynthesis-Z,oxygen,24,60
multihop,jpp_released,chem-photosynthesis-Z,oxygen,32,54
multihop,jpp_released,chem-photosynthesis-Z,oxygen,40,1
multihop,jpp_released,chem-photosynthesis-Z,oxygen,48,1
multihop,jpp_released,chem-photosynthesis-Z,oxygen,56,1
multihop,logit,chem-atmosphere-Z,nitrogen,8,16798
multihop,logit,chem-atmosphere-Z,nitrogen,16,15465
multihop,logit,chem-atmosphere-Z,nitrogen,24,1184
multihop,logit,chem-atmosphere-Z,nitrogen,32,54601
multihop,logit,chem-atmosphere-Z,nitrogen,40,9
multihop,logit,chem-atmosphere-Z,nitrogen,48,3287
multihop,logit,chem-atmosphere-Z,nitrogen,56,2
multihop,jlens_camila,chem-atmosphere-Z,nitrogen,8,16506
multihop,jlens_camila,chem-atmosphere-Z,nitrogen,16,47487
multihop,jlens_camila,chem-atmosphere-Z,nitrogen,24,605
multihop,jlens_camila,chem-atmosphere-Z,nitrogen,32,1252
multihop,jlens_camila,chem-atmosphere-Z,nitrogen,40,2
multihop,jlens_camila,chem-atmosphere-Z,nitrogen,48,21
multihop,jlens_camila,chem-atmosphere-Z,nitrogen,56,2
multihop,rlens_camila,chem-atmosphere-Z,nitrogen,8,5755
multihop,rlens_camila,chem-atmosphere-Z,nitrogen,16,8669
multihop,rlens_camila,chem-atmosphere-Z,nitrogen,24,98
multihop,rlens_camila,chem-atmosphere-Z,nitrogen,32,1107
multihop,rlens_camila,chem-atmosphere-Z,nitrogen,40,2
multihop,rlens_camila,chem-atmosphere-Z,nitrogen,48,16
multihop,rlens_camila,chem-atmosphere-Z,nitrogen,56,2
multihop,jpp_released,chem-atmosphere-Z,nitrogen,8,94852
multihop,jpp_released,chem-atmosphere-Z,nitrogen,16,6417
multihop,jpp_released,chem-atmosphere-Z,nitrogen,24,101
multihop,jpp_released,chem-atmosphere-Z,nitrogen,32,91
multihop,jpp_released,chem-atmosphere-Z,nitrogen,40,1
multihop,jpp_released,chem-atmosphere-Z,nitrogen,48,5
multihop,jpp_released,chem-atmosphere-Z,nitrogen,56,1
multihop,logit,chem-organic-Z,carbon,8,4414
multihop,logit,chem-organic-Z,carbon,16,4898
multihop,logit,chem-organic-Z,carbon,24,4
multihop,logit,chem-organic-Z,carbon,32,208
multihop,logit,chem-organic-Z,carbon,40,2
multihop,logit,chem-organic-Z,carbon,48,2
multihop,logit,chem-organic-Z,carbon,56,2
multihop,jlens_camila,chem-organic-Z,carbon,8,1543
multihop,jlens_camila,chem-organic-Z,carbon,16,3331
multihop,jlens_camila,chem-organic-Z,carbon,24,3
multihop,jlens_camila,chem-organic-Z,carbon,32,32
multihop,jlens_camila,chem-organic-Z,carbon,40,1
multihop,jlens_camila,chem-organic-Z,carbon,48,1
multihop,jlens_camila,chem-organic-Z,carbon,56,2
multihop,rlens_camila,chem-organic-Z,carbon,8,1603
multihop,rlens_camila,chem-organic-Z,carbon,16,4693
multihop,rlens_camila,chem-organic-Z,carbon,24,2
multihop,rlens_camila,chem-organic-Z,carbon,32,11
multihop,rlens_camila,chem-organic-Z,carbon,40,1
multihop,rlens_camila,chem-organic-Z,carbon,48,2
multihop,rlens_camila,chem-organic-Z,carbon,56,2
multihop,jpp_released,chem-organic-Z,carbon,8,1728
multihop,jpp_released,chem-organic-Z,carbon,16,1468
multihop,jpp_released,chem-organic-Z,carbon,24,2
multihop,jpp_released,chem-organic-Z,carbon,32,5
multihop,jpp_released,chem-organic-Z,carbon,40,1
multihop,jpp_released,chem-organic-Z,carbon,48,1
multihop,jpp_released,chem-organic-Z,carbon,56,1
multihop,logit,chem-bones-Z,calcium,8,20218
multihop,logit,chem-bones-Z,calcium,16,45208
multihop,logit,chem-bones-Z,calcium,24,6942
multihop,logit,chem-bones-Z,calcium,32,20837
multihop,logit,chem-bones-Z,calcium,40,5198
multihop,logit,chem-bones-Z,calcium,48,28001
multihop,logit,chem-bones-Z,calcium,56,2
multihop,jlens_camila,chem-bones-Z,calcium,8,193
multihop,jlens_camila,chem-bones-Z,calcium,16,474
multihop,jlens_camila,chem-bones-Z,calcium,24,323
multihop,jlens_camila,chem-bones-Z,calcium,32,531
multihop,jlens_camila,chem-bones-Z,calcium,40,316
multihop,jlens_camila,chem-bones-Z,calcium,48,798
multihop,jlens_camila,chem-bones-Z,calcium,56,2
multihop,rlens_camila,chem-bones-Z,calcium,8,1105
multihop,rlens_camila,chem-bones-Z,calcium,16,802
multihop,rlens_camila,chem-bones-Z,calcium,24,154
multihop,rlens_camila,chem-bones-Z,calcium,32,393
multihop,rlens_camila,chem-bones-Z,calcium,40,209
multihop,rlens_camila,chem-bones-Z,calcium,48,908
multihop,rlens_camila,chem-bones-Z,calcium,56,3
multihop,jpp_released,chem-bones-Z,calcium,8,34
multihop,jpp_released,chem-bones-Z,calcium,16,1514
multihop,jpp_released,chem-bones-Z,calcium,24,97
multihop,jpp_released,chem-bones-Z,calcium,32,226
multihop,jpp_released,chem-bones-Z,calcium,40,139
multihop,jpp_released,chem-bones-Z,calcium,48,169
multihop,jpp_released,chem-bones-Z,calcium,56,5
multihop,logit,func-pumps-chambers,heart,8,3949
multihop,logit,func-pumps-chambers,heart,16,7519
multihop,logit,func-pumps-chambers,heart,24,2
multihop,logit,func-pumps-chambers,heart,32,212
multihop,logit,func-pumps-chambers,heart,40,2
multihop,logit,func-pumps-chambers,heart,48,54
multihop,logit,func-pumps-chambers,heart,56,10
multihop,jlens_camila,func-pumps-chambers,heart,8,72653
multihop,jlens_camila,func-pumps-chambers,heart,16,4245
multihop,jlens_camila,func-pumps-chambers,heart,24,3
multihop,jlens_camila,func-pumps-chambers,heart,32,32
multihop,jlens_camila,func-pumps-chambers,heart,40,4
multihop,jlens_camila,func-pumps-chambers,heart,48,6
multihop,jlens_camila,func-pumps-chambers,heart,56,4
multihop,rlens_camila,func-pumps-chambers,heart,8,1041
multihop,rlens_camila,func-pumps-chambers,heart,16,430
multihop,rlens_camila,func-pumps-chambers,heart,24,2
multihop,rlens_camila,func-pumps-chambers,heart,32,14
multihop,rlens_camila,func-pumps-chambers,heart,40,4
multihop,rlens_camila,func-pumps-chambers,heart,48,6
multihop,rlens_camila,func-pumps-chambers,heart,56,3
multihop,jpp_released,func-pumps-chambers,heart,8,112
multihop,jpp_released,func-pumps-chambers,heart,16,726
multihop,jpp_released,func-pumps-chambers,heart,24,1
multihop,jpp_released,func-pumps-chambers,heart,32,2
multihop,jpp_released,func-pumps-chambers,heart,40,2
multihop,jpp_released,func-pumps-chambers,heart,48,3
multihop,jpp_released,func-pumps-chambers,heart,56,2
multihop,logit,func-filters-count,kidney,8,26284
multihop,logit,func-filters-count,kidney,16,33678
multihop,logit,func-filters-count,kidney,24,179
multihop,logit,func-filters-count,kidney,32,1206
multihop,logit,func-filters-count,kidney,40,2
multihop,logit,func-filters-count,kidney,48,3
multihop,logit,func-filters-count,kidney,56,5
multihop,jlens_camila,func-filters-count,kidney,8,39871
multihop,jlens_camila,func-filters-count,kidney,16,61843
multihop,jlens_camila,func-filters-count,kidney,24,10
multihop,jlens_camila,func-filters-count,kidney,32,21
multihop,jlens_camila,func-filters-count,kidney,40,2
multihop,jlens_camila,func-filters-count,kidney,48,2
multihop,jlens_camila,func-filters-count,kidney,56,3
multihop,rlens_camila,func-filters-count,kidney,8,5118
multihop,rlens_camila,func-filters-count,kidney,16,15200
multihop,rlens_camila,func-filters-count,kidney,24,2
multihop,rlens_camila,func-filters-count,kidney,32,3
multihop,rlens_camila,func-filters-count,kidney,40,2
multihop,rlens_camila,func-filters-count,kidney,48,2
multihop,rlens_camila,func-filters-count,kidney,56,3
multihop,jpp_released,func-filters-count,kidney,8,1308
multihop,jpp_released,func-filters-count,kidney,16,51488
multihop,jpp_released,func-filters-count,kidney,24,1
multihop,jpp_released,func-filters-count,kidney,32,1
multihop,jpp_released,func-filters-count,kidney,40,1
multihop,jpp_released,func-filters-count,kidney,48,1
multihop,jpp_released,func-filters-count,kidney,56,1
multihop,logit,birthstone-emerald-month,May,8,1296
multihop,logit,birthstone-emerald-month,May,16,2615
multihop,logit,birthstone-emerald-month,May,24,822
multihop,logit,birthstone-emerald-month,May,32,7384
multihop,logit,birthstone-emerald-month,May,40,572
multihop,logit,birthstone-emerald-month,May,48,865
multihop,logit,birthstone-emerald-month,May,56,100
multihop,jlens_camila,birthstone-emerald-month,May,8,54322
multihop,jlens_camila,birthstone-emerald-month,May,16,127310
multihop,jlens_camila,birthstone-emerald-month,May,24,72415
multihop,jlens_camila,birthstone-emerald-month,May,32,18318
multihop,jlens_camila,birthstone-emerald-month,May,40,570
multihop,jlens_camila,birthstone-emerald-month,May,48,985
multihop,jlens_camila,birthstone-emerald-month,May,56,142
multihop,rlens_camila,birthstone-emerald-month,May,8,624
multihop,rlens_camila,birthstone-emerald-month,May,16,1494
multihop,rlens_camila,birthstone-emerald-month,May,24,3226
multihop,rlens_camila,birthstone-emerald-month,May,32,3616
multihop,rlens_camila,birthstone-emerald-month,May,40,214
multihop,rlens_camila,birthstone-emerald-month,May,48,2512
multihop,rlens_camila,birthstone-emerald-month,May,56,115
multihop,jpp_released,birthstone-emerald-month,May,8,2228
multihop,jpp_released,birthstone-emerald-month,May,16,603
multihop,jpp_released,birthstone-emerald-month,May,24,156
multihop,jpp_released,birthstone-emerald-month,May,32,234
multihop,jpp_released,birthstone-emerald-month,May,40,22
multihop,jpp_released,birthstone-emerald-month,May,48,366
multihop,jpp_released,birthstone-emerald-month,May,56,375
multihop,logit,violin-strings,violin,8,23240
multihop,logit,violin-strings,violin,16,42715
multihop,logit,violin-strings,violin,24,57091
multihop,logit,violin-strings,violin,32,48062
multihop,logit,violin-strings,violin,40,18
multihop,logit,violin-strings,violin,48,977
multihop,logit,violin-strings,violin,56,5
multihop,jlens_camila,violin-strings,violin,8,17889
multihop,jlens_camila,violin-strings,violin,16,69011
multihop,jlens_camila,violin-strings,violin,24,101928
multihop,jlens_camila,violin-strings,violin,32,35308
multihop,jlens_camila,violin-strings,violin,40,3
multihop,jlens_camila,violin-strings,violin,48,13
multihop,jlens_camila,violin-strings,violin,56,5
multihop,rlens_camila,violin-strings,violin,8,51740
multihop,rlens_camila,violin-strings,violin,16,75413
multihop,rlens_camila,violin-strings,violin,24,78931
multihop,rlens_camila,violin-strings,violin,32,39389
multihop,rlens_camila,violin-strings,violin,40,3
multihop,rlens_camila,violin-strings,violin,48,27
multihop,rlens_camila,violin-strings,violin,56,5
multihop,jpp_released,violin-strings,violin,8,28
multihop,jpp_released,violin-strings,violin,16,4231
multihop,jpp_released,violin-strings,violin,24,5032
multihop,jpp_released,violin-strings,violin,32,2413
multihop,jpp_released,violin-strings,violin,40,1
multihop,jpp_released,violin-strings,violin,48,1
multihop,jpp_released,violin-strings,violin,56,5
multihop,logit,nhop-guitar-planet,6,8,123
multihop,logit,nhop-guitar-planet,six,8,23444
multihop,logit,nhop-guitar-planet,6,16,184
multihop,logit,nhop-guitar-planet,six,16,16921
multihop,logit,nhop-guitar-planet,6,24,1455
multihop,logit,nhop-guitar-planet,six,24,12543
multihop,logit,nhop-guitar-planet,6,32,743
multihop,logit,nhop-guitar-planet,six,32,10636
multihop,logit,nhop-guitar-planet,6,40,1711
multihop,logit,nhop-guitar-planet,six,40,7544
multihop,logit,nhop-guitar-planet,6,48,159
multihop,logit,nhop-guitar-planet,six,48,2534
multihop,logit,nhop-guitar-planet,6,56,7848
multihop,logit,nhop-guitar-planet,six,56,5238
multihop,jlens_camila,nhop-guitar-planet,6,8,2503
multihop,jlens_camila,nhop-guitar-planet,six,8,30814
multihop,jlens_camila,nhop-guitar-planet,6,16,50092
multihop,jlens_camila,nhop-guitar-planet,six,16,68285
multihop,jlens_camila,nhop-guitar-planet,6,24,19405
multihop,jlens_camila,nhop-guitar-planet,six,24,9956
multihop,jlens_camila,nhop-guitar-planet,6,32,77
multihop,jlens_camila,nhop-guitar-planet,six,32,4735
multihop,jlens_camila,nhop-guitar-planet,6,40,223
multihop,jlens_camila,nhop-guitar-planet,six,40,11996
multihop,jlens_camila,nhop-guitar-planet,6,48,91
multihop,jlens_camila,nhop-guitar-planet,six,48,229
multihop,jlens_camila,nhop-guitar-planet,6,56,4255
multihop,jlens_camila,nhop-guitar-planet,six,56,15047
multihop,rlens_camila,nhop-guitar-planet,6,8,864
multihop,rlens_camila,nhop-guitar-planet,six,8,8148
multihop,rlens_camila,nhop-guitar-planet,6,16,688
multihop,rlens_camila,nhop-guitar-planet,six,16,2291
multihop,rlens_camila,nhop-guitar-planet,6,24,257
multihop,rlens_camila,nhop-guitar-planet,six,24,3455
multihop,rlens_camila,nhop-guitar-planet,6,32,20
multihop,rlens_camila,nhop-guitar-planet,six,32,3545
multihop,rlens_camila,nhop-guitar-planet,6,40,17
multihop,rlens_camila,nhop-guitar-planet,six,40,5101
multihop,rlens_camila,nhop-guitar-planet,6,48,21
multihop,rlens_camila,nhop-guitar-planet,six,48,408
multihop,rlens_camila,nhop-guitar-planet,6,56,1084
multihop,rlens_camila,nhop-guitar-planet,six,56,7954
multihop,jpp_released,nhop-guitar-planet,6,8,39384
multihop,jpp_released,nhop-guitar-planet,six,8,1273
multihop,jpp_released,nhop-guitar-planet,6,16,13621
multihop,jpp_released,nhop-guitar-planet,six,16,120
multihop,jpp_released,nhop-guitar-planet,6,24,546
multihop,jpp_released,nhop-guitar-planet,six,24,1079
multihop,jpp_released,nhop-guitar-planet,6,32,343
multihop,jpp_released,nhop-guitar-planet,six,32,624
multihop,jpp_released,nhop-guitar-planet,6,40,43
multihop,jpp_released,nhop-guitar-planet,six,40,216
multihop,jpp_released,nhop-guitar-planet,6,48,8
multihop,jpp_released,nhop-guitar-planet,six,48,51
multihop,jpp_released,nhop-guitar-planet,6,56,39873
multihop,jpp_released,nhop-guitar-planet,six,56,4010
multihop,logit,nhop-insect-element,6,8,135
multihop,logit,nhop-insect-element,six,8,19152
multihop,logit,nhop-insect-element,6,16,199
multihop,logit,nhop-insect-element,six,16,15471
multihop,logit,nhop-insect-element,6,24,445
multihop,logit,nhop-insect-element,six,24,7738
multihop,logit,nhop-insect-element,6,32,313
multihop,logit,nhop-insect-element,six,32,16774
multihop,logit,nhop-insect-element,6,40,4612
multihop,logit,nhop-insect-element,six,40,11305
multihop,logit,nhop-insect-element,6,48,370
multihop,logit,nhop-insect-element,six,48,19445
multihop,logit,nhop-insect-element,6,56,67
multihop,logit,nhop-insect-element,six,56,43
multihop,jlens_camila,nhop-insect-element,6,8,850
multihop,jlens_camila,nhop-insect-element,six,8,25410
multihop,jlens_camila,nhop-insect-element,6,16,56505
multihop,jlens_camila,nhop-insect-element,six,16,64083
multihop,jlens_camila,nhop-insect-element,6,24,8973
multihop,jlens_camila,nhop-insect-element,six,24,19476
multihop,jlens_camila,nhop-insect-element,6,32,37
multihop,jlens_camila,nhop-insect-element,six,32,3615
multihop,jlens_camila,nhop-insect-element,6,40,270
multihop,jlens_camila,nhop-insect-element,six,40,15921
multihop,jlens_camila,nhop-insect-element,6,48,85
multihop,jlens_camila,nhop-insect-element,six,48,5245
multihop,jlens_camila,nhop-insect-element,6,56,202
multihop,jlens_camila,nhop-insect-element,six,56,313
multihop,rlens_camila,nhop-insect-element,6,8,717
multihop,rlens_camila,nhop-insect-element,six,8,12976
multihop,rlens_camila,nhop-insect-element,6,16,1117
multihop,rlens_camila,nhop-insect-element,six,16,12170
multihop,rlens_camila,nhop-insect-element,6,24,266
multihop,rlens_camila,nhop-insect-element,six,24,14390
multihop,rlens_camila,nhop-insect-element,6,32,10
multihop,rlens_camila,nhop-insect-element,six,32,4625
multihop,rlens_camila,nhop-insect-element,6,40,37
multihop,rlens_camila,nhop-insect-element,six,40,9980
multihop,rlens_camila,nhop-insect-element,6,48,25
multihop,rlens_camila,nhop-insect-element,six,48,5925
multihop,rlens_camila,nhop-insect-element,6,56,37
multihop,rlens_camila,nhop-insect-element,six,56,126
multihop,jpp_released,nhop-insect-element,6,8,77199
multihop,jpp_released,nhop-insect-element,six,8,2469
multihop,jpp_released,nhop-insect-element,6,16,14784
multihop,jpp_released,nhop-insect-element,six,16,429
multihop,jpp_released,nhop-insect-element,6,24,509
multihop,jpp_released,nhop-insect-element,six,24,7752
multihop,jpp_released,nhop-insect-element,6,32,74
multihop,jpp_released,nhop-insect-element,six,32,1021
multihop,jpp_released,nhop-insect-element,6,40,113
multihop,jpp_released,nhop-insect-element,six,40,430
multihop,jpp_released,nhop-insect-element,6,48,9
multihop,jpp_released,nhop-insect-element,six,48,274
multihop,jpp_released,nhop-insect-element,6,56,3965
multihop,jpp_released,nhop-insect-element,six,56,272
multihop,logit,super-largest-country-capital,Russia,8,36155
multihop,logit,super-largest-country-capital,Russia,16,20764
multihop,logit,super-largest-country-capital,Russia,24,5449
multihop,logit,super-largest-country-capital,Russia,32,2883
multihop,logit,super-largest-country-capital,Russia,40,1026
multihop,logit,super-largest-country-capital,Russia,48,233
multihop,logit,super-largest-country-capital,Russia,56,4
multihop,jlens_camila,super-largest-country-capital,Russia,8,92534
multihop,jlens_camila,super-largest-country-capital,Russia,16,95943
multihop,jlens_camila,super-largest-country-capital,Russia,24,5536
multihop,jlens_camila,super-largest-country-capital,Russia,32,1522
multihop,jlens_camila,super-largest-country-capital,Russia,40,32
multihop,jlens_camila,super-largest-country-capital,Russia,48,48
multihop,jlens_camila,super-largest-country-capital,Russia,56,3
multihop,rlens_camila,super-largest-country-capital,Russia,8,103820
multihop,rlens_camila,super-largest-country-capital,Russia,16,88481
multihop,rlens_camila,super-largest-country-capital,Russia,24,5095
multihop,rlens_camila,super-largest-country-capital,Russia,32,1343
multihop,rlens_camila,super-largest-country-capital,Russia,40,19
multihop,rlens_camila,super-largest-country-capital,Russia,48,25
multihop,rlens_camila,super-largest-country-capital,Russia,56,3
multihop,jpp_released,super-largest-country-capital,Russia,8,189887
multihop,jpp_released,super-largest-country-capital,Russia,16,3899
multihop,jpp_released,super-largest-country-capital,Russia,24,261
multihop,jpp_released,super-largest-country-capital,Russia,32,238
multihop,jpp_released,super-largest-country-capital,Russia,40,4
multihop,jpp_released,super-largest-country-capital,Russia,48,5
multihop,jpp_released,super-largest-country-capital,Russia,56,3
multihop,logit,super-smallest-continent,Vatican,8,65215
multihop,logit,super-smallest-continent,Vatican,16,102429
multihop,logit,super-smallest-continent,Vatican,24,19854
multihop,logit,super-smallest-continent,Vatican,32,84379
multihop,logit,super-smallest-continent,Vatican,40,132706
multihop,logit,super-smallest-continent,Vatican,48,121223
multihop,logit,super-smallest-continent,Vatican,56,200
multihop,jlens_camila,super-smallest-continent,Vatican,8,100013
multihop,jlens_camila,super-smallest-continent,Vatican,16,131894
multihop,jlens_camila,super-smallest-continent,Vatican,24,85301
multihop,jlens_camila,super-smallest-continent,Vatican,32,110692
multihop,jlens_camila,super-smallest-continent,Vatican,40,73148
multihop,jlens_camila,super-smallest-continent,Vatican,48,70841
multihop,jlens_camila,super-smallest-continent,Vatican,56,152
multihop,rlens_camila,super-smallest-continent,Vatican,8,130728
multihop,rlens_camila,super-smallest-continent,Vatican,16,210469
multihop,rlens_camila,super-smallest-continent,Vatican,24,73793
multihop,rlens_camila,super-smallest-continent,Vatican,32,151475
multihop,rlens_camila,super-smallest-continent,Vatican,40,117954
multihop,rlens_camila,super-smallest-continent,Vatican,48,92693
multihop,rlens_camila,super-smallest-continent,Vatican,56,161
multihop,jpp_released,super-smallest-continent,Vatican,8,207674
multihop,jpp_released,super-smallest-continent,Vatican,16,58657
multihop,jpp_released,super-smallest-continent,Vatican,24,35921
multihop,jpp_released,super-smallest-continent,Vatican,32,24316
multihop,jpp_released,super-smallest-continent,Vatican,40,37936
multihop,jpp_released,super-smallest-continent,Vatican,48,11005
multihop,jpp_released,super-smallest-continent,Vatican,56,81
multihop,logit,super-populous-capital,China,8,9169
multihop,logit,super-populous-capital,China,16,9483
multihop,logit,super-populous-capital,China,24,4721
multihop,logit,super-populous-capital,China,32,5791
multihop,logit,super-populous-capital,China,40,1316
multihop,logit,super-populous-capital,China,48,1497
multihop,logit,super-populous-capital,China,56,63
multihop,jlens_camila,super-populous-capital,China,8,4872
multihop,jlens_camila,super-populous-capital,China,16,44241
multihop,jlens_camila,super-populous-capital,China,24,2521
multihop,jlens_camila,super-populous-capital,China,32,1127
multihop,jlens_camila,super-populous-capital,China,40,83
multihop,jlens_camila,super-populous-capital,China,48,65
multihop,jlens_camila,super-populous-capital,China,56,22
multihop,rlens_camila,super-populous-capital,China,8,58723
multihop,rlens_camila,super-populous-capital,China,16,60999
multihop,rlens_camila,super-populous-capital,China,24,1115
multihop,rlens_camila,super-populous-capital,China,32,989
multihop,rlens_camila,super-populous-capital,China,40,78
multihop,rlens_camila,super-populous-capital,China,48,60
multihop,rlens_camila,super-populous-capital,China,56,25
multihop,jpp_released,super-populous-capital,China,8,5194
multihop,jpp_released,super-populous-capital,China,16,1165
multihop,jpp_released,super-populous-capital,China,24,186
multihop,jpp_released,super-populous-capital,China,32,259
multihop,jpp_released,super-populous-capital,China,40,7
multihop,jpp_released,super-populous-capital,China,48,6
multihop,jpp_released,super-populous-capital,China,56,21
multihop,logit,holiday-christmas-monthnum,December,8,6063
multihop,logit,holiday-christmas-monthnum,December,16,4646
multihop,logit,holiday-christmas-monthnum,December,24,617
multihop,logit,holiday-christmas-monthnum,December,32,52463
multihop,logit,holiday-christmas-monthnum,December,40,6
multihop,logit,holiday-christmas-monthnum,December,48,596
multihop,logit,holiday-christmas-monthnum,December,56,1
multihop,jlens_camila,holiday-christmas-monthnum,December,8,11620
multihop,jlens_camila,holiday-christmas-monthnum,December,16,8078
multihop,jlens_camila,holiday-christmas-monthnum,December,24,2
multihop,jlens_camila,holiday-christmas-monthnum,December,32,6
multihop,jlens_camila,holiday-christmas-monthnum,December,40,1
multihop,jlens_camila,holiday-christmas-monthnum,December,48,3
multihop,jlens_camila,holiday-christmas-monthnum,December,56,1
multihop,rlens_camila,holiday-christmas-monthnum,December,8,782
multihop,rlens_camila,holiday-christmas-monthnum,December,16,1860
multihop,rlens_camila,holiday-christmas-monthnum,December,24,3
multihop,rlens_camila,holiday-christmas-monthnum,December,32,8
multihop,rlens_camila,holiday-christmas-monthnum,December,40,1
multihop,rlens_camila,holiday-christmas-monthnum,December,48,3
multihop,rlens_camila,holiday-christmas-monthnum,December,56,1
multihop,jpp_released,holiday-christmas-monthnum,December,8,1
multihop,jpp_released,holiday-christmas-monthnum,December,16,28
multihop,jpp_released,holiday-christmas-monthnum,December,24,4
multihop,jpp_released,holiday-christmas-monthnum,December,32,2
multihop,jpp_released,holiday-christmas-monthnum,December,40,1
multihop,jpp_released,holiday-christmas-monthnum,December,48,1
multihop,jpp_released,holiday-christmas-monthnum,December,56,1
multihop,logit,holiday-valentines-monthnum,February,8,11064
multihop,logit,holiday-valentines-monthnum,February,16,6984
multihop,logit,holiday-valentines-monthnum,February,24,4222
multihop,logit,holiday-valentines-monthnum,February,32,31027
multihop,logit,holiday-valentines-monthnum,February,40,52
multihop,logit,holiday-valentines-monthnum,February,48,2020
multihop,logit,holiday-valentines-monthnum,February,56,2
multihop,jlens_camila,holiday-valentines-monthnum,February,8,45297
multihop,jlens_camila,holiday-valentines-monthnum,February,16,35488
multihop,jlens_camila,holiday-valentines-monthnum,February,24,11
multihop,jlens_camila,holiday-valentines-monthnum,February,32,8
multihop,jlens_camila,holiday-valentines-monthnum,February,40,3
multihop,jlens_camila,holiday-valentines-monthnum,February,48,6
multihop,jlens_camila,holiday-valentines-monthnum,February,56,1
multihop,rlens_camila,holiday-valentines-monthnum,February,8,612
multihop,rlens_camila,holiday-valentines-monthnum,February,16,951
multihop,rlens_camila,holiday-valentines-monthnum,February,24,6
multihop,rlens_camila,holiday-valentines-monthnum,February,32,15
multihop,rlens_camila,holiday-valentines-monthnum,February,40,2
multihop,rlens_camila,holiday-valentines-monthnum,February,48,8
multihop,rlens_camila,holiday-valentines-monthnum,February,56,1
multihop,jpp_released,holiday-valentines-monthnum,February,8,7
multihop,jpp_released,holiday-valentines-monthnum,February,16,82
multihop,jpp_released,holiday-valentines-monthnum,February,24,6
multihop,jpp_released,holiday-valentines-monthnum,February,32,5
multihop,jpp_released,holiday-valentines-monthnum,February,40,1
multihop,jpp_released,holiday-valentines-monthnum,February,48,4
multihop,jpp_released,holiday-valentines-monthnum,February,56,1
multihop,logit,month-1-godof,January,8,7544
multihop,logit,month-1-godof,January,16,12680
multihop,logit,month-1-godof,January,24,13464
multihop,logit,month-1-godof,January,32,19211
multihop,logit,month-1-godof,January,40,50001
multihop,logit,month-1-godof,January,48,39711
multihop,logit,month-1-godof,January,56,4652
multihop,jlens_camila,month-1-godof,January,8,54536
multihop,jlens_camila,month-1-godof,January,16,61589
multihop,jlens_camila,month-1-godof,January,24,89976
multihop,jlens_camila,month-1-godof,January,32,29335
multihop,jlens_camila,month-1-godof,January,40,31805
multihop,jlens_camila,month-1-godof,January,48,21704
multihop,jlens_camila,month-1-godof,January,56,906
multihop,rlens_camila,month-1-godof,January,8,909
multihop,rlens_camila,month-1-godof,January,16,8651
multihop,rlens_camila,month-1-godof,January,24,4629
multihop,rlens_camila,month-1-godof,January,32,19989
multihop,rlens_camila,month-1-godof,January,40,8013
multihop,rlens_camila,month-1-godof,January,48,8294
multihop,rlens_camila,month-1-godof,January,56,502
multihop,jpp_released,month-1-godof,January,8,126
multihop,jpp_released,month-1-godof,January,16,63
multihop,jpp_released,month-1-godof,January,24,2059
multihop,jpp_released,month-1-godof,January,32,1295
multihop,jpp_released,month-1-godof,January,40,306
multihop,jpp_released,month-1-godof,January,48,760
multihop,jpp_released,month-1-godof,January,56,1270
multihop,logit,inv-roots-opposite,down,8,1692
multihop,logit,inv-roots-opposite,down,16,2209
multihop,logit,inv-roots-opposite,down,24,1431
multihop,logit,inv-roots-opposite,down,32,15617
multihop,logit,inv-roots-opposite,down,40,11290
multihop,logit,inv-roots-opposite,down,48,10612
multihop,logit,inv-roots-opposite,down,56,30
multihop,jlens_camila,inv-roots-opposite,down,8,77190
multihop,jlens_camila,inv-roots-opposite,down,16,14568
multihop,jlens_camila,inv-roots-opposite,down,24,22181
multihop,jlens_camila,inv-roots-opposite,down,32,38458
multihop,jlens_camila,inv-roots-opposite,down,40,3872
multihop,jlens_camila,inv-roots-opposite,down,48,4308
multihop,jlens_camila,inv-roots-opposite,down,56,67
multihop,rlens_camila,inv-roots-opposite,down,8,1700
multihop,rlens_camila,inv-roots-opposite,down,16,1263
multihop,rlens_camila,inv-roots-opposite,down,24,1033
multihop,rlens_camila,inv-roots-opposite,down,32,22889
multihop,rlens_camila,inv-roots-opposite,down,40,2325
multihop,rlens_camila,inv-roots-opposite,down,48,2976
multihop,rlens_camila,inv-roots-opposite,down,56,40
multihop,jpp_released,inv-roots-opposite,down,8,19672
multihop,jpp_released,inv-roots-opposite,down,16,960
multihop,jpp_released,inv-roots-opposite,down,24,792
multihop,jpp_released,inv-roots-opposite,down,32,1230
multihop,jpp_released,inv-roots-opposite,down,40,92
multihop,jpp_released,inv-roots-opposite,down,48,430
multihop,jpp_released,inv-roots-opposite,down,56,16
multihop,logit,rhyme-tree-squared,three,8,1574
multihop,logit,rhyme-tree-squared,three,16,846
multihop,logit,rhyme-tree-squared,three,24,2260
multihop,logit,rhyme-tree-squared,three,32,10627
multihop,logit,rhyme-tree-squared,three,40,2572
multihop,logit,rhyme-tree-squared,three,48,6515
multihop,logit,rhyme-tree-squared,three,56,202
multihop,jlens_camila,rhyme-tree-squared,three,8,44813
multihop,jlens_camila,rhyme-tree-squared,three,16,257
multihop,jlens_camila,rhyme-tree-squared,three,24,3755
multihop,jlens_camila,rhyme-tree-squared,three,32,8655
multihop,jlens_camila,rhyme-tree-squared,three,40,11526
multihop,jlens_camila,rhyme-tree-squared,three,48,20233
multihop,jlens_camila,rhyme-tree-squared,three,56,677
multihop,rlens_camila,rhyme-tree-squared,three,8,234
multihop,rlens_camila,rhyme-tree-squared,three,16,67
multihop,rlens_camila,rhyme-tree-squared,three,24,129
multihop,rlens_camila,rhyme-tree-squared,three,32,886
multihop,rlens_camila,rhyme-tree-squared,three,40,923
multihop,rlens_camila,rhyme-tree-squared,three,48,7635
multihop,rlens_camila,rhyme-tree-squared,three,56,263
multihop,jpp_released,rhyme-tree-squared,three,8,14
multihop,jpp_released,rhyme-tree-squared,three,16,34
multihop,jpp_released,rhyme-tree-squared,three,24,45
multihop,jpp_released,rhyme-tree-squared,three,32,172
multihop,jpp_released,rhyme-tree-squared,three,40,211
multihop,jpp_released,rhyme-tree-squared,three,48,1168
multihop,jpp_released,rhyme-tree-squared,three,56,72
multihop,logit,tajmahal-continent,India,8,4427
multihop,logit,tajmahal-continent,India,16,5604
multihop,logit,tajmahal-continent,India,24,2492
multihop,logit,tajmahal-continent,India,32,15062
multihop,logit,tajmahal-continent,India,40,1
multihop,logit,tajmahal-continent,India,48,1533
multihop,logit,tajmahal-continent,India,56,41
multihop,jlens_camila,tajmahal-continent,India,8,23478
multihop,jlens_camila,tajmahal-continent,India,16,119638
multihop,jlens_camila,tajmahal-continent,India,24,3171
multihop,jlens_camila,tajmahal-continent,India,32,945
multihop,jlens_camila,tajmahal-continent,India,40,1
multihop,jlens_camila,tajmahal-continent,India,48,4
multihop,jlens_camila,tajmahal-continent,India,56,22
multihop,rlens_camila,tajmahal-continent,India,8,64121
multihop,rlens_camila,tajmahal-continent,India,16,104268
multihop,rlens_camila,tajmahal-continent,India,24,994
multihop,rlens_camila,tajmahal-continent,India,32,1157
multihop,rlens_camila,tajmahal-continent,India,40,1
multihop,rlens_camila,tajmahal-continent,India,48,6
multihop,rlens_camila,tajmahal-continent,India,56,18
multihop,jpp_released,tajmahal-continent,India,8,38650
multihop,jpp_released,tajmahal-continent,India,16,3034
multihop,jpp_released,tajmahal-continent,India,24,81
multihop,jpp_released,tajmahal-continent,India,32,182
multihop,jpp_released,tajmahal-continent,India,40,1
multihop,jpp_released,tajmahal-continent,India,48,4
multihop,jpp_released,tajmahal-continent,India,56,2
multihop,logit,louvre-language,France,8,16491
multihop,logit,louvre-language,France,16,5722
multihop,logit,louvre-language,France,24,17122
multihop,logit,louvre-language,France,32,34095
multihop,logit,louvre-language,France,40,35051
multihop,logit,louvre-language,France,48,70553
multihop,logit,louvre-language,France,56,12604
multihop,jlens_camila,louvre-language,France,8,2274
multihop,jlens_camila,louvre-language,France,16,11773
multihop,jlens_camila,louvre-language,France,24,28618
multihop,jlens_camila,louvre-language,France,32,27816
multihop,jlens_camila,louvre-language,France,40,27698
multihop,jlens_camila,louvre-language,France,48,26189
multihop,jlens_camila,louvre-language,France,56,910
multihop,rlens_camila,louvre-language,France,8,59936
multihop,rlens_camila,louvre-language,France,16,26085
multihop,rlens_camila,louvre-language,France,24,50628
multihop,rlens_camila,louvre-language,France,32,24469
multihop,rlens_camila,louvre-language,France,40,15289
multihop,rlens_camila,louvre-language,France,48,38776
multihop,rlens_camila,louvre-language,France,56,1432
multihop,jpp_released,louvre-language,France,8,180
multihop,jpp_released,louvre-language,France,16,78
multihop,jpp_released,louvre-language,France,24,2735
multihop,jpp_released,louvre-language,France,32,699
multihop,jpp_released,louvre-language,France,40,1040
multihop,jpp_released,louvre-language,France,48,1316
multihop,jpp_released,louvre-language,France,56,81
multihop,logit,firstletter-halloween-month,October,8,21204
multihop,logit,firstletter-halloween-month,October,16,27388
multihop,logit,firstletter-halloween-month,October,24,49064
multihop,logit,firstletter-halloween-month,October,32,15894
multihop,logit,firstletter-halloween-month,October,40,36023
multihop,logit,firstletter-halloween-month,October,48,71170
multihop,logit,firstletter-halloween-month,October,56,1
multihop,jlens_camila,firstletter-halloween-month,October,8,164696
multihop,jlens_camila,firstletter-halloween-month,October,16,221564
multihop,jlens_camila,firstletter-halloween-month,October,24,218247
multihop,jlens_camila,firstletter-halloween-month,October,32,104562
multihop,jlens_camila,firstletter-halloween-month,October,40,35042
multihop,jlens_camila,firstletter-halloween-month,October,48,8504
multihop,jlens_camila,firstletter-halloween-month,October,56,1
multihop,rlens_camila,firstletter-halloween-month,October,8,45416
multihop,rlens_camila,firstletter-halloween-month,October,16,76477
multihop,rlens_camila,firstletter-halloween-month,October,24,78309
multihop,rlens_camila,firstletter-halloween-month,October,32,45934
multihop,rlens_camila,firstletter-halloween-month,October,40,16427
multihop,rlens_camila,firstletter-halloween-month,October,48,15703
multihop,rlens_camila,firstletter-halloween-month,October,56,1
multihop,jpp_released,firstletter-halloween-month,October,8,20663
multihop,jpp_released,firstletter-halloween-month,October,16,3952
multihop,jpp_released,firstletter-halloween-month,October,24,38769
multihop,jpp_released,firstletter-halloween-month,October,32,1219
multihop,jpp_released,firstletter-halloween-month,October,40,1118
multihop,jpp_released,firstletter-halloween-month,October,48,2307
multihop,jpp_released,firstletter-halloween-month,October,56,1
multihop,logit,firstletter-valentines-month,February,8,15783
multihop,logit,firstletter-valentines-month,February,16,31462
multihop,logit,firstletter-valentines-month,February,24,52054
multihop,logit,firstletter-valentines-month,February,32,23430
multihop,logit,firstletter-valentines-month,February,40,37859
multihop,logit,firstletter-valentines-month,February,48,54488
multihop,logit,firstletter-valentines-month,February,56,1
multihop,jlens_camila,firstletter-valentines-month,February,8,147220
multihop,jlens_camila,firstletter-valentines-month,February,16,176158
multihop,jlens_camila,firstletter-valentines-month,February,24,145989
multihop,jlens_camila,firstletter-valentines-month,February,32,33522
multihop,jlens_camila,firstletter-valentines-month,February,40,2840
multihop,jlens_camila,firstletter-valentines-month,February,48,1652
multihop,jlens_camila,firstletter-valentines-month,February,56,1
multihop,rlens_camila,firstletter-valentines-month,February,8,7405
multihop,rlens_camila,firstletter-valentines-month,February,16,13574
multihop,rlens_camila,firstletter-valentines-month,February,24,12814
multihop,rlens_camila,firstletter-valentines-month,February,32,7750
multihop,rlens_camila,firstletter-valentines-month,February,40,1224
multihop,rlens_camila,firstletter-valentines-month,February,48,2843
multihop,rlens_camila,firstletter-valentines-month,February,56,1
multihop,jpp_released,firstletter-valentines-month,February,8,3252
multihop,jpp_released,firstletter-valentines-month,February,16,981
multihop,jpp_released,firstletter-valentines-month,February,24,5273
multihop,jpp_released,firstletter-valentines-month,February,32,462
multihop,jpp_released,firstletter-valentines-month,February,40,211
multihop,jpp_released,firstletter-valentines-month,February,48,550
multihop,jpp_released,firstletter-valentines-month,February,56,1
multihop,logit,succ-halloween-nextmonth,October,8,3041
multihop,logit,succ-halloween-nextmonth,October,16,3587
multihop,logit,succ-halloween-nextmonth,October,24,23973
multihop,logit,succ-halloween-nextmonth,October,32,44377
multihop,logit,succ-halloween-nextmonth,October,40,3396
multihop,logit,succ-halloween-nextmonth,October,48,11007
multihop,logit,succ-halloween-nextmonth,October,56,6
multihop,jlens_camila,succ-halloween-nextmonth,October,8,24708
multihop,jlens_camila,succ-halloween-nextmonth,October,16,21979
multihop,jlens_camila,succ-halloween-nextmonth,October,24,247
multihop,jlens_camila,succ-halloween-nextmonth,October,32,59
multihop,jlens_camila,succ-halloween-nextmonth,October,40,41
multihop,jlens_camila,succ-halloween-nextmonth,October,48,48
multihop,jlens_camila,succ-halloween-nextmonth,October,56,1
multihop,rlens_camila,succ-halloween-nextmonth,October,8,791
multihop,rlens_camila,succ-halloween-nextmonth,October,16,827
multihop,rlens_camila,succ-halloween-nextmonth,October,24,43
multihop,rlens_camila,succ-halloween-nextmonth,October,32,79
multihop,rlens_camila,succ-halloween-nextmonth,October,40,30
multihop,rlens_camila,succ-halloween-nextmonth,October,48,58
multihop,rlens_camila,succ-halloween-nextmonth,October,56,1
multihop,jpp_released,succ-halloween-nextmonth,October,8,37
multihop,jpp_released,succ-halloween-nextmonth,October,16,10
multihop,jpp_released,succ-halloween-nextmonth,October,24,22
multihop,jpp_released,succ-halloween-nextmonth,October,32,10
multihop,jpp_released,succ-halloween-nextmonth,October,40,6
multihop,jpp_released,succ-halloween-nextmonth,October,48,10
multihop,jpp_released,succ-halloween-nextmonth,October,56,6
multihop,logit,pred-valentines-prevmonth,February,8,6940
multihop,logit,pred-valentines-prevmonth,February,16,12137
multihop,logit,pred-valentines-prevmonth,February,24,16952
multihop,logit,pred-valentines-prevmonth,February,32,8286
multihop,logit,pred-valentines-prevmonth,February,40,1526
multihop,logit,pred-valentines-prevmonth,February,48,10281
multihop,logit,pred-valentines-prevmonth,February,56,2
multihop,jlens_camila,pred-valentines-prevmonth,February,8,65252
multihop,jlens_camila,pred-valentines-prevmonth,February,16,146174
multihop,jlens_camila,pred-valentines-prevmonth,February,24,61233
multihop,jlens_camila,pred-valentines-prevmonth,February,32,2444
multihop,jlens_camila,pred-valentines-prevmonth,February,40,21
multihop,jlens_camila,pred-valentines-prevmonth,February,48,41
multihop,jlens_camila,pred-valentines-prevmonth,February,56,1
multihop,rlens_camila,pred-valentines-prevmonth,February,8,1577
multihop,rlens_camila,pred-valentines-prevmonth,February,16,6203
multihop,rlens_camila,pred-valentines-prevmonth,February,24,1112
multihop,rlens_camila,pred-valentines-prevmonth,February,32,288
multihop,rlens_camila,pred-valentines-prevmonth,February,40,11
multihop,rlens_camila,pred-valentines-prevmonth,February,48,29
multihop,rlens_camila,pred-valentines-prevmonth,February,56,2
multihop,jpp_released,pred-valentines-prevmonth,February,8,200
multihop,jpp_released,pred-valentines-prevmonth,February,16,30
multihop,jpp_released,pred-valentines-prevmonth,February,24,327
multihop,jpp_released,pred-valentines-prevmonth,February,32,40
multihop,jpp_released,pred-valentines-prevmonth,February,40,4
multihop,jpp_released,pred-valentines-prevmonth,February,48,7
multihop,jpp_released,pred-valentines-prevmonth,February,56,3
multihop,logit,dual-stars-visible-opposite,night,8,12814
multihop,logit,dual-stars-visible-opposite,night,16,38768
multihop,logit,dual-stars-visible-opposite,night,24,7948
multihop,logit,dual-stars-visible-opposite,night,32,10137
multihop,logit,dual-stars-visible-opposite,night,40,912
multihop,logit,dual-stars-visible-opposite,night,48,1002
multihop,logit,dual-stars-visible-opposite,night,56,9
multihop,jlens_camila,dual-stars-visible-opposite,night,8,94878
multihop,jlens_camila,dual-stars-visible-opposite,night,16,84243
multihop,jlens_camila,dual-stars-visible-opposite,night,24,58652
multihop,jlens_camila,dual-stars-visible-opposite,night,32,11685
multihop,jlens_camila,dual-stars-visible-opposite,night,40,32
multihop,jlens_camila,dual-stars-visible-opposite,night,48,22
multihop,jlens_camila,dual-stars-visible-opposite,night,56,8
multihop,rlens_camila,dual-stars-visible-opposite,night,8,4243
multihop,rlens_camila,dual-stars-visible-opposite,night,16,36557
multihop,rlens_camila,dual-stars-visible-opposite,night,24,2341
multihop,rlens_camila,dual-stars-visible-opposite,night,32,3743
multihop,rlens_camila,dual-stars-visible-opposite,night,40,17
multihop,rlens_camila,dual-stars-visible-opposite,night,48,18
multihop,rlens_camila,dual-stars-visible-opposite,night,56,8
multihop,jpp_released,dual-stars-visible-opposite,night,8,23727
multihop,jpp_released,dual-stars-visible-opposite,night,16,27997
multihop,jpp_released,dual-stars-visible-opposite,night,24,181
multihop,jpp_released,dual-stars-visible-opposite,night,32,1195
multihop,jpp_released,dual-stars-visible-opposite,night,40,2
multihop,jpp_released,dual-stars-visible-opposite,night,48,1
multihop,jpp_released,dual-stars-visible-opposite,night,56,2
multihop,logit,dual-photosynthesis-opposite,day,8,15488
multihop,logit,dual-photosynthesis-opposite,day,16,3809
multihop,logit,dual-photosynthesis-opposite,day,24,2432
multihop,logit,dual-photosynthesis-opposite,day,32,6438
multihop,logit,dual-photosynthesis-opposite,day,40,484
multihop,logit,dual-photosynthesis-opposite,day,48,338
multihop,logit,dual-photosynthesis-opposite,day,56,197
multihop,jlens_camila,dual-photosynthesis-opposite,day,8,40948
multihop,jlens_camila,dual-photosynthesis-opposite,day,16,61926
multihop,jlens_camila,dual-photosynthesis-opposite,day,24,153586
multihop,jlens_camila,dual-photosynthesis-opposite,day,32,93868
multihop,jlens_camila,dual-photosynthesis-opposite,day,40,95
multihop,jlens_camila,dual-photosynthesis-opposite,day,48,72
multihop,jlens_camila,dual-photosynthesis-opposite,day,56,181
multihop,rlens_camila,dual-photosynthesis-opposite,day,8,37590
multihop,rlens_camila,dual-photosynthesis-opposite,day,16,26555
multihop,rlens_camila,dual-photosynthesis-opposite,day,24,7421
multihop,rlens_camila,dual-photosynthesis-opposite,day,32,9350
multihop,rlens_camila,dual-photosynthesis-opposite,day,40,29
multihop,rlens_camila,dual-photosynthesis-opposite,day,48,53
multihop,rlens_camila,dual-photosynthesis-opposite,day,56,144
multihop,jpp_released,dual-photosynthesis-opposite,day,8,209100
multihop,jpp_released,dual-photosynthesis-opposite,day,16,10176
multihop,jpp_released,dual-photosynthesis-opposite,day,24,1598
multihop,jpp_released,dual-photosynthesis-opposite,day,32,624
multihop,jpp_released,dual-photosynthesis-opposite,day,40,5
multihop,jpp_released,dual-photosynthesis-opposite,day,48,4
multihop,jpp_released,dual-photosynthesis-opposite,day,56,101
multihop,logit,double-dice-faces,6,8,167
multihop,logit,double-dice-faces,six,8,19522
multihop,logit,double-dice-faces,6,16,1363
multihop,logit,double-dice-faces,six,16,65903
multihop,logit,double-dice-faces,6,24,260
multihop,logit,double-dice-faces,six,24,46319
multihop,logit,double-dice-faces,6,32,69
multihop,logit,double-dice-faces,six,32,52085
multihop,logit,double-dice-faces,6,40,20
multihop,logit,double-dice-faces,six,40,693
multihop,logit,double-dice-faces,6,48,12
multihop,logit,double-dice-faces,six,48,162
multihop,logit,double-dice-faces,6,56,6
multihop,logit,double-dice-faces,six,56,4
multihop,jlens_camila,double-dice-faces,6,8,7391
multihop,jlens_camila,double-dice-faces,six,8,30895
multihop,jlens_camila,double-dice-faces,6,16,57788
multihop,jlens_camila,double-dice-faces,six,16,94971
multihop,jlens_camila,double-dice-faces,6,24,35345
multihop,jlens_camila,double-dice-faces,six,24,71034
multihop,jlens_camila,double-dice-faces,6,32,2641
multihop,jlens_camila,double-dice-faces,six,32,19000
multihop,jlens_camila,double-dice-faces,6,40,168
multihop,jlens_camila,double-dice-faces,six,40,67
multihop,jlens_camila,double-dice-faces,6,48,340
multihop,jlens_camila,double-dice-faces,six,48,7
multihop,jlens_camila,double-dice-faces,6,56,344
multihop,jlens_camila,double-dice-faces,six,56,20
multihop,rlens_camila,double-dice-faces,6,8,2032
multihop,rlens_camila,double-dice-faces,six,8,6053
multihop,rlens_camila,double-dice-faces,6,16,830
multihop,rlens_camila,double-dice-faces,six,16,4420
multihop,rlens_camila,double-dice-faces,6,24,1901
multihop,rlens_camila,double-dice-faces,six,24,7515
multihop,rlens_camila,double-dice-faces,6,32,178
multihop,rlens_camila,double-dice-faces,six,32,5538
multihop,rlens_camila,double-dice-faces,6,40,24
multihop,rlens_camila,double-dice-faces,six,40,49
multihop,rlens_camila,double-dice-faces,6,48,78
multihop,rlens_camila,double-dice-faces,six,48,9
multihop,rlens_camila,double-dice-faces,6,56,44
multihop,rlens_camila,double-dice-faces,six,56,6
multihop,jpp_released,double-dice-faces,6,8,14329
multihop,jpp_released,double-dice-faces,six,8,185
multihop,jpp_released,double-dice-faces,6,16,12293
multihop,jpp_released,double-dice-faces,six,16,689
multihop,jpp_released,double-dice-faces,6,24,8424
multihop,jpp_released,double-dice-faces,six,24,153
multihop,jpp_released,double-dice-faces,6,32,6
multihop,jpp_released,double-dice-faces,six,32,238
multihop,jpp_released,double-dice-faces,6,40,10
multihop,jpp_released,double-dice-faces,six,40,3
multihop,jpp_released,double-dice-faces,6,48,5
multihop,jpp_released,double-dice-faces,six,48,3
multihop,jpp_released,double-dice-faces,6,56,13459
multihop,jpp_released,double-dice-faces,six,56,71
multihop,logit,dbl-armistice-antonym,war,8,812
multihop,logit,dbl-armistice-antonym,war,16,11278
multihop,logit,dbl-armistice-antonym,war,24,9749
multihop,logit,dbl-armistice-antonym,war,32,29349
multihop,logit,dbl-armistice-antonym,war,40,264
multihop,logit,dbl-armistice-antonym,war,48,8150
multihop,logit,dbl-armistice-antonym,war,56,7
multihop,jlens_camila,dbl-armistice-antonym,war,8,11769
multihop,jlens_camila,dbl-armistice-antonym,war,16,54818
multihop,jlens_camila,dbl-armistice-antonym,war,24,19737
multihop,jlens_camila,dbl-armistice-antonym,war,32,10059
multihop,jlens_camila,dbl-armistice-antonym,war,40,19
multihop,jlens_camila,dbl-armistice-antonym,war,48,93
multihop,jlens_camila,dbl-armistice-antonym,war,56,8
multihop,rlens_camila,dbl-armistice-antonym,war,8,1593
multihop,rlens_camila,dbl-armistice-antonym,war,16,3241
multihop,rlens_camila,dbl-armistice-antonym,war,24,407
multihop,rlens_camila,dbl-armistice-antonym,war,32,759
multihop,rlens_camila,dbl-armistice-antonym,war,40,6
multihop,rlens_camila,dbl-armistice-antonym,war,48,33
multihop,rlens_camila,dbl-armistice-antonym,war,56,7
multihop,jpp_released,dbl-armistice-antonym,war,8,62440
multihop,jpp_released,dbl-armistice-antonym,war,16,2793
multihop,jpp_released,dbl-armistice-antonym,war,24,96
multihop,jpp_released,dbl-armistice-antonym,war,32,9
multihop,jpp_released,dbl-armistice-antonym,war,40,2
multihop,jpp_released,dbl-armistice-antonym,war,48,3
multihop,jpp_released,dbl-armistice-antonym,war,56,6
multihop,logit,dbl-obituary-antonym,death,8,18232
multihop,logit,dbl-obituary-antonym,death,16,10258
multihop,logit,dbl-obituary-antonym,death,24,7059
multihop,logit,dbl-obituary-antonym,death,32,2991
multihop,logit,dbl-obituary-antonym,death,40,1
multihop,logit,dbl-obituary-antonym,death,48,1
multihop,logit,dbl-obituary-antonym,death,56,32
multihop,jlens_camila,dbl-obituary-antonym,death,8,52075
multihop,jlens_camila,dbl-obituary-antonym,death,16,23791
multihop,jlens_camila,dbl-obituary-antonym,death,24,728
multihop,jlens_camila,dbl-obituary-antonym,death,32,215
multihop,jlens_camila,dbl-obituary-antonym,death,40,1
multihop,jlens_camila,dbl-obituary-antonym,death,48,1
multihop,jlens_camila,dbl-obituary-antonym,death,56,34
multihop,rlens_camila,dbl-obituary-antonym,death,8,1510
multihop,rlens_camila,dbl-obituary-antonym,death,16,1484
multihop,rlens_camila,dbl-obituary-antonym,death,24,218
multihop,rlens_camila,dbl-obituary-antonym,death,32,95
multihop,rlens_camila,dbl-obituary-antonym,death,40,1
multihop,rlens_camila,dbl-obituary-antonym,death,48,1
multihop,rlens_camila,dbl-obituary-antonym,death,56,32
multihop,jpp_released,dbl-obituary-antonym,death,8,182648
multihop,jpp_released,dbl-obituary-antonym,death,16,2346
multihop,jpp_released,dbl-obituary-antonym,death,24,86
multihop,jpp_released,dbl-obituary-antonym,death,32,23
multihop,jpp_released,dbl-obituary-antonym,death,40,1
multihop,jpp_released,dbl-obituary-antonym,death,48,1
multihop,jpp_released,dbl-obituary-antonym,death,56,56
multihop,logit,dbl-altitude-antonym,high,8,839
multihop,logit,dbl-altitude-antonym,high,16,1260
multihop,logit,dbl-altitude-antonym,high,24,3113
multihop,logit,dbl-altitude-antonym,high,32,4768
multihop,logit,dbl-altitude-antonym,high,40,424
multihop,logit,dbl-altitude-antonym,high,48,891
multihop,logit,dbl-altitude-antonym,high,56,42
multihop,jlens_camila,dbl-altitude-antonym,high,8,20913
multihop,jlens_camila,dbl-altitude-antonym,high,16,58692
multihop,jlens_camila,dbl-altitude-antonym,high,24,112671
multihop,jlens_camila,dbl-altitude-antonym,high,32,67610
multihop,jlens_camila,dbl-altitude-antonym,high,40,3248
multihop,jlens_camila,dbl-altitude-antonym,high,48,1114
multihop,jlens_camila,dbl-altitude-antonym,high,56,85
multihop,rlens_camila,dbl-altitude-antonym,high,8,640
multihop,rlens_camila,dbl-altitude-antonym,high,16,863
multihop,rlens_camila,dbl-altitude-antonym,high,24,849
multihop,rlens_camila,dbl-altitude-antonym,high,32,1221
multihop,rlens_camila,dbl-altitude-antonym,high,40,160
multihop,rlens_camila,dbl-altitude-antonym,high,48,123
multihop,rlens_camila,dbl-altitude-antonym,high,56,52
multihop,jpp_released,dbl-altitude-antonym,high,8,43610
multihop,jpp_released,dbl-altitude-antonym,high,16,2274
multihop,jpp_released,dbl-altitude-antonym,high,24,3426
multihop,jpp_released,dbl-altitude-antonym,high,32,955
multihop,jpp_released,dbl-altitude-antonym,high,40,22
multihop,jpp_released,dbl-altitude-antonym,high,48,24
multihop,jpp_released,dbl-altitude-antonym,high,56,26
multilingual,logit,french-season-summer,French,8,2891
multilingual,logit,french-season-summer,season,8,3019
multilingual,logit,french-season-summer,summer,8,8510
multilingual,logit,french-season-summer,autumn,8,25984
multilingual,logit,french-season-summer,French,16,16194
multilingual,logit,french-season-summer,season,16,2026
multilingual,logit,french-season-summer,summer,16,12021
multilingual,logit,french-season-summer,autumn,16,34904
multilingual,logit,french-season-summer,French,24,27423
multilingual,logit,french-season-summer,season,24,41
multilingual,logit,french-season-summer,summer,24,192
multilingual,logit,french-season-summer,autumn,24,4478
multilingual,logit,french-season-summer,French,32,51967
multilingual,logit,french-season-summer,season,32,769
multilingual,logit,french-season-summer,summer,32,4360
multilingual,logit,french-season-summer,autumn,32,3568
multilingual,logit,french-season-summer,French,40,28436
multilingual,logit,french-season-summer,season,40,49
multilingual,logit,french-season-summer,summer,40,146
multilingual,logit,french-season-summer,autumn,40,32
multilingual,logit,french-season-summer,French,48,69277
multilingual,logit,french-season-summer,season,48,1290
multilingual,logit,french-season-summer,summer,48,1051
multilingual,logit,french-season-summer,autumn,48,365
multilingual,logit,french-season-summer,French,56,110764
multilingual,logit,french-season-summer,season,56,13
multilingual,logit,french-season-summer,summer,56,12
multilingual,logit,french-season-summer,autumn,56,1
multilingual,jlens_camila,french-season-summer,French,8,1045
multilingual,jlens_camila,french-season-summer,season,8,28557
multilingual,jlens_camila,french-season-summer,summer,8,13466
multilingual,jlens_camila,french-season-summer,autumn,8,52353
multilingual,jlens_camila,french-season-summer,French,16,5164
multilingual,jlens_camila,french-season-summer,season,16,1824
multilingual,jlens_camila,french-season-summer,summer,16,525
multilingual,jlens_camila,french-season-summer,autumn,16,25440
multilingual,jlens_camila,french-season-summer,French,24,1970
multilingual,jlens_camila,french-season-summer,season,24,3
multilingual,jlens_camila,french-season-summer,summer,24,18
multilingual,jlens_camila,french-season-summer,autumn,24,9
multilingual,jlens_camila,french-season-summer,French,32,2157
multilingual,jlens_camila,french-season-summer,season,32,2
multilingual,jlens_camila,french-season-summer,summer,32,8
multilingual,jlens_camila,french-season-summer,autumn,32,6
multilingual,jlens_camila,french-season-summer,French,40,11130
multilingual,jlens_camila,french-season-summer,season,40,3
multilingual,jlens_camila,french-season-summer,summer,40,11
multilingual,jlens_camila,french-season-summer,autumn,40,2
multilingual,jlens_camila,french-season-summer,French,48,26930
multilingual,jlens_camila,french-season-summer,season,48,3
multilingual,jlens_camila,french-season-summer,summer,48,10
multilingual,jlens_camila,french-season-summer,autumn,48,1
multilingual,jlens_camila,french-season-summer,French,56,43211
multilingual,jlens_camila,french-season-summer,season,56,6
multilingual,jlens_camila,french-season-summer,summer,56,7
multilingual,jlens_camila,french-season-summer,autumn,56,1
multilingual,rlens_camila,french-season-summer,French,8,100
multilingual,rlens_camila,french-season-summer,season,8,1477
multilingual,rlens_camila,french-season-summer,summer,8,1356
multilingual,rlens_camila,french-season-summer,autumn,8,27530
multilingual,rlens_camila,french-season-summer,French,16,1414
multilingual,rlens_camila,french-season-summer,season,16,354
multilingual,rlens_camila,french-season-summer,summer,16,365
multilingual,rlens_camila,french-season-summer,autumn,16,13300
multilingual,rlens_camila,french-season-summer,French,24,763
multilingual,rlens_camila,french-season-summer,season,24,1
multilingual,rlens_camila,french-season-summer,summer,24,3
multilingual,rlens_camila,french-season-summer,autumn,24,21
multilingual,rlens_camila,french-season-summer,French,32,4471
multilingual,rlens_camila,french-season-summer,season,32,1
multilingual,rlens_camila,french-season-summer,summer,32,6
multilingual,rlens_camila,french-season-summer,autumn,32,17
multilingual,rlens_camila,french-season-summer,French,40,4485
multilingual,rlens_camila,french-season-summer,season,40,2
multilingual,rlens_camila,french-season-summer,summer,40,6
multilingual,rlens_camila,french-season-summer,autumn,40,3
multilingual,rlens_camila,french-season-summer,French,48,12928
multilingual,rlens_camila,french-season-summer,season,48,2
multilingual,rlens_camila,french-season-summer,summer,48,7
multilingual,rlens_camila,french-season-summer,autumn,48,1
multilingual,rlens_camila,french-season-summer,French,56,25432
multilingual,rlens_camila,french-season-summer,season,56,7
multilingual,rlens_camila,french-season-summer,summer,56,6
multilingual,rlens_camila,french-season-summer,autumn,56,1
multilingual,jpp_released,french-season-summer,French,8,1
multilingual,jpp_released,french-season-summer,season,8,276
multilingual,jpp_released,french-season-summer,summer,8,2206
multilingual,jpp_released,french-season-summer,autumn,8,27310
multilingual,jpp_released,french-season-summer,French,16,186
multilingual,jpp_released,french-season-summer,season,16,5
multilingual,jpp_released,french-season-summer,summer,16,161
multilingual,jpp_released,french-season-summer,autumn,16,623
multilingual,jpp_released,french-season-summer,French,24,220
multilingual,jpp_released,french-season-summer,season,24,1
multilingual,jpp_released,french-season-summer,summer,24,6
multilingual,jpp_released,french-season-summer,autumn,24,24
multilingual,jpp_released,french-season-summer,French,32,556
multilingual,jpp_released,french-season-summer,season,32,1
multilingual,jpp_released,french-season-summer,summer,32,6
multilingual,jpp_released,french-season-summer,autumn,32,13
multilingual,jpp_released,french-season-summer,French,40,623
multilingual,jpp_released,french-season-summer,season,40,1
multilingual,jpp_released,french-season-summer,summer,40,4
multilingual,jpp_released,french-season-summer,autumn,40,5
multilingual,jpp_released,french-season-summer,French,48,1007
multilingual,jpp_released,french-season-summer,season,48,3
multilingual,jpp_released,french-season-summer,summer,48,5
multilingual,jpp_released,french-season-summer,autumn,48,2
multilingual,jpp_released,french-season-summer,French,56,20933
multilingual,jpp_released,french-season-summer,season,56,5
multilingual,jpp_released,french-season-summer,summer,56,8
multilingual,jpp_released,french-season-summer,autumn,56,1
multilingual,logit,dutch-opposite-big,Dutch,8,19947
multilingual,logit,dutch-opposite-big,opposite,8,750
multilingual,logit,dutch-opposite-big,big,8,395
multilingual,logit,dutch-opposite-big,small,8,2341
multilingual,logit,dutch-opposite-big,Dutch,16,26861
multilingual,logit,dutch-opposite-big,opposite,16,91
multilingual,logit,dutch-opposite-big,big,16,7738
multilingual,logit,dutch-opposite-big,small,16,395
multilingual,logit,dutch-opposite-big,Dutch,24,43424
multilingual,logit,dutch-opposite-big,opposite,24,2
multilingual,logit,dutch-opposite-big,big,24,1371
multilingual,logit,dutch-opposite-big,small,24,8215
multilingual,logit,dutch-opposite-big,Dutch,32,25748
multilingual,logit,dutch-opposite-big,opposite,32,43
multilingual,logit,dutch-opposite-big,big,32,13159
multilingual,logit,dutch-opposite-big,small,32,16189
multilingual,logit,dutch-opposite-big,Dutch,40,7095
multilingual,logit,dutch-opposite-big,opposite,40,28
multilingual,logit,dutch-opposite-big,big,40,37136
multilingual,logit,dutch-opposite-big,small,40,3920
multilingual,logit,dutch-opposite-big,Dutch,48,7354
multilingual,logit,dutch-opposite-big,opposite,48,3451
multilingual,logit,dutch-opposite-big,big,48,11422
multilingual,logit,dutch-opposite-big,small,48,764
multilingual,logit,dutch-opposite-big,Dutch,56,2990
multilingual,logit,dutch-opposite-big,opposite,56,3518
multilingual,logit,dutch-opposite-big,big,56,1561
multilingual,logit,dutch-opposite-big,small,56,3
multilingual,jlens_camila,dutch-opposite-big,Dutch,8,33046
multilingual,jlens_camila,dutch-opposite-big,opposite,8,5239
multilingual,jlens_camila,dutch-opposite-big,big,8,46
multilingual,jlens_camila,dutch-opposite-big,small,8,1952
multilingual,jlens_camila,dutch-opposite-big,Dutch,16,52143
multilingual,jlens_camila,dutch-opposite-big,opposite,16,72736
multilingual,jlens_camila,dutch-opposite-big,big,16,628
multilingual,jlens_camila,dutch-opposite-big,small,16,2142
multilingual,jlens_camila,dutch-opposite-big,Dutch,24,6241
multilingual,jlens_camila,dutch-opposite-big,opposite,24,110
multilingual,jlens_camila,dutch-opposite-big,big,24,13352
multilingual,jlens_camila,dutch-opposite-big,small,24,6927
multilingual,jlens_camila,dutch-opposite-big,Dutch,32,4286
multilingual,jlens_camila,dutch-opposite-big,opposite,32,8
multilingual,jlens_camila,dutch-opposite-big,big,32,75681
multilingual,jlens_camila,dutch-opposite-big,small,32,8410
multilingual,jlens_camila,dutch-opposite-big,Dutch,40,2075
multilingual,jlens_camila,dutch-opposite-big,opposite,40,50
multilingual,jlens_camila,dutch-opposite-big,big,40,25850
multilingual,jlens_camila,dutch-opposite-big,small,40,278
multilingual,jlens_camila,dutch-opposite-big,Dutch,48,1995
multilingual,jlens_camila,dutch-opposite-big,opposite,48,329
multilingual,jlens_camila,dutch-opposite-big,big,48,10262
multilingual,jlens_camila,dutch-opposite-big,small,48,119
multilingual,jlens_camila,dutch-opposite-big,Dutch,56,608
multilingual,jlens_camila,dutch-opposite-big,opposite,56,1771
multilingual,jlens_camila,dutch-opposite-big,big,56,337
multilingual,jlens_camila,dutch-opposite-big,small,56,1
multilingual,rlens_camila,dutch-opposite-big,Dutch,8,6841
multilingual,rlens_camila,dutch-opposite-big,opposite,8,327
multilingual,rlens_camila,dutch-opposite-big,big,8,4
multilingual,rlens_camila,dutch-opposite-big,small,8,40
multilingual,rlens_camila,dutch-opposite-big,Dutch,16,7353
multilingual,rlens_camila,dutch-opposite-big,opposite,16,61
multilingual,rlens_camila,dutch-opposite-big,big,16,39
multilingual,rlens_camila,dutch-opposite-big,small,16,26
multilingual,rlens_camila,dutch-opposite-big,Dutch,24,3078
multilingual,rlens_camila,dutch-opposite-big,opposite,24,1
multilingual,rlens_camila,dutch-opposite-big,big,24,781
multilingual,rlens_camila,dutch-opposite-big,small,24,377
multilingual,rlens_camila,dutch-opposite-big,Dutch,32,12243
multilingual,rlens_camila,dutch-opposite-big,opposite,32,1
multilingual,rlens_camila,dutch-opposite-big,big,32,48063
multilingual,rlens_camila,dutch-opposite-big,small,32,4386
multilingual,rlens_camila,dutch-opposite-big,Dutch,40,1197
multilingual,rlens_camila,dutch-opposite-big,opposite,40,10
multilingual,rlens_camila,dutch-opposite-big,big,40,12667
multilingual,rlens_camila,dutch-opposite-big,small,40,175
multilingual,rlens_camila,dutch-opposite-big,Dutch,48,1334
multilingual,rlens_camila,dutch-opposite-big,opposite,48,282
multilingual,rlens_camila,dutch-opposite-big,big,48,9570
multilingual,rlens_camila,dutch-opposite-big,small,48,147
multilingual,rlens_camila,dutch-opposite-big,Dutch,56,502
multilingual,rlens_camila,dutch-opposite-big,opposite,56,786
multilingual,rlens_camila,dutch-opposite-big,big,56,456
multilingual,rlens_camila,dutch-opposite-big,small,56,1
multilingual,jpp_released,dutch-opposite-big,Dutch,8,1211
multilingual,jpp_released,dutch-opposite-big,opposite,8,59
multilingual,jpp_released,dutch-opposite-big,big,8,1
multilingual,jpp_released,dutch-opposite-big,small,8,116
multilingual,jpp_released,dutch-opposite-big,Dutch,16,2288
multilingual,jpp_released,dutch-opposite-big,opposite,16,315
multilingual,jpp_released,dutch-opposite-big,big,16,9
multilingual,jpp_released,dutch-opposite-big,small,16,234
multilingual,jpp_released,dutch-opposite-big,Dutch,24,16692
multilingual,jpp_released,dutch-opposite-big,opposite,24,1
multilingual,jpp_released,dutch-opposite-big,big,24,403
multilingual,jpp_released,dutch-opposite-big,small,24,129
multilingual,jpp_released,dutch-opposite-big,Dutch,32,908
multilingual,jpp_released,dutch-opposite-big,opposite,32,14
multilingual,jpp_released,dutch-opposite-big,big,32,8596
multilingual,jpp_released,dutch-opposite-big,small,32,4473
multilingual,jpp_released,dutch-opposite-big,Dutch,40,690
multilingual,jpp_released,dutch-opposite-big,opposite,40,18
multilingual,jpp_released,dutch-opposite-big,big,40,297
multilingual,jpp_released,dutch-opposite-big,small,40,23
multilingual,jpp_released,dutch-opposite-big,Dutch,48,31
multilingual,jpp_released,dutch-opposite-big,opposite,48,129
multilingual,jpp_released,dutch-opposite-big,big,48,341
multilingual,jpp_released,dutch-opposite-big,small,48,14
multilingual,jpp_released,dutch-opposite-big,Dutch,56,32
multilingual,jpp_released,dutch-opposite-big,opposite,56,7934
multilingual,jpp_released,dutch-opposite-big,big,56,73
multilingual,jpp_released,dutch-opposite-big,small,56,1
multilingual,logit,hindi-color-snow,Hindi,8,19525
multilingual,logit,hindi-color-snow,color,8,562
multilingual,logit,hindi-color-snow,snow,8,4439
multilingual,logit,hindi-color-snow,white,8,950
multilingual,logit,hindi-color-snow,Hindi,16,11348
multilingual,logit,hindi-color-snow,color,16,447
multilingual,logit,hindi-color-snow,snow,16,4245
multilingual,logit,hindi-color-snow,white,16,2309
multilingual,logit,hindi-color-snow,Hindi,24,3479
multilingual,logit,hindi-color-snow,color,24,107
multilingual,logit,hindi-color-snow,snow,24,3365
multilingual,logit,hindi-color-snow,white,24,1719
multilingual,logit,hindi-color-snow,Hindi,32,5808
multilingual,logit,hindi-color-snow,color,32,675
multilingual,logit,hindi-color-snow,snow,32,3797
multilingual,logit,hindi-color-snow,white,32,7238
multilingual,logit,hindi-color-snow,Hindi,40,58
multilingual,logit,hindi-color-snow,color,40,5161
multilingual,logit,hindi-color-snow,snow,40,9871
multilingual,logit,hindi-color-snow,white,40,31558
multilingual,logit,hindi-color-snow,Hindi,48,1512
multilingual,logit,hindi-color-snow,color,48,211
multilingual,logit,hindi-color-snow,snow,48,28623
multilingual,logit,hindi-color-snow,white,48,4406
multilingual,logit,hindi-color-snow,Hindi,56,4818
multilingual,logit,hindi-color-snow,color,56,1061
multilingual,logit,hindi-color-snow,snow,56,8513
multilingual,logit,hindi-color-snow,white,56,11
multilingual,jlens_camila,hindi-color-snow,Hindi,8,3247
multilingual,jlens_camila,hindi-color-snow,color,8,44171
multilingual,jlens_camila,hindi-color-snow,snow,8,125456
multilingual,jlens_camila,hindi-color-snow,white,8,4283
multilingual,jlens_camila,hindi-color-snow,Hindi,16,760
multilingual,jlens_camila,hindi-color-snow,color,16,16773
multilingual,jlens_camila,hindi-color-snow,snow,16,62054
multilingual,jlens_camila,hindi-color-snow,white,16,2102
multilingual,jlens_camila,hindi-color-snow,Hindi,24,15
multilingual,jlens_camila,hindi-color-snow,color,24,392
multilingual,jlens_camila,hindi-color-snow,snow,24,23134
multilingual,jlens_camila,hindi-color-snow,white,24,1115
multilingual,jlens_camila,hindi-color-snow,Hindi,32,3
multilingual,jlens_camila,hindi-color-snow,color,32,19
multilingual,jlens_camila,hindi-color-snow,snow,32,4091
multilingual,jlens_camila,hindi-color-snow,white,32,455
multilingual,jlens_camila,hindi-color-snow,Hindi,40,1
multilingual,jlens_camila,hindi-color-snow,color,40,19
multilingual,jlens_camila,hindi-color-snow,snow,40,1724
multilingual,jlens_camila,hindi-color-snow,white,40,1469
multilingual,jlens_camila,hindi-color-snow,Hindi,48,2
multilingual,jlens_camila,hindi-color-snow,color,48,8
multilingual,jlens_camila,hindi-color-snow,snow,48,2996
multilingual,jlens_camila,hindi-color-snow,white,48,226
multilingual,jlens_camila,hindi-color-snow,Hindi,56,713
multilingual,jlens_camila,hindi-color-snow,color,56,50
multilingual,jlens_camila,hindi-color-snow,snow,56,507
multilingual,jlens_camila,hindi-color-snow,white,56,5
multilingual,rlens_camila,hindi-color-snow,Hindi,8,14546
multilingual,rlens_camila,hindi-color-snow,color,8,1095
multilingual,rlens_camila,hindi-color-snow,snow,8,5459
multilingual,rlens_camila,hindi-color-snow,white,8,1473
multilingual,rlens_camila,hindi-color-snow,Hindi,16,2663
multilingual,rlens_camila,hindi-color-snow,color,16,1416
multilingual,rlens_camila,hindi-color-snow,snow,16,2888
multilingual,rlens_camila,hindi-color-snow,white,16,1085
multilingual,rlens_camila,hindi-color-snow,Hindi,24,19
multilingual,rlens_camila,hindi-color-snow,color,24,4
multilingual,rlens_camila,hindi-color-snow,snow,24,892
multilingual,rlens_camila,hindi-color-snow,white,24,151
multilingual,rlens_camila,hindi-color-snow,Hindi,32,5
multilingual,rlens_camila,hindi-color-snow,color,32,5
multilingual,rlens_camila,hindi-color-snow,snow,32,1175
multilingual,rlens_camila,hindi-color-snow,white,32,248
multilingual,rlens_camila,hindi-color-snow,Hindi,40,1
multilingual,rlens_camila,hindi-color-snow,color,40,12
multilingual,rlens_camila,hindi-color-snow,snow,40,444
multilingual,rlens_camila,hindi-color-snow,white,40,1280
multilingual,rlens_camila,hindi-color-snow,Hindi,48,2
multilingual,rlens_camila,hindi-color-snow,color,48,3
multilingual,rlens_camila,hindi-color-snow,snow,48,1585
multilingual,rlens_camila,hindi-color-snow,white,48,152
multilingual,rlens_camila,hindi-color-snow,Hindi,56,777
multilingual,rlens_camila,hindi-color-snow,color,56,44
multilingual,rlens_camila,hindi-color-snow,snow,56,417
multilingual,rlens_camila,hindi-color-snow,white,56,4
multilingual,jpp_released,hindi-color-snow,Hindi,8,3183
multilingual,jpp_released,hindi-color-snow,color,8,1
multilingual,jpp_released,hindi-color-snow,snow,8,145
multilingual,jpp_released,hindi-color-snow,white,8,1509
multilingual,jpp_released,hindi-color-snow,Hindi,16,927
multilingual,jpp_released,hindi-color-snow,color,16,42
multilingual,jpp_released,hindi-color-snow,snow,16,775
multilingual,jpp_released,hindi-color-snow,white,16,113
multilingual,jpp_released,hindi-color-snow,Hindi,24,47
multilingual,jpp_released,hindi-color-snow,color,24,2
multilingual,jpp_released,hindi-color-snow,snow,24,220
multilingual,jpp_released,hindi-color-snow,white,24,10
multilingual,jpp_released,hindi-color-snow,Hindi,32,4
multilingual,jpp_released,hindi-color-snow,color,32,2
multilingual,jpp_released,hindi-color-snow,snow,32,498
multilingual,jpp_released,hindi-color-snow,white,32,135
multilingual,jpp_released,hindi-color-snow,Hindi,40,4
multilingual,jpp_released,hindi-color-snow,color,40,2
multilingual,jpp_released,hindi-color-snow,snow,40,88
multilingual,jpp_released,hindi-color-snow,white,40,91
multilingual,jpp_released,hindi-color-snow,Hindi,48,6
multilingual,jpp_released,hindi-color-snow,color,48,2
multilingual,jpp_released,hindi-color-snow,snow,48,160
multilingual,jpp_released,hindi-color-snow,white,48,108
multilingual,jpp_released,hindi-color-snow,Hindi,56,202
multilingual,jpp_released,hindi-color-snow,color,56,4
multilingual,jpp_released,hindi-color-snow,snow,56,51
multilingual,jpp_released,hindi-color-snow,white,56,1
multilingual,logit,turkish-opposite-fast,Turkish,8,77772
multilingual,logit,turkish-opposite-fast,opposite,8,6767
multilingual,logit,turkish-opposite-fast,fast,8,25513
multilingual,logit,turkish-opposite-fast,slow,8,23237
multilingual,logit,turkish-opposite-fast,Turkish,16,29333
multilingual,logit,turkish-opposite-fast,opposite,16,4577
multilingual,logit,turkish-opposite-fast,fast,16,11057
multilingual,logit,turkish-opposite-fast,slow,16,3749
multilingual,logit,turkish-opposite-fast,Turkish,24,46004
multilingual,logit,turkish-opposite-fast,opposite,24,10
multilingual,logit,turkish-opposite-fast,fast,24,6314
multilingual,logit,turkish-opposite-fast,slow,24,3677
multilingual,logit,turkish-opposite-fast,Turkish,32,8331
multilingual,logit,turkish-opposite-fast,opposite,32,198
multilingual,logit,turkish-opposite-fast,fast,32,14766
multilingual,logit,turkish-opposite-fast,slow,32,12643
multilingual,logit,turkish-opposite-fast,Turkish,40,33609
multilingual,logit,turkish-opposite-fast,opposite,40,46
multilingual,logit,turkish-opposite-fast,fast,40,323
multilingual,logit,turkish-opposite-fast,slow,40,15
multilingual,logit,turkish-opposite-fast,Turkish,48,27933
multilingual,logit,turkish-opposite-fast,opposite,48,108
multilingual,logit,turkish-opposite-fast,fast,48,3382
multilingual,logit,turkish-opposite-fast,slow,48,20
multilingual,logit,turkish-opposite-fast,Turkish,56,27152
multilingual,logit,turkish-opposite-fast,opposite,56,34587
multilingual,logit,turkish-opposite-fast,fast,56,19
multilingual,logit,turkish-opposite-fast,slow,56,2
multilingual,jlens_camila,turkish-opposite-fast,Turkish,8,8352
multilingual,jlens_camila,turkish-opposite-fast,opposite,8,35747
multilingual,jlens_camila,turkish-opposite-fast,fast,8,48847
multilingual,jlens_camila,turkish-opposite-fast,slow,8,40169
multilingual,jlens_camila,turkish-opposite-fast,Turkish,16,372
multilingual,jlens_camila,turkish-opposite-fast,opposite,16,22190
multilingual,jlens_camila,turkish-opposite-fast,fast,16,6642
multilingual,jlens_camila,turkish-opposite-fast,slow,16,1092
multilingual,jlens_camila,turkish-opposite-fast,Turkish,24,159
multilingual,jlens_camila,turkish-opposite-fast,opposite,24,110
multilingual,jlens_camila,turkish-opposite-fast,fast,24,17506
multilingual,jlens_camila,turkish-opposite-fast,slow,24,595
multilingual,jlens_camila,turkish-opposite-fast,Turkish,32,5
multilingual,jlens_camila,turkish-opposite-fast,opposite,32,39
multilingual,jlens_camila,turkish-opposite-fast,fast,32,79069
multilingual,jlens_camila,turkish-opposite-fast,slow,32,15456
multilingual,jlens_camila,turkish-opposite-fast,Turkish,40,2676
multilingual,jlens_camila,turkish-opposite-fast,opposite,40,170
multilingual,jlens_camila,turkish-opposite-fast,fast,40,80
multilingual,jlens_camila,turkish-opposite-fast,slow,40,2
multilingual,jlens_camila,turkish-opposite-fast,Turkish,48,4134
multilingual,jlens_camila,turkish-opposite-fast,opposite,48,45
multilingual,jlens_camila,turkish-opposite-fast,fast,48,111
multilingual,jlens_camila,turkish-opposite-fast,slow,48,2
multilingual,jlens_camila,turkish-opposite-fast,Turkish,56,2316
multilingual,jlens_camila,turkish-opposite-fast,opposite,56,5996
multilingual,jlens_camila,turkish-opposite-fast,fast,56,15
multilingual,jlens_camila,turkish-opposite-fast,slow,56,1
multilingual,rlens_camila,turkish-opposite-fast,Turkish,8,1976
multilingual,rlens_camila,turkish-opposite-fast,opposite,8,1034
multilingual,rlens_camila,turkish-opposite-fast,fast,8,658
multilingual,rlens_camila,turkish-opposite-fast,slow,8,402
multilingual,rlens_camila,turkish-opposite-fast,Turkish,16,328
multilingual,rlens_camila,turkish-opposite-fast,opposite,16,388
multilingual,rlens_camila,turkish-opposite-fast,fast,16,421
multilingual,rlens_camila,turkish-opposite-fast,slow,16,369
multilingual,rlens_camila,turkish-opposite-fast,Turkish,24,91
multilingual,rlens_camila,turkish-opposite-fast,opposite,24,3
multilingual,rlens_camila,turkish-opposite-fast,fast,24,1332
multilingual,rlens_camila,turkish-opposite-fast,slow,24,88
multilingual,rlens_camila,turkish-opposite-fast,Turkish,32,5
multilingual,rlens_camila,turkish-opposite-fast,opposite,32,10
multilingual,rlens_camila,turkish-opposite-fast,fast,32,29420
multilingual,rlens_camila,turkish-opposite-fast,slow,32,3328
multilingual,rlens_camila,turkish-opposite-fast,Turkish,40,1278
multilingual,rlens_camila,turkish-opposite-fast,opposite,40,60
multilingual,rlens_camila,turkish-opposite-fast,fast,40,61
multilingual,rlens_camila,turkish-opposite-fast,slow,40,2
multilingual,rlens_camila,turkish-opposite-fast,Turkish,48,2037
multilingual,rlens_camila,turkish-opposite-fast,opposite,48,31
multilingual,rlens_camila,turkish-opposite-fast,fast,48,98
multilingual,rlens_camila,turkish-opposite-fast,slow,48,2
multilingual,rlens_camila,turkish-opposite-fast,Turkish,56,1883
multilingual,rlens_camila,turkish-opposite-fast,opposite,56,3421
multilingual,rlens_camila,turkish-opposite-fast,fast,56,15
multilingual,rlens_camila,turkish-opposite-fast,slow,56,1
multilingual,jpp_released,turkish-opposite-fast,Turkish,8,840
multilingual,jpp_released,turkish-opposite-fast,opposite,8,13974
multilingual,jpp_released,turkish-opposite-fast,fast,8,62338
multilingual,jpp_released,turkish-opposite-fast,slow,8,116505
multilingual,jpp_released,turkish-opposite-fast,Turkish,16,1
multilingual,jpp_released,turkish-opposite-fast,opposite,16,1413
multilingual,jpp_released,turkish-opposite-fast,fast,16,439
multilingual,jpp_released,turkish-opposite-fast,slow,16,3205
multilingual,jpp_released,turkish-opposite-fast,Turkish,24,201
multilingual,jpp_released,turkish-opposite-fast,opposite,24,14
multilingual,jpp_released,turkish-opposite-fast,fast,24,4371
multilingual,jpp_released,turkish-opposite-fast,slow,24,995
multilingual,jpp_released,turkish-opposite-fast,Turkish,32,1
multilingual,jpp_released,turkish-opposite-fast,opposite,32,178
multilingual,jpp_released,turkish-opposite-fast,fast,32,8556
multilingual,jpp_released,turkish-opposite-fast,slow,32,5851
multilingual,jpp_released,turkish-opposite-fast,Turkish,40,686
multilingual,jpp_released,turkish-opposite-fast,opposite,40,52
multilingual,jpp_released,turkish-opposite-fast,fast,40,28
multilingual,jpp_released,turkish-opposite-fast,slow,40,1
multilingual,jpp_released,turkish-opposite-fast,Turkish,48,79
multilingual,jpp_released,turkish-opposite-fast,opposite,48,27
multilingual,jpp_released,turkish-opposite-fast,fast,48,37
multilingual,jpp_released,turkish-opposite-fast,slow,48,1
multilingual,jpp_released,turkish-opposite-fast,Turkish,56,79
multilingual,jpp_released,turkish-opposite-fast,opposite,56,40449
multilingual,jpp_released,turkish-opposite-fast,fast,56,11
multilingual,jpp_released,turkish-opposite-fast,slow,56,1
multilingual,logit,swedish-opposite-hard,Swedish,8,49588
multilingual,logit,swedish-opposite-hard,opposite,8,5073
multilingual,logit,swedish-opposite-hard,hard,8,815
multilingual,logit,swedish-opposite-hard,soft,8,829
multilingual,logit,swedish-opposite-hard,Swedish,16,10638
multilingual,logit,swedish-opposite-hard,opposite,16,116
multilingual,logit,swedish-opposite-hard,hard,16,2335
multilingual,logit,swedish-opposite-hard,soft,16,2560
multilingual,logit,swedish-opposite-hard,Swedish,24,12029
multilingual,logit,swedish-opposite-hard,opposite,24,2
multilingual,logit,swedish-opposite-hard,hard,24,8805
multilingual,logit,swedish-opposite-hard,soft,24,1196
multilingual,logit,swedish-opposite-hard,Swedish,32,9045
multilingual,logit,swedish-opposite-hard,opposite,32,6
multilingual,logit,swedish-opposite-hard,hard,32,16288
multilingual,logit,swedish-opposite-hard,soft,32,2027
multilingual,logit,swedish-opposite-hard,Swedish,40,19724
multilingual,logit,swedish-opposite-hard,opposite,40,1
multilingual,logit,swedish-opposite-hard,hard,40,1602
multilingual,logit,swedish-opposite-hard,soft,40,5
multilingual,logit,swedish-opposite-hard,Swedish,48,14118
multilingual,logit,swedish-opposite-hard,opposite,48,425
multilingual,logit,swedish-opposite-hard,hard,48,966
multilingual,logit,swedish-opposite-hard,soft,48,1
multilingual,logit,swedish-opposite-hard,Swedish,56,2292
multilingual,logit,swedish-opposite-hard,opposite,56,281
multilingual,logit,swedish-opposite-hard,hard,56,122
multilingual,logit,swedish-opposite-hard,soft,56,2
multilingual,jlens_camila,swedish-opposite-hard,Swedish,8,10074
multilingual,jlens_camila,swedish-opposite-hard,opposite,8,36569
multilingual,jlens_camila,swedish-opposite-hard,hard,8,32190
multilingual,jlens_camila,swedish-opposite-hard,soft,8,22062
multilingual,jlens_camila,swedish-opposite-hard,Swedish,16,6387
multilingual,jlens_camila,swedish-opposite-hard,opposite,16,81828
multilingual,jlens_camila,swedish-opposite-hard,hard,16,1062
multilingual,jlens_camila,swedish-opposite-hard,soft,16,5686
multilingual,jlens_camila,swedish-opposite-hard,Swedish,24,25
multilingual,jlens_camila,swedish-opposite-hard,opposite,24,18
multilingual,jlens_camila,swedish-opposite-hard,hard,24,6556
multilingual,jlens_camila,swedish-opposite-hard,soft,24,180
multilingual,jlens_camila,swedish-opposite-hard,Swedish,32,15
multilingual,jlens_camila,swedish-opposite-hard,opposite,32,1
multilingual,jlens_camila,swedish-opposite-hard,hard,32,8322
multilingual,jlens_camila,swedish-opposite-hard,soft,32,1230
multilingual,jlens_camila,swedish-opposite-hard,Swedish,40,905
multilingual,jlens_camila,swedish-opposite-hard,opposite,40,6
multilingual,jlens_camila,swedish-opposite-hard,hard,40,1011
multilingual,jlens_camila,swedish-opposite-hard,soft,40,2
multilingual,jlens_camila,swedish-opposite-hard,Swedish,48,4912
multilingual,jlens_camila,swedish-opposite-hard,opposite,48,63
multilingual,jlens_camila,swedish-opposite-hard,hard,48,611
multilingual,jlens_camila,swedish-opposite-hard,soft,48,1
multilingual,jlens_camila,swedish-opposite-hard,Swedish,56,860
multilingual,jlens_camila,swedish-opposite-hard,opposite,56,167
multilingual,jlens_camila,swedish-opposite-hard,hard,56,85
multilingual,jlens_camila,swedish-opposite-hard,soft,56,2
multilingual,rlens_camila,swedish-opposite-hard,Swedish,8,654
multilingual,rlens_camila,swedish-opposite-hard,opposite,8,1078
multilingual,rlens_camila,swedish-opposite-hard,hard,8,178
multilingual,rlens_camila,swedish-opposite-hard,soft,8,2292
multilingual,rlens_camila,swedish-opposite-hard,Swedish,16,87
multilingual,rlens_camila,swedish-opposite-hard,opposite,16,204
multilingual,rlens_camila,swedish-opposite-hard,hard,16,191
multilingual,rlens_camila,swedish-opposite-hard,soft,16,1906
multilingual,rlens_camila,swedish-opposite-hard,Swedish,24,8
multilingual,rlens_camila,swedish-opposite-hard,opposite,24,1
multilingual,rlens_camila,swedish-opposite-hard,hard,24,1138
multilingual,rlens_camila,swedish-opposite-hard,soft,24,193
multilingual,rlens_camila,swedish-opposite-hard,Swedish,32,11
multilingual,rlens_camila,swedish-opposite-hard,opposite,32,1
multilingual,rlens_camila,swedish-opposite-hard,hard,32,6186
multilingual,rlens_camila,swedish-opposite-hard,soft,32,849
multilingual,rlens_camila,swedish-opposite-hard,Swedish,40,384
multilingual,rlens_camila,swedish-opposite-hard,opposite,40,3
multilingual,rlens_camila,swedish-opposite-hard,hard,40,426
multilingual,rlens_camila,swedish-opposite-hard,soft,40,5
multilingual,rlens_camila,swedish-opposite-hard,Swedish,48,3253
multilingual,rlens_camila,swedish-opposite-hard,opposite,48,58
multilingual,rlens_camila,swedish-opposite-hard,hard,48,738
multilingual,rlens_camila,swedish-opposite-hard,soft,48,1
multilingual,rlens_camila,swedish-opposite-hard,Swedish,56,820
multilingual,rlens_camila,swedish-opposite-hard,opposite,56,100
multilingual,rlens_camila,swedish-opposite-hard,hard,56,70
multilingual,rlens_camila,swedish-opposite-hard,soft,56,2
multilingual,jpp_released,swedish-opposite-hard,Swedish,8,211
multilingual,jpp_released,swedish-opposite-hard,opposite,8,361
multilingual,jpp_released,swedish-opposite-hard,hard,8,905
multilingual,jpp_released,swedish-opposite-hard,soft,8,2285
multilingual,jpp_released,swedish-opposite-hard,Swedish,16,2
multilingual,jpp_released,swedish-opposite-hard,opposite,16,780
multilingual,jpp_released,swedish-opposite-hard,hard,16,1100
multilingual,jpp_released,swedish-opposite-hard,soft,16,1887
multilingual,jpp_released,swedish-opposite-hard,Swedish,24,1
multilingual,jpp_released,swedish-opposite-hard,opposite,24,1
multilingual,jpp_released,swedish-opposite-hard,hard,24,3447
multilingual,jpp_released,swedish-opposite-hard,soft,24,83
multilingual,jpp_released,swedish-opposite-hard,Swedish,32,3
multilingual,jpp_released,swedish-opposite-hard,opposite,32,20
multilingual,jpp_released,swedish-opposite-hard,hard,32,19271
multilingual,jpp_released,swedish-opposite-hard,soft,32,3220
multilingual,jpp_released,swedish-opposite-hard,Swedish,40,193
multilingual,jpp_released,swedish-opposite-hard,opposite,40,3
multilingual,jpp_released,swedish-opposite-hard,hard,40,85
multilingual,jpp_released,swedish-opposite-hard,soft,40,1
multilingual,jpp_released,swedish-opposite-hard,Swedish,48,149
multilingual,jpp_released,swedish-opposite-hard,opposite,48,55
multilingual,jpp_released,swedish-opposite-hard,hard,48,119
multilingual,jpp_released,swedish-opposite-hard,soft,48,1
multilingual,jpp_released,swedish-opposite-hard,Swedish,56,46
multilingual,jpp_released,swedish-opposite-hard,opposite,56,347
multilingual,jpp_released,swedish-opposite-hard,hard,56,25
multilingual,jpp_released,swedish-opposite-hard,soft,56,1
multilingual,logit,vietnamese-opposite-heavy,Vietnamese,8,50098
multilingual,logit,vietnamese-opposite-heavy,opposite,8,2570
multilingual,logit,vietnamese-opposite-heavy,heavy,8,8497
multilingual,logit,vietnamese-opposite-heavy,light,8,3412
multilingual,logit,vietnamese-opposite-heavy,Vietnamese,16,77864
multilingual,logit,vietnamese-opposite-heavy,opposite,16,1832
multilingual,logit,vietnamese-opposite-heavy,heavy,16,11955
multilingual,logit,vietnamese-opposite-heavy,light,16,9618
multilingual,logit,vietnamese-opposite-heavy,Vietnamese,24,31356
multilingual,logit,vietnamese-opposite-heavy,opposite,24,224
multilingual,logit,vietnamese-opposite-heavy,heavy,24,100507
multilingual,logit,vietnamese-opposite-heavy,light,24,52208
multilingual,logit,vietnamese-opposite-heavy,Vietnamese,32,12857
multilingual,logit,vietnamese-opposite-heavy,opposite,32,2044
multilingual,logit,vietnamese-opposite-heavy,heavy,32,156025
multilingual,logit,vietnamese-opposite-heavy,light,32,14082
multilingual,logit,vietnamese-opposite-heavy,Vietnamese,40,3051
multilingual,logit,vietnamese-opposite-heavy,opposite,40,1551
multilingual,logit,vietnamese-opposite-heavy,heavy,40,221328
multilingual,logit,vietnamese-opposite-heavy,light,40,91379
multilingual,logit,vietnamese-opposite-heavy,Vietnamese,48,14322
multilingual,logit,vietnamese-opposite-heavy,opposite,48,1416
multilingual,logit,vietnamese-opposite-heavy,heavy,48,205703
multilingual,logit,vietnamese-opposite-heavy,light,48,37373
multilingual,logit,vietnamese-opposite-heavy,Vietnamese,56,37234
multilingual,logit,vietnamese-opposite-heavy,opposite,56,1447
multilingual,logit,vietnamese-opposite-heavy,heavy,56,33
multilingual,logit,vietnamese-opposite-heavy,light,56,3278
multilingual,jlens_camila,vietnamese-opposite-heavy,Vietnamese,8,111214
multilingual,jlens_camila,vietnamese-opposite-heavy,opposite,8,6543
multilingual,jlens_camila,vietnamese-opposite-heavy,heavy,8,31765
multilingual,jlens_camila,vietnamese-opposite-heavy,light,8,32948
multilingual,jlens_camila,vietnamese-opposite-heavy,Vietnamese,16,108962
multilingual,jlens_camila,vietnamese-opposite-heavy,opposite,16,16200
multilingual,jlens_camila,vietnamese-opposite-heavy,heavy,16,51171
multilingual,jlens_camila,vietnamese-opposite-heavy,light,16,56993
multilingual,jlens_camila,vietnamese-opposite-heavy,Vietnamese,24,189
multilingual,jlens_camila,vietnamese-opposite-heavy,opposite,24,711
multilingual,jlens_camila,vietnamese-opposite-heavy,heavy,24,19386
multilingual,jlens_camila,vietnamese-opposite-heavy,light,24,62766
multilingual,jlens_camila,vietnamese-opposite-heavy,Vietnamese,32,9
multilingual,jlens_camila,vietnamese-opposite-heavy,opposite,32,905
multilingual,jlens_camila,vietnamese-opposite-heavy,heavy,32,87420
multilingual,jlens_camila,vietnamese-opposite-heavy,light,32,24265
multilingual,jlens_camila,vietnamese-opposite-heavy,Vietnamese,40,188
multilingual,jlens_camila,vietnamese-opposite-heavy,opposite,40,161
multilingual,jlens_camila,vietnamese-opposite-heavy,heavy,40,154636
multilingual,jlens_camila,vietnamese-opposite-heavy,light,40,115055
multilingual,jlens_camila,vietnamese-opposite-heavy,Vietnamese,48,446
multilingual,jlens_camila,vietnamese-opposite-heavy,opposite,48,408
multilingual,jlens_camila,vietnamese-opposite-heavy,heavy,48,179575
multilingual,jlens_camila,vietnamese-opposite-heavy,light,48,56333
multilingual,jlens_camila,vietnamese-opposite-heavy,Vietnamese,56,4083
multilingual,jlens_camila,vietnamese-opposite-heavy,opposite,56,229
multilingual,jlens_camila,vietnamese-opposite-heavy,heavy,56,18
multilingual,jlens_camila,vietnamese-opposite-heavy,light,56,220
multilingual,rlens_camila,vietnamese-opposite-heavy,Vietnamese,8,7441
multilingual,rlens_camila,vietnamese-opposite-heavy,opposite,8,243
multilingual,rlens_camila,vietnamese-opposite-heavy,heavy,8,4393
multilingual,rlens_camila,vietnamese-opposite-heavy,light,8,4899
multilingual,rlens_camila,vietnamese-opposite-heavy,Vietnamese,16,21544
multilingual,rlens_camila,vietnamese-opposite-heavy,opposite,16,383
multilingual,rlens_camila,vietnamese-opposite-heavy,heavy,16,7044
multilingual,rlens_camila,vietnamese-opposite-heavy,light,16,4337
multilingual,rlens_camila,vietnamese-opposite-heavy,Vietnamese,24,12
multilingual,rlens_camila,vietnamese-opposite-heavy,opposite,24,34
multilingual,rlens_camila,vietnamese-opposite-heavy,heavy,24,2743
multilingual,rlens_camila,vietnamese-opposite-heavy,light,24,7308
multilingual,rlens_camila,vietnamese-opposite-heavy,Vietnamese,32,16
multilingual,rlens_camila,vietnamese-opposite-heavy,opposite,32,185
multilingual,rlens_camila,vietnamese-opposite-heavy,heavy,32,51432
multilingual,rlens_camila,vietnamese-opposite-heavy,light,32,3258
multilingual,rlens_camila,vietnamese-opposite-heavy,Vietnamese,40,73
multilingual,rlens_camila,vietnamese-opposite-heavy,opposite,40,63
multilingual,rlens_camila,vietnamese-opposite-heavy,heavy,40,148880
multilingual,rlens_camila,vietnamese-opposite-heavy,light,40,41688
multilingual,rlens_camila,vietnamese-opposite-heavy,Vietnamese,48,177
multilingual,rlens_camila,vietnamese-opposite-heavy,opposite,48,250
multilingual,rlens_camila,vietnamese-opposite-heavy,heavy,48,158567
multilingual,rlens_camila,vietnamese-opposite-heavy,light,48,37284
multilingual,rlens_camila,vietnamese-opposite-heavy,Vietnamese,56,3337
multilingual,rlens_camila,vietnamese-opposite-heavy,opposite,56,126
multilingual,rlens_camila,vietnamese-opposite-heavy,heavy,56,11
multilingual,rlens_camila,vietnamese-opposite-heavy,light,56,104
multilingual,jpp_released,vietnamese-opposite-heavy,Vietnamese,8,80085
multilingual,jpp_released,vietnamese-opposite-heavy,opposite,8,2228
multilingual,jpp_released,vietnamese-opposite-heavy,heavy,8,172
multilingual,jpp_released,vietnamese-opposite-heavy,light,8,19574
multilingual,jpp_released,vietnamese-opposite-heavy,Vietnamese,16,197517
multilingual,jpp_released,vietnamese-opposite-heavy,opposite,16,7825
multilingual,jpp_released,vietnamese-opposite-heavy,heavy,16,15230
multilingual,jpp_released,vietnamese-opposite-heavy,light,16,10807
multilingual,jpp_released,vietnamese-opposite-heavy,Vietnamese,24,6
multilingual,jpp_released,vietnamese-opposite-heavy,opposite,24,89
multilingual,jpp_released,vietnamese-opposite-heavy,heavy,24,119
multilingual,jpp_released,vietnamese-opposite-heavy,light,24,599
multilingual,jpp_released,vietnamese-opposite-heavy,Vietnamese,32,1
multilingual,jpp_released,vietnamese-opposite-heavy,opposite,32,23498
multilingual,jpp_released,vietnamese-opposite-heavy,heavy,32,117356
multilingual,jpp_released,vietnamese-opposite-heavy,light,32,7449
multilingual,jpp_released,vietnamese-opposite-heavy,Vietnamese,40,89
multilingual,jpp_released,vietnamese-opposite-heavy,opposite,40,66
multilingual,jpp_released,vietnamese-opposite-heavy,heavy,40,8635
multilingual,jpp_released,vietnamese-opposite-heavy,light,40,877
multilingual,jpp_released,vietnamese-opposite-heavy,Vietnamese,48,12
multilingual,jpp_released,vietnamese-opposite-heavy,opposite,48,206
multilingual,jpp_released,vietnamese-opposite-heavy,heavy,48,73258
multilingual,jpp_released,vietnamese-opposite-heavy,light,48,695
multilingual,jpp_released,vietnamese-opposite-heavy,Vietnamese,56,500
multilingual,jpp_released,vietnamese-opposite-heavy,opposite,56,1367
multilingual,jpp_released,vietnamese-opposite-heavy,heavy,56,6
multilingual,jpp_released,vietnamese-opposite-heavy,light,56,72
multilingual,logit,romanian-opposite-young,Romanian,8,54860
multilingual,logit,romanian-opposite-young,opposite,8,17544
multilingual,logit,romanian-opposite-young,young,8,7140
multilingual,logit,romanian-opposite-young,old,8,1834
multilingual,logit,romanian-opposite-young,Romanian,16,77084
multilingual,logit,romanian-opposite-young,opposite,16,470
multilingual,logit,romanian-opposite-young,young,16,9362
multilingual,logit,romanian-opposite-young,old,16,3033
multilingual,logit,romanian-opposite-young,Romanian,24,32375
multilingual,logit,romanian-opposite-young,opposite,24,4
multilingual,logit,romanian-opposite-young,young,24,42710
multilingual,logit,romanian-opposite-young,old,24,4865
multilingual,logit,romanian-opposite-young,Romanian,32,17304
multilingual,logit,romanian-opposite-young,opposite,32,17
multilingual,logit,romanian-opposite-young,young,32,19951
multilingual,logit,romanian-opposite-young,old,32,3997
multilingual,logit,romanian-opposite-young,Romanian,40,16790
multilingual,logit,romanian-opposite-young,opposite,40,39
multilingual,logit,romanian-opposite-young,young,40,199
multilingual,logit,romanian-opposite-young,old,40,74
multilingual,logit,romanian-opposite-young,Romanian,48,14144
multilingual,logit,romanian-opposite-young,opposite,48,103
multilingual,logit,romanian-opposite-young,young,48,6222
multilingual,logit,romanian-opposite-young,old,48,353
multilingual,logit,romanian-opposite-young,Romanian,56,1849
multilingual,logit,romanian-opposite-young,opposite,56,20987
multilingual,logit,romanian-opposite-young,young,56,195
multilingual,logit,romanian-opposite-young,old,56,4
multilingual,jlens_camila,romanian-opposite-young,Romanian,8,133725
multilingual,jlens_camila,romanian-opposite-young,opposite,8,19750
multilingual,jlens_camila,romanian-opposite-young,young,8,63167
multilingual,jlens_camila,romanian-opposite-young,old,8,127393
multilingual,jlens_camila,romanian-opposite-young,Romanian,16,98560
multilingual,jlens_camila,romanian-opposite-young,opposite,16,102777
multilingual,jlens_camila,romanian-opposite-young,young,16,158071
multilingual,jlens_camila,romanian-opposite-young,old,16,6306
multilingual,jlens_camila,romanian-opposite-young,Romanian,24,8355
multilingual,jlens_camila,romanian-opposite-young,opposite,24,7
multilingual,jlens_camila,romanian-opposite-young,young,24,61357
multilingual,jlens_camila,romanian-opposite-young,old,24,64837
multilingual,jlens_camila,romanian-opposite-young,Romanian,32,119
multilingual,jlens_camila,romanian-opposite-young,opposite,32,9
multilingual,jlens_camila,romanian-opposite-young,young,32,3245
multilingual,jlens_camila,romanian-opposite-young,old,32,8974
multilingual,jlens_camila,romanian-opposite-young,Romanian,40,2084
multilingual,jlens_camila,romanian-opposite-young,opposite,40,159
multilingual,jlens_camila,romanian-opposite-young,young,40,69
multilingual,jlens_camila,romanian-opposite-young,old,40,79
multilingual,jlens_camila,romanian-opposite-young,Romanian,48,3876
multilingual,jlens_camila,romanian-opposite-young,opposite,48,123
multilingual,jlens_camila,romanian-opposite-young,young,48,105
multilingual,jlens_camila,romanian-opposite-young,old,48,37
multilingual,jlens_camila,romanian-opposite-young,Romanian,56,812
multilingual,jlens_camila,romanian-opposite-young,opposite,56,6590
multilingual,jlens_camila,romanian-opposite-young,young,56,88
multilingual,jlens_camila,romanian-opposite-young,old,56,5
multilingual,rlens_camila,romanian-opposite-young,Romanian,8,24217
multilingual,rlens_camila,romanian-opposite-young,opposite,8,256
multilingual,rlens_camila,romanian-opposite-young,young,8,1749
multilingual,rlens_camila,romanian-opposite-young,old,8,353
multilingual,rlens_camila,romanian-opposite-young,Romanian,16,34098
multilingual,rlens_camila,romanian-opposite-young,opposite,16,332
multilingual,rlens_camila,romanian-opposite-young,young,16,2015
multilingual,rlens_camila,romanian-opposite-young,old,16,649
multilingual,rlens_camila,romanian-opposite-young,Romanian,24,1797
multilingual,rlens_camila,romanian-opposite-young,opposite,24,1
multilingual,rlens_camila,romanian-opposite-young,young,24,4587
multilingual,rlens_camila,romanian-opposite-young,old,24,4121
multilingual,rlens_camila,romanian-opposite-young,Romanian,32,107
multilingual,rlens_camila,romanian-opposite-young,opposite,32,1
multilingual,rlens_camila,romanian-opposite-young,young,32,1191
multilingual,rlens_camila,romanian-opposite-young,old,32,4168
multilingual,rlens_camila,romanian-opposite-young,Romanian,40,822
multilingual,rlens_camila,romanian-opposite-young,opposite,40,54
multilingual,rlens_camila,romanian-opposite-young,young,40,46
multilingual,rlens_camila,romanian-opposite-young,old,40,75
multilingual,rlens_camila,romanian-opposite-young,Romanian,48,2313
multilingual,rlens_camila,romanian-opposite-young,opposite,48,75
multilingual,rlens_camila,romanian-opposite-young,young,48,89
multilingual,rlens_camila,romanian-opposite-young,old,48,32
multilingual,rlens_camila,romanian-opposite-young,Romanian,56,625
multilingual,rlens_camila,romanian-opposite-young,opposite,56,2477
multilingual,rlens_camila,romanian-opposite-young,young,56,69
multilingual,rlens_camila,romanian-opposite-young,old,56,2
multilingual,jpp_released,romanian-opposite-young,Romanian,8,103345
multilingual,jpp_released,romanian-opposite-young,opposite,8,503
multilingual,jpp_released,romanian-opposite-young,young,8,2439
multilingual,jpp_released,romanian-opposite-young,old,8,1682
multilingual,jpp_released,romanian-opposite-young,Romanian,16,13647
multilingual,jpp_released,romanian-opposite-young,opposite,16,3164
multilingual,jpp_released,romanian-opposite-young,young,16,1387
multilingual,jpp_released,romanian-opposite-young,old,16,92
multilingual,jpp_released,romanian-opposite-young,Romanian,24,10534
multilingual,jpp_released,romanian-opposite-young,opposite,24,3
multilingual,jpp_released,romanian-opposite-young,young,24,3009
multilingual,jpp_released,romanian-opposite-young,old,24,729
multilingual,jpp_released,romanian-opposite-young,Romanian,32,7
multilingual,jpp_released,romanian-opposite-young,opposite,32,77
multilingual,jpp_released,romanian-opposite-young,young,32,4476
multilingual,jpp_released,romanian-opposite-young,old,32,99
multilingual,jpp_released,romanian-opposite-young,Romanian,40,507
multilingual,jpp_released,romanian-opposite-young,opposite,40,78
multilingual,jpp_released,romanian-opposite-young,young,40,8
multilingual,jpp_released,romanian-opposite-young,old,40,9
multilingual,jpp_released,romanian-opposite-young,Romanian,48,84
multilingual,jpp_released,romanian-opposite-young,opposite,48,118
multilingual,jpp_released,romanian-opposite-young,young,48,54
multilingual,jpp_released,romanian-opposite-young,old,48,15
multilingual,jpp_released,romanian-opposite-young,Romanian,56,113
multilingual,jpp_released,romanian-opposite-young,opposite,56,11515
multilingual,jpp_released,romanian-opposite-young,young,56,29
multilingual,jpp_released,romanian-opposite-young,old,56,2
multilingual,logit,hungarian-color-sea,Hungarian,8,54890
multilingual,logit,hungarian-color-sea,color,8,823
multilingual,logit,hungarian-color-sea,sea,8,5582
multilingual,logit,hungarian-color-sea,blue,8,1799
multilingual,logit,hungarian-color-sea,Hungarian,16,67036
multilingual,logit,hungarian-color-sea,color,16,76
multilingual,logit,hungarian-color-sea,sea,16,15238
multilingual,logit,hungarian-color-sea,blue,16,2925
multilingual,logit,hungarian-color-sea,Hungarian,24,114355
multilingual,logit,hungarian-color-sea,color,24,21
multilingual,logit,hungarian-color-sea,sea,24,336
multilingual,logit,hungarian-color-sea,blue,24,163
multilingual,logit,hungarian-color-sea,Hungarian,32,111617
multilingual,logit,hungarian-color-sea,color,32,158
multilingual,logit,hungarian-color-sea,sea,32,5389
multilingual,logit,hungarian-color-sea,blue,32,2270
multilingual,logit,hungarian-color-sea,Hungarian,40,69550
multilingual,logit,hungarian-color-sea,color,40,1561
multilingual,logit,hungarian-color-sea,sea,40,571
multilingual,logit,hungarian-color-sea,blue,40,47
multilingual,logit,hungarian-color-sea,Hungarian,48,86372
multilingual,logit,hungarian-color-sea,color,48,1870
multilingual,logit,hungarian-color-sea,sea,48,412
multilingual,logit,hungarian-color-sea,blue,48,862
multilingual,logit,hungarian-color-sea,Hungarian,56,16669
multilingual,logit,hungarian-color-sea,color,56,2544
multilingual,logit,hungarian-color-sea,sea,56,7403
multilingual,logit,hungarian-color-sea,blue,56,12
multilingual,jlens_camila,hungarian-color-sea,Hungarian,8,34058
multilingual,jlens_camila,hungarian-color-sea,color,8,689
multilingual,jlens_camila,hungarian-color-sea,sea,8,48270
multilingual,jlens_camila,hungarian-color-sea,blue,8,140701
multilingual,jlens_camila,hungarian-color-sea,Hungarian,16,7328
multilingual,jlens_camila,hungarian-color-sea,color,16,176
multilingual,jlens_camila,hungarian-color-sea,sea,16,9205
multilingual,jlens_camila,hungarian-color-sea,blue,16,29833
multilingual,jlens_camila,hungarian-color-sea,Hungarian,24,6842
multilingual,jlens_camila,hungarian-color-sea,color,24,14
multilingual,jlens_camila,hungarian-color-sea,sea,24,277
multilingual,jlens_camila,hungarian-color-sea,blue,24,828
multilingual,jlens_camila,hungarian-color-sea,Hungarian,32,3144
multilingual,jlens_camila,hungarian-color-sea,color,32,2
multilingual,jlens_camila,hungarian-color-sea,sea,32,157
multilingual,jlens_camila,hungarian-color-sea,blue,32,40
multilingual,jlens_camila,hungarian-color-sea,Hungarian,40,3367
multilingual,jlens_camila,hungarian-color-sea,color,40,2
multilingual,jlens_camila,hungarian-color-sea,sea,40,18
multilingual,jlens_camila,hungarian-color-sea,blue,40,10
multilingual,jlens_camila,hungarian-color-sea,Hungarian,48,5302
multilingual,jlens_camila,hungarian-color-sea,color,48,2
multilingual,jlens_camila,hungarian-color-sea,sea,48,21
multilingual,jlens_camila,hungarian-color-sea,blue,48,8
multilingual,jlens_camila,hungarian-color-sea,Hungarian,56,289
multilingual,jlens_camila,hungarian-color-sea,color,56,39
multilingual,jlens_camila,hungarian-color-sea,sea,56,29
multilingual,jlens_camila,hungarian-color-sea,blue,56,1
multilingual,rlens_camila,hungarian-color-sea,Hungarian,8,1948
multilingual,rlens_camila,hungarian-color-sea,color,8,82
multilingual,rlens_camila,hungarian-color-sea,sea,8,5774
multilingual,rlens_camila,hungarian-color-sea,blue,8,2972
multilingual,rlens_camila,hungarian-color-sea,Hungarian,16,2408
multilingual,rlens_camila,hungarian-color-sea,color,16,13
multilingual,rlens_camila,hungarian-color-sea,sea,16,2340
multilingual,rlens_camila,hungarian-color-sea,blue,16,989
multilingual,rlens_camila,hungarian-color-sea,Hungarian,24,4647
multilingual,rlens_camila,hungarian-color-sea,color,24,1
multilingual,rlens_camila,hungarian-color-sea,sea,24,16
multilingual,rlens_camila,hungarian-color-sea,blue,24,74
multilingual,rlens_camila,hungarian-color-sea,Hungarian,32,9370
multilingual,rlens_camila,hungarian-color-sea,color,32,1
multilingual,rlens_camila,hungarian-color-sea,sea,32,83
multilingual,rlens_camila,hungarian-color-sea,blue,32,44
multilingual,rlens_camila,hungarian-color-sea,Hungarian,40,6814
multilingual,rlens_camila,hungarian-color-sea,color,40,1
multilingual,rlens_camila,hungarian-color-sea,sea,40,8
multilingual,rlens_camila,hungarian-color-sea,blue,40,4
multilingual,rlens_camila,hungarian-color-sea,Hungarian,48,12649
multilingual,rlens_camila,hungarian-color-sea,color,48,1
multilingual,rlens_camila,hungarian-color-sea,sea,48,9
multilingual,rlens_camila,hungarian-color-sea,blue,48,7
multilingual,rlens_camila,hungarian-color-sea,Hungarian,56,829
multilingual,rlens_camila,hungarian-color-sea,color,56,47
multilingual,rlens_camila,hungarian-color-sea,sea,56,15
multilingual,rlens_camila,hungarian-color-sea,blue,56,1
multilingual,jpp_released,hungarian-color-sea,Hungarian,8,423
multilingual,jpp_released,hungarian-color-sea,color,8,1
multilingual,jpp_released,hungarian-color-sea,sea,8,464
multilingual,jpp_released,hungarian-color-sea,blue,8,2722
multilingual,jpp_released,hungarian-color-sea,Hungarian,16,2
multilingual,jpp_released,hungarian-color-sea,color,16,7
multilingual,jpp_released,hungarian-color-sea,sea,16,270
multilingual,jpp_released,hungarian-color-sea,blue,16,104
multilingual,jpp_released,hungarian-color-sea,Hungarian,24,5124
multilingual,jpp_released,hungarian-color-sea,color,24,2
multilingual,jpp_released,hungarian-color-sea,sea,24,4
multilingual,jpp_released,hungarian-color-sea,blue,24,26
multilingual,jpp_released,hungarian-color-sea,Hungarian,32,269
multilingual,jpp_released,hungarian-color-sea,color,32,3
multilingual,jpp_released,hungarian-color-sea,sea,32,11
multilingual,jpp_released,hungarian-color-sea,blue,32,19
multilingual,jpp_released,hungarian-color-sea,Hungarian,40,3841
multilingual,jpp_released,hungarian-color-sea,color,40,1
multilingual,jpp_released,hungarian-color-sea,sea,40,6
multilingual,jpp_released,hungarian-color-sea,blue,40,3
multilingual,jpp_released,hungarian-color-sea,Hungarian,48,419
multilingual,jpp_released,hungarian-color-sea,color,48,1
multilingual,jpp_released,hungarian-color-sea,sea,48,3
multilingual,jpp_released,hungarian-color-sea,blue,48,4
multilingual,jpp_released,hungarian-color-sea,Hungarian,56,49
multilingual,jpp_released,hungarian-color-sea,color,56,14
multilingual,jpp_released,hungarian-color-sea,sea,56,5
multilingual,jpp_released,hungarian-color-sea,blue,56,1
multilingual,logit,spanish-number-three,Spanish,8,8970
multilingual,logit,spanish-number-three,number,8,865
multilingual,logit,spanish-number-three,three,8,1596
multilingual,logit,spanish-number-three,four,8,18597
multilingual,logit,spanish-number-three,Spanish,16,42372
multilingual,logit,spanish-number-three,number,16,7202
multilingual,logit,spanish-number-three,three,16,5587
multilingual,logit,spanish-number-three,four,16,12050
multilingual,logit,spanish-number-three,Spanish,24,4355
multilingual,logit,spanish-number-three,number,24,4133
multilingual,logit,spanish-number-three,three,24,16005
multilingual,logit,spanish-number-three,four,24,69356
multilingual,logit,spanish-number-three,Spanish,32,12002
multilingual,logit,spanish-number-three,number,32,3760
multilingual,logit,spanish-number-three,three,32,17561
multilingual,logit,spanish-number-three,four,32,35061
multilingual,logit,spanish-number-three,Spanish,40,7309
multilingual,logit,spanish-number-three,number,40,74
multilingual,logit,spanish-number-three,three,40,7471
multilingual,logit,spanish-number-three,four,40,28340
multilingual,logit,spanish-number-three,Spanish,48,4216
multilingual,logit,spanish-number-three,number,48,349
multilingual,logit,spanish-number-three,three,48,260
multilingual,logit,spanish-number-three,four,48,2837
multilingual,logit,spanish-number-three,Spanish,56,49773
multilingual,logit,spanish-number-three,number,56,2514
multilingual,logit,spanish-number-three,three,56,41
multilingual,logit,spanish-number-three,four,56,1
multilingual,jlens_camila,spanish-number-three,Spanish,8,1542
multilingual,jlens_camila,spanish-number-three,number,8,8028
multilingual,jlens_camila,spanish-number-three,three,8,139222
multilingual,jlens_camila,spanish-number-three,four,8,58923
multilingual,jlens_camila,spanish-number-three,Spanish,16,944
multilingual,jlens_camila,spanish-number-three,number,16,2170
multilingual,jlens_camila,spanish-number-three,three,16,12187
multilingual,jlens_camila,spanish-number-three,four,16,62726
multilingual,jlens_camila,spanish-number-three,Spanish,24,215
multilingual,jlens_camila,spanish-number-three,number,24,800
multilingual,jlens_camila,spanish-number-three,three,24,111997
multilingual,jlens_camila,spanish-number-three,four,24,98280
multilingual,jlens_camila,spanish-number-three,Spanish,32,11
multilingual,jlens_camila,spanish-number-three,number,32,505
multilingual,jlens_camila,spanish-number-three,three,32,52112
multilingual,jlens_camila,spanish-number-three,four,32,38281
multilingual,jlens_camila,spanish-number-three,Spanish,40,111
multilingual,jlens_camila,spanish-number-three,number,40,10
multilingual,jlens_camila,spanish-number-three,three,40,2805
multilingual,jlens_camila,spanish-number-three,four,40,4155
multilingual,jlens_camila,spanish-number-three,Spanish,48,171
multilingual,jlens_camila,spanish-number-three,number,48,12
multilingual,jlens_camila,spanish-number-three,three,48,76
multilingual,jlens_camila,spanish-number-three,four,48,385
multilingual,jlens_camila,spanish-number-three,Spanish,56,10329
multilingual,jlens_camila,spanish-number-three,number,56,400
multilingual,jlens_camila,spanish-number-three,three,56,7
multilingual,jlens_camila,spanish-number-three,four,56,1
multilingual,rlens_camila,spanish-number-three,Spanish,8,1655
multilingual,rlens_camila,spanish-number-three,number,8,259
multilingual,rlens_camila,spanish-number-three,three,8,3206
multilingual,rlens_camila,spanish-number-three,four,8,17064
multilingual,rlens_camila,spanish-number-three,Spanish,16,1017
multilingual,rlens_camila,spanish-number-three,number,16,276
multilingual,rlens_camila,spanish-number-three,three,16,1643
multilingual,rlens_camila,spanish-number-three,four,16,6962
multilingual,rlens_camila,spanish-number-three,Spanish,24,18
multilingual,rlens_camila,spanish-number-three,number,24,93
multilingual,rlens_camila,spanish-number-three,three,24,8143
multilingual,rlens_camila,spanish-number-three,four,24,30636
multilingual,rlens_camila,spanish-number-three,Spanish,32,4
multilingual,rlens_camila,spanish-number-three,number,32,85
multilingual,rlens_camila,spanish-number-three,three,32,9429
multilingual,rlens_camila,spanish-number-three,four,32,16068
multilingual,rlens_camila,spanish-number-three,Spanish,40,43
multilingual,rlens_camila,spanish-number-three,number,40,2
multilingual,rlens_camila,spanish-number-three,three,40,836
multilingual,rlens_camila,spanish-number-three,four,40,2602
multilingual,rlens_camila,spanish-number-three,Spanish,48,157
multilingual,rlens_camila,spanish-number-three,number,48,5
multilingual,rlens_camila,spanish-number-three,three,48,27
multilingual,rlens_camila,spanish-number-three,four,48,267
multilingual,rlens_camila,spanish-number-three,Spanish,56,9317
multilingual,rlens_camila,spanish-number-three,number,56,193
multilingual,rlens_camila,spanish-number-three,three,56,7
multilingual,rlens_camila,spanish-number-three,four,56,1
multilingual,jpp_released,spanish-number-three,Spanish,8,9
multilingual,jpp_released,spanish-number-three,number,8,323
multilingual,jpp_released,spanish-number-three,three,8,188
multilingual,jpp_released,spanish-number-three,four,8,3691
multilingual,jpp_released,spanish-number-three,Spanish,16,28
multilingual,jpp_released,spanish-number-three,number,16,478
multilingual,jpp_released,spanish-number-three,three,16,911
multilingual,jpp_released,spanish-number-three,four,16,2389
multilingual,jpp_released,spanish-number-three,Spanish,24,1
multilingual,jpp_released,spanish-number-three,number,24,26
multilingual,jpp_released,spanish-number-three,three,24,205
multilingual,jpp_released,spanish-number-three,four,24,764
multilingual,jpp_released,spanish-number-three,Spanish,32,1
multilingual,jpp_released,spanish-number-three,number,32,31
multilingual,jpp_released,spanish-number-three,three,32,794
multilingual,jpp_released,spanish-number-three,four,32,1376
multilingual,jpp_released,spanish-number-three,Spanish,40,11
multilingual,jpp_released,spanish-number-three,number,40,1
multilingual,jpp_released,spanish-number-three,three,40,50
multilingual,jpp_released,spanish-number-three,four,40,89
multilingual,jpp_released,spanish-number-three,Spanish,48,4
multilingual,jpp_released,spanish-number-three,number,48,3
multilingual,jpp_released,spanish-number-three,three,48,7
multilingual,jpp_released,spanish-number-three,four,48,22
multilingual,jpp_released,spanish-number-three,Spanish,56,324
multilingual,jpp_released,spanish-number-three,number,56,106
multilingual,jpp_released,spanish-number-three,three,56,13
multilingual,jpp_released,spanish-number-three,four,56,5
multilingual,logit,german-number-five,German,8,4140
multilingual,logit,german-number-five,number,8,2651
multilingual,logit,german-number-five,five,8,30137
multilingual,logit,german-number-five,six,8,33856
multilingual,logit,german-number-five,German,16,71530
multilingual,logit,german-number-five,number,16,6657
multilingual,logit,german-number-five,five,16,69213
multilingual,logit,german-number-five,six,16,108401
multilingual,logit,german-number-five,German,24,554
multilingual,logit,german-number-five,number,24,17211
multilingual,logit,german-number-five,five,24,60446
multilingual,logit,german-number-five,six,24,48273
multilingual,logit,german-number-five,German,32,1059
multilingual,logit,german-number-five,number,32,5368
multilingual,logit,german-number-five,five,32,24580
multilingual,logit,german-number-five,six,32,32805
multilingual,logit,german-number-five,German,40,7345
multilingual,logit,german-number-five,number,40,5
multilingual,logit,german-number-five,five,40,1503
multilingual,logit,german-number-five,six,40,12420
multilingual,logit,german-number-five,German,48,20960
multilingual,logit,german-number-five,number,48,221
multilingual,logit,german-number-five,five,48,1461
multilingual,logit,german-number-five,six,48,10212
multilingual,logit,german-number-five,German,56,31100
multilingual,logit,german-number-five,number,56,237
multilingual,logit,german-number-five,five,56,12
multilingual,logit,german-number-five,six,56,2
multilingual,jlens_camila,german-number-five,German,8,4053
multilingual,jlens_camila,german-number-five,number,8,14426
multilingual,jlens_camila,german-number-five,five,8,102377
multilingual,jlens_camila,german-number-five,six,8,80676
multilingual,jlens_camila,german-number-five,German,16,1019
multilingual,jlens_camila,german-number-five,number,16,2131
multilingual,jlens_camila,german-number-five,five,16,61046
multilingual,jlens_camila,german-number-five,six,16,127370
multilingual,jlens_camila,german-number-five,German,24,19
multilingual,jlens_camila,german-number-five,number,24,7631
multilingual,jlens_camila,german-number-five,five,24,61138
multilingual,jlens_camila,german-number-five,six,24,29565
multilingual,jlens_camila,german-number-five,German,32,4
multilingual,jlens_camila,german-number-five,number,32,1548
multilingual,jlens_camila,german-number-five,five,32,20338
multilingual,jlens_camila,german-number-five,six,32,31790
multilingual,jlens_camila,german-number-five,German,40,287
multilingual,jlens_camila,german-number-five,number,40,2
multilingual,jlens_camila,german-number-five,five,40,122
multilingual,jlens_camila,german-number-five,six,40,321
multilingual,jlens_camila,german-number-five,German,48,288
multilingual,jlens_camila,german-number-five,number,48,2
multilingual,jlens_camila,german-number-five,five,48,52
multilingual,jlens_camila,german-number-five,six,48,355
multilingual,jlens_camila,german-number-five,German,56,8126
multilingual,jlens_camila,german-number-five,number,56,134
multilingual,jlens_camila,german-number-five,five,56,6
multilingual,jlens_camila,german-number-five,six,56,1
multilingual,rlens_camila,german-number-five,German,8,315
multilingual,rlens_camila,german-number-five,number,8,404
multilingual,rlens_camila,german-number-five,five,8,23690
multilingual,rlens_camila,german-number-five,six,8,29853
multilingual,rlens_camila,german-number-five,German,16,826
multilingual,rlens_camila,german-number-five,number,16,361
multilingual,rlens_camila,german-number-five,five,16,7959
multilingual,rlens_camila,german-number-five,six,16,22263
multilingual,rlens_camila,german-number-five,German,24,2
multilingual,rlens_camila,german-number-five,number,24,3181
multilingual,rlens_camila,german-number-five,five,24,14729
multilingual,rlens_camila,german-number-five,six,24,16209
multilingual,rlens_camila,german-number-five,German,32,5
multilingual,rlens_camila,german-number-five,number,32,413
multilingual,rlens_camila,german-number-five,five,32,9239
multilingual,rlens_camila,german-number-five,six,32,11178
multilingual,rlens_camila,german-number-five,German,40,201
multilingual,rlens_camila,german-number-five,number,40,2
multilingual,rlens_camila,german-number-five,five,40,51
multilingual,rlens_camila,german-number-five,six,40,182
multilingual,rlens_camila,german-number-five,German,48,212
multilingual,rlens_camila,german-number-five,number,48,2
multilingual,rlens_camila,german-number-five,five,48,36
multilingual,rlens_camila,german-number-five,six,48,228
multilingual,rlens_camila,german-number-five,German,56,5969
multilingual,rlens_camila,german-number-five,number,56,92
multilingual,rlens_camila,german-number-five,five,56,8
multilingual,rlens_camila,german-number-five,six,56,1
multilingual,jpp_released,german-number-five,German,8,1
multilingual,jpp_released,german-number-five,number,8,467
multilingual,jpp_released,german-number-five,five,8,1515
multilingual,jpp_released,german-number-five,six,8,4007
multilingual,jpp_released,german-number-five,German,16,4
multilingual,jpp_released,german-number-five,number,16,222
multilingual,jpp_released,german-number-five,five,16,4420
multilingual,jpp_released,german-number-five,six,16,5335
multilingual,jpp_released,german-number-five,German,24,1
multilingual,jpp_released,german-number-five,number,24,462
multilingual,jpp_released,german-number-five,five,24,2757
multilingual,jpp_released,german-number-five,six,24,3456
multilingual,jpp_released,german-number-five,German,32,1
multilingual,jpp_released,german-number-five,number,32,206
multilingual,jpp_released,german-number-five,five,32,2201
multilingual,jpp_released,german-number-five,six,32,2553
multilingual,jpp_released,german-number-five,German,40,59
multilingual,jpp_released,german-number-five,number,40,1
multilingual,jpp_released,german-number-five,five,40,3
multilingual,jpp_released,german-number-five,six,40,10
multilingual,jpp_released,german-number-five,German,48,29
multilingual,jpp_released,german-number-five,number,48,1
multilingual,jpp_released,german-number-five,five,48,4
multilingual,jpp_released,german-number-five,six,48,27
multilingual,jpp_released,german-number-five,German,56,162
multilingual,jpp_released,german-number-five,number,56,66
multilingual,jpp_released,german-number-five,five,56,14
multilingual,jpp_released,german-number-five,six,56,2
multilingual,logit,french-number-seven,French,8,3949
multilingual,logit,french-number-seven,number,8,1057
multilingual,logit,french-number-seven,seven,8,59178
multilingual,logit,french-number-seven,eight,8,41706
multilingual,logit,french-number-seven,French,16,15078
multilingual,logit,french-number-seven,number,16,4684
multilingual,logit,french-number-seven,seven,16,56091
multilingual,logit,french-number-seven,eight,16,44835
multilingual,logit,french-number-seven,French,24,534
multilingual,logit,french-number-seven,number,24,15780
multilingual,logit,french-number-seven,seven,24,23521
multilingual,logit,french-number-seven,eight,24,21287
multilingual,logit,french-number-seven,French,32,1733
multilingual,logit,french-number-seven,number,32,3632
multilingual,logit,french-number-seven,seven,32,15379
multilingual,logit,french-number-seven,eight,32,25115
multilingual,logit,french-number-seven,French,40,5312
multilingual,logit,french-number-seven,number,40,10
multilingual,logit,french-number-seven,seven,40,2553
multilingual,logit,french-number-seven,eight,40,9586
multilingual,logit,french-number-seven,French,48,4116
multilingual,logit,french-number-seven,number,48,94
multilingual,logit,french-number-seven,seven,48,2541
multilingual,logit,french-number-seven,eight,48,3817
multilingual,logit,french-number-seven,French,56,8025
multilingual,logit,french-number-seven,number,56,227
multilingual,logit,french-number-seven,seven,56,23
multilingual,logit,french-number-seven,eight,56,1
multilingual,jlens_camila,french-number-seven,French,8,75
multilingual,jlens_camila,french-number-seven,number,8,9296
multilingual,jlens_camila,french-number-seven,seven,8,47540
multilingual,jlens_camila,french-number-seven,eight,8,76199
multilingual,jlens_camila,french-number-seven,French,16,103
multilingual,jlens_camila,french-number-seven,number,16,454
multilingual,jlens_camila,french-number-seven,seven,16,55123
multilingual,jlens_camila,french-number-seven,eight,16,83661
multilingual,jlens_camila,french-number-seven,French,24,121
multilingual,jlens_camila,french-number-seven,number,24,1067
multilingual,jlens_camila,french-number-seven,seven,24,22551
multilingual,jlens_camila,french-number-seven,eight,24,101438
multilingual,jlens_camila,french-number-seven,French,32,9
multilingual,jlens_camila,french-number-seven,number,32,298
multilingual,jlens_camila,french-number-seven,seven,32,11769
multilingual,jlens_camila,french-number-seven,eight,32,5825
multilingual,jlens_camila,french-number-seven,French,40,145
multilingual,jlens_camila,french-number-seven,number,40,1
multilingual,jlens_camila,french-number-seven,seven,40,420
multilingual,jlens_camila,french-number-seven,eight,40,265
multilingual,jlens_camila,french-number-seven,French,48,182
multilingual,jlens_camila,french-number-seven,number,48,4
multilingual,jlens_camila,french-number-seven,seven,48,140
multilingual,jlens_camila,french-number-seven,eight,48,79
multilingual,jlens_camila,french-number-seven,French,56,2346
multilingual,jlens_camila,french-number-seven,number,56,139
multilingual,jlens_camila,french-number-seven,seven,56,13
multilingual,jlens_camila,french-number-seven,eight,56,1
multilingual,rlens_camila,french-number-seven,French,8,194
multilingual,rlens_camila,french-number-seven,number,8,166
multilingual,rlens_camila,french-number-seven,seven,8,49792
multilingual,rlens_camila,french-number-seven,eight,8,33508
multilingual,rlens_camila,french-number-seven,French,16,151
multilingual,rlens_camila,french-number-seven,number,16,164
multilingual,rlens_camila,french-number-seven,seven,16,19281
multilingual,rlens_camila,french-number-seven,eight,16,7534
multilingual,rlens_camila,french-number-seven,French,24,11
multilingual,rlens_camila,french-number-seven,number,24,675
multilingual,rlens_camila,french-number-seven,seven,24,9221
multilingual,rlens_camila,french-number-seven,eight,24,3631
multilingual,rlens_camila,french-number-seven,French,32,12
multilingual,rlens_camila,french-number-seven,number,32,78
multilingual,rlens_camila,french-number-seven,seven,32,3636
multilingual,rlens_camila,french-number-seven,eight,32,1259
multilingual,rlens_camila,french-number-seven,French,40,115
multilingual,rlens_camila,french-number-seven,number,40,1
multilingual,rlens_camila,french-number-seven,seven,40,207
multilingual,rlens_camila,french-number-seven,eight,40,119
multilingual,rlens_camila,french-number-seven,French,48,102
multilingual,rlens_camila,french-number-seven,number,48,2
multilingual,rlens_camila,french-number-seven,seven,48,113
multilingual,rlens_camila,french-number-seven,eight,48,56
multilingual,rlens_camila,french-number-seven,French,56,1394
multilingual,rlens_camila,french-number-seven,number,56,105
multilingual,rlens_camila,french-number-seven,seven,56,14
multilingual,rlens_camila,french-number-seven,eight,56,1
multilingual,jpp_released,french-number-seven,French,8,1
multilingual,jpp_released,french-number-seven,number,8,307
multilingual,jpp_released,french-number-seven,seven,8,22508
multilingual,jpp_released,french-number-seven,eight,8,7779
multilingual,jpp_released,french-number-seven,French,16,9
multilingual,jpp_released,french-number-seven,number,16,413
multilingual,jpp_released,french-number-seven,seven,16,2101
multilingual,jpp_released,french-number-seven,eight,16,3980
multilingual,jpp_released,french-number-seven,French,24,2
multilingual,jpp_released,french-number-seven,number,24,259
multilingual,jpp_released,french-number-seven,seven,24,405
multilingual,jpp_released,french-number-seven,eight,24,471
multilingual,jpp_released,french-number-seven,French,32,1
multilingual,jpp_released,french-number-seven,number,32,91
multilingual,jpp_released,french-number-seven,seven,32,450
multilingual,jpp_released,french-number-seven,eight,32,324
multilingual,jpp_released,french-number-seven,French,40,4
multilingual,jpp_released,french-number-seven,number,40,1
multilingual,jpp_released,french-number-seven,seven,40,8
multilingual,jpp_released,french-number-seven,eight,40,6
multilingual,jpp_released,french-number-seven,French,48,4
multilingual,jpp_released,french-number-seven,number,48,1
multilingual,jpp_released,french-number-seven,seven,48,11
multilingual,jpp_released,french-number-seven,eight,48,6
multilingual,jpp_released,french-number-seven,French,56,154
multilingual,jpp_released,french-number-seven,number,56,92
multilingual,jpp_released,french-number-seven,seven,56,13
multilingual,jpp_released,french-number-seven,eight,56,2
multilingual,logit,italian-number-two,Italian,8,16802
multilingual,logit,italian-number-two,number,8,1060
multilingual,logit,italian-number-two,two,8,880
multilingual,logit,italian-number-two,three,8,2253
multilingual,logit,italian-number-two,Italian,16,36913
multilingual,logit,italian-number-two,number,16,7993
multilingual,logit,italian-number-two,two,16,2809
multilingual,logit,italian-number-two,three,16,6318
multilingual,logit,italian-number-two,Italian,24,5242
multilingual,logit,italian-number-two,number,24,5633
multilingual,logit,italian-number-two,two,24,46909
multilingual,logit,italian-number-two,three,24,25196
multilingual,logit,italian-number-two,Italian,32,20669
multilingual,logit,italian-number-two,number,32,1374
multilingual,logit,italian-number-two,two,32,18227
multilingual,logit,italian-number-two,three,32,7948
multilingual,logit,italian-number-two,Italian,40,6387
multilingual,logit,italian-number-two,number,40,164
multilingual,logit,italian-number-two,two,40,7508
multilingual,logit,italian-number-two,three,40,8717
multilingual,logit,italian-number-two,Italian,48,10294
multilingual,logit,italian-number-two,number,48,191
multilingual,logit,italian-number-two,two,48,31
multilingual,logit,italian-number-two,three,48,512
multilingual,logit,italian-number-two,Italian,56,11557
multilingual,logit,italian-number-two,number,56,4726
multilingual,logit,italian-number-two,two,56,101
multilingual,logit,italian-number-two,three,56,1
multilingual,jlens_camila,italian-number-two,Italian,8,1826
multilingual,jlens_camila,italian-number-two,number,8,10897
multilingual,jlens_camila,italian-number-two,two,8,79814
multilingual,jlens_camila,italian-number-two,three,8,124943
multilingual,jlens_camila,italian-number-two,Italian,16,14436
multilingual,jlens_camila,italian-number-two,number,16,1073
multilingual,jlens_camila,italian-number-two,two,16,90350
multilingual,jlens_camila,italian-number-two,three,16,34275
multilingual,jlens_camila,italian-number-two,Italian,24,399
multilingual,jlens_camila,italian-number-two,number,24,6790
multilingual,jlens_camila,italian-number-two,two,24,134255
multilingual,jlens_camila,italian-number-two,three,24,169529
multilingual,jlens_camila,italian-number-two,Italian,32,67
multilingual,jlens_camila,italian-number-two,number,32,1169
multilingual,jlens_camila,italian-number-two,two,32,21851
multilingual,jlens_camila,italian-number-two,three,32,46556
multilingual,jlens_camila,italian-number-two,Italian,40,51
multilingual,jlens_camila,italian-number-two,number,40,14
multilingual,jlens_camila,italian-number-two,two,40,703
multilingual,jlens_camila,italian-number-two,three,40,551
multilingual,jlens_camila,italian-number-two,Italian,48,128
multilingual,jlens_camila,italian-number-two,number,48,34
multilingual,jlens_camila,italian-number-two,two,48,19
multilingual,jlens_camila,italian-number-two,three,48,243
multilingual,jlens_camila,italian-number-two,Italian,56,1130
multilingual,jlens_camila,italian-number-two,number,56,1201
multilingual,jlens_camila,italian-number-two,two,56,53
multilingual,jlens_camila,italian-number-two,three,56,1
multilingual,rlens_camila,italian-number-two,Italian,8,6577
multilingual,rlens_camila,italian-number-two,number,8,216
multilingual,rlens_camila,italian-number-two,two,8,6252
multilingual,rlens_camila,italian-number-two,three,8,19692
multilingual,rlens_camila,italian-number-two,Italian,16,3798
multilingual,rlens_camila,italian-number-two,number,16,181
multilingual,rlens_camila,italian-number-two,two,16,784
multilingual,rlens_camila,italian-number-two,three,16,3199
multilingual,rlens_camila,italian-number-two,Italian,24,33
multilingual,rlens_camila,italian-number-two,number,24,137
multilingual,rlens_camila,italian-number-two,two,24,6213
multilingual,rlens_camila,italian-number-two,three,24,16332
multilingual,rlens_camila,italian-number-two,Italian,32,146
multilingual,rlens_camila,italian-number-two,number,32,53
multilingual,rlens_camila,italian-number-two,two,32,1709
multilingual,rlens_camila,italian-number-two,three,32,3909
multilingual,rlens_camila,italian-number-two,Italian,40,64
multilingual,rlens_camila,italian-number-two,number,40,3
multilingual,rlens_camila,italian-number-two,two,40,219
multilingual,rlens_camila,italian-number-two,three,40,273
multilingual,rlens_camila,italian-number-two,Italian,48,147
multilingual,rlens_camila,italian-number-two,number,48,9
multilingual,rlens_camila,italian-number-two,two,48,7
multilingual,rlens_camila,italian-number-two,three,48,73
multilingual,rlens_camila,italian-number-two,Italian,56,997
multilingual,rlens_camila,italian-number-two,number,56,448
multilingual,rlens_camila,italian-number-two,two,56,21
multilingual,rlens_camila,italian-number-two,three,56,1
multilingual,jpp_released,italian-number-two,Italian,8,42
multilingual,jpp_released,italian-number-two,number,8,749
multilingual,jpp_released,italian-number-two,two,8,3041
multilingual,jpp_released,italian-number-two,three,8,3402
multilingual,jpp_released,italian-number-two,Italian,16,467
multilingual,jpp_released,italian-number-two,number,16,809
multilingual,jpp_released,italian-number-two,two,16,571
multilingual,jpp_released,italian-number-two,three,16,1180
multilingual,jpp_released,italian-number-two,Italian,24,3
multilingual,jpp_released,italian-number-two,number,24,20
multilingual,jpp_released,italian-number-two,two,24,357
multilingual,jpp_released,italian-number-two,three,24,270
multilingual,jpp_released,italian-number-two,Italian,32,5
multilingual,jpp_released,italian-number-two,number,32,61
multilingual,jpp_released,italian-number-two,two,32,504
multilingual,jpp_released,italian-number-two,three,32,324
multilingual,jpp_released,italian-number-two,Italian,40,95
multilingual,jpp_released,italian-number-two,number,40,5
multilingual,jpp_released,italian-number-two,two,40,13
multilingual,jpp_released,italian-number-two,three,40,24
multilingual,jpp_released,italian-number-two,Italian,48,18
multilingual,jpp_released,italian-number-two,number,48,7
multilingual,jpp_released,italian-number-two,two,48,5
multilingual,jpp_released,italian-number-two,three,48,9
multilingual,jpp_released,italian-number-two,Italian,56,30
multilingual,jpp_released,italian-number-two,number,56,714
multilingual,jpp_released,italian-number-two,two,56,55
multilingual,jpp_released,italian-number-two,three,56,1
multilingual,logit,russian-number-four,Russian,8,11665
multilingual,logit,russian-number-four,number,8,558
multilingual,logit,russian-number-four,four,8,9492
multilingual,logit,russian-number-four,five,8,6497
multilingual,logit,russian-number-four,Russian,16,9265
multilingual,logit,russian-number-four,number,16,4306
multilingual,logit,russian-number-four,four,16,3673
multilingual,logit,russian-number-four,five,16,22404
multilingual,logit,russian-number-four,Russian,24,286
multilingual,logit,russian-number-four,number,24,6622
multilingual,logit,russian-number-four,four,24,125584
multilingual,logit,russian-number-four,five,24,88566
multilingual,logit,russian-number-four,Russian,32,13124
multilingual,logit,russian-number-four,number,32,451
multilingual,logit,russian-number-four,four,32,33664
multilingual,logit,russian-number-four,five,32,23637
multilingual,logit,russian-number-four,Russian,40,2139
multilingual,logit,russian-number-four,number,40,2
multilingual,logit,russian-number-four,four,40,2333
multilingual,logit,russian-number-four,five,40,8325
multilingual,logit,russian-number-four,Russian,48,21874
multilingual,logit,russian-number-four,number,48,73
multilingual,logit,russian-number-four,four,48,2042
multilingual,logit,russian-number-four,five,48,3698
multilingual,logit,russian-number-four,Russian,56,49703
multilingual,logit,russian-number-four,number,56,260
multilingual,logit,russian-number-four,four,56,15
multilingual,logit,russian-number-four,five,56,1
multilingual,jlens_camila,russian-number-four,Russian,8,6026
multilingual,jlens_camila,russian-number-four,number,8,11135
multilingual,jlens_camila,russian-number-four,four,8,25291
multilingual,jlens_camila,russian-number-four,five,8,63135
multilingual,jlens_camila,russian-number-four,Russian,16,1824
multilingual,jlens_camila,russian-number-four,number,16,2768
multilingual,jlens_camila,russian-number-four,four,16,45033
multilingual,jlens_camila,russian-number-four,five,16,73201
multilingual,jlens_camila,russian-number-four,Russian,24,3
multilingual,jlens_camila,russian-number-four,number,24,1379
multilingual,jlens_camila,russian-number-four,four,24,22505
multilingual,jlens_camila,russian-number-four,five,24,34461
multilingual,jlens_camila,russian-number-four,Russian,32,14
multilingual,jlens_camila,russian-number-four,number,32,407
multilingual,jlens_camila,russian-number-four,four,32,18919
multilingual,jlens_camila,russian-number-four,five,32,31143
multilingual,jlens_camila,russian-number-four,Russian,40,167
multilingual,jlens_camila,russian-number-four,number,40,43
multilingual,jlens_camila,russian-number-four,four,40,608
multilingual,jlens_camila,russian-number-four,five,40,1342
multilingual,jlens_camila,russian-number-four,Russian,48,359
multilingual,jlens_camila,russian-number-four,number,48,4
multilingual,jlens_camila,russian-number-four,four,48,311
multilingual,jlens_camila,russian-number-four,five,48,244
multilingual,jlens_camila,russian-number-four,Russian,56,21538
multilingual,jlens_camila,russian-number-four,number,56,152
multilingual,jlens_camila,russian-number-four,four,56,7
multilingual,jlens_camila,russian-number-four,five,56,1
multilingual,rlens_camila,russian-number-four,Russian,8,973
multilingual,rlens_camila,russian-number-four,number,8,110
multilingual,rlens_camila,russian-number-four,four,8,16656
multilingual,rlens_camila,russian-number-four,five,8,22503
multilingual,rlens_camila,russian-number-four,Russian,16,874
multilingual,rlens_camila,russian-number-four,number,16,287
multilingual,rlens_camila,russian-number-four,four,16,15685
multilingual,rlens_camila,russian-number-four,five,16,11629
multilingual,rlens_camila,russian-number-four,Russian,24,2
multilingual,rlens_camila,russian-number-four,number,24,394
multilingual,rlens_camila,russian-number-four,four,24,20660
multilingual,rlens_camila,russian-number-four,five,24,7844
multilingual,rlens_camila,russian-number-four,Russian,32,7
multilingual,rlens_camila,russian-number-four,number,32,130
multilingual,rlens_camila,russian-number-four,four,32,9788
multilingual,rlens_camila,russian-number-four,five,32,10484
multilingual,rlens_camila,russian-number-four,Russian,40,78
multilingual,rlens_camila,russian-number-four,number,40,8
multilingual,rlens_camila,russian-number-four,four,40,336
multilingual,rlens_camila,russian-number-four,five,40,455
multilingual,rlens_camila,russian-number-four,Russian,48,272
multilingual,rlens_camila,russian-number-four,number,48,2
multilingual,rlens_camila,russian-number-four,four,48,277
multilingual,rlens_camila,russian-number-four,five,48,185
multilingual,rlens_camila,russian-number-four,Russian,56,11383
multilingual,rlens_camila,russian-number-four,number,56,113
multilingual,rlens_camila,russian-number-four,four,56,5
multilingual,rlens_camila,russian-number-four,five,56,1
multilingual,jpp_released,russian-number-four,Russian,8,1292
multilingual,jpp_released,russian-number-four,number,8,148
multilingual,jpp_released,russian-number-four,four,8,498
multilingual,jpp_released,russian-number-four,five,8,276
multilingual,jpp_released,russian-number-four,Russian,16,6
multilingual,jpp_released,russian-number-four,number,16,203
multilingual,jpp_released,russian-number-four,four,16,2109
multilingual,jpp_released,russian-number-four,five,16,4587
multilingual,jpp_released,russian-number-four,Russian,24,1
multilingual,jpp_released,russian-number-four,number,24,36
multilingual,jpp_released,russian-number-four,four,24,376
multilingual,jpp_released,russian-number-four,five,24,169
multilingual,jpp_released,russian-number-four,Russian,32,1
multilingual,jpp_released,russian-number-four,number,32,34
multilingual,jpp_released,russian-number-four,four,32,1177
multilingual,jpp_released,russian-number-four,five,32,483
multilingual,jpp_released,russian-number-four,Russian,40,9
multilingual,jpp_released,russian-number-four,number,40,1
multilingual,jpp_released,russian-number-four,four,40,36
multilingual,jpp_released,russian-number-four,five,40,33
multilingual,jpp_released,russian-number-four,Russian,48,16
multilingual,jpp_released,russian-number-four,number,48,1
multilingual,jpp_released,russian-number-four,four,48,22
multilingual,jpp_released,russian-number-four,five,48,23
multilingual,jpp_released,russian-number-four,Russian,56,1356
multilingual,jpp_released,russian-number-four,number,56,43
multilingual,jpp_released,russian-number-four,four,56,9
multilingual,jpp_released,russian-number-four,five,56,1
multilingual,logit,portuguese-direction-up,Portuguese,8,54556
multilingual,logit,portuguese-direction-up,opposite,8,1419
multilingual,logit,portuguese-direction-up,up,8,114
multilingual,logit,portuguese-direction-up,down,8,2659
multilingual,logit,portuguese-direction-up,Portuguese,16,100469
multilingual,logit,portuguese-direction-up,opposite,16,571
multilingual,logit,portuguese-direction-up,up,16,31
multilingual,logit,portuguese-direction-up,down,16,3440
multilingual,logit,portuguese-direction-up,Portuguese,24,58879
multilingual,logit,portuguese-direction-up,opposite,24,7
multilingual,logit,portuguese-direction-up,up,24,357
multilingual,logit,portuguese-direction-up,down,24,1705
multilingual,logit,portuguese-direction-up,Portuguese,32,8927
multilingual,logit,portuguese-direction-up,opposite,32,4
multilingual,logit,portuguese-direction-up,up,32,262
multilingual,logit,portuguese-direction-up,down,32,7097
multilingual,logit,portuguese-direction-up,Portuguese,40,13362
multilingual,logit,portuguese-direction-up,opposite,40,3
multilingual,logit,portuguese-direction-up,up,40,120
multilingual,logit,portuguese-direction-up,down,40,65
multilingual,logit,portuguese-direction-up,Portuguese,48,33350
multilingual,logit,portuguese-direction-up,opposite,48,11
multilingual,logit,portuguese-direction-up,up,48,457
multilingual,logit,portuguese-direction-up,down,48,261
multilingual,logit,portuguese-direction-up,Portuguese,56,105405
multilingual,logit,portuguese-direction-up,opposite,56,718
multilingual,logit,portuguese-direction-up,up,56,198
multilingual,logit,portuguese-direction-up,down,56,26
multilingual,jlens_camila,portuguese-direction-up,Portuguese,8,5260
multilingual,jlens_camila,portuguese-direction-up,opposite,8,6890
multilingual,jlens_camila,portuguese-direction-up,up,8,2479
multilingual,jlens_camila,portuguese-direction-up,down,8,13970
multilingual,jlens_camila,portuguese-direction-up,Portuguese,16,13015
multilingual,jlens_camila,portuguese-direction-up,opposite,16,51175
multilingual,jlens_camila,portuguese-direction-up,up,16,439
multilingual,jlens_camila,portuguese-direction-up,down,16,1406
multilingual,jlens_camila,portuguese-direction-up,Portuguese,24,57
multilingual,jlens_camila,portuguese-direction-up,opposite,24,566
multilingual,jlens_camila,portuguese-direction-up,up,24,26086
multilingual,jlens_camila,portuguese-direction-up,down,24,2555
multilingual,jlens_camila,portuguese-direction-up,Portuguese,32,43
multilingual,jlens_camila,portuguese-direction-up,opposite,32,37
multilingual,jlens_camila,portuguese-direction-up,up,32,3990
multilingual,jlens_camila,portuguese-direction-up,down,32,3010
multilingual,jlens_camila,portuguese-direction-up,Portuguese,40,7620
multilingual,jlens_camila,portuguese-direction-up,opposite,40,1
multilingual,jlens_camila,portuguese-direction-up,up,40,3969
multilingual,jlens_camila,portuguese-direction-up,down,40,63
multilingual,jlens_camila,portuguese-direction-up,Portuguese,48,13783
multilingual,jlens_camila,portuguese-direction-up,opposite,48,1
multilingual,jlens_camila,portuguese-direction-up,up,48,9307
multilingual,jlens_camila,portuguese-direction-up,down,48,122
multilingual,jlens_camila,portuguese-direction-up,Portuguese,56,40084
multilingual,jlens_camila,portuguese-direction-up,opposite,56,371
multilingual,jlens_camila,portuguese-direction-up,up,56,313
multilingual,jlens_camila,portuguese-direction-up,down,56,24
multilingual,rlens_camila,portuguese-direction-up,Portuguese,8,2660
multilingual,rlens_camila,portuguese-direction-up,opposite,8,600
multilingual,rlens_camila,portuguese-direction-up,up,8,168
multilingual,rlens_camila,portuguese-direction-up,down,8,1002
multilingual,rlens_camila,portuguese-direction-up,Portuguese,16,7425
multilingual,rlens_camila,portuguese-direction-up,opposite,16,1153
multilingual,rlens_camila,portuguese-direction-up,up,16,953
multilingual,rlens_camila,portuguese-direction-up,down,16,1491
multilingual,rlens_camila,portuguese-direction-up,Portuguese,24,23
multilingual,rlens_camila,portuguese-direction-up,opposite,24,10
multilingual,rlens_camila,portuguese-direction-up,up,24,3058
multilingual,rlens_camila,portuguese-direction-up,down,24,1260
multilingual,rlens_camila,portuguese-direction-up,Portuguese,32,75
multilingual,rlens_camila,portuguese-direction-up,opposite,32,10
multilingual,rlens_camila,portuguese-direction-up,up,32,1918
multilingual,rlens_camila,portuguese-direction-up,down,32,1351
multilingual,rlens_camila,portuguese-direction-up,Portuguese,40,2561
multilingual,rlens_camila,portuguese-direction-up,opposite,40,1
multilingual,rlens_camila,portuguese-direction-up,up,40,1084
multilingual,rlens_camila,portuguese-direction-up,down,40,34
multilingual,rlens_camila,portuguese-direction-up,Portuguese,48,9274
multilingual,rlens_camila,portuguese-direction-up,opposite,48,1
multilingual,rlens_camila,portuguese-direction-up,up,48,1663
multilingual,rlens_camila,portuguese-direction-up,down,48,33
multilingual,rlens_camila,portuguese-direction-up,Portuguese,56,25737
multilingual,rlens_camila,portuguese-direction-up,opposite,56,283
multilingual,rlens_camila,portuguese-direction-up,up,56,171
multilingual,rlens_camila,portuguese-direction-up,down,56,19
multilingual,jpp_released,portuguese-direction-up,Portuguese,8,307
multilingual,jpp_released,portuguese-direction-up,opposite,8,424
multilingual,jpp_released,portuguese-direction-up,up,8,2028
multilingual,jpp_released,portuguese-direction-up,down,8,20236
multilingual,jpp_released,portuguese-direction-up,Portuguese,16,491
multilingual,jpp_released,portuguese-direction-up,opposite,16,878
multilingual,jpp_released,portuguese-direction-up,up,16,351
multilingual,jpp_released,portuguese-direction-up,down,16,1408
multilingual,jpp_released,portuguese-direction-up,Portuguese,24,2
multilingual,jpp_released,portuguese-direction-up,opposite,24,4
multilingual,jpp_released,portuguese-direction-up,up,24,189
multilingual,jpp_released,portuguese-direction-up,down,24,766
multilingual,jpp_released,portuguese-direction-up,Portuguese,32,1
multilingual,jpp_released,portuguese-direction-up,opposite,32,28
multilingual,jpp_released,portuguese-direction-up,up,32,956
multilingual,jpp_released,portuguese-direction-up,down,32,420
multilingual,jpp_released,portuguese-direction-up,Portuguese,40,668
multilingual,jpp_released,portuguese-direction-up,opposite,40,5
multilingual,jpp_released,portuguese-direction-up,up,40,198
multilingual,jpp_released,portuguese-direction-up,down,40,4
multilingual,jpp_released,portuguese-direction-up,Portuguese,48,832
multilingual,jpp_released,portuguese-direction-up,opposite,48,2
multilingual,jpp_released,portuguese-direction-up,up,48,219
multilingual,jpp_released,portuguese-direction-up,down,48,6
multilingual,jpp_released,portuguese-direction-up,Portuguese,56,1392
multilingual,jpp_released,portuguese-direction-up,opposite,56,762
multilingual,jpp_released,portuguese-direction-up,up,56,82
multilingual,jpp_released,portuguese-direction-up,down,56,5
multilingual,logit,dutch-direction-left,Dutch,8,18457
multilingual,logit,dutch-direction-left,opposite,8,2102
multilingual,logit,dutch-direction-left,left,8,12792
multilingual,logit,dutch-direction-left,right,8,1423
multilingual,logit,dutch-direction-left,Dutch,16,17131
multilingual,logit,dutch-direction-left,opposite,16,312
multilingual,logit,dutch-direction-left,left,16,23923
multilingual,logit,dutch-direction-left,right,16,2397
multilingual,logit,dutch-direction-left,Dutch,24,12926
multilingual,logit,dutch-direction-left,opposite,24,30
multilingual,logit,dutch-direction-left,left,24,113591
multilingual,logit,dutch-direction-left,right,24,17873
multilingual,logit,dutch-direction-left,Dutch,32,3954
multilingual,logit,dutch-direction-left,opposite,32,9
multilingual,logit,dutch-direction-left,left,32,83634
multilingual,logit,dutch-direction-left,right,32,763
multilingual,logit,dutch-direction-left,Dutch,40,19905
multilingual,logit,dutch-direction-left,opposite,40,1
multilingual,logit,dutch-direction-left,left,40,53
multilingual,logit,dutch-direction-left,right,40,10
multilingual,logit,dutch-direction-left,Dutch,48,17564
multilingual,logit,dutch-direction-left,opposite,48,1
multilingual,logit,dutch-direction-left,left,48,96
multilingual,logit,dutch-direction-left,right,48,16
multilingual,logit,dutch-direction-left,Dutch,56,2679
multilingual,logit,dutch-direction-left,opposite,56,106
multilingual,logit,dutch-direction-left,left,56,16
multilingual,logit,dutch-direction-left,right,56,2
multilingual,jlens_camila,dutch-direction-left,Dutch,8,60404
multilingual,jlens_camila,dutch-direction-left,opposite,8,4345
multilingual,jlens_camila,dutch-direction-left,left,8,8234
multilingual,jlens_camila,dutch-direction-left,right,8,760
multilingual,jlens_camila,dutch-direction-left,Dutch,16,63510
multilingual,jlens_camila,dutch-direction-left,opposite,16,39384
multilingual,jlens_camila,dutch-direction-left,left,16,18179
multilingual,jlens_camila,dutch-direction-left,right,16,171
multilingual,jlens_camila,dutch-direction-left,Dutch,24,29
multilingual,jlens_camila,dutch-direction-left,opposite,24,672
multilingual,jlens_camila,dutch-direction-left,left,24,81259
multilingual,jlens_camila,dutch-direction-left,right,24,4629
multilingual,jlens_camila,dutch-direction-left,Dutch,32,146
multilingual,jlens_camila,dutch-direction-left,opposite,32,127
multilingual,jlens_camila,dutch-direction-left,left,32,25390
multilingual,jlens_camila,dutch-direction-left,right,32,1175
multilingual,jlens_camila,dutch-direction-left,Dutch,40,1128
multilingual,jlens_camila,dutch-direction-left,opposite,40,1
multilingual,jlens_camila,dutch-direction-left,left,40,67
multilingual,jlens_camila,dutch-direction-left,right,40,30
multilingual,jlens_camila,dutch-direction-left,Dutch,48,2878
multilingual,jlens_camila,dutch-direction-left,opposite,48,1
multilingual,jlens_camila,dutch-direction-left,left,48,38
multilingual,jlens_camila,dutch-direction-left,right,48,52
multilingual,jlens_camila,dutch-direction-left,Dutch,56,265
multilingual,jlens_camila,dutch-direction-left,opposite,56,88
multilingual,jlens_camila,dutch-direction-left,left,56,6
multilingual,jlens_camila,dutch-direction-left,right,56,1
multilingual,rlens_camila,dutch-direction-left,Dutch,8,10438
multilingual,rlens_camila,dutch-direction-left,opposite,8,671
multilingual,rlens_camila,dutch-direction-left,left,8,632
multilingual,rlens_camila,dutch-direction-left,right,8,48
multilingual,rlens_camila,dutch-direction-left,Dutch,16,10767
multilingual,rlens_camila,dutch-direction-left,opposite,16,842
multilingual,rlens_camila,dutch-direction-left,left,16,1730
multilingual,rlens_camila,dutch-direction-left,right,16,41
multilingual,rlens_camila,dutch-direction-left,Dutch,24,17
multilingual,rlens_camila,dutch-direction-left,opposite,24,15
multilingual,rlens_camila,dutch-direction-left,left,24,3279
multilingual,rlens_camila,dutch-direction-left,right,24,176
multilingual,rlens_camila,dutch-direction-left,Dutch,32,241
multilingual,rlens_camila,dutch-direction-left,opposite,32,24
multilingual,rlens_camila,dutch-direction-left,left,32,3962
multilingual,rlens_camila,dutch-direction-left,right,32,52
multilingual,rlens_camila,dutch-direction-left,Dutch,40,745
multilingual,rlens_camila,dutch-direction-left,opposite,40,1
multilingual,rlens_camila,dutch-direction-left,left,40,9
multilingual,rlens_camila,dutch-direction-left,right,40,5
multilingual,rlens_camila,dutch-direction-left,Dutch,48,1330
multilingual,rlens_camila,dutch-direction-left,opposite,48,1
multilingual,rlens_camila,dutch-direction-left,left,48,12
multilingual,rlens_camila,dutch-direction-left,right,48,11
multilingual,rlens_camila,dutch-direction-left,Dutch,56,264
multilingual,rlens_camila,dutch-direction-left,opposite,56,74
multilingual,rlens_camila,dutch-direction-left,left,56,4
multilingual,rlens_camila,dutch-direction-left,right,56,1
multilingual,jpp_released,dutch-direction-left,Dutch,8,26851
multilingual,jpp_released,dutch-direction-left,opposite,8,718
multilingual,jpp_released,dutch-direction-left,left,8,8873
multilingual,jpp_released,dutch-direction-left,right,8,7166
multilingual,jpp_released,dutch-direction-left,Dutch,16,21493
multilingual,jpp_released,dutch-direction-left,opposite,16,1011
multilingual,jpp_released,dutch-direction-left,left,16,3942
multilingual,jpp_released,dutch-direction-left,right,16,451
multilingual,jpp_released,dutch-direction-left,Dutch,24,48
multilingual,jpp_released,dutch-direction-left,opposite,24,10
multilingual,jpp_released,dutch-direction-left,left,24,627
multilingual,jpp_released,dutch-direction-left,right,24,129
multilingual,jpp_released,dutch-direction-left,Dutch,32,11
multilingual,jpp_released,dutch-direction-left,opposite,32,120
multilingual,jpp_released,dutch-direction-left,left,32,3240
multilingual,jpp_released,dutch-direction-left,right,32,98
multilingual,jpp_released,dutch-direction-left,Dutch,40,269
multilingual,jpp_released,dutch-direction-left,opposite,40,3
multilingual,jpp_released,dutch-direction-left,left,40,2
multilingual,jpp_released,dutch-direction-left,right,40,1
multilingual,jpp_released,dutch-direction-left,Dutch,48,124
multilingual,jpp_released,dutch-direction-left,opposite,48,1
multilingual,jpp_released,dutch-direction-left,left,48,2
multilingual,jpp_released,dutch-direction-left,right,48,3
multilingual,jpp_released,dutch-direction-left,Dutch,56,90
multilingual,jpp_released,dutch-direction-left,opposite,56,177
multilingual,jpp_released,dutch-direction-left,left,56,8
multilingual,jpp_released,dutch-direction-left,right,56,1
multilingual,logit,polish-direction-left,Polish,8,7424
multilingual,logit,polish-direction-left,opposite,8,8634
multilingual,logit,polish-direction-left,left,8,5428
multilingual,logit,polish-direction-left,right,8,1359
multilingual,logit,polish-direction-left,Polish,16,32894
multilingual,logit,polish-direction-left,opposite,16,658
multilingual,logit,polish-direction-left,left,16,7464
multilingual,logit,polish-direction-left,right,16,2412
multilingual,logit,polish-direction-left,Polish,24,60652
multilingual,logit,polish-direction-left,opposite,24,4
multilingual,logit,polish-direction-left,left,24,75101
multilingual,logit,polish-direction-left,right,24,6851
multilingual,logit,polish-direction-left,Polish,32,54527
multilingual,logit,polish-direction-left,opposite,32,3
multilingual,logit,polish-direction-left,left,32,41582
multilingual,logit,polish-direction-left,right,32,788
multilingual,logit,polish-direction-left,Polish,40,85484
multilingual,logit,polish-direction-left,opposite,40,1
multilingual,logit,polish-direction-left,left,40,10
multilingual,logit,polish-direction-left,right,40,8
multilingual,logit,polish-direction-left,Polish,48,57081
multilingual,logit,polish-direction-left,opposite,48,1
multilingual,logit,polish-direction-left,left,48,262
multilingual,logit,polish-direction-left,right,48,27
multilingual,logit,polish-direction-left,Polish,56,15761
multilingual,logit,polish-direction-left,opposite,56,248
multilingual,logit,polish-direction-left,left,56,30
multilingual,logit,polish-direction-left,right,56,2
multilingual,jlens_camila,polish-direction-left,Polish,8,29993
multilingual,jlens_camila,polish-direction-left,opposite,8,18782
multilingual,jlens_camila,polish-direction-left,left,8,25194
multilingual,jlens_camila,polish-direction-left,right,8,2376
multilingual,jlens_camila,polish-direction-left,Polish,16,6630
multilingual,jlens_camila,polish-direction-left,opposite,16,43219
multilingual,jlens_camila,polish-direction-left,left,16,35670
multilingual,jlens_camila,polish-direction-left,right,16,268
multilingual,jlens_camila,polish-direction-left,Polish,24,15530
multilingual,jlens_camila,polish-direction-left,opposite,24,11
multilingual,jlens_camila,polish-direction-left,left,24,132243
multilingual,jlens_camila,polish-direction-left,right,24,24847
multilingual,jlens_camila,polish-direction-left,Polish,32,15300
multilingual,jlens_camila,polish-direction-left,opposite,32,1
multilingual,jlens_camila,polish-direction-left,left,32,26327
multilingual,jlens_camila,polish-direction-left,right,32,579
multilingual,jlens_camila,polish-direction-left,Polish,40,7150
multilingual,jlens_camila,polish-direction-left,opposite,40,1
multilingual,jlens_camila,polish-direction-left,left,40,52
multilingual,jlens_camila,polish-direction-left,right,40,42
multilingual,jlens_camila,polish-direction-left,Polish,48,6122
multilingual,jlens_camila,polish-direction-left,opposite,48,1
multilingual,jlens_camila,polish-direction-left,left,48,102
multilingual,jlens_camila,polish-direction-left,right,48,66
multilingual,jlens_camila,polish-direction-left,Polish,56,582
multilingual,jlens_camila,polish-direction-left,opposite,56,136
multilingual,jlens_camila,polish-direction-left,left,56,13
multilingual,jlens_camila,polish-direction-left,right,56,2
multilingual,rlens_camila,polish-direction-left,Polish,8,1652
multilingual,rlens_camila,polish-direction-left,opposite,8,1030
multilingual,rlens_camila,polish-direction-left,left,8,284
multilingual,rlens_camila,polish-direction-left,right,8,33
multilingual,rlens_camila,polish-direction-left,Polish,16,2165
multilingual,rlens_camila,polish-direction-left,opposite,16,1062
multilingual,rlens_camila,polish-direction-left,left,16,1137
multilingual,rlens_camila,polish-direction-left,right,16,23
multilingual,rlens_camila,polish-direction-left,Polish,24,2486
multilingual,rlens_camila,polish-direction-left,opposite,24,1
multilingual,rlens_camila,polish-direction-left,left,24,3314
multilingual,rlens_camila,polish-direction-left,right,24,55
multilingual,rlens_camila,polish-direction-left,Polish,32,6176
multilingual,rlens_camila,polish-direction-left,opposite,32,1
multilingual,rlens_camila,polish-direction-left,left,32,4704
multilingual,rlens_camila,polish-direction-left,right,32,24
multilingual,rlens_camila,polish-direction-left,Polish,40,3099
multilingual,rlens_camila,polish-direction-left,opposite,40,1
multilingual,rlens_camila,polish-direction-left,left,40,6
multilingual,rlens_camila,polish-direction-left,right,40,6
multilingual,rlens_camila,polish-direction-left,Polish,48,4805
multilingual,rlens_camila,polish-direction-left,opposite,48,1
multilingual,rlens_camila,polish-direction-left,left,48,23
multilingual,rlens_camila,polish-direction-left,right,48,12
multilingual,rlens_camila,polish-direction-left,Polish,56,562
multilingual,rlens_camila,polish-direction-left,opposite,56,124
multilingual,rlens_camila,polish-direction-left,left,56,13
multilingual,rlens_camila,polish-direction-left,right,56,1
multilingual,jpp_released,polish-direction-left,Polish,8,245
multilingual,jpp_released,polish-direction-left,opposite,8,1928
multilingual,jpp_released,polish-direction-left,left,8,1138
multilingual,jpp_released,polish-direction-left,right,8,1228
multilingual,jpp_released,polish-direction-left,Polish,16,38
multilingual,jpp_released,polish-direction-left,opposite,16,1123
multilingual,jpp_released,polish-direction-left,left,16,1416
multilingual,jpp_released,polish-direction-left,right,16,110
multilingual,jpp_released,polish-direction-left,Polish,24,8678
multilingual,jpp_released,polish-direction-left,opposite,24,1
multilingual,jpp_released,polish-direction-left,left,24,469
multilingual,jpp_released,polish-direction-left,right,24,89
multilingual,jpp_released,polish-direction-left,Polish,32,3336
multilingual,jpp_released,polish-direction-left,opposite,32,1
multilingual,jpp_released,polish-direction-left,left,32,1606
multilingual,jpp_released,polish-direction-left,right,32,46
multilingual,jpp_released,polish-direction-left,Polish,40,3116
multilingual,jpp_released,polish-direction-left,opposite,40,3
multilingual,jpp_released,polish-direction-left,left,40,2
multilingual,jpp_released,polish-direction-left,right,40,1
multilingual,jpp_released,polish-direction-left,Polish,48,1822
multilingual,jpp_released,polish-direction-left,opposite,48,1
multilingual,jpp_released,polish-direction-left,left,48,2
multilingual,jpp_released,polish-direction-left,right,48,3
multilingual,jpp_released,polish-direction-left,Polish,56,146
multilingual,jpp_released,polish-direction-left,opposite,56,169
multilingual,jpp_released,polish-direction-left,left,56,9
multilingual,jpp_released,polish-direction-left,right,56,1
multilingual,logit,spanish-family-uncle,Spanish,8,26917
multilingual,logit,spanish-family-uncle,family,8,1119
multilingual,logit,spanish-family-uncle,brother,8,6044
multilingual,logit,spanish-family-uncle,uncle,8,81817
multilingual,logit,spanish-family-uncle,Spanish,16,98425
multilingual,logit,spanish-family-uncle,family,16,825
multilingual,logit,spanish-family-uncle,brother,16,12383
multilingual,logit,spanish-family-uncle,uncle,16,82909
multilingual,logit,spanish-family-uncle,Spanish,24,42369
multilingual,logit,spanish-family-uncle,family,24,6499
multilingual,logit,spanish-family-uncle,brother,24,4654
multilingual,logit,spanish-family-uncle,uncle,24,7630
multilingual,logit,spanish-family-uncle,Spanish,32,6776
multilingual,logit,spanish-family-uncle,family,32,510
multilingual,logit,spanish-family-uncle,brother,32,10608
multilingual,logit,spanish-family-uncle,uncle,32,950
multilingual,logit,spanish-family-uncle,Spanish,40,9400
multilingual,logit,spanish-family-uncle,family,40,966
multilingual,logit,spanish-family-uncle,brother,40,2595
multilingual,logit,spanish-family-uncle,uncle,40,1118
multilingual,logit,spanish-family-uncle,Spanish,48,23540
multilingual,logit,spanish-family-uncle,family,48,443
multilingual,logit,spanish-family-uncle,brother,48,3371
multilingual,logit,spanish-family-uncle,uncle,48,11073
multilingual,logit,spanish-family-uncle,Spanish,56,4319
multilingual,logit,spanish-family-uncle,family,56,256
multilingual,logit,spanish-family-uncle,brother,56,1
multilingual,logit,spanish-family-uncle,uncle,56,4
multilingual,jlens_camila,spanish-family-uncle,Spanish,8,5986
multilingual,jlens_camila,spanish-family-uncle,family,8,48569
multilingual,jlens_camila,spanish-family-uncle,brother,8,11354
multilingual,jlens_camila,spanish-family-uncle,uncle,8,55970
multilingual,jlens_camila,spanish-family-uncle,Spanish,16,1757
multilingual,jlens_camila,spanish-family-uncle,family,16,43433
multilingual,jlens_camila,spanish-family-uncle,brother,16,28612
multilingual,jlens_camila,spanish-family-uncle,uncle,16,51253
multilingual,jlens_camila,spanish-family-uncle,Spanish,24,4
multilingual,jlens_camila,spanish-family-uncle,family,24,1464
multilingual,jlens_camila,spanish-family-uncle,brother,24,5414
multilingual,jlens_camila,spanish-family-uncle,uncle,24,30651
multilingual,jlens_camila,spanish-family-uncle,Spanish,32,13
multilingual,jlens_camila,spanish-family-uncle,family,32,210
multilingual,jlens_camila,spanish-family-uncle,brother,32,1539
multilingual,jlens_camila,spanish-family-uncle,uncle,32,2262
multilingual,jlens_camila,spanish-family-uncle,Spanish,40,2
multilingual,jlens_camila,spanish-family-uncle,family,40,23
multilingual,jlens_camila,spanish-family-uncle,brother,40,809
multilingual,jlens_camila,spanish-family-uncle,uncle,40,593
multilingual,jlens_camila,spanish-family-uncle,Spanish,48,54
multilingual,jlens_camila,spanish-family-uncle,family,48,9
multilingual,jlens_camila,spanish-family-uncle,brother,48,243
multilingual,jlens_camila,spanish-family-uncle,uncle,48,79
multilingual,jlens_camila,spanish-family-uncle,Spanish,56,821
multilingual,jlens_camila,spanish-family-uncle,family,56,109
multilingual,jlens_camila,spanish-family-uncle,brother,56,1
multilingual,jlens_camila,spanish-family-uncle,uncle,56,2
multilingual,rlens_camila,spanish-family-uncle,Spanish,8,12104
multilingual,rlens_camila,spanish-family-uncle,family,8,2520
multilingual,rlens_camila,spanish-family-uncle,brother,8,37987
multilingual,rlens_camila,spanish-family-uncle,uncle,8,61271
multilingual,rlens_camila,spanish-family-uncle,Spanish,16,7771
multilingual,rlens_camila,spanish-family-uncle,family,16,2028
multilingual,rlens_camila,spanish-family-uncle,brother,16,9351
multilingual,rlens_camila,spanish-family-uncle,uncle,16,21460
multilingual,rlens_camila,spanish-family-uncle,Spanish,24,1
multilingual,rlens_camila,spanish-family-uncle,family,24,47
multilingual,rlens_camila,spanish-family-uncle,brother,24,998
multilingual,rlens_camila,spanish-family-uncle,uncle,24,12608
multilingual,rlens_camila,spanish-family-uncle,Spanish,32,3
multilingual,rlens_camila,spanish-family-uncle,family,32,58
multilingual,rlens_camila,spanish-family-uncle,brother,32,1917
multilingual,rlens_camila,spanish-family-uncle,uncle,32,1275
multilingual,rlens_camila,spanish-family-uncle,Spanish,40,2
multilingual,rlens_camila,spanish-family-uncle,family,40,26
multilingual,rlens_camila,spanish-family-uncle,brother,40,806
multilingual,rlens_camila,spanish-family-uncle,uncle,40,905
multilingual,rlens_camila,spanish-family-uncle,Spanish,48,40
multilingual,rlens_camila,spanish-family-uncle,family,48,4
multilingual,rlens_camila,spanish-family-uncle,brother,48,352
multilingual,rlens_camila,spanish-family-uncle,uncle,48,342
multilingual,rlens_camila,spanish-family-uncle,Spanish,56,926
multilingual,rlens_camila,spanish-family-uncle,family,56,94
multilingual,rlens_camila,spanish-family-uncle,brother,56,1
multilingual,rlens_camila,spanish-family-uncle,uncle,56,3
multilingual,jpp_released,spanish-family-uncle,Spanish,8,1350
multilingual,jpp_released,spanish-family-uncle,family,8,92156
multilingual,jpp_released,spanish-family-uncle,brother,8,30737
multilingual,jpp_released,spanish-family-uncle,uncle,8,138624
multilingual,jpp_released,spanish-family-uncle,Spanish,16,895
multilingual,jpp_released,spanish-family-uncle,family,16,863
multilingual,jpp_released,spanish-family-uncle,brother,16,685
multilingual,jpp_released,spanish-family-uncle,uncle,16,5753
multilingual,jpp_released,spanish-family-uncle,Spanish,24,1
multilingual,jpp_released,spanish-family-uncle,family,24,2
multilingual,jpp_released,spanish-family-uncle,brother,24,137
multilingual,jpp_released,spanish-family-uncle,uncle,24,599
multilingual,jpp_released,spanish-family-uncle,Spanish,32,2
multilingual,jpp_released,spanish-family-uncle,family,32,12
multilingual,jpp_released,spanish-family-uncle,brother,32,660
multilingual,jpp_released,spanish-family-uncle,uncle,32,969
multilingual,jpp_released,spanish-family-uncle,Spanish,40,1
multilingual,jpp_released,spanish-family-uncle,family,40,6
multilingual,jpp_released,spanish-family-uncle,brother,40,109
multilingual,jpp_released,spanish-family-uncle,uncle,40,463
multilingual,jpp_released,spanish-family-uncle,Spanish,48,1
multilingual,jpp_released,spanish-family-uncle,family,48,2
multilingual,jpp_released,spanish-family-uncle,brother,48,46
multilingual,jpp_released,spanish-family-uncle,uncle,48,193
multilingual,jpp_released,spanish-family-uncle,Spanish,56,84
multilingual,jpp_released,spanish-family-uncle,family,56,73
multilingual,jpp_released,spanish-family-uncle,brother,56,1
multilingual,jpp_released,spanish-family-uncle,uncle,56,3
multilingual,logit,german-family-aunt,German,8,7102
multilingual,logit,german-family-aunt,family,8,1468
multilingual,logit,german-family-aunt,sister,8,9743
multilingual,logit,german-family-aunt,aunt,8,49893
multilingual,logit,german-family-aunt,German,16,13979
multilingual,logit,german-family-aunt,family,16,1186
multilingual,logit,german-family-aunt,sister,16,28726
multilingual,logit,german-family-aunt,aunt,16,50153
multilingual,logit,german-family-aunt,German,24,1809
multilingual,logit,german-family-aunt,family,24,6496
multilingual,logit,german-family-aunt,sister,24,12351
multilingual,logit,german-family-aunt,aunt,24,2201
multilingual,logit,german-family-aunt,German,32,1596
multilingual,logit,german-family-aunt,family,32,2239
multilingual,logit,german-family-aunt,sister,32,41113
multilingual,logit,german-family-aunt,aunt,32,6189
multilingual,logit,german-family-aunt,German,40,551
multilingual,logit,german-family-aunt,family,40,487
multilingual,logit,german-family-aunt,sister,40,14663
multilingual,logit,german-family-aunt,aunt,40,3109
multilingual,logit,german-family-aunt,German,48,722
multilingual,logit,german-family-aunt,family,48,431
multilingual,logit,german-family-aunt,sister,48,14687
multilingual,logit,german-family-aunt,aunt,48,16780
multilingual,logit,german-family-aunt,German,56,76
multilingual,logit,german-family-aunt,family,56,1075
multilingual,logit,german-family-aunt,sister,56,33
multilingual,logit,german-family-aunt,aunt,56,17
multilingual,jlens_camila,german-family-aunt,German,8,1171
multilingual,jlens_camila,german-family-aunt,family,8,73724
multilingual,jlens_camila,german-family-aunt,sister,8,17690
multilingual,jlens_camila,german-family-aunt,aunt,8,108220
multilingual,jlens_camila,german-family-aunt,German,16,208
multilingual,jlens_camila,german-family-aunt,family,16,63580
multilingual,jlens_camila,german-family-aunt,sister,16,40233
multilingual,jlens_camila,german-family-aunt,aunt,16,63176
multilingual,jlens_camila,german-family-aunt,German,24,4
multilingual,jlens_camila,german-family-aunt,family,24,6833
multilingual,jlens_camila,german-family-aunt,sister,24,25775
multilingual,jlens_camila,german-family-aunt,aunt,24,10836
multilingual,jlens_camila,german-family-aunt,German,32,1
multilingual,jlens_camila,german-family-aunt,family,32,864
multilingual,jlens_camila,german-family-aunt,sister,32,16008
multilingual,jlens_camila,german-family-aunt,aunt,32,12258
multilingual,jlens_camila,german-family-aunt,German,40,2
multilingual,jlens_camila,german-family-aunt,family,40,6
multilingual,jlens_camila,german-family-aunt,sister,40,354
multilingual,jlens_camila,german-family-aunt,aunt,40,95
multilingual,jlens_camila,german-family-aunt,German,48,1
multilingual,jlens_camila,german-family-aunt,family,48,4
multilingual,jlens_camila,german-family-aunt,sister,48,341
multilingual,jlens_camila,german-family-aunt,aunt,48,123
multilingual,jlens_camila,german-family-aunt,German,56,62
multilingual,jlens_camila,german-family-aunt,family,56,220
multilingual,jlens_camila,german-family-aunt,sister,56,5
multilingual,jlens_camila,german-family-aunt,aunt,56,2
multilingual,rlens_camila,german-family-aunt,German,8,755
multilingual,rlens_camila,german-family-aunt,family,8,10440
multilingual,rlens_camila,german-family-aunt,sister,8,51213
multilingual,rlens_camila,german-family-aunt,aunt,8,39684
multilingual,rlens_camila,german-family-aunt,German,16,635
multilingual,rlens_camila,german-family-aunt,family,16,4344
multilingual,rlens_camila,german-family-aunt,sister,16,51259
multilingual,rlens_camila,german-family-aunt,aunt,16,26792
multilingual,rlens_camila,german-family-aunt,German,24,1
multilingual,rlens_camila,german-family-aunt,family,24,225
multilingual,rlens_camila,german-family-aunt,sister,24,5312
multilingual,rlens_camila,german-family-aunt,aunt,24,1260
multilingual,rlens_camila,german-family-aunt,German,32,1
multilingual,rlens_camila,german-family-aunt,family,32,371
multilingual,rlens_camila,german-family-aunt,sister,32,18581
multilingual,rlens_camila,german-family-aunt,aunt,32,7784
multilingual,rlens_camila,german-family-aunt,German,40,1
multilingual,rlens_camila,german-family-aunt,family,40,8
multilingual,rlens_camila,german-family-aunt,sister,40,572
multilingual,rlens_camila,german-family-aunt,aunt,40,127
multilingual,rlens_camila,german-family-aunt,German,48,1
multilingual,rlens_camila,german-family-aunt,family,48,5
multilingual,rlens_camila,german-family-aunt,sister,48,1214
multilingual,rlens_camila,german-family-aunt,aunt,48,674
multilingual,rlens_camila,german-family-aunt,German,56,46
multilingual,rlens_camila,german-family-aunt,family,56,185
multilingual,rlens_camila,german-family-aunt,sister,56,5
multilingual,rlens_camila,german-family-aunt,aunt,56,2
multilingual,jpp_released,german-family-aunt,German,8,9
multilingual,jpp_released,german-family-aunt,family,8,55725
multilingual,jpp_released,german-family-aunt,sister,8,6609
multilingual,jpp_released,german-family-aunt,aunt,8,57392
multilingual,jpp_released,german-family-aunt,German,16,1
multilingual,jpp_released,german-family-aunt,family,16,1262
multilingual,jpp_released,german-family-aunt,sister,16,19591
multilingual,jpp_released,german-family-aunt,aunt,16,18691
multilingual,jpp_released,german-family-aunt,German,24,1
multilingual,jpp_released,german-family-aunt,family,24,2
multilingual,jpp_released,german-family-aunt,sister,24,355
multilingual,jpp_released,german-family-aunt,aunt,24,355
multilingual,jpp_released,german-family-aunt,German,32,1
multilingual,jpp_released,german-family-aunt,family,32,25
multilingual,jpp_released,german-family-aunt,sister,32,8397
multilingual,jpp_released,german-family-aunt,aunt,32,5548
multilingual,jpp_released,german-family-aunt,German,40,1
multilingual,jpp_released,german-family-aunt,family,40,2
multilingual,jpp_released,german-family-aunt,sister,40,53
multilingual,jpp_released,german-family-aunt,aunt,40,99
multilingual,jpp_released,german-family-aunt,German,48,1
multilingual,jpp_released,german-family-aunt,family,48,3
multilingual,jpp_released,german-family-aunt,sister,48,154
multilingual,jpp_released,german-family-aunt,aunt,48,62
multilingual,jpp_released,german-family-aunt,German,56,7
multilingual,jpp_released,german-family-aunt,family,56,264
multilingual,jpp_released,german-family-aunt,sister,56,3
multilingual,jpp_released,german-family-aunt,aunt,56,2
multilingual,logit,italian-family-grandmother,Italian,8,23899
multilingual,logit,italian-family-grandmother,family,8,734
multilingual,logit,italian-family-grandmother,mother,8,11897
multilingual,logit,italian-family-grandmother,grandmother,8,56763
multilingual,logit,italian-family-grandmother,Italian,16,23660
multilingual,logit,italian-family-grandmother,family,16,2196
multilingual,logit,italian-family-grandmother,mother,16,46394
multilingual,logit,italian-family-grandmother,grandmother,16,65444
multilingual,logit,italian-family-grandmother,Italian,24,18424
multilingual,logit,italian-family-grandmother,family,24,3915
multilingual,logit,italian-family-grandmother,mother,24,5910
multilingual,logit,italian-family-grandmother,grandmother,24,14664
multilingual,logit,italian-family-grandmother,Italian,32,7356
multilingual,logit,italian-family-grandmother,family,32,1020
multilingual,logit,italian-family-grandmother,mother,32,3681
multilingual,logit,italian-family-grandmother,grandmother,32,6110
multilingual,logit,italian-family-grandmother,Italian,40,5033
multilingual,logit,italian-family-grandmother,family,40,961
multilingual,logit,italian-family-grandmother,mother,40,1661
multilingual,logit,italian-family-grandmother,grandmother,40,1311
multilingual,logit,italian-family-grandmother,Italian,48,6587
multilingual,logit,italian-family-grandmother,family,48,1403
multilingual,logit,italian-family-grandmother,mother,48,5909
multilingual,logit,italian-family-grandmother,grandmother,48,11137
multilingual,logit,italian-family-grandmother,Italian,56,6822
multilingual,logit,italian-family-grandmother,family,56,2387
multilingual,logit,italian-family-grandmother,mother,56,11
multilingual,logit,italian-family-grandmother,grandmother,56,6
multilingual,jlens_camila,italian-family-grandmother,Italian,8,859
multilingual,jlens_camila,italian-family-grandmother,family,8,56184
multilingual,jlens_camila,italian-family-grandmother,mother,8,8073
multilingual,jlens_camila,italian-family-grandmother,grandmother,8,87309
multilingual,jlens_camila,italian-family-grandmother,Italian,16,1310
multilingual,jlens_camila,italian-family-grandmother,family,16,48889
multilingual,jlens_camila,italian-family-grandmother,mother,16,1600
multilingual,jlens_camila,italian-family-grandmother,grandmother,16,54532
multilingual,jlens_camila,italian-family-grandmother,Italian,24,27
multilingual,jlens_camila,italian-family-grandmother,family,24,2987
multilingual,jlens_camila,italian-family-grandmother,mother,24,1308
multilingual,jlens_camila,italian-family-grandmother,grandmother,24,4430
multilingual,jlens_camila,italian-family-grandmother,Italian,32,41
multilingual,jlens_camila,italian-family-grandmother,family,32,418
multilingual,jlens_camila,italian-family-grandmother,mother,32,1675
multilingual,jlens_camila,italian-family-grandmother,grandmother,32,6567
multilingual,jlens_camila,italian-family-grandmother,Italian,40,38
multilingual,jlens_camila,italian-family-grandmother,family,40,3
multilingual,jlens_camila,italian-family-grandmother,mother,40,28
multilingual,jlens_camila,italian-family-grandmother,grandmother,40,152
multilingual,jlens_camila,italian-family-grandmother,Italian,48,81
multilingual,jlens_camila,italian-family-grandmother,family,48,2
multilingual,jlens_camila,italian-family-grandmother,mother,48,20
multilingual,jlens_camila,italian-family-grandmother,grandmother,48,69
multilingual,jlens_camila,italian-family-grandmother,Italian,56,1554
multilingual,jlens_camila,italian-family-grandmother,family,56,212
multilingual,jlens_camila,italian-family-grandmother,mother,56,4
multilingual,jlens_camila,italian-family-grandmother,grandmother,56,1
multilingual,rlens_camila,italian-family-grandmother,Italian,8,283
multilingual,rlens_camila,italian-family-grandmother,family,8,3712
multilingual,rlens_camila,italian-family-grandmother,mother,8,2230
multilingual,rlens_camila,italian-family-grandmother,grandmother,8,18349
multilingual,rlens_camila,italian-family-grandmother,Italian,16,633
multilingual,rlens_camila,italian-family-grandmother,family,16,4520
multilingual,rlens_camila,italian-family-grandmother,mother,16,1869
multilingual,rlens_camila,italian-family-grandmother,grandmother,16,13385
multilingual,rlens_camila,italian-family-grandmother,Italian,24,3
multilingual,rlens_camila,italian-family-grandmother,family,24,53
multilingual,rlens_camila,italian-family-grandmother,mother,24,141
multilingual,rlens_camila,italian-family-grandmother,grandmother,24,644
multilingual,rlens_camila,italian-family-grandmother,Italian,32,44
multilingual,rlens_camila,italian-family-grandmother,family,32,82
multilingual,rlens_camila,italian-family-grandmother,mother,32,610
multilingual,rlens_camila,italian-family-grandmother,grandmother,32,2949
multilingual,rlens_camila,italian-family-grandmother,Italian,40,34
multilingual,rlens_camila,italian-family-grandmother,family,40,4
multilingual,rlens_camila,italian-family-grandmother,mother,40,22
multilingual,rlens_camila,italian-family-grandmother,grandmother,40,167
multilingual,rlens_camila,italian-family-grandmother,Italian,48,60
multilingual,rlens_camila,italian-family-grandmother,family,48,2
multilingual,rlens_camila,italian-family-grandmother,mother,48,14
multilingual,rlens_camila,italian-family-grandmother,grandmother,48,176
multilingual,rlens_camila,italian-family-grandmother,Italian,56,1442
multilingual,rlens_camila,italian-family-grandmother,family,56,171
multilingual,rlens_camila,italian-family-grandmother,mother,56,5
multilingual,rlens_camila,italian-family-grandmother,grandmother,56,2
multilingual,jpp_released,italian-family-grandmother,Italian,8,3
multilingual,jpp_released,italian-family-grandmother,family,8,7782
multilingual,jpp_released,italian-family-grandmother,mother,8,198
multilingual,jpp_released,italian-family-grandmother,grandmother,8,11871
multilingual,jpp_released,italian-family-grandmother,Italian,16,1
multilingual,jpp_released,italian-family-grandmother,family,16,495
multilingual,jpp_released,italian-family-grandmother,mother,16,453
multilingual,jpp_released,italian-family-grandmother,grandmother,16,23497
multilingual,jpp_released,italian-family-grandmother,Italian,24,7
multilingual,jpp_released,italian-family-grandmother,family,24,1
multilingual,jpp_released,italian-family-grandmother,mother,24,24
multilingual,jpp_released,italian-family-grandmother,grandmother,24,52
multilingual,jpp_released,italian-family-grandmother,Italian,32,1
multilingual,jpp_released,italian-family-grandmother,family,32,4
multilingual,jpp_released,italian-family-grandmother,mother,32,519
multilingual,jpp_released,italian-family-grandmother,grandmother,32,3351
multilingual,jpp_released,italian-family-grandmother,Italian,40,4
multilingual,jpp_released,italian-family-grandmother,family,40,1
multilingual,jpp_released,italian-family-grandmother,mother,40,20
multilingual,jpp_released,italian-family-grandmother,grandmother,40,49
multilingual,jpp_released,italian-family-grandmother,Italian,48,2
multilingual,jpp_released,italian-family-grandmother,family,48,1
multilingual,jpp_released,italian-family-grandmother,mother,48,8
multilingual,jpp_released,italian-family-grandmother,grandmother,48,23
multilingual,jpp_released,italian-family-grandmother,Italian,56,124
multilingual,jpp_released,italian-family-grandmother,family,56,187
multilingual,jpp_released,italian-family-grandmother,mother,56,5
multilingual,jpp_released,italian-family-grandmother,grandmother,56,1
multilingual,logit,spanish-phase-water,Spanish,8,50930
multilingual,logit,spanish-phase-water,freeze,8,19472
multilingual,logit,spanish-phase-water,water,8,661
multilingual,logit,spanish-phase-water,ice,8,2313
multilingual,logit,spanish-phase-water,Spanish,16,90809
multilingual,logit,spanish-phase-water,freeze,16,78810
multilingual,logit,spanish-phase-water,water,16,6354
multilingual,logit,spanish-phase-water,ice,16,13961
multilingual,logit,spanish-phase-water,Spanish,24,53354
multilingual,logit,spanish-phase-water,freeze,24,2975
multilingual,logit,spanish-phase-water,water,24,261
multilingual,logit,spanish-phase-water,ice,24,291
multilingual,logit,spanish-phase-water,Spanish,32,62502
multilingual,logit,spanish-phase-water,freeze,32,54176
multilingual,logit,spanish-phase-water,water,32,214
multilingual,logit,spanish-phase-water,ice,32,68
multilingual,logit,spanish-phase-water,Spanish,40,76340
multilingual,logit,spanish-phase-water,freeze,40,3221
multilingual,logit,spanish-phase-water,water,40,10
multilingual,logit,spanish-phase-water,ice,40,1
multilingual,logit,spanish-phase-water,Spanish,48,75679
multilingual,logit,spanish-phase-water,freeze,48,9214
multilingual,logit,spanish-phase-water,water,48,47
multilingual,logit,spanish-phase-water,ice,48,3
multilingual,logit,spanish-phase-water,Spanish,56,42448
multilingual,logit,spanish-phase-water,freeze,56,71
multilingual,logit,spanish-phase-water,water,56,8
multilingual,logit,spanish-phase-water,ice,56,1
multilingual,jlens_camila,spanish-phase-water,Spanish,8,9880
multilingual,jlens_camila,spanish-phase-water,freeze,8,25107
multilingual,jlens_camila,spanish-phase-water,water,8,6185
multilingual,jlens_camila,spanish-phase-water,ice,8,31109
multilingual,jlens_camila,spanish-phase-water,Spanish,16,2104
multilingual,jlens_camila,spanish-phase-water,freeze,16,11552
multilingual,jlens_camila,spanish-phase-water,water,16,4083
multilingual,jlens_camila,spanish-phase-water,ice,16,20473
multilingual,jlens_camila,spanish-phase-water,Spanish,24,8046
multilingual,jlens_camila,spanish-phase-water,freeze,24,76
multilingual,jlens_camila,spanish-phase-water,water,24,300
multilingual,jlens_camila,spanish-phase-water,ice,24,103
multilingual,jlens_camila,spanish-phase-water,Spanish,32,1555
multilingual,jlens_camila,spanish-phase-water,freeze,32,219
multilingual,jlens_camila,spanish-phase-water,water,32,51
multilingual,jlens_camila,spanish-phase-water,ice,32,36
multilingual,jlens_camila,spanish-phase-water,Spanish,40,15495
multilingual,jlens_camila,spanish-phase-water,freeze,40,10
multilingual,jlens_camila,spanish-phase-water,water,40,12
multilingual,jlens_camila,spanish-phase-water,ice,40,1
multilingual,jlens_camila,spanish-phase-water,Spanish,48,21119
multilingual,jlens_camila,spanish-phase-water,freeze,48,17
multilingual,jlens_camila,spanish-phase-water,water,48,5
multilingual,jlens_camila,spanish-phase-water,ice,48,1
multilingual,jlens_camila,spanish-phase-water,Spanish,56,22714
multilingual,jlens_camila,spanish-phase-water,freeze,56,18
multilingual,jlens_camila,spanish-phase-water,water,56,6
multilingual,jlens_camila,spanish-phase-water,ice,56,1
multilingual,rlens_camila,spanish-phase-water,Spanish,8,26136
multilingual,rlens_camila,spanish-phase-water,freeze,8,8674
multilingual,rlens_camila,spanish-phase-water,water,8,795
multilingual,rlens_camila,spanish-phase-water,ice,8,11230
multilingual,rlens_camila,spanish-phase-water,Spanish,16,9294
multilingual,rlens_camila,spanish-phase-water,freeze,16,6157
multilingual,rlens_camila,spanish-phase-water,water,16,425
multilingual,rlens_camila,spanish-phase-water,ice,16,3679
multilingual,rlens_camila,spanish-phase-water,Spanish,24,8713
multilingual,rlens_camila,spanish-phase-water,freeze,24,20
multilingual,rlens_camila,spanish-phase-water,water,24,15
multilingual,rlens_camila,spanish-phase-water,ice,24,7
multilingual,rlens_camila,spanish-phase-water,Spanish,32,2422
multilingual,rlens_camila,spanish-phase-water,freeze,32,323
multilingual,rlens_camila,spanish-phase-water,water,32,13
multilingual,rlens_camila,spanish-phase-water,ice,32,15
multilingual,rlens_camila,spanish-phase-water,Spanish,40,13451
multilingual,rlens_camila,spanish-phase-water,freeze,40,13
multilingual,rlens_camila,spanish-phase-water,water,40,4
multilingual,rlens_camila,spanish-phase-water,ice,40,1
multilingual,rlens_camila,spanish-phase-water,Spanish,48,15356
multilingual,rlens_camila,spanish-phase-water,freeze,48,25
multilingual,rlens_camila,spanish-phase-water,water,48,4
multilingual,rlens_camila,spanish-phase-water,ice,48,1
multilingual,rlens_camila,spanish-phase-water,Spanish,56,20348
multilingual,rlens_camila,spanish-phase-water,freeze,56,19
multilingual,rlens_camila,spanish-phase-water,water,56,6
multilingual,rlens_camila,spanish-phase-water,ice,56,1
multilingual,jpp_released,spanish-phase-water,Spanish,8,7118
multilingual,jpp_released,spanish-phase-water,freeze,8,178
multilingual,jpp_released,spanish-phase-water,water,8,28
multilingual,jpp_released,spanish-phase-water,ice,8,207
multilingual,jpp_released,spanish-phase-water,Spanish,16,777
multilingual,jpp_released,spanish-phase-water,freeze,16,11540
multilingual,jpp_released,spanish-phase-water,water,16,292
multilingual,jpp_released,spanish-phase-water,ice,16,1377
multilingual,jpp_released,spanish-phase-water,Spanish,24,3199
multilingual,jpp_released,spanish-phase-water,freeze,24,8
multilingual,jpp_released,spanish-phase-water,water,24,12
multilingual,jpp_released,spanish-phase-water,ice,24,1
multilingual,jpp_released,spanish-phase-water,Spanish,32,55
multilingual,jpp_released,spanish-phase-water,freeze,32,53
multilingual,jpp_released,spanish-phase-water,water,32,6
multilingual,jpp_released,spanish-phase-water,ice,32,1
multilingual,jpp_released,spanish-phase-water,Spanish,40,5081
multilingual,jpp_released,spanish-phase-water,freeze,40,10
multilingual,jpp_released,spanish-phase-water,water,40,4
multilingual,jpp_released,spanish-phase-water,ice,40,1
multilingual,jpp_released,spanish-phase-water,Spanish,48,640
multilingual,jpp_released,spanish-phase-water,freeze,48,23
multilingual,jpp_released,spanish-phase-water,water,48,4
multilingual,jpp_released,spanish-phase-water,ice,48,1
multilingual,jpp_released,spanish-phase-water,Spanish,56,9510
multilingual,jpp_released,spanish-phase-water,freeze,56,26
multilingual,jpp_released,spanish-phase-water,water,56,6
multilingual,jpp_released,spanish-phase-water,ice,56,1
multilingual,logit,german-phase-water,German,8,10268
multilingual,logit,german-phase-water,freeze,8,3411
multilingual,logit,german-phase-water,water,8,482
multilingual,logit,german-phase-water,ice,8,8584
multilingual,logit,german-phase-water,German,16,16560
multilingual,logit,german-phase-water,freeze,16,35670
multilingual,logit,german-phase-water,water,16,2491
multilingual,logit,german-phase-water,ice,16,17434
multilingual,logit,german-phase-water,German,24,24100
multilingual,logit,german-phase-water,freeze,24,1600
multilingual,logit,german-phase-water,water,24,201
multilingual,logit,german-phase-water,ice,24,174
multilingual,logit,german-phase-water,German,32,2799
multilingual,logit,german-phase-water,freeze,32,11862
multilingual,logit,german-phase-water,water,32,325
multilingual,logit,german-phase-water,ice,32,361
multilingual,logit,german-phase-water,German,40,30492
multilingual,logit,german-phase-water,freeze,40,139
multilingual,logit,german-phase-water,water,40,9
multilingual,logit,german-phase-water,ice,40,2
multilingual,logit,german-phase-water,German,48,51085
multilingual,logit,german-phase-water,freeze,48,915
multilingual,logit,german-phase-water,water,48,63
multilingual,logit,german-phase-water,ice,48,3
multilingual,logit,german-phase-water,German,56,21454
multilingual,logit,german-phase-water,freeze,56,28
multilingual,logit,german-phase-water,water,56,14
multilingual,logit,german-phase-water,ice,56,1
multilingual,jlens_camila,german-phase-water,German,8,3740
multilingual,jlens_camila,german-phase-water,freeze,8,24600
multilingual,jlens_camila,german-phase-water,water,8,14623
multilingual,jlens_camila,german-phase-water,ice,8,26036
multilingual,jlens_camila,german-phase-water,German,16,2160
multilingual,jlens_camila,german-phase-water,freeze,16,10118
multilingual,jlens_camila,german-phase-water,water,16,9256
multilingual,jlens_camila,german-phase-water,ice,16,29489
multilingual,jlens_camila,german-phase-water,German,24,7110
multilingual,jlens_camila,german-phase-water,freeze,24,147
multilingual,jlens_camila,german-phase-water,water,24,529
multilingual,jlens_camila,german-phase-water,ice,24,627
multilingual,jlens_camila,german-phase-water,German,32,398
multilingual,jlens_camila,german-phase-water,freeze,32,137
multilingual,jlens_camila,german-phase-water,water,32,61
multilingual,jlens_camila,german-phase-water,ice,32,54
multilingual,jlens_camila,german-phase-water,German,40,10086
multilingual,jlens_camila,german-phase-water,freeze,40,9
multilingual,jlens_camila,german-phase-water,water,40,31
multilingual,jlens_camila,german-phase-water,ice,40,1
multilingual,jlens_camila,german-phase-water,German,48,2575
multilingual,jlens_camila,german-phase-water,freeze,48,10
multilingual,jlens_camila,german-phase-water,water,48,11
multilingual,jlens_camila,german-phase-water,ice,48,1
multilingual,jlens_camila,german-phase-water,German,56,13026
multilingual,jlens_camila,german-phase-water,freeze,56,11
multilingual,jlens_camila,german-phase-water,water,56,9
multilingual,jlens_camila,german-phase-water,ice,56,1
multilingual,rlens_camila,german-phase-water,German,8,2888
multilingual,rlens_camila,german-phase-water,freeze,8,9848
multilingual,rlens_camila,german-phase-water,water,8,6490
multilingual,rlens_camila,german-phase-water,ice,8,29497
multilingual,rlens_camila,german-phase-water,German,16,6578
multilingual,rlens_camila,german-phase-water,freeze,16,4598
multilingual,rlens_camila,german-phase-water,water,16,620
multilingual,rlens_camila,german-phase-water,ice,16,3918
multilingual,rlens_camila,german-phase-water,German,24,3553
multilingual,rlens_camila,german-phase-water,freeze,24,5
multilingual,rlens_camila,german-phase-water,water,24,20
multilingual,rlens_camila,german-phase-water,ice,24,2
multilingual,rlens_camila,german-phase-water,German,32,715
multilingual,rlens_camila,german-phase-water,freeze,32,77
multilingual,rlens_camila,german-phase-water,water,32,6
multilingual,rlens_camila,german-phase-water,ice,32,4
multilingual,rlens_camila,german-phase-water,German,40,6808
multilingual,rlens_camila,german-phase-water,freeze,40,11
multilingual,rlens_camila,german-phase-water,water,40,17
multilingual,rlens_camila,german-phase-water,ice,40,1
multilingual,rlens_camila,german-phase-water,German,48,1831
multilingual,rlens_camila,german-phase-water,freeze,48,13
multilingual,rlens_camila,german-phase-water,water,48,7
multilingual,rlens_camila,german-phase-water,ice,48,1
multilingual,rlens_camila,german-phase-water,German,56,8746
multilingual,rlens_camila,german-phase-water,freeze,56,13
multilingual,rlens_camila,german-phase-water,water,56,9
multilingual,rlens_camila,german-phase-water,ice,56,1
multilingual,jpp_released,german-phase-water,German,8,2693
multilingual,jpp_released,german-phase-water,freeze,8,407
multilingual,jpp_released,german-phase-water,water,8,186
multilingual,jpp_released,german-phase-water,ice,8,4946
multilingual,jpp_released,german-phase-water,German,16,522
multilingual,jpp_released,german-phase-water,freeze,16,3759
multilingual,jpp_released,german-phase-water,water,16,255
multilingual,jpp_released,german-phase-water,ice,16,3823
multilingual,jpp_released,german-phase-water,German,24,7303
multilingual,jpp_released,german-phase-water,freeze,24,7
multilingual,jpp_released,german-phase-water,water,24,8
multilingual,jpp_released,german-phase-water,ice,24,1
multilingual,jpp_released,german-phase-water,German,32,103
multilingual,jpp_released,german-phase-water,freeze,32,23
multilingual,jpp_released,german-phase-water,water,32,5
multilingual,jpp_released,german-phase-water,ice,32,1
multilingual,jpp_released,german-phase-water,German,40,3947
multilingual,jpp_released,german-phase-water,freeze,40,11
multilingual,jpp_released,german-phase-water,water,40,14
multilingual,jpp_released,german-phase-water,ice,40,1
multilingual,jpp_released,german-phase-water,German,48,224
multilingual,jpp_released,german-phase-water,freeze,48,16
multilingual,jpp_released,german-phase-water,water,48,10
multilingual,jpp_released,german-phase-water,ice,48,1
multilingual,jpp_released,german-phase-water,German,56,5757
multilingual,jpp_released,german-phase-water,freeze,56,15
multilingual,jpp_released,german-phase-water,water,56,9
multilingual,jpp_released,german-phase-water,ice,56,1
multilingual,logit,bulgarian-color-grass,Bulgarian,8,82966
multilingual,logit,bulgarian-color-grass,color,8,1729
multilingual,logit,bulgarian-color-grass,grass,8,3764
multilingual,logit,bulgarian-color-grass,green,8,1048
multilingual,logit,bulgarian-color-grass,Bulgarian,16,53534
multilingual,logit,bulgarian-color-grass,color,16,692
multilingual,logit,bulgarian-color-grass,grass,16,1221
multilingual,logit,bulgarian-color-grass,green,16,3156
multilingual,logit,bulgarian-color-grass,Bulgarian,24,7416
multilingual,logit,bulgarian-color-grass,color,24,36
multilingual,logit,bulgarian-color-grass,grass,24,17603
multilingual,logit,bulgarian-color-grass,green,24,208
multilingual,logit,bulgarian-color-grass,Bulgarian,32,40141
multilingual,logit,bulgarian-color-grass,color,32,44
multilingual,logit,bulgarian-color-grass,grass,32,2384
multilingual,logit,bulgarian-color-grass,green,32,2384
multilingual,logit,bulgarian-color-grass,Bulgarian,40,70857
multilingual,logit,bulgarian-color-grass,color,40,38
multilingual,logit,bulgarian-color-grass,grass,40,48
multilingual,logit,bulgarian-color-grass,green,40,4
multilingual,logit,bulgarian-color-grass,Bulgarian,48,69623
multilingual,logit,bulgarian-color-grass,color,48,236
multilingual,logit,bulgarian-color-grass,grass,48,19
multilingual,logit,bulgarian-color-grass,green,48,14
multilingual,logit,bulgarian-color-grass,Bulgarian,56,2722
multilingual,logit,bulgarian-color-grass,color,56,254
multilingual,logit,bulgarian-color-grass,grass,56,120
multilingual,logit,bulgarian-color-grass,green,56,1
multilingual,jlens_camila,bulgarian-color-grass,Bulgarian,8,32563
multilingual,jlens_camila,bulgarian-color-grass,color,8,673
multilingual,jlens_camila,bulgarian-color-grass,grass,8,15921
multilingual,jlens_camila,bulgarian-color-grass,green,8,29194
multilingual,jlens_camila,bulgarian-color-grass,Bulgarian,16,59915
multilingual,jlens_camila,bulgarian-color-grass,color,16,2092
multilingual,jlens_camila,bulgarian-color-grass,grass,16,69516
multilingual,jlens_camila,bulgarian-color-grass,green,16,39126
multilingual,jlens_camila,bulgarian-color-grass,Bulgarian,24,12111
multilingual,jlens_camila,bulgarian-color-grass,color,24,4
multilingual,jlens_camila,bulgarian-color-grass,grass,24,2597
multilingual,jlens_camila,bulgarian-color-grass,green,24,301
multilingual,jlens_camila,bulgarian-color-grass,Bulgarian,32,6970
multilingual,jlens_camila,bulgarian-color-grass,color,32,2
multilingual,jlens_camila,bulgarian-color-grass,grass,32,1477
multilingual,jlens_camila,bulgarian-color-grass,green,32,229
multilingual,jlens_camila,bulgarian-color-grass,Bulgarian,40,21064
multilingual,jlens_camila,bulgarian-color-grass,color,40,2
multilingual,jlens_camila,bulgarian-color-grass,grass,40,58
multilingual,jlens_camila,bulgarian-color-grass,green,40,14
multilingual,jlens_camila,bulgarian-color-grass,Bulgarian,48,29081
multilingual,jlens_camila,bulgarian-color-grass,color,48,2
multilingual,jlens_camila,bulgarian-color-grass,grass,48,53
multilingual,jlens_camila,bulgarian-color-grass,green,48,4
multilingual,jlens_camila,bulgarian-color-grass,Bulgarian,56,544
multilingual,jlens_camila,bulgarian-color-grass,color,56,51
multilingual,jlens_camila,bulgarian-color-grass,grass,56,123
multilingual,jlens_camila,bulgarian-color-grass,green,56,1
multilingual,rlens_camila,bulgarian-color-grass,Bulgarian,8,7814
multilingual,rlens_camila,bulgarian-color-grass,color,8,445
multilingual,rlens_camila,bulgarian-color-grass,grass,8,8330
multilingual,rlens_camila,bulgarian-color-grass,green,8,547
multilingual,rlens_camila,bulgarian-color-grass,Bulgarian,16,12547
multilingual,rlens_camila,bulgarian-color-grass,color,16,460
multilingual,rlens_camila,bulgarian-color-grass,grass,16,4748
multilingual,rlens_camila,bulgarian-color-grass,green,16,957
multilingual,rlens_camila,bulgarian-color-grass,Bulgarian,24,1721
multilingual,rlens_camila,bulgarian-color-grass,color,24,1
multilingual,rlens_camila,bulgarian-color-grass,grass,24,3903
multilingual,rlens_camila,bulgarian-color-grass,green,24,21
multilingual,rlens_camila,bulgarian-color-grass,Bulgarian,32,6572
multilingual,rlens_camila,bulgarian-color-grass,color,32,2
multilingual,rlens_camila,bulgarian-color-grass,grass,32,1363
multilingual,rlens_camila,bulgarian-color-grass,green,32,81
multilingual,rlens_camila,bulgarian-color-grass,Bulgarian,40,18522
multilingual,rlens_camila,bulgarian-color-grass,color,40,1
multilingual,rlens_camila,bulgarian-color-grass,grass,40,48
multilingual,rlens_camila,bulgarian-color-grass,green,40,8
multilingual,rlens_camila,bulgarian-color-grass,Bulgarian,48,23375
multilingual,rlens_camila,bulgarian-color-grass,color,48,1
multilingual,rlens_camila,bulgarian-color-grass,grass,48,37
multilingual,rlens_camila,bulgarian-color-grass,green,48,2
multilingual,rlens_camila,bulgarian-color-grass,Bulgarian,56,810
multilingual,rlens_camila,bulgarian-color-grass,color,56,32
multilingual,rlens_camila,bulgarian-color-grass,grass,56,88
multilingual,rlens_camila,bulgarian-color-grass,green,56,1
multilingual,jpp_released,bulgarian-color-grass,Bulgarian,8,4441
multilingual,jpp_released,bulgarian-color-grass,color,8,3
multilingual,jpp_released,bulgarian-color-grass,grass,8,11233
multilingual,jpp_released,bulgarian-color-grass,green,8,92
multilingual,jpp_released,bulgarian-color-grass,Bulgarian,16,17104
multilingual,jpp_released,bulgarian-color-grass,color,16,8
multilingual,jpp_released,bulgarian-color-grass,grass,16,7660
multilingual,jpp_released,bulgarian-color-grass,green,16,76
multilingual,jpp_released,bulgarian-color-grass,Bulgarian,24,2428
multilingual,jpp_released,bulgarian-color-grass,color,24,1
multilingual,jpp_released,bulgarian-color-grass,grass,24,2750
multilingual,jpp_released,bulgarian-color-grass,green,24,7
multilingual,jpp_released,bulgarian-color-grass,Bulgarian,32,3935
multilingual,jpp_released,bulgarian-color-grass,color,32,1
multilingual,jpp_released,bulgarian-color-grass,grass,32,1554
multilingual,jpp_released,bulgarian-color-grass,green,32,25
multilingual,jpp_released,bulgarian-color-grass,Bulgarian,40,11085
multilingual,jpp_released,bulgarian-color-grass,color,40,1
multilingual,jpp_released,bulgarian-color-grass,grass,40,31
multilingual,jpp_released,bulgarian-color-grass,green,40,3
multilingual,jpp_released,bulgarian-color-grass,Bulgarian,48,1672
multilingual,jpp_released,bulgarian-color-grass,color,48,2
multilingual,jpp_released,bulgarian-color-grass,grass,48,16
multilingual,jpp_released,bulgarian-color-grass,green,48,1
multilingual,jpp_released,bulgarian-color-grass,Bulgarian,56,179
multilingual,jpp_released,bulgarian-color-grass,color,56,15
multilingual,jpp_released,bulgarian-color-grass,grass,56,101
multilingual,jpp_released,bulgarian-color-grass,green,56,1
multilingual,logit,serbian-opposite-day,Serbian,8,46482
multilingual,logit,serbian-opposite-day,opposite,8,13933
multilingual,logit,serbian-opposite-day,day,8,24827
multilingual,logit,serbian-opposite-day,night,8,34607
multilingual,logit,serbian-opposite-day,Serbian,16,87567
multilingual,logit,serbian-opposite-day,opposite,16,1632
multilingual,logit,serbian-opposite-day,day,16,7751
multilingual,logit,serbian-opposite-day,night,16,15713
multilingual,logit,serbian-opposite-day,Serbian,24,106107
multilingual,logit,serbian-opposite-day,opposite,24,3
multilingual,logit,serbian-opposite-day,day,24,382
multilingual,logit,serbian-opposite-day,night,24,3781
multilingual,logit,serbian-opposite-day,Serbian,32,75708
multilingual,logit,serbian-opposite-day,opposite,32,16
multilingual,logit,serbian-opposite-day,day,32,779
multilingual,logit,serbian-opposite-day,night,32,9185
multilingual,logit,serbian-opposite-day,Serbian,40,22972
multilingual,logit,serbian-opposite-day,opposite,40,26
multilingual,logit,serbian-opposite-day,day,40,41
multilingual,logit,serbian-opposite-day,night,40,8
multilingual,logit,serbian-opposite-day,Serbian,48,72629
multilingual,logit,serbian-opposite-day,opposite,48,46
multilingual,logit,serbian-opposite-day,day,48,366
multilingual,logit,serbian-opposite-day,night,48,55
multilingual,logit,serbian-opposite-day,Serbian,56,44091
multilingual,logit,serbian-opposite-day,opposite,56,18411
multilingual,logit,serbian-opposite-day,day,56,81
multilingual,logit,serbian-opposite-day,night,56,1
multilingual,jlens_camila,serbian-opposite-day,Serbian,8,295
multilingual,jlens_camila,serbian-opposite-day,opposite,8,129216
multilingual,jlens_camila,serbian-opposite-day,day,8,31676
multilingual,jlens_camila,serbian-opposite-day,night,8,29176
multilingual,jlens_camila,serbian-opposite-day,Serbian,16,4800
multilingual,jlens_camila,serbian-opposite-day,opposite,16,154759
multilingual,jlens_camila,serbian-opposite-day,day,16,19875
multilingual,jlens_camila,serbian-opposite-day,night,16,15772
multilingual,jlens_camila,serbian-opposite-day,Serbian,24,41468
multilingual,jlens_camila,serbian-opposite-day,opposite,24,329
multilingual,jlens_camila,serbian-opposite-day,day,24,32053
multilingual,jlens_camila,serbian-opposite-day,night,24,11817
multilingual,jlens_camila,serbian-opposite-day,Serbian,32,7224
multilingual,jlens_camila,serbian-opposite-day,opposite,32,4
multilingual,jlens_camila,serbian-opposite-day,day,32,10363
multilingual,jlens_camila,serbian-opposite-day,night,32,1929
multilingual,jlens_camila,serbian-opposite-day,Serbian,40,20721
multilingual,jlens_camila,serbian-opposite-day,opposite,40,73
multilingual,jlens_camila,serbian-opposite-day,day,40,55
multilingual,jlens_camila,serbian-opposite-day,night,40,2
multilingual,jlens_camila,serbian-opposite-day,Serbian,48,34961
multilingual,jlens_camila,serbian-opposite-day,opposite,48,25
multilingual,jlens_camila,serbian-opposite-day,day,48,58
multilingual,jlens_camila,serbian-opposite-day,night,48,3
multilingual,jlens_camila,serbian-opposite-day,Serbian,56,13839
multilingual,jlens_camila,serbian-opposite-day,opposite,56,4100
multilingual,jlens_camila,serbian-opposite-day,day,56,65
multilingual,jlens_camila,serbian-opposite-day,night,56,1
multilingual,rlens_camila,serbian-opposite-day,Serbian,8,572
multilingual,rlens_camila,serbian-opposite-day,opposite,8,6746
multilingual,rlens_camila,serbian-opposite-day,day,8,3120
multilingual,rlens_camila,serbian-opposite-day,night,8,1173
multilingual,rlens_camila,serbian-opposite-day,Serbian,16,3956
multilingual,rlens_camila,serbian-opposite-day,opposite,16,1985
multilingual,rlens_camila,serbian-opposite-day,day,16,610
multilingual,rlens_camila,serbian-opposite-day,night,16,787
multilingual,rlens_camila,serbian-opposite-day,Serbian,24,20719
multilingual,rlens_camila,serbian-opposite-day,opposite,24,2
multilingual,rlens_camila,serbian-opposite-day,day,24,174
multilingual,rlens_camila,serbian-opposite-day,night,24,390
multilingual,rlens_camila,serbian-opposite-day,Serbian,32,14278
multilingual,rlens_camila,serbian-opposite-day,opposite,32,1
multilingual,rlens_camila,serbian-opposite-day,day,32,1851
multilingual,rlens_camila,serbian-opposite-day,night,32,944
multilingual,rlens_camila,serbian-opposite-day,Serbian,40,16491
multilingual,rlens_camila,serbian-opposite-day,opposite,40,32
multilingual,rlens_camila,serbian-opposite-day,day,40,26
multilingual,rlens_camila,serbian-opposite-day,night,40,1
multilingual,rlens_camila,serbian-opposite-day,Serbian,48,33384
multilingual,rlens_camila,serbian-opposite-day,opposite,48,16
multilingual,rlens_camila,serbian-opposite-day,day,48,33
multilingual,rlens_camila,serbian-opposite-day,night,48,1
multilingual,rlens_camila,serbian-opposite-day,Serbian,56,14629
multilingual,rlens_camila,serbian-opposite-day,opposite,56,1811
multilingual,rlens_camila,serbian-opposite-day,day,56,57
multilingual,rlens_camila,serbian-opposite-day,night,56,1
multilingual,jpp_released,serbian-opposite-day,Serbian,8,1932
multilingual,jpp_released,serbian-opposite-day,opposite,8,637
multilingual,jpp_released,serbian-opposite-day,day,8,4586
multilingual,jpp_released,serbian-opposite-day,night,8,2392
multilingual,jpp_released,serbian-opposite-day,Serbian,16,705
multilingual,jpp_released,serbian-opposite-day,opposite,16,3722
multilingual,jpp_released,serbian-opposite-day,day,16,1123
multilingual,jpp_released,serbian-opposite-day,night,16,277
multilingual,jpp_released,serbian-opposite-day,Serbian,24,135721
multilingual,jpp_released,serbian-opposite-day,opposite,24,2
multilingual,jpp_released,serbian-opposite-day,day,24,70
multilingual,jpp_released,serbian-opposite-day,night,24,59
multilingual,jpp_released,serbian-opposite-day,Serbian,32,841
multilingual,jpp_released,serbian-opposite-day,opposite,32,6
multilingual,jpp_released,serbian-opposite-day,day,32,686
multilingual,jpp_released,serbian-opposite-day,night,32,393
multilingual,jpp_released,serbian-opposite-day,Serbian,40,11764
multilingual,jpp_released,serbian-opposite-day,opposite,40,71
multilingual,jpp_released,serbian-opposite-day,day,40,13
multilingual,jpp_released,serbian-opposite-day,night,40,1
multilingual,jpp_released,serbian-opposite-day,Serbian,48,6014
multilingual,jpp_released,serbian-opposite-day,opposite,48,40
multilingual,jpp_released,serbian-opposite-day,day,48,10
multilingual,jpp_released,serbian-opposite-day,night,48,1
multilingual,jpp_released,serbian-opposite-day,Serbian,56,2278
multilingual,jpp_released,serbian-opposite-day,opposite,56,5103
multilingual,jpp_released,serbian-opposite-day,day,56,44
multilingual,jpp_released,serbian-opposite-day,night,56,1
multilingual,logit,croatian-opposite-big,Croatian,8,48477
multilingual,logit,croatian-opposite-big,opposite,8,9673
multilingual,logit,croatian-opposite-big,big,8,7777
multilingual,logit,croatian-opposite-big,small,8,8280
multilingual,logit,croatian-opposite-big,Croatian,16,164229
multilingual,logit,croatian-opposite-big,opposite,16,210
multilingual,logit,croatian-opposite-big,big,16,9897
multilingual,logit,croatian-opposite-big,small,16,4966
multilingual,logit,croatian-opposite-big,Croatian,24,162725
multilingual,logit,croatian-opposite-big,opposite,24,2
multilingual,logit,croatian-opposite-big,big,24,18614
multilingual,logit,croatian-opposite-big,small,24,32952
multilingual,logit,croatian-opposite-big,Croatian,32,143524
multilingual,logit,croatian-opposite-big,opposite,32,4
multilingual,logit,croatian-opposite-big,big,32,7092
multilingual,logit,croatian-opposite-big,small,32,39780
multilingual,logit,croatian-opposite-big,Croatian,40,179120
multilingual,logit,croatian-opposite-big,opposite,40,2
multilingual,logit,croatian-opposite-big,big,40,3716
multilingual,logit,croatian-opposite-big,small,40,373
multilingual,logit,croatian-opposite-big,Croatian,48,104382
multilingual,logit,croatian-opposite-big,opposite,48,17
multilingual,logit,croatian-opposite-big,big,48,975
multilingual,logit,croatian-opposite-big,small,48,45
multilingual,logit,croatian-opposite-big,Croatian,56,55916
multilingual,logit,croatian-opposite-big,opposite,56,35169
multilingual,logit,croatian-opposite-big,big,56,352
multilingual,logit,croatian-opposite-big,small,56,1
multilingual,jlens_camila,croatian-opposite-big,Croatian,8,72834
multilingual,jlens_camila,croatian-opposite-big,opposite,8,14512
multilingual,jlens_camila,croatian-opposite-big,big,8,79
multilingual,jlens_camila,croatian-opposite-big,small,8,47568
multilingual,jlens_camila,croatian-opposite-big,Croatian,16,47921
multilingual,jlens_camila,croatian-opposite-big,opposite,16,52138
multilingual,jlens_camila,croatian-opposite-big,big,16,25
multilingual,jlens_camila,croatian-opposite-big,small,16,8019
multilingual,jlens_camila,croatian-opposite-big,Croatian,24,23277
multilingual,jlens_camila,croatian-opposite-big,opposite,24,6
multilingual,jlens_camila,croatian-opposite-big,big,24,2155
multilingual,jlens_camila,croatian-opposite-big,small,24,8308
multilingual,jlens_camila,croatian-opposite-big,Croatian,32,66911
multilingual,jlens_camila,croatian-opposite-big,opposite,32,7
multilingual,jlens_camila,croatian-opposite-big,big,32,19662
multilingual,jlens_camila,croatian-opposite-big,small,32,8302
multilingual,jlens_camila,croatian-opposite-big,Croatian,40,114289
multilingual,jlens_camila,croatian-opposite-big,opposite,40,31
multilingual,jlens_camila,croatian-opposite-big,big,40,372
multilingual,jlens_camila,croatian-opposite-big,small,40,28
multilingual,jlens_camila,croatian-opposite-big,Croatian,48,86531
multilingual,jlens_camila,croatian-opposite-big,opposite,48,25
multilingual,jlens_camila,croatian-opposite-big,big,48,293
multilingual,jlens_camila,croatian-opposite-big,small,48,10
multilingual,jlens_camila,croatian-opposite-big,Croatian,56,17418
multilingual,jlens_camila,croatian-opposite-big,opposite,56,5120
multilingual,jlens_camila,croatian-opposite-big,big,56,262
multilingual,jlens_camila,croatian-opposite-big,small,56,1
multilingual,rlens_camila,croatian-opposite-big,Croatian,8,6342
multilingual,rlens_camila,croatian-opposite-big,opposite,8,4180
multilingual,rlens_camila,croatian-opposite-big,big,8,13
multilingual,rlens_camila,croatian-opposite-big,small,8,259
multilingual,rlens_camila,croatian-opposite-big,Croatian,16,21378
multilingual,rlens_camila,croatian-opposite-big,opposite,16,1232
multilingual,rlens_camila,croatian-opposite-big,big,16,19
multilingual,rlens_camila,croatian-opposite-big,small,16,150
multilingual,rlens_camila,croatian-opposite-big,Croatian,24,18407
multilingual,rlens_camila,croatian-opposite-big,opposite,24,1
multilingual,rlens_camila,croatian-opposite-big,big,24,142
multilingual,rlens_camila,croatian-opposite-big,small,24,171
multilingual,rlens_camila,croatian-opposite-big,Croatian,32,72788
multilingual,rlens_camila,croatian-opposite-big,opposite,32,2
multilingual,rlens_camila,croatian-opposite-big,big,32,1617
multilingual,rlens_camila,croatian-opposite-big,small,32,675
multilingual,rlens_camila,croatian-opposite-big,Croatian,40,96343
multilingual,rlens_camila,croatian-opposite-big,opposite,40,5
multilingual,rlens_camila,croatian-opposite-big,big,40,260
multilingual,rlens_camila,croatian-opposite-big,small,40,25
multilingual,rlens_camila,croatian-opposite-big,Croatian,48,58752
multilingual,rlens_camila,croatian-opposite-big,opposite,48,12
multilingual,rlens_camila,croatian-opposite-big,big,48,175
multilingual,rlens_camila,croatian-opposite-big,small,48,10
multilingual,rlens_camila,croatian-opposite-big,Croatian,56,13871
multilingual,rlens_camila,croatian-opposite-big,opposite,56,2986
multilingual,rlens_camila,croatian-opposite-big,big,56,221
multilingual,rlens_camila,croatian-opposite-big,small,56,1
multilingual,jpp_released,croatian-opposite-big,Croatian,8,676
multilingual,jpp_released,croatian-opposite-big,opposite,8,13834
multilingual,jpp_released,croatian-opposite-big,big,8,5
multilingual,jpp_released,croatian-opposite-big,small,8,7300
multilingual,jpp_released,croatian-opposite-big,Croatian,16,4315
multilingual,jpp_released,croatian-opposite-big,opposite,16,2233
multilingual,jpp_released,croatian-opposite-big,big,16,3
multilingual,jpp_released,croatian-opposite-big,small,16,363
multilingual,jpp_released,croatian-opposite-big,Croatian,24,56863
multilingual,jpp_released,croatian-opposite-big,opposite,24,1
multilingual,jpp_released,croatian-opposite-big,big,24,182
multilingual,jpp_released,croatian-opposite-big,small,24,152
multilingual,jpp_released,croatian-opposite-big,Croatian,32,48766
multilingual,jpp_released,croatian-opposite-big,opposite,32,7
multilingual,jpp_released,croatian-opposite-big,big,32,720
multilingual,jpp_released,croatian-opposite-big,small,32,720
multilingual,jpp_released,croatian-opposite-big,Croatian,40,86048
multilingual,jpp_released,croatian-opposite-big,opposite,40,8
multilingual,jpp_released,croatian-opposite-big,big,40,37
multilingual,jpp_released,croatian-opposite-big,small,40,2
multilingual,jpp_released,croatian-opposite-big,Croatian,48,20396
multilingual,jpp_released,croatian-opposite-big,opposite,48,10
multilingual,jpp_released,croatian-opposite-big,big,48,16
multilingual,jpp_released,croatian-opposite-big,small,48,2
multilingual,jpp_released,croatian-opposite-big,Croatian,56,2614
multilingual,jpp_released,croatian-opposite-big,opposite,56,23130
multilingual,jpp_released,croatian-opposite-big,big,56,139
multilingual,jpp_released,croatian-opposite-big,small,56,1
multilingual,logit,slovak-opposite-young,Slovak,8,88416
multilingual,logit,slovak-opposite-young,opposite,8,10793
multilingual,logit,slovak-opposite-young,young,8,4525
multilingual,logit,slovak-opposite-young,old,8,1774
multilingual,logit,slovak-opposite-young,Slovak,16,31124
multilingual,logit,slovak-opposite-young,opposite,16,1550
multilingual,logit,slovak-opposite-young,young,16,18520
multilingual,logit,slovak-opposite-young,old,16,613
multilingual,logit,slovak-opposite-young,Slovak,24,4886
multilingual,logit,slovak-opposite-young,opposite,24,134
multilingual,logit,slovak-opposite-young,young,24,46945
multilingual,logit,slovak-opposite-young,old,24,11802
multilingual,logit,slovak-opposite-young,Slovak,32,20883
multilingual,logit,slovak-opposite-young,opposite,32,15
multilingual,logit,slovak-opposite-young,young,32,15012
multilingual,logit,slovak-opposite-young,old,32,21368
multilingual,logit,slovak-opposite-young,Slovak,40,25495
multilingual,logit,slovak-opposite-young,opposite,40,2
multilingual,logit,slovak-opposite-young,young,40,1998
multilingual,logit,slovak-opposite-young,old,40,1225
multilingual,logit,slovak-opposite-young,Slovak,48,81341
multilingual,logit,slovak-opposite-young,opposite,48,1
multilingual,logit,slovak-opposite-young,young,48,6004
multilingual,logit,slovak-opposite-young,old,48,224
multilingual,logit,slovak-opposite-young,Slovak,56,7873
multilingual,logit,slovak-opposite-young,opposite,56,51452
multilingual,logit,slovak-opposite-young,young,56,113
multilingual,logit,slovak-opposite-young,old,56,1
multilingual,jlens_camila,slovak-opposite-young,Slovak,8,85174
multilingual,jlens_camila,slovak-opposite-young,opposite,8,17149
multilingual,jlens_camila,slovak-opposite-young,young,8,41536
multilingual,jlens_camila,slovak-opposite-young,old,8,58635
multilingual,jlens_camila,slovak-opposite-young,Slovak,16,53325
multilingual,jlens_camila,slovak-opposite-young,opposite,16,52655
multilingual,jlens_camila,slovak-opposite-young,young,16,179512
multilingual,jlens_camila,slovak-opposite-young,old,16,14957
multilingual,jlens_camila,slovak-opposite-young,Slovak,24,5517
multilingual,jlens_camila,slovak-opposite-young,opposite,24,185
multilingual,jlens_camila,slovak-opposite-young,young,24,102545
multilingual,jlens_camila,slovak-opposite-young,old,24,28286
multilingual,jlens_camila,slovak-opposite-young,Slovak,32,602
multilingual,jlens_camila,slovak-opposite-young,opposite,32,6
multilingual,jlens_camila,slovak-opposite-young,young,32,44378
multilingual,jlens_camila,slovak-opposite-young,old,32,6921
multilingual,jlens_camila,slovak-opposite-young,Slovak,40,1778
multilingual,jlens_camila,slovak-opposite-young,opposite,40,3
multilingual,jlens_camila,slovak-opposite-young,young,40,257
multilingual,jlens_camila,slovak-opposite-young,old,40,189
multilingual,jlens_camila,slovak-opposite-young,Slovak,48,3653
multilingual,jlens_camila,slovak-opposite-young,opposite,48,2
multilingual,jlens_camila,slovak-opposite-young,young,48,279
multilingual,jlens_camila,slovak-opposite-young,old,48,48
multilingual,jlens_camila,slovak-opposite-young,Slovak,56,632
multilingual,jlens_camila,slovak-opposite-young,opposite,56,17575
multilingual,jlens_camila,slovak-opposite-young,young,56,93
multilingual,jlens_camila,slovak-opposite-young,old,56,1
multilingual,rlens_camila,slovak-opposite-young,Slovak,8,29674
multilingual,rlens_camila,slovak-opposite-young,opposite,8,1248
multilingual,rlens_camila,slovak-opposite-young,young,8,1026
multilingual,rlens_camila,slovak-opposite-young,old,8,163
multilingual,rlens_camila,slovak-opposite-young,Slovak,16,12453
multilingual,rlens_camila,slovak-opposite-young,opposite,16,559
multilingual,rlens_camila,slovak-opposite-young,young,16,2771
multilingual,rlens_camila,slovak-opposite-young,old,16,470
multilingual,rlens_camila,slovak-opposite-young,Slovak,24,3035
multilingual,rlens_camila,slovak-opposite-young,opposite,24,5
multilingual,rlens_camila,slovak-opposite-young,young,24,10956
multilingual,rlens_camila,slovak-opposite-young,old,24,1172
multilingual,rlens_camila,slovak-opposite-young,Slovak,32,1479
multilingual,rlens_camila,slovak-opposite-young,opposite,32,2
multilingual,rlens_camila,slovak-opposite-young,young,32,11374
multilingual,rlens_camila,slovak-opposite-young,old,32,4230
multilingual,rlens_camila,slovak-opposite-young,Slovak,40,5161
multilingual,rlens_camila,slovak-opposite-young,opposite,40,1
multilingual,rlens_camila,slovak-opposite-young,young,40,158
multilingual,rlens_camila,slovak-opposite-young,old,40,186
multilingual,rlens_camila,slovak-opposite-young,Slovak,48,13366
multilingual,rlens_camila,slovak-opposite-young,opposite,48,2
multilingual,rlens_camila,slovak-opposite-young,young,48,257
multilingual,rlens_camila,slovak-opposite-young,old,48,65
multilingual,rlens_camila,slovak-opposite-young,Slovak,56,968
multilingual,rlens_camila,slovak-opposite-young,opposite,56,9588
multilingual,rlens_camila,slovak-opposite-young,young,56,64
multilingual,rlens_camila,slovak-opposite-young,old,56,1
multilingual,jpp_released,slovak-opposite-young,Slovak,8,161424
multilingual,jpp_released,slovak-opposite-young,opposite,8,3544
multilingual,jpp_released,slovak-opposite-young,young,8,9953
multilingual,jpp_released,slovak-opposite-young,old,8,522
multilingual,jpp_released,slovak-opposite-young,Slovak,16,1430
multilingual,jpp_released,slovak-opposite-young,opposite,16,1575
multilingual,jpp_released,slovak-opposite-young,young,16,953
multilingual,jpp_released,slovak-opposite-young,old,16,125
multilingual,jpp_released,slovak-opposite-young,Slovak,24,13358
multilingual,jpp_released,slovak-opposite-young,opposite,24,7
multilingual,jpp_released,slovak-opposite-young,young,24,2120
multilingual,jpp_released,slovak-opposite-young,old,24,96
multilingual,jpp_released,slovak-opposite-young,Slovak,32,22
multilingual,jpp_released,slovak-opposite-young,opposite,32,5
multilingual,jpp_released,slovak-opposite-young,young,32,7857
multilingual,jpp_released,slovak-opposite-young,old,32,44
multilingual,jpp_released,slovak-opposite-young,Slovak,40,5190
multilingual,jpp_released,slovak-opposite-young,opposite,40,3
multilingual,jpp_released,slovak-opposite-young,young,40,9
multilingual,jpp_released,slovak-opposite-young,old,40,10
multilingual,jpp_released,slovak-opposite-young,Slovak,48,4728
multilingual,jpp_released,slovak-opposite-young,opposite,48,2
multilingual,jpp_released,slovak-opposite-young,young,48,152
multilingual,jpp_released,slovak-opposite-young,old,48,15
multilingual,jpp_released,slovak-opposite-young,Slovak,56,273
multilingual,jpp_released,slovak-opposite-young,opposite,56,61386
multilingual,jpp_released,slovak-opposite-young,young,56,60
multilingual,jpp_released,slovak-opposite-young,old,56,1
multilingual,logit,estonian-opposite-open,opposite,8,2978
multilingual,logit,estonian-opposite-open,open,8,407
multilingual,logit,estonian-opposite-open,closed,8,3739
multilingual,logit,estonian-opposite-open,opposite,16,103
multilingual,logit,estonian-opposite-open,open,16,393
multilingual,logit,estonian-opposite-open,closed,16,18122
multilingual,logit,estonian-opposite-open,opposite,24,2
multilingual,logit,estonian-opposite-open,open,24,795
multilingual,logit,estonian-opposite-open,closed,24,1427
multilingual,logit,estonian-opposite-open,opposite,32,18
multilingual,logit,estonian-opposite-open,open,32,1325
multilingual,logit,estonian-opposite-open,closed,32,4892
multilingual,logit,estonian-opposite-open,opposite,40,138
multilingual,logit,estonian-opposite-open,open,40,4
multilingual,logit,estonian-opposite-open,closed,40,1
multilingual,logit,estonian-opposite-open,opposite,48,23
multilingual,logit,estonian-opposite-open,open,48,6
multilingual,logit,estonian-opposite-open,closed,48,1
multilingual,logit,estonian-opposite-open,opposite,56,26547
multilingual,logit,estonian-opposite-open,open,56,14
multilingual,logit,estonian-opposite-open,closed,56,1
multilingual,jlens_camila,estonian-opposite-open,opposite,8,8029
multilingual,jlens_camila,estonian-opposite-open,open,8,24070
multilingual,jlens_camila,estonian-opposite-open,closed,8,129528
multilingual,jlens_camila,estonian-opposite-open,opposite,16,9322
multilingual,jlens_camila,estonian-opposite-open,open,16,33107
multilingual,jlens_camila,estonian-opposite-open,closed,16,47851
multilingual,jlens_camila,estonian-opposite-open,opposite,24,260
multilingual,jlens_camila,estonian-opposite-open,open,24,9043
multilingual,jlens_camila,estonian-opposite-open,closed,24,34394
multilingual,jlens_camila,estonian-opposite-open,opposite,32,12
multilingual,jlens_camila,estonian-opposite-open,open,32,2796
multilingual,jlens_camila,estonian-opposite-open,closed,32,14452
multilingual,jlens_camila,estonian-opposite-open,opposite,40,130
multilingual,jlens_camila,estonian-opposite-open,open,40,9
multilingual,jlens_camila,estonian-opposite-open,closed,40,2
multilingual,jlens_camila,estonian-opposite-open,opposite,48,23
multilingual,jlens_camila,estonian-opposite-open,open,48,11
multilingual,jlens_camila,estonian-opposite-open,closed,48,1
multilingual,jlens_camila,estonian-opposite-open,opposite,56,18668
multilingual,jlens_camila,estonian-opposite-open,open,56,13
multilingual,jlens_camila,estonian-opposite-open,closed,56,1
multilingual,rlens_camila,estonian-opposite-open,opposite,8,509
multilingual,rlens_camila,estonian-opposite-open,open,8,2091
multilingual,rlens_camila,estonian-opposite-open,closed,8,7313
multilingual,rlens_camila,estonian-opposite-open,opposite,16,469
multilingual,rlens_camila,estonian-opposite-open,open,16,2464
multilingual,rlens_camila,estonian-opposite-open,closed,16,10398
multilingual,rlens_camila,estonian-opposite-open,opposite,24,11
multilingual,rlens_camila,estonian-opposite-open,open,24,239
multilingual,rlens_camila,estonian-opposite-open,closed,24,8222
multilingual,rlens_camila,estonian-opposite-open,opposite,32,7
multilingual,rlens_camila,estonian-opposite-open,open,32,791
multilingual,rlens_camila,estonian-opposite-open,closed,32,2576
multilingual,rlens_camila,estonian-opposite-open,opposite,40,60
multilingual,rlens_camila,estonian-opposite-open,open,40,5
multilingual,rlens_camila,estonian-opposite-open,closed,40,1
multilingual,rlens_camila,estonian-opposite-open,opposite,48,15
multilingual,rlens_camila,estonian-opposite-open,open,48,7
multilingual,rlens_camila,estonian-opposite-open,closed,48,1
multilingual,rlens_camila,estonian-opposite-open,opposite,56,10968
multilingual,rlens_camila,estonian-opposite-open,open,56,10
multilingual,rlens_camila,estonian-opposite-open,closed,56,1
multilingual,jpp_released,estonian-opposite-open,opposite,8,421
multilingual,jpp_released,estonian-opposite-open,open,8,46373
multilingual,jpp_released,estonian-opposite-open,closed,8,58260
multilingual,jpp_released,estonian-opposite-open,opposite,16,581
multilingual,jpp_released,estonian-opposite-open,open,16,5591
multilingual,jpp_released,estonian-opposite-open,closed,16,6561
multilingual,jpp_released,estonian-opposite-open,opposite,24,4
multilingual,jpp_released,estonian-opposite-open,open,24,27
multilingual,jpp_released,estonian-opposite-open,closed,24,1097
multilingual,jpp_released,estonian-opposite-open,opposite,32,21
multilingual,jpp_released,estonian-opposite-open,open,32,476
multilingual,jpp_released,estonian-opposite-open,closed,32,670
multilingual,jpp_released,estonian-opposite-open,opposite,40,91
multilingual,jpp_released,estonian-opposite-open,open,40,3
multilingual,jpp_released,estonian-opposite-open,closed,40,1
multilingual,jpp_released,estonian-opposite-open,opposite,48,20
multilingual,jpp_released,estonian-opposite-open,open,48,7
multilingual,jpp_released,estonian-opposite-open,closed,48,1
multilingual,jpp_released,estonian-opposite-open,opposite,56,85423
multilingual,jpp_released,estonian-opposite-open,open,56,21
multilingual,jpp_released,estonian-opposite-open,closed,56,1
multilingual,logit,irish-opposite-big,Irish,8,30473
multilingual,logit,irish-opposite-big,opposite,8,1737
multilingual,logit,irish-opposite-big,big,8,3175
multilingual,logit,irish-opposite-big,small,8,12386
multilingual,logit,irish-opposite-big,Irish,16,32485
multilingual,logit,irish-opposite-big,opposite,16,567
multilingual,logit,irish-opposite-big,big,16,724
multilingual,logit,irish-opposite-big,small,16,5005
multilingual,logit,irish-opposite-big,Irish,24,46622
multilingual,logit,irish-opposite-big,opposite,24,1
multilingual,logit,irish-opposite-big,big,24,775
multilingual,logit,irish-opposite-big,small,24,7742
multilingual,logit,irish-opposite-big,Irish,32,89399
multilingual,logit,irish-opposite-big,opposite,32,2
multilingual,logit,irish-opposite-big,big,32,3451
multilingual,logit,irish-opposite-big,small,32,13032
multilingual,logit,irish-opposite-big,Irish,40,103399
multilingual,logit,irish-opposite-big,opposite,40,3
multilingual,logit,irish-opposite-big,big,40,4852
multilingual,logit,irish-opposite-big,small,40,177
multilingual,logit,irish-opposite-big,Irish,48,68609
multilingual,logit,irish-opposite-big,opposite,48,3
multilingual,logit,irish-opposite-big,big,48,603
multilingual,logit,irish-opposite-big,small,48,61
multilingual,logit,irish-opposite-big,Irish,56,58
multilingual,logit,irish-opposite-big,opposite,56,23023
multilingual,logit,irish-opposite-big,big,56,316
multilingual,logit,irish-opposite-big,small,56,1
multilingual,jlens_camila,irish-opposite-big,Irish,8,15064
multilingual,jlens_camila,irish-opposite-big,opposite,8,8352
multilingual,jlens_camila,irish-opposite-big,big,8,758
multilingual,jlens_camila,irish-opposite-big,small,8,28556
multilingual,jlens_camila,irish-opposite-big,Irish,16,23552
multilingual,jlens_camila,irish-opposite-big,opposite,16,40214
multilingual,jlens_camila,irish-opposite-big,big,16,305
multilingual,jlens_camila,irish-opposite-big,small,16,7566
multilingual,jlens_camila,irish-opposite-big,Irish,24,26714
multilingual,jlens_camila,irish-opposite-big,opposite,24,19
multilingual,jlens_camila,irish-opposite-big,big,24,3911
multilingual,jlens_camila,irish-opposite-big,small,24,1774
multilingual,jlens_camila,irish-opposite-big,Irish,32,16385
multilingual,jlens_camila,irish-opposite-big,opposite,32,1
multilingual,jlens_camila,irish-opposite-big,big,32,10821
multilingual,jlens_camila,irish-opposite-big,small,32,1936
multilingual,jlens_camila,irish-opposite-big,Irish,40,65086
multilingual,jlens_camila,irish-opposite-big,opposite,40,11
multilingual,jlens_camila,irish-opposite-big,big,40,294
multilingual,jlens_camila,irish-opposite-big,small,40,20
multilingual,jlens_camila,irish-opposite-big,Irish,48,63327
multilingual,jlens_camila,irish-opposite-big,opposite,48,7
multilingual,jlens_camila,irish-opposite-big,big,48,291
multilingual,jlens_camila,irish-opposite-big,small,48,7
multilingual,jlens_camila,irish-opposite-big,Irish,56,95
multilingual,jlens_camila,irish-opposite-big,opposite,56,18716
multilingual,jlens_camila,irish-opposite-big,big,56,298
multilingual,jlens_camila,irish-opposite-big,small,56,1
multilingual,rlens_camila,irish-opposite-big,Irish,8,6888
multilingual,rlens_camila,irish-opposite-big,opposite,8,511
multilingual,rlens_camila,irish-opposite-big,big,8,35
multilingual,rlens_camila,irish-opposite-big,small,8,184
multilingual,rlens_camila,irish-opposite-big,Irish,16,14699
multilingual,rlens_camila,irish-opposite-big,opposite,16,589
multilingual,rlens_camila,irish-opposite-big,big,16,154
multilingual,rlens_camila,irish-opposite-big,small,16,200
multilingual,rlens_camila,irish-opposite-big,Irish,24,34905
multilingual,rlens_camila,irish-opposite-big,opposite,24,1
multilingual,rlens_camila,irish-opposite-big,big,24,165
multilingual,rlens_camila,irish-opposite-big,small,24,35
multilingual,rlens_camila,irish-opposite-big,Irish,32,24048
multilingual,rlens_camila,irish-opposite-big,opposite,32,1
multilingual,rlens_camila,irish-opposite-big,big,32,1594
multilingual,rlens_camila,irish-opposite-big,small,32,214
multilingual,rlens_camila,irish-opposite-big,Irish,40,36780
multilingual,rlens_camila,irish-opposite-big,opposite,40,1
multilingual,rlens_camila,irish-opposite-big,big,40,265
multilingual,rlens_camila,irish-opposite-big,small,40,20
multilingual,rlens_camila,irish-opposite-big,Irish,48,51324
multilingual,rlens_camila,irish-opposite-big,opposite,48,4
multilingual,rlens_camila,irish-opposite-big,big,48,197
multilingual,rlens_camila,irish-opposite-big,small,48,10
multilingual,rlens_camila,irish-opposite-big,Irish,56,59
multilingual,rlens_camila,irish-opposite-big,opposite,56,10797
multilingual,rlens_camila,irish-opposite-big,big,56,264
multilingual,rlens_camila,irish-opposite-big,small,56,1
multilingual,jpp_released,irish-opposite-big,Irish,8,3529
multilingual,jpp_released,irish-opposite-big,opposite,8,709
multilingual,jpp_released,irish-opposite-big,big,8,88
multilingual,jpp_released,irish-opposite-big,small,8,312
multilingual,jpp_released,irish-opposite-big,Irish,16,8217
multilingual,jpp_released,irish-opposite-big,opposite,16,1345
multilingual,jpp_released,irish-opposite-big,big,16,533
multilingual,jpp_released,irish-opposite-big,small,16,928
multilingual,jpp_released,irish-opposite-big,Irish,24,10737
multilingual,jpp_released,irish-opposite-big,opposite,24,1
multilingual,jpp_released,irish-opposite-big,big,24,214
multilingual,jpp_released,irish-opposite-big,small,24,27
multilingual,jpp_released,irish-opposite-big,Irish,32,735
multilingual,jpp_released,irish-opposite-big,opposite,32,1
multilingual,jpp_released,irish-opposite-big,big,32,1237
multilingual,jpp_released,irish-opposite-big,small,32,92
multilingual,jpp_released,irish-opposite-big,Irish,40,9843
multilingual,jpp_released,irish-opposite-big,opposite,40,7
multilingual,jpp_released,irish-opposite-big,big,40,29
multilingual,jpp_released,irish-opposite-big,small,40,2
multilingual,jpp_released,irish-opposite-big,Irish,48,17849
multilingual,jpp_released,irish-opposite-big,opposite,48,7
multilingual,jpp_released,irish-opposite-big,big,48,20
multilingual,jpp_released,irish-opposite-big,small,48,4
multilingual,jpp_released,irish-opposite-big,Irish,56,16
multilingual,jpp_released,irish-opposite-big,opposite,56,35835
multilingual,jpp_released,irish-opposite-big,big,56,203
multilingual,jpp_released,irish-opposite-big,small,56,1
multilingual,logit,fr-month-after-jan,French,8,2760
multilingual,logit,fr-month-after-jan,month,8,8830
multilingual,logit,fr-month-after-jan,January,8,24586
multilingual,logit,fr-month-after-jan,February,8,26203
multilingual,logit,fr-month-after-jan,French,16,17045
multilingual,logit,fr-month-after-jan,month,16,12964
multilingual,logit,fr-month-after-jan,January,16,46686
multilingual,logit,fr-month-after-jan,February,16,32541
multilingual,logit,fr-month-after-jan,French,24,2506
multilingual,logit,fr-month-after-jan,month,24,1123
multilingual,logit,fr-month-after-jan,January,24,25288
multilingual,logit,fr-month-after-jan,February,24,21529
multilingual,logit,fr-month-after-jan,French,32,1718
multilingual,logit,fr-month-after-jan,month,32,3246
multilingual,logit,fr-month-after-jan,January,32,41465
multilingual,logit,fr-month-after-jan,February,32,17548
multilingual,logit,fr-month-after-jan,French,40,916
multilingual,logit,fr-month-after-jan,month,40,7
multilingual,logit,fr-month-after-jan,January,40,1421
multilingual,logit,fr-month-after-jan,February,40,1715
multilingual,logit,fr-month-after-jan,French,48,12928
multilingual,logit,fr-month-after-jan,month,48,150
multilingual,logit,fr-month-after-jan,January,48,8249
multilingual,logit,fr-month-after-jan,February,48,2266
multilingual,logit,fr-month-after-jan,French,56,20434
multilingual,logit,fr-month-after-jan,month,56,52
multilingual,logit,fr-month-after-jan,January,56,8
multilingual,logit,fr-month-after-jan,February,56,1
multilingual,jlens_camila,fr-month-after-jan,French,8,38
multilingual,jlens_camila,fr-month-after-jan,month,8,118622
multilingual,jlens_camila,fr-month-after-jan,January,8,145317
multilingual,jlens_camila,fr-month-after-jan,February,8,181319
multilingual,jlens_camila,fr-month-after-jan,French,16,62
multilingual,jlens_camila,fr-month-after-jan,month,16,11482
multilingual,jlens_camila,fr-month-after-jan,January,16,188448
multilingual,jlens_camila,fr-month-after-jan,February,16,218224
multilingual,jlens_camila,fr-month-after-jan,French,24,19
multilingual,jlens_camila,fr-month-after-jan,month,24,2296
multilingual,jlens_camila,fr-month-after-jan,January,24,163792
multilingual,jlens_camila,fr-month-after-jan,February,24,143183
multilingual,jlens_camila,fr-month-after-jan,French,32,5
multilingual,jlens_camila,fr-month-after-jan,month,32,142
multilingual,jlens_camila,fr-month-after-jan,January,32,18654
multilingual,jlens_camila,fr-month-after-jan,February,32,12403
multilingual,jlens_camila,fr-month-after-jan,French,40,134
multilingual,jlens_camila,fr-month-after-jan,month,40,1
multilingual,jlens_camila,fr-month-after-jan,January,40,46
multilingual,jlens_camila,fr-month-after-jan,February,40,39
multilingual,jlens_camila,fr-month-after-jan,French,48,96
multilingual,jlens_camila,fr-month-after-jan,month,48,1
multilingual,jlens_camila,fr-month-after-jan,January,48,28
multilingual,jlens_camila,fr-month-after-jan,February,48,19
multilingual,jlens_camila,fr-month-after-jan,French,56,1470
multilingual,jlens_camila,fr-month-after-jan,month,56,19
multilingual,jlens_camila,fr-month-after-jan,January,56,5
multilingual,jlens_camila,fr-month-after-jan,February,56,1
multilingual,rlens_camila,fr-month-after-jan,French,8,24
multilingual,rlens_camila,fr-month-after-jan,month,8,23387
multilingual,rlens_camila,fr-month-after-jan,January,8,51332
multilingual,rlens_camila,fr-month-after-jan,February,8,46565
multilingual,rlens_camila,fr-month-after-jan,French,16,105
multilingual,rlens_camila,fr-month-after-jan,month,16,8379
multilingual,rlens_camila,fr-month-after-jan,January,16,45870
multilingual,rlens_camila,fr-month-after-jan,February,16,38848
multilingual,rlens_camila,fr-month-after-jan,French,24,4
multilingual,rlens_camila,fr-month-after-jan,month,24,51
multilingual,rlens_camila,fr-month-after-jan,January,24,8717
multilingual,rlens_camila,fr-month-after-jan,February,24,7445
multilingual,rlens_camila,fr-month-after-jan,French,32,3
multilingual,rlens_camila,fr-month-after-jan,month,32,81
multilingual,rlens_camila,fr-month-after-jan,January,32,4261
multilingual,rlens_camila,fr-month-after-jan,February,32,3202
multilingual,rlens_camila,fr-month-after-jan,French,40,71
multilingual,rlens_camila,fr-month-after-jan,month,40,1
multilingual,rlens_camila,fr-month-after-jan,January,40,31
multilingual,rlens_camila,fr-month-after-jan,February,40,25
multilingual,rlens_camila,fr-month-after-jan,French,48,72
multilingual,rlens_camila,fr-month-after-jan,month,48,1
multilingual,rlens_camila,fr-month-after-jan,January,48,29
multilingual,rlens_camila,fr-month-after-jan,February,48,21
multilingual,rlens_camila,fr-month-after-jan,French,56,1299
multilingual,rlens_camila,fr-month-after-jan,month,56,26
multilingual,rlens_camila,fr-month-after-jan,January,56,5
multilingual,rlens_camila,fr-month-after-jan,February,56,1
multilingual,jpp_released,fr-month-after-jan,French,8,3
multilingual,jpp_released,fr-month-after-jan,month,8,1185
multilingual,jpp_released,fr-month-after-jan,January,8,5800
multilingual,jpp_released,fr-month-after-jan,February,8,2721
multilingual,jpp_released,fr-month-after-jan,French,16,2
multilingual,jpp_released,fr-month-after-jan,month,16,7006
multilingual,jpp_released,fr-month-after-jan,January,16,3804
multilingual,jpp_released,fr-month-after-jan,February,16,1489
multilingual,jpp_released,fr-month-after-jan,French,24,1
multilingual,jpp_released,fr-month-after-jan,month,24,9
multilingual,jpp_released,fr-month-after-jan,January,24,914
multilingual,jpp_released,fr-month-after-jan,February,24,807
multilingual,jpp_released,fr-month-after-jan,French,32,1
multilingual,jpp_released,fr-month-after-jan,month,32,51
multilingual,jpp_released,fr-month-after-jan,January,32,607
multilingual,jpp_released,fr-month-after-jan,February,32,120
multilingual,jpp_released,fr-month-after-jan,French,40,14
multilingual,jpp_released,fr-month-after-jan,month,40,1
multilingual,jpp_released,fr-month-after-jan,January,40,11
multilingual,jpp_released,fr-month-after-jan,February,40,9
multilingual,jpp_released,fr-month-after-jan,French,48,4
multilingual,jpp_released,fr-month-after-jan,month,48,1
multilingual,jpp_released,fr-month-after-jan,January,48,10
multilingual,jpp_released,fr-month-after-jan,February,48,6
multilingual,jpp_released,fr-month-after-jan,French,56,160
multilingual,jpp_released,fr-month-after-jan,month,56,10
multilingual,jpp_released,fr-month-after-jan,January,56,6
multilingual,jpp_released,fr-month-after-jan,February,56,1
multilingual,logit,fr-month-after-may,French,8,2271
multilingual,logit,fr-month-after-may,month,8,9849
multilingual,logit,fr-month-after-may,May,8,473
multilingual,logit,fr-month-after-may,June,8,14697
multilingual,logit,fr-month-after-may,French,16,10685
multilingual,logit,fr-month-after-may,month,16,19172
multilingual,logit,fr-month-after-may,May,16,2345
multilingual,logit,fr-month-after-may,June,16,42856
multilingual,logit,fr-month-after-may,French,24,4833
multilingual,logit,fr-month-after-may,month,24,495
multilingual,logit,fr-month-after-may,May,24,46166
multilingual,logit,fr-month-after-may,June,24,19985
multilingual,logit,fr-month-after-may,French,32,2588
multilingual,logit,fr-month-after-may,month,32,2298
multilingual,logit,fr-month-after-may,May,32,9548
multilingual,logit,fr-month-after-may,June,32,31248
multilingual,logit,fr-month-after-may,French,40,1299
multilingual,logit,fr-month-after-may,month,40,5
multilingual,logit,fr-month-after-may,May,40,4286
multilingual,logit,fr-month-after-may,June,40,1655
multilingual,logit,fr-month-after-may,French,48,4305
multilingual,logit,fr-month-after-may,month,48,98
multilingual,logit,fr-month-after-may,May,48,5108
multilingual,logit,fr-month-after-may,June,48,6422
multilingual,logit,fr-month-after-may,French,56,13811
multilingual,logit,fr-month-after-may,month,56,98
multilingual,logit,fr-month-after-may,May,56,5
multilingual,logit,fr-month-after-may,June,56,1
multilingual,jlens_camila,fr-month-after-may,French,8,43
multilingual,jlens_camila,fr-month-after-may,month,8,138823
multilingual,jlens_camila,fr-month-after-may,May,8,73240
multilingual,jlens_camila,fr-month-after-may,June,8,188986
multilingual,jlens_camila,fr-month-after-may,French,16,32
multilingual,jlens_camila,fr-month-after-may,month,16,18723
multilingual,jlens_camila,fr-month-after-may,May,16,147282
multilingual,jlens_camila,fr-month-after-may,June,16,169512
multilingual,jlens_camila,fr-month-after-may,French,24,4
multilingual,jlens_camila,fr-month-after-may,month,24,397
multilingual,jlens_camila,fr-month-after-may,May,24,43252
multilingual,jlens_camila,fr-month-after-may,June,24,53870
multilingual,jlens_camila,fr-month-after-may,French,32,2
multilingual,jlens_camila,fr-month-after-may,month,32,43
multilingual,jlens_camila,fr-month-after-may,May,32,11973
multilingual,jlens_camila,fr-month-after-may,June,32,4336
multilingual,jlens_camila,fr-month-after-may,French,40,55
multilingual,jlens_camila,fr-month-after-may,month,40,1
multilingual,jlens_camila,fr-month-after-may,May,40,428
multilingual,jlens_camila,fr-month-after-may,June,40,29
multilingual,jlens_camila,fr-month-after-may,French,48,21
multilingual,jlens_camila,fr-month-after-may,month,48,1
multilingual,jlens_camila,fr-month-after-may,May,48,472
multilingual,jlens_camila,fr-month-after-may,June,48,35
multilingual,jlens_camila,fr-month-after-may,French,56,573
multilingual,jlens_camila,fr-month-after-may,month,56,21
multilingual,jlens_camila,fr-month-after-may,May,56,6
multilingual,jlens_camila,fr-month-after-may,June,56,1
multilingual,rlens_camila,fr-month-after-may,French,8,21
multilingual,rlens_camila,fr-month-after-may,month,8,26401
multilingual,rlens_camila,fr-month-after-may,May,8,70289
multilingual,rlens_camila,fr-month-after-may,June,8,37680
multilingual,rlens_camila,fr-month-after-may,French,16,74
multilingual,rlens_camila,fr-month-after-may,month,16,10248
multilingual,rlens_camila,fr-month-after-may,May,16,21256
multilingual,rlens_camila,fr-month-after-may,June,16,35224
multilingual,rlens_camila,fr-month-after-may,French,24,2
multilingual,rlens_camila,fr-month-after-may,month,24,4
multilingual,rlens_camila,fr-month-after-may,May,24,15718
multilingual,rlens_camila,fr-month-after-may,June,24,2813
multilingual,rlens_camila,fr-month-after-may,French,32,1
multilingual,rlens_camila,fr-month-after-may,month,32,11
multilingual,rlens_camila,fr-month-after-may,May,32,3871
multilingual,rlens_camila,fr-month-after-may,June,32,1648
multilingual,rlens_camila,fr-month-after-may,French,40,32
multilingual,rlens_camila,fr-month-after-may,month,40,1
multilingual,rlens_camila,fr-month-after-may,May,40,176
multilingual,rlens_camila,fr-month-after-may,June,40,23
multilingual,rlens_camila,fr-month-after-may,French,48,12
multilingual,rlens_camila,fr-month-after-may,month,48,1
multilingual,rlens_camila,fr-month-after-may,May,48,408
multilingual,rlens_camila,fr-month-after-may,June,48,35
multilingual,rlens_camila,fr-month-after-may,French,56,560
multilingual,rlens_camila,fr-month-after-may,month,56,31
multilingual,rlens_camila,fr-month-after-may,May,56,4
multilingual,rlens_camila,fr-month-after-may,June,56,1
multilingual,jpp_released,fr-month-after-may,French,8,2
multilingual,jpp_released,fr-month-after-may,month,8,1377
multilingual,jpp_released,fr-month-after-may,May,8,4095
multilingual,jpp_released,fr-month-after-may,June,8,5195
multilingual,jpp_released,fr-month-after-may,French,16,1
multilingual,jpp_released,fr-month-after-may,month,16,10378
multilingual,jpp_released,fr-month-after-may,May,16,327
multilingual,jpp_released,fr-month-after-may,June,16,2897
multilingual,jpp_released,fr-month-after-may,French,24,1
multilingual,jpp_released,fr-month-after-may,month,24,2
multilingual,jpp_released,fr-month-after-may,May,24,2885
multilingual,jpp_released,fr-month-after-may,June,24,275
multilingual,jpp_released,fr-month-after-may,French,32,1
multilingual,jpp_released,fr-month-after-may,month,32,14
multilingual,jpp_released,fr-month-after-may,May,32,103
multilingual,jpp_released,fr-month-after-may,June,32,119
multilingual,jpp_released,fr-month-after-may,French,40,4
multilingual,jpp_released,fr-month-after-may,month,40,1
multilingual,jpp_released,fr-month-after-may,May,40,45
multilingual,jpp_released,fr-month-after-may,June,40,7
multilingual,jpp_released,fr-month-after-may,French,48,2
multilingual,jpp_released,fr-month-after-may,month,48,1
multilingual,jpp_released,fr-month-after-may,May,48,35
multilingual,jpp_released,fr-month-after-may,June,48,9
multilingual,jpp_released,fr-month-after-may,French,56,84
multilingual,jpp_released,fr-month-after-may,month,56,5
multilingual,jpp_released,fr-month-after-may,May,56,9
multilingual,jpp_released,fr-month-after-may,June,56,1
multilingual,logit,de-month-after-jan,German,8,6524
multilingual,logit,de-month-after-jan,month,8,17406
multilingual,logit,de-month-after-jan,January,8,23273
multilingual,logit,de-month-after-jan,February,8,19197
multilingual,logit,de-month-after-jan,German,16,33035
multilingual,logit,de-month-after-jan,month,16,26858
multilingual,logit,de-month-after-jan,January,16,82663
multilingual,logit,de-month-after-jan,February,16,38778
multilingual,logit,de-month-after-jan,German,24,3185
multilingual,logit,de-month-after-jan,month,24,895
multilingual,logit,de-month-after-jan,January,24,18626
multilingual,logit,de-month-after-jan,February,24,18846
multilingual,logit,de-month-after-jan,German,32,3639
multilingual,logit,de-month-after-jan,month,32,2451
multilingual,logit,de-month-after-jan,January,32,34166
multilingual,logit,de-month-after-jan,February,32,20235
multilingual,logit,de-month-after-jan,German,40,2834
multilingual,logit,de-month-after-jan,month,40,13
multilingual,logit,de-month-after-jan,January,40,752
multilingual,logit,de-month-after-jan,February,40,491
multilingual,logit,de-month-after-jan,German,48,1792
multilingual,logit,de-month-after-jan,month,48,195
multilingual,logit,de-month-after-jan,January,48,5022
multilingual,logit,de-month-after-jan,February,48,590
multilingual,logit,de-month-after-jan,German,56,14523
multilingual,logit,de-month-after-jan,month,56,73
multilingual,logit,de-month-after-jan,January,56,9
multilingual,logit,de-month-after-jan,February,56,1
multilingual,jlens_camila,de-month-after-jan,German,8,9060
multilingual,jlens_camila,de-month-after-jan,month,8,109667
multilingual,jlens_camila,de-month-after-jan,January,8,131714
multilingual,jlens_camila,de-month-after-jan,February,8,154701
multilingual,jlens_camila,de-month-after-jan,German,16,2087
multilingual,jlens_camila,de-month-after-jan,month,16,30332
multilingual,jlens_camila,de-month-after-jan,January,16,171037
multilingual,jlens_camila,de-month-after-jan,February,16,204263
multilingual,jlens_camila,de-month-after-jan,German,24,410
multilingual,jlens_camila,de-month-after-jan,month,24,177
multilingual,jlens_camila,de-month-after-jan,January,24,34784
multilingual,jlens_camila,de-month-after-jan,February,24,37890
multilingual,jlens_camila,de-month-after-jan,German,32,18
multilingual,jlens_camila,de-month-after-jan,month,32,26
multilingual,jlens_camila,de-month-after-jan,January,32,2196
multilingual,jlens_camila,de-month-after-jan,February,32,2196
multilingual,jlens_camila,de-month-after-jan,German,40,151
multilingual,jlens_camila,de-month-after-jan,month,40,1
multilingual,jlens_camila,de-month-after-jan,January,40,26
multilingual,jlens_camila,de-month-after-jan,February,40,19
multilingual,jlens_camila,de-month-after-jan,German,48,34
multilingual,jlens_camila,de-month-after-jan,month,48,1
multilingual,jlens_camila,de-month-after-jan,January,48,18
multilingual,jlens_camila,de-month-after-jan,February,48,11
multilingual,jlens_camila,de-month-after-jan,German,56,2962
multilingual,jlens_camila,de-month-after-jan,month,56,18
multilingual,jlens_camila,de-month-after-jan,January,56,5
multilingual,jlens_camila,de-month-after-jan,February,56,1
multilingual,rlens_camila,de-month-after-jan,German,8,3503
multilingual,rlens_camila,de-month-after-jan,month,8,37619
multilingual,rlens_camila,de-month-after-jan,January,8,38586
multilingual,rlens_camila,de-month-after-jan,February,8,30848
multilingual,rlens_camila,de-month-after-jan,German,16,3547
multilingual,rlens_camila,de-month-after-jan,month,16,19339
multilingual,rlens_camila,de-month-after-jan,January,16,37881
multilingual,rlens_camila,de-month-after-jan,February,16,27887
multilingual,rlens_camila,de-month-after-jan,German,24,159
multilingual,rlens_camila,de-month-after-jan,month,24,1
multilingual,rlens_camila,de-month-after-jan,January,24,284
multilingual,rlens_camila,de-month-after-jan,February,24,437
multilingual,rlens_camila,de-month-after-jan,German,32,28
multilingual,rlens_camila,de-month-after-jan,month,32,8
multilingual,rlens_camila,de-month-after-jan,January,32,359
multilingual,rlens_camila,de-month-after-jan,February,32,447
multilingual,rlens_camila,de-month-after-jan,German,40,99
multilingual,rlens_camila,de-month-after-jan,month,40,1
multilingual,rlens_camila,de-month-after-jan,January,40,18
multilingual,rlens_camila,de-month-after-jan,February,40,12
multilingual,rlens_camila,de-month-after-jan,German,48,23
multilingual,rlens_camila,de-month-after-jan,month,48,1
multilingual,rlens_camila,de-month-after-jan,January,48,20
multilingual,rlens_camila,de-month-after-jan,February,48,7
multilingual,rlens_camila,de-month-after-jan,German,56,1985
multilingual,rlens_camila,de-month-after-jan,month,56,24
multilingual,rlens_camila,de-month-after-jan,January,56,4
multilingual,rlens_camila,de-month-after-jan,February,56,1
multilingual,jpp_released,de-month-after-jan,German,8,201
multilingual,jpp_released,de-month-after-jan,month,8,8340
multilingual,jpp_released,de-month-after-jan,January,8,3309
multilingual,jpp_released,de-month-after-jan,February,8,2419
multilingual,jpp_released,de-month-after-jan,German,16,26
multilingual,jpp_released,de-month-after-jan,month,16,21597
multilingual,jpp_released,de-month-after-jan,January,16,8784
multilingual,jpp_released,de-month-after-jan,February,16,2534
multilingual,jpp_released,de-month-after-jan,German,24,51
multilingual,jpp_released,de-month-after-jan,month,24,1
multilingual,jpp_released,de-month-after-jan,January,24,48
multilingual,jpp_released,de-month-after-jan,February,24,46
multilingual,jpp_released,de-month-after-jan,German,32,2
multilingual,jpp_released,de-month-after-jan,month,32,6
multilingual,jpp_released,de-month-after-jan,January,32,118
multilingual,jpp_released,de-month-after-jan,February,32,50
multilingual,jpp_released,de-month-after-jan,German,40,39
multilingual,jpp_released,de-month-after-jan,month,40,1
multilingual,jpp_released,de-month-after-jan,January,40,6
multilingual,jpp_released,de-month-after-jan,February,40,4
multilingual,jpp_released,de-month-after-jan,German,48,3
multilingual,jpp_released,de-month-after-jan,month,48,1
multilingual,jpp_released,de-month-after-jan,January,48,7
multilingual,jpp_released,de-month-after-jan,February,48,4
multilingual,jpp_released,de-month-after-jan,German,56,89
multilingual,jpp_released,de-month-after-jan,month,56,15
multilingual,jpp_released,de-month-after-jan,January,56,5
multilingual,jpp_released,de-month-after-jan,February,56,1
multilingual,logit,de-month-after-jul,German,8,6694
multilingual,logit,de-month-after-jul,month,8,21634
multilingual,logit,de-month-after-jul,July,8,27707
multilingual,logit,de-month-after-jul,August,8,22532
multilingual,logit,de-month-after-jul,German,16,42742
multilingual,logit,de-month-after-jul,month,16,25866
multilingual,logit,de-month-after-jul,July,16,65614
multilingual,logit,de-month-after-jul,August,16,68830
multilingual,logit,de-month-after-jul,German,24,3922
multilingual,logit,de-month-after-jul,month,24,317
multilingual,logit,de-month-after-jul,July,24,37630
multilingual,logit,de-month-after-jul,August,24,29035
multilingual,logit,de-month-after-jul,German,32,6237
multilingual,logit,de-month-after-jul,month,32,1893
multilingual,logit,de-month-after-jul,July,32,22109
multilingual,logit,de-month-after-jul,August,32,8123
multilingual,logit,de-month-after-jul,German,40,5501
multilingual,logit,de-month-after-jul,month,40,5
multilingual,logit,de-month-after-jul,July,40,2408
multilingual,logit,de-month-after-jul,August,40,593
multilingual,logit,de-month-after-jul,German,48,5640
multilingual,logit,de-month-after-jul,month,48,531
multilingual,logit,de-month-after-jul,July,48,6616
multilingual,logit,de-month-after-jul,August,48,1616
multilingual,logit,de-month-after-jul,German,56,73643
multilingual,logit,de-month-after-jul,month,56,170
multilingual,logit,de-month-after-jul,July,56,12
multilingual,logit,de-month-after-jul,August,56,1
multilingual,jlens_camila,de-month-after-jul,German,8,9761
multilingual,jlens_camila,de-month-after-jul,month,8,105883
multilingual,jlens_camila,de-month-after-jul,July,8,124534
multilingual,jlens_camila,de-month-after-jul,August,8,83305
multilingual,jlens_camila,de-month-after-jul,German,16,2215
multilingual,jlens_camila,de-month-after-jul,month,16,28615
multilingual,jlens_camila,de-month-after-jul,July,16,116062
multilingual,jlens_camila,de-month-after-jul,August,16,123060
multilingual,jlens_camila,de-month-after-jul,German,24,999
multilingual,jlens_camila,de-month-after-jul,month,24,39
multilingual,jlens_camila,de-month-after-jul,July,24,6809
multilingual,jlens_camila,de-month-after-jul,August,24,13543
multilingual,jlens_camila,de-month-after-jul,German,32,192
multilingual,jlens_camila,de-month-after-jul,month,32,3
multilingual,jlens_camila,de-month-after-jul,July,32,319
multilingual,jlens_camila,de-month-after-jul,August,32,1709
multilingual,jlens_camila,de-month-after-jul,German,40,516
multilingual,jlens_camila,de-month-after-jul,month,40,1
multilingual,jlens_camila,de-month-after-jul,July,40,28
multilingual,jlens_camila,de-month-after-jul,August,40,52
multilingual,jlens_camila,de-month-after-jul,German,48,137
multilingual,jlens_camila,de-month-after-jul,month,48,1
multilingual,jlens_camila,de-month-after-jul,July,48,25
multilingual,jlens_camila,de-month-after-jul,August,48,24
multilingual,jlens_camila,de-month-after-jul,German,56,7650
multilingual,jlens_camila,de-month-after-jul,month,56,23
multilingual,jlens_camila,de-month-after-jul,July,56,5
multilingual,jlens_camila,de-month-after-jul,August,56,1
multilingual,rlens_camila,de-month-after-jul,German,8,3933
multilingual,rlens_camila,de-month-after-jul,month,8,39763
multilingual,rlens_camila,de-month-after-jul,July,8,29893
multilingual,rlens_camila,de-month-after-jul,August,8,86937
multilingual,rlens_camila,de-month-after-jul,German,16,3936
multilingual,rlens_camila,de-month-after-jul,month,16,19340
multilingual,rlens_camila,de-month-after-jul,July,16,18180
multilingual,rlens_camila,de-month-after-jul,August,16,86063
multilingual,rlens_camila,de-month-after-jul,German,24,696
multilingual,rlens_camila,de-month-after-jul,month,24,1
multilingual,rlens_camila,de-month-after-jul,July,24,138
multilingual,rlens_camila,de-month-after-jul,August,24,1419
multilingual,rlens_camila,de-month-after-jul,German,32,475
multilingual,rlens_camila,de-month-after-jul,month,32,2
multilingual,rlens_camila,de-month-after-jul,July,32,135
multilingual,rlens_camila,de-month-after-jul,August,32,615
multilingual,rlens_camila,de-month-after-jul,German,40,439
multilingual,rlens_camila,de-month-after-jul,month,40,1
multilingual,rlens_camila,de-month-after-jul,July,40,20
multilingual,rlens_camila,de-month-after-jul,August,40,27
multilingual,rlens_camila,de-month-after-jul,German,48,135
multilingual,rlens_camila,de-month-after-jul,month,48,1
multilingual,rlens_camila,de-month-after-jul,July,48,23
multilingual,rlens_camila,de-month-after-jul,August,48,16
multilingual,rlens_camila,de-month-after-jul,German,56,4894
multilingual,rlens_camila,de-month-after-jul,month,56,30
multilingual,rlens_camila,de-month-after-jul,July,56,6
multilingual,rlens_camila,de-month-after-jul,August,56,1
multilingual,jpp_released,de-month-after-jul,German,8,168
multilingual,jpp_released,de-month-after-jul,month,8,9812
multilingual,jpp_released,de-month-after-jul,July,8,5991
multilingual,jpp_released,de-month-after-jul,August,8,36038
multilingual,jpp_released,de-month-after-jul,German,16,40
multilingual,jpp_released,de-month-after-jul,month,16,23732
multilingual,jpp_released,de-month-after-jul,July,16,20629
multilingual,jpp_released,de-month-after-jul,August,16,15549
multilingual,jpp_released,de-month-after-jul,German,24,525
multilingual,jpp_released,de-month-after-jul,month,24,1
multilingual,jpp_released,de-month-after-jul,July,24,34
multilingual,jpp_released,de-month-after-jul,August,24,345
multilingual,jpp_released,de-month-after-jul,German,32,121
multilingual,jpp_released,de-month-after-jul,month,32,3
multilingual,jpp_released,de-month-after-jul,July,32,104
multilingual,jpp_released,de-month-after-jul,August,32,314
multilingual,jpp_released,de-month-after-jul,German,40,188
multilingual,jpp_released,de-month-after-jul,month,40,1
multilingual,jpp_released,de-month-after-jul,July,40,9
multilingual,jpp_released,de-month-after-jul,August,40,16
multilingual,jpp_released,de-month-after-jul,German,48,21
multilingual,jpp_released,de-month-after-jul,month,48,1
multilingual,jpp_released,de-month-after-jul,July,48,17
multilingual,jpp_released,de-month-after-jul,August,48,7
multilingual,jpp_released,de-month-after-jul,German,56,187
multilingual,jpp_released,de-month-after-jul,month,56,13
multilingual,jpp_released,de-month-after-jul,July,56,5
multilingual,jpp_released,de-month-after-jul,August,56,1
multilingual,logit,de-month-before-dec,German,8,6111
multilingual,logit,de-month-before-dec,month,8,17849
multilingual,logit,de-month-before-dec,December,8,29842
multilingual,logit,de-month-before-dec,November,8,12567
multilingual,logit,de-month-before-dec,German,16,34599
multilingual,logit,de-month-before-dec,month,16,17639
multilingual,logit,de-month-before-dec,December,16,69075
multilingual,logit,de-month-before-dec,November,16,56735
multilingual,logit,de-month-before-dec,German,24,4471
multilingual,logit,de-month-before-dec,month,24,1545
multilingual,logit,de-month-before-dec,December,24,55850
multilingual,logit,de-month-before-dec,November,24,73429
multilingual,logit,de-month-before-dec,German,32,4664
multilingual,logit,de-month-before-dec,month,32,2489
multilingual,logit,de-month-before-dec,December,32,52960
multilingual,logit,de-month-before-dec,November,32,47331
multilingual,logit,de-month-before-dec,German,40,2344
multilingual,logit,de-month-before-dec,month,40,49
multilingual,logit,de-month-before-dec,December,40,1723
multilingual,logit,de-month-before-dec,November,40,7560
multilingual,logit,de-month-before-dec,German,48,15427
multilingual,logit,de-month-before-dec,month,48,862
multilingual,logit,de-month-before-dec,December,48,7533
multilingual,logit,de-month-before-dec,November,48,16282
multilingual,logit,de-month-before-dec,German,56,67705
multilingual,logit,de-month-before-dec,month,56,69
multilingual,logit,de-month-before-dec,December,56,27
multilingual,logit,de-month-before-dec,November,56,5
multilingual,jlens_camila,de-month-before-dec,German,8,7170
multilingual,jlens_camila,de-month-before-dec,month,8,104609
multilingual,jlens_camila,de-month-before-dec,December,8,116226
multilingual,jlens_camila,de-month-before-dec,November,8,93377
multilingual,jlens_camila,de-month-before-dec,German,16,1805
multilingual,jlens_camila,de-month-before-dec,month,16,30797
multilingual,jlens_camila,de-month-before-dec,December,16,127499
multilingual,jlens_camila,de-month-before-dec,November,16,123817
multilingual,jlens_camila,de-month-before-dec,German,24,1631
multilingual,jlens_camila,de-month-before-dec,month,24,309
multilingual,jlens_camila,de-month-before-dec,December,24,23601
multilingual,jlens_camila,de-month-before-dec,November,24,26159
multilingual,jlens_camila,de-month-before-dec,German,32,293
multilingual,jlens_camila,de-month-before-dec,month,32,4
multilingual,jlens_camila,de-month-before-dec,December,32,670
multilingual,jlens_camila,de-month-before-dec,November,32,657
multilingual,jlens_camila,de-month-before-dec,German,40,720
multilingual,jlens_camila,de-month-before-dec,month,40,1
multilingual,jlens_camila,de-month-before-dec,December,40,18
multilingual,jlens_camila,de-month-before-dec,November,40,22
multilingual,jlens_camila,de-month-before-dec,German,48,486
multilingual,jlens_camila,de-month-before-dec,month,48,1
multilingual,jlens_camila,de-month-before-dec,December,48,15
multilingual,jlens_camila,de-month-before-dec,November,48,22
multilingual,jlens_camila,de-month-before-dec,German,56,11411
multilingual,jlens_camila,de-month-before-dec,month,56,11
multilingual,jlens_camila,de-month-before-dec,December,56,2
multilingual,jlens_camila,de-month-before-dec,November,56,1
multilingual,rlens_camila,de-month-before-dec,German,8,2322
multilingual,rlens_camila,de-month-before-dec,month,8,42791
multilingual,rlens_camila,de-month-before-dec,December,8,75635
multilingual,rlens_camila,de-month-before-dec,November,8,94560
multilingual,rlens_camila,de-month-before-dec,German,16,4003
multilingual,rlens_camila,de-month-before-dec,month,16,18671
multilingual,rlens_camila,de-month-before-dec,December,16,66614
multilingual,rlens_camila,de-month-before-dec,November,16,75624
multilingual,rlens_camila,de-month-before-dec,German,24,990
multilingual,rlens_camila,de-month-before-dec,month,24,4
multilingual,rlens_camila,de-month-before-dec,December,24,1012
multilingual,rlens_camila,de-month-before-dec,November,24,1476
multilingual,rlens_camila,de-month-before-dec,German,32,761
multilingual,rlens_camila,de-month-before-dec,month,32,6
multilingual,rlens_camila,de-month-before-dec,December,32,225
multilingual,rlens_camila,de-month-before-dec,November,32,307
multilingual,rlens_camila,de-month-before-dec,German,40,563
multilingual,rlens_camila,de-month-before-dec,month,40,1
multilingual,rlens_camila,de-month-before-dec,December,40,12
multilingual,rlens_camila,de-month-before-dec,November,40,20
multilingual,rlens_camila,de-month-before-dec,German,48,438
multilingual,rlens_camila,de-month-before-dec,month,48,1
multilingual,rlens_camila,de-month-before-dec,December,48,12
multilingual,rlens_camila,de-month-before-dec,November,48,25
multilingual,rlens_camila,de-month-before-dec,German,56,5773
multilingual,rlens_camila,de-month-before-dec,month,56,12
multilingual,rlens_camila,de-month-before-dec,December,56,2
multilingual,rlens_camila,de-month-before-dec,November,56,1
multilingual,jpp_released,de-month-before-dec,German,8,35
multilingual,jpp_released,de-month-before-dec,month,8,9886
multilingual,jpp_released,de-month-before-dec,December,8,7483
multilingual,jpp_released,de-month-before-dec,November,8,13620
multilingual,jpp_released,de-month-before-dec,German,16,16
multilingual,jpp_released,de-month-before-dec,month,16,18318
multilingual,jpp_released,de-month-before-dec,December,16,4784
multilingual,jpp_released,de-month-before-dec,November,16,3107
multilingual,jpp_released,de-month-before-dec,German,24,550
multilingual,jpp_released,de-month-before-dec,month,24,1
multilingual,jpp_released,de-month-before-dec,December,24,184
multilingual,jpp_released,de-month-before-dec,November,24,269
multilingual,jpp_released,de-month-before-dec,German,32,200
multilingual,jpp_released,de-month-before-dec,month,32,4
multilingual,jpp_released,de-month-before-dec,December,32,147
multilingual,jpp_released,de-month-before-dec,November,32,71
multilingual,jpp_released,de-month-before-dec,German,40,214
multilingual,jpp_released,de-month-before-dec,month,40,2
multilingual,jpp_released,de-month-before-dec,December,40,4
multilingual,jpp_released,de-month-before-dec,November,40,8
multilingual,jpp_released,de-month-before-dec,German,48,53
multilingual,jpp_released,de-month-before-dec,month,48,2
multilingual,jpp_released,de-month-before-dec,December,48,6
multilingual,jpp_released,de-month-before-dec,November,48,14
multilingual,jpp_released,de-month-before-dec,German,56,305
multilingual,jpp_released,de-month-before-dec,month,56,8
multilingual,jpp_released,de-month-before-dec,December,56,2
multilingual,jpp_released,de-month-before-dec,November,56,1
multilingual,logit,es-month-after-mar,español,8,147098
multilingual,logit,es-month-after-mar,month,8,6542
multilingual,logit,es-month-after-mar,March,8,10271
multilingual,logit,es-month-after-mar,April,8,3925
multilingual,logit,es-month-after-mar,español,16,155995
multilingual,logit,es-month-after-mar,month,16,6554
multilingual,logit,es-month-after-mar,March,16,10136
multilingual,logit,es-month-after-mar,April,16,8558
multilingual,logit,es-month-after-mar,español,24,50012
multilingual,logit,es-month-after-mar,month,24,9735
multilingual,logit,es-month-after-mar,March,24,17467
multilingual,logit,es-month-after-mar,April,24,37870
multilingual,logit,es-month-after-mar,español,32,102084
multilingual,logit,es-month-after-mar,month,32,6801
multilingual,logit,es-month-after-mar,March,32,32061
multilingual,logit,es-month-after-mar,April,32,45755
multilingual,logit,es-month-after-mar,español,40,59090
multilingual,logit,es-month-after-mar,month,40,111
multilingual,logit,es-month-after-mar,March,40,1581
multilingual,logit,es-month-after-mar,April,40,10919
multilingual,logit,es-month-after-mar,español,48,109762
multilingual,logit,es-month-after-mar,month,48,185
multilingual,logit,es-month-after-mar,March,48,10674
multilingual,logit,es-month-after-mar,April,48,111794
multilingual,logit,es-month-after-mar,español,56,26046
multilingual,logit,es-month-after-mar,month,56,123
multilingual,logit,es-month-after-mar,March,56,11
multilingual,logit,es-month-after-mar,April,56,2
multilingual,jlens_camila,es-month-after-mar,español,8,44059
multilingual,jlens_camila,es-month-after-mar,month,8,146601
multilingual,jlens_camila,es-month-after-mar,March,8,90871
multilingual,jlens_camila,es-month-after-mar,April,8,73418
multilingual,jlens_camila,es-month-after-mar,español,16,20662
multilingual,jlens_camila,es-month-after-mar,month,16,9880
multilingual,jlens_camila,es-month-after-mar,March,16,65756
multilingual,jlens_camila,es-month-after-mar,April,16,57372
multilingual,jlens_camila,es-month-after-mar,español,24,1438
multilingual,jlens_camila,es-month-after-mar,month,24,3211
multilingual,jlens_camila,es-month-after-mar,March,24,5762
multilingual,jlens_camila,es-month-after-mar,April,24,28882
multilingual,jlens_camila,es-month-after-mar,español,32,2106
multilingual,jlens_camila,es-month-after-mar,month,32,458
multilingual,jlens_camila,es-month-after-mar,March,32,2526
multilingual,jlens_camila,es-month-after-mar,April,32,4521
multilingual,jlens_camila,es-month-after-mar,español,40,1560
multilingual,jlens_camila,es-month-after-mar,month,40,1
multilingual,jlens_camila,es-month-after-mar,March,40,103
multilingual,jlens_camila,es-month-after-mar,April,40,57
multilingual,jlens_camila,es-month-after-mar,español,48,9434
multilingual,jlens_camila,es-month-after-mar,month,48,1
multilingual,jlens_camila,es-month-after-mar,March,48,288
multilingual,jlens_camila,es-month-after-mar,April,48,281
multilingual,jlens_camila,es-month-after-mar,español,56,14473
multilingual,jlens_camila,es-month-after-mar,month,56,23
multilingual,jlens_camila,es-month-after-mar,March,56,4
multilingual,jlens_camila,es-month-after-mar,April,56,1
multilingual,rlens_camila,es-month-after-mar,español,8,58782
multilingual,rlens_camila,es-month-after-mar,month,8,10849
multilingual,rlens_camila,es-month-after-mar,March,8,14293
multilingual,rlens_camila,es-month-after-mar,April,8,13839
multilingual,rlens_camila,es-month-after-mar,español,16,69393
multilingual,rlens_camila,es-month-after-mar,month,16,5309
multilingual,rlens_camila,es-month-after-mar,March,16,10161
multilingual,rlens_camila,es-month-after-mar,April,16,7955
multilingual,rlens_camila,es-month-after-mar,español,24,1426
multilingual,rlens_camila,es-month-after-mar,month,24,102
multilingual,rlens_camila,es-month-after-mar,March,24,1333
multilingual,rlens_camila,es-month-after-mar,April,24,3080
multilingual,rlens_camila,es-month-after-mar,español,32,6792
multilingual,rlens_camila,es-month-after-mar,month,32,199
multilingual,rlens_camila,es-month-after-mar,March,32,1584
multilingual,rlens_camila,es-month-after-mar,April,32,1999
multilingual,rlens_camila,es-month-after-mar,español,40,7197
multilingual,rlens_camila,es-month-after-mar,month,40,1
multilingual,rlens_camila,es-month-after-mar,March,40,44
multilingual,rlens_camila,es-month-after-mar,April,40,30
multilingual,rlens_camila,es-month-after-mar,español,48,23844
multilingual,rlens_camila,es-month-after-mar,month,48,1
multilingual,rlens_camila,es-month-after-mar,March,48,231
multilingual,rlens_camila,es-month-after-mar,April,48,663
multilingual,rlens_camila,es-month-after-mar,español,56,11855
multilingual,rlens_camila,es-month-after-mar,month,56,36
multilingual,rlens_camila,es-month-after-mar,March,56,4
multilingual,rlens_camila,es-month-after-mar,April,56,1
multilingual,jpp_released,es-month-after-mar,español,8,1183
multilingual,jpp_released,es-month-after-mar,month,8,286
multilingual,jpp_released,es-month-after-mar,March,8,19499
multilingual,jpp_released,es-month-after-mar,April,8,1275
multilingual,jpp_released,es-month-after-mar,español,16,10129
multilingual,jpp_released,es-month-after-mar,month,16,2029
multilingual,jpp_released,es-month-after-mar,March,16,147
multilingual,jpp_released,es-month-after-mar,April,16,317
multilingual,jpp_released,es-month-after-mar,español,24,70
multilingual,jpp_released,es-month-after-mar,month,24,17
multilingual,jpp_released,es-month-after-mar,March,24,727
multilingual,jpp_released,es-month-after-mar,April,24,804
multilingual,jpp_released,es-month-after-mar,español,32,1909
multilingual,jpp_released,es-month-after-mar,month,32,182
multilingual,jpp_released,es-month-after-mar,March,32,48
multilingual,jpp_released,es-month-after-mar,April,32,170
multilingual,jpp_released,es-month-after-mar,español,40,4108
multilingual,jpp_released,es-month-after-mar,month,40,1
multilingual,jpp_released,es-month-after-mar,March,40,26
multilingual,jpp_released,es-month-after-mar,April,40,14
multilingual,jpp_released,es-month-after-mar,español,48,3277
multilingual,jpp_released,es-month-after-mar,month,48,1
multilingual,jpp_released,es-month-after-mar,March,48,18
multilingual,jpp_released,es-month-after-mar,April,48,50
multilingual,jpp_released,es-month-after-mar,español,56,989
multilingual,jpp_released,es-month-after-mar,month,56,10
multilingual,jpp_released,es-month-after-mar,March,56,4
multilingual,jpp_released,es-month-after-mar,April,56,1
multilingual,logit,es-month-after-sep,español,8,148584
multilingual,logit,es-month-after-sep,month,8,5295
multilingual,logit,es-month-after-sep,September,8,23415
multilingual,logit,es-month-after-sep,October,8,27462
multilingual,logit,es-month-after-sep,español,16,155276
multilingual,logit,es-month-after-sep,month,16,7380
multilingual,logit,es-month-after-sep,September,16,43801
multilingual,logit,es-month-after-sep,October,16,53817
multilingual,logit,es-month-after-sep,español,24,34245
multilingual,logit,es-month-after-sep,month,24,10333
multilingual,logit,es-month-after-sep,September,24,50945
multilingual,logit,es-month-after-sep,October,24,51309
multilingual,logit,es-month-after-sep,español,32,76275
multilingual,logit,es-month-after-sep,month,32,6065
multilingual,logit,es-month-after-sep,September,32,30837
multilingual,logit,es-month-after-sep,October,32,28476
multilingual,logit,es-month-after-sep,español,40,47718
multilingual,logit,es-month-after-sep,month,40,62
multilingual,logit,es-month-after-sep,September,40,2108
multilingual,logit,es-month-after-sep,October,40,7397
multilingual,logit,es-month-after-sep,español,48,97692
multilingual,logit,es-month-after-sep,month,48,182
multilingual,logit,es-month-after-sep,September,48,14727
multilingual,logit,es-month-after-sep,October,48,49472
multilingual,logit,es-month-after-sep,español,56,52120
multilingual,logit,es-month-after-sep,month,56,48
multilingual,logit,es-month-after-sep,September,56,4
multilingual,logit,es-month-after-sep,October,56,1
multilingual,jlens_camila,es-month-after-sep,español,8,34725
multilingual,jlens_camila,es-month-after-sep,month,8,142247
multilingual,jlens_camila,es-month-after-sep,September,8,84490
multilingual,jlens_camila,es-month-after-sep,October,8,172397
multilingual,jlens_camila,es-month-after-sep,español,16,21130
multilingual,jlens_camila,es-month-after-sep,month,16,13240
multilingual,jlens_camila,es-month-after-sep,September,16,90620
multilingual,jlens_camila,es-month-after-sep,October,16,193008
multilingual,jlens_camila,es-month-after-sep,español,24,894
multilingual,jlens_camila,es-month-after-sep,month,24,1625
multilingual,jlens_camila,es-month-after-sep,September,24,14088
multilingual,jlens_camila,es-month-after-sep,October,24,38783
multilingual,jlens_camila,es-month-after-sep,español,32,2417
multilingual,jlens_camila,es-month-after-sep,month,32,163
multilingual,jlens_camila,es-month-after-sep,September,32,5213
multilingual,jlens_camila,es-month-after-sep,October,32,8266
multilingual,jlens_camila,es-month-after-sep,español,40,1802
multilingual,jlens_camila,es-month-after-sep,month,40,1
multilingual,jlens_camila,es-month-after-sep,September,40,33
multilingual,jlens_camila,es-month-after-sep,October,40,56
multilingual,jlens_camila,es-month-after-sep,español,48,10367
multilingual,jlens_camila,es-month-after-sep,month,48,1
multilingual,jlens_camila,es-month-after-sep,September,48,130
multilingual,jlens_camila,es-month-after-sep,October,48,191
multilingual,jlens_camila,es-month-after-sep,español,56,25071
multilingual,jlens_camila,es-month-after-sep,month,56,14
multilingual,jlens_camila,es-month-after-sep,September,56,5
multilingual,jlens_camila,es-month-after-sep,October,56,1
multilingual,rlens_camila,es-month-after-sep,español,8,49132
multilingual,rlens_camila,es-month-after-sep,month,8,9024
multilingual,rlens_camila,es-month-after-sep,September,8,10073
multilingual,rlens_camila,es-month-after-sep,October,8,34716
multilingual,rlens_camila,es-month-after-sep,español,16,72982
multilingual,rlens_camila,es-month-after-sep,month,16,6986
multilingual,rlens_camila,es-month-after-sep,September,16,10925
multilingual,rlens_camila,es-month-after-sep,October,16,31232
multilingual,rlens_camila,es-month-after-sep,español,24,952
multilingual,rlens_camila,es-month-after-sep,month,24,36
multilingual,rlens_camila,es-month-after-sep,September,24,952
multilingual,rlens_camila,es-month-after-sep,October,24,1840
multilingual,rlens_camila,es-month-after-sep,español,32,6746
multilingual,rlens_camila,es-month-after-sep,month,32,58
multilingual,rlens_camila,es-month-after-sep,September,32,2247
multilingual,rlens_camila,es-month-after-sep,October,32,5518
multilingual,rlens_camila,es-month-after-sep,español,40,7639
multilingual,rlens_camila,es-month-after-sep,month,40,1
multilingual,rlens_camila,es-month-after-sep,September,40,26
multilingual,rlens_camila,es-month-after-sep,October,40,40
multilingual,rlens_camila,es-month-after-sep,español,48,25263
multilingual,rlens_camila,es-month-after-sep,month,48,1
multilingual,rlens_camila,es-month-after-sep,September,48,115
multilingual,rlens_camila,es-month-after-sep,October,48,385
multilingual,rlens_camila,es-month-after-sep,español,56,23458
multilingual,rlens_camila,es-month-after-sep,month,56,19
multilingual,rlens_camila,es-month-after-sep,September,56,5
multilingual,rlens_camila,es-month-after-sep,October,56,1
multilingual,jpp_released,es-month-after-sep,español,8,775
multilingual,jpp_released,es-month-after-sep,month,8,106
multilingual,jpp_released,es-month-after-sep,September,8,1743
multilingual,jpp_released,es-month-after-sep,October,8,1876
multilingual,jpp_released,es-month-after-sep,español,16,8028
multilingual,jpp_released,es-month-after-sep,month,16,2387
multilingual,jpp_released,es-month-after-sep,September,16,1410
multilingual,jpp_released,es-month-after-sep,October,16,2508
multilingual,jpp_released,es-month-after-sep,español,24,45
multilingual,jpp_released,es-month-after-sep,month,24,13
multilingual,jpp_released,es-month-after-sep,September,24,260
multilingual,jpp_released,es-month-after-sep,October,24,443
multilingual,jpp_released,es-month-after-sep,español,32,2008
multilingual,jpp_released,es-month-after-sep,month,32,94
multilingual,jpp_released,es-month-after-sep,September,32,418
multilingual,jpp_released,es-month-after-sep,October,32,623
multilingual,jpp_released,es-month-after-sep,español,40,5991
multilingual,jpp_released,es-month-after-sep,month,40,1
multilingual,jpp_released,es-month-after-sep,September,40,11
multilingual,jpp_released,es-month-after-sep,October,40,11
multilingual,jpp_released,es-month-after-sep,español,48,4494
multilingual,jpp_released,es-month-after-sep,month,48,1
multilingual,jpp_released,es-month-after-sep,September,48,33
multilingual,jpp_released,es-month-after-sep,October,48,37
multilingual,jpp_released,es-month-after-sep,español,56,1669
multilingual,jpp_released,es-month-after-sep,month,56,6
multilingual,jpp_released,es-month-after-sep,September,56,7
multilingual,jpp_released,es-month-after-sep,October,56,1
multilingual,logit,es-month-before-jun,español,8,146662
multilingual,logit,es-month-before-jun,month,8,5383
multilingual,logit,es-month-before-jun,June,8,12592
multilingual,logit,es-month-before-jun,May,8,202
multilingual,logit,es-month-before-jun,español,16,148213
multilingual,logit,es-month-before-jun,month,16,4477
multilingual,logit,es-month-before-jun,June,16,23447
multilingual,logit,es-month-before-jun,May,16,1292
multilingual,logit,es-month-before-jun,español,24,16180
multilingual,logit,es-month-before-jun,month,24,25938
multilingual,logit,es-month-before-jun,June,24,32571
multilingual,logit,es-month-before-jun,May,24,31413
multilingual,logit,es-month-before-jun,español,32,49620
multilingual,logit,es-month-before-jun,month,32,33225
multilingual,logit,es-month-before-jun,June,32,50875
multilingual,logit,es-month-before-jun,May,32,5064
multilingual,logit,es-month-before-jun,español,40,24032
multilingual,logit,es-month-before-jun,month,40,349
multilingual,logit,es-month-before-jun,June,40,9212
multilingual,logit,es-month-before-jun,May,40,4911
multilingual,logit,es-month-before-jun,español,48,30850
multilingual,logit,es-month-before-jun,month,48,1846
multilingual,logit,es-month-before-jun,June,48,48266
multilingual,logit,es-month-before-jun,May,48,9153
multilingual,logit,es-month-before-jun,español,56,20097
multilingual,logit,es-month-before-jun,month,56,26
multilingual,logit,es-month-before-jun,June,56,4
multilingual,logit,es-month-before-jun,May,56,2
multilingual,jlens_camila,es-month-before-jun,español,8,43492
multilingual,jlens_camila,es-month-before-jun,month,8,146298
multilingual,jlens_camila,es-month-before-jun,June,8,180464
multilingual,jlens_camila,es-month-before-jun,May,8,55664
multilingual,jlens_camila,es-month-before-jun,español,16,21008
multilingual,jlens_camila,es-month-before-jun,month,16,11219
multilingual,jlens_camila,es-month-before-jun,June,16,149643
multilingual,jlens_camila,es-month-before-jun,May,16,90912
multilingual,jlens_camila,es-month-before-jun,español,24,172
multilingual,jlens_camila,es-month-before-jun,month,24,11015
multilingual,jlens_camila,es-month-before-jun,June,24,137090
multilingual,jlens_camila,es-month-before-jun,May,24,23546
multilingual,jlens_camila,es-month-before-jun,español,32,179
multilingual,jlens_camila,es-month-before-jun,month,32,1539
multilingual,jlens_camila,es-month-before-jun,June,32,41536
multilingual,jlens_camila,es-month-before-jun,May,32,10182
multilingual,jlens_camila,es-month-before-jun,español,40,155
multilingual,jlens_camila,es-month-before-jun,month,40,4
multilingual,jlens_camila,es-month-before-jun,June,40,356
multilingual,jlens_camila,es-month-before-jun,May,40,3187
multilingual,jlens_camila,es-month-before-jun,español,48,623
multilingual,jlens_camila,es-month-before-jun,month,48,11
multilingual,jlens_camila,es-month-before-jun,June,48,4401
multilingual,jlens_camila,es-month-before-jun,May,48,8867
multilingual,jlens_camila,es-month-before-jun,español,56,10332
multilingual,jlens_camila,es-month-before-jun,month,56,13
multilingual,jlens_camila,es-month-before-jun,June,56,2
multilingual,jlens_camila,es-month-before-jun,May,56,3
multilingual,rlens_camila,es-month-before-jun,español,8,62533
multilingual,rlens_camila,es-month-before-jun,month,8,13748
multilingual,rlens_camila,es-month-before-jun,June,8,25094
multilingual,rlens_camila,es-month-before-jun,May,8,65343
multilingual,rlens_camila,es-month-before-jun,español,16,67585
multilingual,rlens_camila,es-month-before-jun,month,16,7451
multilingual,rlens_camila,es-month-before-jun,June,16,31807
multilingual,rlens_camila,es-month-before-jun,May,16,22926
multilingual,rlens_camila,es-month-before-jun,español,24,77
multilingual,rlens_camila,es-month-before-jun,month,24,2118
multilingual,rlens_camila,es-month-before-jun,June,24,32362
multilingual,rlens_camila,es-month-before-jun,May,24,21750
multilingual,rlens_camila,es-month-before-jun,español,32,501
multilingual,rlens_camila,es-month-before-jun,month,32,2110
multilingual,rlens_camila,es-month-before-jun,June,32,44389
multilingual,rlens_camila,es-month-before-jun,May,32,13954
multilingual,rlens_camila,es-month-before-jun,español,40,491
multilingual,rlens_camila,es-month-before-jun,month,40,4
multilingual,rlens_camila,es-month-before-jun,June,40,337
multilingual,rlens_camila,es-month-before-jun,May,40,1347
multilingual,rlens_camila,es-month-before-jun,español,48,1821
multilingual,rlens_camila,es-month-before-jun,month,48,18
multilingual,rlens_camila,es-month-before-jun,June,48,5410
multilingual,rlens_camila,es-month-before-jun,May,48,5854
multilingual,rlens_camila,es-month-before-jun,español,56,9404
multilingual,rlens_camila,es-month-before-jun,month,56,17
multilingual,rlens_camila,es-month-before-jun,June,56,3
multilingual,rlens_camila,es-month-before-jun,May,56,2
multilingual,jpp_released,es-month-before-jun,español,8,1267
multilingual,jpp_released,es-month-before-jun,month,8,361
multilingual,jpp_released,es-month-before-jun,June,8,5138
multilingual,jpp_released,es-month-before-jun,May,8,24906
multilingual,jpp_released,es-month-before-jun,español,16,6346
multilingual,jpp_released,es-month-before-jun,month,16,2812
multilingual,jpp_released,es-month-before-jun,June,16,1167
multilingual,jpp_released,es-month-before-jun,May,16,98
multilingual,jpp_released,es-month-before-jun,español,24,19
multilingual,jpp_released,es-month-before-jun,month,24,742
multilingual,jpp_released,es-month-before-jun,June,24,4248
multilingual,jpp_released,es-month-before-jun,May,24,4307
multilingual,jpp_released,es-month-before-jun,español,32,84
multilingual,jpp_released,es-month-before-jun,month,32,1251
multilingual,jpp_released,es-month-before-jun,June,32,3388
multilingual,jpp_released,es-month-before-jun,May,32,464
multilingual,jpp_released,es-month-before-jun,español,40,143
multilingual,jpp_released,es-month-before-jun,month,40,9
multilingual,jpp_released,es-month-before-jun,June,40,62
multilingual,jpp_released,es-month-before-jun,May,40,157
multilingual,jpp_released,es-month-before-jun,español,48,354
multilingual,jpp_released,es-month-before-jun,month,48,7
multilingual,jpp_released,es-month-before-jun,June,48,456
multilingual,jpp_released,es-month-before-jun,May,48,294
multilingual,jpp_released,es-month-before-jun,español,56,364
multilingual,jpp_released,es-month-before-jun,month,56,3
multilingual,jpp_released,es-month-before-jun,June,56,5
multilingual,jpp_released,es-month-before-jun,May,56,4
multilingual,logit,pt-month-after-apr,português,8,163066
multilingual,logit,pt-month-after-apr,month,8,7432
multilingual,logit,pt-month-after-apr,April,8,4086
multilingual,logit,pt-month-after-apr,May,8,317
multilingual,logit,pt-month-after-apr,português,16,172983
multilingual,logit,pt-month-after-apr,month,16,14678
multilingual,logit,pt-month-after-apr,April,16,8288
multilingual,logit,pt-month-after-apr,May,16,1149
multilingual,logit,pt-month-after-apr,português,24,128169
multilingual,logit,pt-month-after-apr,month,24,6587
multilingual,logit,pt-month-after-apr,April,24,22965
multilingual,logit,pt-month-after-apr,May,24,13996
multilingual,logit,pt-month-after-apr,português,32,182603
multilingual,logit,pt-month-after-apr,month,32,2148
multilingual,logit,pt-month-after-apr,April,32,16999
multilingual,logit,pt-month-after-apr,May,32,4300
multilingual,logit,pt-month-after-apr,português,40,82032
multilingual,logit,pt-month-after-apr,month,40,64
multilingual,logit,pt-month-after-apr,April,40,8936
multilingual,logit,pt-month-after-apr,May,40,1906
multilingual,logit,pt-month-after-apr,português,48,151958
multilingual,logit,pt-month-after-apr,month,48,500
multilingual,logit,pt-month-after-apr,April,48,86257
multilingual,logit,pt-month-after-apr,May,48,5105
multilingual,logit,pt-month-after-apr,português,56,49588
multilingual,logit,pt-month-after-apr,month,56,43
multilingual,logit,pt-month-after-apr,April,56,10
multilingual,logit,pt-month-after-apr,May,56,2
multilingual,jlens_camila,pt-month-after-apr,português,8,76887
multilingual,jlens_camila,pt-month-after-apr,month,8,140522
multilingual,jlens_camila,pt-month-after-apr,April,8,70280
multilingual,jlens_camila,pt-month-after-apr,May,8,70867
multilingual,jlens_camila,pt-month-after-apr,português,16,39609
multilingual,jlens_camila,pt-month-after-apr,month,16,26087
multilingual,jlens_camila,pt-month-after-apr,April,16,67985
multilingual,jlens_camila,pt-month-after-apr,May,16,168162
multilingual,jlens_camila,pt-month-after-apr,português,24,12824
multilingual,jlens_camila,pt-month-after-apr,month,24,1206
multilingual,jlens_camila,pt-month-after-apr,April,24,16988
multilingual,jlens_camila,pt-month-after-apr,May,24,88315
multilingual,jlens_camila,pt-month-after-apr,português,32,21991
multilingual,jlens_camila,pt-month-after-apr,month,32,65
multilingual,jlens_camila,pt-month-after-apr,April,32,2685
multilingual,jlens_camila,pt-month-after-apr,May,32,6751
multilingual,jlens_camila,pt-month-after-apr,português,40,9969
multilingual,jlens_camila,pt-month-after-apr,month,40,1
multilingual,jlens_camila,pt-month-after-apr,April,40,34
multilingual,jlens_camila,pt-month-after-apr,May,40,250
multilingual,jlens_camila,pt-month-after-apr,português,48,28135
multilingual,jlens_camila,pt-month-after-apr,month,48,1
multilingual,jlens_camila,pt-month-after-apr,April,48,111
multilingual,jlens_camila,pt-month-after-apr,May,48,303
multilingual,jlens_camila,pt-month-after-apr,português,56,25084
multilingual,jlens_camila,pt-month-after-apr,month,56,13
multilingual,jlens_camila,pt-month-after-apr,April,56,4
multilingual,jlens_camila,pt-month-after-apr,May,56,2
multilingual,rlens_camila,pt-month-after-apr,português,8,61751
multilingual,rlens_camila,pt-month-after-apr,month,8,29763
multilingual,rlens_camila,pt-month-after-apr,April,8,35201
multilingual,rlens_camila,pt-month-after-apr,May,8,156074
multilingual,rlens_camila,pt-month-after-apr,português,16,53231
multilingual,rlens_camila,pt-month-after-apr,month,16,11655
multilingual,rlens_camila,pt-month-after-apr,April,16,17838
multilingual,rlens_camila,pt-month-after-apr,May,16,65848
multilingual,rlens_camila,pt-month-after-apr,português,24,29638
multilingual,rlens_camila,pt-month-after-apr,month,24,22
multilingual,rlens_camila,pt-month-after-apr,April,24,1084
multilingual,rlens_camila,pt-month-after-apr,May,24,12757
multilingual,rlens_camila,pt-month-after-apr,português,32,49952
multilingual,rlens_camila,pt-month-after-apr,month,32,7
multilingual,rlens_camila,pt-month-after-apr,April,32,668
multilingual,rlens_camila,pt-month-after-apr,May,32,2050
multilingual,rlens_camila,pt-month-after-apr,português,40,42462
multilingual,rlens_camila,pt-month-after-apr,month,40,1
multilingual,rlens_camila,pt-month-after-apr,April,40,22
multilingual,rlens_camila,pt-month-after-apr,May,40,98
multilingual,rlens_camila,pt-month-after-apr,português,48,70523
multilingual,rlens_camila,pt-month-after-apr,month,48,2
multilingual,rlens_camila,pt-month-after-apr,April,48,299
multilingual,rlens_camila,pt-month-after-apr,May,48,224
multilingual,rlens_camila,pt-month-after-apr,português,56,44033
multilingual,rlens_camila,pt-month-after-apr,month,56,18
multilingual,rlens_camila,pt-month-after-apr,April,56,5
multilingual,rlens_camila,pt-month-after-apr,May,56,1
multilingual,jpp_released,pt-month-after-apr,português,8,7053
multilingual,jpp_released,pt-month-after-apr,month,8,656
multilingual,jpp_released,pt-month-after-apr,April,8,816
multilingual,jpp_released,pt-month-after-apr,May,8,61395
multilingual,jpp_released,pt-month-after-apr,português,16,6293
multilingual,jpp_released,pt-month-after-apr,month,16,3359
multilingual,jpp_released,pt-month-after-apr,April,16,932
multilingual,jpp_released,pt-month-after-apr,May,16,501
multilingual,jpp_released,pt-month-after-apr,português,24,17718
multilingual,jpp_released,pt-month-after-apr,month,24,1
multilingual,jpp_released,pt-month-after-apr,April,24,89
multilingual,jpp_released,pt-month-after-apr,May,24,2340
multilingual,jpp_released,pt-month-after-apr,português,32,11225
multilingual,jpp_released,pt-month-after-apr,month,32,3
multilingual,jpp_released,pt-month-after-apr,April,32,89
multilingual,jpp_released,pt-month-after-apr,May,32,89
multilingual,jpp_released,pt-month-after-apr,português,40,26763
multilingual,jpp_released,pt-month-after-apr,month,40,1
multilingual,jpp_released,pt-month-after-apr,April,40,10
multilingual,jpp_released,pt-month-after-apr,May,40,28
multilingual,jpp_released,pt-month-after-apr,português,48,21186
multilingual,jpp_released,pt-month-after-apr,month,48,1
multilingual,jpp_released,pt-month-after-apr,April,48,27
multilingual,jpp_released,pt-month-after-apr,May,48,26
multilingual,jpp_released,pt-month-after-apr,português,56,2481
multilingual,jpp_released,pt-month-after-apr,month,56,5
multilingual,jpp_released,pt-month-after-apr,April,56,2
multilingual,jpp_released,pt-month-after-apr,May,56,1
multilingual,logit,pt-month-after-oct,português,8,173406
multilingual,logit,pt-month-after-oct,month,8,7532
multilingual,logit,pt-month-after-oct,October,8,22337
multilingual,logit,pt-month-after-oct,November,8,15501
multilingual,logit,pt-month-after-oct,português,16,183937
multilingual,logit,pt-month-after-oct,month,16,15221
multilingual,logit,pt-month-after-oct,October,16,55864
multilingual,logit,pt-month-after-oct,November,16,74534
multilingual,logit,pt-month-after-oct,português,24,126541
multilingual,logit,pt-month-after-oct,month,24,6276
multilingual,logit,pt-month-after-oct,October,24,60654
multilingual,logit,pt-month-after-oct,November,24,82552
multilingual,logit,pt-month-after-oct,português,32,193702
multilingual,logit,pt-month-after-oct,month,32,1781
multilingual,logit,pt-month-after-oct,October,32,71603
multilingual,logit,pt-month-after-oct,November,32,56014
multilingual,logit,pt-month-after-oct,português,40,141789
multilingual,logit,pt-month-after-oct,month,40,115
multilingual,logit,pt-month-after-oct,October,40,34340
multilingual,logit,pt-month-after-oct,November,40,19473
multilingual,logit,pt-month-after-oct,português,48,110182
multilingual,logit,pt-month-after-oct,month,48,95
multilingual,logit,pt-month-after-oct,October,48,21594
multilingual,logit,pt-month-after-oct,November,48,48045
multilingual,logit,pt-month-after-oct,português,56,49753
multilingual,logit,pt-month-after-oct,month,56,22
multilingual,logit,pt-month-after-oct,October,56,8
multilingual,logit,pt-month-after-oct,November,56,1
multilingual,jlens_camila,pt-month-after-oct,português,8,77296
multilingual,jlens_camila,pt-month-after-oct,month,8,149052
multilingual,jlens_camila,pt-month-after-oct,October,8,183063
multilingual,jlens_camila,pt-month-after-oct,November,8,122904
multilingual,jlens_camila,pt-month-after-oct,português,16,41360
multilingual,jlens_camila,pt-month-after-oct,month,16,24403
multilingual,jlens_camila,pt-month-after-oct,October,16,203117
multilingual,jlens_camila,pt-month-after-oct,November,16,133074
multilingual,jlens_camila,pt-month-after-oct,português,24,13759
multilingual,jlens_camila,pt-month-after-oct,month,24,701
multilingual,jlens_camila,pt-month-after-oct,October,24,25682
multilingual,jlens_camila,pt-month-after-oct,November,24,34675
multilingual,jlens_camila,pt-month-after-oct,português,32,25805
multilingual,jlens_camila,pt-month-after-oct,month,32,15
multilingual,jlens_camila,pt-month-after-oct,October,32,1018
multilingual,jlens_camila,pt-month-after-oct,November,32,2112
multilingual,jlens_camila,pt-month-after-oct,português,40,28787
multilingual,jlens_camila,pt-month-after-oct,month,40,1
multilingual,jlens_camila,pt-month-after-oct,October,40,25
multilingual,jlens_camila,pt-month-after-oct,November,40,43
multilingual,jlens_camila,pt-month-after-oct,português,48,61897
multilingual,jlens_camila,pt-month-after-oct,month,48,1
multilingual,jlens_camila,pt-month-after-oct,October,48,33
multilingual,jlens_camila,pt-month-after-oct,November,48,99
multilingual,jlens_camila,pt-month-after-oct,português,56,30604
multilingual,jlens_camila,pt-month-after-oct,month,56,9
multilingual,jlens_camila,pt-month-after-oct,October,56,2
multilingual,jlens_camila,pt-month-after-oct,November,56,1
multilingual,rlens_camila,pt-month-after-oct,português,8,64417
multilingual,rlens_camila,pt-month-after-oct,month,8,35229
multilingual,rlens_camila,pt-month-after-oct,October,8,95598
multilingual,rlens_camila,pt-month-after-oct,November,8,95881
multilingual,rlens_camila,pt-month-after-oct,português,16,59516
multilingual,rlens_camila,pt-month-after-oct,month,16,11944
multilingual,rlens_camila,pt-month-after-oct,October,16,50020
multilingual,rlens_camila,pt-month-after-oct,November,16,70467
multilingual,rlens_camila,pt-month-after-oct,português,24,36331
multilingual,rlens_camila,pt-month-after-oct,month,24,10
multilingual,rlens_camila,pt-month-after-oct,October,24,1218
multilingual,rlens_camila,pt-month-after-oct,November,24,2369
multilingual,rlens_camila,pt-month-after-oct,português,32,62872
multilingual,rlens_camila,pt-month-after-oct,month,32,5
multilingual,rlens_camila,pt-month-after-oct,October,32,873
multilingual,rlens_camila,pt-month-after-oct,November,32,984
multilingual,rlens_camila,pt-month-after-oct,português,40,74340
multilingual,rlens_camila,pt-month-after-oct,month,40,1
multilingual,rlens_camila,pt-month-after-oct,October,40,29
multilingual,rlens_camila,pt-month-after-oct,November,40,41
multilingual,rlens_camila,pt-month-after-oct,português,48,103694
multilingual,rlens_camila,pt-month-after-oct,month,48,1
multilingual,rlens_camila,pt-month-after-oct,October,48,36
multilingual,rlens_camila,pt-month-after-oct,November,48,100
multilingual,rlens_camila,pt-month-after-oct,português,56,48780
multilingual,rlens_camila,pt-month-after-oct,month,56,11
multilingual,rlens_camila,pt-month-after-oct,October,56,2
multilingual,rlens_camila,pt-month-after-oct,November,56,1
multilingual,jpp_released,pt-month-after-oct,português,8,9422
multilingual,jpp_released,pt-month-after-oct,month,8,656
multilingual,jpp_released,pt-month-after-oct,October,8,2592
multilingual,jpp_released,pt-month-after-oct,November,8,3750
multilingual,jpp_released,pt-month-after-oct,português,16,8329
multilingual,jpp_released,pt-month-after-oct,month,16,3062
multilingual,jpp_released,pt-month-after-oct,October,16,4201
multilingual,jpp_released,pt-month-after-oct,November,16,1248
multilingual,jpp_released,pt-month-after-oct,português,24,29805
multilingual,jpp_released,pt-month-after-oct,month,24,1
multilingual,jpp_released,pt-month-after-oct,October,24,89
multilingual,jpp_released,pt-month-after-oct,November,24,259
multilingual,jpp_released,pt-month-after-oct,português,32,20817
multilingual,jpp_released,pt-month-after-oct,month,32,4
multilingual,jpp_released,pt-month-after-oct,October,32,219
multilingual,jpp_released,pt-month-after-oct,November,32,158
multilingual,jpp_released,pt-month-after-oct,português,40,36140
multilingual,jpp_released,pt-month-after-oct,month,40,1
multilingual,jpp_released,pt-month-after-oct,October,40,6
multilingual,jpp_released,pt-month-after-oct,November,40,11
multilingual,jpp_released,pt-month-after-oct,português,48,39878
multilingual,jpp_released,pt-month-after-oct,month,48,1
multilingual,jpp_released,pt-month-after-oct,October,48,55
multilingual,jpp_released,pt-month-after-oct,November,48,92
multilingual,jpp_released,pt-month-after-oct,português,56,1681
multilingual,jpp_released,pt-month-after-oct,month,56,6
multilingual,jpp_released,pt-month-after-oct,October,56,4
multilingual,jpp_released,pt-month-after-oct,November,56,1
multilingual,logit,pt-month-before-aug,português,8,164432
multilingual,logit,pt-month-before-aug,month,8,5014
multilingual,logit,pt-month-before-aug,August,8,33773
multilingual,logit,pt-month-before-aug,July,8,21394
multilingual,logit,pt-month-before-aug,português,16,179532
multilingual,logit,pt-month-before-aug,month,16,8861
multilingual,logit,pt-month-before-aug,August,16,53577
multilingual,logit,pt-month-before-aug,July,16,37744
multilingual,logit,pt-month-before-aug,português,24,119202
multilingual,logit,pt-month-before-aug,month,24,26018
multilingual,logit,pt-month-before-aug,August,24,39447
multilingual,logit,pt-month-before-aug,July,24,68395
multilingual,logit,pt-month-before-aug,português,32,161578
multilingual,logit,pt-month-before-aug,month,32,4337
multilingual,logit,pt-month-before-aug,August,32,28694
multilingual,logit,pt-month-before-aug,July,32,55652
multilingual,logit,pt-month-before-aug,português,40,99621
multilingual,logit,pt-month-before-aug,month,40,6
multilingual,logit,pt-month-before-aug,August,40,5379
multilingual,logit,pt-month-before-aug,July,40,14775
multilingual,logit,pt-month-before-aug,português,48,162185
multilingual,logit,pt-month-before-aug,month,48,387
multilingual,logit,pt-month-before-aug,August,48,19267
multilingual,logit,pt-month-before-aug,July,48,66386
multilingual,logit,pt-month-before-aug,português,56,69406
multilingual,logit,pt-month-before-aug,month,56,39
multilingual,logit,pt-month-before-aug,August,56,3
multilingual,logit,pt-month-before-aug,July,56,1
multilingual,jlens_camila,pt-month-before-aug,português,8,87267
multilingual,jlens_camila,pt-month-before-aug,month,8,120069
multilingual,jlens_camila,pt-month-before-aug,August,8,73859
multilingual,jlens_camila,pt-month-before-aug,July,8,94819
multilingual,jlens_camila,pt-month-before-aug,português,16,42658
multilingual,jlens_camila,pt-month-before-aug,month,16,19163
multilingual,jlens_camila,pt-month-before-aug,August,16,94361
multilingual,jlens_camila,pt-month-before-aug,July,16,82484
multilingual,jlens_camila,pt-month-before-aug,português,24,9029
multilingual,jlens_camila,pt-month-before-aug,month,24,2352
multilingual,jlens_camila,pt-month-before-aug,August,24,34327
multilingual,jlens_camila,pt-month-before-aug,July,24,44987
multilingual,jlens_camila,pt-month-before-aug,português,32,14412
multilingual,jlens_camila,pt-month-before-aug,month,32,114
multilingual,jlens_camila,pt-month-before-aug,August,32,20459
multilingual,jlens_camila,pt-month-before-aug,July,32,4282
multilingual,jlens_camila,pt-month-before-aug,português,40,10692
multilingual,jlens_camila,pt-month-before-aug,month,40,1
multilingual,jlens_camila,pt-month-before-aug,August,40,112
multilingual,jlens_camila,pt-month-before-aug,July,40,39
multilingual,jlens_camila,pt-month-before-aug,português,48,23096
multilingual,jlens_camila,pt-month-before-aug,month,48,1
multilingual,jlens_camila,pt-month-before-aug,August,48,822
multilingual,jlens_camila,pt-month-before-aug,July,48,270
multilingual,jlens_camila,pt-month-before-aug,português,56,42508
multilingual,jlens_camila,pt-month-before-aug,month,56,16
multilingual,jlens_camila,pt-month-before-aug,August,56,1
multilingual,jlens_camila,pt-month-before-aug,July,56,2
multilingual,rlens_camila,pt-month-before-aug,português,8,70311
multilingual,rlens_camila,pt-month-before-aug,month,8,24629
multilingual,rlens_camila,pt-month-before-aug,August,8,118881
multilingual,rlens_camila,pt-month-before-aug,July,8,51596
multilingual,rlens_camila,pt-month-before-aug,português,16,52897
multilingual,rlens_camila,pt-month-before-aug,month,16,14057
multilingual,rlens_camila,pt-month-before-aug,August,16,90581
multilingual,rlens_camila,pt-month-before-aug,July,16,25555
multilingual,rlens_camila,pt-month-before-aug,português,24,16348
multilingual,rlens_camila,pt-month-before-aug,month,24,88
multilingual,rlens_camila,pt-month-before-aug,August,24,16273
multilingual,rlens_camila,pt-month-before-aug,July,24,2628
multilingual,rlens_camila,pt-month-before-aug,português,32,48013
multilingual,rlens_camila,pt-month-before-aug,month,32,42
multilingual,rlens_camila,pt-month-before-aug,August,32,9960
multilingual,rlens_camila,pt-month-before-aug,July,32,1726
multilingual,rlens_camila,pt-month-before-aug,português,40,49667
multilingual,rlens_camila,pt-month-before-aug,month,40,1
multilingual,rlens_camila,pt-month-before-aug,August,40,77
multilingual,rlens_camila,pt-month-before-aug,July,40,38
multilingual,rlens_camila,pt-month-before-aug,português,48,64361
multilingual,rlens_camila,pt-month-before-aug,month,48,2
multilingual,rlens_camila,pt-month-before-aug,August,48,1226
multilingual,rlens_camila,pt-month-before-aug,July,48,620
multilingual,rlens_camila,pt-month-before-aug,português,56,62263
multilingual,rlens_camila,pt-month-before-aug,month,56,20
multilingual,rlens_camila,pt-month-before-aug,August,56,1
multilingual,rlens_camila,pt-month-before-aug,July,56,1
multilingual,jpp_released,pt-month-before-aug,português,8,6422
multilingual,jpp_released,pt-month-before-aug,month,8,594
multilingual,jpp_released,pt-month-before-aug,August,8,60349
multilingual,jpp_released,pt-month-before-aug,July,8,4558
multilingual,jpp_released,pt-month-before-aug,português,16,10337
multilingual,jpp_released,pt-month-before-aug,month,16,2884
multilingual,jpp_released,pt-month-before-aug,August,16,5194
multilingual,jpp_released,pt-month-before-aug,July,16,10392
multilingual,jpp_released,pt-month-before-aug,português,24,4030
multilingual,jpp_released,pt-month-before-aug,month,24,6
multilingual,jpp_released,pt-month-before-aug,August,24,5983
multilingual,jpp_released,pt-month-before-aug,July,24,600
multilingual,jpp_released,pt-month-before-aug,português,32,7035
multilingual,jpp_released,pt-month-before-aug,month,32,31
multilingual,jpp_released,pt-month-before-aug,August,32,2067
multilingual,jpp_released,pt-month-before-aug,July,32,842
multilingual,jpp_released,pt-month-before-aug,português,40,26789
multilingual,jpp_released,pt-month-before-aug,month,40,1
multilingual,jpp_released,pt-month-before-aug,August,40,42
multilingual,jpp_released,pt-month-before-aug,July,40,17
multilingual,jpp_released,pt-month-before-aug,português,48,15656
multilingual,jpp_released,pt-month-before-aug,month,48,1
multilingual,jpp_released,pt-month-before-aug,August,48,116
multilingual,jpp_released,pt-month-before-aug,July,48,103
multilingual,jpp_released,pt-month-before-aug,português,56,2344
multilingual,jpp_released,pt-month-before-aug,month,56,4
multilingual,jpp_released,pt-month-before-aug,August,56,3
multilingual,jpp_released,pt-month-before-aug,July,56,1
multilingual,logit,fr-half-six,French,8,5394
multilingual,logit,fr-half-six,half,8,18910
multilingual,logit,fr-half-six,six,8,25709
multilingual,logit,fr-half-six,three,8,4520
multilingual,logit,fr-half-six,French,16,1749
multilingual,logit,fr-half-six,half,16,20337
multilingual,logit,fr-half-six,six,16,29403
multilingual,logit,fr-half-six,three,16,7523
multilingual,logit,fr-half-six,French,24,403
multilingual,logit,fr-half-six,half,24,4306
multilingual,logit,fr-half-six,six,24,31669
multilingual,logit,fr-half-six,three,24,63714
multilingual,logit,fr-half-six,French,32,433
multilingual,logit,fr-half-six,half,32,8601
multilingual,logit,fr-half-six,six,32,40567
multilingual,logit,fr-half-six,three,32,9641
multilingual,logit,fr-half-six,French,40,4928
multilingual,logit,fr-half-six,half,40,588
multilingual,logit,fr-half-six,six,40,7041
multilingual,logit,fr-half-six,three,40,5381
multilingual,logit,fr-half-six,French,48,18521
multilingual,logit,fr-half-six,half,48,412
multilingual,logit,fr-half-six,six,48,1904
multilingual,logit,fr-half-six,three,48,1016
multilingual,logit,fr-half-six,French,56,24856
multilingual,logit,fr-half-six,half,56,86
multilingual,logit,fr-half-six,six,56,7
multilingual,logit,fr-half-six,three,56,1
multilingual,jlens_camila,fr-half-six,French,8,203
multilingual,jlens_camila,fr-half-six,half,8,38761
multilingual,jlens_camila,fr-half-six,six,8,39798
multilingual,jlens_camila,fr-half-six,three,8,139280
multilingual,jlens_camila,fr-half-six,French,16,29
multilingual,jlens_camila,fr-half-six,half,16,6561
multilingual,jlens_camila,fr-half-six,six,16,82607
multilingual,jlens_camila,fr-half-six,three,16,37181
multilingual,jlens_camila,fr-half-six,French,24,2
multilingual,jlens_camila,fr-half-six,half,24,2571
multilingual,jlens_camila,fr-half-six,six,24,15698
multilingual,jlens_camila,fr-half-six,three,24,113462
multilingual,jlens_camila,fr-half-six,French,32,1
multilingual,jlens_camila,fr-half-six,half,32,1271
multilingual,jlens_camila,fr-half-six,six,32,39830
multilingual,jlens_camila,fr-half-six,three,32,54576
multilingual,jlens_camila,fr-half-six,French,40,44
multilingual,jlens_camila,fr-half-six,half,40,269
multilingual,jlens_camila,fr-half-six,six,40,6536
multilingual,jlens_camila,fr-half-six,three,40,25405
multilingual,jlens_camila,fr-half-six,French,48,391
multilingual,jlens_camila,fr-half-six,half,48,210
multilingual,jlens_camila,fr-half-six,six,48,498
multilingual,jlens_camila,fr-half-six,three,48,334
multilingual,jlens_camila,fr-half-six,French,56,6944
multilingual,jlens_camila,fr-half-six,half,56,35
multilingual,jlens_camila,fr-half-six,six,56,10
multilingual,jlens_camila,fr-half-six,three,56,1
multilingual,rlens_camila,fr-half-six,French,8,46
multilingual,rlens_camila,fr-half-six,half,8,1348
multilingual,rlens_camila,fr-half-six,six,8,70434
multilingual,rlens_camila,fr-half-six,three,8,15763
multilingual,rlens_camila,fr-half-six,French,16,48
multilingual,rlens_camila,fr-half-six,half,16,260
multilingual,rlens_camila,fr-half-six,six,16,33509
multilingual,rlens_camila,fr-half-six,three,16,1593
multilingual,rlens_camila,fr-half-six,French,24,1
multilingual,rlens_camila,fr-half-six,half,24,73
multilingual,rlens_camila,fr-half-six,six,24,11694
multilingual,rlens_camila,fr-half-six,three,24,7177
multilingual,rlens_camila,fr-half-six,French,32,1
multilingual,rlens_camila,fr-half-six,half,32,592
multilingual,rlens_camila,fr-half-six,six,32,20314
multilingual,rlens_camila,fr-half-six,three,32,13267
multilingual,rlens_camila,fr-half-six,French,40,59
multilingual,rlens_camila,fr-half-six,half,40,102
multilingual,rlens_camila,fr-half-six,six,40,3039
multilingual,rlens_camila,fr-half-six,three,40,4681
multilingual,rlens_camila,fr-half-six,French,48,406
multilingual,rlens_camila,fr-half-six,half,48,103
multilingual,rlens_camila,fr-half-six,six,48,530
multilingual,rlens_camila,fr-half-six,three,48,191
multilingual,rlens_camila,fr-half-six,French,56,5122
multilingual,rlens_camila,fr-half-six,half,56,35
multilingual,rlens_camila,fr-half-six,six,56,7
multilingual,rlens_camila,fr-half-six,three,56,1
multilingual,jpp_released,fr-half-six,French,8,1
multilingual,jpp_released,fr-half-six,half,8,14970
multilingual,jpp_released,fr-half-six,six,8,3242
multilingual,jpp_released,fr-half-six,three,8,260
multilingual,jpp_released,fr-half-six,French,16,1
multilingual,jpp_released,fr-half-six,half,16,1530
multilingual,jpp_released,fr-half-six,six,16,9268
multilingual,jpp_released,fr-half-six,three,16,1771
multilingual,jpp_released,fr-half-six,French,24,1
multilingual,jpp_released,fr-half-six,half,24,55
multilingual,jpp_released,fr-half-six,six,24,1089
multilingual,jpp_released,fr-half-six,three,24,905
multilingual,jpp_released,fr-half-six,French,32,1
multilingual,jpp_released,fr-half-six,half,32,1783
multilingual,jpp_released,fr-half-six,six,32,10722
multilingual,jpp_released,fr-half-six,three,32,3751
multilingual,jpp_released,fr-half-six,French,40,7
multilingual,jpp_released,fr-half-six,half,40,70
multilingual,jpp_released,fr-half-six,six,40,282
multilingual,jpp_released,fr-half-six,three,40,510
multilingual,jpp_released,fr-half-six,French,48,16
multilingual,jpp_released,fr-half-six,half,48,64
multilingual,jpp_released,fr-half-six,six,48,46
multilingual,jpp_released,fr-half-six,three,48,21
multilingual,jpp_released,fr-half-six,French,56,2158
multilingual,jpp_released,fr-half-six,half,56,295
multilingual,jpp_released,fr-half-six,six,56,12
multilingual,jpp_released,fr-half-six,three,56,1
multilingual,logit,fr-double-three,French,8,3210
multilingual,logit,fr-double-three,double,8,315
multilingual,logit,fr-double-three,three,8,3182
multilingual,logit,fr-double-three,six,8,40468
multilingual,logit,fr-double-three,French,16,11059
multilingual,logit,fr-double-three,double,16,1904
multilingual,logit,fr-double-three,three,16,3122
multilingual,logit,fr-double-three,six,16,21981
multilingual,logit,fr-double-three,French,24,109
multilingual,logit,fr-double-three,double,24,3929
multilingual,logit,fr-double-three,three,24,24834
multilingual,logit,fr-double-three,six,24,45552
multilingual,logit,fr-double-three,French,32,465
multilingual,logit,fr-double-three,double,32,4270
multilingual,logit,fr-double-three,three,32,31878
multilingual,logit,fr-double-three,six,32,49944
multilingual,logit,fr-double-three,French,40,1965
multilingual,logit,fr-double-three,double,40,335
multilingual,logit,fr-double-three,three,40,16302
multilingual,logit,fr-double-three,six,40,16161
multilingual,logit,fr-double-three,French,48,2740
multilingual,logit,fr-double-three,double,48,899
multilingual,logit,fr-double-three,three,48,4271
multilingual,logit,fr-double-three,six,48,2780
multilingual,logit,fr-double-three,French,56,2573
multilingual,logit,fr-double-three,double,56,4
multilingual,logit,fr-double-three,three,56,64
multilingual,logit,fr-double-three,six,56,5
multilingual,jlens_camila,fr-double-three,French,8,24
multilingual,jlens_camila,fr-double-three,double,8,32019
multilingual,jlens_camila,fr-double-three,three,8,169628
multilingual,jlens_camila,fr-double-three,six,8,87133
multilingual,jlens_camila,fr-double-three,French,16,19
multilingual,jlens_camila,fr-double-three,double,16,15048
multilingual,jlens_camila,fr-double-three,three,16,65573
multilingual,jlens_camila,fr-double-three,six,16,124805
multilingual,jlens_camila,fr-double-three,French,24,2
multilingual,jlens_camila,fr-double-three,double,24,8509
multilingual,jlens_camila,fr-double-three,three,24,65907
multilingual,jlens_camila,fr-double-three,six,24,37213
multilingual,jlens_camila,fr-double-three,French,32,1
multilingual,jlens_camila,fr-double-three,double,32,10950
multilingual,jlens_camila,fr-double-three,three,32,76064
multilingual,jlens_camila,fr-double-three,six,32,93863
multilingual,jlens_camila,fr-double-three,French,40,3
multilingual,jlens_camila,fr-double-three,double,40,305
multilingual,jlens_camila,fr-double-three,three,40,24115
multilingual,jlens_camila,fr-double-three,six,40,10291
multilingual,jlens_camila,fr-double-three,French,48,13
multilingual,jlens_camila,fr-double-three,double,48,475
multilingual,jlens_camila,fr-double-three,three,48,306
multilingual,jlens_camila,fr-double-three,six,48,313
multilingual,jlens_camila,fr-double-three,French,56,183
multilingual,jlens_camila,fr-double-three,double,56,4
multilingual,jlens_camila,fr-double-three,three,56,16
multilingual,jlens_camila,fr-double-three,six,56,13
multilingual,rlens_camila,fr-double-three,French,8,7
multilingual,rlens_camila,fr-double-three,double,8,768
multilingual,rlens_camila,fr-double-three,three,8,24245
multilingual,rlens_camila,fr-double-three,six,8,99769
multilingual,rlens_camila,fr-double-three,French,16,25
multilingual,rlens_camila,fr-double-three,double,16,907
multilingual,rlens_camila,fr-double-three,three,16,10210
multilingual,rlens_camila,fr-double-three,six,16,100213
multilingual,rlens_camila,fr-double-three,French,24,1
multilingual,rlens_camila,fr-double-three,double,24,2134
multilingual,rlens_camila,fr-double-three,three,24,8000
multilingual,rlens_camila,fr-double-three,six,24,27678
multilingual,rlens_camila,fr-double-three,French,32,1
multilingual,rlens_camila,fr-double-three,double,32,1821
multilingual,rlens_camila,fr-double-three,three,32,21129
multilingual,rlens_camila,fr-double-three,six,32,38947
multilingual,rlens_camila,fr-double-three,French,40,3
multilingual,rlens_camila,fr-double-three,double,40,55
multilingual,rlens_camila,fr-double-three,three,40,6459
multilingual,rlens_camila,fr-double-three,six,40,4558
multilingual,rlens_camila,fr-double-three,French,48,22
multilingual,rlens_camila,fr-double-three,double,48,101
multilingual,rlens_camila,fr-double-three,three,48,184
multilingual,rlens_camila,fr-double-three,six,48,393
multilingual,rlens_camila,fr-double-three,French,56,291
multilingual,rlens_camila,fr-double-three,double,56,2
multilingual,rlens_camila,fr-double-three,three,56,16
multilingual,rlens_camila,fr-double-three,six,56,6
multilingual,jpp_released,fr-double-three,French,8,1
multilingual,jpp_released,fr-double-three,double,8,3532
multilingual,jpp_released,fr-double-three,three,8,339
multilingual,jpp_released,fr-double-three,six,8,11577
multilingual,jpp_released,fr-double-three,French,16,1
multilingual,jpp_released,fr-double-three,double,16,2981
multilingual,jpp_released,fr-double-three,three,16,1040
multilingual,jpp_released,fr-double-three,six,16,8020
multilingual,jpp_released,fr-double-three,French,24,1
multilingual,jpp_released,fr-double-three,double,24,3606
multilingual,jpp_released,fr-double-three,three,24,2579
multilingual,jpp_released,fr-double-three,six,24,3606
multilingual,jpp_released,fr-double-three,French,32,1
multilingual,jpp_released,fr-double-three,double,32,3822
multilingual,jpp_released,fr-double-three,three,32,3422
multilingual,jpp_released,fr-double-three,six,32,7545
multilingual,jpp_released,fr-double-three,French,40,1
multilingual,jpp_released,fr-double-three,double,40,41
multilingual,jpp_released,fr-double-three,three,40,1002
multilingual,jpp_released,fr-double-three,six,40,558
multilingual,jpp_released,fr-double-three,French,48,1
multilingual,jpp_released,fr-double-three,double,48,48
multilingual,jpp_released,fr-double-three,three,48,24
multilingual,jpp_released,fr-double-three,six,48,46
multilingual,jpp_released,fr-double-three,French,56,28
multilingual,jpp_released,fr-double-three,double,56,1
multilingual,jpp_released,fr-double-three,three,56,14
multilingual,jpp_released,fr-double-three,six,56,8
multilingual,logit,de-double-two,German,8,5405
multilingual,logit,de-double-two,double,8,953
multilingual,logit,de-double-two,two,8,658
multilingual,logit,de-double-two,four,8,17483
multilingual,logit,de-double-two,German,16,12280
multilingual,logit,de-double-two,double,16,2559
multilingual,logit,de-double-two,two,16,1143
multilingual,logit,de-double-two,four,16,24896
multilingual,logit,de-double-two,German,24,2317
multilingual,logit,de-double-two,double,24,4604
multilingual,logit,de-double-two,two,24,11614
multilingual,logit,de-double-two,four,24,76132
multilingual,logit,de-double-two,German,32,1581
multilingual,logit,de-double-two,double,32,8463
multilingual,logit,de-double-two,two,32,14181
multilingual,logit,de-double-two,four,32,43233
multilingual,logit,de-double-two,German,40,3586
multilingual,logit,de-double-two,double,40,133
multilingual,logit,de-double-two,two,40,2158
multilingual,logit,de-double-two,four,40,23982
multilingual,logit,de-double-two,German,48,3354
multilingual,logit,de-double-two,double,48,1179
multilingual,logit,de-double-two,two,48,688
multilingual,logit,de-double-two,four,48,2630
multilingual,logit,de-double-two,German,56,1897
multilingual,logit,de-double-two,double,56,41
multilingual,logit,de-double-two,two,56,3
multilingual,logit,de-double-two,four,56,7
multilingual,jlens_camila,de-double-two,German,8,5592
multilingual,jlens_camila,de-double-two,double,8,41252
multilingual,jlens_camila,de-double-two,two,8,56641
multilingual,jlens_camila,de-double-two,four,8,91049
multilingual,jlens_camila,de-double-two,German,16,1424
multilingual,jlens_camila,de-double-two,double,16,25702
multilingual,jlens_camila,de-double-two,two,16,72513
multilingual,jlens_camila,de-double-two,four,16,99199
multilingual,jlens_camila,de-double-two,German,24,7
multilingual,jlens_camila,de-double-two,double,24,16304
multilingual,jlens_camila,de-double-two,two,24,43448
multilingual,jlens_camila,de-double-two,four,24,60947
multilingual,jlens_camila,de-double-two,German,32,1
multilingual,jlens_camila,de-double-two,double,32,24397
multilingual,jlens_camila,de-double-two,two,32,49035
multilingual,jlens_camila,de-double-two,four,32,48251
multilingual,jlens_camila,de-double-two,German,40,19
multilingual,jlens_camila,de-double-two,double,40,56
multilingual,jlens_camila,de-double-two,two,40,1153
multilingual,jlens_camila,de-double-two,four,40,8478
multilingual,jlens_camila,de-double-two,German,48,21
multilingual,jlens_camila,de-double-two,double,48,187
multilingual,jlens_camila,de-double-two,two,48,104
multilingual,jlens_camila,de-double-two,four,48,81
multilingual,jlens_camila,de-double-two,German,56,433
multilingual,jlens_camila,de-double-two,double,56,23
multilingual,jlens_camila,de-double-two,two,56,1
multilingual,jlens_camila,de-double-two,four,56,7
multilingual,rlens_camila,de-double-two,German,8,4074
multilingual,rlens_camila,de-double-two,double,8,3519
multilingual,rlens_camila,de-double-two,two,8,11568
multilingual,rlens_camila,de-double-two,four,8,84100
multilingual,rlens_camila,de-double-two,German,16,1234
multilingual,rlens_camila,de-double-two,double,16,2165
multilingual,rlens_camila,de-double-two,two,16,2600
multilingual,rlens_camila,de-double-two,four,16,78645
multilingual,rlens_camila,de-double-two,German,24,2
multilingual,rlens_camila,de-double-two,double,24,3790
multilingual,rlens_camila,de-double-two,two,24,17656
multilingual,rlens_camila,de-double-two,four,24,63406
multilingual,rlens_camila,de-double-two,German,32,4
multilingual,rlens_camila,de-double-two,double,32,5220
multilingual,rlens_camila,de-double-two,two,32,16933
multilingual,rlens_camila,de-double-two,four,32,35499
multilingual,rlens_camila,de-double-two,German,40,29
multilingual,rlens_camila,de-double-two,double,40,8
multilingual,rlens_camila,de-double-two,two,40,435
multilingual,rlens_camila,de-double-two,four,40,10056
multilingual,rlens_camila,de-double-two,German,48,30
multilingual,rlens_camila,de-double-two,double,48,57
multilingual,rlens_camila,de-double-two,two,48,42
multilingual,rlens_camila,de-double-two,four,48,101
multilingual,rlens_camila,de-double-two,German,56,293
multilingual,rlens_camila,de-double-two,double,56,19
multilingual,rlens_camila,de-double-two,two,56,1
multilingual,rlens_camila,de-double-two,four,56,5
multilingual,jpp_released,de-double-two,German,8,34
multilingual,jpp_released,de-double-two,double,8,6770
multilingual,jpp_released,de-double-two,two,8,379
multilingual,jpp_released,de-double-two,four,8,15763
multilingual,jpp_released,de-double-two,German,16,2
multilingual,jpp_released,de-double-two,double,16,10523
multilingual,jpp_released,de-double-two,two,16,3001
multilingual,jpp_released,de-double-two,four,16,15145
multilingual,jpp_released,de-double-two,German,24,1
multilingual,jpp_released,de-double-two,double,24,1577
multilingual,jpp_released,de-double-two,two,24,3608
multilingual,jpp_released,de-double-two,four,24,14466
multilingual,jpp_released,de-double-two,German,32,1
multilingual,jpp_released,de-double-two,double,32,3560
multilingual,jpp_released,de-double-two,two,32,5978
multilingual,jpp_released,de-double-two,four,32,9381
multilingual,jpp_released,de-double-two,German,40,5
multilingual,jpp_released,de-double-two,double,40,7
multilingual,jpp_released,de-double-two,two,40,397
multilingual,jpp_released,de-double-two,four,40,1473
multilingual,jpp_released,de-double-two,German,48,2
multilingual,jpp_released,de-double-two,double,48,20
multilingual,jpp_released,de-double-two,two,48,19
multilingual,jpp_released,de-double-two,four,48,15
multilingual,jpp_released,de-double-two,German,56,2
multilingual,jpp_released,de-double-two,double,56,16
multilingual,jpp_released,de-double-two,two,56,5
multilingual,jpp_released,de-double-two,four,56,29
multilingual,logit,es-double-three,español,8,153382
multilingual,logit,es-double-three,double,8,372
multilingual,logit,es-double-three,three,8,2683
multilingual,logit,es-double-three,six,8,36265
multilingual,logit,es-double-three,español,16,92771
multilingual,logit,es-double-three,double,16,2403
multilingual,logit,es-double-three,three,16,4398
multilingual,logit,es-double-three,six,16,32945
multilingual,logit,es-double-three,español,24,42804
multilingual,logit,es-double-three,double,24,2493
multilingual,logit,es-double-three,three,24,23970
multilingual,logit,es-double-three,six,24,33113
multilingual,logit,es-double-three,español,32,81374
multilingual,logit,es-double-three,double,32,1739
multilingual,logit,es-double-three,three,32,12182
multilingual,logit,es-double-three,six,32,40539
multilingual,logit,es-double-three,español,40,75679
multilingual,logit,es-double-three,double,40,518
multilingual,logit,es-double-three,three,40,16347
multilingual,logit,es-double-three,six,40,23938
multilingual,logit,es-double-three,español,48,168200
multilingual,logit,es-double-three,double,48,2848
multilingual,logit,es-double-three,three,48,3103
multilingual,logit,es-double-three,six,48,7486
multilingual,logit,es-double-three,español,56,100976
multilingual,logit,es-double-three,double,56,44
multilingual,logit,es-double-three,three,56,790
multilingual,logit,es-double-three,six,56,4
multilingual,jlens_camila,es-double-three,español,8,38756
multilingual,jlens_camila,es-double-three,double,8,24288
multilingual,jlens_camila,es-double-three,three,8,210311
multilingual,jlens_camila,es-double-three,six,8,58464
multilingual,jlens_camila,es-double-three,español,16,11866
multilingual,jlens_camila,es-double-three,double,16,16506
multilingual,jlens_camila,es-double-three,three,16,51736
multilingual,jlens_camila,es-double-three,six,16,71618
multilingual,jlens_camila,es-double-three,español,24,3131
multilingual,jlens_camila,es-double-three,double,24,7758
multilingual,jlens_camila,es-double-three,three,24,91745
multilingual,jlens_camila,es-double-three,six,24,28660
multilingual,jlens_camila,es-double-three,español,32,1190
multilingual,jlens_camila,es-double-three,double,32,6933
multilingual,jlens_camila,es-double-three,three,32,68694
multilingual,jlens_camila,es-double-three,six,32,66517
multilingual,jlens_camila,es-double-three,español,40,3749
multilingual,jlens_camila,es-double-three,double,40,200
multilingual,jlens_camila,es-double-three,three,40,15851
multilingual,jlens_camila,es-double-three,six,40,9001
multilingual,jlens_camila,es-double-three,español,48,28776
multilingual,jlens_camila,es-double-three,double,48,286
multilingual,jlens_camila,es-double-three,three,48,93
multilingual,jlens_camila,es-double-three,six,48,254
multilingual,jlens_camila,es-double-three,español,56,59757
multilingual,jlens_camila,es-double-three,double,56,12
multilingual,jlens_camila,es-double-three,three,56,31
multilingual,jlens_camila,es-double-three,six,56,2
multilingual,rlens_camila,es-double-three,español,8,39377
multilingual,rlens_camila,es-double-three,double,8,768
multilingual,rlens_camila,es-double-three,three,8,35471
multilingual,rlens_camila,es-double-three,six,8,103838
multilingual,rlens_camila,es-double-three,español,16,28506
multilingual,rlens_camila,es-double-three,double,16,1393
multilingual,rlens_camila,es-double-three,three,16,21481
multilingual,rlens_camila,es-double-three,six,16,106337
multilingual,rlens_camila,es-double-three,español,24,2144
multilingual,rlens_camila,es-double-three,double,24,2827
multilingual,rlens_camila,es-double-three,three,24,29386
multilingual,rlens_camila,es-double-three,six,24,47299
multilingual,rlens_camila,es-double-three,español,32,2229
multilingual,rlens_camila,es-double-three,double,32,1099
multilingual,rlens_camila,es-double-three,three,32,18234
multilingual,rlens_camila,es-double-three,six,32,35587
multilingual,rlens_camila,es-double-three,español,40,12003
multilingual,rlens_camila,es-double-three,double,40,44
multilingual,rlens_camila,es-double-three,three,40,4264
multilingual,rlens_camila,es-double-three,six,40,3757
multilingual,rlens_camila,es-double-three,español,48,52423
multilingual,rlens_camila,es-double-three,double,48,76
multilingual,rlens_camila,es-double-three,three,48,62
multilingual,rlens_camila,es-double-three,six,48,342
multilingual,rlens_camila,es-double-three,español,56,45678
multilingual,rlens_camila,es-double-three,double,56,9
multilingual,rlens_camila,es-double-three,three,56,39
multilingual,rlens_camila,es-double-three,six,56,2
multilingual,jpp_released,es-double-three,español,8,561
multilingual,jpp_released,es-double-three,double,8,7316
multilingual,jpp_released,es-double-three,three,8,1760
multilingual,jpp_released,es-double-three,six,8,27523
multilingual,jpp_released,es-double-three,español,16,5340
multilingual,jpp_released,es-double-three,double,16,4315
multilingual,jpp_released,es-double-three,three,16,1744
multilingual,jpp_released,es-double-three,six,16,5778
multilingual,jpp_released,es-double-three,español,24,118
multilingual,jpp_released,es-double-three,double,24,2683
multilingual,jpp_released,es-double-three,three,24,6864
multilingual,jpp_released,es-double-three,six,24,5427
multilingual,jpp_released,es-double-three,español,32,239
multilingual,jpp_released,es-double-three,double,32,3081
multilingual,jpp_released,es-double-three,three,32,4098
multilingual,jpp_released,es-double-three,six,32,8992
multilingual,jpp_released,es-double-three,español,40,9870
multilingual,jpp_released,es-double-three,double,40,25
multilingual,jpp_released,es-double-three,three,40,706
multilingual,jpp_released,es-double-three,six,40,569
multilingual,jpp_released,es-double-three,español,48,30220
multilingual,jpp_released,es-double-three,double,48,21
multilingual,jpp_released,es-double-three,three,48,9
multilingual,jpp_released,es-double-three,six,48,38
multilingual,jpp_released,es-double-three,español,56,2683
multilingual,jpp_released,es-double-three,double,56,6
multilingual,jpp_released,es-double-three,three,56,25
multilingual,jpp_released,es-double-three,six,56,8
multilingual,logit,pt-half-six,português,8,177381
multilingual,logit,pt-half-six,half,8,8363
multilingual,logit,pt-half-six,six,8,46164
multilingual,logit,pt-half-six,three,8,4333
multilingual,logit,pt-half-six,português,16,153997
multilingual,logit,pt-half-six,half,16,34960
multilingual,logit,pt-half-six,six,16,25335
multilingual,logit,pt-half-six,three,16,9102
multilingual,logit,pt-half-six,português,24,50049
multilingual,logit,pt-half-six,half,24,14857
multilingual,logit,pt-half-six,six,24,35832
multilingual,logit,pt-half-six,three,24,35832
multilingual,logit,pt-half-six,português,32,120147
multilingual,logit,pt-half-six,half,32,17455
multilingual,logit,pt-half-six,six,32,42151
multilingual,logit,pt-half-six,three,32,31615
multilingual,logit,pt-half-six,português,40,54549
multilingual,logit,pt-half-six,half,40,4791
multilingual,logit,pt-half-six,six,40,15994
multilingual,logit,pt-half-six,three,40,14446
multilingual,logit,pt-half-six,português,48,85263
multilingual,logit,pt-half-six,half,48,35
multilingual,logit,pt-half-six,six,48,5223
multilingual,logit,pt-half-six,three,48,809
multilingual,logit,pt-half-six,português,56,45742
multilingual,logit,pt-half-six,half,56,5
multilingual,logit,pt-half-six,six,56,37
multilingual,logit,pt-half-six,three,56,1
multilingual,jlens_camila,pt-half-six,português,8,59193
multilingual,jlens_camila,pt-half-six,half,8,13709
multilingual,jlens_camila,pt-half-six,six,8,80741
multilingual,jlens_camila,pt-half-six,three,8,182071
multilingual,jlens_camila,pt-half-six,português,16,26515
multilingual,jlens_camila,pt-half-six,half,16,2152
multilingual,jlens_camila,pt-half-six,six,16,76845
multilingual,jlens_camila,pt-half-six,three,16,38454
multilingual,jlens_camila,pt-half-six,português,24,8449
multilingual,jlens_camila,pt-half-six,half,24,18298
multilingual,jlens_camila,pt-half-six,six,24,12940
multilingual,jlens_camila,pt-half-six,three,24,99090
multilingual,jlens_camila,pt-half-six,português,32,7489
multilingual,jlens_camila,pt-half-six,half,32,2082
multilingual,jlens_camila,pt-half-six,six,32,34676
multilingual,jlens_camila,pt-half-six,three,32,61348
multilingual,jlens_camila,pt-half-six,português,40,17911
multilingual,jlens_camila,pt-half-six,half,40,1024
multilingual,jlens_camila,pt-half-six,six,40,9558
multilingual,jlens_camila,pt-half-six,three,40,17581
multilingual,jlens_camila,pt-half-six,português,48,37416
multilingual,jlens_camila,pt-half-six,half,48,10
multilingual,jlens_camila,pt-half-six,six,48,270
multilingual,jlens_camila,pt-half-six,three,48,89
multilingual,jlens_camila,pt-half-six,português,56,59900
multilingual,jlens_camila,pt-half-six,half,56,2
multilingual,jlens_camila,pt-half-six,six,56,30
multilingual,jlens_camila,pt-half-six,three,56,1
multilingual,rlens_camila,pt-half-six,português,8,63191
multilingual,rlens_camila,pt-half-six,half,8,438
multilingual,rlens_camila,pt-half-six,six,8,144819
multilingual,rlens_camila,pt-half-six,three,8,63712
multilingual,rlens_camila,pt-half-six,português,16,48763
multilingual,rlens_camila,pt-half-six,half,16,562
multilingual,rlens_camila,pt-half-six,six,16,106448
multilingual,rlens_camila,pt-half-six,three,16,26985
multilingual,rlens_camila,pt-half-six,português,24,8327
multilingual,rlens_camila,pt-half-six,half,24,791
multilingual,rlens_camila,pt-half-six,six,24,35510
multilingual,rlens_camila,pt-half-six,three,24,47729
multilingual,rlens_camila,pt-half-six,português,32,17285
multilingual,rlens_camila,pt-half-six,half,32,794
multilingual,rlens_camila,pt-half-six,six,32,25486
multilingual,rlens_camila,pt-half-six,three,32,28899
multilingual,rlens_camila,pt-half-six,português,40,22844
multilingual,rlens_camila,pt-half-six,half,40,333
multilingual,rlens_camila,pt-half-six,six,40,4452
multilingual,rlens_camila,pt-half-six,three,40,5131
multilingual,rlens_camila,pt-half-six,português,48,74633
multilingual,rlens_camila,pt-half-six,half,48,2
multilingual,rlens_camila,pt-half-six,six,48,328
multilingual,rlens_camila,pt-half-six,three,48,37
multilingual,rlens_camila,pt-half-six,português,56,70243
multilingual,rlens_camila,pt-half-six,half,56,2
multilingual,rlens_camila,pt-half-six,six,56,18
multilingual,rlens_camila,pt-half-six,three,56,1
multilingual,jpp_released,pt-half-six,português,8,52611
multilingual,jpp_released,pt-half-six,half,8,7177
multilingual,jpp_released,pt-half-six,six,8,21841
multilingual,jpp_released,pt-half-six,three,8,768
multilingual,jpp_released,pt-half-six,português,16,3395
multilingual,jpp_released,pt-half-six,half,16,867
multilingual,jpp_released,pt-half-six,six,16,13067
multilingual,jpp_released,pt-half-six,three,16,2881
multilingual,jpp_released,pt-half-six,português,24,5204
multilingual,jpp_released,pt-half-six,half,24,323
multilingual,jpp_released,pt-half-six,six,24,3894
multilingual,jpp_released,pt-half-six,three,24,4922
multilingual,jpp_released,pt-half-six,português,32,1406
multilingual,jpp_released,pt-half-six,half,32,681
multilingual,jpp_released,pt-half-six,six,32,10997
multilingual,jpp_released,pt-half-six,three,32,8596
multilingual,jpp_released,pt-half-six,português,40,32197
multilingual,jpp_released,pt-half-six,half,40,171
multilingual,jpp_released,pt-half-six,six,40,751
multilingual,jpp_released,pt-half-six,three,40,905
multilingual,jpp_released,pt-half-six,português,48,44047
multilingual,jpp_released,pt-half-six,half,48,6
multilingual,jpp_released,pt-half-six,six,48,41
multilingual,jpp_released,pt-half-six,three,48,7
multilingual,jpp_released,pt-half-six,português,56,25111
multilingual,jpp_released,pt-half-six,half,56,29
multilingual,jpp_released,pt-half-six,six,56,10
multilingual,jpp_released,pt-half-six,three,56,1
multilingual,logit,fr-number-after-four,French,8,4660
multilingual,logit,fr-number-after-four,number,8,548
multilingual,logit,fr-number-after-four,four,8,20029
multilingual,logit,fr-number-after-four,five,8,23451
multilingual,logit,fr-number-after-four,French,16,13719
multilingual,logit,fr-number-after-four,number,16,1228
multilingual,logit,fr-number-after-four,four,16,34086
multilingual,logit,fr-number-after-four,five,16,33008
multilingual,logit,fr-number-after-four,French,24,616
multilingual,logit,fr-number-after-four,number,24,482
multilingual,logit,fr-number-after-four,four,24,79397
multilingual,logit,fr-number-after-four,five,24,20865
multilingual,logit,fr-number-after-four,French,32,1015
multilingual,logit,fr-number-after-four,number,32,868
multilingual,logit,fr-number-after-four,four,32,62752
multilingual,logit,fr-number-after-four,five,32,15672
multilingual,logit,fr-number-after-four,French,40,2145
multilingual,logit,fr-number-after-four,number,40,112
multilingual,logit,fr-number-after-four,four,40,14058
multilingual,logit,fr-number-after-four,five,40,5965
multilingual,logit,fr-number-after-four,French,48,16799
multilingual,logit,fr-number-after-four,number,48,32
multilingual,logit,fr-number-after-four,four,48,2893
multilingual,logit,fr-number-after-four,five,48,746
multilingual,logit,fr-number-after-four,French,56,5005
multilingual,logit,fr-number-after-four,number,56,191
multilingual,logit,fr-number-after-four,four,56,5
multilingual,logit,fr-number-after-four,five,56,1
multilingual,jlens_camila,fr-number-after-four,French,8,50
multilingual,jlens_camila,fr-number-after-four,number,8,16923
multilingual,jlens_camila,fr-number-after-four,four,8,91436
multilingual,jlens_camila,fr-number-after-four,five,8,112451
multilingual,jlens_camila,fr-number-after-four,French,16,81
multilingual,jlens_camila,fr-number-after-four,number,16,1356
multilingual,jlens_camila,fr-number-after-four,four,16,93897
multilingual,jlens_camila,fr-number-after-four,five,16,119197
multilingual,jlens_camila,fr-number-after-four,French,24,14
multilingual,jlens_camila,fr-number-after-four,number,24,258
multilingual,jlens_camila,fr-number-after-four,four,24,82594
multilingual,jlens_camila,fr-number-after-four,five,24,44963
multilingual,jlens_camila,fr-number-after-four,French,32,7
multilingual,jlens_camila,fr-number-after-four,number,32,119
multilingual,jlens_camila,fr-number-after-four,four,32,64561
multilingual,jlens_camila,fr-number-after-four,five,32,58997
multilingual,jlens_camila,fr-number-after-four,French,40,23
multilingual,jlens_camila,fr-number-after-four,number,40,12
multilingual,jlens_camila,fr-number-after-four,four,40,11239
multilingual,jlens_camila,fr-number-after-four,five,40,8990
multilingual,jlens_camila,fr-number-after-four,French,48,147
multilingual,jlens_camila,fr-number-after-four,number,48,3
multilingual,jlens_camila,fr-number-after-four,four,48,938
multilingual,jlens_camila,fr-number-after-four,five,48,312
multilingual,jlens_camila,fr-number-after-four,French,56,531
multilingual,jlens_camila,fr-number-after-four,number,56,58
multilingual,jlens_camila,fr-number-after-four,four,56,7
multilingual,jlens_camila,fr-number-after-four,five,56,1
multilingual,rlens_camila,fr-number-after-four,French,8,17
multilingual,rlens_camila,fr-number-after-four,number,8,2227
multilingual,rlens_camila,fr-number-after-four,four,8,74915
multilingual,rlens_camila,fr-number-after-four,five,8,128519
multilingual,rlens_camila,fr-number-after-four,French,16,103
multilingual,rlens_camila,fr-number-after-four,number,16,480
multilingual,rlens_camila,fr-number-after-four,four,16,69882
multilingual,rlens_camila,fr-number-after-four,five,16,57440
multilingual,rlens_camila,fr-number-after-four,French,24,2
multilingual,rlens_camila,fr-number-after-four,number,24,57
multilingual,rlens_camila,fr-number-after-four,four,24,64384
multilingual,rlens_camila,fr-number-after-four,five,24,24424
multilingual,rlens_camila,fr-number-after-four,French,32,6
multilingual,rlens_camila,fr-number-after-four,number,32,26
multilingual,rlens_camila,fr-number-after-four,four,32,62981
multilingual,rlens_camila,fr-number-after-four,five,32,46255
multilingual,rlens_camila,fr-number-after-four,French,40,12
multilingual,rlens_camila,fr-number-after-four,number,40,3
multilingual,rlens_camila,fr-number-after-four,four,40,11700
multilingual,rlens_camila,fr-number-after-four,five,40,6693
multilingual,rlens_camila,fr-number-after-four,French,48,111
multilingual,rlens_camila,fr-number-after-four,number,48,2
multilingual,rlens_camila,fr-number-after-four,four,48,995
multilingual,rlens_camila,fr-number-after-four,five,48,218
multilingual,rlens_camila,fr-number-after-four,French,56,519
multilingual,rlens_camila,fr-number-after-four,number,56,49
multilingual,rlens_camila,fr-number-after-four,four,56,6
multilingual,rlens_camila,fr-number-after-four,five,56,1
multilingual,jpp_released,fr-number-after-four,French,8,1
multilingual,jpp_released,fr-number-after-four,number,8,207
multilingual,jpp_released,fr-number-after-four,four,8,6345
multilingual,jpp_released,fr-number-after-four,five,8,4467
multilingual,jpp_released,fr-number-after-four,French,16,11
multilingual,jpp_released,fr-number-after-four,number,16,100
multilingual,jpp_released,fr-number-after-four,four,16,6614
multilingual,jpp_released,fr-number-after-four,five,16,8599
multilingual,jpp_released,fr-number-after-four,French,24,1
multilingual,jpp_released,fr-number-after-four,number,24,9
multilingual,jpp_released,fr-number-after-four,four,24,6965
multilingual,jpp_released,fr-number-after-four,five,24,1900
multilingual,jpp_released,fr-number-after-four,French,32,1
multilingual,jpp_released,fr-number-after-four,number,32,10
multilingual,jpp_released,fr-number-after-four,four,32,11211
multilingual,jpp_released,fr-number-after-four,five,32,4697
multilingual,jpp_released,fr-number-after-four,French,40,1
multilingual,jpp_released,fr-number-after-four,number,40,3
multilingual,jpp_released,fr-number-after-four,four,40,1374
multilingual,jpp_released,fr-number-after-four,five,40,680
multilingual,jpp_released,fr-number-after-four,French,48,7
multilingual,jpp_released,fr-number-after-four,number,48,1
multilingual,jpp_released,fr-number-after-four,four,48,72
multilingual,jpp_released,fr-number-after-four,five,48,35
multilingual,jpp_released,fr-number-after-four,French,56,81
multilingual,jpp_released,fr-number-after-four,number,56,3
multilingual,jpp_released,fr-number-after-four,four,56,5
multilingual,jpp_released,fr-number-after-four,five,56,2
multilingual,logit,de-number-after-three,German,8,4308
multilingual,logit,de-number-after-three,number,8,960
multilingual,logit,de-number-after-three,three,8,6277
multilingual,logit,de-number-after-three,four,8,28042
multilingual,logit,de-number-after-three,German,16,27622
multilingual,logit,de-number-after-three,number,16,2308
multilingual,logit,de-number-after-three,three,16,13506
multilingual,logit,de-number-after-three,four,16,31641
multilingual,logit,de-number-after-three,German,24,8014
multilingual,logit,de-number-after-three,number,24,765
multilingual,logit,de-number-after-three,three,24,43029
multilingual,logit,de-number-after-three,four,24,115476
multilingual,logit,de-number-after-three,German,32,4311
multilingual,logit,de-number-after-three,number,32,2148
multilingual,logit,de-number-after-three,three,32,89549
multilingual,logit,de-number-after-three,four,32,35071
multilingual,logit,de-number-after-three,German,40,6090
multilingual,logit,de-number-after-three,number,40,62
multilingual,logit,de-number-after-three,three,40,17112
multilingual,logit,de-number-after-three,four,40,12318
multilingual,logit,de-number-after-three,German,48,4553
multilingual,logit,de-number-after-three,number,48,35
multilingual,logit,de-number-after-three,three,48,18536
multilingual,logit,de-number-after-three,four,48,1212
multilingual,logit,de-number-after-three,German,56,6116
multilingual,logit,de-number-after-three,number,56,107
multilingual,logit,de-number-after-three,three,56,20
multilingual,logit,de-number-after-three,four,56,1
multilingual,jlens_camila,de-number-after-three,German,8,4994
multilingual,jlens_camila,de-number-after-three,number,8,11726
multilingual,jlens_camila,de-number-after-three,three,8,159016
multilingual,jlens_camila,de-number-after-three,four,8,91703
multilingual,jlens_camila,de-number-after-three,German,16,1935
multilingual,jlens_camila,de-number-after-three,number,16,2810
multilingual,jlens_camila,de-number-after-three,three,16,79134
multilingual,jlens_camila,de-number-after-three,four,16,96957
multilingual,jlens_camila,de-number-after-three,German,24,6
multilingual,jlens_camila,de-number-after-three,number,24,75
multilingual,jlens_camila,de-number-after-three,three,24,63792
multilingual,jlens_camila,de-number-after-three,four,24,51940
multilingual,jlens_camila,de-number-after-three,German,32,8
multilingual,jlens_camila,de-number-after-three,number,32,130
multilingual,jlens_camila,de-number-after-three,three,32,97675
multilingual,jlens_camila,de-number-after-three,four,32,41651
multilingual,jlens_camila,de-number-after-three,German,40,51
multilingual,jlens_camila,de-number-after-three,number,40,16
multilingual,jlens_camila,de-number-after-three,three,40,10969
multilingual,jlens_camila,de-number-after-three,four,40,2205
multilingual,jlens_camila,de-number-after-three,German,48,62
multilingual,jlens_camila,de-number-after-three,number,48,5
multilingual,jlens_camila,de-number-after-three,three,48,1912
multilingual,jlens_camila,de-number-after-three,four,48,176
multilingual,jlens_camila,de-number-after-three,German,56,813
multilingual,jlens_camila,de-number-after-three,number,56,42
multilingual,jlens_camila,de-number-after-three,three,56,6
multilingual,jlens_camila,de-number-after-three,four,56,1
multilingual,rlens_camila,de-number-after-three,German,8,3419
multilingual,rlens_camila,de-number-after-three,number,8,4689
multilingual,rlens_camila,de-number-after-three,three,8,46331
multilingual,rlens_camila,de-number-after-three,four,8,95484
multilingual,rlens_camila,de-number-after-three,German,16,1330
multilingual,rlens_camila,de-number-after-three,number,16,1239
multilingual,rlens_camila,de-number-after-three,three,16,34947
multilingual,rlens_camila,de-number-after-three,four,16,85702
multilingual,rlens_camila,de-number-after-three,German,24,2
multilingual,rlens_camila,de-number-after-three,number,24,21
multilingual,rlens_camila,de-number-after-three,three,24,21383
multilingual,rlens_camila,de-number-after-three,four,24,56399
multilingual,rlens_camila,de-number-after-three,German,32,23
multilingual,rlens_camila,de-number-after-three,number,32,58
multilingual,rlens_camila,de-number-after-three,three,32,83048
multilingual,rlens_camila,de-number-after-three,four,32,38735
multilingual,rlens_camila,de-number-after-three,German,40,70
multilingual,rlens_camila,de-number-after-three,number,40,5
multilingual,rlens_camila,de-number-after-three,three,40,6816
multilingual,rlens_camila,de-number-after-three,four,40,1848
multilingual,rlens_camila,de-number-after-three,German,48,56
multilingual,rlens_camila,de-number-after-three,number,48,2
multilingual,rlens_camila,de-number-after-three,three,48,1863
multilingual,rlens_camila,de-number-after-three,four,48,199
multilingual,rlens_camila,de-number-after-three,German,56,763
multilingual,rlens_camila,de-number-after-three,number,56,38
multilingual,rlens_camila,de-number-after-three,three,56,8
multilingual,rlens_camila,de-number-after-three,four,56,1
multilingual,jpp_released,de-number-after-three,German,8,58
multilingual,jpp_released,de-number-after-three,number,8,492
multilingual,jpp_released,de-number-after-three,three,8,745
multilingual,jpp_released,de-number-after-three,four,8,26852
multilingual,jpp_released,de-number-after-three,German,16,27
multilingual,jpp_released,de-number-after-three,number,16,284
multilingual,jpp_released,de-number-after-three,three,16,4226
multilingual,jpp_released,de-number-after-three,four,16,11670
multilingual,jpp_released,de-number-after-three,German,24,1
multilingual,jpp_released,de-number-after-three,number,24,11
multilingual,jpp_released,de-number-after-three,three,24,3822
multilingual,jpp_released,de-number-after-three,four,24,10168
multilingual,jpp_released,de-number-after-three,German,32,1
multilingual,jpp_released,de-number-after-three,number,32,17
multilingual,jpp_released,de-number-after-three,three,32,26069
multilingual,jpp_released,de-number-after-three,four,32,9761
multilingual,jpp_released,de-number-after-three,German,40,8
multilingual,jpp_released,de-number-after-three,number,40,2
multilingual,jpp_released,de-number-after-three,three,40,2149
multilingual,jpp_released,de-number-after-three,four,40,658
multilingual,jpp_released,de-number-after-three,German,48,5
multilingual,jpp_released,de-number-after-three,number,48,1
multilingual,jpp_released,de-number-after-three,three,48,284
multilingual,jpp_released,de-number-after-three,four,48,59
multilingual,jpp_released,de-number-after-three,German,56,22
multilingual,jpp_released,de-number-after-three,number,56,3
multilingual,jpp_released,de-number-after-three,three,56,2
multilingual,jpp_released,de-number-after-three,four,56,8
multilingual,logit,es-number-after-two,español,8,131285
multilingual,logit,es-number-after-two,number,8,143
multilingual,logit,es-number-after-two,two,8,756
multilingual,logit,es-number-after-two,three,8,2207
multilingual,logit,es-number-after-two,español,16,118879
multilingual,logit,es-number-after-two,number,16,1122
multilingual,logit,es-number-after-two,two,16,646
multilingual,logit,es-number-after-two,three,16,11468
multilingual,logit,es-number-after-two,español,24,30109
multilingual,logit,es-number-after-two,number,24,830
multilingual,logit,es-number-after-two,two,24,4579
multilingual,logit,es-number-after-two,three,24,32715
multilingual,logit,es-number-after-two,español,32,160116
multilingual,logit,es-number-after-two,number,32,2415
multilingual,logit,es-number-after-two,two,32,14171
multilingual,logit,es-number-after-two,three,32,47927
multilingual,logit,es-number-after-two,español,40,163890
multilingual,logit,es-number-after-two,number,40,84
multilingual,logit,es-number-after-two,two,40,2930
multilingual,logit,es-number-after-two,three,40,7383
multilingual,logit,es-number-after-two,español,48,170187
multilingual,logit,es-number-after-two,number,48,25
multilingual,logit,es-number-after-two,two,48,3096
multilingual,logit,es-number-after-two,three,48,5511
multilingual,logit,es-number-after-two,español,56,145229
multilingual,logit,es-number-after-two,number,56,92
multilingual,logit,es-number-after-two,two,56,19
multilingual,logit,es-number-after-two,three,56,2
multilingual,jlens_camila,es-number-after-two,español,8,24195
multilingual,jlens_camila,es-number-after-two,number,8,7052
multilingual,jlens_camila,es-number-after-two,two,8,36109
multilingual,jlens_camila,es-number-after-two,three,8,198699
multilingual,jlens_camila,es-number-after-two,español,16,13923
multilingual,jlens_camila,es-number-after-two,number,16,966
multilingual,jlens_camila,es-number-after-two,two,16,132275
multilingual,jlens_camila,es-number-after-two,three,16,120311
multilingual,jlens_camila,es-number-after-two,español,24,5948
multilingual,jlens_camila,es-number-after-two,number,24,65
multilingual,jlens_camila,es-number-after-two,two,24,22956
multilingual,jlens_camila,es-number-after-two,three,24,91410
multilingual,jlens_camila,es-number-after-two,español,32,7469
multilingual,jlens_camila,es-number-after-two,number,32,24
multilingual,jlens_camila,es-number-after-two,two,32,25177
multilingual,jlens_camila,es-number-after-two,three,32,88104
multilingual,jlens_camila,es-number-after-two,español,40,18673
multilingual,jlens_camila,es-number-after-two,number,40,12
multilingual,jlens_camila,es-number-after-two,two,40,5208
multilingual,jlens_camila,es-number-after-two,three,40,11360
multilingual,jlens_camila,es-number-after-two,español,48,40965
multilingual,jlens_camila,es-number-after-two,number,48,3
multilingual,jlens_camila,es-number-after-two,two,48,546
multilingual,jlens_camila,es-number-after-two,three,48,469
multilingual,jlens_camila,es-number-after-two,español,56,108605
multilingual,jlens_camila,es-number-after-two,number,56,41
multilingual,jlens_camila,es-number-after-two,two,56,15
multilingual,jlens_camila,es-number-after-two,three,56,1
multilingual,rlens_camila,es-number-after-two,español,8,27644
multilingual,rlens_camila,es-number-after-two,number,8,326
multilingual,rlens_camila,es-number-after-two,two,8,6176
multilingual,rlens_camila,es-number-after-two,three,8,37047
multilingual,rlens_camila,es-number-after-two,español,16,39166
multilingual,rlens_camila,es-number-after-two,number,16,302
multilingual,rlens_camila,es-number-after-two,two,16,2806
multilingual,rlens_camila,es-number-after-two,three,16,27567
multilingual,rlens_camila,es-number-after-two,español,24,9401
multilingual,rlens_camila,es-number-after-two,number,24,7
multilingual,rlens_camila,es-number-after-two,two,24,7139
multilingual,rlens_camila,es-number-after-two,three,24,24067
multilingual,rlens_camila,es-number-after-two,español,32,31053
multilingual,rlens_camila,es-number-after-two,number,32,5
multilingual,rlens_camila,es-number-after-two,two,32,12560
multilingual,rlens_camila,es-number-after-two,three,32,54640
multilingual,rlens_camila,es-number-after-two,español,40,63752
multilingual,rlens_camila,es-number-after-two,number,40,4
multilingual,rlens_camila,es-number-after-two,two,40,2589
multilingual,rlens_camila,es-number-after-two,three,40,6972
multilingual,rlens_camila,es-number-after-two,español,48,70578
multilingual,rlens_camila,es-number-after-two,number,48,2
multilingual,rlens_camila,es-number-after-two,two,48,226
multilingual,rlens_camila,es-number-after-two,three,48,226
multilingual,rlens_camila,es-number-after-two,español,56,93454
multilingual,rlens_camila,es-number-after-two,number,56,29
multilingual,rlens_camila,es-number-after-two,two,56,10
multilingual,rlens_camila,es-number-after-two,three,56,1
multilingual,jpp_released,es-number-after-two,español,8,886
multilingual,jpp_released,es-number-after-two,number,8,7
multilingual,jpp_released,es-number-after-two,two,8,826
multilingual,jpp_released,es-number-after-two,three,8,760
multilingual,jpp_released,es-number-after-two,español,16,5121
multilingual,jpp_released,es-number-after-two,number,16,17
multilingual,jpp_released,es-number-after-two,two,16,1772
multilingual,jpp_released,es-number-after-two,three,16,3530
multilingual,jpp_released,es-number-after-two,español,24,2207
multilingual,jpp_released,es-number-after-two,number,24,2
multilingual,jpp_released,es-number-after-two,two,24,241
multilingual,jpp_released,es-number-after-two,three,24,1122
multilingual,jpp_released,es-number-after-two,español,32,5444
multilingual,jpp_released,es-number-after-two,number,32,1
multilingual,jpp_released,es-number-after-two,two,32,1224
multilingual,jpp_released,es-number-after-two,three,32,4853
multilingual,jpp_released,es-number-after-two,español,40,46813
multilingual,jpp_released,es-number-after-two,number,40,2
multilingual,jpp_released,es-number-after-two,two,40,261
multilingual,jpp_released,es-number-after-two,three,40,781
multilingual,jpp_released,es-number-after-two,español,48,30733
multilingual,jpp_released,es-number-after-two,number,48,1
multilingual,jpp_released,es-number-after-two,two,48,70
multilingual,jpp_released,es-number-after-two,three,48,44
multilingual,jpp_released,es-number-after-two,español,56,8953
multilingual,jpp_released,es-number-after-two,number,56,6
multilingual,jpp_released,es-number-after-two,two,56,26
multilingual,jpp_released,es-number-after-two,three,56,3
multilingual,logit,pt-number-after-five,português,8,168869
multilingual,logit,pt-number-after-five,number,8,155
multilingual,logit,pt-number-after-five,five,8,18075
multilingual,logit,pt-number-after-five,six,8,65440
multilingual,logit,pt-number-after-five,português,16,153877
multilingual,logit,pt-number-after-five,number,16,1456
multilingual,logit,pt-number-after-five,five,16,29582
multilingual,logit,pt-number-after-five,six,16,52691
multilingual,logit,pt-number-after-five,português,24,102969
multilingual,logit,pt-number-after-five,number,24,722
multilingual,logit,pt-number-after-five,five,24,30890
multilingual,logit,pt-number-after-five,six,24,48964
multilingual,logit,pt-number-after-five,português,32,158820
multilingual,logit,pt-number-after-five,number,32,2462
multilingual,logit,pt-number-after-five,five,32,9915
multilingual,logit,pt-number-after-five,six,32,33127
multilingual,logit,pt-number-after-five,português,40,118541
multilingual,logit,pt-number-after-five,number,40,150
multilingual,logit,pt-number-after-five,five,40,3323
multilingual,logit,pt-number-after-five,six,40,8703
multilingual,logit,pt-number-after-five,português,48,160566
multilingual,logit,pt-number-after-five,number,48,42
multilingual,logit,pt-number-after-five,five,48,483
multilingual,logit,pt-number-after-five,six,48,3561
multilingual,logit,pt-number-after-five,português,56,117303
multilingual,logit,pt-number-after-five,number,56,121
multilingual,logit,pt-number-after-five,five,56,17
multilingual,logit,pt-number-after-five,six,56,2
multilingual,jlens_camila,pt-number-after-five,português,8,96092
multilingual,jlens_camila,pt-number-after-five,number,8,8939
multilingual,jlens_camila,pt-number-after-five,five,8,77640
multilingual,jlens_camila,pt-number-after-five,six,8,76921
multilingual,jlens_camila,pt-number-after-five,português,16,39806
multilingual,jlens_camila,pt-number-after-five,number,16,3019
multilingual,jlens_camila,pt-number-after-five,five,16,119865
multilingual,jlens_camila,pt-number-after-five,six,16,121131
multilingual,jlens_camila,pt-number-after-five,português,24,12402
multilingual,jlens_camila,pt-number-after-five,number,24,235
multilingual,jlens_camila,pt-number-after-five,five,24,32162
multilingual,jlens_camila,pt-number-after-five,six,24,20484
multilingual,jlens_camila,pt-number-after-five,português,32,13394
multilingual,jlens_camila,pt-number-after-five,number,32,79
multilingual,jlens_camila,pt-number-after-five,five,32,35622
multilingual,jlens_camila,pt-number-after-five,six,32,33781
multilingual,jlens_camila,pt-number-after-five,português,40,18457
multilingual,jlens_camila,pt-number-after-five,number,40,25
multilingual,jlens_camila,pt-number-after-five,five,40,4665
multilingual,jlens_camila,pt-number-after-five,six,40,6786
multilingual,jlens_camila,pt-number-after-five,português,48,38853
multilingual,jlens_camila,pt-number-after-five,number,48,3
multilingual,jlens_camila,pt-number-after-five,five,48,255
multilingual,jlens_camila,pt-number-after-five,six,48,1124
multilingual,jlens_camila,pt-number-after-five,português,56,51883
multilingual,jlens_camila,pt-number-after-five,number,56,38
multilingual,jlens_camila,pt-number-after-five,five,56,7
multilingual,jlens_camila,pt-number-after-five,six,56,1
multilingual,rlens_camila,pt-number-after-five,português,8,77331
multilingual,rlens_camila,pt-number-after-five,number,8,1620
multilingual,rlens_camila,pt-number-after-five,five,8,126613
multilingual,rlens_camila,pt-number-after-five,six,8,91958
multilingual,rlens_camila,pt-number-after-five,português,16,50534
multilingual,rlens_camila,pt-number-after-five,number,16,1204
multilingual,rlens_camila,pt-number-after-five,five,16,89889
multilingual,rlens_camila,pt-number-after-five,six,16,119174
multilingual,rlens_camila,pt-number-after-five,português,24,11176
multilingual,rlens_camila,pt-number-after-five,number,24,24
multilingual,rlens_camila,pt-number-after-five,five,24,20490
multilingual,rlens_camila,pt-number-after-five,six,24,22699
multilingual,rlens_camila,pt-number-after-five,português,32,21180
multilingual,rlens_camila,pt-number-after-five,number,32,9
multilingual,rlens_camila,pt-number-after-five,five,32,29698
multilingual,rlens_camila,pt-number-after-five,six,32,21635
multilingual,rlens_camila,pt-number-after-five,português,40,32606
multilingual,rlens_camila,pt-number-after-five,number,40,5
multilingual,rlens_camila,pt-number-after-five,five,40,2904
multilingual,rlens_camila,pt-number-after-five,six,40,3528
multilingual,rlens_camila,pt-number-after-five,português,48,71470
multilingual,rlens_camila,pt-number-after-five,number,48,2
multilingual,rlens_camila,pt-number-after-five,five,48,155
multilingual,rlens_camila,pt-number-after-five,six,48,754
multilingual,rlens_camila,pt-number-after-five,português,56,54300
multilingual,rlens_camila,pt-number-after-five,number,56,39
multilingual,rlens_camila,pt-number-after-five,five,56,11
multilingual,rlens_camila,pt-number-after-five,six,56,1
multilingual,jpp_released,pt-number-after-five,português,8,20754
multilingual,jpp_released,pt-number-after-five,number,8,41
multilingual,jpp_released,pt-number-after-five,five,8,10644
multilingual,jpp_released,pt-number-after-five,six,8,28302
multilingual,jpp_released,pt-number-after-five,português,16,3813
multilingual,jpp_released,pt-number-after-five,number,16,64
multilingual,jpp_released,pt-number-after-five,five,16,8101
multilingual,jpp_released,pt-number-after-five,six,16,6472
multilingual,jpp_released,pt-number-after-five,português,24,11062
multilingual,jpp_released,pt-number-after-five,number,24,2
multilingual,jpp_released,pt-number-after-five,five,24,1057
multilingual,jpp_released,pt-number-after-five,six,24,2043
multilingual,jpp_released,pt-number-after-five,português,32,1817
multilingual,jpp_released,pt-number-after-five,number,32,3
multilingual,jpp_released,pt-number-after-five,five,32,3457
multilingual,jpp_released,pt-number-after-five,six,32,3585
multilingual,jpp_released,pt-number-after-five,português,40,24983
multilingual,jpp_released,pt-number-after-five,number,40,2
multilingual,jpp_released,pt-number-after-five,five,40,240
multilingual,jpp_released,pt-number-after-five,six,40,202
multilingual,jpp_released,pt-number-after-five,português,48,14313
multilingual,jpp_released,pt-number-after-five,number,48,2
multilingual,jpp_released,pt-number-after-five,five,48,31
multilingual,jpp_released,pt-number-after-five,six,48,75
multilingual,jpp_released,pt-number-after-five,português,56,4715
multilingual,jpp_released,pt-number-after-five,number,56,4
multilingual,jpp_released,pt-number-after-five,five,56,11
multilingual,jpp_released,pt-number-after-five,six,56,3
multilingual,logit,es-color-night,español,8,118135
multilingual,logit,es-color-night,color,8,657
multilingual,logit,es-color-night,night,8,44491
multilingual,logit,es-color-night,black,8,4245
multilingual,logit,es-color-night,español,16,116593
multilingual,logit,es-color-night,color,16,1366
multilingual,logit,es-color-night,night,16,35490
multilingual,logit,es-color-night,black,16,8592
multilingual,logit,es-color-night,español,24,18272
multilingual,logit,es-color-night,color,24,3187
multilingual,logit,es-color-night,night,24,40348
multilingual,logit,es-color-night,black,24,615
multilingual,logit,es-color-night,español,32,38214
multilingual,logit,es-color-night,color,32,1141
multilingual,logit,es-color-night,night,32,74304
multilingual,logit,es-color-night,black,32,136
multilingual,logit,es-color-night,español,40,63964
multilingual,logit,es-color-night,color,40,34
multilingual,logit,es-color-night,night,40,15278
multilingual,logit,es-color-night,black,40,78
multilingual,logit,es-color-night,español,48,169700
multilingual,logit,es-color-night,color,48,158
multilingual,logit,es-color-night,night,48,9269
multilingual,logit,es-color-night,black,48,1036
multilingual,logit,es-color-night,español,56,78668
multilingual,logit,es-color-night,color,56,33
multilingual,logit,es-color-night,night,56,29
multilingual,logit,es-color-night,black,56,1
multilingual,jlens_camila,es-color-night,español,8,42321
multilingual,jlens_camila,es-color-night,color,8,128
multilingual,jlens_camila,es-color-night,night,8,80284
multilingual,jlens_camila,es-color-night,black,8,59868
multilingual,jlens_camila,es-color-night,español,16,13319
multilingual,jlens_camila,es-color-night,color,16,1577
multilingual,jlens_camila,es-color-night,night,16,48402
multilingual,jlens_camila,es-color-night,black,16,23086
multilingual,jlens_camila,es-color-night,español,24,91
multilingual,jlens_camila,es-color-night,color,24,248
multilingual,jlens_camila,es-color-night,night,24,18763
multilingual,jlens_camila,es-color-night,black,24,6877
multilingual,jlens_camila,es-color-night,español,32,59
multilingual,jlens_camila,es-color-night,color,32,21
multilingual,jlens_camila,es-color-night,night,32,2698
multilingual,jlens_camila,es-color-night,black,32,293
multilingual,jlens_camila,es-color-night,español,40,480
multilingual,jlens_camila,es-color-night,color,40,1
multilingual,jlens_camila,es-color-night,night,40,49
multilingual,jlens_camila,es-color-night,black,40,21
multilingual,jlens_camila,es-color-night,español,48,15893
multilingual,jlens_camila,es-color-night,color,48,1
multilingual,jlens_camila,es-color-night,night,48,21
multilingual,jlens_camila,es-color-night,black,48,8
multilingual,jlens_camila,es-color-night,español,56,47896
multilingual,jlens_camila,es-color-night,color,56,17
multilingual,jlens_camila,es-color-night,night,56,23
multilingual,jlens_camila,es-color-night,black,56,1
multilingual,rlens_camila,es-color-night,español,8,34474
multilingual,rlens_camila,es-color-night,color,8,33
multilingual,rlens_camila,es-color-night,night,8,6093
multilingual,rlens_camila,es-color-night,black,8,10859
multilingual,rlens_camila,es-color-night,español,16,41378
multilingual,rlens_camila,es-color-night,color,16,237
multilingual,rlens_camila,es-color-night,night,16,7241
multilingual,rlens_camila,es-color-night,black,16,3005
multilingual,rlens_camila,es-color-night,español,24,62
multilingual,rlens_camila,es-color-night,color,24,12
multilingual,rlens_camila,es-color-night,night,24,2835
multilingual,rlens_camila,es-color-night,black,24,838
multilingual,rlens_camila,es-color-night,español,32,138
multilingual,rlens_camila,es-color-night,color,32,8
multilingual,rlens_camila,es-color-night,night,32,3476
multilingual,rlens_camila,es-color-night,black,32,111
multilingual,rlens_camila,es-color-night,español,40,2151
multilingual,rlens_camila,es-color-night,color,40,1
multilingual,rlens_camila,es-color-night,night,40,49
multilingual,rlens_camila,es-color-night,black,40,9
multilingual,rlens_camila,es-color-night,español,48,41353
multilingual,rlens_camila,es-color-night,color,48,1
multilingual,rlens_camila,es-color-night,night,48,42
multilingual,rlens_camila,es-color-night,black,48,4
multilingual,rlens_camila,es-color-night,español,56,54183
multilingual,rlens_camila,es-color-night,color,56,15
multilingual,rlens_camila,es-color-night,night,56,22
multilingual,rlens_camila,es-color-night,black,56,1
multilingual,jpp_released,es-color-night,español,8,437
multilingual,jpp_released,es-color-night,color,8,3
multilingual,jpp_released,es-color-night,night,8,15769
multilingual,jpp_released,es-color-night,black,8,12770
multilingual,jpp_released,es-color-night,español,16,8253
multilingual,jpp_released,es-color-night,color,16,111
multilingual,jpp_released,es-color-night,night,16,12061
multilingual,jpp_released,es-color-night,black,16,1075
multilingual,jpp_released,es-color-night,español,24,24
multilingual,jpp_released,es-color-night,color,24,16
multilingual,jpp_released,es-color-night,night,24,73
multilingual,jpp_released,es-color-night,black,24,136
multilingual,jpp_released,es-color-night,español,32,69
multilingual,jpp_released,es-color-night,color,32,107
multilingual,jpp_released,es-color-night,night,32,763
multilingual,jpp_released,es-color-night,black,32,298
multilingual,jpp_released,es-color-night,español,40,2855
multilingual,jpp_released,es-color-night,color,40,1
multilingual,jpp_released,es-color-night,night,40,8
multilingual,jpp_released,es-color-night,black,40,4
multilingual,jpp_released,es-color-night,español,48,16730
multilingual,jpp_released,es-color-night,color,48,1
multilingual,jpp_released,es-color-night,night,48,5
multilingual,jpp_released,es-color-night,black,48,2
multilingual,jpp_released,es-color-night,español,56,3999
multilingual,jpp_released,es-color-night,color,56,5
multilingual,jpp_released,es-color-night,night,56,16
multilingual,jpp_released,es-color-night,black,56,1
multilingual,logit,fr-time-after-night,French,8,2482
multilingual,logit,fr-time-after-night,time,8,182
multilingual,logit,fr-time-after-night,night,8,15669
multilingual,logit,fr-time-after-night,day,8,5505
multilingual,logit,fr-time-after-night,French,16,20262
multilingual,logit,fr-time-after-night,time,16,615
multilingual,logit,fr-time-after-night,night,16,10625
multilingual,logit,fr-time-after-night,day,16,5753
multilingual,logit,fr-time-after-night,French,24,1301
multilingual,logit,fr-time-after-night,time,24,817
multilingual,logit,fr-time-after-night,night,24,3531
multilingual,logit,fr-time-after-night,day,24,363
multilingual,logit,fr-time-after-night,French,32,10175
multilingual,logit,fr-time-after-night,time,32,769
multilingual,logit,fr-time-after-night,night,32,4739
multilingual,logit,fr-time-after-night,day,32,392
multilingual,logit,fr-time-after-night,French,40,13312
multilingual,logit,fr-time-after-night,time,40,4603
multilingual,logit,fr-time-after-night,night,40,1470
multilingual,logit,fr-time-after-night,day,40,67
multilingual,logit,fr-time-after-night,French,48,22394
multilingual,logit,fr-time-after-night,time,48,1985
multilingual,logit,fr-time-after-night,night,48,4663
multilingual,logit,fr-time-after-night,day,48,306
multilingual,logit,fr-time-after-night,French,56,68692
multilingual,logit,fr-time-after-night,time,56,2726
multilingual,logit,fr-time-after-night,night,56,17
multilingual,logit,fr-time-after-night,day,56,12
multilingual,jlens_camila,fr-time-after-night,French,8,70
multilingual,jlens_camila,fr-time-after-night,time,8,40680
multilingual,jlens_camila,fr-time-after-night,night,8,52303
multilingual,jlens_camila,fr-time-after-night,day,8,82643
multilingual,jlens_camila,fr-time-after-night,French,16,10
multilingual,jlens_camila,fr-time-after-night,time,16,26451
multilingual,jlens_camila,fr-time-after-night,night,16,22155
multilingual,jlens_camila,fr-time-after-night,day,16,24101
multilingual,jlens_camila,fr-time-after-night,French,24,4
multilingual,jlens_camila,fr-time-after-night,time,24,8123
multilingual,jlens_camila,fr-time-after-night,night,24,1828
multilingual,jlens_camila,fr-time-after-night,day,24,5127
multilingual,jlens_camila,fr-time-after-night,French,32,8
multilingual,jlens_camila,fr-time-after-night,time,32,705
multilingual,jlens_camila,fr-time-after-night,night,32,29
multilingual,jlens_camila,fr-time-after-night,day,32,119
multilingual,jlens_camila,fr-time-after-night,French,40,1442
multilingual,jlens_camila,fr-time-after-night,time,40,309
multilingual,jlens_camila,fr-time-after-night,night,40,14
multilingual,jlens_camila,fr-time-after-night,day,40,20
multilingual,jlens_camila,fr-time-after-night,French,48,1307
multilingual,jlens_camila,fr-time-after-night,time,48,196
multilingual,jlens_camila,fr-time-after-night,night,48,9
multilingual,jlens_camila,fr-time-after-night,day,48,6
multilingual,jlens_camila,fr-time-after-night,French,56,8090
multilingual,jlens_camila,fr-time-after-night,time,56,361
multilingual,jlens_camila,fr-time-after-night,night,56,8
multilingual,jlens_camila,fr-time-after-night,day,56,10
multilingual,rlens_camila,fr-time-after-night,French,8,45
multilingual,rlens_camila,fr-time-after-night,time,8,5266
multilingual,rlens_camila,fr-time-after-night,night,8,2951
multilingual,rlens_camila,fr-time-after-night,day,8,18194
multilingual,rlens_camila,fr-time-after-night,French,16,44
multilingual,rlens_camila,fr-time-after-night,time,16,914
multilingual,rlens_camila,fr-time-after-night,night,16,1152
multilingual,rlens_camila,fr-time-after-night,day,16,2313
multilingual,rlens_camila,fr-time-after-night,French,24,13
multilingual,rlens_camila,fr-time-after-night,time,24,278
multilingual,rlens_camila,fr-time-after-night,night,24,80
multilingual,rlens_camila,fr-time-after-night,day,24,80
multilingual,rlens_camila,fr-time-after-night,French,32,114
multilingual,rlens_camila,fr-time-after-night,time,32,449
multilingual,rlens_camila,fr-time-after-night,night,32,95
multilingual,rlens_camila,fr-time-after-night,day,32,30
multilingual,rlens_camila,fr-time-after-night,French,40,1602
multilingual,rlens_camila,fr-time-after-night,time,40,214
multilingual,rlens_camila,fr-time-after-night,night,40,16
multilingual,rlens_camila,fr-time-after-night,day,40,12
multilingual,rlens_camila,fr-time-after-night,French,48,1577
multilingual,rlens_camila,fr-time-after-night,time,48,196
multilingual,rlens_camila,fr-time-after-night,night,48,14
multilingual,rlens_camila,fr-time-after-night,day,48,6
multilingual,rlens_camila,fr-time-after-night,French,56,5043
multilingual,rlens_camila,fr-time-after-night,time,56,261
multilingual,rlens_camila,fr-time-after-night,night,56,11
multilingual,rlens_camila,fr-time-after-night,day,56,4
multilingual,jpp_released,fr-time-after-night,French,8,2
multilingual,jpp_released,fr-time-after-night,time,8,29050
multilingual,jpp_released,fr-time-after-night,night,8,4436
multilingual,jpp_released,fr-time-after-night,day,8,29050
multilingual,jpp_released,fr-time-after-night,French,16,3
multilingual,jpp_released,fr-time-after-night,time,16,2375
multilingual,jpp_released,fr-time-after-night,night,16,1401
multilingual,jpp_released,fr-time-after-night,day,16,3376
multilingual,jpp_released,fr-time-after-night,French,24,2
multilingual,jpp_released,fr-time-after-night,time,24,86
multilingual,jpp_released,fr-time-after-night,night,24,1
multilingual,jpp_released,fr-time-after-night,day,24,7
multilingual,jpp_released,fr-time-after-night,French,32,2
multilingual,jpp_released,fr-time-after-night,time,32,1144
multilingual,jpp_released,fr-time-after-night,night,32,16
multilingual,jpp_released,fr-time-after-night,day,32,15
multilingual,jpp_released,fr-time-after-night,French,40,126
multilingual,jpp_released,fr-time-after-night,time,40,62
multilingual,jpp_released,fr-time-after-night,night,40,4
multilingual,jpp_released,fr-time-after-night,day,40,7
multilingual,jpp_released,fr-time-after-night,French,48,70
multilingual,jpp_released,fr-time-after-night,time,48,52
multilingual,jpp_released,fr-time-after-night,night,48,4
multilingual,jpp_released,fr-time-after-night,day,48,5
multilingual,jpp_released,fr-time-after-night,French,56,684
multilingual,jpp_released,fr-time-after-night,time,56,103
multilingual,jpp_released,fr-time-after-night,night,56,6
multilingual,jpp_released,fr-time-after-night,day,56,5
multilingual,logit,de-time-after-night,German,8,4675
multilingual,logit,de-time-after-night,time,8,514
multilingual,logit,de-time-after-night,night,8,12274
multilingual,logit,de-time-after-night,day,8,8615
multilingual,logit,de-time-after-night,German,16,49783
multilingual,logit,de-time-after-night,time,16,957
multilingual,logit,de-time-after-night,night,16,5699
multilingual,logit,de-time-after-night,day,16,8711
multilingual,logit,de-time-after-night,German,24,2015
multilingual,logit,de-time-after-night,time,24,5370
multilingual,logit,de-time-after-night,night,24,2296
multilingual,logit,de-time-after-night,day,24,1372
multilingual,logit,de-time-after-night,German,32,1630
multilingual,logit,de-time-after-night,time,32,4813
multilingual,logit,de-time-after-night,night,32,4640
multilingual,logit,de-time-after-night,day,32,870
multilingual,logit,de-time-after-night,German,40,39094
multilingual,logit,de-time-after-night,time,40,13475
multilingual,logit,de-time-after-night,night,40,7251
multilingual,logit,de-time-after-night,day,40,5
multilingual,logit,de-time-after-night,German,48,64910
multilingual,logit,de-time-after-night,time,48,3470
multilingual,logit,de-time-after-night,night,48,6786
multilingual,logit,de-time-after-night,day,48,130
multilingual,logit,de-time-after-night,German,56,109349
multilingual,logit,de-time-after-night,time,56,3472
multilingual,logit,de-time-after-night,night,56,110
multilingual,logit,de-time-after-night,day,56,2
multilingual,jlens_camila,de-time-after-night,German,8,2229
multilingual,jlens_camila,de-time-after-night,time,8,43836
multilingual,jlens_camila,de-time-after-night,night,8,83331
multilingual,jlens_camila,de-time-after-night,day,8,102100
multilingual,jlens_camila,de-time-after-night,German,16,662
multilingual,jlens_camila,de-time-after-night,time,16,60055
multilingual,jlens_camila,de-time-after-night,night,16,14720
multilingual,jlens_camila,de-time-after-night,day,16,46890
multilingual,jlens_camila,de-time-after-night,German,24,145
multilingual,jlens_camila,de-time-after-night,time,24,23841
multilingual,jlens_camila,de-time-after-night,night,24,293
multilingual,jlens_camila,de-time-after-night,day,24,10622
multilingual,jlens_camila,de-time-after-night,German,32,7
multilingual,jlens_camila,de-time-after-night,time,32,2045
multilingual,jlens_camila,de-time-after-night,night,32,8
multilingual,jlens_camila,de-time-after-night,day,32,164
multilingual,jlens_camila,de-time-after-night,German,40,1186
multilingual,jlens_camila,de-time-after-night,time,40,352
multilingual,jlens_camila,de-time-after-night,night,40,15
multilingual,jlens_camila,de-time-after-night,day,40,8
multilingual,jlens_camila,de-time-after-night,German,48,879
multilingual,jlens_camila,de-time-after-night,time,48,157
multilingual,jlens_camila,de-time-after-night,night,48,11
multilingual,jlens_camila,de-time-after-night,day,48,5
multilingual,jlens_camila,de-time-after-night,German,56,17015
multilingual,jlens_camila,de-time-after-night,time,56,2372
multilingual,jlens_camila,de-time-after-night,night,56,15
multilingual,jlens_camila,de-time-after-night,day,56,2
multilingual,rlens_camila,de-time-after-night,German,8,359
multilingual,rlens_camila,de-time-after-night,time,8,21368
multilingual,rlens_camila,de-time-after-night,night,8,1374
multilingual,rlens_camila,de-time-after-night,day,8,38390
multilingual,rlens_camila,de-time-after-night,German,16,1209
multilingual,rlens_camila,de-time-after-night,time,16,2533
multilingual,rlens_camila,de-time-after-night,night,16,544
multilingual,rlens_camila,de-time-after-night,day,16,4355
multilingual,rlens_camila,de-time-after-night,German,24,44
multilingual,rlens_camila,de-time-after-night,time,24,1249
multilingual,rlens_camila,de-time-after-night,night,24,18
multilingual,rlens_camila,de-time-after-night,day,24,204
multilingual,rlens_camila,de-time-after-night,German,32,26
multilingual,rlens_camila,de-time-after-night,time,32,1008
multilingual,rlens_camila,de-time-after-night,night,32,16
multilingual,rlens_camila,de-time-after-night,day,32,59
multilingual,rlens_camila,de-time-after-night,German,40,1698
multilingual,rlens_camila,de-time-after-night,time,40,271
multilingual,rlens_camila,de-time-after-night,night,40,20
multilingual,rlens_camila,de-time-after-night,day,40,4
multilingual,rlens_camila,de-time-after-night,German,48,1092
multilingual,rlens_camila,de-time-after-night,time,48,172
multilingual,rlens_camila,de-time-after-night,night,48,22
multilingual,rlens_camila,de-time-after-night,day,48,3
multilingual,rlens_camila,de-time-after-night,German,56,11695
multilingual,rlens_camila,de-time-after-night,time,56,1423
multilingual,rlens_camila,de-time-after-night,night,56,21
multilingual,rlens_camila,de-time-after-night,day,56,1
multilingual,jpp_released,de-time-after-night,German,8,2
multilingual,jpp_released,de-time-after-night,time,8,130114
multilingual,jpp_released,de-time-after-night,night,8,2798
multilingual,jpp_released,de-time-after-night,day,8,51066
multilingual,jpp_released,de-time-after-night,German,16,30
multilingual,jpp_released,de-time-after-night,time,16,4779
multilingual,jpp_released,de-time-after-night,night,16,725
multilingual,jpp_released,de-time-after-night,day,16,7325
multilingual,jpp_released,de-time-after-night,German,24,5
multilingual,jpp_released,de-time-after-night,time,24,503
multilingual,jpp_released,de-time-after-night,night,24,1
multilingual,jpp_released,de-time-after-night,day,24,14
multilingual,jpp_released,de-time-after-night,German,32,2
multilingual,jpp_released,de-time-after-night,time,32,1689
multilingual,jpp_released,de-time-after-night,night,32,3
multilingual,jpp_released,de-time-after-night,day,32,15
multilingual,jpp_released,de-time-after-night,German,40,542
multilingual,jpp_released,de-time-after-night,time,40,67
multilingual,jpp_released,de-time-after-night,night,40,3
multilingual,jpp_released,de-time-after-night,day,40,2
multilingual,jpp_released,de-time-after-night,German,48,119
multilingual,jpp_released,de-time-after-night,time,48,73
multilingual,jpp_released,de-time-after-night,night,48,4
multilingual,jpp_released,de-time-after-night,day,48,1
multilingual,jpp_released,de-time-after-night,German,56,138
multilingual,jpp_released,de-time-after-night,time,56,795
multilingual,jpp_released,de-time-after-night,night,56,8
multilingual,jpp_released,de-time-after-night,day,56,1
multilingual,logit,pt-time-after-night,português,8,159953
multilingual,logit,pt-time-after-night,time,8,678
multilingual,logit,pt-time-after-night,night,8,9939
multilingual,logit,pt-time-after-night,day,8,19095
multilingual,logit,pt-time-after-night,português,16,141952
multilingual,logit,pt-time-after-night,time,16,1980
multilingual,logit,pt-time-after-night,night,16,16230
multilingual,logit,pt-time-after-night,day,16,18727
multilingual,logit,pt-time-after-night,português,24,31241
multilingual,logit,pt-time-after-night,time,24,6205
multilingual,logit,pt-time-after-night,night,24,23075
multilingual,logit,pt-time-after-night,day,24,2099
multilingual,logit,pt-time-after-night,português,32,78415
multilingual,logit,pt-time-after-night,time,32,2558
multilingual,logit,pt-time-after-night,night,32,12471
multilingual,logit,pt-time-after-night,day,32,7668
multilingual,logit,pt-time-after-night,português,40,70613
multilingual,logit,pt-time-after-night,time,40,6141
multilingual,logit,pt-time-after-night,night,40,296
multilingual,logit,pt-time-after-night,day,40,567
multilingual,logit,pt-time-after-night,português,48,25003
multilingual,logit,pt-time-after-night,time,48,2427
multilingual,logit,pt-time-after-night,night,48,383
multilingual,logit,pt-time-after-night,day,48,1822
multilingual,logit,pt-time-after-night,português,56,52561
multilingual,logit,pt-time-after-night,time,56,2565
multilingual,logit,pt-time-after-night,night,56,17
multilingual,logit,pt-time-after-night,day,56,23
multilingual,jlens_camila,pt-time-after-night,português,8,38392
multilingual,jlens_camila,pt-time-after-night,time,8,36863
multilingual,jlens_camila,pt-time-after-night,night,8,61543
multilingual,jlens_camila,pt-time-after-night,day,8,74411
multilingual,jlens_camila,pt-time-after-night,português,16,17513
multilingual,jlens_camila,pt-time-after-night,time,16,40617
multilingual,jlens_camila,pt-time-after-night,night,16,12875
multilingual,jlens_camila,pt-time-after-night,day,16,36609
multilingual,jlens_camila,pt-time-after-night,português,24,1995
multilingual,jlens_camila,pt-time-after-night,time,24,12994
multilingual,jlens_camila,pt-time-after-night,night,24,3590
multilingual,jlens_camila,pt-time-after-night,day,24,12576
multilingual,jlens_camila,pt-time-after-night,português,32,1394
multilingual,jlens_camila,pt-time-after-night,time,32,734
multilingual,jlens_camila,pt-time-after-night,night,32,11
multilingual,jlens_camila,pt-time-after-night,day,32,579
multilingual,jlens_camila,pt-time-after-night,português,40,2564
multilingual,jlens_camila,pt-time-after-night,time,40,281
multilingual,jlens_camila,pt-time-after-night,night,40,1
multilingual,jlens_camila,pt-time-after-night,day,40,39
multilingual,jlens_camila,pt-time-after-night,português,48,6490
multilingual,jlens_camila,pt-time-after-night,time,48,120
multilingual,jlens_camila,pt-time-after-night,night,48,1
multilingual,jlens_camila,pt-time-after-night,day,48,19
multilingual,jlens_camila,pt-time-after-night,português,56,25152
multilingual,jlens_camila,pt-time-after-night,time,56,635
multilingual,jlens_camila,pt-time-after-night,night,56,7
multilingual,jlens_camila,pt-time-after-night,day,56,15
multilingual,rlens_camila,pt-time-after-night,português,8,28073
multilingual,rlens_camila,pt-time-after-night,time,8,4418
multilingual,rlens_camila,pt-time-after-night,night,8,3552
multilingual,rlens_camila,pt-time-after-night,day,8,37261
multilingual,rlens_camila,pt-time-after-night,português,16,20949
multilingual,rlens_camila,pt-time-after-night,time,16,1285
multilingual,rlens_camila,pt-time-after-night,night,16,1433
multilingual,rlens_camila,pt-time-after-night,day,16,5622
multilingual,rlens_camila,pt-time-after-night,português,24,3444
multilingual,rlens_camila,pt-time-after-night,time,24,813
multilingual,rlens_camila,pt-time-after-night,night,24,322
multilingual,rlens_camila,pt-time-after-night,day,24,404
multilingual,rlens_camila,pt-time-after-night,português,32,5781
multilingual,rlens_camila,pt-time-after-night,time,32,521
multilingual,rlens_camila,pt-time-after-night,night,32,20
multilingual,rlens_camila,pt-time-after-night,day,32,307
multilingual,rlens_camila,pt-time-after-night,português,40,7685
multilingual,rlens_camila,pt-time-after-night,time,40,189
multilingual,rlens_camila,pt-time-after-night,night,40,1
multilingual,rlens_camila,pt-time-after-night,day,40,10
multilingual,rlens_camila,pt-time-after-night,português,48,22118
multilingual,rlens_camila,pt-time-after-night,time,48,139
multilingual,rlens_camila,pt-time-after-night,night,48,1
multilingual,rlens_camila,pt-time-after-night,day,48,28
multilingual,rlens_camila,pt-time-after-night,português,56,32906
multilingual,rlens_camila,pt-time-after-night,time,56,450
multilingual,rlens_camila,pt-time-after-night,night,56,7
multilingual,rlens_camila,pt-time-after-night,day,56,7
multilingual,jpp_released,pt-time-after-night,português,8,950
multilingual,jpp_released,pt-time-after-night,time,8,132787
multilingual,jpp_released,pt-time-after-night,night,8,76966
multilingual,jpp_released,pt-time-after-night,day,8,197124
multilingual,jpp_released,pt-time-after-night,português,16,4141
multilingual,jpp_released,pt-time-after-night,time,16,2563
multilingual,jpp_released,pt-time-after-night,night,16,1596
multilingual,jpp_released,pt-time-after-night,day,16,8646
multilingual,jpp_released,pt-time-after-night,português,24,600
multilingual,jpp_released,pt-time-after-night,time,24,353
multilingual,jpp_released,pt-time-after-night,night,24,7
multilingual,jpp_released,pt-time-after-night,day,24,57
multilingual,jpp_released,pt-time-after-night,português,32,363
multilingual,jpp_released,pt-time-after-night,time,32,1411
multilingual,jpp_released,pt-time-after-night,night,32,3
multilingual,jpp_released,pt-time-after-night,day,32,192
multilingual,jpp_released,pt-time-after-night,português,40,11416
multilingual,jpp_released,pt-time-after-night,time,40,46
multilingual,jpp_released,pt-time-after-night,night,40,1
multilingual,jpp_released,pt-time-after-night,day,40,6
multilingual,jpp_released,pt-time-after-night,português,48,9326
multilingual,jpp_released,pt-time-after-night,time,48,37
multilingual,jpp_released,pt-time-after-night,night,48,1
multilingual,jpp_released,pt-time-after-night,day,48,4
multilingual,jpp_released,pt-time-after-night,português,56,4317
multilingual,jpp_released,pt-time-after-night,time,56,185
multilingual,jpp_released,pt-time-after-night,night,56,4
multilingual,jpp_released,pt-time-after-night,day,56,6
multilingual,logit,fr-size-big-small,French,8,2119
multilingual,logit,fr-size-big-small,size,8,1676
multilingual,logit,fr-size-big-small,big,8,5156
multilingual,logit,fr-size-big-small,small,8,9072
multilingual,logit,fr-size-big-small,French,16,16570
multilingual,logit,fr-size-big-small,size,16,10277
multilingual,logit,fr-size-big-small,big,16,2463
multilingual,logit,fr-size-big-small,small,16,10724
multilingual,logit,fr-size-big-small,French,24,4586
multilingual,logit,fr-size-big-small,size,24,12226
multilingual,logit,fr-size-big-small,big,24,4074
multilingual,logit,fr-size-big-small,small,24,7625
multilingual,logit,fr-size-big-small,French,32,2278
multilingual,logit,fr-size-big-small,size,32,9310
multilingual,logit,fr-size-big-small,big,32,26589
multilingual,logit,fr-size-big-small,small,32,17944
multilingual,logit,fr-size-big-small,French,40,6330
multilingual,logit,fr-size-big-small,size,40,254
multilingual,logit,fr-size-big-small,big,40,14643
multilingual,logit,fr-size-big-small,small,40,13262
multilingual,logit,fr-size-big-small,French,48,10172
multilingual,logit,fr-size-big-small,size,48,39
multilingual,logit,fr-size-big-small,big,48,1953
multilingual,logit,fr-size-big-small,small,48,1063
multilingual,logit,fr-size-big-small,French,56,3402
multilingual,logit,fr-size-big-small,size,56,188
multilingual,logit,fr-size-big-small,big,56,116
multilingual,logit,fr-size-big-small,small,56,1
multilingual,jlens_camila,fr-size-big-small,French,8,208
multilingual,jlens_camila,fr-size-big-small,size,8,10521
multilingual,jlens_camila,fr-size-big-small,big,8,491
multilingual,jlens_camila,fr-size-big-small,small,8,9805
multilingual,jlens_camila,fr-size-big-small,French,16,60
multilingual,jlens_camila,fr-size-big-small,size,16,3996
multilingual,jlens_camila,fr-size-big-small,big,16,377
multilingual,jlens_camila,fr-size-big-small,small,16,3804
multilingual,jlens_camila,fr-size-big-small,French,24,4
multilingual,jlens_camila,fr-size-big-small,size,24,16381
multilingual,jlens_camila,fr-size-big-small,big,24,567
multilingual,jlens_camila,fr-size-big-small,small,24,1706
multilingual,jlens_camila,fr-size-big-small,French,32,9
multilingual,jlens_camila,fr-size-big-small,size,32,25727
multilingual,jlens_camila,fr-size-big-small,big,32,3315
multilingual,jlens_camila,fr-size-big-small,small,32,5221
multilingual,jlens_camila,fr-size-big-small,French,40,36
multilingual,jlens_camila,fr-size-big-small,size,40,15
multilingual,jlens_camila,fr-size-big-small,big,40,1259
multilingual,jlens_camila,fr-size-big-small,small,40,223
multilingual,jlens_camila,fr-size-big-small,French,48,192
multilingual,jlens_camila,fr-size-big-small,size,48,2
multilingual,jlens_camila,fr-size-big-small,big,48,335
multilingual,jlens_camila,fr-size-big-small,small,48,29
multilingual,jlens_camila,fr-size-big-small,French,56,898
multilingual,jlens_camila,fr-size-big-small,size,56,163
multilingual,jlens_camila,fr-size-big-small,big,56,111
multilingual,jlens_camila,fr-size-big-small,small,56,1
multilingual,rlens_camila,fr-size-big-small,French,8,236
multilingual,rlens_camila,fr-size-big-small,size,8,1778
multilingual,rlens_camila,fr-size-big-small,big,8,62
multilingual,rlens_camila,fr-size-big-small,small,8,294
multilingual,rlens_camila,fr-size-big-small,French,16,242
multilingual,rlens_camila,fr-size-big-small,size,16,6269
multilingual,rlens_camila,fr-size-big-small,big,16,140
multilingual,rlens_camila,fr-size-big-small,small,16,331
multilingual,rlens_camila,fr-size-big-small,French,24,2
multilingual,rlens_camila,fr-size-big-small,size,24,7194
multilingual,rlens_camila,fr-size-big-small,big,24,77
multilingual,rlens_camila,fr-size-big-small,small,24,173
multilingual,rlens_camila,fr-size-big-small,French,32,23
multilingual,rlens_camila,fr-size-big-small,size,32,10481
multilingual,rlens_camila,fr-size-big-small,big,32,937
multilingual,rlens_camila,fr-size-big-small,small,32,1560
multilingual,rlens_camila,fr-size-big-small,French,40,17
multilingual,rlens_camila,fr-size-big-small,size,40,20
multilingual,rlens_camila,fr-size-big-small,big,40,1291
multilingual,rlens_camila,fr-size-big-small,small,40,456
multilingual,rlens_camila,fr-size-big-small,French,48,67
multilingual,rlens_camila,fr-size-big-small,size,48,3
multilingual,rlens_camila,fr-size-big-small,big,48,247
multilingual,rlens_camila,fr-size-big-small,small,48,44
multilingual,rlens_camila,fr-size-big-small,French,56,548
multilingual,rlens_camila,fr-size-big-small,size,56,119
multilingual,rlens_camila,fr-size-big-small,big,56,83
multilingual,rlens_camila,fr-size-big-small,small,56,1
multilingual,jpp_released,fr-size-big-small,French,8,2
multilingual,jpp_released,fr-size-big-small,size,8,2449
multilingual,jpp_released,fr-size-big-small,big,8,84
multilingual,jpp_released,fr-size-big-small,small,8,26340
multilingual,jpp_released,fr-size-big-small,French,16,1
multilingual,jpp_released,fr-size-big-small,size,16,8307
multilingual,jpp_released,fr-size-big-small,big,16,25
multilingual,jpp_released,fr-size-big-small,small,16,1622
multilingual,jpp_released,fr-size-big-small,French,24,1
multilingual,jpp_released,fr-size-big-small,size,24,1976
multilingual,jpp_released,fr-size-big-small,big,24,152
multilingual,jpp_released,fr-size-big-small,small,24,75
multilingual,jpp_released,fr-size-big-small,French,32,1
multilingual,jpp_released,fr-size-big-small,size,32,2487
multilingual,jpp_released,fr-size-big-small,big,32,683
multilingual,jpp_released,fr-size-big-small,small,32,477
multilingual,jpp_released,fr-size-big-small,French,40,1
multilingual,jpp_released,fr-size-big-small,size,40,6
multilingual,jpp_released,fr-size-big-small,big,40,89
multilingual,jpp_released,fr-size-big-small,small,40,53
multilingual,jpp_released,fr-size-big-small,French,48,2
multilingual,jpp_released,fr-size-big-small,size,48,1
multilingual,jpp_released,fr-size-big-small,big,48,7
multilingual,jpp_released,fr-size-big-small,small,48,7
multilingual,jpp_released,fr-size-big-small,French,56,224
multilingual,jpp_released,fr-size-big-small,size,56,139
multilingual,jpp_released,fr-size-big-small,big,56,39
multilingual,jpp_released,fr-size-big-small,small,56,1
multilingual,logit,de-size-big-small,German,8,2219
multilingual,logit,de-size-big-small,size,8,1225
multilingual,logit,de-size-big-small,big,8,8264
multilingual,logit,de-size-big-small,small,8,11502
multilingual,logit,de-size-big-small,German,16,9477
multilingual,logit,de-size-big-small,size,16,16887
multilingual,logit,de-size-big-small,big,16,4547
multilingual,logit,de-size-big-small,small,16,8184
multilingual,logit,de-size-big-small,German,24,3533
multilingual,logit,de-size-big-small,size,24,25085
multilingual,logit,de-size-big-small,big,24,8654
multilingual,logit,de-size-big-small,small,24,6633
multilingual,logit,de-size-big-small,German,32,668
multilingual,logit,de-size-big-small,size,32,12751
multilingual,logit,de-size-big-small,big,32,10538
multilingual,logit,de-size-big-small,small,32,15893
multilingual,logit,de-size-big-small,German,40,2801
multilingual,logit,de-size-big-small,size,40,539
multilingual,logit,de-size-big-small,big,40,12002
multilingual,logit,de-size-big-small,small,40,11015
multilingual,logit,de-size-big-small,German,48,4260
multilingual,logit,de-size-big-small,size,48,44
multilingual,logit,de-size-big-small,big,48,1738
multilingual,logit,de-size-big-small,small,48,621
multilingual,logit,de-size-big-small,German,56,21561
multilingual,logit,de-size-big-small,size,56,158
multilingual,logit,de-size-big-small,big,56,131
multilingual,logit,de-size-big-small,small,56,1
multilingual,jlens_camila,de-size-big-small,German,8,14257
multilingual,jlens_camila,de-size-big-small,size,8,32555
multilingual,jlens_camila,de-size-big-small,big,8,163
multilingual,jlens_camila,de-size-big-small,small,8,10200
multilingual,jlens_camila,de-size-big-small,German,16,1124
multilingual,jlens_camila,de-size-big-small,size,16,6495
multilingual,jlens_camila,de-size-big-small,big,16,204
multilingual,jlens_camila,de-size-big-small,small,16,2282
multilingual,jlens_camila,de-size-big-small,German,24,16
multilingual,jlens_camila,de-size-big-small,size,24,32675
multilingual,jlens_camila,de-size-big-small,big,24,4264
multilingual,jlens_camila,de-size-big-small,small,24,1131
multilingual,jlens_camila,de-size-big-small,German,32,10
multilingual,jlens_camila,de-size-big-small,size,32,50595
multilingual,jlens_camila,de-size-big-small,big,32,18635
multilingual,jlens_camila,de-size-big-small,small,32,3060
multilingual,jlens_camila,de-size-big-small,German,40,68
multilingual,jlens_camila,de-size-big-small,size,40,22
multilingual,jlens_camila,de-size-big-small,big,40,1886
multilingual,jlens_camila,de-size-big-small,small,40,176
multilingual,jlens_camila,de-size-big-small,German,48,288
multilingual,jlens_camila,de-size-big-small,size,48,4
multilingual,jlens_camila,de-size-big-small,big,48,233
multilingual,jlens_camila,de-size-big-small,small,48,31
multilingual,jlens_camila,de-size-big-small,German,56,4879
multilingual,jlens_camila,de-size-big-small,size,56,184
multilingual,jlens_camila,de-size-big-small,big,56,124
multilingual,jlens_camila,de-size-big-small,small,56,1
multilingual,rlens_camila,de-size-big-small,German,8,2219
multilingual,rlens_camila,de-size-big-small,size,8,2136
multilingual,rlens_camila,de-size-big-small,big,8,33
multilingual,rlens_camila,de-size-big-small,small,8,227
multilingual,rlens_camila,de-size-big-small,German,16,869
multilingual,rlens_camila,de-size-big-small,size,16,8416
multilingual,rlens_camila,de-size-big-small,big,16,98
multilingual,rlens_camila,de-size-big-small,small,16,217
multilingual,rlens_camila,de-size-big-small,German,24,6
multilingual,rlens_camila,de-size-big-small,size,24,9598
multilingual,rlens_camila,de-size-big-small,big,24,237
multilingual,rlens_camila,de-size-big-small,small,24,164
multilingual,rlens_camila,de-size-big-small,German,32,7
multilingual,rlens_camila,de-size-big-small,size,32,22969
multilingual,rlens_camila,de-size-big-small,big,32,3110
multilingual,rlens_camila,de-size-big-small,small,32,1785
multilingual,rlens_camila,de-size-big-small,German,40,26
multilingual,rlens_camila,de-size-big-small,size,40,32
multilingual,rlens_camila,de-size-big-small,big,40,1826
multilingual,rlens_camila,de-size-big-small,small,40,456
multilingual,rlens_camila,de-size-big-small,German,48,152
multilingual,rlens_camila,de-size-big-small,size,48,3
multilingual,rlens_camila,de-size-big-small,big,48,184
multilingual,rlens_camila,de-size-big-small,small,48,42
multilingual,rlens_camila,de-size-big-small,German,56,3258
multilingual,rlens_camila,de-size-big-small,size,56,130
multilingual,rlens_camila,de-size-big-small,big,56,104
multilingual,rlens_camila,de-size-big-small,small,56,1
multilingual,jpp_released,de-size-big-small,German,8,287
multilingual,jpp_released,de-size-big-small,size,8,926
multilingual,jpp_released,de-size-big-small,big,8,54
multilingual,jpp_released,de-size-big-small,small,8,5719
multilingual,jpp_released,de-size-big-small,German,16,1
multilingual,jpp_released,de-size-big-small,size,16,10165
multilingual,jpp_released,de-size-big-small,big,16,59
multilingual,jpp_released,de-size-big-small,small,16,1318
multilingual,jpp_released,de-size-big-small,German,24,5
multilingual,jpp_released,de-size-big-small,size,24,1353
multilingual,jpp_released,de-size-big-small,big,24,192
multilingual,jpp_released,de-size-big-small,small,24,61
multilingual,jpp_released,de-size-big-small,German,32,1
multilingual,jpp_released,de-size-big-small,size,32,2575
multilingual,jpp_released,de-size-big-small,big,32,840
multilingual,jpp_released,de-size-big-small,small,32,414
multilingual,jpp_released,de-size-big-small,German,40,3
multilingual,jpp_released,de-size-big-small,size,40,4
multilingual,jpp_released,de-size-big-small,big,40,50
multilingual,jpp_released,de-size-big-small,small,40,21
multilingual,jpp_released,de-size-big-small,German,48,8
multilingual,jpp_released,de-size-big-small,size,48,1
multilingual,jpp_released,de-size-big-small,big,48,3
multilingual,jpp_released,de-size-big-small,small,48,4
multilingual,jpp_released,de-size-big-small,German,56,423
multilingual,jpp_released,de-size-big-small,size,56,181
multilingual,jpp_released,de-size-big-small,big,56,87
multilingual,jpp_released,de-size-big-small,small,56,1
multilingual,logit,pt-size-big-small,português,8,132897
multilingual,logit,pt-size-big-small,size,8,1018
multilingual,logit,pt-size-big-small,big,8,5990
multilingual,logit,pt-size-big-small,small,8,10404
multilingual,logit,pt-size-big-small,português,16,174355
multilingual,logit,pt-size-big-small,size,16,10799
multilingual,logit,pt-size-big-small,big,16,4543
multilingual,logit,pt-size-big-small,small,16,9794
multilingual,logit,pt-size-big-small,português,24,146101
multilingual,logit,pt-size-big-small,size,24,20646
multilingual,logit,pt-size-big-small,big,24,3307
multilingual,logit,pt-size-big-small,small,24,6660
multilingual,logit,pt-size-big-small,português,32,92466
multilingual,logit,pt-size-big-small,size,32,12562
multilingual,logit,pt-size-big-small,big,32,13656
multilingual,logit,pt-size-big-small,small,32,37653
multilingual,logit,pt-size-big-small,português,40,77036
multilingual,logit,pt-size-big-small,size,40,43
multilingual,logit,pt-size-big-small,big,40,4557
multilingual,logit,pt-size-big-small,small,40,1197
multilingual,logit,pt-size-big-small,português,48,142047
multilingual,logit,pt-size-big-small,size,48,27
multilingual,logit,pt-size-big-small,big,48,631
multilingual,logit,pt-size-big-small,small,48,121
multilingual,logit,pt-size-big-small,português,56,116575
multilingual,logit,pt-size-big-small,size,56,175
multilingual,logit,pt-size-big-small,big,56,94
multilingual,logit,pt-size-big-small,small,56,1
multilingual,jlens_camila,pt-size-big-small,português,8,45122
multilingual,jlens_camila,pt-size-big-small,size,8,25807
multilingual,jlens_camila,pt-size-big-small,big,8,150
multilingual,jlens_camila,pt-size-big-small,small,8,14122
multilingual,jlens_camila,pt-size-big-small,português,16,48573
multilingual,jlens_camila,pt-size-big-small,size,16,2940
multilingual,jlens_camila,pt-size-big-small,big,16,116
multilingual,jlens_camila,pt-size-big-small,small,16,3660
multilingual,jlens_camila,pt-size-big-small,português,24,4111
multilingual,jlens_camila,pt-size-big-small,size,24,13731
multilingual,jlens_camila,pt-size-big-small,big,24,186
multilingual,jlens_camila,pt-size-big-small,small,24,920
multilingual,jlens_camila,pt-size-big-small,português,32,6107
multilingual,jlens_camila,pt-size-big-small,size,32,22071
multilingual,jlens_camila,pt-size-big-small,big,32,1055
multilingual,jlens_camila,pt-size-big-small,small,32,6275
multilingual,jlens_camila,pt-size-big-small,português,40,12591
multilingual,jlens_camila,pt-size-big-small,size,40,1
multilingual,jlens_camila,pt-size-big-small,big,40,323
multilingual,jlens_camila,pt-size-big-small,small,40,32
multilingual,jlens_camila,pt-size-big-small,português,48,58698
multilingual,jlens_camila,pt-size-big-small,size,48,2
multilingual,jlens_camila,pt-size-big-small,big,48,208
multilingual,jlens_camila,pt-size-big-small,small,48,8
multilingual,jlens_camila,pt-size-big-small,português,56,71778
multilingual,jlens_camila,pt-size-big-small,size,56,173
multilingual,jlens_camila,pt-size-big-small,big,56,85
multilingual,jlens_camila,pt-size-big-small,small,56,1
multilingual,rlens_camila,pt-size-big-small,português,8,27651
multilingual,rlens_camila,pt-size-big-small,size,8,1414
multilingual,rlens_camila,pt-size-big-small,big,8,24
multilingual,rlens_camila,pt-size-big-small,small,8,313
multilingual,rlens_camila,pt-size-big-small,português,16,59356
multilingual,rlens_camila,pt-size-big-small,size,16,6324
multilingual,rlens_camila,pt-size-big-small,big,16,50
multilingual,rlens_camila,pt-size-big-small,small,16,313
multilingual,rlens_camila,pt-size-big-small,português,24,10418
multilingual,rlens_camila,pt-size-big-small,size,24,3601
multilingual,rlens_camila,pt-size-big-small,big,24,24
multilingual,rlens_camila,pt-size-big-small,small,24,69
multilingual,rlens_camila,pt-size-big-small,português,32,29318
multilingual,rlens_camila,pt-size-big-small,size,32,4700
multilingual,rlens_camila,pt-size-big-small,big,32,331
multilingual,rlens_camila,pt-size-big-small,small,32,1008
multilingual,rlens_camila,pt-size-big-small,português,40,30146
multilingual,rlens_camila,pt-size-big-small,size,40,1
multilingual,rlens_camila,pt-size-big-small,big,40,230
multilingual,rlens_camila,pt-size-big-small,small,40,31
multilingual,rlens_camila,pt-size-big-small,português,48,88456
multilingual,rlens_camila,pt-size-big-small,size,48,1
multilingual,rlens_camila,pt-size-big-small,big,48,70
multilingual,rlens_camila,pt-size-big-small,small,48,14
multilingual,rlens_camila,pt-size-big-small,português,56,99145
multilingual,rlens_camila,pt-size-big-small,size,56,117
multilingual,rlens_camila,pt-size-big-small,big,56,54
multilingual,rlens_camila,pt-size-big-small,small,56,1
multilingual,jpp_released,pt-size-big-small,português,8,5622
multilingual,jpp_released,pt-size-big-small,size,8,500
multilingual,jpp_released,pt-size-big-small,big,8,22
multilingual,jpp_released,pt-size-big-small,small,8,4868
multilingual,jpp_released,pt-size-big-small,português,16,29643
multilingual,jpp_released,pt-size-big-small,size,16,5385
multilingual,jpp_released,pt-size-big-small,big,16,22
multilingual,jpp_released,pt-size-big-small,small,16,842
multilingual,jpp_released,pt-size-big-small,português,24,11973
multilingual,jpp_released,pt-size-big-small,size,24,1174
multilingual,jpp_released,pt-size-big-small,big,24,30
multilingual,jpp_released,pt-size-big-small,small,24,23
multilingual,jpp_released,pt-size-big-small,português,32,3912
multilingual,jpp_released,pt-size-big-small,size,32,1302
multilingual,jpp_released,pt-size-big-small,big,32,226
multilingual,jpp_released,pt-size-big-small,small,32,315
multilingual,jpp_released,pt-size-big-small,português,40,16798
multilingual,jpp_released,pt-size-big-small,size,40,1
multilingual,jpp_released,pt-size-big-small,big,40,18
multilingual,jpp_released,pt-size-big-small,small,40,3
multilingual,jpp_released,pt-size-big-small,português,48,37459
multilingual,jpp_released,pt-size-big-small,size,48,1
multilingual,jpp_released,pt-size-big-small,big,48,5
multilingual,jpp_released,pt-size-big-small,small,48,2
multilingual,jpp_released,pt-size-big-small,português,56,3186
multilingual,jpp_released,pt-size-big-small,size,56,141
multilingual,jpp_released,pt-size-big-small,big,56,27
multilingual,jpp_released,pt-size-big-small,small,56,1
multilingual,logit,de-place-up-down,German,8,2753
multilingual,logit,de-place-up-down,place,8,3720
multilingual,logit,de-place-up-down,up,8,240
multilingual,logit,de-place-up-down,down,8,4366
multilingual,logit,de-place-up-down,German,16,12842
multilingual,logit,de-place-up-down,place,16,3072
multilingual,logit,de-place-up-down,up,16,49
multilingual,logit,de-place-up-down,down,16,3231
multilingual,logit,de-place-up-down,German,24,5581
multilingual,logit,de-place-up-down,place,24,4040
multilingual,logit,de-place-up-down,up,24,307
multilingual,logit,de-place-up-down,down,24,3026
multilingual,logit,de-place-up-down,German,32,439
multilingual,logit,de-place-up-down,place,32,24437
multilingual,logit,de-place-up-down,up,32,178
multilingual,logit,de-place-up-down,down,32,16820
multilingual,logit,de-place-up-down,German,40,4146
multilingual,logit,de-place-up-down,place,40,44232
multilingual,logit,de-place-up-down,up,40,72
multilingual,logit,de-place-up-down,down,40,123
multilingual,logit,de-place-up-down,German,48,8339
multilingual,logit,de-place-up-down,place,48,9455
multilingual,logit,de-place-up-down,up,48,1246
multilingual,logit,de-place-up-down,down,48,181
multilingual,logit,de-place-up-down,German,56,42540
multilingual,logit,de-place-up-down,place,56,9492
multilingual,logit,de-place-up-down,up,56,464
multilingual,logit,de-place-up-down,down,56,52
multilingual,jlens_camila,de-place-up-down,German,8,12400
multilingual,jlens_camila,de-place-up-down,place,8,109394
multilingual,jlens_camila,de-place-up-down,up,8,7941
multilingual,jlens_camila,de-place-up-down,down,8,16912
multilingual,jlens_camila,de-place-up-down,German,16,1606
multilingual,jlens_camila,de-place-up-down,place,16,10320
multilingual,jlens_camila,de-place-up-down,up,16,636
multilingual,jlens_camila,de-place-up-down,down,16,1606
multilingual,jlens_camila,de-place-up-down,German,24,11
multilingual,jlens_camila,de-place-up-down,place,24,5102
multilingual,jlens_camila,de-place-up-down,up,24,36284
multilingual,jlens_camila,de-place-up-down,down,24,8211
multilingual,jlens_camila,de-place-up-down,German,32,9
multilingual,jlens_camila,de-place-up-down,place,32,17574
multilingual,jlens_camila,de-place-up-down,up,32,5236
multilingual,jlens_camila,de-place-up-down,down,32,11099
multilingual,jlens_camila,de-place-up-down,German,40,187
multilingual,jlens_camila,de-place-up-down,place,40,20345
multilingual,jlens_camila,de-place-up-down,up,40,3480
multilingual,jlens_camila,de-place-up-down,down,40,150
multilingual,jlens_camila,de-place-up-down,German,48,717
multilingual,jlens_camila,de-place-up-down,place,48,11104
multilingual,jlens_camila,de-place-up-down,up,48,8381
multilingual,jlens_camila,de-place-up-down,down,48,117
multilingual,jlens_camila,de-place-up-down,German,56,11189
multilingual,jlens_camila,de-place-up-down,place,56,9979
multilingual,jlens_camila,de-place-up-down,up,56,1149
multilingual,jlens_camila,de-place-up-down,down,56,54
multilingual,rlens_camila,de-place-up-down,German,8,2557
multilingual,rlens_camila,de-place-up-down,place,8,1586
multilingual,rlens_camila,de-place-up-down,up,8,172
multilingual,rlens_camila,de-place-up-down,down,8,597
multilingual,rlens_camila,de-place-up-down,German,16,1090
multilingual,rlens_camila,de-place-up-down,place,16,616
multilingual,rlens_camila,de-place-up-down,up,16,1286
multilingual,rlens_camila,de-place-up-down,down,16,1359
multilingual,rlens_camila,de-place-up-down,German,24,5
multilingual,rlens_camila,de-place-up-down,place,24,567
multilingual,rlens_camila,de-place-up-down,up,24,2183
multilingual,rlens_camila,de-place-up-down,down,24,2409
multilingual,rlens_camila,de-place-up-down,German,32,8
multilingual,rlens_camila,de-place-up-down,place,32,1556
multilingual,rlens_camila,de-place-up-down,up,32,1574
multilingual,rlens_camila,de-place-up-down,down,32,4520
multilingual,rlens_camila,de-place-up-down,German,40,87
multilingual,rlens_camila,de-place-up-down,place,40,4564
multilingual,rlens_camila,de-place-up-down,up,40,825
multilingual,rlens_camila,de-place-up-down,down,40,54
multilingual,rlens_camila,de-place-up-down,German,48,373
multilingual,rlens_camila,de-place-up-down,place,48,1686
multilingual,rlens_camila,de-place-up-down,up,48,1940
multilingual,rlens_camila,de-place-up-down,down,48,22
multilingual,rlens_camila,de-place-up-down,German,56,5395
multilingual,rlens_camila,de-place-up-down,place,56,5746
multilingual,rlens_camila,de-place-up-down,up,56,475
multilingual,rlens_camila,de-place-up-down,down,56,42
multilingual,jpp_released,de-place-up-down,German,8,1001
multilingual,jpp_released,de-place-up-down,place,8,11061
multilingual,jpp_released,de-place-up-down,up,8,1720
multilingual,jpp_released,de-place-up-down,down,8,6473
multilingual,jpp_released,de-place-up-down,German,16,3
multilingual,jpp_released,de-place-up-down,place,16,714
multilingual,jpp_released,de-place-up-down,up,16,425
multilingual,jpp_released,de-place-up-down,down,16,785
multilingual,jpp_released,de-place-up-down,German,24,2
multilingual,jpp_released,de-place-up-down,place,24,408
multilingual,jpp_released,de-place-up-down,up,24,139
multilingual,jpp_released,de-place-up-down,down,24,702
multilingual,jpp_released,de-place-up-down,German,32,1
multilingual,jpp_released,de-place-up-down,place,32,432
multilingual,jpp_released,de-place-up-down,up,32,670
multilingual,jpp_released,de-place-up-down,down,32,630
multilingual,jpp_released,de-place-up-down,German,40,28
multilingual,jpp_released,de-place-up-down,place,40,195
multilingual,jpp_released,de-place-up-down,up,40,132
multilingual,jpp_released,de-place-up-down,down,40,5
multilingual,jpp_released,de-place-up-down,German,48,59
multilingual,jpp_released,de-place-up-down,place,48,66
multilingual,jpp_released,de-place-up-down,up,48,153
multilingual,jpp_released,de-place-up-down,down,48,3
multilingual,jpp_released,de-place-up-down,German,56,301
multilingual,jpp_released,de-place-up-down,place,56,1167
multilingual,jpp_released,de-place-up-down,up,56,242
multilingual,jpp_released,de-place-up-down,down,56,19
multilingual,logit,es-place-up-down,español,8,138189
multilingual,logit,es-place-up-down,place,8,4720
multilingual,logit,es-place-up-down,up,8,103
multilingual,logit,es-place-up-down,down,8,1334
multilingual,logit,es-place-up-down,español,16,177848
multilingual,logit,es-place-up-down,place,16,3011
multilingual,logit,es-place-up-down,up,16,85
multilingual,logit,es-place-up-down,down,16,3412
multilingual,logit,es-place-up-down,español,24,71720
multilingual,logit,es-place-up-down,place,24,8344
multilingual,logit,es-place-up-down,up,24,1131
multilingual,logit,es-place-up-down,down,24,1246
multilingual,logit,es-place-up-down,español,32,58915
multilingual,logit,es-place-up-down,place,32,41826
multilingual,logit,es-place-up-down,up,32,575
multilingual,logit,es-place-up-down,down,32,7930
multilingual,logit,es-place-up-down,español,40,64822
multilingual,logit,es-place-up-down,place,40,48704
multilingual,logit,es-place-up-down,up,40,203
multilingual,logit,es-place-up-down,down,40,23
multilingual,logit,es-place-up-down,español,48,147409
multilingual,logit,es-place-up-down,place,48,16628
multilingual,logit,es-place-up-down,up,48,758
multilingual,logit,es-place-up-down,down,48,95
multilingual,logit,es-place-up-down,español,56,44591
multilingual,logit,es-place-up-down,place,56,15511
multilingual,logit,es-place-up-down,up,56,651
multilingual,logit,es-place-up-down,down,56,24
multilingual,jlens_camila,es-place-up-down,español,8,32393
multilingual,jlens_camila,es-place-up-down,place,8,99443
multilingual,jlens_camila,es-place-up-down,up,8,4304
multilingual,jlens_camila,es-place-up-down,down,8,7656
multilingual,jlens_camila,es-place-up-down,español,16,19227
multilingual,jlens_camila,es-place-up-down,place,16,8529
multilingual,jlens_camila,es-place-up-down,up,16,832
multilingual,jlens_camila,es-place-up-down,down,16,1434
multilingual,jlens_camila,es-place-up-down,español,24,139
multilingual,jlens_camila,es-place-up-down,place,24,7005
multilingual,jlens_camila,es-place-up-down,up,24,24203
multilingual,jlens_camila,es-place-up-down,down,24,5607
multilingual,jlens_camila,es-place-up-down,español,32,267
multilingual,jlens_camila,es-place-up-down,place,32,22457
multilingual,jlens_camila,es-place-up-down,up,32,4579
multilingual,jlens_camila,es-place-up-down,down,32,7904
multilingual,jlens_camila,es-place-up-down,español,40,2147
multilingual,jlens_camila,es-place-up-down,place,40,21110
multilingual,jlens_camila,es-place-up-down,up,40,6334
multilingual,jlens_camila,es-place-up-down,down,40,39
multilingual,jlens_camila,es-place-up-down,español,48,38687
multilingual,jlens_camila,es-place-up-down,place,48,15394
multilingual,jlens_camila,es-place-up-down,up,48,11229
multilingual,jlens_camila,es-place-up-down,down,48,81
multilingual,jlens_camila,es-place-up-down,español,56,31689
multilingual,jlens_camila,es-place-up-down,place,56,2945
multilingual,jlens_camila,es-place-up-down,up,56,421
multilingual,jlens_camila,es-place-up-down,down,56,18
multilingual,rlens_camila,es-place-up-down,español,8,22492
multilingual,rlens_camila,es-place-up-down,place,8,1377
multilingual,rlens_camila,es-place-up-down,up,8,161
multilingual,rlens_camila,es-place-up-down,down,8,443
multilingual,rlens_camila,es-place-up-down,español,16,41719
multilingual,rlens_camila,es-place-up-down,place,16,777
multilingual,rlens_camila,es-place-up-down,up,16,910
multilingual,rlens_camila,es-place-up-down,down,16,1050
multilingual,rlens_camila,es-place-up-down,español,24,618
multilingual,rlens_camila,es-place-up-down,place,24,695
multilingual,rlens_camila,es-place-up-down,up,24,1876
multilingual,rlens_camila,es-place-up-down,down,24,1129
multilingual,rlens_camila,es-place-up-down,español,32,1782
multilingual,rlens_camila,es-place-up-down,place,32,2741
multilingual,rlens_camila,es-place-up-down,up,32,2741
multilingual,rlens_camila,es-place-up-down,down,32,2619
multilingual,rlens_camila,es-place-up-down,español,40,5886
multilingual,rlens_camila,es-place-up-down,place,40,7800
multilingual,rlens_camila,es-place-up-down,up,40,1697
multilingual,rlens_camila,es-place-up-down,down,40,16
multilingual,rlens_camila,es-place-up-down,español,48,59249
multilingual,rlens_camila,es-place-up-down,place,48,2888
multilingual,rlens_camila,es-place-up-down,up,48,2670
multilingual,rlens_camila,es-place-up-down,down,48,24
multilingual,rlens_camila,es-place-up-down,español,56,29794
multilingual,rlens_camila,es-place-up-down,place,56,2382
multilingual,rlens_camila,es-place-up-down,up,56,250
multilingual,rlens_camila,es-place-up-down,down,56,13
multilingual,jpp_released,es-place-up-down,español,8,58
multilingual,jpp_released,es-place-up-down,place,8,23400
multilingual,jpp_released,es-place-up-down,up,8,1554
multilingual,jpp_released,es-place-up-down,down,8,14677
multilingual,jpp_released,es-place-up-down,español,16,5965
multilingual,jpp_released,es-place-up-down,place,16,785
multilingual,jpp_released,es-place-up-down,up,16,395
multilingual,jpp_released,es-place-up-down,down,16,1113
multilingual,jpp_released,es-place-up-down,español,24,80
multilingual,jpp_released,es-place-up-down,place,24,365
multilingual,jpp_released,es-place-up-down,up,24,198
multilingual,jpp_released,es-place-up-down,down,24,518
multilingual,jpp_released,es-place-up-down,español,32,76
multilingual,jpp_released,es-place-up-down,place,32,992
multilingual,jpp_released,es-place-up-down,up,32,1526
multilingual,jpp_released,es-place-up-down,down,32,565
multilingual,jpp_released,es-place-up-down,español,40,4037
multilingual,jpp_released,es-place-up-down,place,40,216
multilingual,jpp_released,es-place-up-down,up,40,296
multilingual,jpp_released,es-place-up-down,down,40,3
multilingual,jpp_released,es-place-up-down,español,48,36298
multilingual,jpp_released,es-place-up-down,place,48,89
multilingual,jpp_released,es-place-up-down,up,48,225
multilingual,jpp_released,es-place-up-down,down,48,5
multilingual,jpp_released,es-place-up-down,español,56,1533
multilingual,jpp_released,es-place-up-down,place,56,794
multilingual,jpp_released,es-place-up-down,up,56,104
multilingual,jpp_released,es-place-up-down,down,56,4
multilingual,logit,pt-place-up-down,português,8,136161
multilingual,logit,pt-place-up-down,place,8,2903
multilingual,logit,pt-place-up-down,up,8,155
multilingual,logit,pt-place-up-down,down,8,1380
multilingual,logit,pt-place-up-down,português,16,173512
multilingual,logit,pt-place-up-down,place,16,4040
multilingual,logit,pt-place-up-down,up,16,25
multilingual,logit,pt-place-up-down,down,16,1228
multilingual,logit,pt-place-up-down,português,24,96038
multilingual,logit,pt-place-up-down,place,24,24041
multilingual,logit,pt-place-up-down,up,24,148
multilingual,logit,pt-place-up-down,down,24,640
multilingual,logit,pt-place-up-down,português,32,60232
multilingual,logit,pt-place-up-down,place,32,39368
multilingual,logit,pt-place-up-down,up,32,174
multilingual,logit,pt-place-up-down,down,32,3375
multilingual,logit,pt-place-up-down,português,40,50512
multilingual,logit,pt-place-up-down,place,40,31856
multilingual,logit,pt-place-up-down,up,40,69
multilingual,logit,pt-place-up-down,down,40,15
multilingual,logit,pt-place-up-down,português,48,137788
multilingual,logit,pt-place-up-down,place,48,8232
multilingual,logit,pt-place-up-down,up,48,233
multilingual,logit,pt-place-up-down,down,48,122
multilingual,logit,pt-place-up-down,português,56,90038
multilingual,logit,pt-place-up-down,place,56,12050
multilingual,logit,pt-place-up-down,up,56,184
multilingual,logit,pt-place-up-down,down,56,21
multilingual,jlens_camila,pt-place-up-down,português,8,40588
multilingual,jlens_camila,pt-place-up-down,place,8,81692
multilingual,jlens_camila,pt-place-up-down,up,8,2626
multilingual,jlens_camila,pt-place-up-down,down,8,8971
multilingual,jlens_camila,pt-place-up-down,português,16,48557
multilingual,jlens_camila,pt-place-up-down,place,16,13200
multilingual,jlens_camila,pt-place-up-down,up,16,798
multilingual,jlens_camila,pt-place-up-down,down,16,1668
multilingual,jlens_camila,pt-place-up-down,português,24,1285
multilingual,jlens_camila,pt-place-up-down,place,24,5612
multilingual,jlens_camila,pt-place-up-down,up,24,22755
multilingual,jlens_camila,pt-place-up-down,down,24,1133
multilingual,jlens_camila,pt-place-up-down,português,32,4145
multilingual,jlens_camila,pt-place-up-down,place,32,19198
multilingual,jlens_camila,pt-place-up-down,up,32,3263
multilingual,jlens_camila,pt-place-up-down,down,32,1961
multilingual,jlens_camila,pt-place-up-down,português,40,19906
multilingual,jlens_camila,pt-place-up-down,place,40,16244
multilingual,jlens_camila,pt-place-up-down,up,40,3786
multilingual,jlens_camila,pt-place-up-down,down,40,34
multilingual,jlens_camila,pt-place-up-down,português,48,78529
multilingual,jlens_camila,pt-place-up-down,place,48,10246
multilingual,jlens_camila,pt-place-up-down,up,48,8076
multilingual,jlens_camila,pt-place-up-down,down,48,69
multilingual,jlens_camila,pt-place-up-down,português,56,47431
multilingual,jlens_camila,pt-place-up-down,place,56,3284
multilingual,jlens_camila,pt-place-up-down,up,56,294
multilingual,jlens_camila,pt-place-up-down,down,56,24
multilingual,rlens_camila,pt-place-up-down,português,8,26941
multilingual,rlens_camila,pt-place-up-down,place,8,2134
multilingual,rlens_camila,pt-place-up-down,up,8,122
multilingual,rlens_camila,pt-place-up-down,down,8,486
multilingual,rlens_camila,pt-place-up-down,português,16,54705
multilingual,rlens_camila,pt-place-up-down,place,16,1339
multilingual,rlens_camila,pt-place-up-down,up,16,1146
multilingual,rlens_camila,pt-place-up-down,down,16,1671
multilingual,rlens_camila,pt-place-up-down,português,24,2726
multilingual,rlens_camila,pt-place-up-down,place,24,606
multilingual,rlens_camila,pt-place-up-down,up,24,1815
multilingual,rlens_camila,pt-place-up-down,down,24,606
multilingual,rlens_camila,pt-place-up-down,português,32,19545
multilingual,rlens_camila,pt-place-up-down,place,32,1441
multilingual,rlens_camila,pt-place-up-down,up,32,1400
multilingual,rlens_camila,pt-place-up-down,down,32,965
multilingual,rlens_camila,pt-place-up-down,português,40,34283
multilingual,rlens_camila,pt-place-up-down,place,40,3270
multilingual,rlens_camila,pt-place-up-down,up,40,863
multilingual,rlens_camila,pt-place-up-down,down,40,17
multilingual,rlens_camila,pt-place-up-down,português,48,106620
multilingual,rlens_camila,pt-place-up-down,place,48,1293
multilingual,rlens_camila,pt-place-up-down,up,48,1207
multilingual,rlens_camila,pt-place-up-down,down,48,20
multilingual,rlens_camila,pt-place-up-down,português,56,50939
multilingual,rlens_camila,pt-place-up-down,place,56,2248
multilingual,rlens_camila,pt-place-up-down,up,56,160
multilingual,rlens_camila,pt-place-up-down,down,56,17
multilingual,jpp_released,pt-place-up-down,português,8,6894
multilingual,jpp_released,pt-place-up-down,place,8,15783
multilingual,jpp_released,pt-place-up-down,up,8,1600
multilingual,jpp_released,pt-place-up-down,down,8,7418
multilingual,jpp_released,pt-place-up-down,português,16,20814
multilingual,jpp_released,pt-place-up-down,place,16,694
multilingual,jpp_released,pt-place-up-down,up,16,326
multilingual,jpp_released,pt-place-up-down,down,16,1173
multilingual,jpp_released,pt-place-up-down,português,24,2806
multilingual,jpp_released,pt-place-up-down,place,24,266
multilingual,jpp_released,pt-place-up-down,up,24,103
multilingual,jpp_released,pt-place-up-down,down,24,396
multilingual,jpp_released,pt-place-up-down,português,32,1062
multilingual,jpp_released,pt-place-up-down,place,32,439
multilingual,jpp_released,pt-place-up-down,up,32,920
multilingual,jpp_released,pt-place-up-down,down,32,292
multilingual,jpp_released,pt-place-up-down,português,40,18624
multilingual,jpp_released,pt-place-up-down,place,40,125
multilingual,jpp_released,pt-place-up-down,up,40,160
multilingual,jpp_released,pt-place-up-down,down,40,3
multilingual,jpp_released,pt-place-up-down,português,48,46713
multilingual,jpp_released,pt-place-up-down,place,48,50
multilingual,jpp_released,pt-place-up-down,up,48,182
multilingual,jpp_released,pt-place-up-down,down,48,5
multilingual,jpp_released,pt-place-up-down,português,56,1906
multilingual,jpp_released,pt-place-up-down,place,56,511
multilingual,jpp_released,pt-place-up-down,up,56,78
multilingual,jpp_released,pt-place-up-down,down,56,3
multilingual,logit,fr-place-near-far,French,8,2493
multilingual,logit,fr-place-near-far,place,8,2992
multilingual,logit,fr-place-near-far,near,8,1705
multilingual,logit,fr-place-near-far,far,8,1994
multilingual,logit,fr-place-near-far,French,16,15900
multilingual,logit,fr-place-near-far,place,16,3334
multilingual,logit,fr-place-near-far,near,16,23172
multilingual,logit,fr-place-near-far,far,16,1337
multilingual,logit,fr-place-near-far,French,24,2457
multilingual,logit,fr-place-near-far,place,24,3380
multilingual,logit,fr-place-near-far,near,24,39380
multilingual,logit,fr-place-near-far,far,24,2555
multilingual,logit,fr-place-near-far,French,32,4463
multilingual,logit,fr-place-near-far,place,32,34442
multilingual,logit,fr-place-near-far,near,32,62525
multilingual,logit,fr-place-near-far,far,32,9892
multilingual,logit,fr-place-near-far,French,40,3862
multilingual,logit,fr-place-near-far,place,40,18362
multilingual,logit,fr-place-near-far,near,40,518
multilingual,logit,fr-place-near-far,far,40,331
multilingual,logit,fr-place-near-far,French,48,6055
multilingual,logit,fr-place-near-far,place,48,10190
multilingual,logit,fr-place-near-far,near,48,9489
multilingual,logit,fr-place-near-far,far,48,93
multilingual,logit,fr-place-near-far,French,56,6631
multilingual,logit,fr-place-near-far,place,56,14312
multilingual,logit,fr-place-near-far,near,56,298
multilingual,logit,fr-place-near-far,far,56,1
multilingual,jlens_camila,fr-place-near-far,French,8,529
multilingual,jlens_camila,fr-place-near-far,place,8,60981
multilingual,jlens_camila,fr-place-near-far,near,8,20148
multilingual,jlens_camila,fr-place-near-far,far,8,15842
multilingual,jlens_camila,fr-place-near-far,French,16,149
multilingual,jlens_camila,fr-place-near-far,place,16,4318
multilingual,jlens_camila,fr-place-near-far,near,16,20544
multilingual,jlens_camila,fr-place-near-far,far,16,27835
multilingual,jlens_camila,fr-place-near-far,French,24,5
multilingual,jlens_camila,fr-place-near-far,place,24,6042
multilingual,jlens_camila,fr-place-near-far,near,24,9437
multilingual,jlens_camila,fr-place-near-far,far,24,28215
multilingual,jlens_camila,fr-place-near-far,French,32,27
multilingual,jlens_camila,fr-place-near-far,place,32,14846
multilingual,jlens_camila,fr-place-near-far,near,32,50319
multilingual,jlens_camila,fr-place-near-far,far,32,30706
multilingual,jlens_camila,fr-place-near-far,French,40,132
multilingual,jlens_camila,fr-place-near-far,place,40,9882
multilingual,jlens_camila,fr-place-near-far,near,40,253
multilingual,jlens_camila,fr-place-near-far,far,40,834
multilingual,jlens_camila,fr-place-near-far,French,48,445
multilingual,jlens_camila,fr-place-near-far,place,48,13701
multilingual,jlens_camila,fr-place-near-far,near,48,2552
multilingual,jlens_camila,fr-place-near-far,far,48,334
multilingual,jlens_camila,fr-place-near-far,French,56,1606
multilingual,jlens_camila,fr-place-near-far,place,56,20784
multilingual,jlens_camila,fr-place-near-far,near,56,207
multilingual,jlens_camila,fr-place-near-far,far,56,1
multilingual,rlens_camila,fr-place-near-far,French,8,387
multilingual,rlens_camila,fr-place-near-far,place,8,1082
multilingual,rlens_camila,fr-place-near-far,near,8,433
multilingual,rlens_camila,fr-place-near-far,far,8,764
multilingual,rlens_camila,fr-place-near-far,French,16,619
multilingual,rlens_camila,fr-place-near-far,place,16,511
multilingual,rlens_camila,fr-place-near-far,near,16,4211
multilingual,rlens_camila,fr-place-near-far,far,16,3396
multilingual,rlens_camila,fr-place-near-far,French,24,2
multilingual,rlens_camila,fr-place-near-far,place,24,410
multilingual,rlens_camila,fr-place-near-far,near,24,1820
multilingual,rlens_camila,fr-place-near-far,far,24,550
multilingual,rlens_camila,fr-place-near-far,French,32,32
multilingual,rlens_camila,fr-place-near-far,place,32,2062
multilingual,rlens_camila,fr-place-near-far,near,32,10645
multilingual,rlens_camila,fr-place-near-far,far,32,1148
multilingual,rlens_camila,fr-place-near-far,French,40,97
multilingual,rlens_camila,fr-place-near-far,place,40,3599
multilingual,rlens_camila,fr-place-near-far,near,40,209
multilingual,rlens_camila,fr-place-near-far,far,40,77
multilingual,rlens_camila,fr-place-near-far,French,48,182
multilingual,rlens_camila,fr-place-near-far,place,48,4185
multilingual,rlens_camila,fr-place-near-far,near,48,1813
multilingual,rlens_camila,fr-place-near-far,far,48,46
multilingual,rlens_camila,fr-place-near-far,French,56,1193
multilingual,rlens_camila,fr-place-near-far,place,56,11990
multilingual,rlens_camila,fr-place-near-far,near,56,179
multilingual,rlens_camila,fr-place-near-far,far,56,1
multilingual,jpp_released,fr-place-near-far,French,8,2
multilingual,jpp_released,fr-place-near-far,place,8,23825
multilingual,jpp_released,fr-place-near-far,near,8,17556
multilingual,jpp_released,fr-place-near-far,far,8,8661
multilingual,jpp_released,fr-place-near-far,French,16,14
multilingual,jpp_released,fr-place-near-far,place,16,468
multilingual,jpp_released,fr-place-near-far,near,16,1488
multilingual,jpp_released,fr-place-near-far,far,16,191
multilingual,jpp_released,fr-place-near-far,French,24,1
multilingual,jpp_released,fr-place-near-far,place,24,364
multilingual,jpp_released,fr-place-near-far,near,24,533
multilingual,jpp_released,fr-place-near-far,far,24,201
multilingual,jpp_released,fr-place-near-far,French,32,1
multilingual,jpp_released,fr-place-near-far,place,32,643
multilingual,jpp_released,fr-place-near-far,near,32,6844
multilingual,jpp_released,fr-place-near-far,far,32,270
multilingual,jpp_released,fr-place-near-far,French,40,10
multilingual,jpp_released,fr-place-near-far,place,40,157
multilingual,jpp_released,fr-place-near-far,near,40,41
multilingual,jpp_released,fr-place-near-far,far,40,29
multilingual,jpp_released,fr-place-near-far,French,48,28
multilingual,jpp_released,fr-place-near-far,place,48,206
multilingual,jpp_released,fr-place-near-far,near,48,339
multilingual,jpp_released,fr-place-near-far,far,48,17
multilingual,jpp_released,fr-place-near-far,French,56,367
multilingual,jpp_released,fr-place-near-far,place,56,568
multilingual,jpp_released,fr-place-near-far,near,56,169
multilingual,jpp_released,fr-place-near-far,far,56,1
multilingual,logit,de-place-near-far,German,8,2536
multilingual,logit,de-place-near-far,place,8,3386
multilingual,logit,de-place-near-far,near,8,901
multilingual,logit,de-place-near-far,far,8,1293
multilingual,logit,de-place-near-far,German,16,13716
multilingual,logit,de-place-near-far,place,16,4610
multilingual,logit,de-place-near-far,near,16,10870
multilingual,logit,de-place-near-far,far,16,4512
multilingual,logit,de-place-near-far,German,24,17868
multilingual,logit,de-place-near-far,place,24,4482
multilingual,logit,de-place-near-far,near,24,21972
multilingual,logit,de-place-near-far,far,24,6260
multilingual,logit,de-place-near-far,German,32,3751
multilingual,logit,de-place-near-far,place,32,26472
multilingual,logit,de-place-near-far,near,32,57666
multilingual,logit,de-place-near-far,far,32,1058
multilingual,logit,de-place-near-far,German,40,6864
multilingual,logit,de-place-near-far,place,40,46816
multilingual,logit,de-place-near-far,near,40,975
multilingual,logit,de-place-near-far,far,40,117
multilingual,logit,de-place-near-far,German,48,4190
multilingual,logit,de-place-near-far,place,48,19253
multilingual,logit,de-place-near-far,near,48,12088
multilingual,logit,de-place-near-far,far,48,91
multilingual,logit,de-place-near-far,German,56,58602
multilingual,logit,de-place-near-far,place,56,45804
multilingual,logit,de-place-near-far,near,56,193
multilingual,logit,de-place-near-far,far,56,1
multilingual,jlens_camila,de-place-near-far,German,8,7532
multilingual,jlens_camila,de-place-near-far,place,8,112439
multilingual,jlens_camila,de-place-near-far,near,8,37518
multilingual,jlens_camila,de-place-near-far,far,8,18396
multilingual,jlens_camila,de-place-near-far,German,16,1728
multilingual,jlens_camila,de-place-near-far,place,16,13438
multilingual,jlens_camila,de-place-near-far,near,16,13279
multilingual,jlens_camila,de-place-near-far,far,16,7588
multilingual,jlens_camila,de-place-near-far,German,24,9
multilingual,jlens_camila,de-place-near-far,place,24,8084
multilingual,jlens_camila,de-place-near-far,near,24,12540
multilingual,jlens_camila,de-place-near-far,far,24,13925
multilingual,jlens_camila,de-place-near-far,German,32,34
multilingual,jlens_camila,de-place-near-far,place,32,20965
multilingual,jlens_camila,de-place-near-far,near,32,60780
multilingual,jlens_camila,de-place-near-far,far,32,8333
multilingual,jlens_camila,de-place-near-far,German,40,299
multilingual,jlens_camila,de-place-near-far,place,40,19975
multilingual,jlens_camila,de-place-near-far,near,40,565
multilingual,jlens_camila,de-place-near-far,far,40,231
multilingual,jlens_camila,de-place-near-far,German,48,791
multilingual,jlens_camila,de-place-near-far,place,48,21658
multilingual,jlens_camila,de-place-near-far,near,48,4761
multilingual,jlens_camila,de-place-near-far,far,48,159
multilingual,jlens_camila,de-place-near-far,German,56,14461
multilingual,jlens_camila,de-place-near-far,place,56,64344
multilingual,jlens_camila,de-place-near-far,near,56,210
multilingual,jlens_camila,de-place-near-far,far,56,2
multilingual,rlens_camila,de-place-near-far,German,8,1298
multilingual,rlens_camila,de-place-near-far,place,8,1434
multilingual,rlens_camila,de-place-near-far,near,8,195
multilingual,rlens_camila,de-place-near-far,far,8,430
multilingual,rlens_camila,de-place-near-far,German,16,1212
multilingual,rlens_camila,de-place-near-far,place,16,850
multilingual,rlens_camila,de-place-near-far,near,16,2769
multilingual,rlens_camila,de-place-near-far,far,16,1813
multilingual,rlens_camila,de-place-near-far,German,24,4
multilingual,rlens_camila,de-place-near-far,place,24,677
multilingual,rlens_camila,de-place-near-far,near,24,1126
multilingual,rlens_camila,de-place-near-far,far,24,185
multilingual,rlens_camila,de-place-near-far,German,32,24
multilingual,rlens_camila,de-place-near-far,place,32,1900
multilingual,rlens_camila,de-place-near-far,near,32,5552
multilingual,rlens_camila,de-place-near-far,far,32,216
multilingual,rlens_camila,de-place-near-far,German,40,177
multilingual,rlens_camila,de-place-near-far,place,40,6860
multilingual,rlens_camila,de-place-near-far,near,40,263
multilingual,rlens_camila,de-place-near-far,far,40,35
multilingual,rlens_camila,de-place-near-far,German,48,302
multilingual,rlens_camila,de-place-near-far,place,48,7208
multilingual,rlens_camila,de-place-near-far,near,48,2175
multilingual,rlens_camila,de-place-near-far,far,48,32
multilingual,rlens_camila,de-place-near-far,German,56,6870
multilingual,rlens_camila,de-place-near-far,place,56,40545
multilingual,rlens_camila,de-place-near-far,near,56,165
multilingual,rlens_camila,de-place-near-far,far,56,1
multilingual,jpp_released,de-place-near-far,German,8,137
multilingual,jpp_released,de-place-near-far,place,8,13981
multilingual,jpp_released,de-place-near-far,near,8,4472
multilingual,jpp_released,de-place-near-far,far,8,1660
multilingual,jpp_released,de-place-near-far,German,16,2
multilingual,jpp_released,de-place-near-far,place,16,1243
multilingual,jpp_released,de-place-near-far,near,16,1301
multilingual,jpp_released,de-place-near-far,far,16,267
multilingual,jpp_released,de-place-near-far,German,24,1
multilingual,jpp_released,de-place-near-far,place,24,841
multilingual,jpp_released,de-place-near-far,near,24,252
multilingual,jpp_released,de-place-near-far,far,24,93
multilingual,jpp_released,de-place-near-far,German,32,1
multilingual,jpp_released,de-place-near-far,place,32,715
multilingual,jpp_released,de-place-near-far,near,32,3572
multilingual,jpp_released,de-place-near-far,far,32,119
multilingual,jpp_released,de-place-near-far,German,40,34
multilingual,jpp_released,de-place-near-far,place,40,301
multilingual,jpp_released,de-place-near-far,near,40,50
multilingual,jpp_released,de-place-near-far,far,40,12
multilingual,jpp_released,de-place-near-far,German,48,37
multilingual,jpp_released,de-place-near-far,place,48,338
multilingual,jpp_released,de-place-near-far,near,48,229
multilingual,jpp_released,de-place-near-far,far,48,9
multilingual,jpp_released,de-place-near-far,German,56,235
multilingual,jpp_released,de-place-near-far,place,56,7625
multilingual,jpp_released,de-place-near-far,near,56,168
multilingual,jpp_released,de-place-near-far,far,56,1
multilingual,logit,pt-place-near-far,português,8,159024
multilingual,logit,pt-place-near-far,place,8,3482
multilingual,logit,pt-place-near-far,near,8,470
multilingual,logit,pt-place-near-far,far,8,778
multilingual,logit,pt-place-near-far,português,16,181347
multilingual,logit,pt-place-near-far,place,16,4462
multilingual,logit,pt-place-near-far,near,16,9863
multilingual,logit,pt-place-near-far,far,16,2452
multilingual,logit,pt-place-near-far,português,24,123563
multilingual,logit,pt-place-near-far,place,24,23959
multilingual,logit,pt-place-near-far,near,24,59736
multilingual,logit,pt-place-near-far,far,24,5750
multilingual,logit,pt-place-near-far,português,32,60828
multilingual,logit,pt-place-near-far,place,32,53775
multilingual,logit,pt-place-near-far,near,32,80354
multilingual,logit,pt-place-near-far,far,32,10803
multilingual,logit,pt-place-near-far,português,40,96481
multilingual,logit,pt-place-near-far,place,40,21996
multilingual,logit,pt-place-near-far,near,40,841
multilingual,logit,pt-place-near-far,far,40,377
multilingual,logit,pt-place-near-far,português,48,160792
multilingual,logit,pt-place-near-far,place,48,11464
multilingual,logit,pt-place-near-far,near,48,9092
multilingual,logit,pt-place-near-far,far,48,128
multilingual,logit,pt-place-near-far,português,56,122012
multilingual,logit,pt-place-near-far,place,56,45858
multilingual,logit,pt-place-near-far,near,56,186
multilingual,logit,pt-place-near-far,far,56,1
multilingual,jlens_camila,pt-place-near-far,português,8,48054
multilingual,jlens_camila,pt-place-near-far,place,8,76449
multilingual,jlens_camila,pt-place-near-far,near,8,37973
multilingual,jlens_camila,pt-place-near-far,far,8,23065
multilingual,jlens_camila,pt-place-near-far,português,16,42775
multilingual,jlens_camila,pt-place-near-far,place,16,6237
multilingual,jlens_camila,pt-place-near-far,near,16,5632
multilingual,jlens_camila,pt-place-near-far,far,16,9326
multilingual,jlens_camila,pt-place-near-far,português,24,1364
multilingual,jlens_camila,pt-place-near-far,place,24,6251
multilingual,jlens_camila,pt-place-near-far,near,24,2875
multilingual,jlens_camila,pt-place-near-far,far,24,20813
multilingual,jlens_camila,pt-place-near-far,português,32,4843
multilingual,jlens_camila,pt-place-near-far,place,32,17638
multilingual,jlens_camila,pt-place-near-far,near,32,29618
multilingual,jlens_camila,pt-place-near-far,far,32,9208
multilingual,jlens_camila,pt-place-near-far,português,40,26181
multilingual,jlens_camila,pt-place-near-far,place,40,10263
multilingual,jlens_camila,pt-place-near-far,near,40,195
multilingual,jlens_camila,pt-place-near-far,far,40,384
multilingual,jlens_camila,pt-place-near-far,português,48,109809
multilingual,jlens_camila,pt-place-near-far,place,48,12540
multilingual,jlens_camila,pt-place-near-far,near,48,1506
multilingual,jlens_camila,pt-place-near-far,far,48,187
multilingual,jlens_camila,pt-place-near-far,português,56,48021
multilingual,jlens_camila,pt-place-near-far,place,56,14559
multilingual,jlens_camila,pt-place-near-far,near,56,154
multilingual,jlens_camila,pt-place-near-far,far,56,2
multilingual,rlens_camila,pt-place-near-far,português,8,39683
multilingual,rlens_camila,pt-place-near-far,place,8,912
multilingual,rlens_camila,pt-place-near-far,near,8,402
multilingual,rlens_camila,pt-place-near-far,far,8,540
multilingual,rlens_camila,pt-place-near-far,português,16,48780
multilingual,rlens_camila,pt-place-near-far,place,16,711
multilingual,rlens_camila,pt-place-near-far,near,16,1700
multilingual,rlens_camila,pt-place-near-far,far,16,2279
multilingual,rlens_camila,pt-place-near-far,português,24,3547
multilingual,rlens_camila,pt-place-near-far,place,24,470
multilingual,rlens_camila,pt-place-near-far,near,24,976
multilingual,rlens_camila,pt-place-near-far,far,24,417
multilingual,rlens_camila,pt-place-near-far,português,32,21694
multilingual,rlens_camila,pt-place-near-far,place,32,1377
multilingual,rlens_camila,pt-place-near-far,near,32,4641
multilingual,rlens_camila,pt-place-near-far,far,32,452
multilingual,rlens_camila,pt-place-near-far,português,40,52778
multilingual,rlens_camila,pt-place-near-far,place,40,2982
multilingual,rlens_camila,pt-place-near-far,near,40,137
multilingual,rlens_camila,pt-place-near-far,far,40,55
multilingual,rlens_camila,pt-place-near-far,português,48,128181
multilingual,rlens_camila,pt-place-near-far,place,48,3629
multilingual,rlens_camila,pt-place-near-far,near,48,920
multilingual,rlens_camila,pt-place-near-far,far,48,33
multilingual,rlens_camila,pt-place-near-far,português,56,54259
multilingual,rlens_camila,pt-place-near-far,place,56,12268
multilingual,rlens_camila,pt-place-near-far,near,56,135
multilingual,rlens_camila,pt-place-near-far,far,56,1
multilingual,jpp_released,pt-place-near-far,português,8,23481
multilingual,jpp_released,pt-place-near-far,place,8,4544
multilingual,jpp_released,pt-place-near-far,near,8,6034
multilingual,jpp_released,pt-place-near-far,far,8,2951
multilingual,jpp_released,pt-place-near-far,português,16,25389
multilingual,jpp_released,pt-place-near-far,place,16,469
multilingual,jpp_released,pt-place-near-far,near,16,1509
multilingual,jpp_released,pt-place-near-far,far,16,120
multilingual,jpp_released,pt-place-near-far,português,24,4272
multilingual,jpp_released,pt-place-near-far,place,24,252
multilingual,jpp_released,pt-place-near-far,near,24,365
multilingual,jpp_released,pt-place-near-far,far,24,195
multilingual,jpp_released,pt-place-near-far,português,32,1184
multilingual,jpp_released,pt-place-near-far,place,32,484
multilingual,jpp_released,pt-place-near-far,near,32,3532
multilingual,jpp_released,pt-place-near-far,far,32,153
multilingual,jpp_released,pt-place-near-far,português,40,17106
multilingual,jpp_released,pt-place-near-far,place,40,136
multilingual,jpp_released,pt-place-near-far,near,40,37
multilingual,jpp_released,pt-place-near-far,far,40,25
multilingual,jpp_released,pt-place-near-far,português,48,47707
multilingual,jpp_released,pt-place-near-far,place,48,126
multilingual,jpp_released,pt-place-near-far,near,48,155
multilingual,jpp_released,pt-place-near-far,far,48,12
multilingual,jpp_released,pt-place-near-far,português,56,1715
multilingual,jpp_released,pt-place-near-far,place,56,919
multilingual,jpp_released,pt-place-near-far,near,56,115
multilingual,jpp_released,pt-place-near-far,far,56,1
multilingual,logit,fr-time-old-young,French,8,2200
multilingual,logit,fr-time-old-young,time,8,504
multilingual,logit,fr-time-old-young,old,8,802
multilingual,logit,fr-time-old-young,young,8,4049
multilingual,logit,fr-time-old-young,French,16,17518
multilingual,logit,fr-time-old-young,time,16,8247
multilingual,logit,fr-time-old-young,old,16,668
multilingual,logit,fr-time-old-young,young,16,9067
multilingual,logit,fr-time-old-young,French,24,1762
multilingual,logit,fr-time-old-young,time,24,46925
multilingual,logit,fr-time-old-young,old,24,5389
multilingual,logit,fr-time-old-young,young,24,9854
multilingual,logit,fr-time-old-young,French,32,3560
multilingual,logit,fr-time-old-young,time,32,13829
multilingual,logit,fr-time-old-young,old,32,4958
multilingual,logit,fr-time-old-young,young,32,15450
multilingual,logit,fr-time-old-young,French,40,11391
multilingual,logit,fr-time-old-young,time,40,1334
multilingual,logit,fr-time-old-young,old,40,2005
multilingual,logit,fr-time-old-young,young,40,99
multilingual,logit,fr-time-old-young,French,48,14348
multilingual,logit,fr-time-old-young,time,48,14311
multilingual,logit,fr-time-old-young,old,48,2397
multilingual,logit,fr-time-old-young,young,48,310
multilingual,logit,fr-time-old-young,French,56,12240
multilingual,logit,fr-time-old-young,time,56,3614
multilingual,logit,fr-time-old-young,old,56,9
multilingual,logit,fr-time-old-young,young,56,46
multilingual,jlens_camila,fr-time-old-young,French,8,302
multilingual,jlens_camila,fr-time-old-young,time,8,28877
multilingual,jlens_camila,fr-time-old-young,old,8,69065
multilingual,jlens_camila,fr-time-old-young,young,8,4989
multilingual,jlens_camila,fr-time-old-young,French,16,93
multilingual,jlens_camila,fr-time-old-young,time,16,8614
multilingual,jlens_camila,fr-time-old-young,old,16,2944
multilingual,jlens_camila,fr-time-old-young,young,16,74847
multilingual,jlens_camila,fr-time-old-young,French,24,3
multilingual,jlens_camila,fr-time-old-young,time,24,116328
multilingual,jlens_camila,fr-time-old-young,old,24,1412
multilingual,jlens_camila,fr-time-old-young,young,24,30506
multilingual,jlens_camila,fr-time-old-young,French,32,7
multilingual,jlens_camila,fr-time-old-young,time,32,123069
multilingual,jlens_camila,fr-time-old-young,old,32,1132
multilingual,jlens_camila,fr-time-old-young,young,32,9719
multilingual,jlens_camila,fr-time-old-young,French,40,104
multilingual,jlens_camila,fr-time-old-young,time,40,15370
multilingual,jlens_camila,fr-time-old-young,old,40,74
multilingual,jlens_camila,fr-time-old-young,young,40,14
multilingual,jlens_camila,fr-time-old-young,French,48,348
multilingual,jlens_camila,fr-time-old-young,time,48,52053
multilingual,jlens_camila,fr-time-old-young,old,48,65
multilingual,jlens_camila,fr-time-old-young,young,48,5
multilingual,jlens_camila,fr-time-old-young,French,56,1434
multilingual,jlens_camila,fr-time-old-young,time,56,15002
multilingual,jlens_camila,fr-time-old-young,old,56,3
multilingual,jlens_camila,fr-time-old-young,young,56,23
multilingual,rlens_camila,fr-time-old-young,French,8,406
multilingual,rlens_camila,fr-time-old-young,time,8,1099
multilingual,rlens_camila,fr-time-old-young,old,8,156
multilingual,rlens_camila,fr-time-old-young,young,8,1898
multilingual,rlens_camila,fr-time-old-young,French,16,453
multilingual,rlens_camila,fr-time-old-young,time,16,1627
multilingual,rlens_camila,fr-time-old-young,old,16,392
multilingual,rlens_camila,fr-time-old-young,young,16,2177
multilingual,rlens_camila,fr-time-old-young,French,24,2
multilingual,rlens_camila,fr-time-old-young,time,24,9058
multilingual,rlens_camila,fr-time-old-young,old,24,166
multilingual,rlens_camila,fr-time-old-young,young,24,1392
multilingual,rlens_camila,fr-time-old-young,French,32,12
multilingual,rlens_camila,fr-time-old-young,time,32,23358
multilingual,rlens_camila,fr-time-old-young,old,32,565
multilingual,rlens_camila,fr-time-old-young,young,32,1407
multilingual,rlens_camila,fr-time-old-young,French,40,69
multilingual,rlens_camila,fr-time-old-young,time,40,6107
multilingual,rlens_camila,fr-time-old-young,old,40,74
multilingual,rlens_camila,fr-time-old-young,young,40,10
multilingual,rlens_camila,fr-time-old-young,French,48,125
multilingual,rlens_camila,fr-time-old-young,time,48,23584
multilingual,rlens_camila,fr-time-old-young,old,48,78
multilingual,rlens_camila,fr-time-old-young,young,48,9
multilingual,rlens_camila,fr-time-old-young,French,56,957
multilingual,rlens_camila,fr-time-old-young,time,56,5358
multilingual,rlens_camila,fr-time-old-young,old,56,3
multilingual,rlens_camila,fr-time-old-young,young,56,12
multilingual,jpp_released,fr-time-old-young,French,8,2
multilingual,jpp_released,fr-time-old-young,time,8,59100
multilingual,jpp_released,fr-time-old-young,old,8,3794
multilingual,jpp_released,fr-time-old-young,young,8,64058
multilingual,jpp_released,fr-time-old-young,French,16,5
multilingual,jpp_released,fr-time-old-young,time,16,2947
multilingual,jpp_released,fr-time-old-young,old,16,260
multilingual,jpp_released,fr-time-old-young,young,16,1681
multilingual,jpp_released,fr-time-old-young,French,24,1
multilingual,jpp_released,fr-time-old-young,time,24,4754
multilingual,jpp_released,fr-time-old-young,old,24,35
multilingual,jpp_released,fr-time-old-young,young,24,447
multilingual,jpp_released,fr-time-old-young,French,32,1
multilingual,jpp_released,fr-time-old-young,time,32,13706
multilingual,jpp_released,fr-time-old-young,old,32,68
multilingual,jpp_released,fr-time-old-young,young,32,1073
multilingual,jpp_released,fr-time-old-young,French,40,9
multilingual,jpp_released,fr-time-old-young,time,40,589
multilingual,jpp_released,fr-time-old-young,old,40,17
multilingual,jpp_released,fr-time-old-young,young,40,2
multilingual,jpp_released,fr-time-old-young,French,48,18
multilingual,jpp_released,fr-time-old-young,time,48,904
multilingual,jpp_released,fr-time-old-young,old,48,21
multilingual,jpp_released,fr-time-old-young,young,48,2
multilingual,jpp_released,fr-time-old-young,French,56,393
multilingual,jpp_released,fr-time-old-young,time,56,3568
multilingual,jpp_released,fr-time-old-young,old,56,3
multilingual,jpp_released,fr-time-old-young,young,56,7
multilingual,logit,fr-order-first-last,French,8,1933
multilingual,logit,fr-order-first-last,order,8,4364
multilingual,logit,fr-order-first-last,first,8,359
multilingual,logit,fr-order-first-last,last,8,3297
multilingual,logit,fr-order-first-last,French,16,14215
multilingual,logit,fr-order-first-last,order,16,800
multilingual,logit,fr-order-first-last,first,16,4212
multilingual,logit,fr-order-first-last,last,16,3181
multilingual,logit,fr-order-first-last,French,24,5232
multilingual,logit,fr-order-first-last,order,24,9432
multilingual,logit,fr-order-first-last,first,24,10373
multilingual,logit,fr-order-first-last,last,24,8499
multilingual,logit,fr-order-first-last,French,32,4792
multilingual,logit,fr-order-first-last,order,32,4495
multilingual,logit,fr-order-first-last,first,32,4907
multilingual,logit,fr-order-first-last,last,32,48194
multilingual,logit,fr-order-first-last,French,40,4337
multilingual,logit,fr-order-first-last,order,40,87
multilingual,logit,fr-order-first-last,first,40,53
multilingual,logit,fr-order-first-last,last,40,2161
multilingual,logit,fr-order-first-last,French,48,4899
multilingual,logit,fr-order-first-last,order,48,770
multilingual,logit,fr-order-first-last,first,48,79
multilingual,logit,fr-order-first-last,last,48,106
multilingual,logit,fr-order-first-last,French,56,8327
multilingual,logit,fr-order-first-last,order,56,6284
multilingual,logit,fr-order-first-last,first,56,50
multilingual,logit,fr-order-first-last,last,56,1
multilingual,jlens_camila,fr-order-first-last,French,8,335
multilingual,jlens_camila,fr-order-first-last,order,8,36518
multilingual,jlens_camila,fr-order-first-last,first,8,55000
multilingual,jlens_camila,fr-order-first-last,last,8,41167
multilingual,jlens_camila,fr-order-first-last,French,16,64
multilingual,jlens_camila,fr-order-first-last,order,16,8938
multilingual,jlens_camila,fr-order-first-last,first,16,15862
multilingual,jlens_camila,fr-order-first-last,last,16,9810
multilingual,jlens_camila,fr-order-first-last,French,24,5
multilingual,jlens_camila,fr-order-first-last,order,24,11975
multilingual,jlens_camila,fr-order-first-last,first,24,50867
multilingual,jlens_camila,fr-order-first-last,last,24,55793
multilingual,jlens_camila,fr-order-first-last,French,32,28
multilingual,jlens_camila,fr-order-first-last,order,32,4395
multilingual,jlens_camila,fr-order-first-last,first,32,26562
multilingual,jlens_camila,fr-order-first-last,last,32,21212
multilingual,jlens_camila,fr-order-first-last,French,40,181
multilingual,jlens_camila,fr-order-first-last,order,40,112
multilingual,jlens_camila,fr-order-first-last,first,40,84
multilingual,jlens_camila,fr-order-first-last,last,40,499
multilingual,jlens_camila,fr-order-first-last,French,48,938
multilingual,jlens_camila,fr-order-first-last,order,48,388
multilingual,jlens_camila,fr-order-first-last,first,48,129
multilingual,jlens_camila,fr-order-first-last,last,48,17
multilingual,jlens_camila,fr-order-first-last,French,56,1065
multilingual,jlens_camila,fr-order-first-last,order,56,2657
multilingual,jlens_camila,fr-order-first-last,first,56,44
multilingual,jlens_camila,fr-order-first-last,last,56,1
multilingual,rlens_camila,fr-order-first-last,French,8,341
multilingual,rlens_camila,fr-order-first-last,order,8,1678
multilingual,rlens_camila,fr-order-first-last,first,8,111
multilingual,rlens_camila,fr-order-first-last,last,8,1731
multilingual,rlens_camila,fr-order-first-last,French,16,257
multilingual,rlens_camila,fr-order-first-last,order,16,673
multilingual,rlens_camila,fr-order-first-last,first,16,190
multilingual,rlens_camila,fr-order-first-last,last,16,1395
multilingual,rlens_camila,fr-order-first-last,French,24,3
multilingual,rlens_camila,fr-order-first-last,order,24,626
multilingual,rlens_camila,fr-order-first-last,first,24,305
multilingual,rlens_camila,fr-order-first-last,last,24,4258
multilingual,rlens_camila,fr-order-first-last,French,32,56
multilingual,rlens_camila,fr-order-first-last,order,32,425
multilingual,rlens_camila,fr-order-first-last,first,32,533
multilingual,rlens_camila,fr-order-first-last,last,32,16659
multilingual,rlens_camila,fr-order-first-last,French,40,126
multilingual,rlens_camila,fr-order-first-last,order,40,20
multilingual,rlens_camila,fr-order-first-last,first,40,24
multilingual,rlens_camila,fr-order-first-last,last,40,548
multilingual,rlens_camila,fr-order-first-last,French,48,272
multilingual,rlens_camila,fr-order-first-last,order,48,83
multilingual,rlens_camila,fr-order-first-last,first,48,25
multilingual,rlens_camila,fr-order-first-last,last,48,10
multilingual,rlens_camila,fr-order-first-last,French,56,900
multilingual,rlens_camila,fr-order-first-last,order,56,1077
multilingual,rlens_camila,fr-order-first-last,first,56,24
multilingual,rlens_camila,fr-order-first-last,last,56,1
multilingual,jpp_released,fr-order-first-last,French,8,2
multilingual,jpp_released,fr-order-first-last,order,8,137645
multilingual,jpp_released,fr-order-first-last,first,8,7017
multilingual,jpp_released,fr-order-first-last,last,8,16893
multilingual,jpp_released,fr-order-first-last,French,16,7
multilingual,jpp_released,fr-order-first-last,order,16,1705
multilingual,jpp_released,fr-order-first-last,first,16,292
multilingual,jpp_released,fr-order-first-last,last,16,1033
multilingual,jpp_released,fr-order-first-last,French,24,1
multilingual,jpp_released,fr-order-first-last,order,24,741
multilingual,jpp_released,fr-order-first-last,first,24,236
multilingual,jpp_released,fr-order-first-last,last,24,768
multilingual,jpp_released,fr-order-first-last,French,32,1
multilingual,jpp_released,fr-order-first-last,order,32,514
multilingual,jpp_released,fr-order-first-last,first,32,937
multilingual,jpp_released,fr-order-first-last,last,32,6970
multilingual,jpp_released,fr-order-first-last,French,40,4
multilingual,jpp_released,fr-order-first-last,order,40,9
multilingual,jpp_released,fr-order-first-last,first,40,1
multilingual,jpp_released,fr-order-first-last,last,40,17
multilingual,jpp_released,fr-order-first-last,French,48,12
multilingual,jpp_released,fr-order-first-last,order,48,33
multilingual,jpp_released,fr-order-first-last,first,48,3
multilingual,jpp_released,fr-order-first-last,last,48,2
multilingual,jpp_released,fr-order-first-last,French,56,233
multilingual,jpp_released,fr-order-first-last,order,56,689
multilingual,jpp_released,fr-order-first-last,first,56,20
multilingual,jpp_released,fr-order-first-last,last,56,1
multilingual,logit,de-order-first-last,German,8,2712
multilingual,logit,de-order-first-last,order,8,1408
multilingual,logit,de-order-first-last,first,8,518
multilingual,logit,de-order-first-last,last,8,3907
multilingual,logit,de-order-first-last,German,16,9794
multilingual,logit,de-order-first-last,order,16,1043
multilingual,logit,de-order-first-last,first,16,2131
multilingual,logit,de-order-first-last,last,16,2690
multilingual,logit,de-order-first-last,German,24,7115
multilingual,logit,de-order-first-last,order,24,20800
multilingual,logit,de-order-first-last,first,24,14436
multilingual,logit,de-order-first-last,last,24,8906
multilingual,logit,de-order-first-last,German,32,785
multilingual,logit,de-order-first-last,order,32,13500
multilingual,logit,de-order-first-last,first,32,5586
multilingual,logit,de-order-first-last,last,32,51693
multilingual,logit,de-order-first-last,German,40,14070
multilingual,logit,de-order-first-last,order,40,86
multilingual,logit,de-order-first-last,first,40,28
multilingual,logit,de-order-first-last,last,40,2589
multilingual,logit,de-order-first-last,German,48,20538
multilingual,logit,de-order-first-last,order,48,478
multilingual,logit,de-order-first-last,first,48,78
multilingual,logit,de-order-first-last,last,48,49
multilingual,logit,de-order-first-last,German,56,13873
multilingual,logit,de-order-first-last,order,56,1172
multilingual,logit,de-order-first-last,first,56,29
multilingual,logit,de-order-first-last,last,56,1
multilingual,jlens_camila,de-order-first-last,German,8,9368
multilingual,jlens_camila,de-order-first-last,order,8,41911
multilingual,jlens_camila,de-order-first-last,first,8,75374
multilingual,jlens_camila,de-order-first-last,last,8,42171
multilingual,jlens_camila,de-order-first-last,German,16,2219
multilingual,jlens_camila,de-order-first-last,order,16,29784
multilingual,jlens_camila,de-order-first-last,first,16,24476
multilingual,jlens_camila,de-order-first-last,last,16,20566
multilingual,jlens_camila,de-order-first-last,German,24,23
multilingual,jlens_camila,de-order-first-last,order,24,51704
multilingual,jlens_camila,de-order-first-last,first,24,106173
multilingual,jlens_camila,de-order-first-last,last,24,80743
multilingual,jlens_camila,de-order-first-last,German,32,30
multilingual,jlens_camila,de-order-first-last,order,32,10275
multilingual,jlens_camila,de-order-first-last,first,32,35594
multilingual,jlens_camila,de-order-first-last,last,32,22878
multilingual,jlens_camila,de-order-first-last,German,40,781
multilingual,jlens_camila,de-order-first-last,order,40,172
multilingual,jlens_camila,de-order-first-last,first,40,32
multilingual,jlens_camila,de-order-first-last,last,40,188
multilingual,jlens_camila,de-order-first-last,German,48,7572
multilingual,jlens_camila,de-order-first-last,order,48,299
multilingual,jlens_camila,de-order-first-last,first,48,86
multilingual,jlens_camila,de-order-first-last,last,48,10
multilingual,jlens_camila,de-order-first-last,German,56,3557
multilingual,jlens_camila,de-order-first-last,order,56,1095
multilingual,jlens_camila,de-order-first-last,first,56,23
multilingual,jlens_camila,de-order-first-last,last,56,1
multilingual,rlens_camila,de-order-first-last,German,8,1712
multilingual,rlens_camila,de-order-first-last,order,8,2186
multilingual,rlens_camila,de-order-first-last,first,8,114
multilingual,rlens_camila,de-order-first-last,last,8,1213
multilingual,rlens_camila,de-order-first-last,German,16,1371
multilingual,rlens_camila,de-order-first-last,order,16,1238
multilingual,rlens_camila,de-order-first-last,first,16,192
multilingual,rlens_camila,de-order-first-last,last,16,1899
multilingual,rlens_camila,de-order-first-last,German,24,9
multilingual,rlens_camila,de-order-first-last,order,24,1898
multilingual,rlens_camila,de-order-first-last,first,24,464
multilingual,rlens_camila,de-order-first-last,last,24,3872
multilingual,rlens_camila,de-order-first-last,German,32,20
multilingual,rlens_camila,de-order-first-last,order,32,885
multilingual,rlens_camila,de-order-first-last,first,32,553
multilingual,rlens_camila,de-order-first-last,last,32,18680
multilingual,rlens_camila,de-order-first-last,German,40,470
multilingual,rlens_camila,de-order-first-last,order,40,22
multilingual,rlens_camila,de-order-first-last,first,40,4
multilingual,rlens_camila,de-order-first-last,last,40,167
multilingual,rlens_camila,de-order-first-last,German,48,2445
multilingual,rlens_camila,de-order-first-last,order,48,46
multilingual,rlens_camila,de-order-first-last,first,48,11
multilingual,rlens_camila,de-order-first-last,last,48,3
multilingual,rlens_camila,de-order-first-last,German,56,2824
multilingual,rlens_camila,de-order-first-last,order,56,509
multilingual,rlens_camila,de-order-first-last,first,56,17
multilingual,rlens_camila,de-order-first-last,last,56,1
multilingual,jpp_released,de-order-first-last,German,8,132
multilingual,jpp_released,de-order-first-last,order,8,77597
multilingual,jpp_released,de-order-first-last,first,8,2761
multilingual,jpp_released,de-order-first-last,last,8,4557
multilingual,jpp_released,de-order-first-last,German,16,4
multilingual,jpp_released,de-order-first-last,order,16,2645
multilingual,jpp_released,de-order-first-last,first,16,148
multilingual,jpp_released,de-order-first-last,last,16,898
multilingual,jpp_released,de-order-first-last,German,24,6
multilingual,jpp_released,de-order-first-last,order,24,1848
multilingual,jpp_released,de-order-first-last,first,24,193
multilingual,jpp_released,de-order-first-last,last,24,237
multilingual,jpp_released,de-order-first-last,German,32,1
multilingual,jpp_released,de-order-first-last,order,32,1044
multilingual,jpp_released,de-order-first-last,first,32,538
multilingual,jpp_released,de-order-first-last,last,32,6021
multilingual,jpp_released,de-order-first-last,German,40,163
multilingual,jpp_released,de-order-first-last,order,40,15
multilingual,jpp_released,de-order-first-last,first,40,1
multilingual,jpp_released,de-order-first-last,last,40,4
multilingual,jpp_released,de-order-first-last,German,48,418
multilingual,jpp_released,de-order-first-last,order,48,24
multilingual,jpp_released,de-order-first-last,first,48,3
multilingual,jpp_released,de-order-first-last,last,48,2
multilingual,jpp_released,de-order-first-last,German,56,675
multilingual,jpp_released,de-order-first-last,order,56,619
multilingual,jpp_released,de-order-first-last,first,56,13
multilingual,jpp_released,de-order-first-last,last,56,1
multilingual,logit,pt-order-first-last,português,8,135331
multilingual,logit,pt-order-first-last,order,8,1528
multilingual,logit,pt-order-first-last,first,8,502
multilingual,logit,pt-order-first-last,last,8,5065
multilingual,logit,pt-order-first-last,português,16,183782
multilingual,logit,pt-order-first-last,order,16,454
multilingual,logit,pt-order-first-last,first,16,3865
multilingual,logit,pt-order-first-last,last,16,4779
multilingual,logit,pt-order-first-last,português,24,127617
multilingual,logit,pt-order-first-last,order,24,14750
multilingual,logit,pt-order-first-last,first,24,19230
multilingual,logit,pt-order-first-last,last,24,12548
multilingual,logit,pt-order-first-last,português,32,92932
multilingual,logit,pt-order-first-last,order,32,6318
multilingual,logit,pt-order-first-last,first,32,13991
multilingual,logit,pt-order-first-last,last,32,70642
multilingual,logit,pt-order-first-last,português,40,83273
multilingual,logit,pt-order-first-last,order,40,86
multilingual,logit,pt-order-first-last,first,40,62
multilingual,logit,pt-order-first-last,last,40,835
multilingual,logit,pt-order-first-last,português,48,122403
multilingual,logit,pt-order-first-last,order,48,852
multilingual,logit,pt-order-first-last,first,48,575
multilingual,logit,pt-order-first-last,last,48,41
multilingual,logit,pt-order-first-last,português,56,159491
multilingual,logit,pt-order-first-last,order,56,899
multilingual,logit,pt-order-first-last,first,56,43
multilingual,logit,pt-order-first-last,last,56,1
multilingual,jlens_camila,pt-order-first-last,português,8,38087
multilingual,jlens_camila,pt-order-first-last,order,8,29565
multilingual,jlens_camila,pt-order-first-last,first,8,96370
multilingual,jlens_camila,pt-order-first-last,last,8,52951
multilingual,jlens_camila,pt-order-first-last,português,16,39644
multilingual,jlens_camila,pt-order-first-last,order,16,18238
multilingual,jlens_camila,pt-order-first-last,first,16,36232
multilingual,jlens_camila,pt-order-first-last,last,16,21575
multilingual,jlens_camila,pt-order-first-last,português,24,1368
multilingual,jlens_camila,pt-order-first-last,order,24,24041
multilingual,jlens_camila,pt-order-first-last,first,24,156833
multilingual,jlens_camila,pt-order-first-last,last,24,121928
multilingual,jlens_camila,pt-order-first-last,português,32,7512
multilingual,jlens_camila,pt-order-first-last,order,32,4827
multilingual,jlens_camila,pt-order-first-last,first,32,52622
multilingual,jlens_camila,pt-order-first-last,last,32,25502
multilingual,jlens_camila,pt-order-first-last,português,40,35453
multilingual,jlens_camila,pt-order-first-last,order,40,46
multilingual,jlens_camila,pt-order-first-last,first,40,69
multilingual,jlens_camila,pt-order-first-last,last,40,232
multilingual,jlens_camila,pt-order-first-last,português,48,101462
multilingual,jlens_camila,pt-order-first-last,order,48,168
multilingual,jlens_camila,pt-order-first-last,first,48,258
multilingual,jlens_camila,pt-order-first-last,last,48,4
multilingual,jlens_camila,pt-order-first-last,português,56,112756
multilingual,jlens_camila,pt-order-first-last,order,56,1140
multilingual,jlens_camila,pt-order-first-last,first,56,31
multilingual,jlens_camila,pt-order-first-last,last,56,1
multilingual,rlens_camila,pt-order-first-last,português,8,23112
multilingual,rlens_camila,pt-order-first-last,order,8,1363
multilingual,rlens_camila,pt-order-first-last,first,8,188
multilingual,rlens_camila,pt-order-first-last,last,8,3526
multilingual,rlens_camila,pt-order-first-last,português,16,50836
multilingual,rlens_camila,pt-order-first-last,order,16,871
multilingual,rlens_camila,pt-order-first-last,first,16,488
multilingual,rlens_camila,pt-order-first-last,last,16,3183
multilingual,rlens_camila,pt-order-first-last,português,24,4528
multilingual,rlens_camila,pt-order-first-last,order,24,898
multilingual,rlens_camila,pt-order-first-last,first,24,1411
multilingual,rlens_camila,pt-order-first-last,last,24,10090
multilingual,rlens_camila,pt-order-first-last,português,32,35433
multilingual,rlens_camila,pt-order-first-last,order,32,488
multilingual,rlens_camila,pt-order-first-last,first,32,579
multilingual,rlens_camila,pt-order-first-last,last,32,8394
multilingual,rlens_camila,pt-order-first-last,português,40,50905
multilingual,rlens_camila,pt-order-first-last,order,40,6
multilingual,rlens_camila,pt-order-first-last,first,40,9
multilingual,rlens_camila,pt-order-first-last,last,40,115
multilingual,rlens_camila,pt-order-first-last,português,48,105693
multilingual,rlens_camila,pt-order-first-last,order,48,36
multilingual,rlens_camila,pt-order-first-last,first,48,46
multilingual,rlens_camila,pt-order-first-last,last,48,3
multilingual,rlens_camila,pt-order-first-last,português,56,119191
multilingual,rlens_camila,pt-order-first-last,order,56,611
multilingual,rlens_camila,pt-order-first-last,first,56,18
multilingual,rlens_camila,pt-order-first-last,last,56,1
multilingual,jpp_released,pt-order-first-last,português,8,2650
multilingual,jpp_released,pt-order-first-last,order,8,97362
multilingual,jpp_released,pt-order-first-last,first,8,5567
multilingual,jpp_released,pt-order-first-last,last,8,32370
multilingual,jpp_released,pt-order-first-last,português,16,30117
multilingual,jpp_released,pt-order-first-last,order,16,1819
multilingual,jpp_released,pt-order-first-last,first,16,202
multilingual,jpp_released,pt-order-first-last,last,16,794
multilingual,jpp_released,pt-order-first-last,português,24,5984
multilingual,jpp_released,pt-order-first-last,order,24,892
multilingual,jpp_released,pt-order-first-last,first,24,645
multilingual,jpp_released,pt-order-first-last,last,24,1185
multilingual,jpp_released,pt-order-first-last,português,32,1971
multilingual,jpp_released,pt-order-first-last,order,32,328
multilingual,jpp_released,pt-order-first-last,first,32,1183
multilingual,jpp_released,pt-order-first-last,last,32,6648
multilingual,jpp_released,pt-order-first-last,português,40,33430
multilingual,jpp_released,pt-order-first-last,order,40,4
multilingual,jpp_released,pt-order-first-last,first,40,1
multilingual,jpp_released,pt-order-first-last,last,40,4
multilingual,jpp_released,pt-order-first-last,português,48,44646
multilingual,jpp_released,pt-order-first-last,order,48,16
multilingual,jpp_released,pt-order-first-last,first,48,4
multilingual,jpp_released,pt-order-first-last,last,48,1
multilingual,jpp_released,pt-order-first-last,português,56,3729
multilingual,jpp_released,pt-order-first-last,order,56,411
multilingual,jpp_released,pt-order-first-last,first,56,19
multilingual,jpp_released,pt-order-first-last,last,56,1
multilingual,logit,frn-number-after-one,français,8,117631
multilingual,logit,frn-number-after-one,number,8,613
multilingual,logit,frn-number-after-one,one,8,699
multilingual,logit,frn-number-after-one,two,8,1303
multilingual,logit,frn-number-after-one,français,16,95075
multilingual,logit,frn-number-after-one,number,16,3718
multilingual,logit,frn-number-after-one,one,16,1337
multilingual,logit,frn-number-after-one,two,16,1751
multilingual,logit,frn-number-after-one,français,24,69165
multilingual,logit,frn-number-after-one,number,24,46
multilingual,logit,frn-number-after-one,one,24,5892
multilingual,logit,frn-number-after-one,two,24,11837
multilingual,logit,frn-number-after-one,français,32,75416
multilingual,logit,frn-number-after-one,number,32,526
multilingual,logit,frn-number-after-one,one,32,399
multilingual,logit,frn-number-after-one,two,32,12098
multilingual,logit,frn-number-after-one,français,40,60845
multilingual,logit,frn-number-after-one,number,40,4
multilingual,logit,frn-number-after-one,one,40,823
multilingual,logit,frn-number-after-one,two,40,5568
multilingual,logit,frn-number-after-one,français,48,70472
multilingual,logit,frn-number-after-one,number,48,13
multilingual,logit,frn-number-after-one,one,48,35
multilingual,logit,frn-number-after-one,two,48,2290
multilingual,logit,frn-number-after-one,français,56,31682
multilingual,logit,frn-number-after-one,number,56,160
multilingual,logit,frn-number-after-one,one,56,5
multilingual,logit,frn-number-after-one,two,56,4
multilingual,jlens_camila,frn-number-after-one,français,8,50967
multilingual,jlens_camila,frn-number-after-one,number,8,8329
multilingual,jlens_camila,frn-number-after-one,one,8,61379
multilingual,jlens_camila,frn-number-after-one,two,8,63723
multilingual,jlens_camila,frn-number-after-one,français,16,73314
multilingual,jlens_camila,frn-number-after-one,number,16,1025
multilingual,jlens_camila,frn-number-after-one,one,16,64746
multilingual,jlens_camila,frn-number-after-one,two,16,144683
multilingual,jlens_camila,frn-number-after-one,français,24,6956
multilingual,jlens_camila,frn-number-after-one,number,24,11
multilingual,jlens_camila,frn-number-after-one,one,24,4545
multilingual,jlens_camila,frn-number-after-one,two,24,22768
multilingual,jlens_camila,frn-number-after-one,français,32,4238
multilingual,jlens_camila,frn-number-after-one,number,32,7
multilingual,jlens_camila,frn-number-after-one,one,32,3360
multilingual,jlens_camila,frn-number-after-one,two,32,23761
multilingual,jlens_camila,frn-number-after-one,français,40,936
multilingual,jlens_camila,frn-number-after-one,number,40,1
multilingual,jlens_camila,frn-number-after-one,one,40,2707
multilingual,jlens_camila,frn-number-after-one,two,40,4242
multilingual,jlens_camila,frn-number-after-one,français,48,5000
multilingual,jlens_camila,frn-number-after-one,number,48,1
multilingual,jlens_camila,frn-number-after-one,one,48,336
multilingual,jlens_camila,frn-number-after-one,two,48,390
multilingual,jlens_camila,frn-number-after-one,français,56,19180
multilingual,jlens_camila,frn-number-after-one,number,56,32
multilingual,jlens_camila,frn-number-after-one,one,56,6
multilingual,jlens_camila,frn-number-after-one,two,56,1
multilingual,rlens_camila,frn-number-after-one,français,8,19924
multilingual,rlens_camila,frn-number-after-one,number,8,1648
multilingual,rlens_camila,frn-number-after-one,one,8,2898
multilingual,rlens_camila,frn-number-after-one,two,8,15648
multilingual,rlens_camila,frn-number-after-one,français,16,40445
multilingual,rlens_camila,frn-number-after-one,number,16,407
multilingual,rlens_camila,frn-number-after-one,one,16,407
multilingual,rlens_camila,frn-number-after-one,two,16,3359
multilingual,rlens_camila,frn-number-after-one,français,24,3878
multilingual,rlens_camila,frn-number-after-one,number,24,3
multilingual,rlens_camila,frn-number-after-one,one,24,155
multilingual,rlens_camila,frn-number-after-one,two,24,5284
multilingual,rlens_camila,frn-number-after-one,français,32,7785
multilingual,rlens_camila,frn-number-after-one,number,32,3
multilingual,rlens_camila,frn-number-after-one,one,32,743
multilingual,rlens_camila,frn-number-after-one,two,32,19322
multilingual,rlens_camila,frn-number-after-one,français,40,3463
multilingual,rlens_camila,frn-number-after-one,number,40,1
multilingual,rlens_camila,frn-number-after-one,one,40,367
multilingual,rlens_camila,frn-number-after-one,two,40,3127
multilingual,rlens_camila,frn-number-after-one,français,48,9682
multilingual,rlens_camila,frn-number-after-one,number,48,1
multilingual,rlens_camila,frn-number-after-one,one,48,48
multilingual,rlens_camila,frn-number-after-one,two,48,154
multilingual,rlens_camila,frn-number-after-one,français,56,22663
multilingual,rlens_camila,frn-number-after-one,number,56,26
multilingual,rlens_camila,frn-number-after-one,one,56,3
multilingual,rlens_camila,frn-number-after-one,two,56,1
multilingual,jpp_released,frn-number-after-one,français,8,48
multilingual,jpp_released,frn-number-after-one,number,8,183
multilingual,jpp_released,frn-number-after-one,one,8,1167
multilingual,jpp_released,frn-number-after-one,two,8,750
multilingual,jpp_released,frn-number-after-one,français,16,2229
multilingual,jpp_released,frn-number-after-one,number,16,94
multilingual,jpp_released,frn-number-after-one,one,16,730
multilingual,jpp_released,frn-number-after-one,two,16,5219
multilingual,jpp_released,frn-number-after-one,français,24,79
multilingual,jpp_released,frn-number-after-one,number,24,3
multilingual,jpp_released,frn-number-after-one,one,24,151
multilingual,jpp_released,frn-number-after-one,two,24,2458
multilingual,jpp_released,frn-number-after-one,français,32,56
multilingual,jpp_released,frn-number-after-one,number,32,7
multilingual,jpp_released,frn-number-after-one,one,32,557
multilingual,jpp_released,frn-number-after-one,two,32,5322
multilingual,jpp_released,frn-number-after-one,français,40,410
multilingual,jpp_released,frn-number-after-one,number,40,1
multilingual,jpp_released,frn-number-after-one,one,40,64
multilingual,jpp_released,frn-number-after-one,two,40,488
multilingual,jpp_released,frn-number-after-one,français,48,3470
multilingual,jpp_released,frn-number-after-one,number,48,1
multilingual,jpp_released,frn-number-after-one,one,48,12
multilingual,jpp_released,frn-number-after-one,two,48,38
multilingual,jpp_released,frn-number-after-one,français,56,2440
multilingual,jpp_released,frn-number-after-one,number,56,4
multilingual,jpp_released,frn-number-after-one,one,56,1
multilingual,jpp_released,frn-number-after-one,two,56,5
typo,logit,typo-language,language,8,2
typo,logit,typo-language,language,16,77
typo,logit,typo-language,language,24,95
typo,logit,typo-language,language,32,1274
typo,logit,typo-language,language,40,63
typo,logit,typo-language,language,48,1701
typo,logit,typo-language,language,56,4230
typo,jlens_camila,typo-language,language,8,383
typo,jlens_camila,typo-language,language,16,1956
typo,jlens_camila,typo-language,language,24,33
typo,jlens_camila,typo-language,language,32,4
typo,jlens_camila,typo-language,language,40,2
typo,jlens_camila,typo-language,language,48,3
typo,jlens_camila,typo-language,language,56,83
typo,rlens_camila,typo-language,language,8,3
typo,rlens_camila,typo-language,language,16,164
typo,rlens_camila,typo-language,language,24,2
typo,rlens_camila,typo-language,language,32,3
typo,rlens_camila,typo-language,language,40,1
typo,rlens_camila,typo-language,language,48,2
typo,rlens_camila,typo-language,language,56,74
typo,jpp_released,typo-language,language,8,1
typo,jpp_released,typo-language,language,16,1
typo,jpp_released,typo-language,language,24,1
typo,jpp_released,typo-language,language,32,1
typo,jpp_released,typo-language,language,40,1
typo,jpp_released,typo-language,language,48,2
typo,jpp_released,typo-language,language,56,120
typo,logit,typo-government,government,8,1168
typo,logit,typo-government,government,16,2431
typo,logit,typo-government,government,24,14
typo,logit,typo-government,government,32,131
typo,logit,typo-government,government,40,3
typo,logit,typo-government,government,48,9
typo,logit,typo-government,government,56,10
typo,jlens_camila,typo-government,government,8,108
typo,jlens_camila,typo-government,government,16,413
typo,jlens_camila,typo-government,government,24,13
typo,jlens_camila,typo-government,government,32,1
typo,jlens_camila,typo-government,government,40,1
typo,jlens_camila,typo-government,government,48,1
typo,jlens_camila,typo-government,government,56,2
typo,rlens_camila,typo-government,government,8,89
typo,rlens_camila,typo-government,government,16,265
typo,rlens_camila,typo-government,government,24,2
typo,rlens_camila,typo-government,government,32,1
typo,rlens_camila,typo-government,government,40,1
typo,rlens_camila,typo-government,government,48,1
typo,rlens_camila,typo-government,government,56,4
typo,jpp_released,typo-government,government,8,2
typo,jpp_released,typo-government,government,16,2
typo,jpp_released,typo-government,government,24,1
typo,jpp_released,typo-government,government,32,1
typo,jpp_released,typo-government,government,40,1
typo,jpp_released,typo-government,government,48,1
typo,jpp_released,typo-government,government,56,6
typo,logit,typo-address,address,8,58
typo,logit,typo-address,address,16,250
typo,logit,typo-address,address,24,1
typo,logit,typo-address,address,32,7
typo,logit,typo-address,address,40,1
typo,logit,typo-address,address,48,5
typo,logit,typo-address,address,56,1
typo,jlens_camila,typo-address,address,8,5069
typo,jlens_camila,typo-address,address,16,7555
typo,jlens_camila,typo-address,address,24,1655
typo,jlens_camila,typo-address,address,32,94
typo,jlens_camila,typo-address,address,40,2
typo,jlens_camila,typo-address,address,48,2
typo,jlens_camila,typo-address,address,56,1
typo,rlens_camila,typo-address,address,8,601
typo,rlens_camila,typo-address,address,16,1045
typo,rlens_camila,typo-address,address,24,23
typo,rlens_camila,typo-address,address,32,3
typo,rlens_camila,typo-address,address,40,1
typo,rlens_camila,typo-address,address,48,1
typo,rlens_camila,typo-address,address,56,1
typo,jpp_released,typo-address,address,8,3
typo,jpp_released,typo-address,address,16,6
typo,jpp_released,typo-address,address,24,1
typo,jpp_released,typo-address,address,32,5
typo,jpp_released,typo-address,address,40,1
typo,jpp_released,typo-address,address,48,1
typo,jpp_released,typo-address,address,56,1
typo,logit,typo-because,because,8,6
typo,logit,typo-because,because,16,5
typo,logit,typo-because,because,24,21
typo,logit,typo-because,because,32,1356
typo,logit,typo-because,because,40,774
typo,logit,typo-because,because,48,38
typo,logit,typo-because,because,56,2659
typo,jlens_camila,typo-because,because,8,8
typo,jlens_camila,typo-because,because,16,2
typo,jlens_camila,typo-because,because,24,1
typo,jlens_camila,typo-because,because,32,4
typo,jlens_camila,typo-because,because,40,26
typo,jlens_camila,typo-because,because,48,9
typo,jlens_camila,typo-because,because,56,4818
typo,rlens_camila,typo-because,because,8,1
typo,rlens_camila,typo-because,because,16,1
typo,rlens_camila,typo-because,because,24,1
typo,rlens_camila,typo-because,because,32,4
typo,rlens_camila,typo-because,because,40,17
typo,rlens_camila,typo-because,because,48,6
typo,rlens_camila,typo-because,because,56,1097
typo,jpp_released,typo-because,because,8,2
typo,jpp_released,typo-because,because,16,6
typo,jpp_released,typo-because,because,24,1
typo,jpp_released,typo-because,because,32,6
typo,jpp_released,typo-because,because,40,23
typo,jpp_released,typo-because,because,48,37
typo,jpp_released,typo-because,because,56,2802
typo,logit,typo-until,until,8,1
typo,logit,typo-until,until,16,1
typo,logit,typo-until,until,24,1
typo,logit,typo-until,until,32,1
typo,logit,typo-until,until,40,1
typo,logit,typo-until,until,48,2
typo,logit,typo-until,until,56,20330
typo,jlens_camila,typo-until,until,8,7312
typo,jlens_camila,typo-until,until,16,3003
typo,jlens_camila,typo-until,until,24,97
typo,jlens_camila,typo-until,until,32,25
typo,jlens_camila,typo-until,until,40,2
typo,jlens_camila,typo-until,until,48,1
typo,jlens_camila,typo-until,until,56,6278
typo,rlens_camila,typo-until,until,8,278
typo,rlens_camila,typo-until,until,16,188
typo,rlens_camila,typo-until,until,24,4
typo,rlens_camila,typo-until,until,32,2
typo,rlens_camila,typo-until,until,40,1
typo,rlens_camila,typo-until,until,48,1
typo,rlens_camila,typo-until,until,56,3100
typo,jpp_released,typo-until,until,8,49
typo,jpp_released,typo-until,until,16,143
typo,jpp_released,typo-until,until,24,6
typo,jpp_released,typo-until,until,32,4
typo,jpp_released,typo-until,until,40,4
typo,jpp_released,typo-until,until,48,7
typo,jpp_released,typo-until,until,56,4042
typo,logit,typo-something,something,8,5
typo,logit,typo-something,something,16,3
typo,logit,typo-something,something,24,263
typo,logit,typo-something,something,32,3781
typo,logit,typo-something,something,40,2485
typo,logit,typo-something,something,48,1375
typo,logit,typo-something,something,56,5290
typo,jlens_camila,typo-something,something,8,78
typo,jlens_camila,typo-something,something,16,85
typo,jlens_camila,typo-something,something,24,40
typo,jlens_camila,typo-something,something,32,40
typo,jlens_camila,typo-something,something,40,14
typo,jlens_camila,typo-something,something,48,9
typo,jlens_camila,typo-something,something,56,1301
typo,rlens_camila,typo-something,something,8,17
typo,rlens_camila,typo-something,something,16,29
typo,rlens_camila,typo-something,something,24,31
typo,rlens_camila,typo-something,something,32,41
typo,rlens_camila,typo-something,something,40,23
typo,rlens_camila,typo-something,something,48,28
typo,rlens_camila,typo-something,something,56,1447
typo,jpp_released,typo-something,something,8,3
typo,jpp_released,typo-something,something,16,1
typo,jpp_released,typo-something,something,24,1
typo,jpp_released,typo-something,something,32,2
typo,jpp_released,typo-something,something,40,1
typo,jpp_released,typo-something,something,48,1
typo,jpp_released,typo-something,something,56,413
typo,logit,typo-business,business,8,3
typo,logit,typo-business,business,16,6
typo,logit,typo-business,business,24,2
typo,logit,typo-business,business,32,33
typo,logit,typo-business,business,40,2
typo,logit,typo-business,business,48,9
typo,logit,typo-business,business,56,74
typo,jlens_camila,typo-business,business,8,508
typo,jlens_camila,typo-business,business,16,169
typo,jlens_camila,typo-business,business,24,5
typo,jlens_camila,typo-business,business,32,1
typo,jlens_camila,typo-business,business,40,1
typo,jlens_camila,typo-business,business,48,1
typo,jlens_camila,typo-business,business,56,3
typo,rlens_camila,typo-business,business,8,11
typo,rlens_camila,typo-business,business,16,11
typo,rlens_camila,typo-business,business,24,1
typo,rlens_camila,typo-business,business,32,1
typo,rlens_camila,typo-business,business,40,1
typo,rlens_camila,typo-business,business,48,1
typo,rlens_camila,typo-business,business,56,2
typo,jpp_released,typo-business,business,8,1
typo,jpp_released,typo-business,business,16,1
typo,jpp_released,typo-business,business,24,1
typo,jpp_released,typo-business,business,32,1
typo,jpp_released,typo-business,business,40,1
typo,jpp_released,typo-business,business,48,1
typo,jpp_released,typo-business,business,56,2
typo,logit,typo-different,different,8,39
typo,logit,typo-different,different,16,8
typo,logit,typo-different,different,24,18
typo,logit,typo-different,different,32,79
typo,logit,typo-different,different,40,31
typo,logit,typo-different,different,48,374
typo,logit,typo-different,different,56,12758
typo,jlens_camila,typo-different,different,8,21
typo,jlens_camila,typo-different,different,16,10
typo,jlens_camila,typo-different,different,24,5
typo,jlens_camila,typo-different,different,32,1
typo,jlens_camila,typo-different,different,40,4
typo,jlens_camila,typo-different,different,48,8
typo,jlens_camila,typo-different,different,56,4661
typo,rlens_camila,typo-different,different,8,1
typo,rlens_camila,typo-different,different,16,1
typo,rlens_camila,typo-different,different,24,1
typo,rlens_camila,typo-different,different,32,1
typo,rlens_camila,typo-different,different,40,2
typo,rlens_camila,typo-different,different,48,4
typo,rlens_camila,typo-different,different,56,2211
typo,jpp_released,typo-different,different,8,1
typo,jpp_released,typo-different,different,16,17
typo,jpp_released,typo-different,different,24,1
typo,jpp_released,typo-different,different,32,6
typo,jpp_released,typo-different,different,40,2
typo,jpp_released,typo-different,different,48,7
typo,jpp_released,typo-different,different,56,631
typo,logit,typo-field,field,8,4
typo,logit,typo-field,field,16,537
typo,logit,typo-field,field,24,4
typo,logit,typo-field,field,32,54
typo,logit,typo-field,field,40,6
typo,logit,typo-field,field,48,368
typo,logit,typo-field,field,56,3706
typo,jlens_camila,typo-field,field,8,2284
typo,jlens_camila,typo-field,field,16,7487
typo,jlens_camila,typo-field,field,24,1603
typo,jlens_camila,typo-field,field,32,372
typo,jlens_camila,typo-field,field,40,11
typo,jlens_camila,typo-field,field,48,39
typo,jlens_camila,typo-field,field,56,336
typo,rlens_camila,typo-field,field,8,429
typo,rlens_camila,typo-field,field,16,3831
typo,rlens_camila,typo-field,field,24,157
typo,rlens_camila,typo-field,field,32,59
typo,rlens_camila,typo-field,field,40,5
typo,rlens_camila,typo-field,field,48,24
typo,rlens_camila,typo-field,field,56,155
typo,jpp_released,typo-field,field,8,4
typo,jpp_released,typo-field,field,16,1
typo,jpp_released,typo-field,field,24,2
typo,jpp_released,typo-field,field,32,1
typo,jpp_released,typo-field,field,40,1
typo,jpp_released,typo-field,field,48,1
typo,jpp_released,typo-field,field,56,81
typo,logit,typo-height,height,8,17
typo,logit,typo-height,height,16,7
typo,logit,typo-height,height,24,2
typo,logit,typo-height,height,32,4
typo,logit,typo-height,height,40,7
typo,logit,typo-height,height,48,11
typo,logit,typo-height,height,56,114
typo,jlens_camila,typo-height,height,8,1930
typo,jlens_camila,typo-height,height,16,2330
typo,jlens_camila,typo-height,height,24,71
typo,jlens_camila,typo-height,height,32,29
typo,jlens_camila,typo-height,height,40,2
typo,jlens_camila,typo-height,height,48,3
typo,jlens_camila,typo-height,height,56,89
typo,rlens_camila,typo-height,height,8,66
typo,rlens_camila,typo-height,height,16,410
typo,rlens_camila,typo-height,height,24,14
typo,rlens_camila,typo-height,height,32,7
typo,rlens_camila,typo-height,height,40,1
typo,rlens_camila,typo-height,height,48,1
typo,rlens_camila,typo-height,height,56,65
typo,jpp_released,typo-height,height,8,2
typo,jpp_released,typo-height,height,16,1
typo,jpp_released,typo-height,height,24,1
typo,jpp_released,typo-height,height,32,1
typo,jpp_released,typo-height,height,40,1
typo,jpp_released,typo-height,height,48,1
typo,jpp_released,typo-height,height,56,7
typo,logit,typo-science,science,8,62
typo,logit,typo-science,science,16,532
typo,logit,typo-science,science,24,6
typo,logit,typo-science,science,32,5
typo,logit,typo-science,science,40,1
typo,logit,typo-science,science,48,41
typo,logit,typo-science,science,56,697
typo,jlens_camila,typo-science,science,8,79
typo,jlens_camila,typo-science,science,16,55
typo,jlens_camila,typo-science,science,24,2
typo,jlens_camila,typo-science,science,32,1
typo,jlens_camila,typo-science,science,40,1
typo,jlens_camila,typo-science,science,48,1
typo,jlens_camila,typo-science,science,56,12
typo,rlens_camila,typo-science,science,8,5
typo,rlens_camila,typo-science,science,16,13
typo,rlens_camila,typo-science,science,24,1
typo,rlens_camila,typo-science,science,32,1
typo,rlens_camila,typo-science,science,40,1
typo,rlens_camila,typo-science,science,48,1
typo,rlens_camila,typo-science,science,56,9
typo,jpp_released,typo-science,science,8,1
typo,jpp_released,typo-science,science,16,1
typo,jpp_released,typo-science,science,24,1
typo,jpp_released,typo-science,science,32,1
typo,jpp_released,typo-science,science,40,1
typo,jpp_released,typo-science,science,48,1
typo,jpp_released,typo-science,science,56,14
typo,logit,typo-library,library,8,13
typo,logit,typo-library,library,16,699
typo,logit,typo-library,library,24,530
typo,logit,typo-library,library,32,3728
typo,logit,typo-library,library,40,4919
typo,logit,typo-library,library,48,3211
typo,logit,typo-library,library,56,161
typo,jlens_camila,typo-library,library,8,408
typo,jlens_camila,typo-library,library,16,1245
typo,jlens_camila,typo-library,library,24,163
typo,jlens_camila,typo-library,library,32,52
typo,jlens_camila,typo-library,library,40,21
typo,jlens_camila,typo-library,library,48,63
typo,jlens_camila,typo-library,library,56,12
typo,rlens_camila,typo-library,library,8,21
typo,rlens_camila,typo-library,library,16,203
typo,rlens_camila,typo-library,library,24,29
typo,rlens_camila,typo-library,library,32,35
typo,rlens_camila,typo-library,library,40,39
typo,rlens_camila,typo-library,library,48,58
typo,rlens_camila,typo-library,library,56,5
typo,jpp_released,typo-library,library,8,1
typo,jpp_released,typo-library,library,16,1
typo,jpp_released,typo-library,library,24,1
typo,jpp_released,typo-library,library,32,1
typo,jpp_released,typo-library,library,40,2
typo,jpp_released,typo-library,library,48,1
typo,jpp_released,typo-library,library,56,2
typo,logit,typo-together,together,8,142
typo,logit,typo-together,together,16,385
typo,logit,typo-together,together,24,497
typo,logit,typo-together,together,32,1877
typo,logit,typo-together,together,40,325
typo,logit,typo-together,together,48,2967
typo,logit,typo-together,together,56,22681
typo,jlens_camila,typo-together,together,8,171
typo,jlens_camila,typo-together,together,16,1710
typo,jlens_camila,typo-together,together,24,57
typo,jlens_camila,typo-together,together,32,62
typo,jlens_camila,typo-together,together,40,3
typo,jlens_camila,typo-together,together,48,20
typo,jlens_camila,typo-together,together,56,1582
typo,rlens_camila,typo-together,together,8,45
typo,rlens_camila,typo-together,together,16,313
typo,rlens_camila,typo-together,together,24,31
typo,rlens_camila,typo-together,together,32,36
typo,rlens_camila,typo-together,together,40,3
typo,rlens_camila,typo-together,together,48,23
typo,rlens_camila,typo-together,together,56,981
typo,jpp_released,typo-together,together,8,1
typo,jpp_released,typo-together,together,16,7
typo,jpp_released,typo-together,together,24,19
typo,jpp_released,typo-together,together,32,9
typo,jpp_released,typo-together,together,40,4
typo,jpp_released,typo-together,together,48,29
typo,jpp_released,typo-together,together,56,160
typo,logit,typo-account,account,8,11
typo,logit,typo-account,account,16,184
typo,logit,typo-account,account,24,174
typo,logit,typo-account,account,32,812
typo,logit,typo-account,account,40,47
typo,logit,typo-account,account,48,1137
typo,logit,typo-account,account,56,5
typo,jlens_camila,typo-account,account,8,6240
typo,jlens_camila,typo-account,account,16,25009
typo,jlens_camila,typo-account,account,24,4589
typo,jlens_camila,typo-account,account,32,476
typo,jlens_camila,typo-account,account,40,18
typo,jlens_camila,typo-account,account,48,35
typo,jlens_camila,typo-account,account,56,1
typo,rlens_camila,typo-account,account,8,266
typo,rlens_camila,typo-account,account,16,2969
typo,rlens_camila,typo-account,account,24,245
typo,rlens_camila,typo-account,account,32,111
typo,rlens_camila,typo-account,account,40,12
typo,rlens_camila,typo-account,account,48,33
typo,rlens_camila,typo-account,account,56,1
typo,jpp_released,typo-account,account,8,14
typo,jpp_released,typo-account,account,16,8
typo,jpp_released,typo-account,account,24,8
typo,jpp_released,typo-account,account,32,36
typo,jpp_released,typo-account,account,40,3
typo,jpp_released,typo-account,account,48,2
typo,jpp_released,typo-account,account,56,4
typo,logit,typo-function,function,8,55
typo,logit,typo-function,function,16,647
typo,logit,typo-function,function,24,388
typo,logit,typo-function,function,32,92
typo,logit,typo-function,function,40,7
typo,logit,typo-function,function,48,38
typo,logit,typo-function,function,56,1945
typo,jlens_camila,typo-function,function,8,4092
typo,jlens_camila,typo-function,function,16,3867
typo,jlens_camila,typo-function,function,24,181
typo,jlens_camila,typo-function,function,32,150
typo,jlens_camila,typo-function,function,40,2
typo,jlens_camila,typo-function,function,48,4
typo,jlens_camila,typo-function,function,56,226
typo,rlens_camila,typo-function,function,8,219
typo,rlens_camila,typo-function,function,16,566
typo,rlens_camila,typo-function,function,24,25
typo,rlens_camila,typo-function,function,32,29
typo,rlens_camila,typo-function,function,40,1
typo,rlens_camila,typo-function,function,48,1
typo,rlens_camila,typo-function,function,56,111
typo,jpp_released,typo-function,function,8,10
typo,jpp_released,typo-function,function,16,60
typo,jpp_released,typo-function,function,24,9
typo,jpp_released,typo-function,function,32,23
typo,jpp_released,typo-function,function,40,1
typo,jpp_released,typo-function,function,48,1
typo,jpp_released,typo-function,function,56,88
typo,logit,typo-against,against,8,1
typo,logit,typo-against,against,16,1
typo,logit,typo-against,against,24,6
typo,logit,typo-against,against,32,9
typo,logit,typo-against,against,40,1
typo,logit,typo-against,against,48,278
typo,logit,typo-against,against,56,16948
typo,jlens_camila,typo-against,against,8,70
typo,jlens_camila,typo-against,against,16,37
typo,jlens_camila,typo-against,against,24,8
typo,jlens_camila,typo-against,against,32,2
typo,jlens_camila,typo-against,against,40,2
typo,jlens_camila,typo-against,against,48,4
typo,jlens_camila,typo-against,against,56,7879
typo,rlens_camila,typo-against,against,8,20
typo,rlens_camila,typo-against,against,16,10
typo,rlens_camila,typo-against,against,24,3
typo,rlens_camila,typo-against,against,32,1
typo,rlens_camila,typo-against,against,40,2
typo,rlens_camila,typo-against,against,48,16
typo,rlens_camila,typo-against,against,56,5247
typo,jpp_released,typo-against,against,8,8
typo,jpp_released,typo-against,against,16,9
typo,jpp_released,typo-against,against,24,3
typo,jpp_released,typo-against,against,32,3
typo,jpp_released,typo-against,against,40,8
typo,jpp_released,typo-against,against,48,26
typo,jpp_released,typo-against,against,56,29332
typo,logit,typo-important,important,8,15
typo,logit,typo-important,important,16,9
typo,logit,typo-important,important,24,3
typo,logit,typo-important,important,32,121
typo,logit,typo-important,important,40,3
typo,logit,typo-important,important,48,53
typo,logit,typo-important,important,56,451
typo,jlens_camila,typo-important,important,8,191
typo,jlens_camila,typo-important,important,16,237
typo,jlens_camila,typo-important,important,24,28
typo,jlens_camila,typo-important,important,32,186
typo,jlens_camila,typo-important,important,40,2
typo,jlens_camila,typo-important,important,48,13
typo,jlens_camila,typo-important,important,56,343
typo,rlens_camila,typo-important,important,8,35
typo,rlens_camila,typo-important,important,16,55
typo,rlens_camila,typo-important,important,24,8
typo,rlens_camila,typo-important,important,32,132
typo,rlens_camila,typo-important,important,40,4
typo,rlens_camila,typo-important,important,48,32
typo,rlens_camila,typo-important,important,56,256
typo,jpp_released,typo-important,important,8,2
typo,jpp_released,typo-important,important,16,2
typo,jpp_released,typo-important,important,24,1
typo,jpp_released,typo-important,important,32,8
typo,jpp_released,typo-important,important,40,1
typo,jpp_released,typo-important,important,48,1
typo,jpp_released,typo-important,important,56,597
typo,logit,typo-building,building,8,18
typo,logit,typo-building,building,16,169
typo,logit,typo-building,building,24,152
typo,logit,typo-building,building,32,880
typo,logit,typo-building,building,40,72
typo,logit,typo-building,building,48,1592
typo,logit,typo-building,building,56,2780
typo,jlens_camila,typo-building,building,8,6456
typo,jlens_camila,typo-building,building,16,14617
typo,jlens_camila,typo-building,building,24,1428
typo,jlens_camila,typo-building,building,32,650
typo,jlens_camila,typo-building,building,40,15
typo,jlens_camila,typo-building,building,48,364
typo,jlens_camila,typo-building,building,56,432
typo,rlens_camila,typo-building,building,8,13
typo,rlens_camila,typo-building,building,16,1580
typo,rlens_camila,typo-building,building,24,31
typo,rlens_camila,typo-building,building,32,48
typo,rlens_camila,typo-building,building,40,1
typo,rlens_camila,typo-building,building,48,51
typo,rlens_camila,typo-building,building,56,187
typo,jpp_released,typo-building,building,8,1
typo,jpp_released,typo-building,building,16,1
typo,jpp_released,typo-building,building,24,1
typo,jpp_released,typo-building,building,32,1
typo,jpp_released,typo-building,building,40,1
typo,jpp_released,typo-building,building,48,1
typo,jpp_released,typo-building,building,56,62
typo,logit,typo-without,without,8,1
typo,logit,typo-without,without,16,466
typo,logit,typo-without,without,24,22
typo,logit,typo-without,without,32,10
typo,logit,typo-without,without,40,64
typo,logit,typo-without,without,48,369
typo,logit,typo-without,without,56,624
typo,jlens_camila,typo-without,without,8,4878
typo,jlens_camila,typo-without,without,16,2333
typo,jlens_camila,typo-without,without,24,600
typo,jlens_camila,typo-without,without,32,163
typo,jlens_camila,typo-without,without,40,3
typo,jlens_camila,typo-without,without,48,7
typo,jlens_camila,typo-without,without,56,325
typo,rlens_camila,typo-without,without,8,205
typo,rlens_camila,typo-without,without,16,411
typo,rlens_camila,typo-without,without,24,108
typo,rlens_camila,typo-without,without,32,118
typo,rlens_camila,typo-without,without,40,10
typo,rlens_camila,typo-without,without,48,47
typo,rlens_camila,typo-without,without,56,499
typo,jpp_released,typo-without,without,8,1
typo,jpp_released,typo-without,without,16,313
typo,jpp_released,typo-without,without,24,153
typo,jpp_released,typo-without,without,32,35
typo,jpp_released,typo-without,without,40,51
typo,jpp_released,typo-without,without,48,269
typo,jpp_released,typo-without,without,56,2135
typo,logit,typo-several,several,8,383
typo,logit,typo-several,several,16,3707
typo,logit,typo-several,several,24,3140
typo,logit,typo-several,several,32,16738
typo,logit,typo-several,several,40,2352
typo,logit,typo-several,several,48,4744
typo,logit,typo-several,several,56,132
typo,jlens_camila,typo-several,several,8,222
typo,jlens_camila,typo-several,several,16,561
typo,jlens_camila,typo-several,several,24,514
typo,jlens_camila,typo-several,several,32,1450
typo,jlens_camila,typo-several,several,40,194
typo,jlens_camila,typo-several,several,48,84
typo,jlens_camila,typo-several,several,56,176
typo,rlens_camila,typo-several,several,8,77
typo,rlens_camila,typo-several,several,16,170
typo,rlens_camila,typo-several,several,24,129
typo,rlens_camila,typo-several,several,32,960
typo,rlens_camila,typo-several,several,40,130
typo,rlens_camila,typo-several,several,48,89
typo,rlens_camila,typo-several,several,56,95
typo,jpp_released,typo-several,several,8,9
typo,jpp_released,typo-several,several,16,548
typo,jpp_released,typo-several,several,24,23
typo,jpp_released,typo-several,several,32,3569
typo,jpp_released,typo-several,several,40,6
typo,jpp_released,typo-several,several,48,26
typo,jpp_released,typo-several,several,56,169
typo,logit,typo-special,special,8,36
typo,logit,typo-special,special,16,60
typo,logit,typo-special,special,24,87
typo,logit,typo-special,special,32,3072
typo,logit,typo-special,special,40,1
typo,logit,typo-special,special,48,1
typo,logit,typo-special,special,56,258
typo,jlens_camila,typo-special,special,8,3823
typo,jlens_camila,typo-special,special,16,1724
typo,jlens_camila,typo-special,special,24,108
typo,jlens_camila,typo-special,special,32,134
typo,jlens_camila,typo-special,special,40,1
typo,jlens_camila,typo-special,special,48,1
typo,jlens_camila,typo-special,special,56,33
typo,rlens_camila,typo-special,special,8,24
typo,rlens_camila,typo-special,special,16,380
typo,rlens_camila,typo-special,special,24,28
typo,rlens_camila,typo-special,special,32,386
typo,rlens_camila,typo-special,special,40,1
typo,rlens_camila,typo-special,special,48,1
typo,rlens_camila,typo-special,special,56,26
typo,jpp_released,typo-special,special,8,7
typo,jpp_released,typo-special,special,16,6
typo,jpp_released,typo-special,special,24,209
typo,jpp_released,typo-special,special,32,6
typo,jpp_released,typo-special,special,40,1
typo,jpp_released,typo-special,special,48,1
typo,jpp_released,typo-special,special,56,12
typo,logit,typo-country,country,8,154
typo,logit,typo-country,country,16,10893
typo,logit,typo-country,country,24,834
typo,logit,typo-country,country,32,871
typo,logit,typo-country,country,40,7
typo,logit,typo-country,country,48,619
typo,logit,typo-country,country,56,384
typo,jlens_camila,typo-country,country,8,430
typo,jlens_camila,typo-country,country,16,4858
typo,jlens_camila,typo-country,country,24,405
typo,jlens_camila,typo-country,country,32,72
typo,jlens_camila,typo-country,country,40,1
typo,jlens_camila,typo-country,country,48,4
typo,jlens_camila,typo-country,country,56,213
typo,rlens_camila,typo-country,country,8,52
typo,rlens_camila,typo-country,country,16,1298
typo,rlens_camila,typo-country,country,24,52
typo,rlens_camila,typo-country,country,32,32
typo,rlens_camila,typo-country,country,40,1
typo,rlens_camila,typo-country,country,48,4
typo,rlens_camila,typo-country,country,56,173
typo,jpp_released,typo-country,country,8,1
typo,jpp_released,typo-country,country,16,1
typo,jpp_released,typo-country,country,24,1
typo,jpp_released,typo-country,country,32,1
typo,jpp_released,typo-country,country,40,1
typo,jpp_released,typo-country,country,48,1
typo,jpp_released,typo-country,country,56,32
typo,logit,typo-company,company,8,196
typo,logit,typo-company,company,16,10725
typo,logit,typo-company,company,24,369
typo,logit,typo-company,company,32,2272
typo,logit,typo-company,company,40,26
typo,logit,typo-company,company,48,379
typo,logit,typo-company,company,56,344
typo,jlens_camila,typo-company,company,8,520
typo,jlens_camila,typo-company,company,16,2472
typo,jlens_camila,typo-company,company,24,112
typo,jlens_camila,typo-company,company,32,24
typo,jlens_camila,typo-company,company,40,3
typo,jlens_camila,typo-company,company,48,8
typo,jlens_camila,typo-company,company,56,121
typo,rlens_camila,typo-company,company,8,84
typo,rlens_camila,typo-company,company,16,1237
typo,rlens_camila,typo-company,company,24,12
typo,rlens_camila,typo-company,company,32,12
typo,rlens_camila,typo-company,company,40,1
typo,rlens_camila,typo-company,company,48,5
typo,rlens_camila,typo-company,company,56,72
typo,jpp_released,typo-company,company,8,2
typo,jpp_released,typo-company,company,16,2
typo,jpp_released,typo-company,company,24,1
typo,jpp_released,typo-company,company,32,1
typo,jpp_released,typo-company,company,40,1
typo,jpp_released,typo-company,company,48,1
typo,jpp_released,typo-company,company,56,23
typo,logit,typo-already,already,8,2
typo,logit,typo-already,already,16,9
typo,logit,typo-already,already,24,1
typo,logit,typo-already,already,32,6
typo,logit,typo-already,already,40,2
typo,logit,typo-already,already,48,3
typo,logit,typo-already,already,56,227309
typo,jlens_camila,typo-already,already,8,39
typo,jlens_camila,typo-already,already,16,78
typo,jlens_camila,typo-already,already,24,14
typo,jlens_camila,typo-already,already,32,6
typo,jlens_camila,typo-already,already,40,1
typo,jlens_camila,typo-already,already,48,1
typo,jlens_camila,typo-already,already,56,231797
typo,rlens_camila,typo-already,already,8,1
typo,rlens_camila,typo-already,already,16,1
typo,rlens_camila,typo-already,already,24,1
typo,rlens_camila,typo-already,already,32,1
typo,rlens_camila,typo-already,already,40,1
typo,rlens_camila,typo-already,already,48,1
typo,rlens_camila,typo-already,already,56,171994
typo,jpp_released,typo-already,already,8,1
typo,jpp_released,typo-already,already,16,85
typo,jpp_released,typo-already,already,24,1
typo,jpp_released,typo-already,already,32,7
typo,jpp_released,typo-already,already,40,4
typo,jpp_released,typo-already,already,48,3
typo,jpp_released,typo-already,already,56,74631
typo,logit,typo-which,which,8,78
typo,logit,typo-which,which,16,6495
typo,logit,typo-which,which,24,3048
typo,logit,typo-which,which,32,7774
typo,logit,typo-which,which,40,414
typo,logit,typo-which,which,48,1139
typo,logit,typo-which,which,56,721
typo,jlens_camila,typo-which,which,8,213
typo,jlens_camila,typo-which,which,16,9
typo,jlens_camila,typo-which,which,24,6
typo,jlens_camila,typo-which,which,32,24
typo,jlens_camila,typo-which,which,40,62
typo,jlens_camila,typo-which,which,48,18
typo,jlens_camila,typo-which,which,56,245
typo,rlens_camila,typo-which,which,8,45
typo,rlens_camila,typo-which,which,16,18
typo,rlens_camila,typo-which,which,24,30
typo,rlens_camila,typo-which,which,32,64
typo,rlens_camila,typo-which,which,40,37
typo,rlens_camila,typo-which,which,48,34
typo,rlens_camila,typo-which,which,56,296
typo,jpp_released,typo-which,which,8,68
typo,jpp_released,typo-which,which,16,227
typo,jpp_released,typo-which,which,24,20
typo,jpp_released,typo-which,which,32,539
typo,jpp_released,typo-which,which,40,8
typo,jpp_released,typo-which,which,48,56
typo,jpp_released,typo-which,which,56,3013
typo,logit,typo-running,running,8,192
typo,logit,typo-running,running,16,738
typo,logit,typo-running,running,24,239
typo,logit,typo-running,running,32,1025
typo,logit,typo-running,running,40,893
typo,logit,typo-running,running,48,908
typo,logit,typo-running,running,56,407
typo,jlens_camila,typo-running,running,8,10828
typo,jlens_camila,typo-running,running,16,9658
typo,jlens_camila,typo-running,running,24,1423
typo,jlens_camila,typo-running,running,32,1021
typo,jlens_camila,typo-running,running,40,237
typo,jlens_camila,typo-running,running,48,713
typo,jlens_camila,typo-running,running,56,308
typo,rlens_camila,typo-running,running,8,1557
typo,rlens_camila,typo-running,running,16,5400
typo,rlens_camila,typo-running,running,24,1021
typo,rlens_camila,typo-running,running,32,980
typo,rlens_camila,typo-running,running,40,372
typo,rlens_camila,typo-running,running,48,554
typo,rlens_camila,typo-running,running,56,250
typo,jpp_released,typo-running,running,8,9
typo,jpp_released,typo-running,running,16,26
typo,jpp_released,typo-running,running,24,290
typo,jpp_released,typo-running,running,32,212
typo,jpp_released,typo-running,running,40,186
typo,jpp_released,typo-running,running,48,169
typo,jpp_released,typo-running,running,56,1380
typo,logit,typo-college,college,8,649
typo,logit,typo-college,college,16,368
typo,logit,typo-college,college,24,6
typo,logit,typo-college,college,32,649
typo,logit,typo-college,college,40,22
typo,logit,typo-college,college,48,265
typo,logit,typo-college,college,56,237
typo,jlens_camila,typo-college,college,8,6
typo,jlens_camila,typo-college,college,16,608
typo,jlens_camila,typo-college,college,24,3
typo,jlens_camila,typo-college,college,32,2
typo,jlens_camila,typo-college,college,40,1
typo,jlens_camila,typo-college,college,48,1
typo,jlens_camila,typo-college,college,56,15
typo,rlens_camila,typo-college,college,8,2
typo,rlens_camila,typo-college,college,16,106
typo,rlens_camila,typo-college,college,24,1
typo,rlens_camila,typo-college,college,32,2
typo,rlens_camila,typo-college,college,40,1
typo,rlens_camila,typo-college,college,48,1
typo,rlens_camila,typo-college,college,56,8
typo,jpp_released,typo-college,college,8,1
typo,jpp_released,typo-college,college,16,1
typo,jpp_released,typo-college,college,24,1
typo,jpp_released,typo-college,college,32,1
typo,jpp_released,typo-college,college,40,1
typo,jpp_released,typo-college,college,48,1
typo,jpp_released,typo-college,college,56,1
typo,logit,typo-million,million,8,1923
typo,logit,typo-million,million,16,10031
typo,logit,typo-million,million,24,2508
typo,logit,typo-million,million,32,6743
typo,logit,typo-million,million,40,3235
typo,logit,typo-million,million,48,5247
typo,logit,typo-million,million,56,592
typo,jlens_camila,typo-million,million,8,17998
typo,jlens_camila,typo-million,million,16,1269
typo,jlens_camila,typo-million,million,24,130
typo,jlens_camila,typo-million,million,32,73
typo,jlens_camila,typo-million,million,40,16
typo,jlens_camila,typo-million,million,48,10
typo,jlens_camila,typo-million,million,56,86
typo,rlens_camila,typo-million,million,8,389
typo,rlens_camila,typo-million,million,16,167
typo,rlens_camila,typo-million,million,24,10
typo,rlens_camila,typo-million,million,32,22
typo,rlens_camila,typo-million,million,40,3
typo,rlens_camila,typo-million,million,48,7
typo,rlens_camila,typo-million,million,56,67
typo,jpp_released,typo-million,million,8,4
typo,jpp_released,typo-million,million,16,2
typo,jpp_released,typo-million,million,24,61
typo,jpp_released,typo-million,million,32,1
typo,jpp_released,typo-million,million,40,11
typo,jpp_released,typo-million,million,48,3
typo,jpp_released,typo-million,million,56,52
typo,logit,typo-village,village,8,56
typo,logit,typo-village,village,16,2236
typo,logit,typo-village,village,24,8
typo,logit,typo-village,village,32,2734
typo,logit,typo-village,village,40,304
typo,logit,typo-village,village,48,523
typo,logit,typo-village,village,56,3500
typo,jlens_camila,typo-village,village,8,129
typo,jlens_camila,typo-village,village,16,4246
typo,jlens_camila,typo-village,village,24,70
typo,jlens_camila,typo-village,village,32,52
typo,jlens_camila,typo-village,village,40,1
typo,jlens_camila,typo-village,village,48,3
typo,jlens_camila,typo-village,village,56,135
typo,rlens_camila,typo-village,village,8,3
typo,rlens_camila,typo-village,village,16,362
typo,rlens_camila,typo-village,village,24,4
typo,rlens_camila,typo-village,village,32,9
typo,rlens_camila,typo-village,village,40,2
typo,rlens_camila,typo-village,village,48,4
typo,rlens_camila,typo-village,village,56,112
typo,jpp_released,typo-village,village,8,1
typo,jpp_released,typo-village,village,16,1
typo,jpp_released,typo-village,village,24,1
typo,jpp_released,typo-village,village,32,1
typo,jpp_released,typo-village,village,40,1
typo,jpp_released,typo-village,village,48,1
typo,jpp_released,typo-village,village,56,8
typo,logit,typo-message,message,8,23
typo,logit,typo-message,message,16,207
typo,logit,typo-message,message,24,74
typo,logit,typo-message,message,32,242
typo,logit,typo-message,message,40,97
typo,logit,typo-message,message,48,149
typo,logit,typo-message,message,56,569
typo,jlens_camila,typo-message,message,8,231
typo,jlens_camila,typo-message,message,16,316
typo,jlens_camila,typo-message,message,24,75
typo,jlens_camila,typo-message,message,32,36
typo,jlens_camila,typo-message,message,40,1
typo,jlens_camila,typo-message,message,48,4
typo,jlens_camila,typo-message,message,56,91
typo,rlens_camila,typo-message,message,8,3
typo,rlens_camila,typo-message,message,16,165
typo,rlens_camila,typo-message,message,24,12
typo,rlens_camila,typo-message,message,32,7
typo,rlens_camila,typo-message,message,40,1
typo,rlens_camila,typo-message,message,48,5
typo,rlens_camila,typo-message,message,56,47
typo,jpp_released,typo-message,message,8,3
typo,jpp_released,typo-message,message,16,2
typo,jpp_released,typo-message,message,24,1
typo,jpp_released,typo-message,message,32,1
typo,jpp_released,typo-message,message,40,1
typo,jpp_released,typo-message,message,48,1
typo,jpp_released,typo-message,message,56,9
typo,logit,typo-success,success,8,13
typo,logit,typo-success,success,16,26
typo,logit,typo-success,success,24,4
typo,logit,typo-success,success,32,49
typo,logit,typo-success,success,40,7
typo,logit,typo-success,success,48,43
typo,logit,typo-success,success,56,2
typo,jlens_camila,typo-success,success,8,1630
typo,jlens_camila,typo-success,success,16,1230
typo,jlens_camila,typo-success,success,24,198
typo,jlens_camila,typo-success,success,32,85
typo,jlens_camila,typo-success,success,40,3
typo,jlens_camila,typo-success,success,48,4
typo,jlens_camila,typo-success,success,56,2
typo,rlens_camila,typo-success,success,8,53
typo,rlens_camila,typo-success,success,16,196
typo,rlens_camila,typo-success,success,24,39
typo,rlens_camila,typo-success,success,32,29
typo,rlens_camila,typo-success,success,40,1
typo,rlens_camila,typo-success,success,48,7
typo,rlens_camila,typo-success,success,56,1
typo,jpp_released,typo-success,success,8,2
typo,jpp_released,typo-success,success,16,1
typo,jpp_released,typo-success,success,24,6
typo,jpp_released,typo-success,success,32,1
typo,jpp_released,typo-success,success,40,1
typo,jpp_released,typo-success,success,48,2
typo,jpp_released,typo-success,success,56,1
typo,logit,typo-length,length,8,3
typo,logit,typo-length,length,16,88
typo,logit,typo-length,length,24,1
typo,logit,typo-length,length,32,44
typo,logit,typo-length,length,40,70
typo,logit,typo-length,length,48,172
typo,logit,typo-length,length,56,251
typo,jlens_camila,typo-length,length,8,1829
typo,jlens_camila,typo-length,length,16,3765
typo,jlens_camila,typo-length,length,24,124
typo,jlens_camila,typo-length,length,32,74
typo,jlens_camila,typo-length,length,40,3
typo,jlens_camila,typo-length,length,48,17
typo,jlens_camila,typo-length,length,56,64
typo,rlens_camila,typo-length,length,8,172
typo,rlens_camila,typo-length,length,16,954
typo,rlens_camila,typo-length,length,24,22
typo,rlens_camila,typo-length,length,32,40
typo,rlens_camila,typo-length,length,40,5
typo,rlens_camila,typo-length,length,48,27
typo,rlens_camila,typo-length,length,56,80
typo,jpp_released,typo-length,length,8,8
typo,jpp_released,typo-length,length,16,4
typo,jpp_released,typo-length,length,24,1
typo,jpp_released,typo-length,length,32,2
typo,jpp_released,typo-length,length,40,2
typo,jpp_released,typo-length,length,48,6
typo,jpp_released,typo-length,length,56,17
typo,logit,typo-always,always,8,17
typo,logit,typo-always,always,16,31
typo,logit,typo-always,always,24,323
typo,logit,typo-always,always,32,1839
typo,logit,typo-always,always,40,248
typo,logit,typo-always,always,48,6
typo,logit,typo-always,always,56,4462
typo,jlens_camila,typo-always,always,8,9
typo,jlens_camila,typo-always,always,16,36
typo,jlens_camila,typo-always,always,24,8
typo,jlens_camila,typo-always,always,32,22
typo,jlens_camila,typo-always,always,40,1
typo,jlens_camila,typo-always,always,48,1
typo,jlens_camila,typo-always,always,56,3718
typo,rlens_camila,typo-always,always,8,1
typo,rlens_camila,typo-always,always,16,11
typo,rlens_camila,typo-always,always,24,1
typo,rlens_camila,typo-always,always,32,26
typo,rlens_camila,typo-always,always,40,1
typo,rlens_camila,typo-always,always,48,1
typo,rlens_camila,typo-always,always,56,1297
typo,jpp_released,typo-always,always,8,1
typo,jpp_released,typo-always,always,16,2
typo,jpp_released,typo-always,always,24,3
typo,jpp_released,typo-always,always,32,4
typo,jpp_released,typo-always,always,40,1
typo,jpp_released,typo-always,always,48,1
typo,jpp_released,typo-always,always,56,1160
typo,logit,typo-island,island,8,262
typo,logit,typo-island,island,16,80
typo,logit,typo-island,island,24,17
typo,logit,typo-island,island,32,818
typo,logit,typo-island,island,40,40
typo,logit,typo-island,island,48,2317
typo,logit,typo-island,island,56,764
typo,jlens_camila,typo-island,island,8,297
typo,jlens_camila,typo-island,island,16,757
typo,jlens_camila,typo-island,island,24,18
typo,jlens_camila,typo-island,island,32,23
typo,jlens_camila,typo-island,island,40,1
typo,jlens_camila,typo-island,island,48,1
typo,jlens_camila,typo-island,island,56,3
typo,rlens_camila,typo-island,island,8,3
typo,rlens_camila,typo-island,island,16,61
typo,rlens_camila,typo-island,island,24,1
typo,rlens_camila,typo-island,island,32,3
typo,rlens_camila,typo-island,island,40,1
typo,rlens_camila,typo-island,island,48,1
typo,rlens_camila,typo-island,island,56,3
typo,jpp_released,typo-island,island,8,1
typo,jpp_released,typo-island,island,16,1
typo,jpp_released,typo-island,island,24,1
typo,jpp_released,typo-island,island,32,1
typo,jpp_released,typo-island,island,40,1
typo,jpp_released,typo-island,island,48,1
typo,jpp_released,typo-island,island,56,1
typo,logit,typo-single,single,8,14
typo,logit,typo-single,single,16,13099
typo,logit,typo-single,single,24,5595
typo,logit,typo-single,single,32,4046
typo,logit,typo-single,single,40,16109
typo,logit,typo-single,single,48,21487
typo,logit,typo-single,single,56,268
typo,jlens_camila,typo-single,single,8,3816
typo,jlens_camila,typo-single,single,16,13175
typo,jlens_camila,typo-single,single,24,15527
typo,jlens_camila,typo-single,single,32,6310
typo,jlens_camila,typo-single,single,40,335
typo,jlens_camila,typo-single,single,48,192
typo,jlens_camila,typo-single,single,56,508
typo,rlens_camila,typo-single,single,8,141
typo,rlens_camila,typo-single,single,16,1522
typo,rlens_camila,typo-single,single,24,1671
typo,rlens_camila,typo-single,single,32,1564
typo,rlens_camila,typo-single,single,40,87
typo,rlens_camila,typo-single,single,48,59
typo,rlens_camila,typo-single,single,56,132
typo,jpp_released,typo-single,single,8,3
typo,jpp_released,typo-single,single,16,7
typo,jpp_released,typo-single,single,24,87
typo,jpp_released,typo-single,single,32,25
typo,jpp_released,typo-single,single,40,7
typo,jpp_released,typo-single,single,48,12
typo,jpp_released,typo-single,single,56,50
typo,logit,typo-already2,already,8,2
typo,logit,typo-already2,already,16,5
typo,logit,typo-already2,already,24,1
typo,logit,typo-already2,already,32,26
typo,logit,typo-already2,already,40,1
typo,logit,typo-already2,already,48,1
typo,logit,typo-already2,already,56,109147
typo,jlens_camila,typo-already2,already,8,87
typo,jlens_camila,typo-already2,already,16,203
typo,jlens_camila,typo-already2,already,24,88
typo,jlens_camila,typo-already2,already,32,47
typo,jlens_camila,typo-already2,already,40,1
typo,jlens_camila,typo-already2,already,48,1
typo,jlens_camila,typo-already2,already,56,167736
typo,rlens_camila,typo-already2,already,8,61
typo,rlens_camila,typo-already2,already,16,109
typo,rlens_camila,typo-already2,already,24,21
typo,rlens_camila,typo-already2,already,32,25
typo,rlens_camila,typo-already2,already,40,1
typo,rlens_camila,typo-already2,already,48,1
typo,rlens_camila,typo-already2,already,56,66224
typo,jpp_released,typo-already2,already,8,1
typo,jpp_released,typo-already2,already,16,116
typo,jpp_released,typo-already2,already,24,1
typo,jpp_released,typo-already2,already,32,8
typo,jpp_released,typo-already2,already,40,1
typo,jpp_released,typo-already2,already,48,1
typo,jpp_released,typo-already2,already,56,52809
typo,logit,typo-although,although,8,3024
typo,logit,typo-although,although,16,8270
typo,logit,typo-although,although,24,900
typo,logit,typo-although,although,32,36340
typo,logit,typo-although,although,40,29549
typo,logit,typo-although,although,48,38928
typo,logit,typo-although,although,56,2912
typo,jlens_camila,typo-although,although,8,113
typo,jlens_camila,typo-although,although,16,146
typo,jlens_camila,typo-although,although,24,70
typo,jlens_camila,typo-although,although,32,279
typo,jlens_camila,typo-although,although,40,170
typo,jlens_camila,typo-although,although,48,309
typo,jlens_camila,typo-although,although,56,4962
typo,rlens_camila,typo-although,although,8,23
typo,rlens_camila,typo-although,although,16,26
typo,rlens_camila,typo-although,although,24,23
typo,rlens_camila,typo-although,although,32,405
typo,rlens_camila,typo-although,although,40,261
typo,rlens_camila,typo-although,although,48,632
typo,rlens_camila,typo-although,although,56,5542
typo,jpp_released,typo-although,although,8,6
typo,jpp_released,typo-although,although,16,352
typo,jpp_released,typo-although,although,24,5
typo,jpp_released,typo-although,although,32,410
typo,jpp_released,typo-although,although,40,66
typo,jpp_released,typo-although,although,48,7176
typo,jpp_released,typo-although,although,56,13214
typo,logit,typo-again,again,8,940
typo,logit,typo-again,again,16,2303
typo,logit,typo-again,again,24,5727
typo,logit,typo-again,again,32,33902
typo,logit,typo-again,again,40,14972
typo,logit,typo-again,again,48,17038
typo,logit,typo-again,again,56,773
typo,jlens_camila,typo-again,again,8,1768
typo,jlens_camila,typo-again,again,16,1062
typo,jlens_camila,typo-again,again,24,356
typo,jlens_camila,typo-again,again,32,328
typo,jlens_camila,typo-again,again,40,273
typo,jlens_camila,typo-again,again,48,452
typo,jlens_camila,typo-again,again,56,609
typo,rlens_camila,typo-again,again,8,260
typo,rlens_camila,typo-again,again,16,672
typo,rlens_camila,typo-again,again,24,347
typo,rlens_camila,typo-again,again,32,365
typo,rlens_camila,typo-again,again,40,666
typo,rlens_camila,typo-again,again,48,1032
typo,rlens_camila,typo-again,again,56,654
typo,jpp_released,typo-again,again,8,1
typo,jpp_released,typo-again,again,16,11
typo,jpp_released,typo-again,again,24,10
typo,jpp_released,typo-again,again,32,1
typo,jpp_released,typo-again,again,40,763
typo,jpp_released,typo-again,again,48,1121
typo,jpp_released,typo-again,again,56,137
typo,logit,typo-model,model,8,1
typo,logit,typo-model,model,16,5
typo,logit,typo-model,model,24,3
typo,logit,typo-model,model,32,135
typo,logit,typo-model,model,40,21
typo,logit,typo-model,model,48,39
typo,logit,typo-model,model,56,313
typo,jlens_camila,typo-model,model,8,362
typo,jlens_camila,typo-model,model,16,625
typo,jlens_camila,typo-model,model,24,129
typo,jlens_camila,typo-model,model,32,87
typo,jlens_camila,typo-model,model,40,10
typo,jlens_camila,typo-model,model,48,4
typo,jlens_camila,typo-model,model,56,16
typo,rlens_camila,typo-model,model,8,129
typo,rlens_camila,typo-model,model,16,412
typo,rlens_camila,typo-model,model,24,21
typo,rlens_camila,typo-model,model,32,18
typo,rlens_camila,typo-model,model,40,8
typo,rlens_camila,typo-model,model,48,2
typo,rlens_camila,typo-model,model,56,12
typo,jpp_released,typo-model,model,8,2
typo,jpp_released,typo-model,model,16,2
typo,jpp_released,typo-model,model,24,1
typo,jpp_released,typo-model,model,32,2
typo,jpp_released,typo-model,model,40,1
typo,jpp_released,typo-model,model,48,1
typo,jpp_released,typo-model,model,56,6
typo,logit,typo-family,family,8,1
typo,logit,typo-family,family,16,24
typo,logit,typo-family,family,24,1
typo,logit,typo-family,family,32,113
typo,logit,typo-family,family,40,29
typo,logit,typo-family,family,48,37
typo,logit,typo-family,family,56,186
typo,jlens_camila,typo-family,family,8,4142
typo,jlens_camila,typo-family,family,16,5670
typo,jlens_camila,typo-family,family,24,247
typo,jlens_camila,typo-family,family,32,73
typo,jlens_camila,typo-family,family,40,6
typo,jlens_camila,typo-family,family,48,2
typo,jlens_camila,typo-family,family,56,102
typo,rlens_camila,typo-family,family,8,17
typo,rlens_camila,typo-family,family,16,267
typo,rlens_camila,typo-family,family,24,8
typo,rlens_camila,typo-family,family,32,13
typo,rlens_camila,typo-family,family,40,3
typo,rlens_camila,typo-family,family,48,1
typo,rlens_camila,typo-family,family,56,65
typo,jpp_released,typo-family,family,8,1
typo,jpp_released,typo-family,family,16,1
typo,jpp_released,typo-family,family,24,1
typo,jpp_released,typo-family,family,32,1
typo,jpp_released,typo-family,family,40,1
typo,jpp_released,typo-family,family,48,1
typo,jpp_released,typo-family,family,56,24
typo,logit,typo-future,future,8,1
typo,logit,typo-future,future,16,1
typo,logit,typo-future,future,24,1
typo,logit,typo-future,future,32,5
typo,logit,typo-future,future,40,3
typo,logit,typo-future,future,48,103
typo,logit,typo-future,future,56,152
typo,jlens_camila,typo-future,future,8,32
typo,jlens_camila,typo-future,future,16,292
typo,jlens_camila,typo-future,future,24,40
typo,jlens_camila,typo-future,future,32,83
typo,jlens_camila,typo-future,future,40,2
typo,jlens_camila,typo-future,future,48,7
typo,jlens_camila,typo-future,future,56,347
typo,rlens_camila,typo-future,future,8,4
typo,rlens_camila,typo-future,future,16,127
typo,rlens_camila,typo-future,future,24,3
typo,rlens_camila,typo-future,future,32,14
typo,rlens_camila,typo-future,future,40,2
typo,rlens_camila,typo-future,future,48,18
typo,rlens_camila,typo-future,future,56,290
typo,jpp_released,typo-future,future,8,1
typo,jpp_released,typo-future,future,16,3
typo,jpp_released,typo-future,future,24,1
typo,jpp_released,typo-future,future,32,2
typo,jpp_released,typo-future,future,40,1
typo,jpp_released,typo-future,future,48,2
typo,jpp_released,typo-future,future,56,44
typo,logit,typo-level,level,8,1
typo,logit,typo-level,level,16,1
typo,logit,typo-level,level,24,1
typo,logit,typo-level,level,32,26
typo,logit,typo-level,level,40,45
typo,logit,typo-level,level,48,308
typo,logit,typo-level,level,56,25
typo,jlens_camila,typo-level,level,8,32763
typo,jlens_camila,typo-level,level,16,16343
typo,jlens_camila,typo-level,level,24,2530
typo,jlens_camila,typo-level,level,32,528
typo,jlens_camila,typo-level,level,40,98
typo,jlens_camila,typo-level,level,48,555
typo,jlens_camila,typo-level,level,56,74
typo,rlens_camila,typo-level,level,8,814
typo,rlens_camila,typo-level,level,16,838
typo,rlens_camila,typo-level,level,24,255
typo,rlens_camila,typo-level,level,32,180
typo,rlens_camila,typo-level,level,40,126
typo,rlens_camila,typo-level,level,48,398
typo,rlens_camila,typo-level,level,56,47
typo,jpp_released,typo-level,level,8,228
typo,jpp_released,typo-level,level,16,298
typo,jpp_released,typo-level,level,24,28
typo,jpp_released,typo-level,level,32,97
typo,jpp_released,typo-level,level,40,48
typo,jpp_released,typo-level,level,48,178
typo,jpp_released,typo-level,level,56,44
typo,logit,typo-local,local,8,1
typo,logit,typo-local,local,16,3
typo,logit,typo-local,local,24,9
typo,logit,typo-local,local,32,59
typo,logit,typo-local,local,40,9
typo,logit,typo-local,local,48,29
typo,logit,typo-local,local,56,48
typo,jlens_camila,typo-local,local,8,3475
typo,jlens_camila,typo-local,local,16,590
typo,jlens_camila,typo-local,local,24,14
typo,jlens_camila,typo-local,local,32,15
typo,jlens_camila,typo-local,local,40,1
typo,jlens_camila,typo-local,local,48,1
typo,jlens_camila,typo-local,local,56,27
typo,rlens_camila,typo-local,local,8,12
typo,rlens_camila,typo-local,local,16,23
typo,rlens_camila,typo-local,local,24,1
typo,rlens_camila,typo-local,local,32,1
typo,rlens_camila,typo-local,local,40,1
typo,rlens_camila,typo-local,local,48,1
typo,rlens_camila,typo-local,local,56,64
typo,jpp_released,typo-local,local,8,2
typo,jpp_released,typo-local,local,16,1
typo,jpp_released,typo-local,local,24,1
typo,jpp_released,typo-local,local,32,1
typo,jpp_released,typo-local,local,40,1
typo,jpp_released,typo-local,local,48,1
typo,jpp_released,typo-local,local,56,2
typo,logit,typo-order,order,8,1
typo,logit,typo-order,order,16,6
typo,logit,typo-order,order,24,1
typo,logit,typo-order,order,32,61
typo,logit,typo-order,order,40,2
typo,logit,typo-order,order,48,6
typo,logit,typo-order,order,56,7
typo,jlens_camila,typo-order,order,8,67
typo,jlens_camila,typo-order,order,16,159
typo,jlens_camila,typo-order,order,24,32
typo,jlens_camila,typo-order,order,32,25
typo,jlens_camila,typo-order,order,40,11
typo,jlens_camila,typo-order,order,48,13
typo,jlens_camila,typo-order,order,56,1
typo,rlens_camila,typo-order,order,8,3
typo,rlens_camila,typo-order,order,16,40
typo,rlens_camila,typo-order,order,24,2
typo,rlens_camila,typo-order,order,32,5
typo,rlens_camila,typo-order,order,40,3
typo,rlens_camila,typo-order,order,48,2
typo,rlens_camila,typo-order,order,56,1
typo,jpp_released,typo-order,order,8,3
typo,jpp_released,typo-order,order,16,1
typo,jpp_released,typo-order,order,24,4
typo,jpp_released,typo-order,order,32,5
typo,jpp_released,typo-order,order,40,2
typo,jpp_released,typo-order,order,48,1
typo,jpp_released,typo-order,order,56,3
typo,logit,typo-power,power,8,1
typo,logit,typo-power,power,16,1
typo,logit,typo-power,power,24,1
typo,logit,typo-power,power,32,50
typo,logit,typo-power,power,40,2
typo,logit,typo-power,power,48,11
typo,logit,typo-power,power,56,2
typo,jlens_camila,typo-power,power,8,138
typo,jlens_camila,typo-power,power,16,2351
typo,jlens_camila,typo-power,power,24,492
typo,jlens_camila,typo-power,power,32,243
typo,jlens_camila,typo-power,power,40,9
typo,jlens_camila,typo-power,power,48,21
typo,jlens_camila,typo-power,power,56,1
typo,rlens_camila,typo-power,power,8,5
typo,rlens_camila,typo-power,power,16,128
typo,rlens_camila,typo-power,power,24,23
typo,rlens_camila,typo-power,power,32,27
typo,rlens_camila,typo-power,power,40,4
typo,rlens_camila,typo-power,power,48,9
typo,rlens_camila,typo-power,power,56,1
typo,jpp_released,typo-power,power,8,4
typo,jpp_released,typo-power,power,16,1
typo,jpp_released,typo-power,power,24,8
typo,jpp_released,typo-power,power,32,2
typo,jpp_released,typo-power,power,40,6
typo,jpp_released,typo-power,power,48,4
typo,jpp_released,typo-power,power,56,1
typo,logit,typo-study,study,8,2
typo,logit,typo-study,study,16,20
typo,logit,typo-study,study,24,11
typo,logit,typo-study,study,32,216
typo,logit,typo-study,study,40,9
typo,logit,typo-study,study,48,76
typo,logit,typo-study,study,56,18940
typo,jlens_camila,typo-study,study,8,236
typo,jlens_camila,typo-study,study,16,1374
typo,jlens_camila,typo-study,study,24,118
typo,jlens_camila,typo-study,study,32,12
typo,jlens_camila,typo-study,study,40,1
typo,jlens_camila,typo-study,study,48,2
typo,jlens_camila,typo-study,study,56,184
typo,rlens_camila,typo-study,study,8,54
typo,rlens_camila,typo-study,study,16,781
typo,rlens_camila,typo-study,study,24,17
typo,rlens_camila,typo-study,study,32,7
typo,rlens_camila,typo-study,study,40,1
typo,rlens_camila,typo-study,study,48,2
typo,rlens_camila,typo-study,study,56,116
typo,jpp_released,typo-study,study,8,6
typo,jpp_released,typo-study,study,16,104
typo,jpp_released,typo-study,study,24,17
typo,jpp_released,typo-study,study,32,34
typo,jpp_released,typo-study,study,40,3
typo,jpp_released,typo-study,study,48,6
typo,jpp_released,typo-study,study,56,29086
typo,logit,typo-write,write,8,186
typo,logit,typo-write,write,16,3217
typo,logit,typo-write,write,24,1316
typo,logit,typo-write,write,32,1892
typo,logit,typo-write,write,40,514
typo,logit,typo-write,write,48,536
typo,logit,typo-write,write,56,10
typo,jlens_camila,typo-write,write,8,590
typo,jlens_camila,typo-write,write,16,1604
typo,jlens_camila,typo-write,write,24,711
typo,jlens_camila,typo-write,write,32,85
typo,jlens_camila,typo-write,write,40,3
typo,jlens_camila,typo-write,write,48,2
typo,jlens_camila,typo-write,write,56,4
typo,rlens_camila,typo-write,write,8,123
typo,rlens_camila,typo-write,write,16,432
typo,rlens_camila,typo-write,write,24,253
typo,rlens_camila,typo-write,write,32,119
typo,rlens_camila,typo-write,write,40,3
typo,rlens_camila,typo-write,write,48,2
typo,rlens_camila,typo-write,write,56,4
typo,jpp_released,typo-write,write,8,13
typo,jpp_released,typo-write,write,16,140
typo,jpp_released,typo-write,write,24,76
typo,jpp_released,typo-write,write,32,400
typo,jpp_released,typo-write,write,40,3
typo,jpp_released,typo-write,write,48,25
typo,jpp_released,typo-write,write,56,8
typo,logit,typo-young,young,8,3876
typo,logit,typo-young,young,16,6316
typo,logit,typo-young,young,24,1767
typo,logit,typo-young,young,32,2717
typo,logit,typo-young,young,40,2035
typo,logit,typo-young,young,48,3856
typo,logit,typo-young,young,56,2068
typo,jlens_camila,typo-young,young,8,2409
typo,jlens_camila,typo-young,young,16,448
typo,jlens_camila,typo-young,young,24,152
typo,jlens_camila,typo-young,young,32,245
typo,jlens_camila,typo-young,young,40,88
typo,jlens_camila,typo-young,young,48,73
typo,jlens_camila,typo-young,young,56,1084
typo,rlens_camila,typo-young,young,8,18
typo,rlens_camila,typo-young,young,16,73
typo,rlens_camila,typo-young,young,24,53
typo,rlens_camila,typo-young,young,32,153
typo,rlens_camila,typo-young,young,40,118
typo,rlens_camila,typo-young,young,48,100
typo,rlens_camila,typo-young,young,56,812
typo,jpp_released,typo-young,young,8,1
typo,jpp_released,typo-young,young,16,1
typo,jpp_released,typo-young,young,24,37
typo,jpp_released,typo-young,young,32,2
typo,jpp_released,typo-young,young,40,26
typo,jpp_released,typo-young,young,48,3
typo,jpp_released,typo-young,young,56,98
typo,logit,typo-human,human,8,17
typo,logit,typo-human,human,16,103
typo,logit,typo-human,human,24,7
typo,logit,typo-human,human,32,35
typo,logit,typo-human,human,40,1
typo,logit,typo-human,human,48,28
typo,logit,typo-human,human,56,123
typo,jlens_camila,typo-human,human,8,472
typo,jlens_camila,typo-human,human,16,1366
typo,jlens_camila,typo-human,human,24,239
typo,jlens_camila,typo-human,human,32,45
typo,jlens_camila,typo-human,human,40,1
typo,jlens_camila,typo-human,human,48,1
typo,jlens_camila,typo-human,human,56,115
typo,rlens_camila,typo-human,human,8,121
typo,rlens_camila,typo-human,human,16,590
typo,rlens_camila,typo-human,human,24,67
typo,rlens_camila,typo-human,human,32,47
typo,rlens_camila,typo-human,human,40,1
typo,rlens_camila,typo-human,human,48,2
typo,rlens_camila,typo-human,human,56,85
typo,jpp_released,typo-human,human,8,1
typo,jpp_released,typo-human,human,16,1
typo,jpp_released,typo-human,human,24,9
typo,jpp_released,typo-human,human,32,1
typo,jpp_released,typo-human,human,40,1
typo,jpp_released,typo-human,human,48,1
typo,jpp_released,typo-human,human,56,48
typo,logit,typo-often,often,8,1095
typo,logit,typo-often,often,16,9395
typo,logit,typo-often,often,24,1501
typo,logit,typo-often,often,32,5101
typo,logit,typo-often,often,40,3179
typo,logit,typo-often,often,48,14110
typo,logit,typo-often,often,56,56689
typo,jlens_camila,typo-often,often,8,37
typo,jlens_camila,typo-often,often,16,94
typo,jlens_camila,typo-often,often,24,28
typo,jlens_camila,typo-often,often,32,90
typo,jlens_camila,typo-often,often,40,23
typo,jlens_camila,typo-often,often,48,119
typo,jlens_camila,typo-often,often,56,9130
typo,rlens_camila,typo-often,often,8,15
typo,rlens_camila,typo-often,often,16,31
typo,rlens_camila,typo-often,often,24,8
typo,rlens_camila,typo-often,often,32,67
typo,rlens_camila,typo-often,often,40,57
typo,rlens_camila,typo-often,often,48,287
typo,rlens_camila,typo-often,often,56,12526
typo,jpp_released,typo-often,often,8,4
typo,jpp_released,typo-often,often,16,132
typo,jpp_released,typo-often,often,24,14
typo,jpp_released,typo-often,often,32,349
typo,jpp_released,typo-often,often,40,80
typo,jpp_released,typo-often,often,48,1032
typo,jpp_released,typo-often,often,56,4290
typo,logit,typo-present,present,8,1347
typo,logit,typo-present,present,16,4290
typo,logit,typo-present,present,24,408
typo,logit,typo-present,present,32,1939
typo,logit,typo-present,present,40,5011
typo,logit,typo-present,present,48,9324
typo,logit,typo-present,present,56,39289
typo,jlens_camila,typo-present,present,8,1119
typo,jlens_camila,typo-present,present,16,850
typo,jlens_camila,typo-present,present,24,978
typo,jlens_camila,typo-present,present,32,426
typo,jlens_camila,typo-present,present,40,609
typo,jlens_camila,typo-present,present,48,2472
typo,jlens_camila,typo-present,present,56,4139
typo,rlens_camila,typo-present,present,8,1120
typo,rlens_camila,typo-present,present,16,2453
typo,rlens_camila,typo-present,present,24,677
typo,rlens_camila,typo-present,present,32,908
typo,rlens_camila,typo-present,present,40,910
typo,rlens_camila,typo-present,present,48,2824
typo,rlens_camila,typo-present,present,56,4367
typo,jpp_released,typo-present,present,8,2056
typo,jpp_released,typo-present,present,16,600
typo,jpp_released,typo-present,present,24,714
typo,jpp_released,typo-present,present,32,1035
typo,jpp_released,typo-present,present,40,659
typo,jpp_released,typo-present,present,48,1792
typo,jpp_released,typo-present,present,56,316
typo,logit,typo-product,product,8,1
typo,logit,typo-product,product,16,34
typo,logit,typo-product,product,24,1
typo,logit,typo-product,product,32,1
typo,logit,typo-product,product,40,1
typo,logit,typo-product,product,48,2
typo,logit,typo-product,product,56,530
typo,jlens_camila,typo-product,product,8,2260
typo,jlens_camila,typo-product,product,16,2682
typo,jlens_camila,typo-product,product,24,34
typo,jlens_camila,typo-product,product,32,10
typo,jlens_camila,typo-product,product,40,1
typo,jlens_camila,typo-product,product,48,3
typo,jlens_camila,typo-product,product,56,33
typo,rlens_camila,typo-product,product,8,39
typo,rlens_camila,typo-product,product,16,280
typo,rlens_camila,typo-product,product,24,6
typo,rlens_camila,typo-product,product,32,2
typo,rlens_camila,typo-product,product,40,1
typo,rlens_camila,typo-product,product,48,2
typo,rlens_camila,typo-product,product,56,27
typo,jpp_released,typo-product,product,8,3
typo,jpp_released,typo-product,product,16,2
typo,jpp_released,typo-product,product,24,1
typo,jpp_released,typo-product,product,32,1
typo,jpp_released,typo-product,product,40,1
typo,jpp_released,typo-product,product,48,2
typo,jpp_released,typo-product,product,56,14
typo,logit,typo-project,project,8,1
typo,logit,typo-project,project,16,2
typo,logit,typo-project,project,24,1
typo,logit,typo-project,project,32,744
typo,logit,typo-project,project,40,318
typo,logit,typo-project,project,48,226
typo,logit,typo-project,project,56,146
typo,jlens_camila,typo-project,project,8,2155
typo,jlens_camila,typo-project,project,16,603
typo,jlens_camila,typo-project,project,24,80
typo,jlens_camila,typo-project,project,32,69
typo,jlens_camila,typo-project,project,40,27
typo,jlens_camila,typo-project,project,48,65
typo,jlens_camila,typo-project,project,56,83
typo,rlens_camila,typo-project,project,8,76
typo,rlens_camila,typo-project,project,16,131
typo,rlens_camila,typo-project,project,24,25
typo,rlens_camila,typo-project,project,32,67
typo,rlens_camila,typo-project,project,40,57
typo,rlens_camila,typo-project,project,48,90
typo,rlens_camila,typo-project,project,56,64
typo,jpp_released,typo-project,project,8,2
typo,jpp_released,typo-project,project,16,1
typo,jpp_released,typo-project,project,24,1
typo,jpp_released,typo-project,project,32,1
typo,jpp_released,typo-project,project,40,2
typo,jpp_released,typo-project,project,48,1
typo,jpp_released,typo-project,project,56,216
typo,logit,typo-support,support,8,38
typo,logit,typo-support,support,16,301
typo,logit,typo-support,support,24,21
typo,logit,typo-support,support,32,104
typo,logit,typo-support,support,40,11
typo,logit,typo-support,support,48,109
typo,logit,typo-support,support,56,679
typo,jlens_camila,typo-support,support,8,14359
typo,jlens_camila,typo-support,support,16,45995
typo,jlens_camila,typo-support,support,24,15202
typo,jlens_camila,typo-support,support,32,1884
typo,jlens_camila,typo-support,support,40,38
typo,jlens_camila,typo-support,support,48,48
typo,jlens_camila,typo-support,support,56,662
typo,rlens_camila,typo-support,support,8,104
typo,rlens_camila,typo-support,support,16,1409
typo,rlens_camila,typo-support,support,24,505
typo,rlens_camila,typo-support,support,32,296
typo,rlens_camila,typo-support,support,40,26
typo,rlens_camila,typo-support,support,48,40
typo,rlens_camila,typo-support,support,56,356
typo,jpp_released,typo-support,support,8,9
typo,jpp_released,typo-support,support,16,4
typo,jpp_released,typo-support,support,24,23
typo,jpp_released,typo-support,support,32,27
typo,jpp_released,typo-support,support,40,9
typo,jpp_released,typo-support,support,48,8
typo,jpp_released,typo-support,support,56,258
typo,logit,typo-division,division,8,70
typo,logit,typo-division,division,16,948
typo,logit,typo-division,division,24,26
typo,logit,typo-division,division,32,151
typo,logit,typo-division,division,40,8
typo,logit,typo-division,division,48,1374
typo,logit,typo-division,division,56,100
typo,jlens_camila,typo-division,division,8,95
typo,jlens_camila,typo-division,division,16,182
typo,jlens_camila,typo-division,division,24,68
typo,jlens_camila,typo-division,division,32,69
typo,jlens_camila,typo-division,division,40,4
typo,jlens_camila,typo-division,division,48,25
typo,jlens_camila,typo-division,division,56,23
typo,rlens_camila,typo-division,division,8,13
typo,rlens_camila,typo-division,division,16,190
typo,rlens_camila,typo-division,division,24,23
typo,rlens_camila,typo-division,division,32,28
typo,rlens_camila,typo-division,division,40,4
typo,rlens_camila,typo-division,division,48,34
typo,rlens_camila,typo-division,division,56,19
typo,jpp_released,typo-division,division,8,2
typo,jpp_released,typo-division,division,16,1
typo,jpp_released,typo-division,division,24,3
typo,jpp_released,typo-division,division,32,1
typo,jpp_released,typo-division,division,40,2
typo,jpp_released,typo-division,division,48,3
typo,jpp_released,typo-division,division,56,10
typo,logit,typo-position,position,8,2
typo,logit,typo-position,position,16,26
typo,logit,typo-position,position,24,5
typo,logit,typo-position,position,32,362
typo,logit,typo-position,position,40,48
typo,logit,typo-position,position,48,1021
typo,logit,typo-position,position,56,2038
typo,jlens_camila,typo-position,position,8,2637
typo,jlens_camila,typo-position,position,16,3139
typo,jlens_camila,typo-position,position,24,2187
typo,jlens_camila,typo-position,position,32,1637
typo,jlens_camila,typo-position,position,40,163
typo,jlens_camila,typo-position,position,48,648
typo,jlens_camila,typo-position,position,56,475
typo,rlens_camila,typo-position,position,8,22
typo,rlens_camila,typo-position,position,16,516
typo,rlens_camila,typo-position,position,24,206
typo,rlens_camila,typo-position,position,32,544
typo,rlens_camila,typo-position,position,40,53
typo,rlens_camila,typo-position,position,48,355
typo,rlens_camila,typo-position,position,56,415
typo,jpp_released,typo-position,position,8,2
typo,jpp_released,typo-position,position,16,2
typo,jpp_released,typo-position,position,24,27
typo,jpp_released,typo-position,position,32,95
typo,jpp_released,typo-position,position,40,3
typo,jpp_released,typo-position,position,48,11
typo,jpp_released,typo-position,position,56,91
typo,logit,typo-material,material,8,163
typo,logit,typo-material,material,16,508
typo,logit,typo-material,material,24,36
typo,logit,typo-material,material,32,205
typo,logit,typo-material,material,40,6
typo,logit,typo-material,material,48,119
typo,logit,typo-material,material,56,4946
typo,jlens_camila,typo-material,material,8,157
typo,jlens_camila,typo-material,material,16,2260
typo,jlens_camila,typo-material,material,24,176
typo,jlens_camila,typo-material,material,32,154
typo,jlens_camila,typo-material,material,40,5
typo,jlens_camila,typo-material,material,48,50
typo,jlens_camila,typo-material,material,56,413
typo,rlens_camila,typo-material,material,8,374
typo,rlens_camila,typo-material,material,16,2512
typo,rlens_camila,typo-material,material,24,158
typo,rlens_camila,typo-material,material,32,152
typo,rlens_camila,typo-material,material,40,3
typo,rlens_camila,typo-material,material,48,19
typo,rlens_camila,typo-material,material,56,274
typo,jpp_released,typo-material,material,8,6
typo,jpp_released,typo-material,material,16,10
typo,jpp_released,typo-material,material,24,1
typo,jpp_released,typo-material,material,32,1
typo,jpp_released,typo-material,material,40,1
typo,jpp_released,typo-material,material,48,1
typo,jpp_released,typo-material,material,56,819
typo,logit,typo-security,security,8,1
typo,logit,typo-security,security,16,1
typo,logit,typo-security,security,24,1
typo,logit,typo-security,security,32,1
typo,logit,typo-security,security,40,1
typo,logit,typo-security,security,48,1
typo,logit,typo-security,security,56,23
typo,jlens_camila,typo-security,security,8,133
typo,jlens_camila,typo-security,security,16,161
typo,jlens_camila,typo-security,security,24,2
typo,jlens_camila,typo-security,security,32,1
typo,jlens_camila,typo-security,security,40,1
typo,jlens_camila,typo-security,security,48,1
typo,jlens_camila,typo-security,security,56,3
typo,rlens_camila,typo-security,security,8,1
typo,rlens_camila,typo-security,security,16,12
typo,rlens_camila,typo-security,security,24,1
typo,rlens_camila,typo-security,security,32,1
typo,rlens_camila,typo-security,security,40,1
typo,rlens_camila,typo-security,security,48,1
typo,rlens_camila,typo-security,security,56,1
typo,jpp_released,typo-security,security,8,1
typo,jpp_released,typo-security,security,16,1
typo,jpp_released,typo-security,security,24,1
typo,jpp_released,typo-security,security,32,1
typo,jpp_released,typo-security,security,40,1
typo,jpp_released,typo-security,security,48,1
typo,jpp_released,typo-security,security,56,2
typo,logit,typo-training,training,8,3
typo,logit,typo-training,training,16,11
typo,logit,typo-training,training,24,2
typo,logit,typo-training,training,32,651
typo,logit,typo-training,training,40,3
typo,logit,typo-training,training,48,37
typo,logit,typo-training,training,56,14
typo,jlens_camila,typo-training,training,8,2845
typo,jlens_camila,typo-training,training,16,915
typo,jlens_camila,typo-training,training,24,310
typo,jlens_camila,typo-training,training,32,71
typo,jlens_camila,typo-training,training,40,1
typo,jlens_camila,typo-training,training,48,1
typo,jlens_camila,typo-training,training,56,4
typo,rlens_camila,typo-training,training,8,77
typo,rlens_camila,typo-training,training,16,205
typo,rlens_camila,typo-training,training,24,65
typo,rlens_camila,typo-training,training,32,37
typo,rlens_camila,typo-training,training,40,1
typo,rlens_camila,typo-training,training,48,1
typo,rlens_camila,typo-training,training,56,3
typo,jpp_released,typo-training,training,8,1
typo,jpp_released,typo-training,training,16,1
typo,jpp_released,typo-training,training,24,1
typo,jpp_released,typo-training,training,32,1
typo,jpp_released,typo-training,training,40,1
typo,jpp_released,typo-training,training,48,1
typo,jpp_released,typo-training,training,56,35
typo,logit,typo-football,football,8,3312
typo,logit,typo-football,football,16,5761
typo,logit,typo-football,football,24,1117
typo,logit,typo-football,football,32,656
typo,logit,typo-football,football,40,2249
typo,logit,typo-football,football,48,10202
typo,logit,typo-football,football,56,6749
typo,jlens_camila,typo-football,football,8,4357
typo,jlens_camila,typo-football,football,16,5258
typo,jlens_camila,typo-football,football,24,27
typo,jlens_camila,typo-football,football,32,3
typo,jlens_camila,typo-football,football,40,5
typo,jlens_camila,typo-football,football,48,23
typo,jlens_camila,typo-football,football,56,169
typo,rlens_camila,typo-football,football,8,203
typo,rlens_camila,typo-football,football,16,442
typo,rlens_camila,typo-football,football,24,5
typo,rlens_camila,typo-football,football,32,1
typo,rlens_camila,typo-football,football,40,10
typo,rlens_camila,typo-football,football,48,32
typo,rlens_camila,typo-football,football,56,132
typo,jpp_released,typo-football,football,8,1
typo,jpp_released,typo-football,football,16,1
typo,jpp_released,typo-football,football,24,1
typo,jpp_released,typo-football,football,32,1
typo,jpp_released,typo-football,football,40,7
typo,jpp_released,typo-football,football,48,2
typo,jpp_released,typo-football,football,56,5
typo,logit,typo-course,course,8,1
typo,logit,typo-course,course,16,84
typo,logit,typo-course,course,24,1
typo,logit,typo-course,course,32,45
typo,logit,typo-course,course,40,4
typo,logit,typo-course,course,48,27
typo,logit,typo-course,course,56,238
typo,jlens_camila,typo-course,course,8,36
typo,jlens_camila,typo-course,course,16,58
typo,jlens_camila,typo-course,course,24,7
typo,jlens_camila,typo-course,course,32,9
typo,jlens_camila,typo-course,course,40,2
typo,jlens_camila,typo-course,course,48,5
typo,jlens_camila,typo-course,course,56,40
typo,rlens_camila,typo-course,course,8,47
typo,rlens_camila,typo-course,course,16,59
typo,rlens_camila,typo-course,course,24,2
typo,rlens_camila,typo-course,course,32,4
typo,rlens_camila,typo-course,course,40,2
typo,rlens_camila,typo-course,course,48,4
typo,rlens_camila,typo-course,course,56,56
typo,jpp_released,typo-course,course,8,7
typo,jpp_released,typo-course,course,16,3
typo,jpp_released,typo-course,course,24,1
typo,jpp_released,typo-course,course,32,1
typo,jpp_released,typo-course,course,40,1
typo,jpp_released,typo-course,course,48,1
typo,jpp_released,typo-course,course,56,609
typo,logit,typo-house,house,8,6
typo,logit,typo-house,house,16,38
typo,logit,typo-house,house,24,4
typo,logit,typo-house,house,32,37
typo,logit,typo-house,house,40,14
typo,logit,typo-house,house,48,57
typo,logit,typo-house,house,56,2787
typo,jlens_camila,typo-house,house,8,34
typo,jlens_camila,typo-house,house,16,1623
typo,jlens_camila,typo-house,house,24,43
typo,jlens_camila,typo-house,house,32,21
typo,jlens_camila,typo-house,house,40,1
typo,jlens_camila,typo-house,house,48,8
typo,jlens_camila,typo-house,house,56,237
typo,rlens_camila,typo-house,house,8,8
typo,rlens_camila,typo-house,house,16,1637
typo,rlens_camila,typo-house,house,24,26
typo,rlens_camila,typo-house,house,32,26
typo,rlens_camila,typo-house,house,40,1
typo,rlens_camila,typo-house,house,48,14
typo,rlens_camila,typo-house,house,56,252
typo,jpp_released,typo-house,house,8,1
typo,jpp_released,typo-house,house,16,1
typo,jpp_released,typo-house,house,24,1
typo,jpp_released,typo-house,house,32,1
typo,jpp_released,typo-house,house,40,1
typo,jpp_released,typo-house,house,48,2
typo,jpp_released,typo-house,house,56,84
typo,logit,typo-great,great,8,4692
typo,logit,typo-great,great,16,934
typo,logit,typo-great,great,24,72
typo,logit,typo-great,great,32,409
typo,logit,typo-great,great,40,178
typo,logit,typo-great,great,48,185
typo,logit,typo-great,great,56,26
typo,jlens_camila,typo-great,great,8,5434
typo,jlens_camila,typo-great,great,16,800
typo,jlens_camila,typo-great,great,24,190
typo,jlens_camila,typo-great,great,32,145
typo,jlens_camila,typo-great,great,40,13
typo,jlens_camila,typo-great,great,48,3
typo,jlens_camila,typo-great,great,56,12
typo,rlens_camila,typo-great,great,8,210
typo,rlens_camila,typo-great,great,16,101
typo,rlens_camila,typo-great,great,24,41
typo,rlens_camila,typo-great,great,32,48
typo,rlens_camila,typo-great,great,40,5
typo,rlens_camila,typo-great,great,48,3
typo,rlens_camila,typo-great,great,56,13
typo,jpp_released,typo-great,great,8,4235
typo,jpp_released,typo-great,great,16,10
typo,jpp_released,typo-great,great,24,102
typo,jpp_released,typo-great,great,32,39
typo,jpp_released,typo-great,great,40,7
typo,jpp_released,typo-great,great,48,2
typo,jpp_released,typo-great,great,56,3
typo,logit,typo-night,night,8,2
typo,logit,typo-night,night,16,4
typo,logit,typo-night,night,24,9
typo,logit,typo-night,night,32,107
typo,logit,typo-night,night,40,534
typo,logit,typo-night,night,48,48
typo,logit,typo-night,night,56,6810
typo,jlens_camila,typo-night,night,8,403
typo,jlens_camila,typo-night,night,16,242
typo,jlens_camila,typo-night,night,24,5
typo,jlens_camila,typo-night,night,32,1
typo,jlens_camila,typo-night,night,40,1
typo,jlens_camila,typo-night,night,48,1
typo,jlens_camila,typo-night,night,56,171
typo,rlens_camila,typo-night,night,8,4
typo,rlens_camila,typo-night,night,16,25
typo,rlens_camila,typo-night,night,24,1
typo,rlens_camila,typo-night,night,32,1
typo,rlens_camila,typo-night,night,40,1
typo,rlens_camila,typo-night,night,48,1
typo,rlens_camila,typo-night,night,56,197
typo,jpp_released,typo-night,night,8,1
typo,jpp_released,typo-night,night,16,1
typo,jpp_released,typo-night,night,24,1
typo,jpp_released,typo-night,night,32,1
typo,jpp_released,typo-night,night,40,1
typo,jpp_released,typo-night,night,48,1
typo,jpp_released,typo-night,night,56,8
typo,logit,typo-control,control,8,1
typo,logit,typo-control,control,16,2
typo,logit,typo-control,control,24,1
typo,logit,typo-control,control,32,5
typo,logit,typo-control,control,40,1
typo,logit,typo-control,control,48,8
typo,logit,typo-control,control,56,2
typo,jlens_camila,typo-control,control,8,2963
typo,jlens_camila,typo-control,control,16,2887
typo,jlens_camila,typo-control,control,24,63
typo,jlens_camila,typo-control,control,32,84
typo,jlens_camila,typo-control,control,40,2
typo,jlens_camila,typo-control,control,48,3
typo,jlens_camila,typo-control,control,56,1
typo,rlens_camila,typo-control,control,8,2
typo,rlens_camila,typo-control,control,16,145
typo,rlens_camila,typo-control,control,24,2
typo,rlens_camila,typo-control,control,32,7
typo,rlens_camila,typo-control,control,40,1
typo,rlens_camila,typo-control,control,48,2
typo,rlens_camila,typo-control,control,56,1
typo,jpp_released,typo-control,control,8,8
typo,jpp_released,typo-control,control,16,2
typo,jpp_released,typo-control,control,24,4
typo,jpp_released,typo-control,control,32,2
typo,jpp_released,typo-control,control,40,1
typo,jpp_released,typo-control,control,48,2
typo,jpp_released,typo-control,control,56,10
typo,logit,typo-would,would,8,1766
typo,logit,typo-would,would,16,1621
typo,logit,typo-would,would,24,1591
typo,logit,typo-would,would,32,6571
typo,logit,typo-would,would,40,6025
typo,logit,typo-would,would,48,10702
typo,logit,typo-would,would,56,3705
typo,jlens_camila,typo-would,would,8,123
typo,jlens_camila,typo-would,would,16,37
typo,jlens_camila,typo-would,would,24,24
typo,jlens_camila,typo-would,would,32,197
typo,jlens_camila,typo-would,would,40,237
typo,jlens_camila,typo-would,would,48,395
typo,jlens_camila,typo-would,would,56,1585
typo,rlens_camila,typo-would,would,8,34
typo,rlens_camila,typo-would,would,16,54
typo,rlens_camila,typo-would,would,24,41
typo,rlens_camila,typo-would,would,32,352
typo,rlens_camila,typo-would,would,40,268
typo,rlens_camila,typo-would,would,48,215
typo,rlens_camila,typo-would,would,56,742
typo,jpp_released,typo-would,would,8,46
typo,jpp_released,typo-would,would,16,251
typo,jpp_released,typo-would,would,24,131
typo,jpp_released,typo-would,would,32,1065
typo,jpp_released,typo-would,would,40,243
typo,jpp_released,typo-would,would,48,1680
typo,jpp_released,typo-would,would,56,6129
typo,logit,typo-world,world,8,301
typo,logit,typo-world,world,16,2613
typo,logit,typo-world,world,24,69
typo,logit,typo-world,world,32,1726
typo,logit,typo-world,world,40,32
typo,logit,typo-world,world,48,218
typo,logit,typo-world,world,56,72
typo,jlens_camila,typo-world,world,8,27
typo,jlens_camila,typo-world,world,16,93
typo,jlens_camila,typo-world,world,24,6
typo,jlens_camila,typo-world,world,32,1
typo,jlens_camila,typo-world,world,40,3
typo,jlens_camila,typo-world,world,48,4
typo,jlens_camila,typo-world,world,56,171
typo,rlens_camila,typo-world,world,8,9
typo,rlens_camila,typo-world,world,16,34
typo,rlens_camila,typo-world,world,24,1
typo,rlens_camila,typo-world,world,32,1
typo,rlens_camila,typo-world,world,40,2
typo,rlens_camila,typo-world,world,48,2
typo,rlens_camila,typo-world,world,56,82
typo,jpp_released,typo-world,world,8,2
typo,jpp_released,typo-world,world,16,1
typo,jpp_released,typo-world,world,24,1
typo,jpp_released,typo-world,world,32,1
typo,jpp_released,typo-world,world,40,1
typo,jpp_released,typo-world,world,48,3
typo,jpp_released,typo-world,world,56,67
typo,logit,typo-water,water,8,582
typo,logit,typo-water,water,16,205
typo,logit,typo-water,water,24,6
typo,logit,typo-water,water,32,167
typo,logit,typo-water,water,40,23
typo,logit,typo-water,water,48,115
typo,logit,typo-water,water,56,376
typo,jlens_camila,typo-water,water,8,17596
typo,jlens_camila,typo-water,water,16,11030
typo,jlens_camila,typo-water,water,24,388
typo,jlens_camila,typo-water,water,32,24
typo,jlens_camila,typo-water,water,40,1
typo,jlens_camila,typo-water,water,48,1
typo,jlens_camila,typo-water,water,56,5
typo,rlens_camila,typo-water,water,8,490
typo,rlens_camila,typo-water,water,16,1517
typo,rlens_camila,typo-water,water,24,16
typo,rlens_camila,typo-water,water,32,2
typo,rlens_camila,typo-water,water,40,1
typo,rlens_camila,typo-water,water,48,1
typo,rlens_camila,typo-water,water,56,4
typo,jpp_released,typo-water,water,8,1
typo,jpp_released,typo-water,water,16,1
typo,jpp_released,typo-water,water,24,1
typo,jpp_released,typo-water,water,32,1
typo,jpp_released,typo-water,water,40,1
typo,jpp_released,typo-water,water,48,1
typo,jpp_released,typo-water,water,56,7
typo,logit,typo-market,market,8,185
typo,logit,typo-market,market,16,109
typo,logit,typo-market,market,24,6
typo,logit,typo-market,market,32,5
typo,logit,typo-market,market,40,1
typo,logit,typo-market,market,48,8
typo,logit,typo-market,market,56,15010
typo,jlens_camila,typo-market,market,8,5437
typo,jlens_camila,typo-market,market,16,965
typo,jlens_camila,typo-market,market,24,28
typo,jlens_camila,typo-market,market,32,8
typo,jlens_camila,typo-market,market,40,1
typo,jlens_camila,typo-market,market,48,1
typo,jlens_camila,typo-market,market,56,624
typo,rlens_camila,typo-market,market,8,979
typo,rlens_camila,typo-market,market,16,185
typo,rlens_camila,typo-market,market,24,2
typo,rlens_camila,typo-market,market,32,3
typo,rlens_camila,typo-market,market,40,1
typo,rlens_camila,typo-market,market,48,1
typo,rlens_camila,typo-market,market,56,623
typo,jpp_released,typo-market,market,8,2
typo,jpp_released,typo-market,market,16,1
typo,jpp_released,typo-market,market,24,1
typo,jpp_released,typo-market,market,32,1
typo,jpp_released,typo-market,market,40,1
typo,jpp_released,typo-market,market,48,1
typo,jpp_released,typo-market,market,56,259
typo,logit,typo-person,person,8,186
typo,logit,typo-person,person,16,2459
typo,logit,typo-person,person,24,1854
typo,logit,typo-person,person,32,5085
typo,logit,typo-person,person,40,1442
typo,logit,typo-person,person,48,861
typo,logit,typo-person,person,56,5453
typo,jlens_camila,typo-person,person,8,892
typo,jlens_camila,typo-person,person,16,880
typo,jlens_camila,typo-person,person,24,150
typo,jlens_camila,typo-person,person,32,42
typo,jlens_camila,typo-person,person,40,10
typo,jlens_camila,typo-person,person,48,23
typo,jlens_camila,typo-person,person,56,775
typo,rlens_camila,typo-person,person,8,53
typo,rlens_camila,typo-person,person,16,313
typo,rlens_camila,typo-person,person,24,28
typo,rlens_camila,typo-person,person,32,17
typo,rlens_camila,typo-person,person,40,13
typo,rlens_camila,typo-person,person,48,19
typo,rlens_camila,typo-person,person,56,713
typo,jpp_released,typo-person,person,8,2
typo,jpp_released,typo-person,person,16,6
typo,jpp_released,typo-person,person,24,3
typo,jpp_released,typo-person,person,32,10
typo,jpp_released,typo-person,person,40,2
typo,jpp_released,typo-person,person,48,3
typo,jpp_released,typo-person,person,56,48
typo,logit,typo-number,number,8,332
typo,logit,typo-number,number,16,1322
typo,logit,typo-number,number,24,6281
typo,logit,typo-number,number,32,1709
typo,logit,typo-number,number,40,216
typo,logit,typo-number,number,48,706
typo,logit,typo-number,number,56,56
typo,jlens_camila,typo-number,number,8,2080
typo,jlens_camila,typo-number,number,16,512
typo,jlens_camila,typo-number,number,24,1319
typo,jlens_camila,typo-number,number,32,708
typo,jlens_camila,typo-number,number,40,393
typo,jlens_camila,typo-number,number,48,142
typo,jlens_camila,typo-number,number,56,49
typo,rlens_camila,typo-number,number,8,353
typo,rlens_camila,typo-number,number,16,446
typo,rlens_camila,typo-number,number,24,2396
typo,rlens_camila,typo-number,number,32,1051
typo,rlens_camila,typo-number,number,40,366
typo,rlens_camila,typo-number,number,48,108
typo,rlens_camila,typo-number,number,56,28
typo,jpp_released,typo-number,number,8,99
typo,jpp_released,typo-number,number,16,308
typo,jpp_released,typo-number,number,24,1741
typo,jpp_released,typo-number,number,32,923
typo,jpp_released,typo-number,number,40,53
typo,jpp_released,typo-number,number,48,10
typo,jpp_released,typo-number,number,56,14
typo,logit,typo-within,within,8,1
typo,logit,typo-within,within,16,2
typo,logit,typo-within,within,24,93
typo,logit,typo-within,within,32,146
typo,logit,typo-within,within,40,9
typo,logit,typo-within,within,48,74
typo,logit,typo-within,within,56,386
typo,jlens_camila,typo-within,within,8,23
typo,jlens_camila,typo-within,within,16,61
typo,jlens_camila,typo-within,within,24,23
typo,jlens_camila,typo-within,within,32,208
typo,jlens_camila,typo-within,within,40,19
typo,jlens_camila,typo-within,within,48,27
typo,jlens_camila,typo-within,within,56,291
typo,rlens_camila,typo-within,within,8,1
typo,rlens_camila,typo-within,within,16,12
typo,rlens_camila,typo-within,within,24,30
typo,rlens_camila,typo-within,within,32,123
typo,rlens_camila,typo-within,within,40,6
typo,rlens_camila,typo-within,within,48,13
typo,rlens_camila,typo-within,within,56,223
typo,jpp_released,typo-within,within,8,1
typo,jpp_released,typo-within,within,16,120
typo,jpp_released,typo-within,within,24,273
typo,jpp_released,typo-within,within,32,654
typo,jpp_released,typo-within,within,40,10
typo,jpp_released,typo-within,within,48,173
typo,jpp_released,typo-within,within,56,1784
typo,logit,typo-second,second,8,144
typo,logit,typo-second,second,16,87
typo,logit,typo-second,second,24,249
typo,logit,typo-second,second,32,2411
typo,logit,typo-second,second,40,46
typo,logit,typo-second,second,48,1414
typo,logit,typo-second,second,56,36654
typo,jlens_camila,typo-second,second,8,5496
typo,jlens_camila,typo-second,second,16,1708
typo,jlens_camila,typo-second,second,24,332
typo,jlens_camila,typo-second,second,32,277
typo,jlens_camila,typo-second,second,40,8
typo,jlens_camila,typo-second,second,48,4
typo,jlens_camila,typo-second,second,56,14004
typo,rlens_camila,typo-second,second,8,130
typo,rlens_camila,typo-second,second,16,388
typo,rlens_camila,typo-second,second,24,43
typo,rlens_camila,typo-second,second,32,75
typo,rlens_camila,typo-second,second,40,6
typo,rlens_camila,typo-second,second,48,2
typo,rlens_camila,typo-second,second,56,3902
typo,jpp_released,typo-second,second,8,41
typo,jpp_released,typo-second,second,16,3
typo,jpp_released,typo-second,second,24,63
typo,jpp_released,typo-second,second,32,1
typo,jpp_released,typo-second,second,40,1
typo,jpp_released,typo-second,second,48,1
typo,jpp_released,typo-second,second,56,92
typo,logit,typo-source,source,8,1
typo,logit,typo-source,source,16,2
typo,logit,typo-source,source,24,2
typo,logit,typo-source,source,32,7
typo,logit,typo-source,source,40,3
typo,logit,typo-source,source,48,23
typo,logit,typo-source,source,56,335
typo,jlens_camila,typo-source,source,8,485
typo,jlens_camila,typo-source,source,16,2332
typo,jlens_camila,typo-source,source,24,95
typo,jlens_camila,typo-source,source,32,51
typo,jlens_camila,typo-source,source,40,1
typo,jlens_camila,typo-source,source,48,7
typo,jlens_camila,typo-source,source,56,77
typo,rlens_camila,typo-source,source,8,26
typo,rlens_camila,typo-source,source,16,177
typo,rlens_camila,typo-source,source,24,7
typo,rlens_camila,typo-source,source,32,8
typo,rlens_camila,typo-source,source,40,1
typo,rlens_camila,typo-source,source,48,3
typo,rlens_camila,typo-source,source,56,47
typo,jpp_released,typo-source,source,8,2
typo,jpp_released,typo-source,source,16,1
typo,jpp_released,typo-source,source,24,4
typo,jpp_released,typo-source,source,32,1
typo,jpp_released,typo-source,source,40,1
typo,jpp_released,typo-source,source,48,1
typo,jpp_released,typo-source,source,56,2
typo,logit,typo-first,first,8,457
typo,logit,typo-first,first,16,385
typo,logit,typo-first,first,24,141
typo,logit,typo-first,first,32,378
typo,logit,typo-first,first,40,15
typo,logit,typo-first,first,48,359
typo,logit,typo-first,first,56,2454
typo,jlens_camila,typo-first,first,8,1658
typo,jlens_camila,typo-first,first,16,1111
typo,jlens_camila,typo-first,first,24,218
typo,jlens_camila,typo-first,first,32,76
typo,jlens_camila,typo-first,first,40,1
typo,jlens_camila,typo-first,first,48,2
typo,jlens_camila,typo-first,first,56,9251
typo,rlens_camila,typo-first,first,8,228
typo,rlens_camila,typo-first,first,16,182
typo,rlens_camila,typo-first,first,24,61
typo,rlens_camila,typo-first,first,32,47
typo,rlens_camila,typo-first,first,40,1
typo,rlens_camila,typo-first,first,48,1
typo,rlens_camila,typo-first,first,56,4003
typo,jpp_released,typo-first,first,8,5
typo,jpp_released,typo-first,first,16,3
typo,jpp_released,typo-first,first,24,10
typo,jpp_released,typo-first,first,32,2
typo,jpp_released,typo-first,first,40,1
typo,jpp_released,typo-first,first,48,1
typo,jpp_released,typo-first,first,56,163
typo,logit,typo-those,those,8,432
typo,logit,typo-those,those,16,210
typo,logit,typo-those,those,24,1476
typo,logit,typo-those,those,32,2480
typo,logit,typo-those,those,40,682
typo,logit,typo-those,those,48,4339
typo,logit,typo-those,those,56,10674
typo,jlens_camila,typo-those,those,8,120
typo,jlens_camila,typo-those,those,16,29
typo,jlens_camila,typo-those,those,24,16
typo,jlens_camila,typo-those,those,32,25
typo,jlens_camila,typo-those,those,40,1
typo,jlens_camila,typo-those,those,48,1
typo,jlens_camila,typo-those,those,56,1259
typo,rlens_camila,typo-those,those,8,1
typo,rlens_camila,typo-those,those,16,2
typo,rlens_camila,typo-those,those,24,1
typo,rlens_camila,typo-those,those,32,5
typo,rlens_camila,typo-those,those,40,1
typo,rlens_camila,typo-those,those,48,1
typo,rlens_camila,typo-those,those,56,783
typo,jpp_released,typo-those,those,8,9
typo,jpp_released,typo-those,those,16,717
typo,jpp_released,typo-those,those,24,9
typo,jpp_released,typo-those,those,32,98
typo,jpp_released,typo-those,those,40,1
typo,jpp_released,typo-those,those,48,4
typo,jpp_released,typo-those,those,56,6055
typo,logit,typo-short,short,8,37
typo,logit,typo-short,short,16,211
typo,logit,typo-short,short,24,42
typo,logit,typo-short,short,32,53
typo,logit,typo-short,short,40,3
typo,logit,typo-short,short,48,11
typo,logit,typo-short,short,56,71
typo,jlens_camila,typo-short,short,8,43292
typo,jlens_camila,typo-short,short,16,7198
typo,jlens_camila,typo-short,short,24,2483
typo,jlens_camila,typo-short,short,32,313
typo,jlens_camila,typo-short,short,40,4
typo,jlens_camila,typo-short,short,48,6
typo,jlens_camila,typo-short,short,56,38
typo,rlens_camila,typo-short,short,8,722
typo,rlens_camila,typo-short,short,16,540
typo,rlens_camila,typo-short,short,24,153
typo,rlens_camila,typo-short,short,32,151
typo,rlens_camila,typo-short,short,40,3
typo,rlens_camila,typo-short,short,48,6
typo,rlens_camila,typo-short,short,56,37
typo,jpp_released,typo-short,short,8,15
typo,jpp_released,typo-short,short,16,1
typo,jpp_released,typo-short,short,24,43
typo,jpp_released,typo-short,short,32,2
typo,jpp_released,typo-short,short,40,3
typo,jpp_released,typo-short,short,48,3
typo,jpp_released,typo-short,short,56,2
association,logit,grief,grief,8,42085
association,logit,grief,grief,16,25584
association,logit,grief,grief,24,327
association,logit,grief,grief,32,6372
association,logit,grief,grief,40,2605
association,logit,grief,grief,48,2313
association,logit,grief,grief,56,10346
association,jlens_camila,grief,grief,8,68241
association,jlens_camila,grief,grief,16,13152
association,jlens_camila,grief,grief,24,308
association,jlens_camila,grief,grief,32,61
association,jlens_camila,grief,grief,40,22
association,jlens_camila,grief,grief,48,70
association,jlens_camila,grief,grief,56,1044
association,rlens_camila,grief,grief,8,17928
association,rlens_camila,grief,grief,16,2460
association,rlens_camila,grief,grief,24,102
association,rlens_camila,grief,grief,32,67
association,rlens_camila,grief,grief,40,49
association,rlens_camila,grief,grief,48,66
association,rlens_camila,grief,grief,56,1954
association,jpp_released,grief,grief,8,161144
association,jpp_released,grief,grief,16,1941
association,jpp_released,grief,grief,24,31
association,jpp_released,grief,grief,32,19
association,jpp_released,grief,grief,40,80
association,jpp_released,grief,grief,48,25
association,jpp_released,grief,grief,56,5259
association,logit,pregnant,pregnant,8,29091
association,logit,pregnant,pregnant,16,8275
association,logit,pregnant,pregnant,24,3804
association,logit,pregnant,pregnant,32,67124
association,logit,pregnant,pregnant,40,4325
association,logit,pregnant,pregnant,48,3009
association,logit,pregnant,pregnant,56,13531
association,jlens_camila,pregnant,pregnant,8,22121
association,jlens_camila,pregnant,pregnant,16,49106
association,jlens_camila,pregnant,pregnant,24,10055
association,jlens_camila,pregnant,pregnant,32,4999
association,jlens_camila,pregnant,pregnant,40,77
association,jlens_camila,pregnant,pregnant,48,123
association,jlens_camila,pregnant,pregnant,56,4992
association,rlens_camila,pregnant,pregnant,8,7729
association,rlens_camila,pregnant,pregnant,16,7420
association,rlens_camila,pregnant,pregnant,24,1312
association,rlens_camila,pregnant,pregnant,32,2098
association,rlens_camila,pregnant,pregnant,40,66
association,rlens_camila,pregnant,pregnant,48,96
association,rlens_camila,pregnant,pregnant,56,5394
association,jpp_released,pregnant,pregnant,8,271
association,jpp_released,pregnant,pregnant,16,67
association,jpp_released,pregnant,pregnant,24,48
association,jpp_released,pregnant,pregnant,32,77
association,jpp_released,pregnant,pregnant,40,15
association,jpp_released,pregnant,pregnant,48,8
association,jpp_released,pregnant,pregnant,56,6268
association,logit,lie,lie,8,1805
association,logit,lie,lie,16,9008
association,logit,lie,lie,24,12003
association,logit,lie,lie,32,1423
association,logit,lie,lie,40,5
association,logit,lie,lie,48,155
association,logit,lie,lie,56,156
association,jlens_camila,lie,lie,8,80998
association,jlens_camila,lie,lie,16,138508
association,jlens_camila,lie,lie,24,27474
association,jlens_camila,lie,lie,32,9046
association,jlens_camila,lie,lie,40,177
association,jlens_camila,lie,lie,48,197
association,jlens_camila,lie,lie,56,90
association,rlens_camila,lie,lie,8,3935
association,rlens_camila,lie,lie,16,6359
association,rlens_camila,lie,lie,24,790
association,rlens_camila,lie,lie,32,584
association,rlens_camila,lie,lie,40,40
association,rlens_camila,lie,lie,48,54
association,rlens_camila,lie,lie,56,71
association,jpp_released,lie,lie,8,4103
association,jpp_released,lie,lie,16,10435
association,jpp_released,lie,lie,24,847
association,jpp_released,lie,lie,32,1454
association,jpp_released,lie,lie,40,124
association,jpp_released,lie,lie,48,155
association,jpp_released,lie,lie,56,1358
association,logit,poverty,poverty,8,65724
association,logit,poverty,poverty,16,13494
association,logit,poverty,poverty,24,24005
association,logit,poverty,poverty,32,99801
association,logit,poverty,poverty,40,23857
association,logit,poverty,poverty,48,26070
association,logit,poverty,poverty,56,71088
association,jlens_camila,poverty,poverty,8,45536
association,jlens_camila,poverty,poverty,16,89779
association,jlens_camila,poverty,poverty,24,38459
association,jlens_camila,poverty,poverty,32,46220
association,jlens_camila,poverty,poverty,40,28039
association,jlens_camila,poverty,poverty,48,70535
association,jlens_camila,poverty,poverty,56,52451
association,rlens_camila,poverty,poverty,8,57530
association,rlens_camila,poverty,poverty,16,30293
association,rlens_camila,poverty,poverty,24,16247
association,rlens_camila,poverty,poverty,32,27547
association,rlens_camila,poverty,poverty,40,23435
association,rlens_camila,poverty,poverty,48,46597
association,rlens_camila,poverty,poverty,56,46882
association,jpp_released,poverty,poverty,8,105362
association,jpp_released,poverty,poverty,16,8700
association,jpp_released,poverty,poverty,24,939
association,jpp_released,poverty,poverty,32,3986
association,jpp_released,poverty,poverty,40,5411
association,jpp_released,poverty,poverty,48,6128
association,jpp_released,poverty,poverty,56,181440
association,logit,proposal,proposal,8,19245
association,logit,proposal,proposal,16,4966
association,logit,proposal,proposal,24,14234
association,logit,proposal,proposal,32,1861
association,logit,proposal,proposal,40,4486
association,logit,proposal,proposal,48,37
association,logit,proposal,proposal,56,1576
association,jlens_camila,proposal,proposal,8,6790
association,jlens_camila,proposal,proposal,16,11472
association,jlens_camila,proposal,proposal,24,172207
association,jlens_camila,proposal,proposal,32,19290
association,jlens_camila,proposal,proposal,40,2504
association,jlens_camila,proposal,proposal,48,382
association,jlens_camila,proposal,proposal,56,709
association,rlens_camila,proposal,proposal,8,16221
association,rlens_camila,proposal,proposal,16,4280
association,rlens_camila,proposal,proposal,24,33600
association,rlens_camila,proposal,proposal,32,1138
association,rlens_camila,proposal,proposal,40,774
association,rlens_camila,proposal,proposal,48,80
association,rlens_camila,proposal,proposal,56,377
association,jpp_released,proposal,proposal,8,35782
association,jpp_released,proposal,proposal,16,15282
association,jpp_released,proposal,proposal,24,10339
association,jpp_released,proposal,proposal,32,803
association,jpp_released,proposal,proposal,40,1291
association,jpp_released,proposal,proposal,48,57
association,jpp_released,proposal,proposal,56,9160
association,logit,divorce,divorce,8,52977
association,logit,divorce,divorce,16,22237
association,logit,divorce,divorce,24,28386
association,logit,divorce,divorce,32,34983
association,logit,divorce,divorce,40,31363
association,logit,divorce,divorce,48,119150
association,logit,divorce,divorce,56,26945
association,jlens_camila,divorce,divorce,8,37332
association,jlens_camila,divorce,divorce,16,59977
association,jlens_camila,divorce,divorce,24,5893
association,jlens_camila,divorce,divorce,32,2189
association,jlens_camila,divorce,divorce,40,940
association,jlens_camila,divorce,divorce,48,9362
association,jlens_camila,divorce,divorce,56,19750
association,rlens_camila,divorce,divorce,8,22533
association,rlens_camila,divorce,divorce,16,16540
association,rlens_camila,divorce,divorce,24,3862
association,rlens_camila,divorce,divorce,32,2690
association,rlens_camila,divorce,divorce,40,1027
association,rlens_camila,divorce,divorce,48,9459
association,rlens_camila,divorce,divorce,56,10986
association,jpp_released,divorce,divorce,8,2047
association,jpp_released,divorce,divorce,16,1355
association,jpp_released,divorce,divorce,24,116
association,jpp_released,divorce,divorce,32,353
association,jpp_released,divorce,divorce,40,831
association,jpp_released,divorce,divorce,48,1585
association,jpp_released,divorce,divorce,56,39237
association,logit,relief,relief,8,16550
association,logit,relief,relief,16,25200
association,logit,relief,relief,24,17525
association,logit,relief,relief,32,1451
association,logit,relief,relief,40,1429
association,logit,relief,relief,48,663
association,logit,relief,relief,56,9145
association,jlens_camila,relief,relief,8,203075
association,jlens_camila,relief,relief,16,108503
association,jlens_camila,relief,relief,24,11073
association,jlens_camila,relief,relief,32,2539
association,jlens_camila,relief,relief,40,2586
association,jlens_camila,relief,relief,48,365
association,jlens_camila,relief,relief,56,2869
association,rlens_camila,relief,relief,8,28348
association,rlens_camila,relief,relief,16,10792
association,rlens_camila,relief,relief,24,1322
association,rlens_camila,relief,relief,32,1028
association,rlens_camila,relief,relief,40,1362
association,rlens_camila,relief,relief,48,585
association,rlens_camila,relief,relief,56,1839
association,jpp_released,relief,relief,8,7234
association,jpp_released,relief,relief,16,1470
association,jpp_released,relief,relief,24,333
association,jpp_released,relief,relief,32,1115
association,jpp_released,relief,relief,40,2174
association,jpp_released,relief,relief,48,2017
association,jpp_released,relief,relief,56,15297
association,logit,darwin,Darwin,8,6300
association,logit,darwin,Darwin,16,1738
association,logit,darwin,Darwin,24,11076
association,logit,darwin,Darwin,32,3338
association,logit,darwin,Darwin,40,17322
association,logit,darwin,Darwin,48,23410
association,logit,darwin,Darwin,56,46077
association,jlens_camila,darwin,Darwin,8,14989
association,jlens_camila,darwin,Darwin,16,26278
association,jlens_camila,darwin,Darwin,24,4700
association,jlens_camila,darwin,Darwin,32,30372
association,jlens_camila,darwin,Darwin,40,35499
association,jlens_camila,darwin,Darwin,48,42587
association,jlens_camila,darwin,Darwin,56,63124
association,rlens_camila,darwin,Darwin,8,20273
association,rlens_camila,darwin,Darwin,16,5586
association,rlens_camila,darwin,Darwin,24,2235
association,rlens_camila,darwin,Darwin,32,7899
association,rlens_camila,darwin,Darwin,40,19541
association,rlens_camila,darwin,Darwin,48,22613
association,rlens_camila,darwin,Darwin,56,31150
association,jpp_released,darwin,Darwin,8,15356
association,jpp_released,darwin,Darwin,16,198
association,jpp_released,darwin,Darwin,24,3960
association,jpp_released,darwin,Darwin,32,3540
association,jpp_released,darwin,Darwin,40,2865
association,jpp_released,darwin,Darwin,48,4331
association,jpp_released,darwin,Darwin,56,94474
association,logit,lincoln,Lincoln,8,28887
association,logit,lincoln,Lincoln,16,56901
association,logit,lincoln,Lincoln,24,7021
association,logit,lincoln,Lincoln,32,12830
association,logit,lincoln,Lincoln,40,53612
association,logit,lincoln,Lincoln,48,21313
association,logit,lincoln,Lincoln,56,4606
association,jlens_camila,lincoln,Lincoln,8,184758
association,jlens_camila,lincoln,Lincoln,16,218254
association,jlens_camila,lincoln,Lincoln,24,51052
association,jlens_camila,lincoln,Lincoln,32,17001
association,jlens_camila,lincoln,Lincoln,40,39025
association,jlens_camila,lincoln,Lincoln,48,25026
association,jlens_camila,lincoln,Lincoln,56,5828
association,rlens_camila,lincoln,Lincoln,8,16173
association,rlens_camila,lincoln,Lincoln,16,23237
association,rlens_camila,lincoln,Lincoln,24,4956
association,rlens_camila,lincoln,Lincoln,32,8651
association,rlens_camila,lincoln,Lincoln,40,14914
association,rlens_camila,lincoln,Lincoln,48,12984
association,rlens_camila,lincoln,Lincoln,56,3490
association,jpp_released,lincoln,Lincoln,8,4525
association,jpp_released,lincoln,Lincoln,16,83144
association,jpp_released,lincoln,Lincoln,24,1170
association,jpp_released,lincoln,Lincoln,32,6163
association,jpp_released,lincoln,Lincoln,40,2778
association,jpp_released,lincoln,Lincoln,48,1270
association,jpp_released,lincoln,Lincoln,56,2264
association,logit,obama,Obama,8,45162
association,logit,obama,Obama,16,40926
association,logit,obama,Obama,24,64040
association,logit,obama,Obama,32,135018
association,logit,obama,Obama,40,175825
association,logit,obama,Obama,48,191291
association,logit,obama,Obama,56,71549
association,jlens_camila,obama,Obama,8,135059
association,jlens_camila,obama,Obama,16,215056
association,jlens_camila,obama,Obama,24,151927
association,jlens_camila,obama,Obama,32,65456
association,jlens_camila,obama,Obama,40,83342
association,jlens_camila,obama,Obama,48,95132
association,jlens_camila,obama,Obama,56,38542
association,rlens_camila,obama,Obama,8,59731
association,rlens_camila,obama,Obama,16,178236
association,rlens_camila,obama,Obama,24,92019
association,rlens_camila,obama,Obama,32,49330
association,rlens_camila,obama,Obama,40,64568
association,rlens_camila,obama,Obama,48,94955
association,rlens_camila,obama,Obama,56,33786
association,jpp_released,obama,Obama,8,35614
association,jpp_released,obama,Obama,16,52525
association,jpp_released,obama,Obama,24,31112
association,jpp_released,obama,Obama,32,6933
association,jpp_released,obama,Obama,40,21539
association,jpp_released,obama,Obama,48,21265
association,jpp_released,obama,Obama,56,3327
association,logit,churchill,Churchill,8,41265
association,logit,churchill,Churchill,16,27302
association,logit,churchill,Churchill,24,5137
association,logit,churchill,Churchill,32,90937
association,logit,churchill,Churchill,40,78046
association,logit,churchill,Churchill,48,73374
association,logit,churchill,Churchill,56,16338
association,jlens_camila,churchill,Churchill,8,57309
association,jlens_camila,churchill,Churchill,16,215064
association,jlens_camila,churchill,Churchill,24,47576
association,jlens_camila,churchill,Churchill,32,124317
association,jlens_camila,churchill,Churchill,40,103657
association,jlens_camila,churchill,Churchill,48,142179
association,jlens_camila,churchill,Churchill,56,27283
association,rlens_camila,churchill,Churchill,8,19524
association,rlens_camila,churchill,Churchill,16,77899
association,rlens_camila,churchill,Churchill,24,17354
association,rlens_camila,churchill,Churchill,32,49608
association,rlens_camila,churchill,Churchill,40,44640
association,rlens_camila,churchill,Churchill,48,82112
association,rlens_camila,churchill,Churchill,56,7531
association,jpp_released,churchill,Churchill,8,61507
association,jpp_released,churchill,Churchill,16,2244
association,jpp_released,churchill,Churchill,24,2997
association,jpp_released,churchill,Churchill,32,1687
association,jpp_released,churchill,Churchill,40,7903
association,jpp_released,churchill,Churchill,48,13916
association,jpp_released,churchill,Churchill,56,14224
association,logit,newton,Newton,8,1674
association,logit,newton,Newton,16,51576
association,logit,newton,Newton,24,14339
association,logit,newton,Newton,32,21186
association,logit,newton,Newton,40,15232
association,logit,newton,Newton,48,72584
association,logit,newton,Newton,56,1301
association,jlens_camila,newton,Newton,8,38237
association,jlens_camila,newton,Newton,16,197481
association,jlens_camila,newton,Newton,24,69529
association,jlens_camila,newton,Newton,32,4309
association,jlens_camila,newton,Newton,40,1330
association,jlens_camila,newton,Newton,48,7874
association,jlens_camila,newton,Newton,56,179
association,rlens_camila,newton,Newton,8,2437
association,rlens_camila,newton,Newton,16,17480
association,rlens_camila,newton,Newton,24,3621
association,rlens_camila,newton,Newton,32,1266
association,rlens_camila,newton,Newton,40,535
association,rlens_camila,newton,Newton,48,5798
association,rlens_camila,newton,Newton,56,141
association,jpp_released,newton,Newton,8,993
association,jpp_released,newton,Newton,16,923
association,jpp_released,newton,Newton,24,488
association,jpp_released,newton,Newton,32,84
association,jpp_released,newton,Newton,40,39
association,jpp_released,newton,Newton,48,211
association,jpp_released,newton,Newton,56,76
association,logit,mozart,Mozart,8,22397
association,logit,mozart,Mozart,16,19926
association,logit,mozart,Mozart,24,10539
association,logit,mozart,Mozart,32,16231
association,logit,mozart,Mozart,40,5427
association,logit,mozart,Mozart,48,23992
association,logit,mozart,Mozart,56,817
association,jlens_camila,mozart,Mozart,8,191282
association,jlens_camila,mozart,Mozart,16,201729
association,jlens_camila,mozart,Mozart,24,20035
association,jlens_camila,mozart,Mozart,32,7650
association,jlens_camila,mozart,Mozart,40,232
association,jlens_camila,mozart,Mozart,48,686
association,jlens_camila,mozart,Mozart,56,546
association,rlens_camila,mozart,Mozart,8,125078
association,rlens_camila,mozart,Mozart,16,139444
association,rlens_camila,mozart,Mozart,24,6688
association,rlens_camila,mozart,Mozart,32,9286
association,rlens_camila,mozart,Mozart,40,604
association,rlens_camila,mozart,Mozart,48,3254
association,rlens_camila,mozart,Mozart,56,684
association,jpp_released,mozart,Mozart,8,1845
association,jpp_released,mozart,Mozart,16,7891
association,jpp_released,mozart,Mozart,24,96
association,jpp_released,mozart,Mozart,32,26
association,jpp_released,mozart,Mozart,40,50
association,jpp_released,mozart,Mozart,48,127
association,jpp_released,mozart,Mozart,56,382
association,logit,armstrong,Armstrong,8,23457
association,logit,armstrong,Armstrong,16,37039
association,logit,armstrong,Armstrong,24,16872
association,logit,armstrong,Armstrong,32,4638
association,logit,armstrong,Armstrong,40,31037
association,logit,armstrong,Armstrong,48,13736
association,logit,armstrong,Armstrong,56,30407
association,jlens_camila,armstrong,Armstrong,8,195964
association,jlens_camila,armstrong,Armstrong,16,152460
association,jlens_camila,armstrong,Armstrong,24,69668
association,jlens_camila,armstrong,Armstrong,32,14806
association,jlens_camila,armstrong,Armstrong,40,22985
association,jlens_camila,armstrong,Armstrong,48,17615
association,jlens_camila,armstrong,Armstrong,56,16698
association,rlens_camila,armstrong,Armstrong,8,60145
association,rlens_camila,armstrong,Armstrong,16,46523
association,rlens_camila,armstrong,Armstrong,24,38172
association,rlens_camila,armstrong,Armstrong,32,4081
association,rlens_camila,armstrong,Armstrong,40,13086
association,rlens_camila,armstrong,Armstrong,48,7468
association,rlens_camila,armstrong,Armstrong,56,21622
association,jpp_released,armstrong,Armstrong,8,73137
association,jpp_released,armstrong,Armstrong,16,7481
association,jpp_released,armstrong,Armstrong,24,14149
association,jpp_released,armstrong,Armstrong,32,1041
association,jpp_released,armstrong,Armstrong,40,4877
association,jpp_released,armstrong,Armstrong,48,1066
association,jpp_released,armstrong,Armstrong,56,53431
association,logit,wright,Wright,8,3714
association,logit,wright,Wright,16,9032
association,logit,wright,Wright,24,3011
association,logit,wright,Wright,32,30589
association,logit,wright,Wright,40,47975
association,logit,wright,Wright,48,51037
association,logit,wright,Wright,56,36062
association,jlens_camila,wright,Wright,8,4483
association,jlens_camila,wright,Wright,16,70620
association,jlens_camila,wright,Wright,24,26628
association,jlens_camila,wright,Wright,32,43530
association,jlens_camila,wright,Wright,40,19179
association,jlens_camila,wright,Wright,48,67041
association,jlens_camila,wright,Wright,56,17023
association,rlens_camila,wright,Wright,8,4188
association,rlens_camila,wright,Wright,16,6802
association,rlens_camila,wright,Wright,24,4529
association,rlens_camila,wright,Wright,32,20129
association,rlens_camila,wright,Wright,40,9177
association,rlens_camila,wright,Wright,48,38988
association,rlens_camila,wright,Wright,56,12749
association,jpp_released,wright,Wright,8,264
association,jpp_released,wright,Wright,16,269
association,jpp_released,wright,Wright,24,1677
association,jpp_released,wright,Wright,32,2600
association,jpp_released,wright,Wright,40,2950
association,jpp_released,wright,Wright,48,4436
association,jpp_released,wright,Wright,56,8566
association,logit,gandhi,Gandhi,8,37136
association,logit,gandhi,Gandhi,16,11306
association,logit,gandhi,Gandhi,24,78745
association,logit,gandhi,Gandhi,32,31504
association,logit,gandhi,Gandhi,40,9075
association,logit,gandhi,Gandhi,48,37388
association,logit,gandhi,Gandhi,56,53127
association,jlens_camila,gandhi,Gandhi,8,15491
association,jlens_camila,gandhi,Gandhi,16,119727
association,jlens_camila,gandhi,Gandhi,24,145634
association,jlens_camila,gandhi,Gandhi,32,92760
association,jlens_camila,gandhi,Gandhi,40,32770
association,jlens_camila,gandhi,Gandhi,48,73230
association,jlens_camila,gandhi,Gandhi,56,33265
association,rlens_camila,gandhi,Gandhi,8,17975
association,rlens_camila,gandhi,Gandhi,16,19262
association,rlens_camila,gandhi,Gandhi,24,17366
association,rlens_camila,gandhi,Gandhi,32,16581
association,rlens_camila,gandhi,Gandhi,40,11150
association,rlens_camila,gandhi,Gandhi,48,43233
association,rlens_camila,gandhi,Gandhi,56,37205
association,jpp_released,gandhi,Gandhi,8,7422
association,jpp_released,gandhi,Gandhi,16,12171
association,jpp_released,gandhi,Gandhi,24,15158
association,jpp_released,gandhi,Gandhi,32,5982
association,jpp_released,gandhi,Gandhi,40,6708
association,jpp_released,gandhi,Gandhi,48,13299
association,jpp_released,gandhi,Gandhi,56,3971
association,logit,edison,Edison,8,60978
association,logit,edison,Edison,16,86347
association,logit,edison,Edison,24,9219
association,logit,edison,Edison,32,17293
association,logit,edison,Edison,40,38783
association,logit,edison,Edison,48,108860
association,logit,edison,Edison,56,1018
association,jlens_camila,edison,Edison,8,43768
association,jlens_camila,edison,Edison,16,50344
association,jlens_camila,edison,Edison,24,30474
association,jlens_camila,edison,Edison,32,12793
association,jlens_camila,edison,Edison,40,12869
association,jlens_camila,edison,Edison,48,75548
association,jlens_camila,edison,Edison,56,1422
association,rlens_camila,edison,Edison,8,44736
association,rlens_camila,edison,Edison,16,37558
association,rlens_camila,edison,Edison,24,3183
association,rlens_camila,edison,Edison,32,7877
association,rlens_camila,edison,Edison,40,16158
association,rlens_camila,edison,Edison,48,71815
association,rlens_camila,edison,Edison,56,820
association,jpp_released,edison,Edison,8,199
association,jpp_released,edison,Edison,16,10321
association,jpp_released,edison,Edison,24,185
association,jpp_released,edison,Edison,32,4591
association,jpp_released,edison,Edison,40,6702
association,jpp_released,edison,Edison,48,22552
association,jpp_released,edison,Edison,56,19055
association,logit,cia,CIA,8,5382
association,logit,cia,CIA,16,10656
association,logit,cia,CIA,24,15141
association,logit,cia,CIA,32,4654
association,logit,cia,CIA,40,1284
association,logit,cia,CIA,48,268
association,logit,cia,CIA,56,12620
association,jlens_camila,cia,CIA,8,95437
association,jlens_camila,cia,CIA,16,14991
association,jlens_camila,cia,CIA,24,1501
association,jlens_camila,cia,CIA,32,230
association,jlens_camila,cia,CIA,40,11
association,jlens_camila,cia,CIA,48,273
association,jlens_camila,cia,CIA,56,23667
association,rlens_camila,cia,CIA,8,23700
association,rlens_camila,cia,CIA,16,7926
association,rlens_camila,cia,CIA,24,1274
association,rlens_camila,cia,CIA,32,618
association,rlens_camila,cia,CIA,40,66
association,rlens_camila,cia,CIA,48,637
association,rlens_camila,cia,CIA,56,11023
association,jpp_released,cia,CIA,8,5795
association,jpp_released,cia,CIA,16,64
association,jpp_released,cia,CIA,24,541
association,jpp_released,cia,CIA,32,3
association,jpp_released,cia,CIA,40,82
association,jpp_released,cia,CIA,48,20
association,jpp_released,cia,CIA,56,29276
association,logit,vatican,Vatican,8,51812
association,logit,vatican,Vatican,16,27588
association,logit,vatican,Vatican,24,42020
association,logit,vatican,Vatican,32,142848
association,logit,vatican,Vatican,40,183407
association,logit,vatican,Vatican,48,204952
association,logit,vatican,Vatican,56,77902
association,jlens_camila,vatican,Vatican,8,88769
association,jlens_camila,vatican,Vatican,16,188035
association,jlens_camila,vatican,Vatican,24,157065
association,jlens_camila,vatican,Vatican,32,209076
association,jlens_camila,vatican,Vatican,40,191790
association,jlens_camila,vatican,Vatican,48,162075
association,jlens_camila,vatican,Vatican,56,80289
association,rlens_camila,vatican,Vatican,8,146854
association,rlens_camila,vatican,Vatican,16,197268
association,rlens_camila,vatican,Vatican,24,155248
association,rlens_camila,vatican,Vatican,32,213570
association,rlens_camila,vatican,Vatican,40,196621
association,rlens_camila,vatican,Vatican,48,173543
association,rlens_camila,vatican,Vatican,56,71985
association,jpp_released,vatican,Vatican,8,52874
association,jpp_released,vatican,Vatican,16,22184
association,jpp_released,vatican,Vatican,24,24291
association,jpp_released,vatican,Vatican,32,61415
association,jpp_released,vatican,Vatican,40,57697
association,jpp_released,vatican,Vatican,48,30928
association,jpp_released,vatican,Vatican,56,43218
association,logit,pentagon,Pentagon,8,126035
association,logit,pentagon,Pentagon,16,154154
association,logit,pentagon,Pentagon,24,134256
association,logit,pentagon,Pentagon,32,170801
association,logit,pentagon,Pentagon,40,122133
association,logit,pentagon,Pentagon,48,183835
association,logit,pentagon,Pentagon,56,4997
association,jlens_camila,pentagon,Pentagon,8,114663
association,jlens_camila,pentagon,Pentagon,16,36680
association,jlens_camila,pentagon,Pentagon,24,76253
association,jlens_camila,pentagon,Pentagon,32,15845
association,jlens_camila,pentagon,Pentagon,40,9678
association,jlens_camila,pentagon,Pentagon,48,6398
association,jlens_camila,pentagon,Pentagon,56,1373
association,rlens_camila,pentagon,Pentagon,8,171755
association,rlens_camila,pentagon,Pentagon,16,72938
association,rlens_camila,pentagon,Pentagon,24,46957
association,rlens_camila,pentagon,Pentagon,32,20276
association,rlens_camila,pentagon,Pentagon,40,12106
association,rlens_camila,pentagon,Pentagon,48,18346
association,rlens_camila,pentagon,Pentagon,56,1409
association,jpp_released,pentagon,Pentagon,8,157317
association,jpp_released,pentagon,Pentagon,16,4475
association,jpp_released,pentagon,Pentagon,24,10424
association,jpp_released,pentagon,Pentagon,32,4721
association,jpp_released,pentagon,Pentagon,40,4477
association,jpp_released,pentagon,Pentagon,48,1870
association,jpp_released,pentagon,Pentagon,56,9695
association,logit,unesco,UNESCO,8,24991
association,logit,unesco,UNESCO,16,25530
association,logit,unesco,UNESCO,24,5412
association,logit,unesco,UNESCO,32,79473
association,logit,unesco,UNESCO,40,2129
association,logit,unesco,UNESCO,48,8853
association,logit,unesco,UNESCO,56,47
association,jlens_camila,unesco,UNESCO,8,90221
association,jlens_camila,unesco,UNESCO,16,36219
association,jlens_camila,unesco,UNESCO,24,7265
association,jlens_camila,unesco,UNESCO,32,10664
association,jlens_camila,unesco,UNESCO,40,161
association,jlens_camila,unesco,UNESCO,48,1041
association,jlens_camila,unesco,UNESCO,56,109
association,rlens_camila,unesco,UNESCO,8,103350
association,rlens_camila,unesco,UNESCO,16,41019
association,rlens_camila,unesco,UNESCO,24,5476
association,rlens_camila,unesco,UNESCO,32,21534
association,rlens_camila,unesco,UNESCO,40,1298
association,rlens_camila,unesco,UNESCO,48,2820
association,rlens_camila,unesco,UNESCO,56,140
association,jpp_released,unesco,UNESCO,8,266
association,jpp_released,unesco,UNESCO,16,204
association,jpp_released,unesco,UNESCO,24,108
association,jpp_released,unesco,UNESCO,32,62
association,jpp_released,unesco,UNESCO,40,191
association,jpp_released,unesco,UNESCO,48,238
association,jpp_released,unesco,UNESCO,56,99
association,logit,anger,anger,8,6980
association,logit,anger,anger,16,17848
association,logit,anger,anger,24,10272
association,logit,anger,anger,32,3804
association,logit,anger,anger,40,18782
association,logit,anger,anger,48,1728
association,logit,anger,anger,56,27301
association,jlens_camila,anger,anger,8,158683
association,jlens_camila,anger,anger,16,98468
association,jlens_camila,anger,anger,24,23058
association,jlens_camila,anger,anger,32,2732
association,jlens_camila,anger,anger,40,2689
association,jlens_camila,anger,anger,48,823
association,jlens_camila,anger,anger,56,8667
association,rlens_camila,anger,anger,8,6858
association,rlens_camila,anger,anger,16,42577
association,rlens_camila,anger,anger,24,9164
association,rlens_camila,anger,anger,32,3703
association,rlens_camila,anger,anger,40,4431
association,rlens_camila,anger,anger,48,657
association,rlens_camila,anger,anger,56,11460
association,jpp_released,anger,anger,8,39965
association,jpp_released,anger,anger,16,18816
association,jpp_released,anger,anger,24,4752
association,jpp_released,anger,anger,32,4537
association,jpp_released,anger,anger,40,2629
association,jpp_released,anger,anger,48,1231
association,jpp_released,anger,anger,56,50442
association,logit,frustrated,frustrated,8,156511
association,logit,frustrated,frustrated,16,112188
association,logit,frustrated,frustrated,24,104741
association,logit,frustrated,frustrated,32,48793
association,logit,frustrated,frustrated,40,60514
association,logit,frustrated,frustrated,48,116414
association,logit,frustrated,frustrated,56,26517
association,jlens_camila,frustrated,frustrated,8,6634
association,jlens_camila,frustrated,frustrated,16,10108
association,jlens_camila,frustrated,frustrated,24,13911
association,jlens_camila,frustrated,frustrated,32,217
association,jlens_camila,frustrated,frustrated,40,33
association,jlens_camila,frustrated,frustrated,48,20
association,jlens_camila,frustrated,frustrated,56,2535
association,rlens_camila,frustrated,frustrated,8,6735
association,rlens_camila,frustrated,frustrated,16,7269
association,rlens_camila,frustrated,frustrated,24,4730
association,rlens_camila,frustrated,frustrated,32,465
association,rlens_camila,frustrated,frustrated,40,70
association,rlens_camila,frustrated,frustrated,48,149
association,rlens_camila,frustrated,frustrated,56,7607
association,jpp_released,frustrated,frustrated,8,56618
association,jpp_released,frustrated,frustrated,16,30233
association,jpp_released,frustrated,frustrated,24,7738
association,jpp_released,frustrated,frustrated,32,1616
association,jpp_released,frustrated,frustrated,40,1262
association,jpp_released,frustrated,frustrated,48,243
association,jpp_released,frustrated,frustrated,56,47682
association,logit,lonely,lonely,8,120572
association,logit,lonely,lonely,16,116307
association,logit,lonely,lonely,24,111793
association,logit,lonely,lonely,32,34702
association,logit,lonely,lonely,40,1406
association,logit,lonely,lonely,48,56955
association,logit,lonely,lonely,56,154479
association,jlens_camila,lonely,lonely,8,987
association,jlens_camila,lonely,lonely,16,14754
association,jlens_camila,lonely,lonely,24,1458
association,jlens_camila,lonely,lonely,32,1188
association,jlens_camila,lonely,lonely,40,11
association,jlens_camila,lonely,lonely,48,15
association,jlens_camila,lonely,lonely,56,25182
association,rlens_camila,lonely,lonely,8,1770
association,rlens_camila,lonely,lonely,16,4355
association,rlens_camila,lonely,lonely,24,2359
association,rlens_camila,lonely,lonely,32,467
association,rlens_camila,lonely,lonely,40,14
association,rlens_camila,lonely,lonely,48,33
association,rlens_camila,lonely,lonely,56,38651
association,jpp_released,lonely,lonely,8,199
association,jpp_released,lonely,lonely,16,1465
association,jpp_released,lonely,lonely,24,341
association,jpp_released,lonely,lonely,32,88
association,jpp_released,lonely,lonely,40,1
association,jpp_released,lonely,lonely,48,2
association,jpp_released,lonely,lonely,56,47855
association,logit,shame,shame,8,112208
association,logit,shame,shame,16,49832
association,logit,shame,shame,24,23724
association,logit,shame,shame,32,123436
association,logit,shame,shame,40,78824
association,logit,shame,shame,48,32341
association,logit,shame,shame,56,48737
association,jlens_camila,shame,shame,8,106807
association,jlens_camila,shame,shame,16,25362
association,jlens_camila,shame,shame,24,119641
association,jlens_camila,shame,shame,32,17104
association,jlens_camila,shame,shame,40,10568
association,jlens_camila,shame,shame,48,5213
association,jlens_camila,shame,shame,56,10182
association,rlens_camila,shame,shame,8,13644
association,rlens_camila,shame,shame,16,9808
association,rlens_camila,shame,shame,24,7145
association,rlens_camila,shame,shame,32,5629
association,rlens_camila,shame,shame,40,4094
association,rlens_camila,shame,shame,48,2944
association,rlens_camila,shame,shame,56,12795
association,jpp_released,shame,shame,8,26960
association,jpp_released,shame,shame,16,4575
association,jpp_released,shame,shame,24,1141
association,jpp_released,shame,shame,32,3559
association,jpp_released,shame,shame,40,1297
association,jpp_released,shame,shame,48,662
association,jpp_released,shame,shame,56,55517
association,logit,noir,noir,8,9978
association,logit,noir,noir,16,1361
association,logit,noir,noir,24,14
association,logit,noir,noir,32,245
association,logit,noir,noir,40,441
association,logit,noir,noir,48,5371
association,logit,noir,noir,56,25
association,jlens_camila,noir,noir,8,75273
association,jlens_camila,noir,noir,16,2658
association,jlens_camila,noir,noir,24,134
association,jlens_camila,noir,noir,32,5
association,jlens_camila,noir,noir,40,1
association,jlens_camila,noir,noir,48,16
association,jlens_camila,noir,noir,56,16
association,rlens_camila,noir,noir,8,9698
association,rlens_camila,noir,noir,16,3215
association,rlens_camila,noir,noir,24,16
association,rlens_camila,noir,noir,32,4
association,rlens_camila,noir,noir,40,1
association,rlens_camila,noir,noir,48,12
association,rlens_camila,noir,noir,56,18
association,jpp_released,noir,noir,8,2647
association,jpp_released,noir,noir,16,80
association,jpp_released,noir,noir,24,2
association,jpp_released,noir,noir,32,1
association,jpp_released,noir,noir,40,52
association,jpp_released,noir,noir,48,22
association,jpp_released,noir,noir,56,5
association,logit,horror,horror,8,10486
association,logit,horror,horror,16,10434
association,logit,horror,horror,24,276
association,logit,horror,horror,32,3351
association,logit,horror,horror,40,890
association,logit,horror,horror,48,7567
association,logit,horror,horror,56,3020
association,jlens_camila,horror,horror,8,150580
association,jlens_camila,horror,horror,16,7883
association,jlens_camila,horror,horror,24,35
association,jlens_camila,horror,horror,32,22
association,jlens_camila,horror,horror,40,42
association,jlens_camila,horror,horror,48,125
association,jlens_camila,horror,horror,56,384
association,rlens_camila,horror,horror,8,16416
association,rlens_camila,horror,horror,16,6572
association,rlens_camila,horror,horror,24,52
association,rlens_camila,horror,horror,32,53
association,rlens_camila,horror,horror,40,73
association,rlens_camila,horror,horror,48,189
association,rlens_camila,horror,horror,56,708
association,jpp_released,horror,horror,8,1744
association,jpp_released,horror,horror,16,10
association,jpp_released,horror,horror,24,2
association,jpp_released,horror,horror,32,6
association,jpp_released,horror,horror,40,12
association,jpp_released,horror,horror,48,25
association,jpp_released,horror,horror,56,888
association,logit,rivals,rivals,8,69689
association,logit,rivals,rivals,16,24576
association,logit,rivals,rivals,24,2612
association,logit,rivals,rivals,32,8251
association,logit,rivals,rivals,40,46452
association,logit,rivals,rivals,48,76811
association,logit,rivals,rivals,56,33103
association,jlens_camila,rivals,rivals,8,66473
association,jlens_camila,rivals,rivals,16,4832
association,jlens_camila,rivals,rivals,24,2543
association,jlens_camila,rivals,rivals,32,958
association,jlens_camila,rivals,rivals,40,362
association,jlens_camila,rivals,rivals,48,189
association,jlens_camila,rivals,rivals,56,1394
association,rlens_camila,rivals,rivals,8,34338
association,rlens_camila,rivals,rivals,16,10944
association,rlens_camila,rivals,rivals,24,3719
association,rlens_camila,rivals,rivals,32,773
association,rlens_camila,rivals,rivals,40,774
association,rlens_camila,rivals,rivals,48,640
association,rlens_camila,rivals,rivals,56,2743
association,jpp_released,rivals,rivals,8,449
association,jpp_released,rivals,rivals,16,603
association,jpp_released,rivals,rivals,24,42
association,jpp_released,rivals,rivals,32,40
association,jpp_released,rivals,rivals,40,255
association,jpp_released,rivals,rivals,48,291
association,jpp_released,rivals,rivals,56,49234
association,logit,boss,boss,8,8761
association,logit,boss,boss,16,1609
association,logit,boss,boss,24,1138
association,logit,boss,boss,32,10426
association,logit,boss,boss,40,2089
association,logit,boss,boss,48,2235
association,logit,boss,boss,56,74719
association,jlens_camila,boss,boss,8,586
association,jlens_camila,boss,boss,16,297
association,jlens_camila,boss,boss,24,209
association,jlens_camila,boss,boss,32,163
association,jlens_camila,boss,boss,40,194
association,jlens_camila,boss,boss,48,504
association,jlens_camila,boss,boss,56,39473
association,rlens_camila,boss,boss,8,1000
association,rlens_camila,boss,boss,16,275
association,rlens_camila,boss,boss,24,205
association,rlens_camila,boss,boss,32,502
association,rlens_camila,boss,boss,40,237
association,rlens_camila,boss,boss,48,813
association,rlens_camila,boss,boss,56,54698
association,jpp_released,boss,boss,8,901
association,jpp_released,boss,boss,16,497
association,jpp_released,boss,boss,24,292
association,jpp_released,boss,boss,32,646
association,jpp_released,boss,boss,40,626
association,jpp_released,boss,boss,48,1600
association,jpp_released,boss,boss,56,142565
association,logit,neighbors,neighbors,8,16904
association,logit,neighbors,neighbors,16,3465
association,logit,neighbors,neighbors,24,1657
association,logit,neighbors,neighbors,32,16789
association,logit,neighbors,neighbors,40,1032
association,logit,neighbors,neighbors,48,6973
association,logit,neighbors,neighbors,56,4579
association,jlens_camila,neighbors,neighbors,8,28549
association,jlens_camila,neighbors,neighbors,16,6594
association,jlens_camila,neighbors,neighbors,24,194
association,jlens_camila,neighbors,neighbors,32,274
association,jlens_camila,neighbors,neighbors,40,9
association,jlens_camila,neighbors,neighbors,48,11
association,jlens_camila,neighbors,neighbors,56,1903
association,rlens_camila,neighbors,neighbors,8,2023
association,rlens_camila,neighbors,neighbors,16,1457
association,rlens_camila,neighbors,neighbors,24,91
association,rlens_camila,neighbors,neighbors,32,276
association,rlens_camila,neighbors,neighbors,40,19
association,rlens_camila,neighbors,neighbors,48,25
association,rlens_camila,neighbors,neighbors,56,1956
association,jpp_released,neighbors,neighbors,8,51
association,jpp_released,neighbors,neighbors,16,72
association,jpp_released,neighbors,neighbors,24,4
association,jpp_released,neighbors,neighbors,32,41
association,jpp_released,neighbors,neighbors,40,84
association,jpp_released,neighbors,neighbors,48,8
association,jpp_released,neighbors,neighbors,56,8468
association,logit,teacher,teacher,8,33243
association,logit,teacher,teacher,16,25039
association,logit,teacher,teacher,24,77335
association,logit,teacher,teacher,32,90340
association,logit,teacher,teacher,40,162594
association,logit,teacher,teacher,48,107154
association,logit,teacher,teacher,56,54026
association,jlens_camila,teacher,teacher,8,149469
association,jlens_camila,teacher,teacher,16,38839
association,jlens_camila,teacher,teacher,24,162798
association,jlens_camila,teacher,teacher,32,91959
association,jlens_camila,teacher,teacher,40,100228
association,jlens_camila,teacher,teacher,48,40466
association,jlens_camila,teacher,teacher,56,7053
association,rlens_camila,teacher,teacher,8,15504
association,rlens_camila,teacher,teacher,16,5743
association,rlens_camila,teacher,teacher,24,24438
association,rlens_camila,teacher,teacher,32,28401
association,rlens_camila,teacher,teacher,40,46025
association,rlens_camila,teacher,teacher,48,24561
association,rlens_camila,teacher,teacher,56,8675
association,jpp_released,teacher,teacher,8,21705
association,jpp_released,teacher,teacher,16,3897
association,jpp_released,teacher,teacher,24,4911
association,jpp_released,teacher,teacher,32,4043
association,jpp_released,teacher,teacher,40,2380
association,jpp_released,teacher,teacher,48,2048
association,jpp_released,teacher,teacher,56,2666
association,logit,underwater,underwater,8,14489
association,logit,underwater,underwater,16,9300
association,logit,underwater,underwater,24,16
association,logit,underwater,underwater,32,10092
association,logit,underwater,underwater,40,6
association,logit,underwater,underwater,48,56
association,logit,underwater,underwater,56,12216
association,jlens_camila,underwater,underwater,8,61884
association,jlens_camila,underwater,underwater,16,64485
association,jlens_camila,underwater,underwater,24,4
association,jlens_camila,underwater,underwater,32,2
association,jlens_camila,underwater,underwater,40,1
association,jlens_camila,underwater,underwater,48,1
association,jlens_camila,underwater,underwater,56,1540
association,rlens_camila,underwater,underwater,8,3937
association,rlens_camila,underwater,underwater,16,4129
association,rlens_camila,underwater,underwater,24,2
association,rlens_camila,underwater,underwater,32,1
association,rlens_camila,underwater,underwater,40,1
association,rlens_camila,underwater,underwater,48,1
association,rlens_camila,underwater,underwater,56,1404
association,jpp_released,underwater,underwater,8,115
association,jpp_released,underwater,underwater,16,48
association,jpp_released,underwater,underwater,24,1
association,jpp_released,underwater,underwater,32,1
association,jpp_released,underwater,underwater,40,1
association,jpp_released,underwater,underwater,48,1
association,jpp_released,underwater,underwater,56,31342
association,logit,desert,desert,8,30530
association,logit,desert,desert,16,8104
association,logit,desert,desert,24,233
association,logit,desert,desert,32,197
association,logit,desert,desert,40,7
association,logit,desert,desert,48,22
association,logit,desert,desert,56,13
association,jlens_camila,desert,desert,8,132516
association,jlens_camila,desert,desert,16,50670
association,jlens_camila,desert,desert,24,79
association,jlens_camila,desert,desert,32,4
association,jlens_camila,desert,desert,40,2
association,jlens_camila,desert,desert,48,1
association,jlens_camila,desert,desert,56,8
association,rlens_camila,desert,desert,8,7347
association,rlens_camila,desert,desert,16,1122
association,rlens_camila,desert,desert,24,9
association,rlens_camila,desert,desert,32,2
association,rlens_camila,desert,desert,40,1
association,rlens_camila,desert,desert,48,1
association,rlens_camila,desert,desert,56,5
association,jpp_released,desert,desert,8,122
association,jpp_released,desert,desert,16,154
association,jpp_released,desert,desert,24,5
association,jpp_released,desert,desert,32,1
association,jpp_released,desert,desert,40,1
association,jpp_released,desert,desert,48,1
association,jpp_released,desert,desert,56,1
association,logit,chess,chess,8,34611
association,logit,chess,chess,16,10013
association,logit,chess,chess,24,546
association,logit,chess,chess,32,39638
association,logit,chess,chess,40,80832
association,logit,chess,chess,48,26202
association,logit,chess,chess,56,7702
association,jlens_camila,chess,chess,8,175424
association,jlens_camila,chess,chess,16,32660
association,jlens_camila,chess,chess,24,193
association,jlens_camila,chess,chess,32,86
association,jlens_camila,chess,chess,40,189
association,jlens_camila,chess,chess,48,245
association,jlens_camila,chess,chess,56,1076
association,rlens_camila,chess,chess,8,80327
association,rlens_camila,chess,chess,16,34506
association,rlens_camila,chess,chess,24,41
association,rlens_camila,chess,chess,32,100
association,rlens_camila,chess,chess,40,2141
association,rlens_camila,chess,chess,48,409
association,rlens_camila,chess,chess,56,1559
association,jpp_released,chess,chess,8,3534
association,jpp_released,chess,chess,16,348
association,jpp_released,chess,chess,24,1
association,jpp_released,chess,chess,32,5
association,jpp_released,chess,chess,40,918
association,jpp_released,chess,chess,48,153
association,jpp_released,chess,chess,56,2140
association,logit,poker,poker,8,44027
association,logit,poker,poker,16,40270
association,logit,poker,poker,24,547
association,logit,poker,poker,32,711
association,logit,poker,poker,40,364
association,logit,poker,poker,48,230
association,logit,poker,poker,56,28
association,jlens_camila,poker,poker,8,14664
association,jlens_camila,poker,poker,16,1191
association,jlens_camila,poker,poker,24,50
association,jlens_camila,poker,poker,32,2
association,jlens_camila,poker,poker,40,2
association,jlens_camila,poker,poker,48,1
association,jlens_camila,poker,poker,56,3
association,rlens_camila,poker,poker,8,12623
association,rlens_camila,poker,poker,16,4259
association,rlens_camila,poker,poker,24,54
association,rlens_camila,poker,poker,32,7
association,rlens_camila,poker,poker,40,3
association,rlens_camila,poker,poker,48,2
association,rlens_camila,poker,poker,56,12
association,jpp_released,poker,poker,8,28
association,jpp_released,poker,poker,16,85
association,jpp_released,poker,poker,24,3
association,jpp_released,poker,poker,32,2
association,jpp_released,poker,poker,40,11
association,jpp_released,poker,poker,48,2
association,jpp_released,poker,poker,56,43
association,logit,interview,interview,8,9796
association,logit,interview,interview,16,20681
association,logit,interview,interview,24,33272
association,logit,interview,interview,32,31429
association,logit,interview,interview,40,646
association,logit,interview,interview,48,8818
association,logit,interview,interview,56,5423
association,jlens_camila,interview,interview,8,151697
association,jlens_camila,interview,interview,16,38906
association,jlens_camila,interview,interview,24,34124
association,jlens_camila,interview,interview,32,1125
association,jlens_camila,interview,interview,40,57
association,jlens_camila,interview,interview,48,112
association,jlens_camila,interview,interview,56,2100
association,rlens_camila,interview,interview,8,3374
association,rlens_camila,interview,interview,16,3765
association,rlens_camila,interview,interview,24,4131
association,rlens_camila,interview,interview,32,1139
association,rlens_camila,interview,interview,40,33
association,rlens_camila,interview,interview,48,82
association,rlens_camila,interview,interview,56,1803
association,jpp_released,interview,interview,8,40026
association,jpp_released,interview,interview,16,5799
association,jpp_released,interview,interview,24,4615
association,jpp_released,interview,interview,32,6251
association,jpp_released,interview,interview,40,9
association,jpp_released,interview,interview,48,12
association,jpp_released,interview,interview,56,2724
association,logit,dawn,dawn,8,20989
association,logit,dawn,dawn,16,52064
association,logit,dawn,dawn,24,6753
association,logit,dawn,dawn,32,10502
association,logit,dawn,dawn,40,6
association,logit,dawn,dawn,48,1589
association,logit,dawn,dawn,56,7739
association,jlens_camila,dawn,dawn,8,70609
association,jlens_camila,dawn,dawn,16,60944
association,jlens_camila,dawn,dawn,24,1936
association,jlens_camila,dawn,dawn,32,363
association,jlens_camila,dawn,dawn,40,6
association,jlens_camila,dawn,dawn,48,7
association,jlens_camila,dawn,dawn,56,290
association,rlens_camila,dawn,dawn,8,24069
association,rlens_camila,dawn,dawn,16,17290
association,rlens_camila,dawn,dawn,24,767
association,rlens_camila,dawn,dawn,32,518
association,rlens_camila,dawn,dawn,40,4
association,rlens_camila,dawn,dawn,48,12
association,rlens_camila,dawn,dawn,56,478
association,jpp_released,dawn,dawn,8,2870
association,jpp_released,dawn,dawn,16,191
association,jpp_released,dawn,dawn,24,275
association,jpp_released,dawn,dawn,32,165
association,jpp_released,dawn,dawn,40,3
association,jpp_released,dawn,dawn,48,7
association,jpp_released,dawn,dawn,56,165
association,logit,winter,winter,8,10200
association,logit,winter,winter,16,6079
association,logit,winter,winter,24,25247
association,logit,winter,winter,32,46718
association,logit,winter,winter,40,2357
association,logit,winter,winter,48,554
association,logit,winter,winter,56,368
association,jlens_camila,winter,winter,8,8324
association,jlens_camila,winter,winter,16,8770
association,jlens_camila,winter,winter,24,1404
association,jlens_camila,winter,winter,32,371
association,jlens_camila,winter,winter,40,2
association,jlens_camila,winter,winter,48,1
association,jlens_camila,winter,winter,56,25
association,rlens_camila,winter,winter,8,8858
association,rlens_camila,winter,winter,16,1949
association,rlens_camila,winter,winter,24,2175
association,rlens_camila,winter,winter,32,1480
association,rlens_camila,winter,winter,40,3
association,rlens_camila,winter,winter,48,1
association,rlens_camila,winter,winter,56,23
association,jpp_released,winter,winter,8,8568
association,jpp_released,winter,winter,16,26
association,jpp_released,winter,winter,24,161
association,jpp_released,winter,winter,32,202
association,jpp_released,winter,winter,40,1
association,jpp_released,winter,winter,48,1
association,jpp_released,winter,winter,56,15
association,logit,death-h,death,8,21300
association,logit,death-h,death,16,19008
association,logit,death-h,death,24,74629
association,logit,death-h,death,32,8114
association,logit,death-h,death,40,10460
association,logit,death-h,death,48,5666
association,logit,death-h,death,56,22404
association,jlens_camila,death-h,death,8,79109
association,jlens_camila,death-h,death,16,12293
association,jlens_camila,death-h,death,24,6304
association,jlens_camila,death-h,death,32,906
association,jlens_camila,death-h,death,40,452
association,jlens_camila,death-h,death,48,372
association,jlens_camila,death-h,death,56,9468
association,rlens_camila,death-h,death,8,3368
association,rlens_camila,death-h,death,16,825
association,rlens_camila,death-h,death,24,3459
association,rlens_camila,death-h,death,32,982
association,rlens_camila,death-h,death,40,571
association,rlens_camila,death-h,death,48,361
association,rlens_camila,death-h,death,56,8459
association,jpp_released,death-h,death,8,128473
association,jpp_released,death-h,death,16,494
association,jpp_released,death-h,death,24,358
association,jpp_released,death-h,death,32,51
association,jpp_released,death-h,death,40,39
association,jpp_released,death-h,death,48,11
association,jpp_released,death-h,death,56,9022
association,logit,war-h,war,8,4668
association,logit,war-h,war,16,15269
association,logit,war-h,war,24,18081
association,logit,war-h,war,32,45959
association,logit,war-h,war,40,1541
association,logit,war-h,war,48,4708
association,logit,war-h,war,56,262
association,jlens_camila,war-h,war,8,60076
association,jlens_camila,war-h,war,16,46012
association,jlens_camila,war-h,war,24,23018
association,jlens_camila,war-h,war,32,6258
association,jlens_camila,war-h,war,40,1868
association,jlens_camila,war-h,war,48,3123
association,jlens_camila,war-h,war,56,662
association,rlens_camila,war-h,war,8,10246
association,rlens_camila,war-h,war,16,1780
association,rlens_camila,war-h,war,24,1178
association,rlens_camila,war-h,war,32,1697
association,rlens_camila,war-h,war,40,772
association,rlens_camila,war-h,war,48,4492
association,rlens_camila,war-h,war,56,480
association,jpp_released,war-h,war,8,48979
association,jpp_released,war-h,war,16,597
association,jpp_released,war-h,war,24,186
association,jpp_released,war-h,war,32,671
association,jpp_released,war-h,war,40,27
association,jpp_released,war-h,war,48,111
association,jpp_released,war-h,war,56,74
association,logit,love-h,love,8,5607
association,logit,love-h,love,16,26674
association,logit,love-h,love,24,8129
association,logit,love-h,love,32,13502
association,logit,love-h,love,40,30176
association,logit,love-h,love,48,22759
association,logit,love-h,love,56,99134
association,jlens_camila,love-h,love,8,10506
association,jlens_camila,love-h,love,16,11992
association,jlens_camila,love-h,love,24,3299
association,jlens_camila,love-h,love,32,2207
association,jlens_camila,love-h,love,40,590
association,jlens_camila,love-h,love,48,361
association,jlens_camila,love-h,love,56,45819
association,rlens_camila,love-h,love,8,2747
association,rlens_camila,love-h,love,16,5922
association,rlens_camila,love-h,love,24,298
association,rlens_camila,love-h,love,32,650
association,rlens_camila,love-h,love,40,568
association,rlens_camila,love-h,love,48,389
association,rlens_camila,love-h,love,56,24116
association,jpp_released,love-h,love,8,2355
association,jpp_released,love-h,love,16,81
association,jpp_released,love-h,love,24,2
association,jpp_released,love-h,love,32,19
association,jpp_released,love-h,love,40,13
association,jpp_released,love-h,love,48,13
association,jpp_released,love-h,love,56,9926
association,logit,home-h,home,8,2123
association,logit,home-h,home,16,1584
association,logit,home-h,home,24,1720
association,logit,home-h,home,32,2259
association,logit,home-h,home,40,23570
association,logit,home-h,home,48,8659
association,logit,home-h,home,56,1731
association,jlens_camila,home-h,home,8,194889
association,jlens_camila,home-h,home,16,184860
association,jlens_camila,home-h,home,24,50886
association,jlens_camila,home-h,home,32,3916
association,jlens_camila,home-h,home,40,1639
association,jlens_camila,home-h,home,48,665
association,jlens_camila,home-h,home,56,497
association,rlens_camila,home-h,home,8,1361
association,rlens_camila,home-h,home,16,1424
association,rlens_camila,home-h,home,24,598
association,rlens_camila,home-h,home,32,238
association,rlens_camila,home-h,home,40,459
association,rlens_camila,home-h,home,48,703
association,rlens_camila,home-h,home,56,283
association,jpp_released,home-h,home,8,484
association,jpp_released,home-h,home,16,51
association,jpp_released,home-h,home,24,81
association,jpp_released,home-h,home,32,140
association,jpp_released,home-h,home,40,80
association,jpp_released,home-h,home,48,118
association,jpp_released,home-h,home,56,266
association,logit,school-h,school,8,5513
association,logit,school-h,school,16,2167
association,logit,school-h,school,24,6219
association,logit,school-h,school,32,5201
association,logit,school-h,school,40,369
association,logit,school-h,school,48,391
association,logit,school-h,school,56,415
association,jlens_camila,school-h,school,8,38883
association,jlens_camila,school-h,school,16,51319
association,jlens_camila,school-h,school,24,12937
association,jlens_camila,school-h,school,32,6274
association,jlens_camila,school-h,school,40,1
association,jlens_camila,school-h,school,48,22
association,jlens_camila,school-h,school,56,113
association,rlens_camila,school-h,school,8,1916
association,rlens_camila,school-h,school,16,676
association,rlens_camila,school-h,school,24,272
association,rlens_camila,school-h,school,32,531
association,rlens_camila,school-h,school,40,1
association,rlens_camila,school-h,school,48,7
association,rlens_camila,school-h,school,56,78
association,jpp_released,school-h,school,8,22
association,jpp_released,school-h,school,16,42
association,jpp_released,school-h,school,24,1
association,jpp_released,school-h,school,32,9
association,jpp_released,school-h,school,40,1
association,jpp_released,school-h,school,48,1
association,jpp_released,school-h,school,56,54
association,logit,office-h,office,8,758
association,logit,office-h,office,16,1432
association,logit,office-h,office,24,4153
association,logit,office-h,office,32,2547
association,logit,office-h,office,40,21
association,logit,office-h,office,48,34
association,logit,office-h,office,56,86
association,jlens_camila,office-h,office,8,38922
association,jlens_camila,office-h,office,16,54944
association,jlens_camila,office-h,office,24,49519
association,jlens_camila,office-h,office,32,2136
association,jlens_camila,office-h,office,40,5
association,jlens_camila,office-h,office,48,19
association,jlens_camila,office-h,office,56,10
association,rlens_camila,office-h,office,8,4303
association,rlens_camila,office-h,office,16,5930
association,rlens_camila,office-h,office,24,1381
association,rlens_camila,office-h,office,32,576
association,rlens_camila,office-h,office,40,2
association,rlens_camila,office-h,office,48,9
association,rlens_camila,office-h,office,56,8
association,jpp_released,office-h,office,8,646
association,jpp_released,office-h,office,16,257
association,jpp_released,office-h,office,24,12
association,jpp_released,office-h,office,32,184
association,jpp_released,office-h,office,40,1
association,jpp_released,office-h,office,48,1
association,jpp_released,office-h,office,56,3
association,logit,court-h,court,8,10483
association,logit,court-h,court,16,31921
association,logit,court-h,court,24,29099
association,logit,court-h,court,32,7706
association,logit,court-h,court,40,4303
association,logit,court-h,court,48,882
association,logit,court-h,court,56,60
association,jlens_camila,court-h,court,8,29690
association,jlens_camila,court-h,court,16,63777
association,jlens_camila,court-h,court,24,16747
association,jlens_camila,court-h,court,32,4460
association,jlens_camila,court-h,court,40,3155
association,jlens_camila,court-h,court,48,2593
association,jlens_camila,court-h,court,56,75
association,rlens_camila,court-h,court,8,8905
association,rlens_camila,court-h,court,16,9201
association,rlens_camila,court-h,court,24,2688
association,rlens_camila,court-h,court,32,2047
association,rlens_camila,court-h,court,40,995
association,rlens_camila,court-h,court,48,1055
association,rlens_camila,court-h,court,56,81
association,jpp_released,court-h,court,8,47747
association,jpp_released,court-h,court,16,14626
association,jpp_released,court-h,court,24,1293
association,jpp_released,court-h,court,32,1900
association,jpp_released,court-h,court,40,268
association,jpp_released,court-h,court,48,47
association,jpp_released,court-h,court,56,7
association,logit,park-h,park,8,1654
association,logit,park-h,park,16,5899
association,logit,park-h,park,24,3944
association,logit,park-h,park,32,426
association,logit,park-h,park,40,6419
association,logit,park-h,park,48,9878
association,logit,park-h,park,56,14941
association,jlens_camila,park-h,park,8,73437
association,jlens_camila,park-h,park,16,81771
association,jlens_camila,park-h,park,24,27321
association,jlens_camila,park-h,park,32,798
association,jlens_camila,park-h,park,40,511
association,jlens_camila,park-h,park,48,2314
association,jlens_camila,park-h,park,56,5235
association,rlens_camila,park-h,park,8,7106
association,rlens_camila,park-h,park,16,2968
association,rlens_camila,park-h,park,24,465
association,rlens_camila,park-h,park,32,178
association,rlens_camila,park-h,park,40,351
association,rlens_camila,park-h,park,48,1952
association,rlens_camila,park-h,park,56,5384
association,jpp_released,park-h,park,8,3748
association,jpp_released,park-h,park,16,1713
association,jpp_released,park-h,park,24,155
association,jpp_released,park-h,park,32,15
association,jpp_released,park-h,park,40,119
association,jpp_released,park-h,park,48,722
association,jpp_released,park-h,park,56,485
association,logit,city-h,city,8,1628
association,logit,city-h,city,16,1987
association,logit,city-h,city,24,780
association,logit,city-h,city,32,3615
association,logit,city-h,city,40,10
association,logit,city-h,city,48,380
association,logit,city-h,city,56,126
association,jlens_camila,city-h,city,8,72658
association,jlens_camila,city-h,city,16,111243
association,jlens_camila,city-h,city,24,15184
association,jlens_camila,city-h,city,32,395
association,jlens_camila,city-h,city,40,7
association,jlens_camila,city-h,city,48,1
association,jlens_camila,city-h,city,56,63
association,rlens_camila,city-h,city,8,4717
association,rlens_camila,city-h,city,16,3422
association,rlens_camila,city-h,city,24,300
association,rlens_camila,city-h,city,32,124
association,rlens_camila,city-h,city,40,4
association,rlens_camila,city-h,city,48,2
association,rlens_camila,city-h,city,56,53
association,jpp_released,city-h,city,8,2331
association,jpp_released,city-h,city,16,78
association,jpp_released,city-h,city,24,1
association,jpp_released,city-h,city,32,8
association,jpp_released,city-h,city,40,2
association,jpp_released,city-h,city,48,1
association,jpp_released,city-h,city,56,2
association,logit,town-h,town,8,11727
association,logit,town-h,town,16,69562
association,logit,town-h,town,24,1349
association,logit,town-h,town,32,17048
association,logit,town-h,town,40,8480
association,logit,town-h,town,48,83667
association,logit,town-h,town,56,13249
association,jlens_camila,town-h,town,8,2033
association,jlens_camila,town-h,town,16,112794
association,jlens_camila,town-h,town,24,16571
association,jlens_camila,town-h,town,32,4967
association,jlens_camila,town-h,town,40,539
association,jlens_camila,town-h,town,48,553
association,jlens_camila,town-h,town,56,6620
association,rlens_camila,town-h,town,8,14675
association,rlens_camila,town-h,town,16,26794
association,rlens_camila,town-h,town,24,4054
association,rlens_camila,town-h,town,32,9225
association,rlens_camila,town-h,town,40,684
association,rlens_camila,town-h,town,48,800
association,rlens_camila,town-h,town,56,3759
association,jpp_released,town-h,town,8,2230
association,jpp_released,town-h,town,16,20797
association,jpp_released,town-h,town,24,742
association,jpp_released,town-h,town,32,1879
association,jpp_released,town-h,town,40,18
association,jpp_released,town-h,town,48,40
association,jpp_released,town-h,town,56,833
association,logit,field-h,field,8,2385
association,logit,field-h,field,16,11384
association,logit,field-h,field,24,59080
association,logit,field-h,field,32,10865
association,logit,field-h,field,40,23519
association,logit,field-h,field,48,30263
association,logit,field-h,field,56,42464
association,jlens_camila,field-h,field,8,32249
association,jlens_camila,field-h,field,16,31119
association,jlens_camila,field-h,field,24,62102
association,jlens_camila,field-h,field,32,15849
association,jlens_camila,field-h,field,40,4710
association,jlens_camila,field-h,field,48,8033
association,jlens_camila,field-h,field,56,52960
association,rlens_camila,field-h,field,8,7163
association,rlens_camila,field-h,field,16,5568
association,rlens_camila,field-h,field,24,1793
association,rlens_camila,field-h,field,32,1581
association,rlens_camila,field-h,field,40,1257
association,rlens_camila,field-h,field,48,2555
association,rlens_camila,field-h,field,56,32998
association,jpp_released,field-h,field,8,6422
association,jpp_released,field-h,field,16,3504
association,jpp_released,field-h,field,24,1682
association,jpp_released,field-h,field,32,329
association,jpp_released,field-h,field,40,55
association,jpp_released,field-h,field,48,91
association,jpp_released,field-h,field,56,242
association,logit,store-h,store,8,1670
association,logit,store-h,store,16,7050
association,logit,store-h,store,24,12078
association,logit,store-h,store,32,51742
association,logit,store-h,store,40,73511
association,logit,store-h,store,48,25556
association,logit,store-h,store,56,519
association,jlens_camila,store-h,store,8,209792
association,jlens_camila,store-h,store,16,223772
association,jlens_camila,store-h,store,24,220127
association,jlens_camila,store-h,store,32,219680
association,jlens_camila,store-h,store,40,119604
association,jlens_camila,store-h,store,48,49125
association,jlens_camila,store-h,store,56,1076
association,rlens_camila,store-h,store,8,14330
association,rlens_camila,store-h,store,16,76324
association,rlens_camila,store-h,store,24,110514
association,rlens_camila,store-h,store,32,127953
association,rlens_camila,store-h,store,40,38583
association,rlens_camila,store-h,store,48,22699
association,rlens_camila,store-h,store,56,415
association,jpp_released,store-h,store,8,3887
association,jpp_released,store-h,store,16,29512
association,jpp_released,store-h,store,24,1791
association,jpp_released,store-h,store,32,3459
association,jpp_released,store-h,store,40,286
association,jpp_released,store-h,store,48,181
association,jpp_released,store-h,store,56,149
association,logit,art-h,art,8,397
association,logit,art-h,art,16,232
association,logit,art-h,art,24,5
association,logit,art-h,art,32,161
association,logit,art-h,art,40,1
association,logit,art-h,art,48,46
association,logit,art-h,art,56,29
association,jlens_camila,art-h,art,8,84740
association,jlens_camila,art-h,art,16,2089
association,jlens_camila,art-h,art,24,13
association,jlens_camila,art-h,art,32,11
association,jlens_camila,art-h,art,40,29
association,jlens_camila,art-h,art,48,39
association,jlens_camila,art-h,art,56,28
association,rlens_camila,art-h,art,8,3721
association,rlens_camila,art-h,art,16,1109
association,rlens_camila,art-h,art,24,15
association,rlens_camila,art-h,art,32,18
association,rlens_camila,art-h,art,40,14
association,rlens_camila,art-h,art,48,25
association,rlens_camila,art-h,art,56,18
association,jpp_released,art-h,art,8,24
association,jpp_released,art-h,art,16,282
association,jpp_released,art-h,art,24,19
association,jpp_released,art-h,art,32,17
association,jpp_released,art-h,art,40,9
association,jpp_released,art-h,art,48,16
association,jpp_released,art-h,art,56,28
association,logit,music-h,music,8,5890
association,logit,music-h,music,16,15320
association,logit,music-h,music,24,2401
association,logit,music-h,music,32,3525
association,logit,music-h,music,40,272
association,logit,music-h,music,48,1752
association,logit,music-h,music,56,280
association,jlens_camila,music-h,music,8,45668
association,jlens_camila,music-h,music,16,50247
association,jlens_camila,music-h,music,24,2931
association,jlens_camila,music-h,music,32,740
association,jlens_camila,music-h,music,40,23
association,jlens_camila,music-h,music,48,103
association,jlens_camila,music-h,music,56,27
association,rlens_camila,music-h,music,8,3647
association,rlens_camila,music-h,music,16,4624
association,rlens_camila,music-h,music,24,390
association,rlens_camila,music-h,music,32,403
association,rlens_camila,music-h,music,40,12
association,rlens_camila,music-h,music,48,52
association,rlens_camila,music-h,music,56,24
association,jpp_released,music-h,music,8,78
association,jpp_released,music-h,music,16,502
association,jpp_released,music-h,music,24,3
association,jpp_released,music-h,music,32,17
association,jpp_released,music-h,music,40,1
association,jpp_released,music-h,music,48,5
association,jpp_released,music-h,music,56,1
association,logit,math-h,math,8,372
association,logit,math-h,math,16,1399
association,logit,math-h,math,24,6488
association,logit,math-h,math,32,22784
association,logit,math-h,math,40,281
association,logit,math-h,math,48,289
association,logit,math-h,math,56,128
association,jlens_camila,math-h,math,8,1754
association,jlens_camila,math-h,math,16,1123
association,jlens_camila,math-h,math,24,40389
association,jlens_camila,math-h,math,32,786
association,jlens_camila,math-h,math,40,6
association,jlens_camila,math-h,math,48,53
association,jlens_camila,math-h,math,56,152
association,rlens_camila,math-h,math,8,385
association,rlens_camila,math-h,math,16,1264
association,rlens_camila,math-h,math,24,6846
association,rlens_camila,math-h,math,32,2204
association,rlens_camila,math-h,math,40,10
association,rlens_camila,math-h,math,48,14
association,rlens_camila,math-h,math,56,103
association,jpp_released,math-h,math,8,1
association,jpp_released,math-h,math,16,48
association,jpp_released,math-h,math,24,393
association,jpp_released,math-h,math,32,213
association,jpp_released,math-h,math,40,3
association,jpp_released,math-h,math,48,2
association,jpp_released,math-h,math,56,142
association,logit,science-h,science,8,8177
association,logit,science-h,science,16,972
association,logit,science-h,science,24,2
association,logit,science-h,science,32,41
association,logit,science-h,science,40,11
association,logit,science-h,science,48,185
association,logit,science-h,science,56,146
association,jlens_camila,science-h,science,8,494
association,jlens_camila,science-h,science,16,90
association,jlens_camila,science-h,science,24,14
association,jlens_camila,science-h,science,32,2
association,jlens_camila,science-h,science,40,1
association,jlens_camila,science-h,science,48,1
association,jlens_camila,science-h,science,56,42
association,rlens_camila,science-h,science,8,921
association,rlens_camila,science-h,science,16,215
association,rlens_camila,science-h,science,24,10
association,rlens_camila,science-h,science,32,1
association,rlens_camila,science-h,science,40,1
association,rlens_camila,science-h,science,48,2
association,rlens_camila,science-h,science,56,39
association,jpp_released,science-h,science,8,491
association,jpp_released,science-h,science,16,5
association,jpp_released,science-h,science,24,1
association,jpp_released,science-h,science,32,1
association,jpp_released,science-h,science,40,1
association,jpp_released,science-h,science,48,1
association,jpp_released,science-h,science,56,9
association,logit,law-h,law,8,5071
association,logit,law-h,law,16,1894
association,logit,law-h,law,24,3142
association,logit,law-h,law,32,53211
association,logit,law-h,law,40,21927
association,logit,law-h,law,48,94133
association,logit,law-h,law,56,8636
association,jlens_camila,law-h,law,8,11808
association,jlens_camila,law-h,law,16,56538
association,jlens_camila,law-h,law,24,94176
association,jlens_camila,law-h,law,32,16225
association,jlens_camila,law-h,law,40,18564
association,jlens_camila,law-h,law,48,17750
association,jlens_camila,law-h,law,56,14740
association,rlens_camila,law-h,law,8,1117
association,rlens_camila,law-h,law,16,5139
association,rlens_camila,law-h,law,24,5639
association,rlens_camila,law-h,law,32,2586
association,rlens_camila,law-h,law,40,4089
association,rlens_camila,law-h,law,48,7687
association,rlens_camila,law-h,law,56,6232
association,jpp_released,law-h,law,8,764
association,jpp_released,law-h,law,16,1159
association,jpp_released,law-h,law,24,348
association,jpp_released,law-h,law,32,464
association,jpp_released,law-h,law,40,664
association,jpp_released,law-h,law,48,142
association,jpp_released,law-h,law,56,1186
association,logit,film-h,film,8,2416
association,logit,film-h,film,16,635
association,logit,film-h,film,24,488
association,logit,film-h,film,32,47
association,logit,film-h,film,40,4
association,logit,film-h,film,48,124
association,logit,film-h,film,56,435
association,jlens_camila,film-h,film,8,168677
association,jlens_camila,film-h,film,16,73621
association,jlens_camila,film-h,film,24,4722
association,jlens_camila,film-h,film,32,117
association,jlens_camila,film-h,film,40,9
association,jlens_camila,film-h,film,48,45
association,jlens_camila,film-h,film,56,550
association,rlens_camila,film-h,film,8,33920
association,rlens_camila,film-h,film,16,9937
association,rlens_camila,film-h,film,24,1509
association,rlens_camila,film-h,film,32,151
association,rlens_camila,film-h,film,40,15
association,rlens_camila,film-h,film,48,99
association,rlens_camila,film-h,film,56,598
association,jpp_released,film-h,film,8,4713
association,jpp_released,film-h,film,16,31
association,jpp_released,film-h,film,24,42
association,jpp_released,film-h,film,32,4
association,jpp_released,film-h,film,40,2
association,jpp_released,film-h,film,48,3
association,jpp_released,film-h,film,56,63
association,logit,code-h,code,8,503
association,logit,code-h,code,16,4149
association,logit,code-h,code,24,640
association,logit,code-h,code,32,5812
association,logit,code-h,code,40,923
association,logit,code-h,code,48,5470
association,logit,code-h,code,56,793
association,jlens_camila,code-h,code,8,16739
association,jlens_camila,code-h,code,16,33802
association,jlens_camila,code-h,code,24,96971
association,jlens_camila,code-h,code,32,3248
association,jlens_camila,code-h,code,40,2250
association,jlens_camila,code-h,code,48,3021
association,jlens_camila,code-h,code,56,338
association,rlens_camila,code-h,code,8,3049
association,rlens_camila,code-h,code,16,1962
association,rlens_camila,code-h,code,24,3016
association,rlens_camila,code-h,code,32,931
association,rlens_camila,code-h,code,40,367
association,rlens_camila,code-h,code,48,829
association,rlens_camila,code-h,code,56,161
association,jpp_released,code-h,code,8,81617
association,jpp_released,code-h,code,16,105
association,jpp_released,code-h,code,24,1172
association,jpp_released,code-h,code,32,649
association,jpp_released,code-h,code,40,79
association,jpp_released,code-h,code,48,195
association,jpp_released,code-h,code,56,19
association,logit,news-h,news,8,1596
association,logit,news-h,news,16,3360
association,logit,news-h,news,24,115
association,logit,news-h,news,32,1973
association,logit,news-h,news,40,355
association,logit,news-h,news,48,49
association,logit,news-h,news,56,125
association,jlens_camila,news-h,news,8,12610
association,jlens_camila,news-h,news,16,13645
association,jlens_camila,news-h,news,24,467
association,jlens_camila,news-h,news,32,40
association,jlens_camila,news-h,news,40,5
association,jlens_camila,news-h,news,48,2
association,jlens_camila,news-h,news,56,8
association,rlens_camila,news-h,news,8,743
association,rlens_camila,news-h,news,16,274
association,rlens_camila,news-h,news,24,15
association,rlens_camila,news-h,news,32,23
association,rlens_camila,news-h,news,40,3
association,rlens_camila,news-h,news,48,1
association,rlens_camila,news-h,news,56,7
association,jpp_released,news-h,news,8,18
association,jpp_released,news-h,news,16,1
association,jpp_released,news-h,news,24,3
association,jpp_released,news-h,news,32,1
association,jpp_released,news-h,news,40,1
association,jpp_released,news-h,news,48,1
association,jpp_released,news-h,news,56,4
association,logit,night-h,night,8,16540
association,logit,night-h,night,16,25305
association,logit,night-h,night,24,4
association,logit,night-h,night,32,396
association,logit,night-h,night,40,220
association,logit,night-h,night,48,2486
association,logit,night-h,night,56,626
association,jlens_camila,night-h,night,8,91642
association,jlens_camila,night-h,night,16,18689
association,jlens_camila,night-h,night,24,295
association,jlens_camila,night-h,night,32,3
association,jlens_camila,night-h,night,40,3
association,jlens_camila,night-h,night,48,4
association,jlens_camila,night-h,night,56,51
association,rlens_camila,night-h,night,8,1074
association,rlens_camila,night-h,night,16,1040
association,rlens_camila,night-h,night,24,4
association,rlens_camila,night-h,night,32,1
association,rlens_camila,night-h,night,40,2
association,rlens_camila,night-h,night,48,3
association,rlens_camila,night-h,night,56,60
association,jpp_released,night-h,night,8,2994
association,jpp_released,night-h,night,16,179
association,jpp_released,night-h,night,24,1
association,jpp_released,night-h,night,32,1
association,jpp_released,night-h,night,40,2
association,jpp_released,night-h,night,48,2
association,jpp_released,night-h,night,56,13
association,logit,past-h,past,8,4647
association,logit,past-h,past,16,21383
association,logit,past-h,past,24,79273
association,logit,past-h,past,32,21762
association,logit,past-h,past,40,26574
association,logit,past-h,past,48,1924
association,logit,past-h,past,56,59064
association,jlens_camila,past-h,past,8,33471
association,jlens_camila,past-h,past,16,26609
association,jlens_camila,past-h,past,24,1304
association,jlens_camila,past-h,past,32,171
association,jlens_camila,past-h,past,40,455
association,jlens_camila,past-h,past,48,340
association,jlens_camila,past-h,past,56,13722
association,rlens_camila,past-h,past,8,1247
association,rlens_camila,past-h,past,16,2087
association,rlens_camila,past-h,past,24,303
association,rlens_camila,past-h,past,32,55
association,rlens_camila,past-h,past,40,170
association,rlens_camila,past-h,past,48,224
association,rlens_camila,past-h,past,56,12512
association,jpp_released,past-h,past,8,8545
association,jpp_released,past-h,past,16,3630
association,jpp_released,past-h,past,24,500
association,jpp_released,past-h,past,32,254
association,jpp_released,past-h,past,40,62
association,jpp_released,past-h,past,48,95
association,jpp_released,past-h,past,56,1556
association,logit,future-h,future,8,10194
association,logit,future-h,future,16,835
association,logit,future-h,future,24,2753
association,logit,future-h,future,32,5413
association,logit,future-h,future,40,1298
association,logit,future-h,future,48,5273
association,logit,future-h,future,56,52713
association,jlens_camila,future-h,future,8,7359
association,jlens_camila,future-h,future,16,78521
association,jlens_camila,future-h,future,24,33672
association,jlens_camila,future-h,future,32,11419
association,jlens_camila,future-h,future,40,12102
association,jlens_camila,future-h,future,48,5695
association,jlens_camila,future-h,future,56,45041
association,rlens_camila,future-h,future,8,6183
association,rlens_camila,future-h,future,16,48849
association,rlens_camila,future-h,future,24,6462
association,rlens_camila,future-h,future,32,2340
association,rlens_camila,future-h,future,40,2294
association,rlens_camila,future-h,future,48,7162
association,rlens_camila,future-h,future,56,42269
association,jpp_released,future-h,future,8,648
association,jpp_released,future-h,future,16,140
association,jpp_released,future-h,future,24,103
association,jpp_released,future-h,future,32,114
association,jpp_released,future-h,future,40,200
association,jpp_released,future-h,future,48,712
association,jpp_released,future-h,future,56,71135
association,logit,race-h,race,8,2848
association,logit,race-h,race,16,20074
association,logit,race-h,race,24,7265
association,logit,race-h,race,32,574
association,logit,race-h,race,40,5121
association,logit,race-h,race,48,1820
association,logit,race-h,race,56,29981
association,jlens_camila,race-h,race,8,99660
association,jlens_camila,race-h,race,16,22105
association,jlens_camila,race-h,race,24,2187
association,jlens_camila,race-h,race,32,112
association,jlens_camila,race-h,race,40,13
association,jlens_camila,race-h,race,48,69
association,jlens_camila,race-h,race,56,9176
association,rlens_camila,race-h,race,8,6331
association,rlens_camila,race-h,race,16,1952
association,rlens_camila,race-h,race,24,332
association,rlens_camila,race-h,race,32,25
association,rlens_camila,race-h,race,40,6
association,rlens_camila,race-h,race,48,46
association,rlens_camila,race-h,race,56,7335
association,jpp_released,race-h,race,8,16038
association,jpp_released,race-h,race,16,10162
association,jpp_released,race-h,race,24,234
association,jpp_released,race-h,race,32,28
association,jpp_released,race-h,race,40,60
association,jpp_released,race-h,race,48,23
association,jpp_released,race-h,race,56,1646
association,logit,game-h,game,8,2207
association,logit,game-h,game,16,4173
association,logit,game-h,game,24,340
association,logit,game-h,game,32,5257
association,logit,game-h,game,40,656
association,logit,game-h,game,48,2081
association,logit,game-h,game,56,42819
association,jlens_camila,game-h,game,8,2051
association,jlens_camila,game-h,game,16,1525
association,jlens_camila,game-h,game,24,379
association,jlens_camila,game-h,game,32,208
association,jlens_camila,game-h,game,40,2696
association,jlens_camila,game-h,game,48,6528
association,jlens_camila,game-h,game,56,17036
association,rlens_camila,game-h,game,8,704
association,rlens_camila,game-h,game,16,489
association,rlens_camila,game-h,game,24,48
association,rlens_camila,game-h,game,32,44
association,rlens_camila,game-h,game,40,1187
association,rlens_camila,game-h,game,48,1633
association,rlens_camila,game-h,game,56,16365
association,jpp_released,game-h,game,8,918
association,jpp_released,game-h,game,16,299
association,jpp_released,game-h,game,24,21
association,jpp_released,game-h,game,32,26
association,jpp_released,game-h,game,40,233
association,jpp_released,game-h,game,48,519
association,jpp_released,game-h,game,56,32509
association,logit,test-h,test,8,405
association,logit,test-h,test,16,2737
association,logit,test-h,test,24,366
association,logit,test-h,test,32,17811
association,logit,test-h,test,40,11305
association,logit,test-h,test,48,23930
association,logit,test-h,test,56,64507
association,jlens_camila,test-h,test,8,33512
association,jlens_camila,test-h,test,16,152716
association,jlens_camila,test-h,test,24,144588
association,jlens_camila,test-h,test,32,32656
association,jlens_camila,test-h,test,40,9310
association,jlens_camila,test-h,test,48,32616
association,jlens_camila,test-h,test,56,8601
association,rlens_camila,test-h,test,8,2754
association,rlens_camila,test-h,test,16,37988
association,rlens_camila,test-h,test,24,13942
association,rlens_camila,test-h,test,32,5572
association,rlens_camila,test-h,test,40,3750
association,rlens_camila,test-h,test,48,29447
association,rlens_camila,test-h,test,56,10725
association,jpp_released,test-h,test,8,8855
association,jpp_released,test-h,test,16,4611
association,jpp_released,test-h,test,24,954
association,jpp_released,test-h,test,32,2018
association,jpp_released,test-h,test,40,215
association,jpp_released,test-h,test,48,2113
association,jpp_released,test-h,test,56,1430
association,logit,search-h,search,8,1027
association,logit,search-h,search,16,287
association,logit,search-h,search,24,434
association,logit,search-h,search,32,116
association,logit,search-h,search,40,559
association,logit,search-h,search,48,10791
association,logit,search-h,search,56,45710
association,jlens_camila,search-h,search,8,155640
association,jlens_camila,search-h,search,16,93999
association,jlens_camila,search-h,search,24,5698
association,jlens_camila,search-h,search,32,305
association,jlens_camila,search-h,search,40,109
association,jlens_camila,search-h,search,48,1822
association,jlens_camila,search-h,search,56,27932
association,rlens_camila,search-h,search,8,17255
association,rlens_camila,search-h,search,16,7503
association,rlens_camila,search-h,search,24,543
association,rlens_camila,search-h,search,32,58
association,rlens_camila,search-h,search,40,41
association,rlens_camila,search-h,search,48,2904
association,rlens_camila,search-h,search,56,11884
association,jpp_released,search-h,search,8,23017
association,jpp_released,search-h,search,16,255
association,jpp_released,search-h,search,24,51
association,jpp_released,search-h,search,32,9
association,jpp_released,search-h,search,40,4
association,jpp_released,search-h,search,48,96
association,jpp_released,search-h,search,56,7638
association,logit,free-h,free,8,1889
association,logit,free-h,free,16,668
association,logit,free-h,free,24,10
association,logit,free-h,free,32,63
association,logit,free-h,free,40,13
association,logit,free-h,free,48,2001
association,logit,free-h,free,56,4070
association,jlens_camila,free-h,free,8,113801
association,jlens_camila,free-h,free,16,118309
association,jlens_camila,free-h,free,24,769
association,jlens_camila,free-h,free,32,213
association,jlens_camila,free-h,free,40,34
association,jlens_camila,free-h,free,48,247
association,jlens_camila,free-h,free,56,574
association,rlens_camila,free-h,free,8,3248
association,rlens_camila,free-h,free,16,1471
association,rlens_camila,free-h,free,24,14
association,rlens_camila,free-h,free,32,24
association,rlens_camila,free-h,free,40,19
association,rlens_camila,free-h,free,48,334
association,rlens_camila,free-h,free,56,639
association,jpp_released,free-h,free,8,44722
association,jpp_released,free-h,free,16,3184
association,jpp_released,free-h,free,24,2
association,jpp_released,free-h,free,32,4
association,jpp_released,free-h,free,40,1
association,jpp_released,free-h,free,48,21
association,jpp_released,free-h,free,56,76
association,logit,found-h,found,8,4123
association,logit,found-h,found,16,4093
association,logit,found-h,found,24,1810
association,logit,found-h,found,32,27831
association,logit,found-h,found,40,956
association,logit,found-h,found,48,23123
association,logit,found-h,found,56,56831
association,jlens_camila,found-h,found,8,8247
association,jlens_camila,found-h,found,16,157216
association,jlens_camila,found-h,found,24,45211
association,jlens_camila,found-h,found,32,5324
association,jlens_camila,found-h,found,40,656
association,jlens_camila,found-h,found,48,2350
association,jlens_camila,found-h,found,56,51771
association,rlens_camila,found-h,found,8,1779
association,rlens_camila,found-h,found,16,3414
association,rlens_camila,found-h,found,24,679
association,rlens_camila,found-h,found,32,387
association,rlens_camila,found-h,found,40,146
association,rlens_camila,found-h,found,48,5086
association,rlens_camila,found-h,found,56,51024
association,jpp_released,found-h,found,8,4115
association,jpp_released,found-h,found,16,6671
association,jpp_released,found-h,found,24,156
association,jpp_released,found-h,found,32,46
association,jpp_released,found-h,found,40,7
association,jpp_released,found-h,found,48,1030
association,jpp_released,found-h,found,56,11169
association,logit,king-h,king,8,4990
association,logit,king-h,king,16,9746
association,logit,king-h,king,24,5126
association,logit,king-h,king,32,8656
association,logit,king-h,king,40,11997
association,logit,king-h,king,48,91994
association,logit,king-h,king,56,136878
association,jlens_camila,king-h,king,8,63165
association,jlens_camila,king-h,king,16,3987
association,jlens_camila,king-h,king,24,21378
association,jlens_camila,king-h,king,32,14222
association,jlens_camila,king-h,king,40,5148
association,jlens_camila,king-h,king,48,15629
association,jlens_camila,king-h,king,56,39705
association,rlens_camila,king-h,king,8,1473
association,rlens_camila,king-h,king,16,1540
association,rlens_camila,king-h,king,24,2158
association,rlens_camila,king-h,king,32,6820
association,rlens_camila,king-h,king,40,4078
association,rlens_camila,king-h,king,48,22485
association,rlens_camila,king-h,king,56,38253
association,jpp_released,king-h,king,8,618
association,jpp_released,king-h,king,16,323
association,jpp_released,king-h,king,24,531
association,jpp_released,king-h,king,32,479
association,jpp_released,king-h,king,40,202
association,jpp_released,king-h,king,48,88
association,jpp_released,king-h,king,56,2292
association,logit,child-h,child,8,4938
association,logit,child-h,child,16,1673
association,logit,child-h,child,24,268
association,logit,child-h,child,32,19110
association,logit,child-h,child,40,996
association,logit,child-h,child,48,486
association,logit,child-h,child,56,16438
association,jlens_camila,child-h,child,8,171549
association,jlens_camila,child-h,child,16,122828
association,jlens_camila,child-h,child,24,56206
association,jlens_camila,child-h,child,32,501
association,jlens_camila,child-h,child,40,6
association,jlens_camila,child-h,child,48,7
association,jlens_camila,child-h,child,56,947
association,rlens_camila,child-h,child,8,6962
association,rlens_camila,child-h,child,16,9715
association,rlens_camila,child-h,child,24,571
association,rlens_camila,child-h,child,32,200
association,rlens_camila,child-h,child,40,3
association,rlens_camila,child-h,child,48,3
association,rlens_camila,child-h,child,56,1256
association,jpp_released,child-h,child,8,22089
association,jpp_released,child-h,child,16,1554
association,jpp_released,child-h,child,24,7
association,jpp_released,child-h,child,32,10
association,jpp_released,child-h,child,40,2
association,jpp_released,child-h,child,48,2
association,jpp_released,child-h,child,56,25
association,logit,air-h,air,8,4112
association,logit,air-h,air,16,18492
association,logit,air-h,air,24,3183
association,logit,air-h,air,32,2054
association,logit,air-h,air,40,138
association,logit,air-h,air,48,92
association,logit,air-h,air,56,1986
association,jlens_camila,air-h,air,8,86289
association,jlens_camila,air-h,air,16,50141
association,jlens_camila,air-h,air,24,1862
association,jlens_camila,air-h,air,32,394
association,jlens_camila,air-h,air,40,128
association,jlens_camila,air-h,air,48,99
association,jlens_camila,air-h,air,56,662
association,rlens_camila,air-h,air,8,4997
association,rlens_camila,air-h,air,16,4060
association,rlens_camila,air-h,air,24,161
association,rlens_camila,air-h,air,32,53
association,rlens_camila,air-h,air,40,40
association,rlens_camila,air-h,air,48,27
association,rlens_camila,air-h,air,56,490
association,jpp_released,air-h,air,8,3982
association,jpp_released,air-h,air,16,3111
association,jpp_released,air-h,air,24,33
association,jpp_released,air-h,air,32,71
association,jpp_released,air-h,air,40,10
association,jpp_released,air-h,air,48,7
association,jpp_released,air-h,air,56,85
association,logit,france-h,France,8,22374
association,logit,france-h,France,16,30392
association,logit,france-h,France,24,6117
association,logit,france-h,France,32,38951
association,logit,france-h,France,40,26399
association,logit,france-h,France,48,109384
association,logit,france-h,France,56,34801
association,jlens_camila,france-h,France,8,75225
association,jlens_camila,france-h,France,16,160972
association,jlens_camila,france-h,France,24,141164
association,jlens_camila,france-h,France,32,70292
association,jlens_camila,france-h,France,40,134834
association,jlens_camila,france-h,France,48,135008
association,jlens_camila,france-h,France,56,68649
association,rlens_camila,france-h,France,8,120104
association,rlens_camila,france-h,France,16,118433
association,rlens_camila,france-h,France,24,71077
association,rlens_camila,france-h,France,32,35191
association,rlens_camila,france-h,France,40,68116
association,rlens_camila,france-h,France,48,90467
association,rlens_camila,france-h,France,56,35304
association,jpp_released,france-h,France,8,230351
association,jpp_released,france-h,France,16,30485
association,jpp_released,france-h,France,24,14192
association,jpp_released,france-h,France,32,22369
association,jpp_released,france-h,France,40,15154
association,jpp_released,france-h,France,48,20164
association,jpp_released,france-h,France,56,36264
association,logit,china-h,China,8,12948
association,logit,china-h,China,16,27626
association,logit,china-h,China,24,19922
association,logit,china-h,China,32,36070
association,logit,china-h,China,40,5053
association,logit,china-h,China,48,7692
association,logit,china-h,China,56,6749
association,jlens_camila,china-h,China,8,34967
association,jlens_camila,china-h,China,16,29843
association,jlens_camila,china-h,China,24,29471
association,jlens_camila,china-h,China,32,21109
association,jlens_camila,china-h,China,40,21559
association,jlens_camila,china-h,China,48,25128
association,jlens_camila,china-h,China,56,7805
association,rlens_camila,china-h,China,8,50322
association,rlens_camila,china-h,China,16,39488
association,rlens_camila,china-h,China,24,27855
association,rlens_camila,china-h,China,32,20879
association,rlens_camila,china-h,China,40,26264
association,rlens_camila,china-h,China,48,17415
association,rlens_camila,china-h,China,56,4671
association,jpp_released,china-h,China,8,3507
association,jpp_released,china-h,China,16,170
association,jpp_released,china-h,China,24,3943
association,jpp_released,china-h,China,32,3795
association,jpp_released,china-h,China,40,10733
association,jpp_released,china-h,China,48,7288
association,jpp_released,china-h,China,56,18033
association,logit,london-h,London,8,11668
association,logit,london-h,London,16,43821
association,logit,london-h,London,24,8700
association,logit,london-h,London,32,66480
association,logit,london-h,London,40,60615
association,logit,london-h,London,48,105101
association,logit,london-h,London,56,14129
association,jlens_camila,london-h,London,8,146205
association,jlens_camila,london-h,London,16,112893
association,jlens_camila,london-h,London,24,69737
association,jlens_camila,london-h,London,32,20492
association,jlens_camila,london-h,London,40,1759
association,jlens_camila,london-h,London,48,3555
association,jlens_camila,london-h,London,56,17207
association,rlens_camila,london-h,London,8,37819
association,rlens_camila,london-h,London,16,73214
association,rlens_camila,london-h,London,24,36180
association,rlens_camila,london-h,London,32,34517
association,rlens_camila,london-h,London,40,4742
association,rlens_camila,london-h,London,48,10849
association,rlens_camila,london-h,London,56,9908
association,jpp_released,london-h,London,8,2018
association,jpp_released,london-h,London,16,118
association,jpp_released,london-h,London,24,78
association,jpp_released,london-h,London,32,493
association,jpp_released,london-h,London,40,191
association,jpp_released,london-h,London,48,281
association,jpp_released,london-h,London,56,49054
association,logit,book-h,book,8,2284
association,logit,book-h,book,16,12917
association,logit,book-h,book,24,219
association,logit,book-h,book,32,4395
association,logit,book-h,book,40,170
association,logit,book-h,book,48,12706
association,logit,book-h,book,56,21581
association,jlens_camila,book-h,book,8,48700
association,jlens_camila,book-h,book,16,6904
association,jlens_camila,book-h,book,24,367
association,jlens_camila,book-h,book,32,32
association,jlens_camila,book-h,book,40,24
association,jlens_camila,book-h,book,48,99
association,jlens_camila,book-h,book,56,638
association,rlens_camila,book-h,book,8,2817
association,rlens_camila,book-h,book,16,1067
association,rlens_camila,book-h,book,24,159
association,rlens_camila,book-h,book,32,43
association,rlens_camila,book-h,book,40,54
association,rlens_camila,book-h,book,48,229
association,rlens_camila,book-h,book,56,1532
association,jpp_released,book-h,book,8,5963
association,jpp_released,book-h,book,16,676
association,jpp_released,book-h,book,24,1
association,jpp_released,book-h,book,32,7
association,jpp_released,book-h,book,40,21
association,jpp_released,book-h,book,48,27
association,jpp_released,book-h,book,56,525
association,logit,time-h,time,8,1295
association,logit,time-h,time,16,2823
association,logit,time-h,time,24,3280
association,logit,time-h,time,32,871
association,logit,time-h,time,40,520
association,logit,time-h,time,48,243
association,logit,time-h,time,56,16673
association,jlens_camila,time-h,time,8,13752
association,jlens_camila,time-h,time,16,103783
association,jlens_camila,time-h,time,24,51048
association,jlens_camila,time-h,time,32,1830
association,jlens_camila,time-h,time,40,640
association,jlens_camila,time-h,time,48,465
association,jlens_camila,time-h,time,56,6014
association,rlens_camila,time-h,time,8,1114
association,rlens_camila,time-h,time,16,3728
association,rlens_camila,time-h,time,24,2631
association,rlens_camila,time-h,time,32,344
association,rlens_camila,time-h,time,40,412
association,rlens_camila,time-h,time,48,387
association,rlens_camila,time-h,time,56,6433
association,jpp_released,time-h,time,8,6633
association,jpp_released,time-h,time,16,6086
association,jpp_released,time-h,time,24,848
association,jpp_released,time-h,time,32,41
association,jpp_released,time-h,time,40,24
association,jpp_released,time-h,time,48,31
association,jpp_released,time-h,time,56,2547
association,logit,fr-ecole,école,8,152544
association,logit,fr-ecole,école,16,100656
association,logit,fr-ecole,école,24,85778
association,logit,fr-ecole,école,32,97527
association,logit,fr-ecole,école,40,78103
association,logit,fr-ecole,école,48,63795
association,logit,fr-ecole,école,56,91398
association,jlens_camila,fr-ecole,école,8,15680
association,jlens_camila,fr-ecole,école,16,67478
association,jlens_camila,fr-ecole,école,24,24548
association,jlens_camila,fr-ecole,école,32,97383
association,jlens_camila,fr-ecole,école,40,44532
association,jlens_camila,fr-ecole,école,48,94884
association,jlens_camila,fr-ecole,école,56,81555
association,rlens_camila,fr-ecole,école,8,117712
association,rlens_camila,fr-ecole,école,16,32142
association,rlens_camila,fr-ecole,école,24,41778
association,rlens_camila,fr-ecole,école,32,117507
association,rlens_camila,fr-ecole,école,40,104012
association,rlens_camila,fr-ecole,école,48,103856
association,rlens_camila,fr-ecole,école,56,75417
association,jpp_released,fr-ecole,école,8,14039
association,jpp_released,fr-ecole,école,16,18603
association,jpp_released,fr-ecole,école,24,14616
association,jpp_released,fr-ecole,école,32,18978
association,jpp_released,fr-ecole,école,40,83814
association,jpp_released,fr-ecole,école,48,47354
association,jpp_released,fr-ecole,école,56,19603
association,logit,fr-eglise,église,8,191272
association,logit,fr-eglise,église,16,211940
association,logit,fr-eglise,église,24,150566
association,logit,fr-eglise,église,32,101169
association,logit,fr-eglise,église,40,130032
association,logit,fr-eglise,église,48,121242
association,logit,fr-eglise,église,56,23022
association,jlens_camila,fr-eglise,église,8,209162
association,jlens_camila,fr-eglise,église,16,82493
association,jlens_camila,fr-eglise,église,24,92828
association,jlens_camila,fr-eglise,église,32,142473
association,jlens_camila,fr-eglise,église,40,160006
association,jlens_camila,fr-eglise,église,48,69860
association,jlens_camila,fr-eglise,église,56,43825
association,rlens_camila,fr-eglise,église,8,76766
association,rlens_camila,fr-eglise,église,16,96420
association,rlens_camila,fr-eglise,église,24,116072
association,rlens_camila,fr-eglise,église,32,151269
association,rlens_camila,fr-eglise,église,40,162466
association,rlens_camila,fr-eglise,église,48,69977
association,rlens_camila,fr-eglise,église,56,46322
association,jpp_released,fr-eglise,église,8,106339
association,jpp_released,fr-eglise,église,16,143747
association,jpp_released,fr-eglise,église,24,55301
association,jpp_released,fr-eglise,église,32,91264
association,jpp_released,fr-eglise,église,40,99867
association,jpp_released,fr-eglise,église,48,79073
association,jpp_released,fr-eglise,église,56,42904
association,logit,fr-pere,père,8,131440
association,logit,fr-pere,père,16,135202
association,logit,fr-pere,père,24,107801
association,logit,fr-pere,père,32,130224
association,logit,fr-pere,père,40,82485
association,logit,fr-pere,père,48,33531
association,logit,fr-pere,père,56,107848
association,jlens_camila,fr-pere,père,8,6380
association,jlens_camila,fr-pere,père,16,73293
association,jlens_camila,fr-pere,père,24,109183
association,jlens_camila,fr-pere,père,32,69774
association,jlens_camila,fr-pere,père,40,6777
association,jlens_camila,fr-pere,père,48,9333
association,jlens_camila,fr-pere,père,56,80111
association,rlens_camila,fr-pere,père,8,102461
association,rlens_camila,fr-pere,père,16,97287
association,rlens_camila,fr-pere,père,24,91129
association,rlens_camila,fr-pere,père,32,83124
association,rlens_camila,fr-pere,père,40,29587
association,rlens_camila,fr-pere,père,48,13586
association,rlens_camila,fr-pere,père,56,93167
association,jpp_released,fr-pere,père,8,88843
association,jpp_released,fr-pere,père,16,173692
association,jpp_released,fr-pere,père,24,60009
association,jpp_released,fr-pere,père,32,78613
association,jpp_released,fr-pere,père,40,36943
association,jpp_released,fr-pere,père,48,7845
association,jpp_released,fr-pere,père,56,12080
association,logit,de-konig,König,8,114971
association,logit,de-konig,König,16,143655
association,logit,de-konig,König,24,84138
association,logit,de-konig,König,32,113287
association,logit,de-konig,König,40,77570
association,logit,de-konig,König,48,39581
association,logit,de-konig,König,56,61243
association,jlens_camila,de-konig,König,8,228781
association,jlens_camila,de-konig,König,16,8285
association,jlens_camila,de-konig,König,24,30082
association,jlens_camila,de-konig,König,32,16248
association,jlens_camila,de-konig,König,40,31122
association,jlens_camila,de-konig,König,48,25807
association,jlens_camila,de-konig,König,56,53328
association,rlens_camila,de-konig,König,8,40361
association,rlens_camila,de-konig,König,16,20556
association,rlens_camila,de-konig,König,24,43385
association,rlens_camila,de-konig,König,32,35206
association,rlens_camila,de-konig,König,40,59417
association,rlens_camila,de-konig,König,48,41065
association,rlens_camila,de-konig,König,56,50293
association,jpp_released,de-konig,König,8,5074
association,jpp_released,de-konig,König,16,651
association,jpp_released,de-konig,König,24,32915
association,jpp_released,de-konig,König,32,14359
association,jpp_released,de-konig,König,40,16097
association,jpp_released,de-konig,König,48,3028
association,jpp_released,de-konig,König,56,2554
association,logit,es-dia,día,8,138105
association,logit,es-dia,día,16,125443
association,logit,es-dia,día,24,85471
association,logit,es-dia,día,32,118764
association,logit,es-dia,día,40,49369
association,logit,es-dia,día,48,54907
association,logit,es-dia,día,56,56320
association,jlens_camila,es-dia,día,8,38683
association,jlens_camila,es-dia,día,16,19553
association,jlens_camila,es-dia,día,24,29327
association,jlens_camila,es-dia,día,32,45546
association,jlens_camila,es-dia,día,40,3329
association,jlens_camila,es-dia,día,48,7910
association,jlens_camila,es-dia,día,56,44434
association,rlens_camila,es-dia,día,8,48236
association,rlens_camila,es-dia,día,16,39185
association,rlens_camila,es-dia,día,24,29164
association,rlens_camila,es-dia,día,32,47710
association,rlens_camila,es-dia,día,40,7499
association,rlens_camila,es-dia,día,48,13458
association,rlens_camila,es-dia,día,56,43330
association,jpp_released,es-dia,día,8,8712
association,jpp_released,es-dia,día,16,1532
association,jpp_released,es-dia,día,24,47746
association,jpp_released,es-dia,día,32,16469
association,jpp_released,es-dia,día,40,21139
association,jpp_released,es-dia,día,48,8211
association,jpp_released,es-dia,día,56,3950
association,logit,pt-agua,água,8,131597
association,logit,pt-agua,água,16,113422
association,logit,pt-agua,água,24,72943
association,logit,pt-agua,água,32,77112
association,logit,pt-agua,água,40,25463
association,logit,pt-agua,água,48,57580
association,logit,pt-agua,água,56,47910
association,jlens_camila,pt-agua,água,8,59137
association,jlens_camila,pt-agua,água,16,20345
association,jlens_camila,pt-agua,água,24,56356
association,jlens_camila,pt-agua,água,32,32711
association,jlens_camila,pt-agua,água,40,8340
association,jlens_camila,pt-agua,água,48,24587
association,jlens_camila,pt-agua,água,56,76054
association,rlens_camila,pt-agua,água,8,74764
association,rlens_camila,pt-agua,água,16,90578
association,rlens_camila,pt-agua,água,24,64161
association,rlens_camila,pt-agua,água,32,28242
association,rlens_camila,pt-agua,água,40,7178
association,rlens_camila,pt-agua,água,48,21417
association,rlens_camila,pt-agua,água,56,59004
association,jpp_released,pt-agua,água,8,3341
association,jpp_released,pt-agua,água,16,13650
association,jpp_released,pt-agua,água,24,17285
association,jpp_released,pt-agua,água,32,28569
association,jpp_released,pt-agua,água,40,20041
association,jpp_released,pt-agua,água,48,33927
association,jpp_released,pt-agua,água,56,8688
association,logit,es-musica,música,8,156798
association,logit,es-musica,música,16,170296
association,logit,es-musica,música,24,62066
association,logit,es-musica,música,32,124159
association,logit,es-musica,música,40,108117
association,logit,es-musica,música,48,42453
association,logit,es-musica,música,56,3853
association,jlens_camila,es-musica,música,8,179645
association,jlens_camila,es-musica,música,16,149387
association,jlens_camila,es-musica,música,24,30270
association,jlens_camila,es-musica,música,32,39371
association,jlens_camila,es-musica,música,40,5144
association,jlens_camila,es-musica,música,48,9704
association,jlens_camila,es-musica,música,56,3462
association,rlens_camila,es-musica,música,8,213704
association,rlens_camila,es-musica,música,16,209138
association,rlens_camila,es-musica,música,24,47500
association,rlens_camila,es-musica,música,32,79718
association,rlens_camila,es-musica,música,40,20826
association,rlens_camila,es-musica,música,48,10540
association,rlens_camila,es-musica,música,56,3452
association,jpp_released,es-musica,música,8,77113
association,jpp_released,es-musica,música,16,44817
association,jpp_released,es-musica,música,24,4889
association,jpp_released,es-musica,música,32,7436
association,jpp_released,es-musica,música,40,12143
association,jpp_released,es-musica,música,48,9116
association,jpp_released,es-musica,música,56,389
poetry,logit,couplet-stone-bone,bone,8,9729
poetry,logit,couplet-stone-bone,bone,16,33182
poetry,logit,couplet-stone-bone,bone,24,11573
poetry,logit,couplet-stone-bone,bone,32,27562
poetry,logit,couplet-stone-bone,bone,40,5702
poetry,logit,couplet-stone-bone,bone,48,14006
poetry,logit,couplet-stone-bone,bone,56,4496
poetry,jlens_camila,couplet-stone-bone,bone,8,143206
poetry,jlens_camila,couplet-stone-bone,bone,16,13735
poetry,jlens_camila,couplet-stone-bone,bone,24,67591
poetry,jlens_camila,couplet-stone-bone,bone,32,42532
poetry,jlens_camila,couplet-stone-bone,bone,40,6014
poetry,jlens_camila,couplet-stone-bone,bone,48,6675
poetry,jlens_camila,couplet-stone-bone,bone,56,4946
poetry,rlens_camila,couplet-stone-bone,bone,8,6196
poetry,rlens_camila,couplet-stone-bone,bone,16,18028
poetry,rlens_camila,couplet-stone-bone,bone,24,6232
poetry,rlens_camila,couplet-stone-bone,bone,32,7779
poetry,rlens_camila,couplet-stone-bone,bone,40,927
poetry,rlens_camila,couplet-stone-bone,bone,48,2434
poetry,rlens_camila,couplet-stone-bone,bone,56,2586
poetry,jpp_released,couplet-stone-bone,bone,8,108928
poetry,jpp_released,couplet-stone-bone,bone,16,1800
poetry,jpp_released,couplet-stone-bone,bone,24,1280
poetry,jpp_released,couplet-stone-bone,bone,32,2270
poetry,jpp_released,couplet-stone-bone,bone,40,685
poetry,jpp_released,couplet-stone-bone,bone,48,1060
poetry,jpp_released,couplet-stone-bone,bone,56,121
poetry,logit,couplet-divine-wine,wine,8,20440
poetry,logit,couplet-divine-wine,wine,16,35468
poetry,logit,couplet-divine-wine,wine,24,23331
poetry,logit,couplet-divine-wine,wine,32,68130
poetry,logit,couplet-divine-wine,wine,40,31584
poetry,logit,couplet-divine-wine,wine,48,20586
poetry,logit,couplet-divine-wine,wine,56,15189
poetry,jlens_camila,couplet-divine-wine,wine,8,114001
poetry,jlens_camila,couplet-divine-wine,wine,16,42928
poetry,jlens_camila,couplet-divine-wine,wine,24,10019
poetry,jlens_camila,couplet-divine-wine,wine,32,5741
poetry,jlens_camila,couplet-divine-wine,wine,40,1779
poetry,jlens_camila,couplet-divine-wine,wine,48,2974
poetry,jlens_camila,couplet-divine-wine,wine,56,6537
poetry,rlens_camila,couplet-divine-wine,wine,8,32491
poetry,rlens_camila,couplet-divine-wine,wine,16,64239
poetry,rlens_camila,couplet-divine-wine,wine,24,9284
poetry,rlens_camila,couplet-divine-wine,wine,32,10016
poetry,rlens_camila,couplet-divine-wine,wine,40,2941
poetry,rlens_camila,couplet-divine-wine,wine,48,3584
poetry,rlens_camila,couplet-divine-wine,wine,56,8067
poetry,jpp_released,couplet-divine-wine,wine,8,127481
poetry,jpp_released,couplet-divine-wine,wine,16,38793
poetry,jpp_released,couplet-divine-wine,wine,24,7670
poetry,jpp_released,couplet-divine-wine,wine,32,2448
poetry,jpp_released,couplet-divine-wine,wine,40,1482
poetry,jpp_released,couplet-divine-wine,wine,48,1297
poetry,jpp_released,couplet-divine-wine,wine,56,1542
poetry,logit,couplet-sleep-deep,deep,8,3975
poetry,logit,couplet-sleep-deep,deep,16,12262
poetry,logit,couplet-sleep-deep,deep,24,30394
poetry,logit,couplet-sleep-deep,deep,32,2498
poetry,logit,couplet-sleep-deep,deep,40,56625
poetry,logit,couplet-sleep-deep,deep,48,4478
poetry,logit,couplet-sleep-deep,deep,56,718
poetry,jlens_camila,couplet-sleep-deep,deep,8,67814
poetry,jlens_camila,couplet-sleep-deep,deep,16,2481
poetry,jlens_camila,couplet-sleep-deep,deep,24,8495
poetry,jlens_camila,couplet-sleep-deep,deep,32,33702
poetry,jlens_camila,couplet-sleep-deep,deep,40,79801
poetry,jlens_camila,couplet-sleep-deep,deep,48,4671
poetry,jlens_camila,couplet-sleep-deep,deep,56,250
poetry,rlens_camila,couplet-sleep-deep,deep,8,12458
poetry,rlens_camila,couplet-sleep-deep,deep,16,1426
poetry,rlens_camila,couplet-sleep-deep,deep,24,338
poetry,rlens_camila,couplet-sleep-deep,deep,32,2742
poetry,rlens_camila,couplet-sleep-deep,deep,40,17872
poetry,rlens_camila,couplet-sleep-deep,deep,48,1694
poetry,rlens_camila,couplet-sleep-deep,deep,56,151
poetry,jpp_released,couplet-sleep-deep,deep,8,13089
poetry,jpp_released,couplet-sleep-deep,deep,16,7933
poetry,jpp_released,couplet-sleep-deep,deep,24,1788
poetry,jpp_released,couplet-sleep-deep,deep,32,2483
poetry,jpp_released,couplet-sleep-deep,deep,40,1167
poetry,jpp_released,couplet-sleep-deep,deep,48,536
poetry,jpp_released,couplet-sleep-deep,deep,56,218
poetry,logit,couplet-flight-night,night,8,49778
poetry,logit,couplet-flight-night,night,16,156140
poetry,logit,couplet-flight-night,night,24,30801
poetry,logit,couplet-flight-night,night,32,25516
poetry,logit,couplet-flight-night,night,40,34757
poetry,logit,couplet-flight-night,night,48,36098
poetry,logit,couplet-flight-night,night,56,63
poetry,jlens_camila,couplet-flight-night,night,8,153255
poetry,jlens_camila,couplet-flight-night,night,16,10744
poetry,jlens_camila,couplet-flight-night,night,24,20202
poetry,jlens_camila,couplet-flight-night,night,32,1777
poetry,jlens_camila,couplet-flight-night,night,40,1110
poetry,jlens_camila,couplet-flight-night,night,48,797
poetry,jlens_camila,couplet-flight-night,night,56,15
poetry,rlens_camila,couplet-flight-night,night,8,25806
poetry,rlens_camila,couplet-flight-night,night,16,32410
poetry,rlens_camila,couplet-flight-night,night,24,9622
poetry,rlens_camila,couplet-flight-night,night,32,1670
poetry,rlens_camila,couplet-flight-night,night,40,1110
poetry,rlens_camila,couplet-flight-night,night,48,1112
poetry,rlens_camila,couplet-flight-night,night,56,20
poetry,jpp_released,couplet-flight-night,night,8,41044
poetry,jpp_released,couplet-flight-night,night,16,3203
poetry,jpp_released,couplet-flight-night,night,24,4319
poetry,jpp_released,couplet-flight-night,night,32,207
poetry,jpp_released,couplet-flight-night,night,40,79
poetry,jpp_released,couplet-flight-night,night,48,20
poetry,jpp_released,couplet-flight-night,night,56,25
poetry,logit,couplet-true-through,through,8,400
poetry,logit,couplet-true-through,through,16,386
poetry,logit,couplet-true-through,through,24,1804
poetry,logit,couplet-true-through,through,32,16518
poetry,logit,couplet-true-through,through,40,6439
poetry,logit,couplet-true-through,through,48,23367
poetry,logit,couplet-true-through,through,56,302
poetry,jlens_camila,couplet-true-through,through,8,28941
poetry,jlens_camila,couplet-true-through,through,16,46794
poetry,jlens_camila,couplet-true-through,through,24,32894
poetry,jlens_camila,couplet-true-through,through,32,35548
poetry,jlens_camila,couplet-true-through,through,40,29302
poetry,jlens_camila,couplet-true-through,through,48,5627
poetry,jlens_camila,couplet-true-through,through,56,317
poetry,rlens_camila,couplet-true-through,through,8,2381
poetry,rlens_camila,couplet-true-through,through,16,32205
poetry,rlens_camila,couplet-true-through,through,24,9918
poetry,rlens_camila,couplet-true-through,through,32,21057
poetry,rlens_camila,couplet-true-through,through,40,6807
poetry,rlens_camila,couplet-true-through,through,48,807
poetry,rlens_camila,couplet-true-through,through,56,160
poetry,jpp_released,couplet-true-through,through,8,14242
poetry,jpp_released,couplet-true-through,through,16,4412
poetry,jpp_released,couplet-true-through,through,24,7522
poetry,jpp_released,couplet-true-through,through,32,4599
poetry,jpp_released,couplet-true-through,through,40,435
poetry,jpp_released,couplet-true-through,through,48,751
poetry,jpp_released,couplet-true-through,through,56,63
poetry,logit,couplet-divine-wine-to-sign,wine,8,20440
poetry,logit,couplet-divine-wine-to-sign,wine,16,35468
poetry,logit,couplet-divine-wine-to-sign,wine,24,23331
poetry,logit,couplet-divine-wine-to-sign,wine,32,68130
poetry,logit,couplet-divine-wine-to-sign,wine,40,31584
poetry,logit,couplet-divine-wine-to-sign,wine,48,20586
poetry,logit,couplet-divine-wine-to-sign,wine,56,15189
poetry,jlens_camila,couplet-divine-wine-to-sign,wine,8,114001
poetry,jlens_camila,couplet-divine-wine-to-sign,wine,16,42928
poetry,jlens_camila,couplet-divine-wine-to-sign,wine,24,10019
poetry,jlens_camila,couplet-divine-wine-to-sign,wine,32,5741
poetry,jlens_camila,couplet-divine-wine-to-sign,wine,40,1779
poetry,jlens_camila,couplet-divine-wine-to-sign,wine,48,2974
poetry,jlens_camila,couplet-divine-wine-to-sign,wine,56,6537
poetry,rlens_camila,couplet-divine-wine-to-sign,wine,8,32491
poetry,rlens_camila,couplet-divine-wine-to-sign,wine,16,64239
poetry,rlens_camila,couplet-divine-wine-to-sign,wine,24,9284
poetry,rlens_camila,couplet-divine-wine-to-sign,wine,32,10016
poetry,rlens_camila,couplet-divine-wine-to-sign,wine,40,2941
poetry,rlens_camila,couplet-divine-wine-to-sign,wine,48,3584
poetry,rlens_camila,couplet-divine-wine-to-sign,wine,56,8067
poetry,jpp_released,couplet-divine-wine-to-sign,wine,8,127481
poetry,jpp_released,couplet-divine-wine-to-sign,wine,16,38793
poetry,jpp_released,couplet-divine-wine-to-sign,wine,24,7670
poetry,jpp_released,couplet-divine-wine-to-sign,wine,32,2448
poetry,jpp_released,couplet-divine-wine-to-sign,wine,40,1482
poetry,jpp_released,couplet-divine-wine-to-sign,wine,48,1297
poetry,jpp_released,couplet-divine-wine-to-sign,wine,56,1542
poetry,logit,couplet-dust-trust,trust,8,6054
poetry,logit,couplet-dust-trust,trust,16,26966
poetry,logit,couplet-dust-trust,trust,24,9189
poetry,logit,couplet-dust-trust,trust,32,55229
poetry,logit,couplet-dust-trust,trust,40,40281
poetry,logit,couplet-dust-trust,trust,48,15511
poetry,logit,couplet-dust-trust,trust,56,37
poetry,jlens_camila,couplet-dust-trust,trust,8,16710
poetry,jlens_camila,couplet-dust-trust,trust,16,4596
poetry,jlens_camila,couplet-dust-trust,trust,24,27014
poetry,jlens_camila,couplet-dust-trust,trust,32,22211
poetry,jlens_camila,couplet-dust-trust,trust,40,61434
poetry,jlens_camila,couplet-dust-trust,trust,48,5601
poetry,jlens_camila,couplet-dust-trust,trust,56,17
poetry,rlens_camila,couplet-dust-trust,trust,8,31514
poetry,rlens_camila,couplet-dust-trust,trust,16,65001
poetry,rlens_camila,couplet-dust-trust,trust,24,39916
poetry,rlens_camila,couplet-dust-trust,trust,32,87250
poetry,rlens_camila,couplet-dust-trust,trust,40,80154
poetry,rlens_camila,couplet-dust-trust,trust,48,7456
poetry,rlens_camila,couplet-dust-trust,trust,56,18
poetry,jpp_released,couplet-dust-trust,trust,8,22104
poetry,jpp_released,couplet-dust-trust,trust,16,9079
poetry,jpp_released,couplet-dust-trust,trust,24,30180
poetry,jpp_released,couplet-dust-trust,trust,32,14378
poetry,jpp_released,couplet-dust-trust,trust,40,5487
poetry,jpp_released,couplet-dust-trust,trust,48,2481
poetry,jpp_released,couplet-dust-trust,trust,56,9
poetry,logit,couplet-ground-sound,sound,8,2875
poetry,logit,couplet-ground-sound,sound,16,9366
poetry,logit,couplet-ground-sound,sound,24,1589
poetry,logit,couplet-ground-sound,sound,32,1845
poetry,logit,couplet-ground-sound,sound,40,3216
poetry,logit,couplet-ground-sound,sound,48,43626
poetry,logit,couplet-ground-sound,sound,56,682
poetry,jlens_camila,couplet-ground-sound,sound,8,7502
poetry,jlens_camila,couplet-ground-sound,sound,16,5122
poetry,jlens_camila,couplet-ground-sound,sound,24,438
poetry,jlens_camila,couplet-ground-sound,sound,32,1791
poetry,jlens_camila,couplet-ground-sound,sound,40,3439
poetry,jlens_camila,couplet-ground-sound,sound,48,15226
poetry,jlens_camila,couplet-ground-sound,sound,56,459
poetry,rlens_camila,couplet-ground-sound,sound,8,2001
poetry,rlens_camila,couplet-ground-sound,sound,16,2168
poetry,rlens_camila,couplet-ground-sound,sound,24,327
poetry,rlens_camila,couplet-ground-sound,sound,32,329
poetry,rlens_camila,couplet-ground-sound,sound,40,1582
poetry,rlens_camila,couplet-ground-sound,sound,48,5459
poetry,rlens_camila,couplet-ground-sound,sound,56,280
poetry,jpp_released,couplet-ground-sound,sound,8,3965
poetry,jpp_released,couplet-ground-sound,sound,16,1654
poetry,jpp_released,couplet-ground-sound,sound,24,221
poetry,jpp_released,couplet-ground-sound,sound,32,692
poetry,jpp_released,couplet-ground-sound,sound,40,81
poetry,jpp_released,couplet-ground-sound,sound,48,521
poetry,jpp_released,couplet-ground-sound,sound,56,10
poetry,logit,couplet-bed-dead,dead,8,4730
poetry,logit,couplet-bed-dead,dead,16,4145
poetry,logit,couplet-bed-dead,dead,24,1846
poetry,logit,couplet-bed-dead,dead,32,2472
poetry,logit,couplet-bed-dead,dead,40,2301
poetry,logit,couplet-bed-dead,dead,48,23561
poetry,logit,couplet-bed-dead,dead,56,4988
poetry,jlens_camila,couplet-bed-dead,dead,8,27231
poetry,jlens_camila,couplet-bed-dead,dead,16,1901
poetry,jlens_camila,couplet-bed-dead,dead,24,6469
poetry,jlens_camila,couplet-bed-dead,dead,32,2612
poetry,jlens_camila,couplet-bed-dead,dead,40,4072
poetry,jlens_camila,couplet-bed-dead,dead,48,1004
poetry,jlens_camila,couplet-bed-dead,dead,56,121
poetry,rlens_camila,couplet-bed-dead,dead,8,5580
poetry,rlens_camila,couplet-bed-dead,dead,16,1348
poetry,rlens_camila,couplet-bed-dead,dead,24,2167
poetry,rlens_camila,couplet-bed-dead,dead,32,2106
poetry,rlens_camila,couplet-bed-dead,dead,40,1469
poetry,rlens_camila,couplet-bed-dead,dead,48,1302
poetry,rlens_camila,couplet-bed-dead,dead,56,139
poetry,jpp_released,couplet-bed-dead,dead,8,36283
poetry,jpp_released,couplet-bed-dead,dead,16,948
poetry,jpp_released,couplet-bed-dead,dead,24,1772
poetry,jpp_released,couplet-bed-dead,dead,32,308
poetry,jpp_released,couplet-bed-dead,dead,40,103
poetry,jpp_released,couplet-bed-dead,dead,48,58
poetry,jpp_released,couplet-bed-dead,dead,56,20
poetry,logit,couplet-sea-free,free,8,15284
poetry,logit,couplet-sea-free,free,16,55942
poetry,logit,couplet-sea-free,free,24,52664
poetry,logit,couplet-sea-free,free,32,54249
poetry,logit,couplet-sea-free,free,40,78077
poetry,logit,couplet-sea-free,free,48,34931
poetry,logit,couplet-sea-free,free,56,3840
poetry,jlens_camila,couplet-sea-free,free,8,125932
poetry,jlens_camila,couplet-sea-free,free,16,50037
poetry,jlens_camila,couplet-sea-free,free,24,57013
poetry,jlens_camila,couplet-sea-free,free,32,67490
poetry,jlens_camila,couplet-sea-free,free,40,75825
poetry,jlens_camila,couplet-sea-free,free,48,15076
poetry,jlens_camila,couplet-sea-free,free,56,455
poetry,rlens_camila,couplet-sea-free,free,8,65112
poetry,rlens_camila,couplet-sea-free,free,16,30511
poetry,rlens_camila,couplet-sea-free,free,24,17186
poetry,rlens_camila,couplet-sea-free,free,32,55159
poetry,rlens_camila,couplet-sea-free,free,40,57425
poetry,rlens_camila,couplet-sea-free,free,48,5206
poetry,rlens_camila,couplet-sea-free,free,56,446
poetry,jpp_released,couplet-sea-free,free,8,91683
poetry,jpp_released,couplet-sea-free,free,16,4835
poetry,jpp_released,couplet-sea-free,free,24,8121
poetry,jpp_released,couplet-sea-free,free,32,5830
poetry,jpp_released,couplet-sea-free,free,40,538
poetry,jpp_released,couplet-sea-free,free,48,263
poetry,jpp_released,couplet-sea-free,free,56,757
poetry,logit,couplet-moon-soon,soon,8,7711
poetry,logit,couplet-moon-soon,soon,16,12809
poetry,logit,couplet-moon-soon,soon,24,15922
poetry,logit,couplet-moon-soon,soon,32,21624
poetry,logit,couplet-moon-soon,soon,40,18179
poetry,logit,couplet-moon-soon,soon,48,8567
poetry,logit,couplet-moon-soon,soon,56,1095
poetry,jlens_camila,couplet-moon-soon,soon,8,13059
poetry,jlens_camila,couplet-moon-soon,soon,16,20160
poetry,jlens_camila,couplet-moon-soon,soon,24,12007
poetry,jlens_camila,couplet-moon-soon,soon,32,11923
poetry,jlens_camila,couplet-moon-soon,soon,40,25621
poetry,jlens_camila,couplet-moon-soon,soon,48,1314
poetry,jlens_camila,couplet-moon-soon,soon,56,237
poetry,rlens_camila,couplet-moon-soon,soon,8,1019
poetry,rlens_camila,couplet-moon-soon,soon,16,1456
poetry,rlens_camila,couplet-moon-soon,soon,24,4576
poetry,rlens_camila,couplet-moon-soon,soon,32,9497
poetry,rlens_camila,couplet-moon-soon,soon,40,20116
poetry,rlens_camila,couplet-moon-soon,soon,48,1533
poetry,rlens_camila,couplet-moon-soon,soon,56,272
poetry,jpp_released,couplet-moon-soon,soon,8,601
poetry,jpp_released,couplet-moon-soon,soon,16,1261
poetry,jpp_released,couplet-moon-soon,soon,24,1768
poetry,jpp_released,couplet-moon-soon,soon,32,4966
poetry,jpp_released,couplet-moon-soon,soon,40,1345
poetry,jpp_released,couplet-moon-soon,soon,48,2435
poetry,jpp_released,couplet-moon-soon,soon,56,190
poetry,logit,couplet-art-heart,heart,8,8842
poetry,logit,couplet-art-heart,heart,16,22802
poetry,logit,couplet-art-heart,heart,24,41248
poetry,logit,couplet-art-heart,heart,32,34773
poetry,logit,couplet-art-heart,heart,40,24920
poetry,logit,couplet-art-heart,heart,48,3730
poetry,logit,couplet-art-heart,heart,56,1
poetry,jlens_camila,couplet-art-heart,heart,8,86534
poetry,jlens_camila,couplet-art-heart,heart,16,7907
poetry,jlens_camila,couplet-art-heart,heart,24,2132
poetry,jlens_camila,couplet-art-heart,heart,32,13869
poetry,jlens_camila,couplet-art-heart,heart,40,6842
poetry,jlens_camila,couplet-art-heart,heart,48,242
poetry,jlens_camila,couplet-art-heart,heart,56,3
poetry,rlens_camila,couplet-art-heart,heart,8,927
poetry,rlens_camila,couplet-art-heart,heart,16,1266
poetry,rlens_camila,couplet-art-heart,heart,24,266
poetry,rlens_camila,couplet-art-heart,heart,32,3479
poetry,rlens_camila,couplet-art-heart,heart,40,1778
poetry,rlens_camila,couplet-art-heart,heart,48,141
poetry,rlens_camila,couplet-art-heart,heart,56,2
poetry,jpp_released,couplet-art-heart,heart,8,51
poetry,jpp_released,couplet-art-heart,heart,16,485
poetry,jpp_released,couplet-art-heart,heart,24,567
poetry,jpp_released,couplet-art-heart,heart,32,478
poetry,jpp_released,couplet-art-heart,heart,40,179
poetry,jpp_released,couplet-art-heart,heart,48,7
poetry,jpp_released,couplet-art-heart,heart,56,1
poetry,logit,couplet-rain-pain,pain,8,20394
poetry,logit,couplet-rain-pain,pain,16,1405
poetry,logit,couplet-rain-pain,pain,24,7975
poetry,logit,couplet-rain-pain,pain,32,6511
poetry,logit,couplet-rain-pain,pain,40,18760
poetry,logit,couplet-rain-pain,pain,48,66365
poetry,logit,couplet-rain-pain,pain,56,5663
poetry,jlens_camila,couplet-rain-pain,pain,8,79381
poetry,jlens_camila,couplet-rain-pain,pain,16,147681
poetry,jlens_camila,couplet-rain-pain,pain,24,24830
poetry,jlens_camila,couplet-rain-pain,pain,32,12207
poetry,jlens_camila,couplet-rain-pain,pain,40,5504
poetry,jlens_camila,couplet-rain-pain,pain,48,1675
poetry,jlens_camila,couplet-rain-pain,pain,56,671
poetry,rlens_camila,couplet-rain-pain,pain,8,11196
poetry,rlens_camila,couplet-rain-pain,pain,16,42826
poetry,rlens_camila,couplet-rain-pain,pain,24,13733
poetry,rlens_camila,couplet-rain-pain,pain,32,6435
poetry,rlens_camila,couplet-rain-pain,pain,40,2524
poetry,rlens_camila,couplet-rain-pain,pain,48,4027
poetry,rlens_camila,couplet-rain-pain,pain,56,572
poetry,jpp_released,couplet-rain-pain,pain,8,14140
poetry,jpp_released,couplet-rain-pain,pain,16,22004
poetry,jpp_released,couplet-rain-pain,pain,24,3711
poetry,jpp_released,couplet-rain-pain,pain,32,698
poetry,jpp_released,couplet-rain-pain,pain,40,960
poetry,jpp_released,couplet-rain-pain,pain,48,1221
poetry,jpp_released,couplet-rain-pain,pain,56,219
poetry,logit,couplet-shore-more,more,8,1283
poetry,logit,couplet-shore-more,more,16,21744
poetry,logit,couplet-shore-more,more,24,12018
poetry,logit,couplet-shore-more,more,32,15644
poetry,logit,couplet-shore-more,more,40,10769
poetry,logit,couplet-shore-more,more,48,7767
poetry,logit,couplet-shore-more,more,56,4258
poetry,jlens_camila,couplet-shore-more,more,8,4417
poetry,jlens_camila,couplet-shore-more,more,16,983
poetry,jlens_camila,couplet-shore-more,more,24,2930
poetry,jlens_camila,couplet-shore-more,more,32,75935
poetry,jlens_camila,couplet-shore-more,more,40,105501
poetry,jlens_camila,couplet-shore-more,more,48,27980
poetry,jlens_camila,couplet-shore-more,more,56,3954
poetry,rlens_camila,couplet-shore-more,more,8,181
poetry,rlens_camila,couplet-shore-more,more,16,342
poetry,rlens_camila,couplet-shore-more,more,24,292
poetry,rlens_camila,couplet-shore-more,more,32,32456
poetry,rlens_camila,couplet-shore-more,more,40,22855
poetry,rlens_camila,couplet-shore-more,more,48,1966
poetry,rlens_camila,couplet-shore-more,more,56,1687
poetry,jpp_released,couplet-shore-more,more,8,531
poetry,jpp_released,couplet-shore-more,more,16,523
poetry,jpp_released,couplet-shore-more,more,24,1663
poetry,jpp_released,couplet-shore-more,more,32,1298
poetry,jpp_released,couplet-shore-more,more,40,201
poetry,jpp_released,couplet-shore-more,more,48,221
poetry,jpp_released,couplet-shore-more,more,56,440
poetry,logit,couplet-heart-apart,apart,8,38479
poetry,logit,couplet-heart-apart,apart,16,76750
poetry,logit,couplet-heart-apart,apart,24,78287
poetry,logit,couplet-heart-apart,apart,32,114148
poetry,logit,couplet-heart-apart,apart,40,99652
poetry,logit,couplet-heart-apart,apart,48,193757
poetry,logit,couplet-heart-apart,apart,56,76221
poetry,jlens_camila,couplet-heart-apart,apart,8,122845
poetry,jlens_camila,couplet-heart-apart,apart,16,111015
poetry,jlens_camila,couplet-heart-apart,apart,24,60050
poetry,jlens_camila,couplet-heart-apart,apart,32,212726
poetry,jlens_camila,couplet-heart-apart,apart,40,230791
poetry,jlens_camila,couplet-heart-apart,apart,48,222672
poetry,jlens_camila,couplet-heart-apart,apart,56,25339
poetry,rlens_camila,couplet-heart-apart,apart,8,109777
poetry,rlens_camila,couplet-heart-apart,apart,16,112165
poetry,rlens_camila,couplet-heart-apart,apart,24,94405
poetry,rlens_camila,couplet-heart-apart,apart,32,188974
poetry,rlens_camila,couplet-heart-apart,apart,40,205073
poetry,rlens_camila,couplet-heart-apart,apart,48,179798
poetry,rlens_camila,couplet-heart-apart,apart,56,19235
poetry,jpp_released,couplet-heart-apart,apart,8,4448
poetry,jpp_released,couplet-heart-apart,apart,16,35012
poetry,jpp_released,couplet-heart-apart,apart,24,10017
poetry,jpp_released,couplet-heart-apart,apart,32,52956
poetry,jpp_released,couplet-heart-apart,apart,40,17992
poetry,jpp_released,couplet-heart-apart,apart,48,85681
poetry,jpp_released,couplet-heart-apart,apart,56,10776
poetry,logit,couplet-fall-wall,wall,8,13171
poetry,logit,couplet-fall-wall,wall,16,13574
poetry,logit,couplet-fall-wall,wall,24,36129
poetry,logit,couplet-fall-wall,wall,32,18994
poetry,logit,couplet-fall-wall,wall,40,44692
poetry,logit,couplet-fall-wall,wall,48,154622
poetry,logit,couplet-fall-wall,wall,56,7295
poetry,jlens_camila,couplet-fall-wall,wall,8,193
poetry,jlens_camila,couplet-fall-wall,wall,16,6868
poetry,jlens_camila,couplet-fall-wall,wall,24,6686
poetry,jlens_camila,couplet-fall-wall,wall,32,16549
poetry,jlens_camila,couplet-fall-wall,wall,40,20361
poetry,jlens_camila,couplet-fall-wall,wall,48,33834
poetry,jlens_camila,couplet-fall-wall,wall,56,888
poetry,rlens_camila,couplet-fall-wall,wall,8,20553
poetry,rlens_camila,couplet-fall-wall,wall,16,28796
poetry,rlens_camila,couplet-fall-wall,wall,24,11726
poetry,rlens_camila,couplet-fall-wall,wall,32,23682
poetry,rlens_camila,couplet-fall-wall,wall,40,41485
poetry,rlens_camila,couplet-fall-wall,wall,48,28796
poetry,rlens_camila,couplet-fall-wall,wall,56,638
poetry,jpp_released,couplet-fall-wall,wall,8,30876
poetry,jpp_released,couplet-fall-wall,wall,16,2511
poetry,jpp_released,couplet-fall-wall,wall,24,2836
poetry,jpp_released,couplet-fall-wall,wall,32,4420
poetry,jpp_released,couplet-fall-wall,wall,40,3762
poetry,jpp_released,couplet-fall-wall,wall,48,4079
poetry,jpp_released,couplet-fall-wall,wall,56,137
poetry,logit,couplet-chase-face,face,8,9466
poetry,logit,couplet-chase-face,face,16,38810
poetry,logit,couplet-chase-face,face,24,60151
poetry,logit,couplet-chase-face,face,32,93776
poetry,logit,couplet-chase-face,face,40,43452
poetry,logit,couplet-chase-face,face,48,63422
poetry,logit,couplet-chase-face,face,56,10242
poetry,jlens_camila,couplet-chase-face,face,8,78867
poetry,jlens_camila,couplet-chase-face,face,16,109003
poetry,jlens_camila,couplet-chase-face,face,24,18871
poetry,jlens_camila,couplet-chase-face,face,32,68770
poetry,jlens_camila,couplet-chase-face,face,40,8962
poetry,jlens_camila,couplet-chase-face,face,48,13301
poetry,jlens_camila,couplet-chase-face,face,56,7965
poetry,rlens_camila,couplet-chase-face,face,8,33938
poetry,rlens_camila,couplet-chase-face,face,16,28380
poetry,rlens_camila,couplet-chase-face,face,24,8997
poetry,rlens_camila,couplet-chase-face,face,32,38027
poetry,rlens_camila,couplet-chase-face,face,40,3606
poetry,rlens_camila,couplet-chase-face,face,48,2601
poetry,rlens_camila,couplet-chase-face,face,56,3298
poetry,jpp_released,couplet-chase-face,face,8,31946
poetry,jpp_released,couplet-chase-face,face,16,9061
poetry,jpp_released,couplet-chase-face,face,24,25751
poetry,jpp_released,couplet-chase-face,face,32,15276
poetry,jpp_released,couplet-chase-face,face,40,930
poetry,jpp_released,couplet-chase-face,face,48,180
poetry,jpp_released,couplet-chase-face,face,56,275
poetry,logit,couplet-trap-map,map,8,1232
poetry,logit,couplet-trap-map,map,16,7469
poetry,logit,couplet-trap-map,map,24,22664
poetry,logit,couplet-trap-map,map,32,15959
poetry,logit,couplet-trap-map,map,40,4739
poetry,logit,couplet-trap-map,map,48,5106
poetry,logit,couplet-trap-map,map,56,27245
poetry,jlens_camila,couplet-trap-map,map,8,19359
poetry,jlens_camila,couplet-trap-map,map,16,54160
poetry,jlens_camila,couplet-trap-map,map,24,91527
poetry,jlens_camila,couplet-trap-map,map,32,24714
poetry,jlens_camila,couplet-trap-map,map,40,22335
poetry,jlens_camila,couplet-trap-map,map,48,22713
poetry,jlens_camila,couplet-trap-map,map,56,14624
poetry,rlens_camila,couplet-trap-map,map,8,6104
poetry,rlens_camila,couplet-trap-map,map,16,45618
poetry,rlens_camila,couplet-trap-map,map,24,35706
poetry,rlens_camila,couplet-trap-map,map,32,35916
poetry,rlens_camila,couplet-trap-map,map,40,25396
poetry,rlens_camila,couplet-trap-map,map,48,7534
poetry,rlens_camila,couplet-trap-map,map,56,7318
poetry,jpp_released,couplet-trap-map,map,8,38537
poetry,jpp_released,couplet-trap-map,map,16,25582
poetry,jpp_released,couplet-trap-map,map,24,30156
poetry,jpp_released,couplet-trap-map,map,32,5784
poetry,jpp_released,couplet-trap-map,map,40,1274
poetry,jpp_released,couplet-trap-map,map,48,256
poetry,jpp_released,couplet-trap-map,map,56,3160
poetry,logit,couplet-told-gold,gold,8,13001
poetry,logit,couplet-told-gold,gold,16,30647
poetry,logit,couplet-told-gold,gold,24,19514
poetry,logit,couplet-told-gold,gold,32,78921
poetry,logit,couplet-told-gold,gold,40,57164
poetry,logit,couplet-told-gold,gold,48,25779
poetry,logit,couplet-told-gold,gold,56,14543
poetry,jlens_camila,couplet-told-gold,gold,8,59588
poetry,jlens_camila,couplet-told-gold,gold,16,5501
poetry,jlens_camila,couplet-told-gold,gold,24,46649
poetry,jlens_camila,couplet-told-gold,gold,32,4798
poetry,jlens_camila,couplet-told-gold,gold,40,3862
poetry,jlens_camila,couplet-told-gold,gold,48,5180
poetry,jlens_camila,couplet-told-gold,gold,56,2617
poetry,rlens_camila,couplet-told-gold,gold,8,1831
poetry,rlens_camila,couplet-told-gold,gold,16,1138
poetry,rlens_camila,couplet-told-gold,gold,24,8846
poetry,rlens_camila,couplet-told-gold,gold,32,4270
poetry,rlens_camila,couplet-told-gold,gold,40,3595
poetry,rlens_camila,couplet-told-gold,gold,48,4081
poetry,rlens_camila,couplet-told-gold,gold,56,3022
poetry,jpp_released,couplet-told-gold,gold,8,278
poetry,jpp_released,couplet-told-gold,gold,16,1849
poetry,jpp_released,couplet-told-gold,gold,24,1570
poetry,jpp_released,couplet-told-gold,gold,32,213
poetry,jpp_released,couplet-told-gold,gold,40,123
poetry,jpp_released,couplet-told-gold,gold,48,193
poetry,jpp_released,couplet-told-gold,gold,56,332
poetry,logit,couplet-mind-find,find,8,666
poetry,logit,couplet-mind-find,find,16,1591
poetry,logit,couplet-mind-find,find,24,1658
poetry,logit,couplet-mind-find,find,32,2281
poetry,logit,couplet-mind-find,find,40,170
poetry,logit,couplet-mind-find,find,48,225
poetry,logit,couplet-mind-find,find,56,7
poetry,jlens_camila,couplet-mind-find,find,8,2641
poetry,jlens_camila,couplet-mind-find,find,16,19548
poetry,jlens_camila,couplet-mind-find,find,24,16934
poetry,jlens_camila,couplet-mind-find,find,32,36909
poetry,jlens_camila,couplet-mind-find,find,40,10274
poetry,jlens_camila,couplet-mind-find,find,48,243
poetry,jlens_camila,couplet-mind-find,find,56,8
poetry,rlens_camila,couplet-mind-find,find,8,5121
poetry,rlens_camila,couplet-mind-find,find,16,5040
poetry,rlens_camila,couplet-mind-find,find,24,2458
poetry,rlens_camila,couplet-mind-find,find,32,4411
poetry,rlens_camila,couplet-mind-find,find,40,631
poetry,rlens_camila,couplet-mind-find,find,48,80
poetry,rlens_camila,couplet-mind-find,find,56,6
poetry,jpp_released,couplet-mind-find,find,8,11635
poetry,jpp_released,couplet-mind-find,find,16,4181
poetry,jpp_released,couplet-mind-find,find,24,4021
poetry,jpp_released,couplet-mind-find,find,32,7397
poetry,jpp_released,couplet-mind-find,find,40,1127
poetry,jpp_released,couplet-mind-find,find,48,622
poetry,jpp_released,couplet-mind-find,find,56,4
poetry,logit,couplet-time-climb,climb,8,49962
poetry,logit,couplet-time-climb,climb,16,73123
poetry,logit,couplet-time-climb,climb,24,92111
poetry,logit,couplet-time-climb,climb,32,102106
poetry,logit,couplet-time-climb,climb,40,74988
poetry,logit,couplet-time-climb,climb,48,38710
poetry,logit,couplet-time-climb,climb,56,26627
poetry,jlens_camila,couplet-time-climb,climb,8,166452
poetry,jlens_camila,couplet-time-climb,climb,16,91103
poetry,jlens_camila,couplet-time-climb,climb,24,94952
poetry,jlens_camila,couplet-time-climb,climb,32,42403
poetry,jlens_camila,couplet-time-climb,climb,40,38228
poetry,jlens_camila,couplet-time-climb,climb,48,15916
poetry,jlens_camila,couplet-time-climb,climb,56,6494
poetry,rlens_camila,couplet-time-climb,climb,8,177964
poetry,rlens_camila,couplet-time-climb,climb,16,39129
poetry,rlens_camila,couplet-time-climb,climb,24,110684
poetry,rlens_camila,couplet-time-climb,climb,32,92600
poetry,rlens_camila,couplet-time-climb,climb,40,50880
poetry,rlens_camila,couplet-time-climb,climb,48,21851
poetry,rlens_camila,couplet-time-climb,climb,56,13327
poetry,jpp_released,couplet-time-climb,climb,8,127325
poetry,jpp_released,couplet-time-climb,climb,16,13553
poetry,jpp_released,couplet-time-climb,climb,24,46181
poetry,jpp_released,couplet-time-climb,climb,32,54151
poetry,jpp_released,couplet-time-climb,climb,40,20657
poetry,jpp_released,couplet-time-climb,climb,48,8826
poetry,jpp_released,couplet-time-climb,climb,56,7495
poetry,logit,couplet-war-door,door,8,11408
poetry,logit,couplet-war-door,door,16,2124
poetry,logit,couplet-war-door,door,24,3196
poetry,logit,couplet-war-door,door,32,12772
poetry,logit,couplet-war-door,door,40,12105
poetry,logit,couplet-war-door,door,48,53594
poetry,logit,couplet-war-door,door,56,39437
poetry,jlens_camila,couplet-war-door,door,8,79035
poetry,jlens_camila,couplet-war-door,door,16,14705
poetry,jlens_camila,couplet-war-door,door,24,56332
poetry,jlens_camila,couplet-war-door,door,32,77134
poetry,jlens_camila,couplet-war-door,door,40,41436
poetry,jlens_camila,couplet-war-door,door,48,11272
poetry,jlens_camila,couplet-war-door,door,56,25387
poetry,rlens_camila,couplet-war-door,door,8,64557
poetry,rlens_camila,couplet-war-door,door,16,12396
poetry,rlens_camila,couplet-war-door,door,24,20417
poetry,rlens_camila,couplet-war-door,door,32,42171
poetry,rlens_camila,couplet-war-door,door,40,27700
poetry,rlens_camila,couplet-war-door,door,48,9711
poetry,rlens_camila,couplet-war-door,door,56,12955
poetry,jpp_released,couplet-war-door,door,8,50366
poetry,jpp_released,couplet-war-door,door,16,4864
poetry,jpp_released,couplet-war-door,door,24,18027
poetry,jpp_released,couplet-war-door,door,32,12914
poetry,jpp_released,couplet-war-door,door,40,2807
poetry,jpp_released,couplet-war-door,door,48,1811
poetry,jpp_released,couplet-war-door,door,56,5456
poetry,logit,couplet-head-bed,bed,8,4084
poetry,logit,couplet-head-bed,bed,16,3453
poetry,logit,couplet-head-bed,bed,24,4886
poetry,logit,couplet-head-bed,bed,32,2819
poetry,logit,couplet-head-bed,bed,40,3839
poetry,logit,couplet-head-bed,bed,48,23182
poetry,logit,couplet-head-bed,bed,56,293
poetry,jlens_camila,couplet-head-bed,bed,8,19965
poetry,jlens_camila,couplet-head-bed,bed,16,227
poetry,jlens_camila,couplet-head-bed,bed,24,1835
poetry,jlens_camila,couplet-head-bed,bed,32,494
poetry,jlens_camila,couplet-head-bed,bed,40,338
poetry,jlens_camila,couplet-head-bed,bed,48,619
poetry,jlens_camila,couplet-head-bed,bed,56,81
poetry,rlens_camila,couplet-head-bed,bed,8,5505
poetry,rlens_camila,couplet-head-bed,bed,16,3990
poetry,rlens_camila,couplet-head-bed,bed,24,2085
poetry,rlens_camila,couplet-head-bed,bed,32,448
poetry,rlens_camila,couplet-head-bed,bed,40,234
poetry,rlens_camila,couplet-head-bed,bed,48,399
poetry,rlens_camila,couplet-head-bed,bed,56,78
poetry,jpp_released,couplet-head-bed,bed,8,5940
poetry,jpp_released,couplet-head-bed,bed,16,3197
poetry,jpp_released,couplet-head-bed,bed,24,2191
poetry,jpp_released,couplet-head-bed,bed,32,135
poetry,jpp_released,couplet-head-bed,bed,40,1384
poetry,jpp_released,couplet-head-bed,bed,48,858
poetry,jpp_released,couplet-head-bed,bed,56,5
poetry,logit,couplet-deep-keep,keep,8,374
poetry,logit,couplet-deep-keep,keep,16,10331
poetry,logit,couplet-deep-keep,keep,24,3224
poetry,logit,couplet-deep-keep,keep,32,34020
poetry,logit,couplet-deep-keep,keep,40,19272
poetry,logit,couplet-deep-keep,keep,48,14731
poetry,logit,couplet-deep-keep,keep,56,7136
poetry,jlens_camila,couplet-deep-keep,keep,8,2407
poetry,jlens_camila,couplet-deep-keep,keep,16,8424
poetry,jlens_camila,couplet-deep-keep,keep,24,8663
poetry,jlens_camila,couplet-deep-keep,keep,32,17332
poetry,jlens_camila,couplet-deep-keep,keep,40,2377
poetry,jlens_camila,couplet-deep-keep,keep,48,118
poetry,jlens_camila,couplet-deep-keep,keep,56,1349
poetry,rlens_camila,couplet-deep-keep,keep,8,664
poetry,rlens_camila,couplet-deep-keep,keep,16,554
poetry,rlens_camila,couplet-deep-keep,keep,24,735
poetry,rlens_camila,couplet-deep-keep,keep,32,5053
poetry,rlens_camila,couplet-deep-keep,keep,40,566
poetry,rlens_camila,couplet-deep-keep,keep,48,86
poetry,rlens_camila,couplet-deep-keep,keep,56,835
poetry,jpp_released,couplet-deep-keep,keep,8,6374
poetry,jpp_released,couplet-deep-keep,keep,16,2160
poetry,jpp_released,couplet-deep-keep,keep,24,1823
poetry,jpp_released,couplet-deep-keep,keep,32,1437
poetry,jpp_released,couplet-deep-keep,keep,40,602
poetry,jpp_released,couplet-deep-keep,keep,48,662
poetry,jpp_released,couplet-deep-keep,keep,56,89
poetry,logit,couplet-cat-mat,mat,8,2141
poetry,logit,couplet-cat-mat,mat,16,4283
poetry,logit,couplet-cat-mat,mat,24,12529
poetry,logit,couplet-cat-mat,mat,32,33366
poetry,logit,couplet-cat-mat,mat,40,24826
poetry,logit,couplet-cat-mat,mat,48,25594
poetry,logit,couplet-cat-mat,mat,56,40305
poetry,jlens_camila,couplet-cat-mat,mat,8,147829
poetry,jlens_camila,couplet-cat-mat,mat,16,20526
poetry,jlens_camila,couplet-cat-mat,mat,24,66580
poetry,jlens_camila,couplet-cat-mat,mat,32,46435
poetry,jlens_camila,couplet-cat-mat,mat,40,22238
poetry,jlens_camila,couplet-cat-mat,mat,48,48538
poetry,jlens_camila,couplet-cat-mat,mat,56,22990
poetry,rlens_camila,couplet-cat-mat,mat,8,79343
poetry,rlens_camila,couplet-cat-mat,mat,16,68989
poetry,rlens_camila,couplet-cat-mat,mat,24,30455
poetry,rlens_camila,couplet-cat-mat,mat,32,29973
poetry,rlens_camila,couplet-cat-mat,mat,40,30848
poetry,rlens_camila,couplet-cat-mat,mat,48,24681
poetry,rlens_camila,couplet-cat-mat,mat,56,15075
poetry,jpp_released,couplet-cat-mat,mat,8,25427
poetry,jpp_released,couplet-cat-mat,mat,16,3754
poetry,jpp_released,couplet-cat-mat,mat,24,22784
poetry,jpp_released,couplet-cat-mat,mat,32,8532
poetry,jpp_released,couplet-cat-mat,mat,40,8059
poetry,jpp_released,couplet-cat-mat,mat,48,3331
poetry,jpp_released,couplet-cat-mat,mat,56,421
poetry,logit,couplet-cake-mistake,mistake,8,79056
poetry,logit,couplet-cake-mistake,mistake,16,14395
poetry,logit,couplet-cake-mistake,mistake,24,11041
poetry,logit,couplet-cake-mistake,mistake,32,16995
poetry,logit,couplet-cake-mistake,mistake,40,21496
poetry,logit,couplet-cake-mistake,mistake,48,53619
poetry,logit,couplet-cake-mistake,mistake,56,38935
poetry,jlens_camila,couplet-cake-mistake,mistake,8,71903
poetry,jlens_camila,couplet-cake-mistake,mistake,16,16721
poetry,jlens_camila,couplet-cake-mistake,mistake,24,25167
poetry,jlens_camila,couplet-cake-mistake,mistake,32,1369
poetry,jlens_camila,couplet-cake-mistake,mistake,40,1485
poetry,jlens_camila,couplet-cake-mistake,mistake,48,15874
poetry,jlens_camila,couplet-cake-mistake,mistake,56,14465
poetry,rlens_camila,couplet-cake-mistake,mistake,8,74821
poetry,rlens_camila,couplet-cake-mistake,mistake,16,42350
poetry,rlens_camila,couplet-cake-mistake,mistake,24,21350
poetry,rlens_camila,couplet-cake-mistake,mistake,32,7689
poetry,rlens_camila,couplet-cake-mistake,mistake,40,5672
poetry,rlens_camila,couplet-cake-mistake,mistake,48,24644
poetry,rlens_camila,couplet-cake-mistake,mistake,56,15746
poetry,jpp_released,couplet-cake-mistake,mistake,8,150054
poetry,jpp_released,couplet-cake-mistake,mistake,16,136919
poetry,jpp_released,couplet-cake-mistake,mistake,24,11501
poetry,jpp_released,couplet-cake-mistake,mistake,32,20455
poetry,jpp_released,couplet-cake-mistake,mistake,40,2648
poetry,jpp_released,couplet-cake-mistake,mistake,48,7180
poetry,jpp_released,couplet-cake-mistake,mistake,56,12352
poetry,logit,couplet-shoe-blue,blue,8,807
poetry,logit,couplet-shoe-blue,blue,16,120
poetry,logit,couplet-shoe-blue,blue,24,3717
poetry,logit,couplet-shoe-blue,blue,32,2612
poetry,logit,couplet-shoe-blue,blue,40,6194
poetry,logit,couplet-shoe-blue,blue,48,4049
poetry,logit,couplet-shoe-blue,blue,56,2435
poetry,jlens_camila,couplet-shoe-blue,blue,8,77120
poetry,jlens_camila,couplet-shoe-blue,blue,16,21580
poetry,jlens_camila,couplet-shoe-blue,blue,24,39653
poetry,jlens_camila,couplet-shoe-blue,blue,32,14936
poetry,jlens_camila,couplet-shoe-blue,blue,40,43326
poetry,jlens_camila,couplet-shoe-blue,blue,48,7501
poetry,jlens_camila,couplet-shoe-blue,blue,56,9373
poetry,rlens_camila,couplet-shoe-blue,blue,8,8173
poetry,rlens_camila,couplet-shoe-blue,blue,16,5196
poetry,rlens_camila,couplet-shoe-blue,blue,24,23889
poetry,rlens_camila,couplet-shoe-blue,blue,32,6756
poetry,rlens_camila,couplet-shoe-blue,blue,40,14978
poetry,rlens_camila,couplet-shoe-blue,blue,48,2543
poetry,rlens_camila,couplet-shoe-blue,blue,56,5187
poetry,jpp_released,couplet-shoe-blue,blue,8,855
poetry,jpp_released,couplet-shoe-blue,blue,16,593
poetry,jpp_released,couplet-shoe-blue,blue,24,12363
poetry,jpp_released,couplet-shoe-blue,blue,32,422
poetry,jpp_released,couplet-shoe-blue,blue,40,362
poetry,jpp_released,couplet-shoe-blue,blue,48,125
poetry,jpp_released,couplet-shoe-blue,blue,56,203
poetry,logit,couplet-foam-home,home,8,3593
poetry,logit,couplet-foam-home,home,16,13037
poetry,logit,couplet-foam-home,home,24,3328
poetry,logit,couplet-foam-home,home,32,34614
poetry,logit,couplet-foam-home,home,40,26207
poetry,logit,couplet-foam-home,home,48,34191
poetry,logit,couplet-foam-home,home,56,13811
poetry,jlens_camila,couplet-foam-home,home,8,60115
poetry,jlens_camila,couplet-foam-home,home,16,85916
poetry,jlens_camila,couplet-foam-home,home,24,122072
poetry,jlens_camila,couplet-foam-home,home,32,163308
poetry,jlens_camila,couplet-foam-home,home,40,109849
poetry,jlens_camila,couplet-foam-home,home,48,20061
poetry,jlens_camila,couplet-foam-home,home,56,2355
poetry,rlens_camila,couplet-foam-home,home,8,12347
poetry,rlens_camila,couplet-foam-home,home,16,76543
poetry,rlens_camila,couplet-foam-home,home,24,108915
poetry,rlens_camila,couplet-foam-home,home,32,125862
poetry,rlens_camila,couplet-foam-home,home,40,28362
poetry,rlens_camila,couplet-foam-home,home,48,5604
poetry,rlens_camila,couplet-foam-home,home,56,1189
poetry,jpp_released,couplet-foam-home,home,8,520
poetry,jpp_released,couplet-foam-home,home,16,146
poetry,jpp_released,couplet-foam-home,home,24,6864
poetry,jpp_released,couplet-foam-home,home,32,3327
poetry,jpp_released,couplet-foam-home,home,40,464
poetry,jpp_released,couplet-foam-home,home,48,430
poetry,jpp_released,couplet-foam-home,home,56,371
poetry,logit,couplet-clear-year,year,8,6450
poetry,logit,couplet-clear-year,year,16,14526
poetry,logit,couplet-clear-year,year,24,23144
poetry,logit,couplet-clear-year,year,32,38337
poetry,logit,couplet-clear-year,year,40,35922
poetry,logit,couplet-clear-year,year,48,13891
poetry,logit,couplet-clear-year,year,56,16014
poetry,jlens_camila,couplet-clear-year,year,8,8514
poetry,jlens_camila,couplet-clear-year,year,16,7591
poetry,jlens_camila,couplet-clear-year,year,24,36778
poetry,jlens_camila,couplet-clear-year,year,32,26461
poetry,jlens_camila,couplet-clear-year,year,40,45559
poetry,jlens_camila,couplet-clear-year,year,48,15586
poetry,jlens_camila,couplet-clear-year,year,56,31454
poetry,rlens_camila,couplet-clear-year,year,8,4378
poetry,rlens_camila,couplet-clear-year,year,16,5526
poetry,rlens_camila,couplet-clear-year,year,24,21467
poetry,rlens_camila,couplet-clear-year,year,32,11165
poetry,rlens_camila,couplet-clear-year,year,40,42732
poetry,rlens_camila,couplet-clear-year,year,48,7099
poetry,rlens_camila,couplet-clear-year,year,56,19554
poetry,jpp_released,couplet-clear-year,year,8,2322
poetry,jpp_released,couplet-clear-year,year,16,770
poetry,jpp_released,couplet-clear-year,year,24,2836
poetry,jpp_released,couplet-clear-year,year,32,1543
poetry,jpp_released,couplet-clear-year,year,40,1133
poetry,jpp_released,couplet-clear-year,year,48,977
poetry,jpp_released,couplet-clear-year,year,56,50516
poetry,logit,couplet-star-far,far,8,12782
poetry,logit,couplet-star-far,far,16,10260
poetry,logit,couplet-star-far,far,24,2342
poetry,logit,couplet-star-far,far,32,310
poetry,logit,couplet-star-far,far,40,11999
poetry,logit,couplet-star-far,far,48,18385
poetry,logit,couplet-star-far,far,56,8385
poetry,jlens_camila,couplet-star-far,far,8,48521
poetry,jlens_camila,couplet-star-far,far,16,10554
poetry,jlens_camila,couplet-star-far,far,24,17177
poetry,jlens_camila,couplet-star-far,far,32,19093
poetry,jlens_camila,couplet-star-far,far,40,47017
poetry,jlens_camila,couplet-star-far,far,48,7452
poetry,jlens_camila,couplet-star-far,far,56,1110
poetry,rlens_camila,couplet-star-far,far,8,1724
poetry,rlens_camila,couplet-star-far,far,16,13075
poetry,rlens_camila,couplet-star-far,far,24,4149
poetry,rlens_camila,couplet-star-far,far,32,3910
poetry,rlens_camila,couplet-star-far,far,40,14763
poetry,rlens_camila,couplet-star-far,far,48,4106
poetry,rlens_camila,couplet-star-far,far,56,593
poetry,jpp_released,couplet-star-far,far,8,2199
poetry,jpp_released,couplet-star-far,far,16,118
poetry,jpp_released,couplet-star-far,far,24,567
poetry,jpp_released,couplet-star-far,far,32,90
poetry,jpp_released,couplet-star-far,far,40,453
poetry,jpp_released,couplet-star-far,far,48,649
poetry,jpp_released,couplet-star-far,far,56,1072
poetry,logit,couplet-bend-end,end,8,1839
poetry,logit,couplet-bend-end,end,16,2243
poetry,logit,couplet-bend-end,end,24,4614
poetry,logit,couplet-bend-end,end,32,5558
poetry,logit,couplet-bend-end,end,40,2983
poetry,logit,couplet-bend-end,end,48,1434
poetry,logit,couplet-bend-end,end,56,6103
poetry,jlens_camila,couplet-bend-end,end,8,33338
poetry,jlens_camila,couplet-bend-end,end,16,30933
poetry,jlens_camila,couplet-bend-end,end,24,45682
poetry,jlens_camila,couplet-bend-end,end,32,6883
poetry,jlens_camila,couplet-bend-end,end,40,7993
poetry,jlens_camila,couplet-bend-end,end,48,2836
poetry,jlens_camila,couplet-bend-end,end,56,1886
poetry,rlens_camila,couplet-bend-end,end,8,2704
poetry,rlens_camila,couplet-bend-end,end,16,13067
poetry,rlens_camila,couplet-bend-end,end,24,4854
poetry,rlens_camila,couplet-bend-end,end,32,16136
poetry,rlens_camila,couplet-bend-end,end,40,2864
poetry,rlens_camila,couplet-bend-end,end,48,602
poetry,rlens_camila,couplet-bend-end,end,56,842
poetry,jpp_released,couplet-bend-end,end,8,6981
poetry,jpp_released,couplet-bend-end,end,16,10096
poetry,jpp_released,couplet-bend-end,end,24,11503
poetry,jpp_released,couplet-bend-end,end,32,493
poetry,jpp_released,couplet-bend-end,end,40,385
poetry,jpp_released,couplet-bend-end,end,48,125
poetry,jpp_released,couplet-bend-end,end,56,259
poetry,logit,couplet-bright-sight,sight,8,12269
poetry,logit,couplet-bright-sight,sight,16,6267
poetry,logit,couplet-bright-sight,sight,24,48324
poetry,logit,couplet-bright-sight,sight,32,39382
poetry,logit,couplet-bright-sight,sight,40,74974
poetry,logit,couplet-bright-sight,sight,48,47823
poetry,logit,couplet-bright-sight,sight,56,29362
poetry,jlens_camila,couplet-bright-sight,sight,8,29561
poetry,jlens_camila,couplet-bright-sight,sight,16,20745
poetry,jlens_camila,couplet-bright-sight,sight,24,37317
poetry,jlens_camila,couplet-bright-sight,sight,32,50498
poetry,jlens_camila,couplet-bright-sight,sight,40,55173
poetry,jlens_camila,couplet-bright-sight,sight,48,10147
poetry,jlens_camila,couplet-bright-sight,sight,56,1191
poetry,rlens_camila,couplet-bright-sight,sight,8,3063
poetry,rlens_camila,couplet-bright-sight,sight,16,14477
poetry,rlens_camila,couplet-bright-sight,sight,24,17446
poetry,rlens_camila,couplet-bright-sight,sight,32,48752
poetry,rlens_camila,couplet-bright-sight,sight,40,36323
poetry,rlens_camila,couplet-bright-sight,sight,48,4010
poetry,rlens_camila,couplet-bright-sight,sight,56,947
poetry,jpp_released,couplet-bright-sight,sight,8,3785
poetry,jpp_released,couplet-bright-sight,sight,16,18046
poetry,jpp_released,couplet-bright-sight,sight,24,18761
poetry,jpp_released,couplet-bright-sight,sight,32,13324
poetry,jpp_released,couplet-bright-sight,sight,40,963
poetry,jpp_released,couplet-bright-sight,sight,48,500
poetry,jpp_released,couplet-bright-sight,sight,56,476
poetry,logit,couplet-white-write,write,8,7482
poetry,logit,couplet-white-write,write,16,3679
poetry,logit,couplet-white-write,write,24,436
poetry,logit,couplet-white-write,write,32,2942
poetry,logit,couplet-white-write,write,40,3671
poetry,logit,couplet-white-write,write,48,6922
poetry,logit,couplet-white-write,write,56,214
poetry,jlens_camila,couplet-white-write,write,8,12641
poetry,jlens_camila,couplet-white-write,write,16,13353
poetry,jlens_camila,couplet-white-write,write,24,1353
poetry,jlens_camila,couplet-white-write,write,32,231
poetry,jlens_camila,couplet-white-write,write,40,466
poetry,jlens_camila,couplet-white-write,write,48,574
poetry,jlens_camila,couplet-white-write,write,56,290
poetry,rlens_camila,couplet-white-write,write,8,35183
poetry,rlens_camila,couplet-white-write,write,16,5242
poetry,rlens_camila,couplet-white-write,write,24,877
poetry,rlens_camila,couplet-white-write,write,32,685
poetry,rlens_camila,couplet-white-write,write,40,631
poetry,rlens_camila,couplet-white-write,write,48,658
poetry,rlens_camila,couplet-white-write,write,56,223
poetry,jpp_released,couplet-white-write,write,8,45819
poetry,jpp_released,couplet-white-write,write,16,2634
poetry,jpp_released,couplet-white-write,write,24,2040
poetry,jpp_released,couplet-white-write,write,32,2927
poetry,jpp_released,couplet-white-write,write,40,931
poetry,jpp_released,couplet-white-write,write,48,4337
poetry,jpp_released,couplet-white-write,write,56,847
poetry,logit,couplet-away-way,way,8,720
poetry,logit,couplet-away-way,way,16,1472
poetry,logit,couplet-away-way,way,24,13683
poetry,logit,couplet-away-way,way,32,24175
poetry,logit,couplet-away-way,way,40,13003
poetry,logit,couplet-away-way,way,48,22084
poetry,logit,couplet-away-way,way,56,18583
poetry,jlens_camila,couplet-away-way,way,8,29830
poetry,jlens_camila,couplet-away-way,way,16,21734
poetry,jlens_camila,couplet-away-way,way,24,77104
poetry,jlens_camila,couplet-away-way,way,32,137639
poetry,jlens_camila,couplet-away-way,way,40,96761
poetry,jlens_camila,couplet-away-way,way,48,48419
poetry,jlens_camila,couplet-away-way,way,56,3296
poetry,rlens_camila,couplet-away-way,way,8,15896
poetry,rlens_camila,couplet-away-way,way,16,4383
poetry,rlens_camila,couplet-away-way,way,24,16102
poetry,rlens_camila,couplet-away-way,way,32,87008
poetry,rlens_camila,couplet-away-way,way,40,30196
poetry,rlens_camila,couplet-away-way,way,48,8499
poetry,rlens_camila,couplet-away-way,way,56,1780
poetry,jpp_released,couplet-away-way,way,8,19341
poetry,jpp_released,couplet-away-way,way,16,1920
poetry,jpp_released,couplet-away-way,way,24,13423
poetry,jpp_released,couplet-away-way,way,32,6439
poetry,jpp_released,couplet-away-way,way,40,429
poetry,jpp_released,couplet-away-way,way,48,593
poetry,jpp_released,couplet-away-way,way,56,1050
poetry,logit,couplet-chase-place,place,8,10559
poetry,logit,couplet-chase-place,place,16,56231
poetry,logit,couplet-chase-place,place,24,80882
poetry,logit,couplet-chase-place,place,32,30986
poetry,logit,couplet-chase-place,place,40,40651
poetry,logit,couplet-chase-place,place,48,8351
poetry,logit,couplet-chase-place,place,56,58029
poetry,jlens_camila,couplet-chase-place,place,8,15794
poetry,jlens_camila,couplet-chase-place,place,16,78172
poetry,jlens_camila,couplet-chase-place,place,24,66302
poetry,jlens_camila,couplet-chase-place,place,32,25774
poetry,jlens_camila,couplet-chase-place,place,40,39999
poetry,jlens_camila,couplet-chase-place,place,48,13718
poetry,jlens_camila,couplet-chase-place,place,56,66894
poetry,rlens_camila,couplet-chase-place,place,8,30225
poetry,rlens_camila,couplet-chase-place,place,16,18620
poetry,rlens_camila,couplet-chase-place,place,24,25923
poetry,rlens_camila,couplet-chase-place,place,32,36402
poetry,rlens_camila,couplet-chase-place,place,40,23824
poetry,rlens_camila,couplet-chase-place,place,48,2276
poetry,rlens_camila,couplet-chase-place,place,56,50454
poetry,jpp_released,couplet-chase-place,place,8,22289
poetry,jpp_released,couplet-chase-place,place,16,21616
poetry,jpp_released,couplet-chase-place,place,24,20764
poetry,jpp_released,couplet-chase-place,place,32,9966
poetry,jpp_released,couplet-chase-place,place,40,1143
poetry,jpp_released,couplet-chase-place,place,48,594
poetry,jpp_released,couplet-chase-place,place,56,8592
poetry,logit,couplet-pace-race,race,8,4219
poetry,logit,couplet-pace-race,race,16,12548
poetry,logit,couplet-pace-race,race,24,33238
poetry,logit,couplet-pace-race,race,32,44192
poetry,logit,couplet-pace-race,race,40,89718
poetry,logit,couplet-pace-race,race,48,96069
poetry,logit,couplet-pace-race,race,56,237
poetry,jlens_camila,couplet-pace-race,race,8,108846
poetry,jlens_camila,couplet-pace-race,race,16,53558
poetry,jlens_camila,couplet-pace-race,race,24,31583
poetry,jlens_camila,couplet-pace-race,race,32,59027
poetry,jlens_camila,couplet-pace-race,race,40,133317
poetry,jlens_camila,couplet-pace-race,race,48,21363
poetry,jlens_camila,couplet-pace-race,race,56,49
poetry,rlens_camila,couplet-pace-race,race,8,41099
poetry,rlens_camila,couplet-pace-race,race,16,33206
poetry,rlens_camila,couplet-pace-race,race,24,25457
poetry,rlens_camila,couplet-pace-race,race,32,36389
poetry,rlens_camila,couplet-pace-race,race,40,52840
poetry,rlens_camila,couplet-pace-race,race,48,11927
poetry,rlens_camila,couplet-pace-race,race,56,41
poetry,jpp_released,couplet-pace-race,race,8,77150
poetry,jpp_released,couplet-pace-race,race,16,87892
poetry,jpp_released,couplet-pace-race,race,24,76305
poetry,jpp_released,couplet-pace-race,race,32,36512
poetry,jpp_released,couplet-pace-race,race,40,14225
poetry,jpp_released,couplet-pace-race,race,48,3404
poetry,jpp_released,couplet-pace-race,race,56,12
poetry,logit,couplet-base-case,case,8,1107
poetry,logit,couplet-base-case,case,16,419
poetry,logit,couplet-base-case,case,24,1605
poetry,logit,couplet-base-case,case,32,22921
poetry,logit,couplet-base-case,case,40,51950
poetry,logit,couplet-base-case,case,48,12233
poetry,logit,couplet-base-case,case,56,1931
poetry,jlens_camila,couplet-base-case,case,8,2410
poetry,jlens_camila,couplet-base-case,case,16,409
poetry,jlens_camila,couplet-base-case,case,24,7771
poetry,jlens_camila,couplet-base-case,case,32,64003
poetry,jlens_camila,couplet-base-case,case,40,130056
poetry,jlens_camila,couplet-base-case,case,48,21609
poetry,jlens_camila,couplet-base-case,case,56,543
poetry,rlens_camila,couplet-base-case,case,8,12036
poetry,rlens_camila,couplet-base-case,case,16,15767
poetry,rlens_camila,couplet-base-case,case,24,16071
poetry,rlens_camila,couplet-base-case,case,32,76856
poetry,rlens_camila,couplet-base-case,case,40,96298
poetry,rlens_camila,couplet-base-case,case,48,9317
poetry,rlens_camila,couplet-base-case,case,56,496
poetry,jpp_released,couplet-base-case,case,8,24363
poetry,jpp_released,couplet-base-case,case,16,3167
poetry,jpp_released,couplet-base-case,case,24,64194
poetry,jpp_released,couplet-base-case,case,32,3428
poetry,jpp_released,couplet-base-case,case,40,12828
poetry,jpp_released,couplet-base-case,case,48,1192
poetry,jpp_released,couplet-base-case,case,56,70
poetry,logit,couplet-blame-game,game,8,2464
poetry,logit,couplet-blame-game,game,16,13041
poetry,logit,couplet-blame-game,game,24,4040
poetry,logit,couplet-blame-game,game,32,3897
poetry,logit,couplet-blame-game,game,40,6275
poetry,logit,couplet-blame-game,game,48,3513
poetry,logit,couplet-blame-game,game,56,1818
poetry,jlens_camila,couplet-blame-game,game,8,6937
poetry,jlens_camila,couplet-blame-game,game,16,15970
poetry,jlens_camila,couplet-blame-game,game,24,114224
poetry,jlens_camila,couplet-blame-game,game,32,40771
poetry,jlens_camila,couplet-blame-game,game,40,38723
poetry,jlens_camila,couplet-blame-game,game,48,2543
poetry,jlens_camila,couplet-blame-game,game,56,3992
poetry,rlens_camila,couplet-blame-game,game,8,3765
poetry,rlens_camila,couplet-blame-game,game,16,10551
poetry,rlens_camila,couplet-blame-game,game,24,21766
poetry,rlens_camila,couplet-blame-game,game,32,10537
poetry,rlens_camila,couplet-blame-game,game,40,7532
poetry,rlens_camila,couplet-blame-game,game,48,678
poetry,rlens_camila,couplet-blame-game,game,56,1879
poetry,jpp_released,couplet-blame-game,game,8,8601
poetry,jpp_released,couplet-blame-game,game,16,3909
poetry,jpp_released,couplet-blame-game,game,24,48290
poetry,jpp_released,couplet-blame-game,game,32,3042
poetry,jpp_released,couplet-blame-game,game,40,588
poetry,jpp_released,couplet-blame-game,game,48,164
poetry,jpp_released,couplet-blame-game,game,56,471
poetry,logit,couplet-frame-same,same,8,937
poetry,logit,couplet-frame-same,same,16,3801
poetry,logit,couplet-frame-same,same,24,619
poetry,logit,couplet-frame-same,same,32,2211
poetry,logit,couplet-frame-same,same,40,2511
poetry,logit,couplet-frame-same,same,48,37930
poetry,logit,couplet-frame-same,same,56,7165
poetry,jlens_camila,couplet-frame-same,same,8,15017
poetry,jlens_camila,couplet-frame-same,same,16,14483
poetry,jlens_camila,couplet-frame-same,same,24,34003
poetry,jlens_camila,couplet-frame-same,same,32,15535
poetry,jlens_camila,couplet-frame-same,same,40,1448
poetry,jlens_camila,couplet-frame-same,same,48,2089
poetry,jlens_camila,couplet-frame-same,same,56,244
poetry,rlens_camila,couplet-frame-same,same,8,3291
poetry,rlens_camila,couplet-frame-same,same,16,941
poetry,rlens_camila,couplet-frame-same,same,24,4068
poetry,rlens_camila,couplet-frame-same,same,32,5768
poetry,rlens_camila,couplet-frame-same,same,40,338
poetry,rlens_camila,couplet-frame-same,same,48,893
poetry,rlens_camila,couplet-frame-same,same,56,358
poetry,jpp_released,couplet-frame-same,same,8,1453
poetry,jpp_released,couplet-frame-same,same,16,3402
poetry,jpp_released,couplet-frame-same,same,24,4390
poetry,jpp_released,couplet-frame-same,same,32,7533
poetry,jpp_released,couplet-frame-same,same,40,630
poetry,jpp_released,couplet-frame-same,same,48,376
poetry,jpp_released,couplet-frame-same,same,56,203
poetry,logit,couplet-scar-star,star,8,14027
poetry,logit,couplet-scar-star,star,16,20579
poetry,logit,couplet-scar-star,star,24,35783
poetry,logit,couplet-scar-star,star,32,44172
poetry,logit,couplet-scar-star,star,40,38262
poetry,logit,couplet-scar-star,star,48,30182
poetry,logit,couplet-scar-star,star,56,89
poetry,jlens_camila,couplet-scar-star,star,8,84851
poetry,jlens_camila,couplet-scar-star,star,16,107915
poetry,jlens_camila,couplet-scar-star,star,24,52244
poetry,jlens_camila,couplet-scar-star,star,32,29045
poetry,jlens_camila,couplet-scar-star,star,40,111699
poetry,jlens_camila,couplet-scar-star,star,48,20808
poetry,jlens_camila,couplet-scar-star,star,56,39
poetry,rlens_camila,couplet-scar-star,star,8,16412
poetry,rlens_camila,couplet-scar-star,star,16,6505
poetry,rlens_camila,couplet-scar-star,star,24,4335
poetry,rlens_camila,couplet-scar-star,star,32,16422
poetry,rlens_camila,couplet-scar-star,star,40,51550
poetry,rlens_camila,couplet-scar-star,star,48,6431
poetry,rlens_camila,couplet-scar-star,star,56,26
poetry,jpp_released,couplet-scar-star,star,8,24247
poetry,jpp_released,couplet-scar-star,star,16,3707
poetry,jpp_released,couplet-scar-star,star,24,4559
poetry,jpp_released,couplet-scar-star,star,32,288
poetry,jpp_released,couplet-scar-star,star,40,1110
poetry,jpp_released,couplet-scar-star,star,48,258
poetry,jpp_released,couplet-scar-star,star,56,3
poetry,logit,couplet-jar-car,car,8,3718
poetry,logit,couplet-jar-car,car,16,8697
poetry,logit,couplet-jar-car,car,24,9097
poetry,logit,couplet-jar-car,car,32,4734
poetry,logit,couplet-jar-car,car,40,6256
poetry,logit,couplet-jar-car,car,48,3418
poetry,logit,couplet-jar-car,car,56,52
poetry,jlens_camila,couplet-jar-car,car,8,1479
poetry,jlens_camila,couplet-jar-car,car,16,830
poetry,jlens_camila,couplet-jar-car,car,24,10490
poetry,jlens_camila,couplet-jar-car,car,32,9778
poetry,jlens_camila,couplet-jar-car,car,40,28556
poetry,jlens_camila,couplet-jar-car,car,48,10833
poetry,jlens_camila,couplet-jar-car,car,56,153
poetry,rlens_camila,couplet-jar-car,car,8,5817
poetry,rlens_camila,couplet-jar-car,car,16,30642
poetry,rlens_camila,couplet-jar-car,car,24,20088
poetry,rlens_camila,couplet-jar-car,car,32,27161
poetry,rlens_camila,couplet-jar-car,car,40,21856
poetry,rlens_camila,couplet-jar-car,car,48,2596
poetry,rlens_camila,couplet-jar-car,car,56,62
poetry,jpp_released,couplet-jar-car,car,8,12450
poetry,jpp_released,couplet-jar-car,car,16,1604
poetry,jpp_released,couplet-jar-car,car,24,13518
poetry,jpp_released,couplet-jar-car,car,32,414
poetry,jpp_released,couplet-jar-car,car,40,4521
poetry,jpp_released,couplet-jar-car,car,48,345
poetry,jpp_released,couplet-jar-car,car,56,4
poetry,logit,couplet-sea-see,see,8,2656
poetry,logit,couplet-sea-see,see,16,3138
poetry,logit,couplet-sea-see,see,24,4821
poetry,logit,couplet-sea-see,see,32,59452
poetry,logit,couplet-sea-see,see,40,78673
poetry,logit,couplet-sea-see,see,48,74952
poetry,logit,couplet-sea-see,see,56,56555
poetry,jlens_camila,couplet-sea-see,see,8,2554
poetry,jlens_camila,couplet-sea-see,see,16,7236
poetry,jlens_camila,couplet-sea-see,see,24,12324
poetry,jlens_camila,couplet-sea-see,see,32,10315
poetry,jlens_camila,couplet-sea-see,see,40,29125
poetry,jlens_camila,couplet-sea-see,see,48,20284
poetry,jlens_camila,couplet-sea-see,see,56,20280
poetry,rlens_camila,couplet-sea-see,see,8,1782
poetry,rlens_camila,couplet-sea-see,see,16,1228
poetry,rlens_camila,couplet-sea-see,see,24,4239
poetry,rlens_camila,couplet-sea-see,see,32,15831
poetry,rlens_camila,couplet-sea-see,see,40,14673
poetry,rlens_camila,couplet-sea-see,see,48,6771
poetry,rlens_camila,couplet-sea-see,see,56,10797
poetry,jpp_released,couplet-sea-see,see,8,2476
poetry,jpp_released,couplet-sea-see,see,16,1102
poetry,jpp_released,couplet-sea-see,see,24,8244
poetry,jpp_released,couplet-sea-see,see,32,965
poetry,jpp_released,couplet-sea-see,see,40,1265
poetry,jpp_released,couplet-sea-see,see,48,863
poetry,jpp_released,couplet-sea-see,see,56,3299
poetry,logit,couplet-lock-key,key,8,2356
poetry,logit,couplet-lock-key,key,16,27663
poetry,logit,couplet-lock-key,key,24,25873
poetry,logit,couplet-lock-key,key,32,17358
poetry,logit,couplet-lock-key,key,40,20458
poetry,logit,couplet-lock-key,key,48,4658
poetry,logit,couplet-lock-key,key,56,689
poetry,jlens_camila,couplet-lock-key,key,8,115927
poetry,jlens_camila,couplet-lock-key,key,16,25472
poetry,jlens_camila,couplet-lock-key,key,24,177468
poetry,jlens_camila,couplet-lock-key,key,32,78517
poetry,jlens_camila,couplet-lock-key,key,40,57503
poetry,jlens_camila,couplet-lock-key,key,48,15911
poetry,jlens_camila,couplet-lock-key,key,56,1819
poetry,rlens_camila,couplet-lock-key,key,8,77733
poetry,rlens_camila,couplet-lock-key,key,16,53036
poetry,rlens_camila,couplet-lock-key,key,24,53069
poetry,rlens_camila,couplet-lock-key,key,32,94611
poetry,rlens_camila,couplet-lock-key,key,40,42352
poetry,rlens_camila,couplet-lock-key,key,48,4147
poetry,rlens_camila,couplet-lock-key,key,56,542
poetry,jpp_released,couplet-lock-key,key,8,35245
poetry,jpp_released,couplet-lock-key,key,16,14415
poetry,jpp_released,couplet-lock-key,key,24,19224
poetry,jpp_released,couplet-lock-key,key,32,9177
poetry,jpp_released,couplet-lock-key,key,40,1087
poetry,jpp_released,couplet-lock-key,key,48,110
poetry,jpp_released,couplet-lock-key,key,56,66
poetry,logit,couplet-crown-town,town,8,62339
poetry,logit,couplet-crown-town,town,16,94928
poetry,logit,couplet-crown-town,town,24,81602
poetry,logit,couplet-crown-town,town,32,29510
poetry,logit,couplet-crown-town,town,40,133054
poetry,logit,couplet-crown-town,town,48,90645
poetry,logit,couplet-crown-town,town,56,20185
poetry,jlens_camila,couplet-crown-town,town,8,34343
poetry,jlens_camila,couplet-crown-town,town,16,139142
poetry,jlens_camila,couplet-crown-town,town,24,104710
poetry,jlens_camila,couplet-crown-town,town,32,72387
poetry,jlens_camila,couplet-crown-town,town,40,111321
poetry,jlens_camila,couplet-crown-town,town,48,38693
poetry,jlens_camila,couplet-crown-town,town,56,9890
poetry,rlens_camila,couplet-crown-town,town,8,89765
poetry,rlens_camila,couplet-crown-town,town,16,117795
poetry,rlens_camila,couplet-crown-town,town,24,85859
poetry,rlens_camila,couplet-crown-town,town,32,79986
poetry,rlens_camila,couplet-crown-town,town,40,121080
poetry,rlens_camila,couplet-crown-town,town,48,44844
poetry,rlens_camila,couplet-crown-town,town,56,8161
poetry,jpp_released,couplet-crown-town,town,8,514
poetry,jpp_released,couplet-crown-town,town,16,15695
poetry,jpp_released,couplet-crown-town,town,24,17181
poetry,jpp_released,couplet-crown-town,town,32,7358
poetry,jpp_released,couplet-crown-town,town,40,9982
poetry,jpp_released,couplet-crown-town,town,48,2041
poetry,jpp_released,couplet-crown-town,town,56,4549
poetry,logit,couplet-gown-down,down,8,4015
poetry,logit,couplet-gown-down,down,16,5289
poetry,logit,couplet-gown-down,down,24,1571
poetry,logit,couplet-gown-down,down,32,6501
poetry,logit,couplet-gown-down,down,40,330
poetry,logit,couplet-gown-down,down,48,8509
poetry,logit,couplet-gown-down,down,56,2318
poetry,jlens_camila,couplet-gown-down,down,8,6597
poetry,jlens_camila,couplet-gown-down,down,16,2516
poetry,jlens_camila,couplet-gown-down,down,24,1767
poetry,jlens_camila,couplet-gown-down,down,32,667
poetry,jlens_camila,couplet-gown-down,down,40,2595
poetry,jlens_camila,couplet-gown-down,down,48,7819
poetry,jlens_camila,couplet-gown-down,down,56,782
poetry,rlens_camila,couplet-gown-down,down,8,660
poetry,rlens_camila,couplet-gown-down,down,16,1662
poetry,rlens_camila,couplet-gown-down,down,24,1845
poetry,rlens_camila,couplet-gown-down,down,32,1040
poetry,rlens_camila,couplet-gown-down,down,40,1197
poetry,rlens_camila,couplet-gown-down,down,48,1861
poetry,rlens_camila,couplet-gown-down,down,56,476
poetry,jpp_released,couplet-gown-down,down,8,10208
poetry,jpp_released,couplet-gown-down,down,16,840
poetry,jpp_released,couplet-gown-down,down,24,5959
poetry,jpp_released,couplet-gown-down,down,32,459
poetry,jpp_released,couplet-gown-down,down,40,331
poetry,jpp_released,couplet-gown-down,down,48,1530
poetry,jpp_released,couplet-gown-down,down,56,211
poetry,logit,couplet-sold-told,told,8,27289
poetry,logit,couplet-sold-told,told,16,16426
poetry,logit,couplet-sold-told,told,24,29788
poetry,logit,couplet-sold-told,told,32,14028
poetry,logit,couplet-sold-told,told,40,45085
poetry,logit,couplet-sold-told,told,48,140277
poetry,logit,couplet-sold-told,told,56,1915
poetry,jlens_camila,couplet-sold-told,told,8,205214
poetry,jlens_camila,couplet-sold-told,told,16,76753
poetry,jlens_camila,couplet-sold-told,told,24,14861
poetry,jlens_camila,couplet-sold-told,told,32,7805
poetry,jlens_camila,couplet-sold-told,told,40,6444
poetry,jlens_camila,couplet-sold-told,told,48,3029
poetry,jlens_camila,couplet-sold-told,told,56,106
poetry,rlens_camila,couplet-sold-told,told,8,13981
poetry,rlens_camila,couplet-sold-told,told,16,3033
poetry,rlens_camila,couplet-sold-told,told,24,2566
poetry,rlens_camila,couplet-sold-told,told,32,2584
poetry,rlens_camila,couplet-sold-told,told,40,6633
poetry,rlens_camila,couplet-sold-told,told,48,3422
poetry,rlens_camila,couplet-sold-told,told,56,138
poetry,jpp_released,couplet-sold-told,told,8,6335
poetry,jpp_released,couplet-sold-told,told,16,3125
poetry,jpp_released,couplet-sold-told,told,24,855
poetry,jpp_released,couplet-sold-told,told,32,761
poetry,jpp_released,couplet-sold-told,told,40,882
poetry,jpp_released,couplet-sold-told,told,48,5901
poetry,jpp_released,couplet-sold-told,told,56,168
poetry,logit,couplet-regret-met,met,8,1650
poetry,logit,couplet-regret-met,met,16,26183
poetry,logit,couplet-regret-met,met,24,24729
poetry,logit,couplet-regret-met,met,32,30969
poetry,logit,couplet-regret-met,met,40,3358
poetry,logit,couplet-regret-met,met,48,44344
poetry,logit,couplet-regret-met,met,56,2903
poetry,jlens_camila,couplet-regret-met,met,8,60595
poetry,jlens_camila,couplet-regret-met,met,16,12447
poetry,jlens_camila,couplet-regret-met,met,24,30994
poetry,jlens_camila,couplet-regret-met,met,32,35016
poetry,jlens_camila,couplet-regret-met,met,40,8336
poetry,jlens_camila,couplet-regret-met,met,48,20975
poetry,jlens_camila,couplet-regret-met,met,56,8800
poetry,rlens_camila,couplet-regret-met,met,8,74229
poetry,rlens_camila,couplet-regret-met,met,16,56217
poetry,rlens_camila,couplet-regret-met,met,24,30246
poetry,rlens_camila,couplet-regret-met,met,32,63089
poetry,rlens_camila,couplet-regret-met,met,40,4755
poetry,rlens_camila,couplet-regret-met,met,48,5846
poetry,rlens_camila,couplet-regret-met,met,56,3154
poetry,jpp_released,couplet-regret-met,met,8,6429
poetry,jpp_released,couplet-regret-met,met,16,6292
poetry,jpp_released,couplet-regret-met,met,24,8512
poetry,jpp_released,couplet-regret-met,met,32,2770
poetry,jpp_released,couplet-regret-met,met,40,903
poetry,jpp_released,couplet-regret-met,met,48,990
poetry,jpp_released,couplet-regret-met,met,56,418
poetry,logit,couplet-hook-book,book,8,6778
poetry,logit,couplet-hook-book,book,16,11684
poetry,logit,couplet-hook-book,book,24,9448
poetry,logit,couplet-hook-book,book,32,17614
poetry,logit,couplet-hook-book,book,40,13763
poetry,logit,couplet-hook-book,book,48,8910
poetry,logit,couplet-hook-book,book,56,2479
poetry,jlens_camila,couplet-hook-book,book,8,34227
poetry,jlens_camila,couplet-hook-book,book,16,21796
poetry,jlens_camila,couplet-hook-book,book,24,38147
poetry,jlens_camila,couplet-hook-book,book,32,2774
poetry,jlens_camila,couplet-hook-book,book,40,22179
poetry,jlens_camila,couplet-hook-book,book,48,6172
poetry,jlens_camila,couplet-hook-book,book,56,476
poetry,rlens_camila,couplet-hook-book,book,8,84111
poetry,rlens_camila,couplet-hook-book,book,16,37180
poetry,rlens_camila,couplet-hook-book,book,24,24521
poetry,rlens_camila,couplet-hook-book,book,32,3802
poetry,rlens_camila,couplet-hook-book,book,40,21317
poetry,rlens_camila,couplet-hook-book,book,48,6866
poetry,rlens_camila,couplet-hook-book,book,56,458
poetry,jpp_released,couplet-hook-book,book,8,154475
poetry,jpp_released,couplet-hook-book,book,16,13940
poetry,jpp_released,couplet-hook-book,book,24,5175
poetry,jpp_released,couplet-hook-book,book,32,556
poetry,jpp_released,couplet-hook-book,book,40,665
poetry,jpp_released,couplet-hook-book,book,48,634
poetry,jpp_released,couplet-hook-book,book,56,35
poetry,logit,couplet-brook-look,look,8,4994
poetry,logit,couplet-brook-look,look,16,3673
poetry,logit,couplet-brook-look,look,24,3238
poetry,logit,couplet-brook-look,look,32,7735
poetry,logit,couplet-brook-look,look,40,9115
poetry,logit,couplet-brook-look,look,48,6378
poetry,logit,couplet-brook-look,look,56,117
poetry,jlens_camila,couplet-brook-look,look,8,10111
poetry,jlens_camila,couplet-brook-look,look,16,10627
poetry,jlens_camila,couplet-brook-look,look,24,27229
poetry,jlens_camila,couplet-brook-look,look,32,9573
poetry,jlens_camila,couplet-brook-look,look,40,11092
poetry,jlens_camila,couplet-brook-look,look,48,2031
poetry,jlens_camila,couplet-brook-look,look,56,80
poetry,rlens_camila,couplet-brook-look,look,8,35804
poetry,rlens_camila,couplet-brook-look,look,16,18443
poetry,rlens_camila,couplet-brook-look,look,24,6149
poetry,rlens_camila,couplet-brook-look,look,32,6917
poetry,rlens_camila,couplet-brook-look,look,40,4186
poetry,rlens_camila,couplet-brook-look,look,48,882
poetry,rlens_camila,couplet-brook-look,look,56,103
poetry,jpp_released,couplet-brook-look,look,8,43753
poetry,jpp_released,couplet-brook-look,look,16,2816
poetry,jpp_released,couplet-brook-look,look,24,14156
poetry,jpp_released,couplet-brook-look,look,32,2001
poetry,jpp_released,couplet-brook-look,look,40,703
poetry,jpp_released,couplet-brook-look,look,48,421
poetry,jpp_released,couplet-brook-look,look,56,8
poetry,logit,couplet-above-love,love,8,7532
poetry,logit,couplet-above-love,love,16,13740
poetry,logit,couplet-above-love,love,24,22341
poetry,logit,couplet-above-love,love,32,53607
poetry,logit,couplet-above-love,love,40,60813
poetry,logit,couplet-above-love,love,48,127688
poetry,logit,couplet-above-love,love,56,1462
poetry,jlens_camila,couplet-above-love,love,8,74474
poetry,jlens_camila,couplet-above-love,love,16,23950
poetry,jlens_camila,couplet-above-love,love,24,58568
poetry,jlens_camila,couplet-above-love,love,32,17711
poetry,jlens_camila,couplet-above-love,love,40,3139
poetry,jlens_camila,couplet-above-love,love,48,151
poetry,jlens_camila,couplet-above-love,love,56,153
poetry,rlens_camila,couplet-above-love,love,8,27824
poetry,rlens_camila,couplet-above-love,love,16,16959
poetry,rlens_camila,couplet-above-love,love,24,10977
poetry,rlens_camila,couplet-above-love,love,32,19159
poetry,rlens_camila,couplet-above-love,love,40,4212
poetry,rlens_camila,couplet-above-love,love,48,556
poetry,rlens_camila,couplet-above-love,love,56,134
poetry,jpp_released,couplet-above-love,love,8,1531
poetry,jpp_released,couplet-above-love,love,16,313
poetry,jpp_released,couplet-above-love,love,24,195
poetry,jpp_released,couplet-above-love,love,32,237
poetry,jpp_released,couplet-above-love,love,40,246
poetry,jpp_released,couplet-above-love,love,48,35
poetry,jpp_released,couplet-above-love,love,56,61
poetry,logit,couplet-heart-art,art,8,3410
poetry,logit,couplet-heart-art,art,16,725
poetry,logit,couplet-heart-art,art,24,4074
poetry,logit,couplet-heart-art,art,32,10406
poetry,logit,couplet-heart-art,art,40,31802
poetry,logit,couplet-heart-art,art,48,19489
poetry,logit,couplet-heart-art,art,56,316
poetry,jlens_camila,couplet-heart-art,art,8,31633
poetry,jlens_camila,couplet-heart-art,art,16,7368
poetry,jlens_camila,couplet-heart-art,art,24,10927
poetry,jlens_camila,couplet-heart-art,art,32,1762
poetry,jlens_camila,couplet-heart-art,art,40,15823
poetry,jlens_camila,couplet-heart-art,art,48,9349
poetry,jlens_camila,couplet-heart-art,art,56,52
poetry,rlens_camila,couplet-heart-art,art,8,132522
poetry,rlens_camila,couplet-heart-art,art,16,33952
poetry,rlens_camila,couplet-heart-art,art,24,1882
poetry,rlens_camila,couplet-heart-art,art,32,886
poetry,rlens_camila,couplet-heart-art,art,40,17991
poetry,rlens_camila,couplet-heart-art,art,48,6326
poetry,rlens_camila,couplet-heart-art,art,56,47
poetry,jpp_released,couplet-heart-art,art,8,9092
poetry,jpp_released,couplet-heart-art,art,16,3186
poetry,jpp_released,couplet-heart-art,art,24,279
poetry,jpp_released,couplet-heart-art,art,32,172
poetry,jpp_released,couplet-heart-art,art,40,953
poetry,jpp_released,couplet-heart-art,art,48,507
poetry,jpp_released,couplet-heart-art,art,56,1
poetry,logit,couplet-apart-part,part,8,2836
poetry,logit,couplet-apart-part,part,16,11227
poetry,logit,couplet-apart-part,part,24,18422
poetry,logit,couplet-apart-part,part,32,25482
poetry,logit,couplet-apart-part,part,40,7428
poetry,logit,couplet-apart-part,part,48,20590
poetry,logit,couplet-apart-part,part,56,1023
poetry,jlens_camila,couplet-apart-part,part,8,4979
poetry,jlens_camila,couplet-apart-part,part,16,5438
poetry,jlens_camila,couplet-apart-part,part,24,11952
poetry,jlens_camila,couplet-apart-part,part,32,65987
poetry,jlens_camila,couplet-apart-part,part,40,63478
poetry,jlens_camila,couplet-apart-part,part,48,48866
poetry,jlens_camila,couplet-apart-part,part,56,4211
poetry,rlens_camila,couplet-apart-part,part,8,3436
poetry,rlens_camila,couplet-apart-part,part,16,7266
poetry,rlens_camila,couplet-apart-part,part,24,5069
poetry,rlens_camila,couplet-apart-part,part,32,27710
poetry,rlens_camila,couplet-apart-part,part,40,27892
poetry,rlens_camila,couplet-apart-part,part,48,16605
poetry,rlens_camila,couplet-apart-part,part,56,1491
poetry,jpp_released,couplet-apart-part,part,8,4309
poetry,jpp_released,couplet-apart-part,part,16,4024
poetry,jpp_released,couplet-apart-part,part,24,5838
poetry,jpp_released,couplet-apart-part,part,32,2518
poetry,jpp_released,couplet-apart-part,part,40,1136
poetry,jpp_released,couplet-apart-part,part,48,649
poetry,jpp_released,couplet-apart-part,part,56,79
poetry,logit,couplet-depart-start,start,8,3137
poetry,logit,couplet-depart-start,start,16,34109
poetry,logit,couplet-depart-start,start,24,25446
poetry,logit,couplet-depart-start,start,32,11331
poetry,logit,couplet-depart-start,start,40,90847
poetry,logit,couplet-depart-start,start,48,9048
poetry,logit,couplet-depart-start,start,56,253
poetry,jlens_camila,couplet-depart-start,start,8,97224
poetry,jlens_camila,couplet-depart-start,start,16,73611
poetry,jlens_camila,couplet-depart-start,start,24,114840
poetry,jlens_camila,couplet-depart-start,start,32,11786
poetry,jlens_camila,couplet-depart-start,start,40,112955
poetry,jlens_camila,couplet-depart-start,start,48,9689
poetry,jlens_camila,couplet-depart-start,start,56,388
poetry,rlens_camila,couplet-depart-start,start,8,59832
poetry,rlens_camila,couplet-depart-start,start,16,122893
poetry,rlens_camila,couplet-depart-start,start,24,58124
poetry,rlens_camila,couplet-depart-start,start,32,37964
poetry,rlens_camila,couplet-depart-start,start,40,71214
poetry,rlens_camila,couplet-depart-start,start,48,1914
poetry,rlens_camila,couplet-depart-start,start,56,180
poetry,jpp_released,couplet-depart-start,start,8,29323
poetry,jpp_released,couplet-depart-start,start,16,47118
poetry,jpp_released,couplet-depart-start,start,24,66404
poetry,jpp_released,couplet-depart-start,start,32,10458
poetry,jpp_released,couplet-depart-start,start,40,3612
poetry,jpp_released,couplet-depart-start,start,48,380
poetry,jpp_released,couplet-depart-start,start,56,41
poetry,logit,couplet-hall-call,call,8,9922
poetry,logit,couplet-hall-call,call,16,13775
poetry,logit,couplet-hall-call,call,24,9479
poetry,logit,couplet-hall-call,call,32,18986
poetry,logit,couplet-hall-call,call,40,1970
poetry,logit,couplet-hall-call,call,48,9221
poetry,logit,couplet-hall-call,call,56,2997
poetry,jlens_camila,couplet-hall-call,call,8,2392
poetry,jlens_camila,couplet-hall-call,call,16,816
poetry,jlens_camila,couplet-hall-call,call,24,10452
poetry,jlens_camila,couplet-hall-call,call,32,4240
poetry,jlens_camila,couplet-hall-call,call,40,2495
poetry,jlens_camila,couplet-hall-call,call,48,5821
poetry,jlens_camila,couplet-hall-call,call,56,945
poetry,rlens_camila,couplet-hall-call,call,8,10574
poetry,rlens_camila,couplet-hall-call,call,16,8013
poetry,rlens_camila,couplet-hall-call,call,24,6014
poetry,rlens_camila,couplet-hall-call,call,32,5691
poetry,rlens_camila,couplet-hall-call,call,40,1956
poetry,rlens_camila,couplet-hall-call,call,48,1679
poetry,rlens_camila,couplet-hall-call,call,56,752
poetry,jpp_released,couplet-hall-call,call,8,29451
poetry,jpp_released,couplet-hall-call,call,16,1409
poetry,jpp_released,couplet-hall-call,call,24,5127
poetry,jpp_released,couplet-hall-call,call,32,1319
poetry,jpp_released,couplet-hall-call,call,40,456
poetry,jpp_released,couplet-hall-call,call,48,373
poetry,jpp_released,couplet-hall-call,call,56,202
poetry,logit,couplet-tall-small,small,8,934
poetry,logit,couplet-tall-small,small,16,18959
poetry,logit,couplet-tall-small,small,24,18212
poetry,logit,couplet-tall-small,small,32,26688
poetry,logit,couplet-tall-small,small,40,39558
poetry,logit,couplet-tall-small,small,48,32766
poetry,logit,couplet-tall-small,small,56,8123
poetry,jlens_camila,couplet-tall-small,small,8,97035
poetry,jlens_camila,couplet-tall-small,small,16,56235
poetry,jlens_camila,couplet-tall-small,small,24,87433
poetry,jlens_camila,couplet-tall-small,small,32,67856
poetry,jlens_camila,couplet-tall-small,small,40,90272
poetry,jlens_camila,couplet-tall-small,small,48,82558
poetry,jlens_camila,couplet-tall-small,small,56,5029
poetry,rlens_camila,couplet-tall-small,small,8,912
poetry,rlens_camila,couplet-tall-small,small,16,24155
poetry,rlens_camila,couplet-tall-small,small,24,29281
poetry,rlens_camila,couplet-tall-small,small,32,66782
poetry,rlens_camila,couplet-tall-small,small,40,75113
poetry,rlens_camila,couplet-tall-small,small,48,35782
poetry,rlens_camila,couplet-tall-small,small,56,3173
poetry,jpp_released,couplet-tall-small,small,8,7210
poetry,jpp_released,couplet-tall-small,small,16,47550
poetry,jpp_released,couplet-tall-small,small,24,27779
poetry,jpp_released,couplet-tall-small,small,32,16696
poetry,jpp_released,couplet-tall-small,small,40,1657
poetry,jpp_released,couplet-tall-small,small,48,839
poetry,jpp_released,couplet-tall-small,small,56,1046
poetry,logit,couplet-hand-land,land,8,2137
poetry,logit,couplet-hand-land,land,16,30886
poetry,logit,couplet-hand-land,land,24,5233
poetry,logit,couplet-hand-land,land,32,4281
poetry,logit,couplet-hand-land,land,40,5237
poetry,logit,couplet-hand-land,land,48,13823
poetry,logit,couplet-hand-land,land,56,2439
poetry,jlens_camila,couplet-hand-land,land,8,1492
poetry,jlens_camila,couplet-hand-land,land,16,15446
poetry,jlens_camila,couplet-hand-land,land,24,42954
poetry,jlens_camila,couplet-hand-land,land,32,63407
poetry,jlens_camila,couplet-hand-land,land,40,59891
poetry,jlens_camila,couplet-hand-land,land,48,47678
poetry,jlens_camila,couplet-hand-land,land,56,455
poetry,rlens_camila,couplet-hand-land,land,8,9207
poetry,rlens_camila,couplet-hand-land,land,16,57248
poetry,rlens_camila,couplet-hand-land,land,24,91429
poetry,rlens_camila,couplet-hand-land,land,32,53380
poetry,rlens_camila,couplet-hand-land,land,40,45065
poetry,rlens_camila,couplet-hand-land,land,48,26288
poetry,rlens_camila,couplet-hand-land,land,56,239
poetry,jpp_released,couplet-hand-land,land,8,11349
poetry,jpp_released,couplet-hand-land,land,16,2239
poetry,jpp_released,couplet-hand-land,land,24,30657
poetry,jpp_released,couplet-hand-land,land,32,7675
poetry,jpp_released,couplet-hand-land,land,40,1632
poetry,jpp_released,couplet-hand-land,land,48,660
poetry,jpp_released,couplet-hand-land,land,56,24
poetry,logit,couplet-fun-won,won,8,2633
poetry,logit,couplet-fun-won,won,16,28463
poetry,logit,couplet-fun-won,won,24,5983
poetry,logit,couplet-fun-won,won,32,121221
poetry,logit,couplet-fun-won,won,40,11812
poetry,logit,couplet-fun-won,won,48,41211
poetry,logit,couplet-fun-won,won,56,9278
poetry,jlens_camila,couplet-fun-won,won,8,70866
poetry,jlens_camila,couplet-fun-won,won,16,71487
poetry,jlens_camila,couplet-fun-won,won,24,43154
poetry,jlens_camila,couplet-fun-won,won,32,12522
poetry,jlens_camila,couplet-fun-won,won,40,7399
poetry,jlens_camila,couplet-fun-won,won,48,1893
poetry,jlens_camila,couplet-fun-won,won,56,2044
poetry,rlens_camila,couplet-fun-won,won,8,3921
poetry,rlens_camila,couplet-fun-won,won,16,4475
poetry,rlens_camila,couplet-fun-won,won,24,2367
poetry,rlens_camila,couplet-fun-won,won,32,3419
poetry,rlens_camila,couplet-fun-won,won,40,1729
poetry,rlens_camila,couplet-fun-won,won,48,1165
poetry,rlens_camila,couplet-fun-won,won,56,1569
poetry,jpp_released,couplet-fun-won,won,8,2424
poetry,jpp_released,couplet-fun-won,won,16,495
poetry,jpp_released,couplet-fun-won,won,24,8486
poetry,jpp_released,couplet-fun-won,won,32,3492
poetry,jpp_released,couplet-fun-won,won,40,540
poetry,jpp_released,couplet-fun-won,won,48,669
poetry,jpp_released,couplet-fun-won,won,56,1412
poetry,logit,couplet-mistake-make,make,8,1574
poetry,logit,couplet-mistake-make,make,16,4890
poetry,logit,couplet-mistake-make,make,24,8761
poetry,logit,couplet-mistake-make,make,32,93529
poetry,logit,couplet-mistake-make,make,40,13073
poetry,logit,couplet-mistake-make,make,48,6536
poetry,logit,couplet-mistake-make,make,56,548
poetry,jlens_camila,couplet-mistake-make,make,8,10050
poetry,jlens_camila,couplet-mistake-make,make,16,1995
poetry,jlens_camila,couplet-mistake-make,make,24,8589
poetry,jlens_camila,couplet-mistake-make,make,32,16990
poetry,jlens_camila,couplet-mistake-make,make,40,8821
poetry,jlens_camila,couplet-mistake-make,make,48,481
poetry,jlens_camila,couplet-mistake-make,make,56,303
poetry,rlens_camila,couplet-mistake-make,make,8,2479
poetry,rlens_camila,couplet-mistake-make,make,16,963
poetry,rlens_camila,couplet-mistake-make,make,24,1029
poetry,rlens_camila,couplet-mistake-make,make,32,12150
poetry,rlens_camila,couplet-mistake-make,make,40,3628
poetry,rlens_camila,couplet-mistake-make,make,48,128
poetry,rlens_camila,couplet-mistake-make,make,56,183
poetry,jpp_released,couplet-mistake-make,make,8,2740
poetry,jpp_released,couplet-mistake-make,make,16,1783
poetry,jpp_released,couplet-mistake-make,make,24,1117
poetry,jpp_released,couplet-mistake-make,make,32,1056
poetry,jpp_released,couplet-mistake-make,make,40,528
poetry,jpp_released,couplet-mistake-make,make,48,510
poetry,jpp_released,couplet-mistake-make,make,56,69
poetry,logit,couplet-slow-low,low,8,491
poetry,logit,couplet-slow-low,low,16,640
poetry,logit,couplet-slow-low,low,24,2646
poetry,logit,couplet-slow-low,low,32,5496
poetry,logit,couplet-slow-low,low,40,3470
poetry,logit,couplet-slow-low,low,48,912
poetry,logit,couplet-slow-low,low,56,15722
poetry,jlens_camila,couplet-slow-low,low,8,9869
poetry,jlens_camila,couplet-slow-low,low,16,14245
poetry,jlens_camila,couplet-slow-low,low,24,126938
poetry,jlens_camila,couplet-slow-low,low,32,100977
poetry,jlens_camila,couplet-slow-low,low,40,131794
poetry,jlens_camila,couplet-slow-low,low,48,28833
poetry,jlens_camila,couplet-slow-low,low,56,20078
poetry,rlens_camila,couplet-slow-low,low,8,189
poetry,rlens_camila,couplet-slow-low,low,16,5322
poetry,rlens_camila,couplet-slow-low,low,24,49237
poetry,rlens_camila,couplet-slow-low,low,32,55928
poetry,rlens_camila,couplet-slow-low,low,40,21211
poetry,rlens_camila,couplet-slow-low,low,48,2240
poetry,rlens_camila,couplet-slow-low,low,56,8505
poetry,jpp_released,couplet-slow-low,low,8,3908
poetry,jpp_released,couplet-slow-low,low,16,246
poetry,jpp_released,couplet-slow-low,low,24,18814
poetry,jpp_released,couplet-slow-low,low,32,1701
poetry,jpp_released,couplet-slow-low,low,40,821
poetry,jpp_released,couplet-slow-low,low,48,107
poetry,jpp_released,couplet-slow-low,low,56,1501
poetry,logit,couplet-grow-show,show,8,740
poetry,logit,couplet-grow-show,show,16,8761
poetry,logit,couplet-grow-show,show,24,20171
poetry,logit,couplet-grow-show,show,32,18674
poetry,logit,couplet-grow-show,show,40,55406
poetry,logit,couplet-grow-show,show,48,26412
poetry,logit,couplet-grow-show,show,56,572
poetry,jlens_camila,couplet-grow-show,show,8,16101
poetry,jlens_camila,couplet-grow-show,show,16,35184
poetry,jlens_camila,couplet-grow-show,show,24,7072
poetry,jlens_camila,couplet-grow-show,show,32,8247
poetry,jlens_camila,couplet-grow-show,show,40,32960
poetry,jlens_camila,couplet-grow-show,show,48,16286
poetry,jlens_camila,couplet-grow-show,show,56,302
poetry,rlens_camila,couplet-grow-show,show,8,5218
poetry,rlens_camila,couplet-grow-show,show,16,9861
poetry,rlens_camila,couplet-grow-show,show,24,7656
poetry,rlens_camila,couplet-grow-show,show,32,14640
poetry,rlens_camila,couplet-grow-show,show,40,26937
poetry,rlens_camila,couplet-grow-show,show,48,5109
poetry,rlens_camila,couplet-grow-show,show,56,172
poetry,jpp_released,couplet-grow-show,show,8,18206
poetry,jpp_released,couplet-grow-show,show,16,2800
poetry,jpp_released,couplet-grow-show,show,24,11591
poetry,jpp_released,couplet-grow-show,show,32,6939
poetry,jpp_released,couplet-grow-show,show,40,1147
poetry,jpp_released,couplet-grow-show,show,48,3446
poetry,jpp_released,couplet-grow-show,show,56,29
poetry,logit,couplet-below-know,know,8,2989
poetry,logit,couplet-below-know,know,16,26135
poetry,logit,couplet-below-know,know,24,56324
poetry,logit,couplet-below-know,know,32,31242
poetry,logit,couplet-below-know,know,40,32750
poetry,logit,couplet-below-know,know,48,2979
poetry,logit,couplet-below-know,know,56,65515
poetry,jlens_camila,couplet-below-know,know,8,25416
poetry,jlens_camila,couplet-below-know,know,16,64739
poetry,jlens_camila,couplet-below-know,know,24,142066
poetry,jlens_camila,couplet-below-know,know,32,145647
poetry,jlens_camila,couplet-below-know,know,40,60949
poetry,jlens_camila,couplet-below-know,know,48,10963
poetry,jlens_camila,couplet-below-know,know,56,25461
poetry,rlens_camila,couplet-below-know,know,8,34733
poetry,rlens_camila,couplet-below-know,know,16,62310
poetry,rlens_camila,couplet-below-know,know,24,67952
poetry,rlens_camila,couplet-below-know,know,32,72504
poetry,rlens_camila,couplet-below-know,know,40,37795
poetry,rlens_camila,couplet-below-know,know,48,3086
poetry,rlens_camila,couplet-below-know,know,56,15792
poetry,jpp_released,couplet-below-know,know,8,14814
poetry,jpp_released,couplet-below-know,know,16,2762
poetry,jpp_released,couplet-below-know,know,24,10050
poetry,jpp_released,couplet-below-know,know,32,2821
poetry,jpp_released,couplet-below-know,know,40,2840
poetry,jpp_released,couplet-below-know,know,48,1930
poetry,jpp_released,couplet-below-know,know,56,5252
poetry,logit,couplet-dead-red,red,8,1835
poetry,logit,couplet-dead-red,red,16,19433
poetry,logit,couplet-dead-red,red,24,7689
poetry,logit,couplet-dead-red,red,32,27488
poetry,logit,couplet-dead-red,red,40,2773
poetry,logit,couplet-dead-red,red,48,4203
poetry,logit,couplet-dead-red,red,56,3522
poetry,jlens_camila,couplet-dead-red,red,8,4752
poetry,jlens_camila,couplet-dead-red,red,16,4674
poetry,jlens_camila,couplet-dead-red,red,24,18297
poetry,jlens_camila,couplet-dead-red,red,32,11960
poetry,jlens_camila,couplet-dead-red,red,40,3766
poetry,jlens_camila,couplet-dead-red,red,48,1287
poetry,jlens_camila,couplet-dead-red,red,56,3112
poetry,rlens_camila,couplet-dead-red,red,8,6024
poetry,rlens_camila,couplet-dead-red,red,16,2387
poetry,rlens_camila,couplet-dead-red,red,24,1446
poetry,rlens_camila,couplet-dead-red,red,32,6903
poetry,rlens_camila,couplet-dead-red,red,40,1034
poetry,rlens_camila,couplet-dead-red,red,48,702
poetry,rlens_camila,couplet-dead-red,red,56,1097
poetry,jpp_released,couplet-dead-red,red,8,18921
poetry,jpp_released,couplet-dead-red,red,16,758
poetry,jpp_released,couplet-dead-red,red,24,2189
poetry,jpp_released,couplet-dead-red,red,32,288
poetry,jpp_released,couplet-dead-red,red,40,91
poetry,jpp_released,couplet-dead-red,red,48,31
poetry,jpp_released,couplet-dead-red,red,56,117
poetry,logit,couplet-ahead-head,led,8,12631
poetry,logit,couplet-ahead-head,led,16,30731
poetry,logit,couplet-ahead-head,led,24,1159
poetry,logit,couplet-ahead-head,led,32,818
poetry,logit,couplet-ahead-head,led,40,4593
poetry,logit,couplet-ahead-head,led,48,88884
poetry,logit,couplet-ahead-head,led,56,8351
poetry,jlens_camila,couplet-ahead-head,led,8,2363
poetry,jlens_camila,couplet-ahead-head,led,16,19907
poetry,jlens_camila,couplet-ahead-head,led,24,13281
poetry,jlens_camila,couplet-ahead-head,led,32,7109
poetry,jlens_camila,couplet-ahead-head,led,40,10356
poetry,jlens_camila,couplet-ahead-head,led,48,13896
poetry,jlens_camila,couplet-ahead-head,led,56,957
poetry,rlens_camila,couplet-ahead-head,led,8,42217
poetry,rlens_camila,couplet-ahead-head,led,16,11995
poetry,rlens_camila,couplet-ahead-head,led,24,2368
poetry,rlens_camila,couplet-ahead-head,led,32,9448
poetry,rlens_camila,couplet-ahead-head,led,40,11538
poetry,rlens_camila,couplet-ahead-head,led,48,11744
poetry,rlens_camila,couplet-ahead-head,led,56,1537
poetry,jpp_released,couplet-ahead-head,led,8,1092
poetry,jpp_released,couplet-ahead-head,led,16,644
poetry,jpp_released,couplet-ahead-head,led,24,1683
poetry,jpp_released,couplet-ahead-head,led,32,423
poetry,jpp_released,couplet-ahead-head,led,40,1023
poetry,jpp_released,couplet-ahead-head,led,48,5457
poetry,jpp_released,couplet-ahead-head,led,56,1990
poetry,logit,couplet-wait-late,late,8,6052
poetry,logit,couplet-wait-late,late,16,36441
poetry,logit,couplet-wait-late,late,24,73913
poetry,logit,couplet-wait-late,late,32,48220
poetry,logit,couplet-wait-late,late,40,55336
poetry,logit,couplet-wait-late,late,48,30048
poetry,logit,couplet-wait-late,late,56,15499
poetry,jlens_camila,couplet-wait-late,late,8,17109
poetry,jlens_camila,couplet-wait-late,late,16,2082
poetry,jlens_camila,couplet-wait-late,late,24,18373
poetry,jlens_camila,couplet-wait-late,late,32,25352
poetry,jlens_camila,couplet-wait-late,late,40,46534
poetry,jlens_camila,couplet-wait-late,late,48,23806
poetry,jlens_camila,couplet-wait-late,late,56,7034
poetry,rlens_camila,couplet-wait-late,late,8,3641
poetry,rlens_camila,couplet-wait-late,late,16,39654
poetry,rlens_camila,couplet-wait-late,late,24,18366
poetry,rlens_camila,couplet-wait-late,late,32,20514
poetry,rlens_camila,couplet-wait-late,late,40,19703
poetry,rlens_camila,couplet-wait-late,late,48,7386
poetry,rlens_camila,couplet-wait-late,late,56,3932
poetry,jpp_released,couplet-wait-late,late,8,2430
poetry,jpp_released,couplet-wait-late,late,16,3544
poetry,jpp_released,couplet-wait-late,late,24,2005
poetry,jpp_released,couplet-wait-late,late,32,1799
poetry,jpp_released,couplet-wait-late,late,40,481
poetry,jpp_released,couplet-wait-late,late,48,1047
poetry,jpp_released,couplet-wait-late,late,56,501
poetry,logit,couplet-sound-found,found,8,1407
poetry,logit,couplet-sound-found,found,16,536
poetry,logit,couplet-sound-found,found,24,694
poetry,logit,couplet-sound-found,found,32,1699
poetry,logit,couplet-sound-found,found,40,18884
poetry,logit,couplet-sound-found,found,48,6883
poetry,logit,couplet-sound-found,found,56,542
poetry,jlens_camila,couplet-sound-found,found,8,8266
poetry,jlens_camila,couplet-sound-found,found,16,3599
poetry,jlens_camila,couplet-sound-found,found,24,18837
poetry,jlens_camila,couplet-sound-found,found,32,3941
poetry,jlens_camila,couplet-sound-found,found,40,7545
poetry,jlens_camila,couplet-sound-found,found,48,460
poetry,jlens_camila,couplet-sound-found,found,56,187
poetry,rlens_camila,couplet-sound-found,found,8,5383
poetry,rlens_camila,couplet-sound-found,found,16,1068
poetry,rlens_camila,couplet-sound-found,found,24,1549
poetry,rlens_camila,couplet-sound-found,found,32,909
poetry,rlens_camila,couplet-sound-found,found,40,2566
poetry,rlens_camila,couplet-sound-found,found,48,181
poetry,rlens_camila,couplet-sound-found,found,56,111
poetry,jpp_released,couplet-sound-found,found,8,254
poetry,jpp_released,couplet-sound-found,found,16,2638
poetry,jpp_released,couplet-sound-found,found,24,485
poetry,jpp_released,couplet-sound-found,found,32,362
poetry,jpp_released,couplet-sound-found,found,40,96
poetry,jpp_released,couplet-sound-found,found,48,378
poetry,jpp_released,couplet-sound-found,found,56,33
