eval,lens,item,layer,top_tokens
multihop,logit,carnival-ocean,8,"[""-"", ""/"", "" *"", ""*"", "" P""]"
multihop,logit,carnival-ocean,16,"[""/"", ""-"", "" *"", "" a"", "" w""]"
multihop,logit,carnival-ocean,24,"["" U"", "" V"", "" one"", ""/"", "" T""]"
multihop,logit,carnival-ocean,32,"["" T"", "" M"", "" I"", "" U"", "" A""]"
multihop,logit,carnival-ocean,40,"["" tallest"", ""\u4e16\u754c\u4e0a\u6700"", "" major"", "" largest"", ""ool""]"
multihop,logit,carnival-ocean,48,"[""\u4e16\u754c\u4e0a\u6700"", "" largest"", "" tallest"", ""\u6469"", ""igo""]"
multihop,logit,carnival-ocean,56,"["" second"", ""\u7b2c\u4e8c"", ""second"", ""\u7b2c\u4e8c\u5927"", ""\u7b2c\u4e09""]"
multihop,jlens_camila,carnival-ocean,8,"["" noqa"", ""Whilst"", ""\u6b21\u7684"", ""enco"", ""erson""]"
multihop,jlens_camila,carnival-ocean,16,"[""\u6b21\u7684"", ""ioni"", ""olest"", ""Whilst"", ""/cal""]"
multihop,jlens_camila,carnival-ocean,24,"["" amongst"", ""\u00fan"", ""reatest"", ""\u6b21\u7684"", ""\ubc88\uc9f8""]"
multihop,jlens_camila,carnival-ocean,32,"["" largest"", "" number"", "" ranking"", "" rankings"", "" worldwide""]"
multihop,jlens_camila,carnival-ocean,40,"["" ocean"", "" oceans"", "" tallest"", "" largest"", "" ranking""]"
multihop,jlens_camila,carnival-ocean,48,"["" largest"", "" tallest"", "" longest"", "" worldwide"", "" ranked""]"
multihop,jlens_camila,carnival-ocean,56,"["" second"", ""\u7b2c\u4e8c"", ""second"", "" third"", ""\u7b2c\u4e09""]"
multihop,rlens_camila,carnival-ocean,8,"[""\u6b21\u7684"", ""irl"", "" really"", "" time"", "" never""]"
multihop,rlens_camila,carnival-ocean,16,"["" incredibly"", "" winner"", "" mutl"", "" really"", "" Really""]"
multihop,rlens_camila,carnival-ocean,24,"["" largest"", "" greatest"", "" amongst"", "" winner"", "" number""]"
multihop,rlens_camila,carnival-ocean,32,"["" number"", "" largest"", "" natural"", "" famous"", "" ranking""]"
multihop,rlens_camila,carnival-ocean,40,"["" ocean"", "" largest"", "" tallest"", "" sea"", "" ranking""]"
multihop,rlens_camila,carnival-ocean,48,"["" largest"", "" tallest"", "" longest"", "" worldwide"", "" ocean""]"
multihop,rlens_camila,carnival-ocean,56,"["" second"", ""\u7b2c\u4e8c"", ""second"", "" third"", "" fourth""]"
multihop,jpp_released,carnival-ocean,8,"["" shots"", "" shot"", "" movie"", "" Hollywood"", "" footage""]"
multihop,jpp_released,carnival-ocean,16,"["" Century"", "" Vegas"", "" Golden"", "" WW"", "" Hollywood""]"
multihop,jpp_released,carnival-ocean,24,"["" largest"", "" biggest"", "" tallest"", "" ranking"", "" river""]"
multihop,jpp_released,carnival-ocean,32,"["" -"", "" National"", "" Sea"", "" World"", "" Atlantic""]"
multihop,jpp_released,carnival-ocean,40,"["" ocean"", "" sea"", "" water"", "" Ocean"", "" world""]"
multihop,jpp_released,carnival-ocean,48,"["" ocean"", "" largest"", "" world"", "" tallest"", "" fourth""]"
multihop,jpp_released,carnival-ocean,56,"["" second"", "" ocean"", "" Ocean"", "" third"", "" sea""]"
multihop,logit,amazon-language,8,"[""-"", "" a"", ""/"", "" -"", "" A""]"
multihop,logit,amazon-language,16,"["" a"", "" S"", ""/"", ""S"", "" *""]"
multihop,logit,amazon-language,24,"["" V"", "" a"", "" one"", "" H"", "" S""]"
multihop,logit,amazon-language,32,"["" b"", ""unge"", "" SO"", ""\u8be5\u56fd"", ""Om""]"
multihop,logit,amazon-language,40,"["" language"", "" languages"", ""\u8bed\u8a00"", ""language"", ""-language""]"
multihop,logit,amazon-language,48,"["" language"", ""istic"", "" languages"", ""\u8bed\u8a00"", "" major""]"
multihop,logit,amazon-language,56,"["" language"", ""\u8bed\u8a00"", "" primarily"", ""\u5b98\u65b9"", "" bahasa""]"
multihop,jlens_camila,amazon-language,8,"[""licated"", ""enco"", ""<|im_end|>"", ""gef\u00fchl"", ""iness""]"
multihop,jlens_camila,amazon-language,16,"["" maths"", ""actly"", "" CAL"", "" gonna"", ""_cal""]"
multihop,jlens_camila,amazon-language,24,"[""/language"", ""-language"", "" languages"", "" lingua"", ""VERY""]"
multihop,jlens_camila,amazon-language,32,"[""/language"", "" languages"", "" lingu"", "" linguistic"", "" lingua""]"
multihop,jlens_camila,amazon-language,40,"["" language"", "" languages"", ""\u8bed\u8a00"", "" Language"", "" Languages""]"
multihop,jlens_camila,amazon-language,48,"["" languages"", "" language"", ""\u8bed\u8a00"", "" Languages"", "" Language""]"
multihop,jlens_camila,amazon-language,56,"[""\u8bed\u8a00"", "" language"", ""\u7684\u8bed\u8a00"", "" Language"", ""Language""]"
multihop,rlens_camila,amazon-language,8,"["" very"", "" really"", "" and"", "" because"", "" totally""]"
multihop,rlens_camila,amazon-language,16,"["" really"", "" totally"", "" huge"", "" crazy"", "" average""]"
multihop,rlens_camila,amazon-language,24,"["" language"", "" languages"", ""/language"", "" very"", "" lingu""]"
multihop,rlens_camila,amazon-language,32,"["" languages"", ""/language"", "" language"", "" linguistic"", "" lingu""]"
multihop,rlens_camila,amazon-language,40,"["" language"", "" languages"", ""\u8bed\u8a00"", "" Language"", ""language""]"
multihop,rlens_camila,amazon-language,48,"["" language"", "" languages"", ""\u8bed\u8a00"", "" lingua"", "" Language""]"
multihop,rlens_camila,amazon-language,56,"["" language"", ""\u8bed\u8a00"", "" Language"", "" languages"", "" Portuguese""]"
multihop,jpp_released,amazon-language,8,"["" only"", "" shot"", "" and"", "" shots"", "" never""]"
multihop,jpp_released,amazon-language,16,"["" Big"", "" Wolf"", "" Virginia"", "" Mill"", "" Sky""]"
multihop,jpp_released,amazon-language,24,"["" languages"", "" language"", "" lingu"", "" indigenous"", "" linguistic""]"
multihop,jpp_released,amazon-language,32,"["" ethnic"", "" Language"", "" languages"", "" lingu"", "" country""]"
multihop,jpp_released,amazon-language,40,"["" language"", "" languages"", "" English"", "" Language"", ""\u8bed\u8a00""]"
multihop,jpp_released,amazon-language,48,"["" language"", "" languages"", "" Languages"", "" Language"", ""\u8bed\u8a00""]"
multihop,jpp_released,amazon-language,56,"["" Portuguese"", "" Brazilian"", "" language"", ""Brazil"", ""\u8461\u8404\u7259""]"
multihop,logit,mars-color,8,"[""-"", "" a"", ""/"", "" *"", "" A""]"
multihop,logit,mars-color,16,"[""S"", "" S"", "" a"", ""-"", ""/""]"
multihop,logit,mars-color,24,"[""/"", ""M"", "" H"", "" R"", "" M""]"
multihop,logit,mars-color,32,"[""-"", ""/"", "" M"", "" X"", "" C""]"
multihop,logit,mars-color,40,"["" M"", "" B"", "" S"", "" a"", "" H""]"
multihop,logit,mars-color,48,"["" either"", ""\u56e2"", ""\u559c"", ""just"", ""\u706b""]"
multihop,logit,mars-color,56,"["" redd"", ""\u9ec4\u8272"", "" yellow"", ""\u7ea2\u8272"", ""\u6a58""]"
multihop,jlens_camila,mars-color,8,"[""\u9e9f"", "" **"", ""anty"", ""\u7740\u4ed6"", ""\u0627\u062f\u0645""]"
multihop,jlens_camila,mars-color,16,"["" calories"", "" calibration"", "" cal"", "" CAL"", ""Cal""]"
multihop,jlens_camila,mars-color,24,"["" cuz"", "" alot"", "" colors"", ""colors"", ""perature""]"
multihop,jlens_camila,mars-color,32,"[""\u7684\u4eba\u7c7b"", "" colors"", ""irty"", "" humans"", "" planet""]"
multihop,jlens_camila,mars-color,40,"["" colors"", "" color"", ""color"", ""colors"", ""Colors""]"
multihop,jlens_camila,mars-color,48,"[""\u8981\u4e48\u662f"", ""\u8981\u4e48"", ""\\t"", "" color"", ""either""]"
multihop,jlens_camila,mars-color,56,"["" yellow"", "" redd"", ""\u9ec4\u8272"", "" orange"", ""\u7ea2\u8272""]"
multihop,rlens_camila,mars-color,8,"["" because"", "" and"", "" a"", "" very"", "" to""]"
multihop,rlens_camila,mars-color,16,"["" because"", "" really"", "" totally"", ""<|fim_suffix|>"", ""<|im_end|>""]"
multihop,rlens_camila,mars-color,24,"["" color"", "" colors"", "" planet"", "" very"", "" colored""]"
multihop,rlens_camila,mars-color,32,"["" color"", ""0"", "" colored"", "" planet"", "" number""]"
multihop,rlens_camila,mars-color,40,"["" color"", "" colors"", "" colored"", ""color"", ""-color""]"
multihop,rlens_camila,mars-color,48,"[""\u8981\u4e48\u662f"", ""\\t"", "" color"", ""1"", ""\u8981\u4e48""]"
multihop,rlens_camila,mars-color,56,"["" yellow"", "" redd"", ""\u9ec4\u8272"", "" orange"", "" planet""]"
multihop,jpp_released,mars-color,8,"["" colors"", "" color"", "" colored"", ""colors"", "" planets""]"
multihop,jpp_released,mars-color,16,"["" Color"", "" Arizona"", "" Blue"", "" Sky"", "" a""]"
multihop,jpp_released,mars-color,24,"["" planet"", "" colors"", "" color"", "" planetary"", "" NASA""]"
multihop,jpp_released,mars-color,32,"[""2"", ""0"", ""3"", ""1"", ""4""]"
multihop,jpp_released,mars-color,40,"["" color"", "" -"", "" colored"", "" the"", "" of""]"
multihop,jpp_released,mars-color,48,"[""1"", "" color"", "" -"", "" white"", "" black""]"
multihop,jpp_released,mars-color,56,"["" yellow"", "" planet"", "" red"", "" orange"", "" color""]"
multihop,logit,spider-legs,8,"[""-"", "" a"", ""/"", "" A"", "" M""]"
multihop,logit,spider-legs,16,"["" B"", "" S"", ""S"", "" as"", "" a""]"
multihop,logit,spider-legs,24,"[""\u56db"", ""\u65cb"", ""res"", ""\u9646"", ""foot""]"
multihop,logit,spider-legs,32,"[""less"", "" X"", ""\u5c11"", "" D"", ""if""]"
multihop,logit,spider-legs,40,"["" legs"", ""\u56db\u80a2"", ""legs"", ""\u817f"", ""\u5c5e\u4e8e""]"
multihop,logit,spider-legs,48,"[""\u591a\u4e8e"", ""inges"", ""\u6bd4"", "" number"", ""edes""]"
multihop,logit,spider-legs,56,"["" spider"", "" legs"", ""web"", "" web"", ""\u8718\u86db""]"
multihop,jlens_camila,spider-legs,8,"[""avourite"", "" maths"", "" Maths"", "" learnt"", ""Colour""]"
multihop,jlens_camila,spider-legs,16,"["" calories"", "" really"", "" maths"", ""YES"", "" alot""]"
multihop,jlens_camila,spider-legs,24,"["" legs"", "" feet"", "" Legs"", "" spiders"", ""-legged""]"
multihop,jlens_camila,spider-legs,32,"["" legs"", ""legs"", "" animals"", "" spiders"", ""animals""]"
multihop,jlens_camila,spider-legs,40,"["" spiders"", ""\u6606\u866b"", "" spider"", "" legs"", "" insects""]"
multihop,jlens_camila,spider-legs,48,"["" spiders"", "" spider"", ""\u6606\u866b"", "" insects"", ""Spider""]"
multihop,jlens_camila,spider-legs,56,"["" spider"", "" legs"", ""\u8718\u86db"", "" spiders"", ""Spider""]"
multihop,rlens_camila,spider-legs,8,"["" because"", "" really"", "" only"", "" actually"", "" very""]"
multihop,rlens_camila,spider-legs,16,"["" actually"", "" really"", "" number"", "" because"", "" only""]"
multihop,rlens_camila,spider-legs,24,"["" legs"", "" feet"", "" Legs"", ""-legged"", ""legs""]"
multihop,rlens_camila,spider-legs,32,"["" legs"", ""legs"", ""\u6606\u866b"", "" spider"", "" counting""]"
multihop,rlens_camila,spider-legs,40,"["" legs"", "" spider"", "" spiders"", ""\u6606\u866b"", ""legs""]"
multihop,rlens_camila,spider-legs,48,"["" spider"", "" spiders"", ""\u6606\u866b"", "" insects"", ""Spider""]"
multihop,rlens_camila,spider-legs,56,"["" spider"", "" legs"", ""\u8718\u86db"", "" Spider"", ""Spider""]"
multihop,jpp_released,spider-legs,8,"["" only"", "" thanks"", "" numbers"", "" number"", "" and""]"
multihop,jpp_released,spider-legs,16,"["" Number"", "" the"", "" and"", "" Big"", "" in""]"
multihop,jpp_released,spider-legs,24,"["" animals"", "" legs"", "" animal"", "" spiders"", "" spider""]"
multihop,jpp_released,spider-legs,32,"["" legs"", ""-legged"", ""\u6606\u866b"", "" spiders"", "" insect""]"
multihop,jpp_released,spider-legs,40,"["" spider"", "" spiders"", "" Spider"", "" insects"", "" insect""]"
multihop,jpp_released,spider-legs,48,"["" spider"", "" spiders"", "" insects"", "" oct"", "" legs""]"
multihop,jpp_released,spider-legs,56,"["" spider"", "" Spider"", ""Spider"", ""\u8718\u86db"", "" spiders""]"
multihop,logit,paper-continent,8,"[""-"", "" a"", ""/"", "" *"", "" A""]"
multihop,logit,paper-continent,16,"[""F"", "" a"", ""/"", "" *"", "" J""]"
multihop,logit,paper-continent,24,"[""\u9646"", "" g"", ""uto"", ""\u666f"", "" mass""]"
multihop,logit,paper-continent,32,"[""\u6d32"", "" B"", "" G"", "" T"", "" C""]"
multihop,logit,paper-continent,40,"[""\u5927\u9646"", ""\u6d32"", ""\u4e9a\u6d32"", "" Asia"", "" Asian""]"
multihop,logit,paper-continent,48,"["" largest"", ""\u7b2c\u4e8c\u5927"", ""\u4e16\u754c\u4e0a\u6700"", ""asia"", "" World""]"
multihop,logit,paper-continent,56,"["" Euras"", ""\u7b2c\u4e8c\u5927"", "" Asia"", "" continents"", ""Asia""]"
multihop,jlens_camila,paper-continent,8,"["" **"", ""organisation"", ""avourite"", ""Whilst"", "" Whilst""]"
multihop,jlens_camila,paper-continent,16,"["" alot"", ""_cal"", "" kinda"", ""Cal"", "" CAL""]"
multihop,jlens_camila,paper-continent,24,"["" continents"", "" continent"", ""continent"", "" bigger"", "" planet""]"
multihop,jlens_camila,paper-continent,32,"["" continents"", "" geography"", "" geographical"", "" worldwide"", "" south""]"
multihop,jlens_camila,paper-continent,40,"["" Asia"", "" China"", "" continents"", ""Asia"", ""China""]"
multihop,jlens_camila,paper-continent,48,"["" largest"", "" Asia"", "" continents"", "" Largest"", "" continent""]"
multihop,jlens_camila,paper-continent,56,"["" Asia"", ""Asia"", "" Euras"", "" second"", ""\u6d32""]"
multihop,rlens_camila,paper-continent,8,"["" and"", "" very"", "" because"", "" only"", "" a""]"
multihop,rlens_camila,paper-continent,16,"["" really"", "" average"", "" awesome"", ""<|fim_suffix|>"", "" know""]"
multihop,rlens_camila,paper-continent,24,"["" continent"", "" continents"", ""continent"", "" north"", "" islands""]"
multihop,rlens_camila,paper-continent,32,"["" continent"", "" geography"", ""\u5730\u7406"", "" north"", "" geographical""]"
multihop,rlens_camila,paper-continent,40,"["" Asia"", "" China"", "" continent"", "" continents"", "" Asian""]"
multihop,rlens_camila,paper-continent,48,"["" largest"", "" Asia"", "" continents"", "" continent"", "" China""]"
multihop,rlens_camila,paper-continent,56,"["" Asia"", "" Euras"", ""Asia"", ""\u6d32"", "" second""]"
multihop,jpp_released,paper-continent,8,"["" distances"", "" airl"", "" airports"", ""_SDK"", "" airplanes""]"
multihop,jpp_released,paper-continent,16,"["" Atlantic"", "" Big"", "" Ocean"", "" ocean"", "" Sea""]"
multihop,jpp_released,paper-continent,24,"["" continents"", "" continent"", "" oceans"", "" ocean"", "" islands""]"
multihop,jpp_released,paper-continent,32,"["" continent"", "" continents"", "" Atlantic"", "" Antarctica"", "" Africa""]"
multihop,jpp_released,paper-continent,40,"["" Chinese"", "" China"", "" Asia"", "" Asian"", ""China""]"
multihop,jpp_released,paper-continent,48,"["" Asia"", "" Asian"", "" China"", "" continents"", "" Chinese""]"
multihop,jpp_released,paper-continent,56,"["" Asia"", ""Asia"", "" Asian"", "" Euras"", "" China""]"
multihop,logit,atomic-79-symbol,8,"[""-"", ""/"", ""<|endoftext|>"", "" a"", "" -""]"
multihop,logit,atomic-79-symbol,16,"[""S"", ""s"", ""L"", ""M"", "" S""]"
multihop,logit,atomic-79-symbol,24,"["" H"", "" L"", "" X"", "" M"", ""L""]"
multihop,logit,atomic-79-symbol,32,"["" X"", ""/"", "" K"", "" L"", "" to""]"
multihop,logit,atomic-79-symbol,40,"[""edia"", "" atomic"", ""chemical"", "" symbol"", ""\u7b26\u53f7""]"
multihop,logit,atomic-79-symbol,48,"[""\u5443"", ""ain"", ""apus"", ""\u5eb7"", ""\u91c7""]"
multihop,logit,atomic-79-symbol,56,"[""\u662f\u4ec0\u4e48"", ""\u7a7a\u767d"", "" blank"", ""blank"", ""\u4ec0\u4e48""]"
multihop,jlens_camila,atomic-79-symbol,8,"[""<|endoftext|>"", ""\u9e9f"", ""iness"", ""licated"", ""acter""]"
multihop,jlens_camila,atomic-79-symbol,16,"[""IMPORTANT"", "" CAL"", "" alot"", ""unknown"", ""Cal""]"
multihop,jlens_camila,atomic-79-symbol,24,"["" SYMBOL"", ""abbrev"", ""chemical"", ""atomic"", "" \u043e\u0431\u043e\u0437\u043d\u0430\u0447\u0430""]"
multihop,jlens_camila,atomic-79-symbol,32,"[""abbrev"", ""\u7b26\u53f7"", ""abbreviation"", "" abbreviation"", "" notation""]"
multihop,jlens_camila,atomic-79-symbol,40,"["" metals"", ""\u7b26\u53f7"", "" abbrev"", "" abbreviation"", ""abbrev""]"
multihop,jlens_camila,atomic-79-symbol,48,"[""abbrev"", "" abbrev"", "" abbreviation"", ""\u7b26\u53f7"", ""abbreviation""]"
multihop,jlens_camila,atomic-79-symbol,56,"[""\u662f\u4ec0\u4e48"", ""\u4e8b\u5b9e"", ""\\n"", "" Answer"", ""\u7b26\u53f7""]"
multihop,rlens_camila,atomic-79-symbol,8,"["" and"", "" because"", "" but"", "" a"", "" so""]"
multihop,rlens_camila,atomic-79-symbol,16,"[""1"", ""0"", "" actually"", "" and"", ""<|fim_suffix|>""]"
multihop,rlens_camila,atomic-79-symbol,24,"["" atomic"", ""abbrev"", ""atomic"", "" abbreviation"", "" symbols""]"
multihop,rlens_camila,atomic-79-symbol,32,"[""abbrev"", ""abbreviation"", "" abbreviation"", ""\u7b26\u53f7"", "" name""]"
multihop,rlens_camila,atomic-79-symbol,40,"[""\u7b26\u53f7"", "" symbols"", "" atomic"", "" symbol"", "" metals""]"
multihop,rlens_camila,atomic-79-symbol,48,"[""\u7b26\u53f7"", ""abbrev"", ""chemical"", "" abbrev"", ""symbol""]"
multihop,rlens_camila,atomic-79-symbol,56,"[""\u662f\u4ec0\u4e48"", ""\\n"", ""\u7b26\u53f7"", ""What"", ""\u4e8b\u5b9e""]"
multihop,jpp_released,atomic-79-symbol,8,"["" medals"", "" bronze"", "" medal"", "" atomic"", "" Medal""]"
multihop,jpp_released,atomic-79-symbol,16,"["" and"", "" the"", "" Silver"", "" Number"", "" a""]"
multihop,jpp_released,atomic-79-symbol,24,"["" atomic"", ""\u539f\u5b50"", ""atomic"", "" atoms"", "" uranium""]"
multihop,jpp_released,atomic-79-symbol,32,"[""2"", ""1"", ""0"", ""3"", ""4""]"
multihop,jpp_released,atomic-79-symbol,40,"["" metals"", "" metal"", "" atomic"", "" metallic"", "" copper""]"
multihop,jpp_released,atomic-79-symbol,48,"[""1"", ""2"", ""0"", ""3"", ""5""]"
multihop,jpp_released,atomic-79-symbol,56,"["" metal"", "" metallic"", "" symbol"", "" chemical"", "" gold""]"
multihop,logit,atomic-29-symbol,8,"[""-"", ""/"", "" a"", ""<|endoftext|>"", "" -""]"
multihop,logit,atomic-29-symbol,16,"[""S"", ""s"", ""L"", ""M"", ""l""]"
multihop,logit,atomic-29-symbol,24,"["" H"", "" L"", "" M"", "" Z"", "" X""]"
multihop,logit,atomic-29-symbol,32,"["" X"", ""/"", "" K"", "" L"", "" to""]"
multihop,logit,atomic-29-symbol,40,"[""\u7b80"", ""edia"", "" X"", "" atomic"", ""chemical""]"
multihop,logit,atomic-29-symbol,48,"[""\u5443"", ""\u56e2"", ""ain"", ""\u91c7"", ""\u5eb7""]"
multihop,logit,atomic-29-symbol,56,"[""\u662f\u4ec0\u4e48"", "" blank"", ""blank"", ""\u7b26\u53f7"", ""\u7a7a\u767d""]"
multihop,jlens_camila,atomic-29-symbol,8,"[""<|endoftext|>"", ""\u9e9f"", ""licated"", ""iness"", ""_geom""]"
multihop,jlens_camila,atomic-29-symbol,16,"["" alot"", ""IMPORTANT"", "" CAL"", ""act"", ""unknown""]"
multihop,jlens_camila,atomic-29-symbol,24,"["" SYMBOL"", ""abbrev"", "" \u043e\u0431\u043e\u0437\u043d\u0430\u0447\u0430"", ""chemical"", ""atomic""]"
multihop,jlens_camila,atomic-29-symbol,32,"[""abbrev"", ""abbreviation"", "" abbreviation"", ""\u7b26\u53f7"", "" notation""]"
multihop,jlens_camila,atomic-29-symbol,40,"["" abbreviation"", ""\u7b26\u53f7"", "" abbrev"", ""abbrev"", "" symbols""]"
multihop,jlens_camila,atomic-29-symbol,48,"["" abbrev"", ""abbrev"", "" abbreviation"", ""abbreviation"", ""\u7b26\u53f7""]"
multihop,jlens_camila,atomic-29-symbol,56,"[""\\n"", ""\u7b26\u53f7"", ""\u91d1\u5c5e"", ""blank"", ""\u662f\u4ec0\u4e48""]"
multihop,rlens_camila,atomic-29-symbol,8,"["" and"", "" because"", "" but"", "" a"", "" so""]"
multihop,rlens_camila,atomic-29-symbol,16,"[""1"", ""0"", "" actually"", "" and"", ""<|fim_suffix|>""]"
multihop,rlens_camila,atomic-29-symbol,24,"["" atomic"", ""abbrev"", ""atomic"", "" radioactive"", "" abbreviation""]"
multihop,rlens_camila,atomic-29-symbol,32,"[""abbrev"", ""abbreviation"", "" abbreviation"", ""\u7b26\u53f7"", "" name""]"
multihop,rlens_camila,atomic-29-symbol,40,"[""\u7b26\u53f7"", "" atomic"", "" symbols"", "" abbreviation"", "" symbol""]"
multihop,rlens_camila,atomic-29-symbol,48,"[""\u7b26\u53f7"", ""abbrev"", ""chemical"", "" abbrev"", "" chemical""]"
multihop,rlens_camila,atomic-29-symbol,56,"[""\\n"", ""\u7b26\u53f7"", ""\u91d1\u5c5e"", "" metal"", ""\u662f\u4ec0\u4e48""]"
multihop,jpp_released,atomic-29-symbol,8,"["" medals"", "" bronze"", "" atomic"", "" medal"", "" Medal""]"
multihop,jpp_released,atomic-29-symbol,16,"["" and"", "" the"", "" Silver"", "" Number"", "" a""]"
multihop,jpp_released,atomic-29-symbol,24,"["" atomic"", ""\u539f\u5b50"", ""atomic"", "" atoms"", "" uranium""]"
multihop,jpp_released,atomic-29-symbol,32,"[""2"", ""1"", ""0"", ""3"", ""4""]"
multihop,jpp_released,atomic-29-symbol,40,"["" atomic"", "" metal"", "" metals"", "" chemical"", "" copper""]"
multihop,jpp_released,atomic-29-symbol,48,"[""1"", ""2"", ""0"", ""3"", ""5""]"
multihop,jpp_released,atomic-29-symbol,56,"["" metal"", "" metallic"", "" symbol"", "" chemical"", "" atom""]"
multihop,logit,month-3-godof,8,"[""/"", ""-"", "" *"", ""1"", "" a""]"
multihop,logit,month-3-godof,16,"[""/"", ""-"", ""T"", "" t"", ""F""]"
multihop,logit,month-3-godof,24,"[""/"", "" B"", ""-"", "" b"", "" A""]"
multihop,logit,month-3-godof,32,"[""/"", ""-"", "" b"", ""M"", "" M""]"
multihop,logit,month-3-godof,40,"[""\u8d1e"", ""\u6d88"", ""\u97f3"", "" what"", ""oc""]"
multihop,logit,month-3-godof,48,"[""agi"", ""alent"", ""irt"", ""1"", ""omy""]"
multihop,logit,month-3-godof,56,"["" war"", ""\u4ec0\u4e48"", ""\u4ec0\u4e48\u7684"", ""irt"", "" what""]"
multihop,jlens_camila,month-3-godof,8,"[""weiler"", ""addy"", ""\u7b2c"", "".major"", ""erson""]"
multihop,jlens_camila,month-3-godof,16,"["" kinda"", "" alot"", "" didnt"", "" wont"", "" thats""]"
multihop,jlens_camila,month-3-godof,24,"["" whats"", ""\u4eca"", ""unknown"", ""\u30a5"", ""Lets""]"
multihop,jlens_camila,month-3-godof,32,"[""lict"", ""unknown"", ""peci"", ""include"", ""quir""]"
multihop,jlens_camila,month-3-godof,40,"[""lict"", ""include"", ""tribute"", ""\u65f3"", ""nbsp""]"
multihop,jlens_camila,month-3-godof,48,"[""\u5443"", ""quot"", ""alyze"", ""used"", ""\\t""]"
multihop,jlens_camila,month-3-godof,56,"["" warfare"", "" war"", ""\u4ec0\u4e48\u610f\u601d"", ""\u4ec0\u4e48\u7684"", ""\u4ec0\u4e48""]"
multihop,rlens_camila,month-3-godof,8,"["" and"", "" even"", "" never"", "" nearly"", "" but""]"
multihop,rlens_camila,month-3-godof,16,"[""w"", "" whats"", "" thats"", ""0"", ""ither""]"
multihop,rlens_camila,month-3-godof,24,"[""lict"", "" whats"", ""oun"", ""unknown"", ""rom""]"
multihop,rlens_camila,month-3-godof,32,"[""lict"", ""include"", ""\u5443"", ""clud"", ""itt""]"
multihop,rlens_camila,month-3-godof,40,"[""1"", ""lict"", ""2"", ""ower"", ""nbsp""]"
multihop,rlens_camila,month-3-godof,48,"[""1"", ""2"", "" -"", ""0"", ""8""]"
multihop,rlens_camila,month-3-godof,56,"["" war"", ""\\n"", ""\u4ec0\u4e48\u7684"", "" warfare"", "" what""]"
multihop,jpp_released,month-3-godof,8,"["" bronze"", ""\u7ebd\u7ea6"", "" cittadin"", ""\u79ba"", "" clocks""]"
multihop,jpp_released,month-3-godof,16,"["" Old"", "" New"", ""th"", "" -"", "" and""]"
multihop,jpp_released,month-3-godof,24,"["" -"", ""2"", ""lict"", "" ancient"", ""4""]"
multihop,jpp_released,month-3-godof,32,"[""<|endoftext|>"", ""2"", ""1"", ""4"", ""3""]"
multihop,jpp_released,month-3-godof,40,"["" -"", "" of"", "" the"", "" The"", "" and""]"
multihop,jpp_released,month-3-godof,48,"[""1"", ""2"", ""4"", ""8"", ""0""]"
multihop,jpp_released,month-3-godof,56,"["" war"", "" health"", "" which"", "" earth"", "" life""]"
multihop,logit,etym-wargod-month,8,"[""-"", ""/"", "" S"", "" B"", "" m""]"
multihop,logit,etym-wargod-month,16,"[""/"", ""s"", "" B"", ""-"", ""S""]"
multihop,logit,etym-wargod-month,24,"[""/"", "" F"", ""F"", ""P"", ""ing""]"
multihop,logit,etym-wargod-month,32,"[""ing"", ""/"", ""it"", ""\u6ce8"", ""M""]"
multihop,logit,etym-wargod-month,40,"[""M"", ""clid"", ""iki"", "" calendar"", ""\u4e4b\u9996""]"
multihop,logit,etym-wargod-month,48,"["" named"", ""ality"", ""itory"", ""Conflict"", ""\u5929\u4e0b""]"
multihop,logit,etym-wargod-month,56,"["" war"", ""\u6218\u4e89"", ""-war"", ""war"", ""\u6218""]"
multihop,jlens_camila,etym-wargod-month,8,"[""licence"", "" coloured"", ""organisation"", "" Whilst"", ""Whilst""]"
multihop,jlens_camila,etym-wargod-month,16,"[""Whilst"", "" maths"", "" really"", "" kinda"", "" guys""]"
multihop,jlens_camila,etym-wargod-month,24,"["" month"", ""\u6708\u4efd"", "" months"", "" Month"", ""calendar""]"
multihop,jlens_camila,etym-wargod-month,32,"["" calendar"", ""calendar"", "" famous"", ""\u6708\u4efd"", "" month""]"
multihop,jlens_camila,etym-wargod-month,40,"["" month"", "" Month"", ""month"", ""\u6708\u4efd"", ""(month""]"
multihop,jlens_camila,etym-wargod-month,48,"["" month"", ""month"", "" Month"", ""\u6708\u4efd"", "".month""]"
multihop,jlens_camila,etym-wargod-month,56,"["" war"", ""\u6218\u4e89"", ""-war"", ""war"", "" War""]"
multihop,rlens_camila,etym-wargod-month,8,"["" and"", "" because"", "" so"", "" really"", "" maybe""]"
multihop,rlens_camila,etym-wargod-month,16,"["" really"", "" actually"", "" number"", "" just"", "" what""]"
multihop,rlens_camila,etym-wargod-month,24,"["" month"", "" calendar"", "" months"", "" Month"", ""\u6708\u4efd""]"
multihop,rlens_camila,etym-wargod-month,32,"["" calendar"", ""calendar"", "" number"", "" month"", "" Calendar""]"
multihop,rlens_camila,etym-wargod-month,40,"["" month"", "" Month"", ""\u6708\u4efd"", "" calendar"", ""month""]"
multihop,rlens_camila,etym-wargod-month,48,"["" month"", ""month"", "" Month"", ""\u6708\u4efd"", "".month""]"
multihop,rlens_camila,etym-wargod-month,56,"["" war"", ""\u6218\u4e89"", ""-war"", "" War"", ""war""]"
multihop,jpp_released,etym-wargod-month,8,"["" only"", "" number"", "" numbers"", "" thanks"", "" December""]"
multihop,jpp_released,etym-wargod-month,16,"["" and"", "" the"", "" Number"", "" in"", "" Star""]"
multihop,jpp_released,etym-wargod-month,24,"["" month"", "" months"", "" season"", "" year"", "" calendar""]"
multihop,jpp_released,etym-wargod-month,32,"["" calendar"", "" Roman"", "" Calendar"", "" December"", "" year""]"
multihop,jpp_released,etym-wargod-month,40,"["" month"", "" Month"", "" months"", ""month"", ""\u6708\u4efd""]"
multihop,jpp_released,etym-wargod-month,48,"[""month"", "" month"", "" Month"", ""Month"", ""\u6708\u4efd""]"
multihop,jpp_released,etym-wargod-month,56,"["" war"", ""\u6218\u4e89"", "" War"", ""-war"", "" Mars""]"
multihop,logit,etym-saturn-position,8,"[""-"", ""/"", "" B"", "" -"", "" I""]"
multihop,logit,etym-saturn-position,16,"[""/"", "" B"", ""-"", ""s"", ""B""]"
multihop,logit,etym-saturn-position,24,"[""M"", ""\u7f16\u53f7"", ""\u8292"", ""\u79bb"", "" Earth""]"
multihop,logit,etym-saturn-position,32,"[""un"", ""\u5c0a"", ""\u4e0d"", ""M"", ""(s""]"
multihop,logit,etym-saturn-position,40,"["" orbit"", "" orbits"", "" planet"", ""\u53f8"", ""\u884c\u661f""]"
multihop,logit,etym-saturn-position,48,"["" orbit"", ""/filepath"", "" planet"", "" orbits"", "" named""]"
multihop,logit,etym-saturn-position,56,"["" planet"", ""\u884c\u661f"", "" planetary"", "" planets"", "" Planet""]"
multihop,jlens_camila,etym-saturn-position,8,"["" specially"", ""licence"", "" Figu"", "" learnt"", ""ToMany""]"
multihop,jlens_camila,etym-saturn-position,16,"["" alot"", "" maths"", "" anyways"", "" REALLY"", "" really""]"
multihop,jlens_camila,etym-saturn-position,24,"["" planet"", "" Earth"", "" earth"", "" planets"", ""planet""]"
multihop,jlens_camila,etym-saturn-position,32,"["" planet"", "" famous"", "" planets"", "" Earth"", "" astronom""]"
multihop,jlens_camila,etym-saturn-position,40,"["" planet"", "" planets"", ""\u592a\u9633\u7cfb"", ""\u884c\u661f"", "" planetary""]"
multihop,jlens_camila,etym-saturn-position,48,"["" planet"", ""\u592a\u9633\u7cfb"", "" orbit"", ""\u5730\u7403"", ""\u884c\u661f""]"
multihop,jlens_camila,etym-saturn-position,56,"["" planet"", ""\u884c\u661f"", "" Planet"", "" planetary"", "" planets""]"
multihop,rlens_camila,etym-saturn-position,8,"["" and"", "" because"", "" really"", "" one"", "" so""]"
multihop,rlens_camila,etym-saturn-position,16,"["" really"", "" number"", "" and"", "" what"", "" one""]"
multihop,rlens_camila,etym-saturn-position,24,"["" planet"", "" Earth"", "" planets"", "" planetary"", "" asteroid""]"
multihop,rlens_camila,etym-saturn-position,32,"["" Earth"", "" planet"", "" planets"", "" planetary"", ""\u5730\u7403""]"
multihop,rlens_camila,etym-saturn-position,40,"["" planet"", "" planets"", ""\u592a\u9633\u7cfb"", ""\u884c\u661f"", "" Earth""]"
multihop,rlens_camila,etym-saturn-position,48,"["" planet"", "" orbit"", ""\u592a\u9633\u7cfb"", ""\u5730\u7403"", ""\u884c\u661f""]"
multihop,rlens_camila,etym-saturn-position,56,"["" planet"", ""\u884c\u661f"", "" planetary"", "" Planet"", "" planets""]"
multihop,jpp_released,etym-saturn-position,8,"["" planet"", "" planets"", "" planetary"", "" asteroid"", "" stars""]"
multihop,jpp_released,etym-saturn-position,16,"["" Planet"", "" Star"", "" planet"", "" Stars"", "" Earth""]"
multihop,jpp_released,etym-saturn-position,24,"["" planet"", "" planetary"", "" asteroid"", "" Jupiter"", "" planets""]"
multihop,jpp_released,etym-saturn-position,32,"["" planet"", "" Jupiter"", "" planetary"", "" Earth"", "" asteroid""]"
multihop,jpp_released,etym-saturn-position,40,"["" planet"", "" planetary"", "" Jupiter"", "" planets"", "" Saturn""]"
multihop,jpp_released,etym-saturn-position,48,"["" planet"", "" Saturn"", ""\u592a\u9633\u7cfb"", ""\u884c\u661f"", "" planetary""]"
multihop,jpp_released,etym-saturn-position,56,"["" planet"", "" Planet"", "" Saturn"", ""\u884c\u661f"", "" planetary""]"
multihop,logit,chem-photosynthesis-Z,8,"[""-"", "" a"", ""<|endoftext|>"", ""s"", ""/""]"
multihop,logit,chem-photosynthesis-Z,16,"[""-"", ""S"", ""l"", ""<|endoftext|>"", "" S""]"
multihop,logit,chem-photosynthesis-Z,24,"[""\u539f\u5b50"", "" atoms"", "" atomic"", ""ark"", "" c""]"
multihop,logit,chem-photosynthesis-Z,32,"[""\u4ec0\u4e48\u5462"", ""\u76f8\u5173\u7684\u5185\u5bb9"", ""yla"", ""\u540c\u884c"", ""\u7684\u90a3\u4e2a""]"
multihop,logit,chem-photosynthesis-Z,40,"[""\u6c27"", "" oxygen"", ""\u6c27\u6c14"", "" Oxygen"", ""xygen""]"
multihop,logit,chem-photosynthesis-Z,48,"[""\u6c27"", "" oxygen"", "" O"", ""\u6c27\u6c14"", "" M""]"
multihop,logit,chem-photosynthesis-Z,56,"[""\u6c27"", "" oxygen"", "" Oxygen"", ""\u6c27\u6c14"", ""xygen""]"
multihop,jlens_camila,chem-photosynthesis-Z,8,"[""<|endoftext|>"", ""avourite"", ""\u9e9f"", ""orry"", "" **""]"
multihop,jlens_camila,chem-photosynthesis-Z,16,"["" calculus"", "" calories"", ""Cal"", ""arno"", ""_cal""]"
multihop,jlens_camila,chem-photosynthesis-Z,24,"["" atoms"", ""Atoms"", "" atomic"", ""atoms"", ""atomic""]"
multihop,jlens_camila,chem-photosynthesis-Z,32,"["" atoms"", "" atomic"", ""atomic"", "" metals"", "" humans""]"
multihop,jlens_camila,chem-photosynthesis-Z,40,"["" oxygen"", ""\u6c27\u6c14"", "" Oxygen"", ""\u6c27"", "" gases""]"
multihop,jlens_camila,chem-photosynthesis-Z,48,"["" oxygen"", ""\u6c27\u6c14"", "" Oxygen"", ""\u6c27"", ""xygen""]"
multihop,jlens_camila,chem-photosynthesis-Z,56,"["" Oxygen"", ""\u6c27"", "" oxygen"", ""\u6c27\u6c14"", ""xygen""]"
multihop,rlens_camila,chem-photosynthesis-Z,8,"["" because"", "" a"", "" and"", "" in"", "" one""]"
multihop,rlens_camila,chem-photosynthesis-Z,16,"["" because"", "" number"", ""<|fim_suffix|>"", "" actually"", "" one""]"
multihop,rlens_camila,chem-photosynthesis-Z,24,"["" atomic"", "" atoms"", ""\u539f\u5b50"", "" atom"", ""atomic""]"
multihop,rlens_camila,chem-photosynthesis-Z,32,"["" atomic"", "" atoms"", "" chemical"", ""atomic"", "" number""]"
multihop,rlens_camila,chem-photosynthesis-Z,40,"["" oxygen"", "" Oxygen"", ""\u6c27\u6c14"", ""\u6c27"", ""xygen""]"
multihop,rlens_camila,chem-photosynthesis-Z,48,"["" oxygen"", ""\u6c27"", ""\u6c27\u6c14"", "" Oxygen"", ""xygen""]"
multihop,rlens_camila,chem-photosynthesis-Z,56,"["" Oxygen"", ""\u6c27"", "" oxygen"", ""\u6c27\u6c14"", ""xygen""]"
multihop,jpp_released,chem-photosynthesis-Z,8,"["" medals"", "" numbers"", "" number"", "" only"", "" medal""]"
multihop,jpp_released,chem-photosynthesis-Z,16,"["" the"", "" and"", "" Number"", "" in"", "" Arizona""]"
multihop,jpp_released,chem-photosynthesis-Z,24,"["" atomic"", "" atoms"", ""\u539f\u5b50"", "" atom"", ""atomic""]"
multihop,jpp_released,chem-photosynthesis-Z,32,"["" atomic"", "" atom"", "" Atomic"", "" atoms"", ""\u539f\u5b50""]"
multihop,jpp_released,chem-photosynthesis-Z,40,"["" oxygen"", "" Oxygen"", ""\u6c27\u6c14"", ""\u6c27"", "" nitrogen""]"
multihop,jpp_released,chem-photosynthesis-Z,48,"["" oxygen"", "" Oxygen"", ""\u6c27"", ""\u6c27\u6c14"", ""xygen""]"
multihop,jpp_released,chem-photosynthesis-Z,56,"["" Oxygen"", "" oxygen"", ""\u6c27"", ""\u6c27\u6c14"", ""\u9178\u7d20""]"
multihop,logit,chem-atmosphere-Z,8,"[""-"", "" a"", ""/"", ""<|endoftext|>"", ""1""]"
multihop,logit,chem-atmosphere-Z,16,"[""l"", ""B"", ""S"", "" B"", ""H""]"
multihop,logit,chem-atmosphere-Z,24,"[""ark"", "" c"", ""iy"", ""\u539f\u5b50"", "" atoms""]"
multihop,logit,chem-atmosphere-Z,32,"["" K"", "" th"", "" something"", ""yla"", "" number""]"
multihop,logit,chem-atmosphere-Z,40,"["" atomic"", ""\u6c27"", "" gas"", "" X"", "" N""]"
multihop,logit,chem-atmosphere-Z,48,"["" number"", "" N"", "" K"", "" F"", ""\u7535""]"
multihop,logit,chem-atmosphere-Z,56,"[""\u6c2e"", "" nitrogen"", ""\u6c2e\u6c14"", "" Nit"", ""Nit""]"
multihop,jlens_camila,chem-atmosphere-Z,8,"[""<|endoftext|>"", ""licated"", ""\u1ea5m"", ""orry"", "" Figu""]"
multihop,jlens_camila,chem-atmosphere-Z,16,"[""arno"", ""Cal"", ""cal"", "" calculus"", ""_cal""]"
multihop,jlens_camila,chem-atmosphere-Z,24,"["" atoms"", "" atomic"", ""Atoms"", ""atomic"", ""atoms""]"
multihop,jlens_camila,chem-atmosphere-Z,32,"["" atoms"", "" atomic"", ""-number"", "" number"", ""number""]"
multihop,jlens_camila,chem-atmosphere-Z,40,"["" atoms"", "" nitrogen"", "" gases"", "" atomic"", ""\u539f\u5b50""]"
multihop,jlens_camila,chem-atmosphere-Z,48,"["" atoms"", "" atomic"", ""\u539f\u5b50"", ""\u5e8f\u53f7"", "" numbering""]"
multihop,jlens_camila,chem-atmosphere-Z,56,"[""\u6c2e"", "" nitrogen"", ""\u6c2e\u6c14"", "" Nit"", ""Nit""]"
multihop,rlens_camila,chem-atmosphere-Z,8,"["" because"", "" and"", "" a"", "" one"", "" only""]"
multihop,rlens_camila,chem-atmosphere-Z,16,"["" because"", "" actually"", "" number"", "" really"", "" one""]"
multihop,rlens_camila,chem-atmosphere-Z,24,"["" atomic"", "" atoms"", ""\u539f\u5b50"", "" atom"", "" number""]"
multihop,rlens_camila,chem-atmosphere-Z,32,"["" atomic"", "" number"", "" atoms"", ""number"", ""\u539f\u5b50""]"
multihop,rlens_camila,chem-atmosphere-Z,40,"["" atoms"", "" nitrogen"", "" atomic"", ""\u539f\u5b50"", "" gases""]"
multihop,rlens_camila,chem-atmosphere-Z,48,"["" atomic"", "" atoms"", ""\u539f\u5b50"", "" number"", "" numbering""]"
multihop,rlens_camila,chem-atmosphere-Z,56,"[""\u6c2e"", "" nitrogen"", ""\u6c2e\u6c14"", "" Nit"", ""Nit""]"
multihop,jpp_released,chem-atmosphere-Z,8,"["" only"", "" medals"", "" numbers"", ""<|endoftext|>"", "" number""]"
multihop,jpp_released,chem-atmosphere-Z,16,"["" and"", "" the"", "" in"", "" Virginia"", "" Number""]"
multihop,jpp_released,chem-atmosphere-Z,24,"["" atomic"", ""\u539f\u5b50"", "" atoms"", ""atomic"", "" atom""]"
multihop,jpp_released,chem-atmosphere-Z,32,"["" atomic"", "" Atomic"", ""\u539f\u5b50"", "" atom"", "" atoms""]"
multihop,jpp_released,chem-atmosphere-Z,40,"["" nitrogen"", "" atomic"", "" chemical"", "" atom"", "" atoms""]"
multihop,jpp_released,chem-atmosphere-Z,48,"["" atomic"", "" atom"", "" atoms"", ""\u539f\u5b50"", "" nitrogen""]"
multihop,jpp_released,chem-atmosphere-Z,56,"["" nitrogen"", ""\u6c2e"", ""\u6c2e\u6c14"", "" Nit"", ""Nit""]"
multihop,logit,chem-organic-Z,8,"[""-"", "" a"", "" -"", ""/"", ""<|endoftext|>""]"
multihop,logit,chem-organic-Z,16,"[""S"", ""-"", "" S"", ""<|endoftext|>"", "" a""]"
multihop,logit,chem-organic-Z,24,"["" N"", "" A"", "" C"", "" carbon"", "" H""]"
multihop,logit,chem-organic-Z,32,"[""atar"", "" n"", ""ain"", "" F"", "" H""]"
multihop,logit,chem-organic-Z,40,"[""\u78b3"", "" carbon"", "" Carbon"", ""\u6700\u57fa\u672c"", ""carbon""]"
multihop,logit,chem-organic-Z,48,"[""\u78b3"", "" carbon"", ""izz"", "" C"", ""carbon""]"
multihop,logit,chem-organic-Z,56,"[""\u78b3"", "" Carbon"", "" carbon"", ""carbon"", ""\u5143\u7d20""]"
multihop,jlens_camila,chem-organic-Z,8,"["" harbour"", ""organisation"", "" organised"", ""avourite"", ""Colour""]"
multihop,jlens_camila,chem-organic-Z,16,"[""arno"", ""\u9e9f"", "" atleast"", "" everytime"", ""umer""]"
multihop,jlens_camila,chem-organic-Z,24,"["" atoms"", ""chemical"", "" carbon"", ""Carbon"", "" atomic""]"
multihop,jlens_camila,chem-organic-Z,32,"["" atoms"", "" atomic"", "" molecule"", "" molecules"", ""atoms""]"
multihop,jlens_camila,chem-organic-Z,40,"["" carbon"", ""Carbon"", ""\u78b3"", ""carbon"", "" Carbon""]"
multihop,jlens_camila,chem-organic-Z,48,"["" carbon"", ""carbon"", ""\u78b3"", "" Carbon"", ""Carbon""]"
multihop,jlens_camila,chem-organic-Z,56,"[""\u78b3"", ""carbon"", "" carbon"", "" Carbon"", ""Carbon""]"
multihop,rlens_camila,chem-organic-Z,8,"["" and"", "" because"", "" in"", "" a"", "" only""]"
multihop,rlens_camila,chem-organic-Z,16,"["" because"", "" and"", "" in"", ""1"", "" actually""]"
multihop,rlens_camila,chem-organic-Z,24,"["" atomic"", "" carbon"", "" atoms"", "" atom"", "" chemical""]"
multihop,rlens_camila,chem-organic-Z,32,"["" atoms"", "" atomic"", "" molecule"", "" atom"", "" molecules""]"
multihop,rlens_camila,chem-organic-Z,40,"["" carbon"", ""\u78b3"", "" Carbon"", ""Carbon"", ""carbon""]"
multihop,rlens_camila,chem-organic-Z,48,"[""\u78b3"", "" carbon"", ""carbon"", "" Carbon"", ""Carbon""]"
multihop,rlens_camila,chem-organic-Z,56,"[""\u78b3"", "" Carbon"", "" carbon"", ""carbon"", ""Carbon""]"
multihop,jpp_released,chem-organic-Z,8,"["" medals"", ""_SDK"", "" only"", "" Medal"", "" medal""]"
multihop,jpp_released,chem-organic-Z,16,"["" and"", "" the"", "" in"", "" -"", "" as""]"
multihop,jpp_released,chem-organic-Z,24,"["" chemical"", "" carbon"", "" atomic"", "" atoms"", "" atom""]"
multihop,jpp_released,chem-organic-Z,32,"["" atomic"", "" atom"", "" atoms"", "" Atomic"", "" Carbon""]"
multihop,jpp_released,chem-organic-Z,40,"["" carbon"", "" Carbon"", "" chemical"", ""\u78b3"", ""carbon""]"
multihop,jpp_released,chem-organic-Z,48,"["" carbon"", "" Carbon"", ""carbon"", ""\u78b3"", ""Carbon""]"
multihop,jpp_released,chem-organic-Z,56,"["" Carbon"", "" carbon"", ""Carbon"", ""\u78b3"", ""carbon""]"
multihop,logit,chem-bones-Z,8,"[""-"", "" a"", ""s"", ""<|endoftext|>"", ""1""]"
multihop,logit,chem-bones-Z,16,"["" a"", ""L"", "" B"", ""<|endoftext|>"", "" **""]"
multihop,logit,chem-bones-Z,24,"[""\u539f\u5b50"", "" p"", "" atomic"", "" atoms"", "" c""]"
multihop,logit,chem-bones-Z,32,"[""\u5c04"", ""\u8389"", ""\u7b11"", ""imentary"", ""akes""]"
multihop,logit,chem-bones-Z,40,"["" number"", ""\u53f7"", "" atomic"", ""edia"", "" n""]"
multihop,logit,chem-bones-Z,48,"["" number"", ""\u53f7"", ""\u53f7\u7801"", ""-number"", ""number""]"
multihop,logit,chem-bones-Z,56,"[""\u9499"", "" calcium"", ""\u9aa8"", "" bone"", "" Calcium""]"
multihop,jlens_camila,chem-bones-Z,8,"["" Maths"", ""avourite"", ""<|endoftext|>"", "" maths"", "" organised""]"
multihop,jlens_camila,chem-bones-Z,16,"[""arno"", "" calculus"", ""Cal"", ""IMPORTANT"", ""uste""]"
multihop,jlens_camila,chem-bones-Z,24,"["" atoms"", "" atomic"", ""Atoms"", ""atoms"", ""\u539f\u5b50""]"
multihop,jlens_camila,chem-bones-Z,32,"["" atomic"", "" atoms"", ""\u539f\u5b50"", "" metallo"", "" metals""]"
multihop,jlens_camila,chem-bones-Z,40,"["" atomic"", ""\u539f\u5b50"", "" atoms"", "" metals"", "" metal""]"
multihop,jlens_camila,chem-bones-Z,48,"[""-number"", ""\u53f7\u7801"", "" number"", ""\u756a\u53f7"", ""number""]"
multihop,jlens_camila,chem-bones-Z,56,"[""\u9499"", "" calcium"", ""\u9aa8"", "" Calcium"", ""bone""]"
multihop,rlens_camila,chem-bones-Z,8,"["" because"", "" in"", "" and"", "" a"", "" number""]"
multihop,rlens_camila,chem-bones-Z,16,"["" actually"", "" because"", "" number"", "" one"", "" exactly""]"
multihop,rlens_camila,chem-bones-Z,24,"["" atomic"", ""\u539f\u5b50"", "" atoms"", "" atom"", ""Atomic""]"
multihop,rlens_camila,chem-bones-Z,32,"["" atomic"", ""\u539f\u5b50"", "" atoms"", "" number"", ""-number""]"
multihop,rlens_camila,chem-bones-Z,40,"["" atomic"", "" number"", ""\u539f\u5b50"", "" atoms"", ""-number""]"
multihop,rlens_camila,chem-bones-Z,48,"["" number"", ""-number"", ""number"", ""\u53f7\u7801"", "" atomic""]"
multihop,rlens_camila,chem-bones-Z,56,"[""\u9499"", ""\u9aa8"", "" calcium"", "" bone"", ""bone""]"
multihop,jpp_released,chem-bones-Z,8,"["" medals"", "" atomic"", "" bronze"", ""\u77ff\u77f3"", ""\u539f\u5b50""]"
multihop,jpp_released,chem-bones-Z,16,"["" and"", "" the"", "" in"", "" Zinc"", "" Number""]"
multihop,jpp_released,chem-bones-Z,24,"["" atomic"", ""\u539f\u5b50"", "" atoms"", "" metals"", ""atomic""]"
multihop,jpp_released,chem-bones-Z,32,"["" atomic"", "" Atomic"", "" mineral"", ""\u539f\u5b50"", ""Atomic""]"
multihop,jpp_released,chem-bones-Z,40,"["" atomic"", "" number"", "" metal"", "" Atomic"", "" chemical""]"
multihop,jpp_released,chem-bones-Z,48,"["" atomic"", "" number"", ""atomic"", ""\u539f\u5b50"", ""\u53f7\u7801""]"
multihop,jpp_released,chem-bones-Z,56,"["" bone"", ""\u9aa8"", ""bone"", ""Bone"", "" calcium""]"
multihop,logit,func-pumps-chambers,8,"[""-"", ""/"", ""s"", "" a"", ""1""]"
multihop,logit,func-pumps-chambers,16,"[""-"", ""d"", "" d"", ""/"", ""*""]"
multihop,logit,func-pumps-chambers,24,"[""\u74e3"", "" heart"", ""\u9f13"", ""\u9752"", ""\u5f62\u5bb9""]"
multihop,logit,func-pumps-chambers,32,"[""-"", ""\\n"", "" D"", "" A"", ""/""]"
multihop,logit,func-pumps-chambers,40,"[""\u5fc3\u810f"", "" heart"", "" cardiac"", ""\u7684\u5fc3\u810f"", "" Heart""]"
multihop,logit,func-pumps-chambers,48,"[""iki"", ""\u5206\u4e3a"", ""isis"", "" functioning"", "" cardiac""]"
multihop,logit,func-pumps-chambers,56,"["" chambers"", "" chamber"", "" four"", ""\u74e3"", ""four""]"
multihop,jlens_camila,func-pumps-chambers,8,"[""licated"", ""\u0438\u0441\u0442\u0440\u0430"", ""inct"", ""scha"", ""\u7b2c""]"
multihop,jlens_camila,func-pumps-chambers,16,"["" REALLY"", ""IMPORTANT"", "" freaking"", "" gotta"", ""Really""]"
multihop,jlens_camila,func-pumps-chambers,24,"[""\u5fc3\u810f"", "" cardiac"", "" heart"", ""-heart"", ""\u7684\u5fc3\u810f""]"
multihop,jlens_camila,func-pumps-chambers,32,"[""<|im_end|>"", "" cardiac"", "" cardinal"", "" cardi"", ""\\n""]"
multihop,jlens_camila,func-pumps-chambers,40,"[""\u5fc3\u810f"", ""\u7684\u5fc3\u810f"", "" cardiac"", "" heart"", "" hearts""]"
multihop,jlens_camila,func-pumps-chambers,48,"[""\u5fc3\u810f"", "" cardiac"", ""\u7684\u5fc3\u810f"", "" lungs"", ""heartbeat""]"
multihop,jlens_camila,func-pumps-chambers,56,"["" chambers"", "" chamber"", ""\u5fc3\u810f"", "" cardiac"", "" heart""]"
multihop,rlens_camila,func-pumps-chambers,8,"["" really"", "" REALLY"", "" actually"", "" because"", "" numbers""]"
multihop,rlens_camila,func-pumps-chambers,16,"["" really"", "" actually"", ""-ish"", "" AND"", "" one""]"
multihop,rlens_camila,func-pumps-chambers,24,"["" cardiac"", "" heart"", ""\u5fc3\u810f"", ""\u7684\u5fc3\u810f"", "" hearts""]"
multihop,rlens_camila,func-pumps-chambers,32,"["" cardiac"", ""\u74e3"", ""\u5fc3\u810f"", "" cardi"", "" myocard""]"
multihop,rlens_camila,func-pumps-chambers,40,"[""\u5fc3\u810f"", "" cardiac"", ""\u7684\u5fc3\u810f"", "" heart"", "" hearts""]"
multihop,rlens_camila,func-pumps-chambers,48,"["" cardiac"", "" lungs"", ""\u5fc3\u810f"", ""\u7684\u5fc3\u810f"", ""heartbeat""]"
multihop,rlens_camila,func-pumps-chambers,56,"["" chambers"", "" chamber"", "" heart"", "" cardiac"", ""\u5fc3\u810f""]"
multihop,jpp_released,func-pumps-chambers,8,"["" Wichita"", "" Arizona"", "" Colorado"", "" sold"", "" SOLD""]"
multihop,jpp_released,func-pumps-chambers,16,"["" Texas"", "" and"", "" the"", "" Big"", "" Arizona""]"
multihop,jpp_released,func-pumps-chambers,24,"["" heart"", "" cardiac"", ""\u5fc3\u810f"", ""\u7684\u5fc3\u810f"", "" cardiovascular""]"
multihop,jpp_released,func-pumps-chambers,32,"["" cardiac"", "" heart"", "" Heart"", ""\u5fc3\u810f"", ""\u7684\u5fc3\u810f""]"
multihop,jpp_released,func-pumps-chambers,40,"["" cardiac"", "" heart"", ""\u5fc3\u810f"", ""\u7684\u5fc3\u810f"", "" cardiovascular""]"
multihop,jpp_released,func-pumps-chambers,48,"["" cardiac"", ""\u5fc3\u810f"", "" lungs"", "" heart"", ""\u7684\u5fc3\u810f""]"
multihop,jpp_released,func-pumps-chambers,56,"["" cardiac"", "" heart"", "" Heart"", "" chambers"", "" chamber""]"
multihop,logit,func-filters-count,8,"[""-"", "" a"", "" A"", ""/"", "" M""]"
multihop,logit,func-filters-count,16,"["" A"", "" a"", "" S"", ""S"", "" I""]"
multihop,logit,func-filters-count,24,"["" o"", ""ic"", "" l"", ""L"", "" L""]"
multihop,logit,func-filters-count,32,"["" singular"", "" N"", "" plural"", "" one"", ""/""]"
multihop,logit,func-filters-count,40,"["" kidneys"", "" kidney"", ""\u80be\u810f"", ""\u80be"", "" organs""]"
multihop,logit,func-filters-count,48,"["" functioning"", ""umper"", "" kidney"", "" plural"", ""\u5de6\u53f3""]"
multihop,logit,func-filters-count,56,"["" two"", "" kidneys"", "" organs"", "" organ"", "" kidney""]"
multihop,jlens_camila,func-filters-count,8,"[""avourite"", "" maths"", ""Labour"", ""Organisation"", ""organisation""]"
multihop,jlens_camila,func-filters-count,16,"[""arno"", "" maths"", "" calculus"", ""IMPORTANT"", "" number""]"
multihop,jlens_camila,func-filters-count,24,"["" number"", "" ones"", "" organs"", ""number"", "" basically""]"
multihop,jlens_camila,func-filters-count,32,"["" number"", ""usus"", ""number"", ""healthy"", "" plural""]"
multihop,jlens_camila,func-filters-count,40,"["" kidneys"", "" kidney"", ""\u80be\u810f"", "" renal"", ""\u80be""]"
multihop,jlens_camila,func-filters-count,48,"["" kidneys"", "" kidney"", ""\u80be\u810f"", "" renal"", ""\u80be""]"
multihop,jlens_camila,func-filters-count,56,"["" kidneys"", "" organs"", "" kidney"", ""\u80be\u810f"", "" two""]"
multihop,rlens_camila,func-filters-count,8,"["" because"", "" and"", "" only"", "" one"", "" a""]"
multihop,rlens_camila,func-filters-count,16,"["" actually"", "" number"", "" one"", "" very"", "" really""]"
multihop,rlens_camila,func-filters-count,24,"["" number"", "" kidney"", "" one"", "" organs"", "" kidneys""]"
multihop,rlens_camila,func-filters-count,32,"["" number"", "" kidneys"", "" kidney"", "" plural"", "" healthy""]"
multihop,rlens_camila,func-filters-count,40,"["" kidneys"", "" kidney"", ""\u80be\u810f"", "" renal"", ""\u80be""]"
multihop,rlens_camila,func-filters-count,48,"["" kidneys"", "" kidney"", ""\u80be\u810f"", "" renal"", ""\u80be""]"
multihop,rlens_camila,func-filters-count,56,"["" kidneys"", "" organs"", "" kidney"", "" two"", ""\u80be\u810f""]"
multihop,jpp_released,func-filters-count,8,"["" only"", "" numbers"", "" number"", "" thanks"", "" because""]"
multihop,jpp_released,func-filters-count,16,"["" and"", "" the"", "" a"", "" in"", "" as""]"
multihop,jpp_released,func-filters-count,24,"["" kidney"", "" kidneys"", "" renal"", ""\u80be\u810f"", "" medical""]"
multihop,jpp_released,func-filters-count,32,"["" kidney"", "" kidneys"", "" number"", "" healthy"", "" health""]"
multihop,jpp_released,func-filters-count,40,"["" kidney"", "" kidneys"", ""\u80be\u810f"", "" renal"", ""\u80be""]"
multihop,jpp_released,func-filters-count,48,"["" kidney"", "" kidneys"", ""\u80be\u810f"", "" renal"", ""\u80be""]"
multihop,jpp_released,func-filters-count,56,"["" kidney"", "" kidneys"", ""\u80be\u810f"", "" renal"", ""\u80be""]"
multihop,logit,birthstone-emerald-month,8,"[""/"", ""-"", "" r"", "" B"", "" S""]"
multihop,logit,birthstone-emerald-month,16,"[""/"", "" B"", ""s"", "" **"", ""P""]"
multihop,logit,birthstone-emerald-month,24,"["" *"", ""S"", "" H"", ""D"", ""M""]"
multihop,logit,birthstone-emerald-month,32,"["" *"", ""em"", ""z"", ""P"", ""M""]"
multihop,logit,birthstone-emerald-month,40,"["" birth"", ""\u6708\u4efd"", ""\u6708"", "" month"", ""\u7279\u5b9a""]"
multihop,logit,birthstone-emerald-month,48,"[""umber"", ""ertas"", ""\u8377"", ""\u675f"", ""issance""]"
multihop,logit,birthstone-emerald-month,56,"["" gem"", "" birth"", ""gem"", ""\u7eff"", "" green""]"
multihop,jlens_camila,birthstone-emerald-month,8,"[""Whilst"", "" Whilst"", ""Colour"", "" whilst"", "" coloured""]"
multihop,jlens_camila,birthstone-emerald-month,16,"["" kinda"", "" aka"", "" guys"", "" gotta"", "" alot""]"
multihop,jlens_camila,birthstone-emerald-month,24,"[""jew"", ""\u7eaa\u5ff5\u5e01"", ""\u956f"", ""-ish"", ""\u5b9d\u77f3""]"
multihop,jlens_camila,birthstone-emerald-month,32,"["" jewelry"", "" Jewelry"", "" month"", "" Month"", "" calendar""]"
multihop,jlens_camila,birthstone-emerald-month,40,"["" month"", "" Month"", ""\u6708\u4efd"", ""Month"", ""month""]"
multihop,jlens_camila,birthstone-emerald-month,48,"["" Month"", "" month"", ""\u6708\u4efd"", "" birthdays"", ""month""]"
multihop,jlens_camila,birthstone-emerald-month,56,"["" gem"", "" birth"", ""gem"", ""Gem"", "" Gem""]"
multihop,rlens_camila,birthstone-emerald-month,8,"["" plus"", "" and"", "" whilst"", "" really"", "" because""]"
multihop,rlens_camila,birthstone-emerald-month,16,"["" really"", "" and"", ""s"", "" just"", "" actually""]"
multihop,rlens_camila,birthstone-emerald-month,24,"["" month"", ""\u5b9d\u77f3"", "" season"", "" gem"", "" jewelry""]"
multihop,rlens_camila,birthstone-emerald-month,32,"["" month"", "" calendar"", "" birth"", "" Confirmation"", "" jewelry""]"
multihop,rlens_camila,birthstone-emerald-month,40,"["" month"", "" Month"", ""\u6708\u4efd"", ""Month"", ""month""]"
multihop,rlens_camila,birthstone-emerald-month,48,"["" Month"", "" birthdays"", "" month"", ""month"", ""\u6708\u4efd""]"
multihop,rlens_camila,birthstone-emerald-month,56,"["" gem"", "" birth"", ""gem"", ""\u5b9d\u77f3"", ""Gem""]"
multihop,jpp_released,birthstone-emerald-month,8,"["" jewellery"", "" bronze"", "" stars"", "" lucky"", "" birth""]"
multihop,jpp_released,birthstone-emerald-month,16,"["" Moon"", "" Star"", "" and"", "" the"", "" Stars""]"
multihop,jpp_released,birthstone-emerald-month,24,"["" jewelry"", "" gem"", "" stone"", "" jewel"", "" Jewelry""]"
multihop,jpp_released,birthstone-emerald-month,32,"["" gem"", "" jewelry"", "" jewel"", "" Sapphire"", "" Gem""]"
multihop,jpp_released,birthstone-emerald-month,40,"["" month"", "" Month"", "" months"", "" July"", "" June""]"
multihop,jpp_released,birthstone-emerald-month,48,"["" Month"", ""Month"", "" birthdays"", ""month"", "" month""]"
multihop,jpp_released,birthstone-emerald-month,56,"["" gem"", ""\u5b9d\u77f3"", "" Gem"", "" Emerald"", ""Gem""]"
multihop,logit,violin-strings,8,"[""-"", ""/"", "" a"", "" M"", "" T""]"
multihop,logit,violin-strings,16,"["" S"", "" B"", "" A"", ""-"", "" M""]"
multihop,logit,violin-strings,24,"["" N"", ""-"", "" C"", ""\u5408"", "" R""]"
multihop,logit,violin-strings,32,"["" C"", ""\u9ed8"", "" N"", ""ing"", "" number""]"
multihop,logit,violin-strings,40,"["" instrument"", ""\u5176\u4e00"", ""Instrument"", ""izzie"", ""struments""]"
multihop,logit,violin-strings,48,"["" four"", "" fewer"", ""athan"", ""\u5171\u6709"", ""\u4e00\u5171\u6709""]"
multihop,logit,violin-strings,56,"["" strings"", ""\u5f26"", ""strings"", ""Strings"", "" violin""]"
multihop,jlens_camila,violin-strings,8,"["" maths"", "" learnt"", ""avourite"", ""Colour"", "" organised""]"
multihop,jlens_camila,violin-strings,16,"[""Cal"", "" maths"", ""_cal"", "" cal"", "" calibre""]"
multihop,jlens_camila,violin-strings,24,"["" number"", ""number"", "" amount"", ""amount"", ""NUMBER""]"
multihop,jlens_camila,violin-strings,32,"["" number"", ""<|im_end|>"", ""number"", "" humans"", ""unknown""]"
multihop,jlens_camila,violin-strings,40,"[""\u4e50\u5668"", ""\u6f14\u594f"", "" violin"", ""\u5c0f\u63d0\u7434"", ""\u7434""]"
multihop,jlens_camila,violin-strings,48,"["" four"", ""\u7684\u56db"", ""four"", ""-four"", ""\u56db\u9879""]"
multihop,jlens_camila,violin-strings,56,"[""\u5f26"", "" strings"", ""strings"", ""\u5c0f\u63d0\u7434"", "" violin""]"
multihop,rlens_camila,violin-strings,8,"["" because"", "" really"", "" only"", "" and"", "" actually""]"
multihop,rlens_camila,violin-strings,16,"["" actually"", "" really"", "" because"", "" very"", "" one""]"
multihop,rlens_camila,violin-strings,24,"["" number"", "" amount"", "" only"", "" one"", "" count""]"
multihop,rlens_camila,violin-strings,32,"["" number"", ""number"", "" count"", "" amount"", "" answer""]"
multihop,rlens_camila,violin-strings,40,"[""\u6f14\u594f"", ""\u4e50\u5668"", "" violin"", ""\u5c0f\u63d0\u7434"", ""\u7434""]"
multihop,rlens_camila,violin-strings,48,"["" four"", ""\u7684\u56db"", ""four"", ""-four"", "" instrument""]"
multihop,rlens_camila,violin-strings,56,"[""\u5f26"", "" strings"", ""strings"", "" string"", "" violin""]"
multihop,jpp_released,violin-strings,8,"["" only"", "" numbers"", "" thanks"", "" number"", "" girls""]"
multihop,jpp_released,violin-strings,16,"["" the"", "" and"", "" Number"", "" in"", "" a""]"
multihop,jpp_released,violin-strings,24,"["" number"", "" -"", "" numbers"", "" one"", "" the""]"
multihop,jpp_released,violin-strings,32,"[""<|endoftext|>"", "" number"", ""1"", "" -"", ""3""]"
multihop,jpp_released,violin-strings,40,"["" violin"", "" music"", "" guitar"", ""\u4e50\u5668"", "" musical""]"
multihop,jpp_released,violin-strings,48,"["" violin"", "" instrument"", "" four"", ""\u4e50\u5668"", ""\u7434""]"
multihop,jpp_released,violin-strings,56,"[""\u5f26"", "" strings"", "" string"", ""Strings"", "" violin""]"
multihop,logit,nhop-guitar-planet,8,"[""-"", "" a"", ""/"", "" M"", "" *""]"
multihop,logit,nhop-guitar-planet,16,"[""-"", ""/"", "" S"", ""er"", ""F""]"
multihop,logit,nhop-guitar-planet,24,"[""/"", ""*"", ""L"", ""M"", ""J""]"
multihop,logit,nhop-guitar-planet,32,"[""-"", ""/"", ""ops"", ""\u5b8c"", ""R""]"
multihop,logit,nhop-guitar-planet,40,"[""ograph"", ""ither"", ""ugi"", ""\u8f9b"", ""\u96c6""]"
multihop,logit,nhop-guitar-planet,48,"["" Blank"", ""\u586b\u7a7a"", ""\u4fe1"", ""\u8eab\u4efd"", ""\u756a""]"
multihop,logit,nhop-guitar-planet,56,"[""blank"", "" planet"", ""planet"", ""\u884c\u661f"", ""\u586b\u7a7a""]"
multihop,jlens_camila,nhop-guitar-planet,8,"[""\u505a\u4e3a"", ""avourite"", ""licated"", ""<|endoftext|>"", ""\u0438\u0441\u0442\u0440\u0430""]"
multihop,jlens_camila,nhop-guitar-planet,16,"[""Cal"", ""-Cal"", "" CAL"", ""_cal"", "" Cal""]"
multihop,jlens_camila,nhop-guitar-planet,24,"[""VERY"", "" alot"", ""unie"", "" planet"", ""unknown""]"
multihop,jlens_camila,nhop-guitar-planet,32,"["" planet"", ""unknown"", ""<|im_end|>"", ""\u53eb\u505a"", ""NUMBER""]"
multihop,jlens_camila,nhop-guitar-planet,40,"["" planet"", ""planet"", ""unknown"", "" asteroid"", "" planets""]"
multihop,jlens_camila,nhop-guitar-planet,48,"[""\u586b\u7a7a"", ""<|im_end|>"", ""blank"", "" Blank"", "" blank""]"
multihop,jlens_camila,nhop-guitar-planet,56,"["" planet"", ""planet"", ""\u884c\u661f"", "" Planet"", ""blank""]"
multihop,rlens_camila,nhop-guitar-planet,8,"["" really"", "" because"", "" very"", "" maybe"", "" and""]"
multihop,rlens_camila,nhop-guitar-planet,16,"["" really"", "" bigger"", "" awesome"", "" different"", "" average""]"
multihop,rlens_camila,nhop-guitar-planet,24,"["" planet"", "" number"", "" very"", "" asteroid"", "" small""]"
multihop,rlens_camila,nhop-guitar-planet,32,"["" number"", ""3"", ""2"", "" planet"", ""1""]"
multihop,rlens_camila,nhop-guitar-planet,40,"[""1"", "" planet"", ""2"", ""3"", "" Name""]"
multihop,rlens_camila,nhop-guitar-planet,48,"[""\u586b\u7a7a"", ""\u586b"", ""blank"", "" Blank"", "" blank""]"
multihop,rlens_camila,nhop-guitar-planet,56,"["" planet"", ""planet"", ""\u91d1\u661f"", ""\u884c\u661f"", "" planets""]"
multihop,jpp_released,nhop-guitar-planet,8,"["" stars"", "" planets"", "" NASA"", ""\u592a\u7a7a"", "" planet""]"
multihop,jpp_released,nhop-guitar-planet,16,"["" Sky"", "" Planet"", "" Valley"", "" Stars"", "" planet""]"
multihop,jpp_released,nhop-guitar-planet,24,"["" asteroid"", "" planet"", ""\u884c\u661f"", "" planets"", "" astronomical""]"
multihop,jpp_released,nhop-guitar-planet,32,"["" asteroid"", "" planet"", "" Planet"", "" astronomical"", "" asteroids""]"
multihop,jpp_released,nhop-guitar-planet,40,"["" -"", ""1"", "" %"", ""2"", "" The""]"
multihop,jpp_released,nhop-guitar-planet,48,"[""1"", ""2"", ""3"", ""7"", ""4""]"
multihop,jpp_released,nhop-guitar-planet,56,"["" planet"", ""planet"", "" planets"", "" Planet"", ""Planet""]"
multihop,logit,nhop-insect-element,8,"[""-"", ""/"", ""s"", ""S"", "" a""]"
multihop,logit,nhop-insect-element,16,"[""-"", ""/"", ""s"", ""er"", "" S""]"
multihop,logit,nhop-insect-element,24,"["" F"", ""M"", "" H"", "" *"", ""s""]"
multihop,logit,nhop-insect-element,32,"[""\u5355"", ""\u53ef"", ""\u5b8c"", ""\u4f60"", ""\u7528""]"
multihop,logit,nhop-insect-element,40,"[""\u65af\u5854"", ""\u5f18"", ""hen"", ""onium"", ""\u826f""]"
multihop,logit,nhop-insect-element,48,"[""\u56e2"", ""1"", ""ivo"", "" *"", ""\u4ea1""]"
multihop,logit,nhop-insect-element,56,"[""\u5143\u7d20"", ""\u662f\u4ec0\u4e48"", ""\u5565"", ""\u4ec0\u4e48"", ""\u7b2c\u516d""]"
multihop,jlens_camila,nhop-insect-element,8,"[""licated"", ""<|endoftext|>"", ""\u0438\u0441\u0442\u0440\u0430"", ""iness"", "" seri""]"
multihop,jlens_camila,nhop-insect-element,16,"["" alot"", ""Cal"", "" calories"", ""/cal"", "" CAL""]"
multihop,jlens_camila,nhop-insect-element,24,"["" alot"", ""atomic"", ""puter"", ""unknown"", "" radioactive""]"
multihop,jlens_camila,nhop-insect-element,32,"[""<|im_end|>"", ""alyze"", ""unknown"", ""peci"", "" abbreviation""]"
multihop,jlens_camila,nhop-insect-element,40,"["" metals"", "" atomic"", "" metallo"", ""chemical"", "" atoms""]"
multihop,jlens_camila,nhop-insect-element,48,"["" atoms"", "" name"", "" atomic"", ""unknown"", ""\u7f16\u53f7""]"
multihop,jlens_camila,nhop-insect-element,56,"[""\u5143\u7d20"", ""\u662f\u4ec0\u4e48"", ""esium"", "" element"", ""\u539f\u5b50""]"
multihop,rlens_camila,nhop-insect-element,8,"["" because"", "" really"", "" maybe"", "" sometimes"", "" actually""]"
multihop,rlens_camila,nhop-insect-element,16,"["" really"", "" number"", "" awesome"", "" maybe"", "" what""]"
multihop,rlens_camila,nhop-insect-element,24,"["" atomic"", "" radioactive"", ""atomic"", "" Atomic"", ""\u539f\u5b50""]"
multihop,rlens_camila,nhop-insect-element,32,"["" number"", ""0"", ""1"", ""5"", "" name""]"
multihop,rlens_camila,nhop-insect-element,40,"["" atomic"", ""\u539f\u5b50"", "" metals"", "" atoms"", ""chemical""]"
multihop,rlens_camila,nhop-insect-element,48,"["" atomic"", "" atoms"", "" name"", ""1"", ""\u539f\u5b50""]"
multihop,rlens_camila,nhop-insect-element,56,"[""\u5143\u7d20"", ""\u662f\u4ec0\u4e48"", ""esium"", ""\u539f\u5b50"", "" atomic""]"
multihop,jpp_released,nhop-insect-element,8,"["" medals"", "" bronze"", "" backup"", "" atomic"", "" medal""]"
multihop,jpp_released,nhop-insect-element,16,"["" Valley"", "" Arizona"", "" Silver"", "" Gold"", "" Zero""]"
multihop,jpp_released,nhop-insect-element,24,"["" atomic"", ""\u539f\u5b50"", "" Atomic"", "" radioactive"", ""atomic""]"
multihop,jpp_released,nhop-insect-element,32,"["" -"", "" Atomic"", "" atomic"", "" atom"", "" Chemical""]"
multihop,jpp_released,nhop-insect-element,40,"["" atomic"", "" metal"", "" -"", "" metals"", "" atom""]"
multihop,jpp_released,nhop-insect-element,48,"[""1"", ""2"", ""4"", ""3"", ""8""]"
multihop,jpp_released,nhop-insect-element,56,"["" element"", "" carbon"", "" atom"", "" atomic"", "" sulfur""]"
multihop,logit,super-largest-country-capital,8,"[""-"", "" a"", ""/"", "" *"", ""*""]"
multihop,logit,super-largest-country-capital,16,"["" a"", ""S"", ""/"", ""*"", ""s""]"
multihop,logit,super-largest-country-capital,24,"["" distance"", ""\u8ddd\u79bb"", ""\u8ddd"", ""distance"", ""\u5f71""]"
multihop,logit,super-largest-country-capital,32,"["" distance"", ""\u8ddd\u79bb"", "" U"", ""distance"", ""\u7684\u8ddd\u79bb""]"
multihop,logit,super-largest-country-capital,40,"[""\u4eac"", ""\u8ddd"", ""\u8ddd\u79bb"", "" distance"", ""\u4e1c\u897f""]"
multihop,logit,super-largest-country-capital,48,"[""\u4e16\u754c\u4e0a\u6700"", ""\u9065"", "" located"", ""oug"", ""\u4f4d\u4e8e""]"
multihop,logit,super-largest-country-capital,56,"[""\u83ab\u65af\u79d1"", "" Moscow"", "" \u041c\u043e\u0441\u043a\u0432\u0430"", ""Russia"", "" Russia""]"
multihop,jlens_camila,super-largest-country-capital,8,"[""Whilst"", ""avourite"", "" Whilst"", ""organisation"", "" **""]"
multihop,jlens_camila,super-largest-country-capital,16,"["" alot"", "" CAL"", "" maths"", ""cale"", "" calories""]"
multihop,jlens_camila,super-largest-country-capital,24,"["" distances"", "" distance"", "" city"", "" cities"", ""\u8ddd\u96e2""]"
multihop,jlens_camila,super-largest-country-capital,32,"["" city"", "" cities"", "" distance"", ""\u8ddd\u79bb"", "" distances""]"
multihop,jlens_camila,super-largest-country-capital,40,"["" city"", "" cities"", ""\u57ce\u5e02"", ""\u57ce\u5e02\u7684"", "" geographical""]"
multihop,jlens_camila,super-largest-country-capital,48,"["" city"", "" cities"", "" located"", ""\u5730\u7406\u4f4d\u7f6e"", "" location""]"
multihop,jlens_camila,super-largest-country-capital,56,"["" Moscow"", ""\u83ab\u65af\u79d1"", "" Russia"", "" Russian"", ""\u4fc4\u7f57\u65af""]"
multihop,rlens_camila,super-largest-country-capital,8,"["" because"", "" and"", "" very"", "" only"", "" a""]"
multihop,rlens_camila,super-largest-country-capital,16,"[""<|fim_suffix|>"", "" really"", "" average"", "" only"", "" and""]"
multihop,rlens_camila,super-largest-country-capital,24,"["" distance"", "" city"", "" distances"", "" cities"", ""distance""]"
multihop,rlens_camila,super-largest-country-capital,32,"["" distance"", "" city"", ""\u8ddd\u79bb"", "" distances"", ""\u7684\u8ddd\u79bb""]"
multihop,rlens_camila,super-largest-country-capital,40,"["" city"", "" cities"", "" distance"", ""\u8ddd\u79bb"", "" geographic""]"
multihop,rlens_camila,super-largest-country-capital,48,"["" city"", "" located"", ""\u5730\u7406\u4f4d\u7f6e"", ""located"", "" north""]"
multihop,rlens_camila,super-largest-country-capital,56,"["" Moscow"", ""\u83ab\u65af\u79d1"", "" Russia"", "" Russian"", ""\u4fc4\u7f57\u65af""]"
multihop,jpp_released,super-largest-country-capital,8,"["" hometown"", "" airl"", "" airports"", "" towns"", "" shot""]"
multihop,jpp_released,super-largest-country-capital,16,"["" City"", "" Big"", "" and"", "" Columbus"", "" London""]"
multihop,jpp_released,super-largest-country-capital,24,"["" city"", "" cities"", "" distance"", "" distances"", "" City""]"
multihop,jpp_released,super-largest-country-capital,32,"["" city"", "" City"", "" cities"", "" distance"", ""-city""]"
multihop,jpp_released,super-largest-country-capital,40,"["" city"", "" Moscow"", "" Russian"", "" Russia"", "" cities""]"
multihop,jpp_released,super-largest-country-capital,48,"["" city"", "" Moscow"", "" cities"", "" Russian"", "" Russia""]"
multihop,jpp_released,super-largest-country-capital,56,"["" Moscow"", "" Russian"", "" Russia"", ""\u83ab\u65af\u79d1"", ""Russian""]"
multihop,logit,super-smallest-continent,8,"[""/"", ""-"", "" *"", ""*"", "" a""]"
multihop,logit,super-smallest-continent,16,"[""/"", ""ing"", ""-"", ""F"", ""ill""]"
multihop,logit,super-smallest-continent,24,"["" B"", "" X"", "" b"", "" *"", "" R""]"
multihop,logit,super-smallest-continent,32,"[""ing"", "" C"", "" -"", "" B"", "" l""]"
multihop,logit,super-smallest-continent,40,"[""ict"", ""\u6d32"", ""\u5dde"", ""\u544a"", "" on""]"
multihop,logit,super-smallest-continent,48,"[""1"", "" *"", ""rtl"", ""ict"", ""ous""]"
multihop,logit,super-smallest-continent,56,"[""\u6d32"", "" Europe"", ""\u6b27\u6d32"", ""Europe"", "" European""]"
multihop,jlens_camila,super-smallest-continent,8,"["" **"", ""weiler"", ""\u6b21\u7684"", ""\u30f3"", ""\u7136""]"
multihop,jlens_camila,super-smallest-continent,16,"["" alot"", "" didnt"", "" gonna"", "" thats"", ""umer""]"
multihop,jlens_camila,super-smallest-continent,24,"["" alot"", ""ierra"", "" thats"", ""Lets"", ""pecially""]"
multihop,jlens_camila,super-smallest-continent,32,"[""unknown"", ""unki"", ""name"", ""ierra"", ""0""]"
multihop,jlens_camila,super-smallest-continent,40,"[""usa"", ""unknown"", ""include"", "" classify"", "" noun""]"
multihop,jlens_camila,super-smallest-continent,48,"["" countries"", "" country"", ""\u6d32"", ""1"", ""\\t""]"
multihop,jlens_camila,super-smallest-continent,56,"[""\u6d32"", "" Europe"", ""Europe"", ""\u6b27\u6d32"", "" europe""]"
multihop,rlens_camila,super-smallest-continent,8,"["" and"", "" including"", "" very"", "" even"", ""-""]"
multihop,rlens_camila,super-smallest-continent,16,"["" thats"", "" whats"", ""umm"", "" alot"", ""Lets""]"
multihop,rlens_camila,super-smallest-continent,24,"["" mostly"", "" very"", ""umm"", ""ierra"", ""Lets""]"
multihop,rlens_camila,super-smallest-continent,32,"[""lict"", "" largest"", ""0"", ""ont"", ""umm""]"
multihop,rlens_camila,super-smallest-continent,40,"[""1"", ""0"", ""2"", ""5"", ""3""]"
multihop,rlens_camila,super-smallest-continent,48,"[""1"", "" -"", ""0"", ""2"", "" countries""]"
multihop,rlens_camila,super-smallest-continent,56,"[""\u6d32"", "" Europe"", ""Europe"", ""\u6b27\u6d32"", ""asia""]"
multihop,jpp_released,super-smallest-continent,8,"["" continents"", ""acific"", "" worldwide"", "" huge"", "" nations""]"
multihop,jpp_released,super-smallest-continent,16,"["" Texas"", "" Atlantic"", "" Sea"", "" ocean"", "" Ocean""]"
multihop,jpp_released,super-smallest-continent,24,"["" -"", "" huge"", "" world"", "" /"", "" cities""]"
multihop,jpp_released,super-smallest-continent,32,"[""<|endoftext|>"", ""0"", ""2"", ""1"", ""3""]"
multihop,jpp_released,super-smallest-continent,40,"["" -"", "" the"", "" The"", "" of"", ""1""]"
multihop,jpp_released,super-smallest-continent,48,"[""1"", ""2"", ""0"", ""3"", ""8""]"
multihop,jpp_released,super-smallest-continent,56,"["" Europe"", ""Europe"", "" European"", "" continent"", "" Africa""]"
multihop,logit,super-populous-capital,8,"[""-"", "" a"", ""/"", ""*"", "" *""]"
multihop,logit,super-populous-capital,16,"["" a"", ""*"", ""/"", ""S"", "" *""]"
multihop,logit,super-populous-capital,24,"["" distance"", ""\u8ddd\u79bb"", ""\u8ddd"", ""distance"", "" -""]"
multihop,logit,super-populous-capital,32,"["" distance"", ""/"", ""\u8ddd\u79bb"", ""\u8ddd"", "" C""]"
multihop,logit,super-populous-capital,40,"[""\u4eac"", "" distance"", ""\u8ddd\u79bb"", ""\u88d5"", ""\u8ddd""]"
multihop,logit,super-populous-capital,48,"[""oppi"", ""\u4f4d\u4e8e"", ""\u6bd4"", ""\u0451\u043c"", ""\u0451""]"
multihop,logit,super-populous-capital,56,"[""capital"", ""\u5317\u4eac"", "" Beijing"", ""Capital"", "" capital""]"
multihop,jlens_camila,super-populous-capital,8,"[""avourite"", ""organisation"", ""Whilst"", "" Whilst"", ""Labour""]"
multihop,jlens_camila,super-populous-capital,16,"["" alot"", "" CAL"", ""ject"", ""(cal"", "" Calon""]"
multihop,jlens_camila,super-populous-capital,24,"["" distances"", "" distance"", "" city"", "".distance"", ""\u8ddd\u96e2""]"
multihop,jlens_camila,super-populous-capital,32,"["" distance"", ""\u8ddd\u79bb"", "" city"", "" distances"", "" cities""]"
multihop,jlens_camila,super-populous-capital,40,"["" city"", "" cities"", ""\u8ddd\u79bb"", "" distance"", ""\u6d77\u62d4""]"
multihop,jlens_camila,super-populous-capital,48,"["" city"", ""\u8ddd\u79bb"", "" cities"", "" geographical"", "" distance""]"
multihop,jlens_camila,super-populous-capital,56,"["" Beijing"", ""\u5317\u4eac"", ""\u9996\u90fd"", "" Jakarta"", ""capital""]"
multihop,rlens_camila,super-populous-capital,8,"["" very"", "" because"", "" and"", "" a"", "" totally""]"
multihop,rlens_camila,super-populous-capital,16,"["" really"", ""<|fim_suffix|>"", "" thats"", "" mutl"", "" know""]"
multihop,rlens_camila,super-populous-capital,24,"["" distance"", "" distances"", "" city"", ""distance"", ""\u8ddd\u79bb""]"
multihop,rlens_camila,super-populous-capital,32,"["" distance"", ""\u8ddd\u79bb"", "" distances"", ""\u7684\u8ddd\u79bb"", ""distance""]"
multihop,rlens_camila,super-populous-capital,40,"["" city"", "" distance"", ""\u8ddd\u79bb"", "" cities"", "" geographic""]"
multihop,rlens_camila,super-populous-capital,48,"["" city"", ""\u8ddd\u79bb"", "" located"", "" distance"", "" geographical""]"
multihop,rlens_camila,super-populous-capital,56,"["" Beijing"", ""\u5317\u4eac"", ""\u9996\u90fd"", "" Jakarta"", "" capital""]"
multihop,jpp_released,super-populous-capital,8,"[""_SDK"", "" shot"", "" worldwide"", "" shots"", "" airl""]"
multihop,jpp_released,super-populous-capital,16,"["" Atlantic"", "" Big"", "" London"", "" Million"", "" Millions""]"
multihop,jpp_released,super-populous-capital,24,"["" city"", "" distance"", "" cities"", "" distances"", "" City""]"
multihop,jpp_released,super-populous-capital,32,"["" distance"", "" city"", "" City"", "" cities"", "" distances""]"
multihop,jpp_released,super-populous-capital,40,"["" city"", "" cities"", "" Chinese"", "" Beijing"", "" distance""]"
multihop,jpp_released,super-populous-capital,48,"["" city"", "" Chinese"", "" Beijing"", "" cities"", "" City""]"
multihop,jpp_released,super-populous-capital,56,"["" Beijing"", ""\u5317\u4eac"", "" Jakarta"", ""\u662f\u5317\u4eac"", ""\u5317\u4eac\u7684""]"
multihop,logit,holiday-christmas-monthnum,8,"[""/"", ""-"", "" P"", "" B"", "" -""]"
multihop,logit,holiday-christmas-monthnum,16,"[""/"", ""-"", "" A"", "" I"", ""s""]"
multihop,logit,holiday-christmas-monthnum,24,"[""s"", ""/"", ""ing"", "" *"", ""J""]"
multihop,logit,holiday-christmas-monthnum,32,"[""M"", ""/"", ""et"", "" *"", ""t""]"
multihop,logit,holiday-christmas-monthnum,40,"[""\u8bde"", ""s"", ""ury"", ""ember"", ""\u5723\u8bde""]"
multihop,logit,holiday-christmas-monthnum,48,"[""1"", "" -"", ""ict"", ""\u544a"", ""CHR""]"
multihop,logit,holiday-christmas-monthnum,56,"["" December"", ""December"", ""\u5341\u4e8c\u6708"", ""ember"", ""\u5723\u8bde""]"
multihop,jlens_camila,holiday-christmas-monthnum,8,"[""Whilst"", "" Whilst"", "" whilst"", ""licence"", "" coloured""]"
multihop,jlens_camila,holiday-christmas-monthnum,16,"[""Whilst"", "" maths"", "" whilst"", "" Maths"", "" kinda""]"
multihop,jlens_camila,holiday-christmas-monthnum,24,"["" holidays"", "" December"", "" year"", "" month"", "" number""]"
multihop,jlens_camila,holiday-christmas-monthnum,32,"["" calendar"", "" month"", ""calendar"", "" season"", "" Month""]"
multihop,jlens_camila,holiday-christmas-monthnum,40,"["" December"", "" winter"", "" Christmas"", ""December"", "" month""]"
multihop,jlens_camila,holiday-christmas-monthnum,48,"["" calendar"", "" month"", "" December"", "" Month"", "" winter""]"
multihop,jlens_camila,holiday-christmas-monthnum,56,"["" December"", ""December"", ""\u5723\u8bde"", "" Christmas"", ""\u5341\u4e8c\u6708""]"
multihop,rlens_camila,holiday-christmas-monthnum,8,"["" and"", "" because"", "" so"", "" one"", "" to""]"
multihop,rlens_camila,holiday-christmas-monthnum,16,"["" really"", "" number"", "" just"", "" actually"", "" what""]"
multihop,rlens_camila,holiday-christmas-monthnum,24,"["" month"", "" year"", "" December"", "" months"", "" calendar""]"
multihop,rlens_camila,holiday-christmas-monthnum,32,"["" calendar"", "" month"", "" season"", ""calendar"", "" date""]"
multihop,rlens_camila,holiday-christmas-monthnum,40,"["" December"", "" month"", "" winter"", ""December"", "" Christmas""]"
multihop,rlens_camila,holiday-christmas-monthnum,48,"["" calendar"", "" month"", "" December"", "" Month"", ""December""]"
multihop,rlens_camila,holiday-christmas-monthnum,56,"["" December"", ""December"", ""\u5723\u8bde"", "" Christmas"", ""\u5341\u4e8c\u6708""]"
multihop,jpp_released,holiday-christmas-monthnum,8,"["" December"", "" month"", "" only"", "" number"", "" ^""]"
multihop,jpp_released,holiday-christmas-monthnum,16,"["" and"", "" in"", "" the"", "" Number"", "" Star""]"
multihop,jpp_released,holiday-christmas-monthnum,24,"["" year"", "" season"", "" month"", "" winter"", "" December""]"
multihop,jpp_released,holiday-christmas-monthnum,32,"["" season"", "" December"", "" calendar"", "" year"", "" Christmas""]"
multihop,jpp_released,holiday-christmas-monthnum,40,"["" December"", "" Christmas"", "" January"", "" November"", "" winter""]"
multihop,jpp_released,holiday-christmas-monthnum,48,"["" December"", "" month"", "" calendar"", "" Christmas"", "" Month""]"
multihop,jpp_released,holiday-christmas-monthnum,56,"["" December"", "" Christmas"", ""December"", "" month"", ""\u5723\u8bde""]"
multihop,logit,holiday-valentines-monthnum,8,"[""/"", ""-"", "" P"", "" B"", "" A""]"
multihop,logit,holiday-valentines-monthnum,16,"[""/"", ""-"", "" A"", ""s"", ""P""]"
multihop,logit,holiday-valentines-monthnum,24,"[""P"", ""ing"", ""F"", ""/"", "" *""]"
multihop,logit,holiday-valentines-monthnum,32,"[""t"", "" o"", "" b"", "" *"", ""P""]"
multihop,logit,holiday-valentines-monthnum,40,"[""rom"", ""\u65e5\u671f"", ""\u9c81"", ""auer"", ""\u53f7""]"
multihop,logit,holiday-valentines-monthnum,48,"["" -"", ""ality"", ""ulas"", ""ope"", ""\u4ef2""]"
multihop,logit,holiday-valentines-monthnum,56,"[""\u6d6a\u6f2b"", "" February"", "" romantic"", ""February"", "" love""]"
multihop,jlens_camila,holiday-valentines-monthnum,8,"[""Whilst"", ""licence"", "" whilst"", "" Whilst"", "" coloured""]"
multihop,jlens_camila,holiday-valentines-monthnum,16,"["" kinda"", "" really"", ""Whilst"", "" alot"", "" maths""]"
multihop,jlens_camila,holiday-valentines-monthnum,24,"["" month"", "" months"", "" maybe"", "" year"", "" isn""]"
multihop,jlens_camila,holiday-valentines-monthnum,32,"["" month"", "" calendar"", "" Month"", "" date"", ""calendar""]"
multihop,jlens_camila,holiday-valentines-monthnum,40,"["" month"", "" Month"", "" February"", "" calendar"", ""month""]"
multihop,jlens_camila,holiday-valentines-monthnum,48,"["" month"", "" calendar"", "" Month"", ""month"", ""\u6708\u4efd""]"
multihop,jlens_camila,holiday-valentines-monthnum,56,"["" February"", ""February"", "" January"", "" romantic"", ""\u6d6a\u6f2b""]"
multihop,rlens_camila,holiday-valentines-monthnum,8,"["" and"", "" because"", "" so"", "" plus"", "" one""]"
multihop,rlens_camila,holiday-valentines-monthnum,16,"["" really"", "" actually"", "" just"", "" number"", "" what""]"
multihop,rlens_camila,holiday-valentines-monthnum,24,"["" month"", "" year"", "" months"", "" January"", "" season""]"
multihop,rlens_camila,holiday-valentines-monthnum,32,"["" calendar"", "" month"", ""calendar"", "" season"", "" date""]"
multihop,rlens_camila,holiday-valentines-monthnum,40,"["" month"", "" February"", "" Month"", "" calendar"", "" date""]"
multihop,rlens_camila,holiday-valentines-monthnum,48,"["" calendar"", "" month"", "" Month"", ""month"", ""\u6708\u4efd""]"
multihop,rlens_camila,holiday-valentines-monthnum,56,"["" February"", ""February"", "" January"", ""\u6d6a\u6f2b"", "" romantic""]"
multihop,jpp_released,holiday-valentines-monthnum,8,"["" month"", "" December"", "" months"", "" thanks"", "" only""]"
multihop,jpp_released,holiday-valentines-monthnum,16,"["" and"", "" in"", "" the"", "" a"", "" -""]"
multihop,jpp_released,holiday-valentines-monthnum,24,"["" year"", "" season"", "" month"", "" months"", "" winter""]"
multihop,jpp_released,holiday-valentines-monthnum,32,"["" season"", "" year"", "" calendar"", "" month"", "" February""]"
multihop,jpp_released,holiday-valentines-monthnum,40,"["" February"", "" month"", "" January"", "" March"", "" Month""]"
multihop,jpp_released,holiday-valentines-monthnum,48,"["" month"", "" Month"", "" calendar"", "" February"", ""month""]"
multihop,jpp_released,holiday-valentines-monthnum,56,"["" February"", "" month"", "" Valentine"", ""February"", "" January""]"
multihop,logit,month-1-godof,8,"[""/"", ""-"", "" *"", ""1"", "" a""]"
multihop,logit,month-1-godof,16,"[""/"", ""-"", "" t"", ""T"", "" and""]"
multihop,logit,month-1-godof,24,"[""/"", "" B"", "" b"", ""-"", "" R""]"
multihop,logit,month-1-godof,32,"[""/"", ""-"", "" b"", ""M"", "" r""]"
multihop,logit,month-1-godof,40,"[""\u97f3"", ""\u8d1e"", "" what"", ""\u62e5"", ""\u6d88""]"
multihop,logit,month-1-godof,48,"[""agi"", ""alent"", ""omy"", ""irt"", ""\u4f5c""]"
multihop,logit,month-1-godof,56,"["" beginnings"", "" mischief"", ""\u4ec0\u4e48"", ""\u4ec0\u4e48\u7684"", ""ills""]"
multihop,jlens_camila,month-1-godof,8,"[""weiler"", ""addy"", ""\u7b2c"", "".major"", "".logs""]"
multihop,jlens_camila,month-1-godof,16,"["" kinda"", "" alot"", "" didnt"", "" gotta"", "" thats""]"
multihop,jlens_camila,month-1-godof,24,"["" whats"", ""unknown"", ""\u4eca"", ""Lets"", "" alot""]"
multihop,jlens_camila,month-1-godof,32,"[""lict"", ""unknown"", ""include"", ""peci"", ""quir""]"
multihop,jlens_camila,month-1-godof,40,"[""lict"", ""include"", ""tribute"", "" didnt"", ""unknown""]"
multihop,jlens_camila,month-1-godof,48,"[""quot"", ""\u5443"", ""used"", ""\\t"", ""alyze""]"
multihop,jlens_camila,month-1-godof,56,"["" beginnings"", ""\u4ec0\u4e48\u610f\u601d"", "" mischief"", ""\\t"", ""\u5f00\u7aef""]"
multihop,rlens_camila,month-1-godof,8,"["" and"", "" even"", "" never"", "" nearly"", "" but""]"
multihop,rlens_camila,month-1-godof,16,"["" thats"", "" whats"", ""w"", ""ses"", ""ither""]"
multihop,rlens_camila,month-1-godof,24,"[""lict"", "" whats"", ""unknown"", ""oun"", ""rom""]"
multihop,rlens_camila,month-1-godof,32,"[""lict"", ""include"", ""1"", ""Quiz"", ""\u5443""]"
multihop,rlens_camila,month-1-godof,40,"[""1"", ""lict"", ""2"", ""0"", ""3""]"
multihop,rlens_camila,month-1-godof,48,"[""1"", "" -"", ""0"", ""2"", ""quot""]"
multihop,rlens_camila,month-1-godof,56,"["" beginnings"", ""\\n"", ""\\t"", ""\u4ec0\u4e48\u610f\u601d"", "" mischief""]"
multihop,jpp_released,month-1-godof,8,"[""\u7ebd\u7ea6"", "" bronze"", "" cittadin"", "" clocks"", ""\u79ba""]"
multihop,jpp_released,month-1-godof,16,"["" -"", "" Old"", "" and"", "" New"", ""th""]"
multihop,jpp_released,month-1-godof,24,"["" -"", ""lict"", ""2"", "" ancient"", "" unknown""]"
multihop,jpp_released,month-1-godof,32,"[""<|endoftext|>"", ""1"", ""2"", ""3"", ""4""]"
multihop,jpp_released,month-1-godof,40,"["" -"", "" of"", "" the"", "" The"", ""1""]"
multihop,jpp_released,month-1-godof,48,"[""1"", ""2"", ""0"", ""8"", ""3""]"
multihop,jpp_released,month-1-godof,56,"["" war"", "" and"", "" which"", "" beginning"", "" word""]"
multihop,logit,inv-roots-opposite,8,"[""/"", ""s"", ""-"", "" *"", ""R""]"
multihop,logit,inv-roots-opposite,16,"[""S"", ""P"", ""able"", ""/"", ""E""]"
multihop,logit,inv-roots-opposite,24,"[""S"", ""J"", ""-"", ""R"", ""s""]"
multihop,logit,inv-roots-opposite,32,"[""y"", ""-"", ""ute"", ""ing"", ""l""]"
multihop,logit,inv-roots-opposite,40,"[""\u5782\u76f4"", ""X"", ""\u7ad6\u76f4"", ""S"", ""\u7684\u65b9\u5411""]"
multihop,logit,inv-roots-opposite,48,"[""X"", ""opp"", ""S"", ""\u52a0\u62ff\u5927"", ""H""]"
multihop,logit,inv-roots-opposite,56,"["" upward"", "" upwards"", ""\u5411\u4e0a"", "" up"", "" toward""]"
multihop,jlens_camila,inv-roots-opposite,8,"[""ness"", ""s"", ""iest"", ""eness"", ""ynec""]"
multihop,jlens_camila,inv-roots-opposite,16,"[""s"", ""ness"", ""eness"", "" basically"", ""t""]"
multihop,jlens_camila,inv-roots-opposite,24,"[""ness"", ""eness"", ""s"", ""utr"", ""ousel""]"
multihop,jlens_camila,inv-roots-opposite,32,"[""ness"", ""eness"", ""alyze"", "" literal"", "" labeled""]"
multihop,jlens_camila,inv-roots-opposite,40,"["" direction"", ""Direction"", "" upward"", ""\u7684\u65b9\u5411"", ""direction""]"
multihop,jlens_camila,inv-roots-opposite,48,"["" direction"", ""Direction"", ""\u7684\u65b9\u5411"", ""direction"", "" directions""]"
multihop,jlens_camila,inv-roots-opposite,56,"["" upward"", "" upwards"", ""\u5411\u4e0a"", ""\u5411\u4e0a\u7684"", ""\u5f80\u4e0a""]"
multihop,rlens_camila,inv-roots-opposite,8,"[""s"", ""t"", "" basically"", ""m"", "" behavior""]"
multihop,rlens_camila,inv-roots-opposite,16,"[""s"", ""t"", "" basically"", "" really"", "" way""]"
multihop,rlens_camila,inv-roots-opposite,24,"[""s"", ""ness"", ""m"", ""t"", ""-""]"
multihop,rlens_camila,inv-roots-opposite,32,"[""-"", ""/"", ""ness"", ""s"", "" NOT""]"
multihop,rlens_camila,inv-roots-opposite,40,"["" direction"", ""\u7684\u65b9\u5411"", ""direction"", "" upward"", "" vertical""]"
multihop,rlens_camila,inv-roots-opposite,48,"["" direction"", ""\u7684\u65b9\u5411"", "" directions"", ""direction"", ""Direction""]"
multihop,rlens_camila,inv-roots-opposite,56,"["" upward"", "" upwards"", ""\u5411\u4e0a"", ""\u5f80\u4e0a"", ""\u5411\u4e0a\u7684""]"
multihop,jpp_released,inv-roots-opposite,8,"["" harbor"", ""ANCELED"", ""utoff"", ""\""s"", "" jewelry""]"
multihop,jpp_released,inv-roots-opposite,16,"["" Big"", ""s"", "" Trick"", "" Mystic"", "" Magic""]"
multihop,jpp_released,inv-roots-opposite,24,"["" direction"", "" -"", ""s"", "" sea"", "" wo""]"
multihop,jpp_released,inv-roots-opposite,32,"["" Earth"", ""m"", ""<|endoftext|>"", "" arrow"", "" -""]"
multihop,jpp_released,inv-roots-opposite,40,"["" -"", "" direction"", "" vertical"", "" sky"", "" upward""]"
multihop,jpp_released,inv-roots-opposite,48,"["" sky"", "" direction"", "" Earth"", "" earth"", "" directions""]"
multihop,jpp_released,inv-roots-opposite,56,"["" upward"", "" upwards"", "" up"", ""\u5411\u4e0a"", "" Up""]"
multihop,logit,rhyme-tree-squared,8,"[""-"", ""/"", "" a"", ""s"", "" A""]"
multihop,logit,rhyme-tree-squared,16,"["" B"", "" S"", ""ly"", ""l"", "" a""]"
multihop,logit,rhyme-tree-squared,24,"["" g"", "" m"", "" s"", ""/"", "" t""]"
multihop,logit,rhyme-tree-squared,32,"["" t"", ""\u5316"", "" x"", "" b"", "" B""]"
multihop,logit,rhyme-tree-squared,40,"[""\u4e58"", "" M"", ""\u79ef"", ""\u5408"", "" K""]"
multihop,logit,rhyme-tree-squared,48,"[""\u5e73\u65b9"", ""\u5076"", ""\u53cd"", ""\u559c"", ""\u6bd4""]"
multihop,logit,rhyme-tree-squared,56,"["" nine"", ""9"", ""\u5e73\u65b9"", "" square"", ""\u4e5d""]"
multihop,jlens_camila,rhyme-tree-squared,8,"["" maths"", "" sorry"", ""avourite"", ""\u9e9f"", ""licence""]"
multihop,jlens_camila,rhyme-tree-squared,16,"["" maths"", ""Cal"", "" cal"", ""_cal"", "" calculus""]"
multihop,jlens_camila,rhyme-tree-squared,24,"["" maths"", "" number"", "" squares"", "" squared"", "" square""]"
multihop,jlens_camila,rhyme-tree-squared,32,"["" maths"", "" mathematics"", "" mathematical"", "" arithmetic"", "" math""]"
multihop,jlens_camila,rhyme-tree-squared,40,"["" math"", "" maths"", "" mathematical"", ""\u6570\u5b66"", "" mathematics""]"
multihop,jlens_camila,rhyme-tree-squared,48,"[""\u5e73\u65b9"", "" squared"", "" square"", "" squares"", "" math""]"
multihop,jlens_camila,rhyme-tree-squared,56,"[""\u5e73\u65b9"", "" square"", "" nine"", "" squared"", "".square""]"
multihop,rlens_camila,rhyme-tree-squared,8,"["" because"", "" and"", "" really"", "" so"", "" a""]"
multihop,rlens_camila,rhyme-tree-squared,16,"["" actually"", "" really"", "" a"", "" and"", "" because""]"
multihop,rlens_camila,rhyme-tree-squared,24,"["" square"", "" squares"", "" number"", "" squared"", ""\u5e73\u65b9""]"
multihop,rlens_camila,rhyme-tree-squared,32,"["" square"", "" math"", "" mathematical"", "" squared"", "" arithmetic""]"
multihop,rlens_camila,rhyme-tree-squared,40,"[""\u5e73\u65b9"", "" math"", "" square"", "" mathematical"", "" squared""]"
multihop,rlens_camila,rhyme-tree-squared,48,"[""\u5e73\u65b9"", "" squared"", "" square"", "" squares"", "" math""]"
multihop,rlens_camila,rhyme-tree-squared,56,"[""\u5e73\u65b9"", "" square"", "" nine"", "" squared"", "".square""]"
multihop,jpp_released,rhyme-tree-squared,8,"["" only"", "" numbers"", "" and"", "" number"", "" because""]"
multihop,jpp_released,rhyme-tree-squared,16,"["" the"", "" and"", "" a"", "" The"", "" in""]"
multihop,jpp_released,rhyme-tree-squared,24,"["" square"", "" squares"", ""\u5e73\u65b9"", "" squared"", "" squ""]"
multihop,jpp_released,rhyme-tree-squared,32,"["" Square"", "" square"", "" Squ"", "" squared"", "" Cube""]"
multihop,jpp_released,rhyme-tree-squared,40,"["" square"", "" math"", "" mathematical"", "" mathematics"", ""\u5e73\u65b9""]"
multihop,jpp_released,rhyme-tree-squared,48,"[""\u5e73\u65b9"", "" square"", "" squared"", "" Square"", "" squares""]"
multihop,jpp_released,rhyme-tree-squared,56,"["" square"", "" Square"", "" squared"", "" squ"", "" cube""]"
multihop,logit,tajmahal-continent,8,"[""-"", ""/"", "" a"", "" *"", ""*""]"
multihop,logit,tajmahal-continent,16,"["" a"", ""F"", "" *"", ""/"", ""T""]"
multihop,logit,tajmahal-continent,24,"[""\u9646"", ""uto"", ""\u4e09\u5927"", "" g"", ""unge""]"
multihop,logit,tajmahal-continent,32,"["" B"", ""\u6d32"", "" C"", "" T"", "" G""]"
multihop,logit,tajmahal-continent,40,"["" India"", "" Indian"", ""\u5370\u5ea6"", ""\u5927\u9646"", ""\u4e9a\u6d32""]"
multihop,logit,tajmahal-continent,48,"[""\u7b2c\u4e8c\u5927"", "" largest"", "" half"", "" land"", ""\u534a\u7403""]"
multihop,logit,tajmahal-continent,56,"["" second"", ""\u7b2c\u4e8c"", "" Asia"", ""\u5357\u4e9a"", "" third""]"
multihop,jlens_camila,tajmahal-continent,8,"["" Whilst"", ""Whilst"", ""organisation"", "" **"", ""avourite""]"
multihop,jlens_camila,tajmahal-continent,16,"[""_cal"", ""Cal"", ""/cal"", "" alot"", "" CAL""]"
multihop,jlens_camila,tajmahal-continent,24,"["" continents"", "" continent"", ""continent"", "" size"", "" sizes""]"
multihop,jlens_camila,tajmahal-continent,32,"["" worldwide"", "" geography"", "" continents"", "" geographical"", "" planet""]"
multihop,jlens_camila,tajmahal-continent,40,"["" India"", ""\u5370\u5ea6"", ""India"", "" Indian"", ""\u5370\u5ea6\u7684""]"
multihop,jlens_camila,tajmahal-continent,48,"["" largest"", "" Asia"", "" continents"", "" India"", "" smaller""]"
multihop,jlens_camila,tajmahal-continent,56,"["" second"", ""\u7b2c\u4e8c"", ""second"", "" third"", ""\u5357\u4e9a""]"
multihop,rlens_camila,tajmahal-continent,8,"["" and"", "" very"", "" because"", "" only"", "" a""]"
multihop,rlens_camila,tajmahal-continent,16,"["" really"", "" average"", "" awesome"", ""<|im_end|>"", "" know""]"
multihop,rlens_camila,tajmahal-continent,24,"["" continent"", "" continents"", ""continent"", "" north"", "" islands""]"
multihop,rlens_camila,tajmahal-continent,32,"["" continent"", ""\u5730\u7406"", "" geography"", "" geographic"", ""continent""]"
multihop,rlens_camila,tajmahal-continent,40,"["" India"", ""\u5370\u5ea6"", ""India"", "" Indian"", ""\u5370\u5ea6\u7684""]"
multihop,rlens_camila,tajmahal-continent,48,"["" largest"", "" Asia"", "" continents"", "" continent"", "" smaller""]"
multihop,rlens_camila,tajmahal-continent,56,"["" second"", "" third"", ""\u5357\u4e9a"", ""\u7b2c\u4e8c"", "" Asia""]"
multihop,jpp_released,tajmahal-continent,8,"["" airl"", "" distances"", "" airports"", "" distance"", ""\u673a\u7968""]"
multihop,jpp_released,tajmahal-continent,16,"["" Atlantic"", "" Big"", "" Sky"", "" Florida"", "" Arizona""]"
multihop,jpp_released,tajmahal-continent,24,"["" continents"", "" continent"", "" oceans"", "" ocean"", "" countries""]"
multihop,jpp_released,tajmahal-continent,32,"["" continent"", "" continents"", "" Atlantic"", "" Africa"", "" geography""]"
multihop,jpp_released,tajmahal-continent,40,"["" India"", "" Indian"", ""India"", ""\u5370\u5ea6"", "" Asia""]"
multihop,jpp_released,tajmahal-continent,48,"["" Asia"", "" Asian"", ""Asia"", "" India"", "" continents""]"
multihop,jpp_released,tajmahal-continent,56,"["" Asia"", "" India"", ""Asia"", ""\u5357\u4e9a"", ""India""]"
multihop,logit,louvre-language,8,"[""-"", ""/"", "" a"", "" -"", ""*""]"
multihop,logit,louvre-language,16,"["" a"", ""F"", ""S"", ""E"", "" b""]"
multihop,logit,louvre-language,24,"["" V"", "" H"", ""/"", "" R"", "" S""]"
multihop,logit,louvre-language,32,"[""ing"", "" X"", "" C"", "" B"", "" U""]"
multihop,logit,louvre-language,40,"[""\u8f9b"", "" what"", ""iver"", ""eler"", "" B""]"
multihop,logit,louvre-language,48,"[""\u5c48"", ""\u53e3"", ""ivo"", ""amin"", ""iver""]"
multihop,logit,louvre-language,56,"["" blank"", ""blank"", ""\u7a7a\u767d"", "" Blank"", ""\u662f\u4ec0\u4e48""]"
multihop,jlens_camila,louvre-language,8,"[""Whilst"", "" Whilst"", ""<|im_end|>"", "" whilst"", "" learnt""]"
multihop,jlens_camila,louvre-language,16,"["" kinda"", "" yeah"", "" alot"", "" gonna"", "" doesnt""]"
multihop,jlens_camila,louvre-language,24,"["" alot"", "" thats"", ""VERY"", "" whats"", ""atable""]"
multihop,jlens_camila,louvre-language,32,"["" languages"", "" countries"", ""<|im_end|>"", ""\u8fd9\u53e5\u8bdd"", "" planet""]"
multihop,jlens_camila,louvre-language,40,"["" languages"", "" language"", ""\u8bed\u8a00"", "" Languages"", "" linguistic""]"
multihop,jlens_camila,louvre-language,48,"[""\u8bed\u8a00"", "" language"", ""\u82f1\u6587"", "" languages"", "" linguistic""]"
multihop,jlens_camila,louvre-language,56,"[""blank"", "" blank"", ""\u586b\u7a7a"", "" Blank"", ""\u4e2d\u6587""]"
multihop,rlens_camila,louvre-language,8,"["" very"", "" and"", "" really"", "" totally"", "" only""]"
multihop,rlens_camila,louvre-language,16,"["" whats"", "" really"", "" crazy"", ""<|im_end|>"", "" thats""]"
multihop,rlens_camila,louvre-language,24,"[""-"", "" very"", "" totally"", "" what"", "" much""]"
multihop,rlens_camila,louvre-language,32,"["" country"", "" countries"", "" language"", ""1"", "" languages""]"
multihop,rlens_camila,louvre-language,40,"["" language"", ""1"", "" English"", "" languages"", "" linguistic""]"
multihop,rlens_camila,louvre-language,48,"[""\u8bed\u8a00"", "" nationality"", "" language"", "" country"", ""1""]"
multihop,rlens_camila,louvre-language,56,"["" blank"", ""blank"", ""\u586b\u7a7a"", "" Blank"", ""\u4e2d\u6587""]"
multihop,jpp_released,louvre-language,8,"["" French"", "" only"", "" languages"", "" language"", ""\u6cd5\u8bed""]"
multihop,jpp_released,louvre-language,16,"["" Texas"", "" Million"", "" Virginia"", "" World"", "" Atlantic""]"
multihop,jpp_released,louvre-language,24,"["" countries"", "" -"", "" country"", "" foreign"", "" %""]"
multihop,jpp_released,louvre-language,32,"[""1"", ""2"", "" -"", ""3"", ""5""]"
multihop,jpp_released,louvre-language,40,"["" English"", "" -"", "" language"", "" %"", "" the""]"
multihop,jpp_released,louvre-language,48,"[""1"", ""2"", "" English"", ""8"", ""3""]"
multihop,jpp_released,louvre-language,56,"["" French"", "" blank"", "" language"", "" Spanish"", ""French""]"
multihop,logit,firstletter-halloween-month,8,"[""-"", ""/"", "" A"", ""s"", "" *""]"
multihop,logit,firstletter-halloween-month,16,"[""S"", ""s"", ""B"", ""F"", ""T""]"
multihop,logit,firstletter-halloween-month,24,"["" b"", "" B"", ""J"", ""S"", ""X""]"
multihop,logit,firstletter-halloween-month,32,"[""-"", "" b"", "" C"", "" X"", "" B""]"
multihop,logit,firstletter-halloween-month,40,"[""\u5b57\u6bcd"", ""C"", ""X"", "" B"", "" b""]"
multihop,logit,firstletter-halloween-month,48,"[""\u5b57\u6bcd"", "" H"", ""X"", ""\u559c"", ""ve""]"
multihop,logit,firstletter-halloween-month,56,"["" October"", ""October"", "" September"", "" November"", ""September""]"
multihop,jlens_camila,firstletter-halloween-month,8,"[""ness"", ""ization"", ""s"", ""utors"", ""ynec""]"
multihop,jlens_camila,firstletter-halloween-month,16,"[""ness"", ""s"", ""eness"", "" freaking"", ""spiracy""]"
multihop,jlens_camila,firstletter-halloween-month,24,"[""ness"", ""izer"", ""ynec"", ""eness"", ""ousel""]"
multihop,jlens_camila,firstletter-halloween-month,32,"[""\u5b57\u6bcd"", "" letters"", "" lowercase"", ""ometown"", "" freaking""]"
multihop,jlens_camila,firstletter-halloween-month,40,"[""\u5b57\u6bcd"", "" letters"", "" letter"", ""letter"", "" alphabet""]"
multihop,jlens_camila,firstletter-halloween-month,48,"[""\u5b57\u6bcd"", "" letters"", "" letter"", ""letter"", ""letters""]"
multihop,jlens_camila,firstletter-halloween-month,56,"["" October"", ""October"", "" September"", "" November"", ""September""]"
multihop,rlens_camila,firstletter-halloween-month,8,"[""s"", ""ness"", ""t"", "" really"", ""ynec""]"
multihop,rlens_camila,firstletter-halloween-month,16,"[""s"", "" basically"", ""m"", "" actually"", ""l""]"
multihop,rlens_camila,firstletter-halloween-month,24,"["" letters"", "" letter"", ""\u5b57\u6bcd"", ""letters"", ""s""]"
multihop,rlens_camila,firstletter-halloween-month,32,"["" letter"", ""\u5b57\u6bcd"", "" letters"", ""-letter"", ""letters""]"
multihop,rlens_camila,firstletter-halloween-month,40,"[""\u5b57\u6bcd"", "" letter"", "" letters"", ""letter"", ""-letter""]"
multihop,rlens_camila,firstletter-halloween-month,48,"[""\u5b57\u6bcd"", "" letters"", "" letter"", ""letter"", ""-letter""]"
multihop,rlens_camila,firstletter-halloween-month,56,"["" October"", ""October"", "" September"", "" November"", "" August""]"
multihop,jpp_released,firstletter-halloween-month,8,"[""\""s"", ""\""a"", ""\""https"", ""\""B"", ""\""W""]"
multihop,jpp_released,firstletter-halloween-month,16,"["" Big"", ""s"", "" Buzz"", "" Mystic"", "" Oklahoma""]"
multihop,jpp_released,firstletter-halloween-month,24,"["" letters"", "" letter"", ""\u5b57\u6bcd"", ""letters"", "" alphabet""]"
multihop,jpp_released,firstletter-halloween-month,32,"["" Letter"", ""-letter"", "" letter"", "" letters"", "" Letters""]"
multihop,jpp_released,firstletter-halloween-month,40,"[""\u5b57\u6bcd"", "" letter"", "" letters"", ""-letter"", ""letter""]"
multihop,jpp_released,firstletter-halloween-month,48,"[""\u5b57\u6bcd"", "" letter"", "" letters"", ""letter"", "" Letter""]"
multihop,jpp_released,firstletter-halloween-month,56,"["" October"", "" November"", "" September"", ""October"", ""\u5341\u6708""]"
multihop,logit,firstletter-valentines-month,8,"[""-"", ""/"", "" A"", ""s"", "" *""]"
multihop,logit,firstletter-valentines-month,16,"[""S"", ""s"", ""B"", ""ch"", ""F""]"
multihop,logit,firstletter-valentines-month,24,"["" b"", ""J"", ""S"", "" B"", ""X""]"
multihop,logit,firstletter-valentines-month,32,"[""-"", "" C"", ""y"", "" b"", ""ing""]"
multihop,logit,firstletter-valentines-month,40,"[""C"", ""\u5b57\u6bcd"", ""X"", "" b"", "" B""]"
multihop,logit,firstletter-valentines-month,48,"[""\u5b57\u6bcd"", ""H"", "" H"", ""X"", ""R""]"
multihop,logit,firstletter-valentines-month,56,"["" February"", "" March"", ""February"", "" May"", "" September""]"
multihop,jlens_camila,firstletter-valentines-month,8,"[""ness"", ""s"", ""ization"", ""ynec"", ""utors""]"
multihop,jlens_camila,firstletter-valentines-month,16,"[""s"", ""ness"", ""eness"", "" freaking"", ""ynec""]"
multihop,jlens_camila,firstletter-valentines-month,24,"[""ness"", ""izer"", ""ynec"", "" a\u0219a"", ""eness""]"
multihop,jlens_camila,firstletter-valentines-month,32,"[""\u5b57\u6bcd"", ""izer"", "" letters"", "" freaking"", ""ynec""]"
multihop,jlens_camila,firstletter-valentines-month,40,"[""\u5b57\u6bcd"", "" letters"", "" letter"", ""-letter"", ""letter""]"
multihop,jlens_camila,firstletter-valentines-month,48,"[""\u5b57\u6bcd"", "" letters"", "" letter"", ""letter"", ""letters""]"
multihop,jlens_camila,firstletter-valentines-month,56,"["" February"", ""February"", "" January"", "" March"", "" April""]"
multihop,rlens_camila,firstletter-valentines-month,8,"[""s"", ""ness"", "" neighborhood"", ""t"", ""m""]"
multihop,rlens_camila,firstletter-valentines-month,16,"[""s"", ""m"", ""l"", "" basically"", ""n""]"
multihop,rlens_camila,firstletter-valentines-month,24,"["" letters"", "" letter"", ""\u5b57\u6bcd"", ""s"", ""letters""]"
multihop,rlens_camila,firstletter-valentines-month,32,"["" letter"", "" letters"", ""\u5b57\u6bcd"", ""-letter"", ""letters""]"
multihop,rlens_camila,firstletter-valentines-month,40,"[""\u5b57\u6bcd"", "" letter"", "" letters"", ""-letter"", ""letter""]"
multihop,rlens_camila,firstletter-valentines-month,48,"[""\u5b57\u6bcd"", "" letters"", "" letter"", ""-letter"", ""letter""]"
multihop,rlens_camila,firstletter-valentines-month,56,"["" February"", "" March"", "" January"", ""February"", "" September""]"
multihop,jpp_released,firstletter-valentines-month,8,"[""Philadelphia"", ""\u7535\u6c14"", ""Detroit"", "" \u0412\u0435\u043d\u0435"", ""\""s""]"
multihop,jpp_released,firstletter-valentines-month,16,"["" Big"", "" Mystic"", "" Franc"", ""s"", "" Oklahoma""]"
multihop,jpp_released,firstletter-valentines-month,24,"["" letters"", "" letter"", ""\u5b57\u6bcd"", ""letters"", "" alphabet""]"
multihop,jpp_released,firstletter-valentines-month,32,"["" Letter"", ""-letter"", ""<|endoftext|>"", "" letter"", "" letters""]"
multihop,jpp_released,firstletter-valentines-month,40,"["" letter"", ""\u5b57\u6bcd"", "" letters"", ""-letter"", ""letter""]"
multihop,jpp_released,firstletter-valentines-month,48,"[""\u5b57\u6bcd"", "" letter"", "" letters"", ""letter"", ""-letter""]"
multihop,jpp_released,firstletter-valentines-month,56,"["" February"", "" January"", "" March"", "" April"", ""February""]"
multihop,logit,succ-halloween-nextmonth,8,"["" *"", ""/"", "" -"", "" a"", "" M""]"
multihop,logit,succ-halloween-nextmonth,16,"[""/"", "" a"", "" m"", ""ly"", ""\u6ce8""]"
multihop,logit,succ-halloween-nextmonth,24,"[""ly"", ""/"", "" M"", ""\u4e0b\u4e00\u4e2a"", "" a""]"
multihop,logit,succ-halloween-nextmonth,32,"[""\u4e00\u5b9a\u662f"", ""un"", ""\u5e8f"", ""enden"", ""ing""]"
multihop,logit,succ-halloween-nextmonth,40,"[""\u0151s"", ""\u8854"", ""\u54ea\u4e00\u4e2a"", ""iver"", ""aca""]"
multihop,logit,succ-halloween-nextmonth,48,"[""\u6d0b"", ""umper"", ""\u53eb\u505a"", ""Contain"", "" sap""]"
multihop,logit,succ-halloween-nextmonth,56,"[""\u7684\u7b2c"", ""\u7b2c"", "" preceded"", ""uban"", "" months""]"
multihop,jlens_camila,succ-halloween-nextmonth,8,"[""avourite"", "" sorry"", ""Whilst"", "" Whilst"", ""organisation""]"
multihop,jlens_camila,succ-halloween-nextmonth,16,"["" maths"", ""ancy"", "" Maths"", ""Really"", ""actly""]"
multihop,jlens_camila,succ-halloween-nextmonth,24,"["" month"", "" months"", "" bulan"", ""month"", ""-month""]"
multihop,jlens_camila,succ-halloween-nextmonth,32,"[""calendar"", "" month"", ""<|im_end|>"", ""month"", ""\u6708\u4efd""]"
multihop,jlens_camila,succ-halloween-nextmonth,40,"["" month"", "" Month"", ""month"", ""\u6708\u4efd"", "" calendar""]"
multihop,jlens_camila,succ-halloween-nextmonth,48,"["" month"", ""\u6708\u4efd"", "" Month"", "" calendar"", ""month""]"
multihop,jlens_camila,succ-halloween-nextmonth,56,"["" October"", "" November"", "" February"", "" months"", "" September""]"
multihop,rlens_camila,succ-halloween-nextmonth,8,"["" because"", "" really"", "" and"", "" very"", "" so""]"
multihop,rlens_camila,succ-halloween-nextmonth,16,"["" really"", "" because"", "" actually"", "" probably"", "" more""]"
multihop,rlens_camila,succ-halloween-nextmonth,24,"["" month"", "" months"", "" Month"", ""-month"", ""month""]"
multihop,rlens_camila,succ-halloween-nextmonth,32,"["" calendar"", "" month"", ""calendar"", "" NEXT"", "" cad""]"
multihop,rlens_camila,succ-halloween-nextmonth,40,"["" month"", "" Month"", "" calendar"", "" months"", ""\u6708\u4efd""]"
multihop,rlens_camila,succ-halloween-nextmonth,48,"["" month"", ""\u6708\u4efd"", "" months"", "" calendar"", "" Month""]"
multihop,rlens_camila,succ-halloween-nextmonth,56,"["" October"", "" February"", "" November"", "" January"", "" December""]"
multihop,jpp_released,succ-halloween-nextmonth,8,"["" months"", "" month"", "" monthly"", "".month"", ""\u6708\u4efd\u7684""]"
multihop,jpp_released,succ-halloween-nextmonth,16,"["" and"", "" the"", "" in"", "" a"", "" St""]"
multihop,jpp_released,succ-halloween-nextmonth,24,"["" month"", "" months"", ""month"", "" calendar"", "" year""]"
multihop,jpp_released,succ-halloween-nextmonth,32,"["" -"", "" February"", "" Month"", "" March"", "" month""]"
multihop,jpp_released,succ-halloween-nextmonth,40,"["" month"", "" February"", "" November"", "" January"", "" months""]"
multihop,jpp_released,succ-halloween-nextmonth,48,"["" month"", "" months"", "" calendar"", "" Month"", "" year""]"
multihop,jpp_released,succ-halloween-nextmonth,56,"["" months"", "" month"", "" November"", "" February"", "" December""]"
multihop,logit,pred-valentines-prevmonth,8,"[""-"", ""/"", "" *"", "" B"", "" A""]"
multihop,logit,pred-valentines-prevmonth,16,"[""S"", ""y"", ""/"", ""s"", ""F""]"
multihop,logit,pred-valentines-prevmonth,24,"[""S"", ""ly"", ""-"", "" a"", ""s""]"
multihop,logit,pred-valentines-prevmonth,32,"[""y"", ""-"", ""S"", ""s"", ""g""]"
multihop,logit,pred-valentines-prevmonth,40,"[""M"", ""X"", ""J"", ""s"", ""C""]"
multihop,logit,pred-valentines-prevmonth,48,"[""S"", ""M"", ""X"", ""C"", ""B""]"
multihop,logit,pred-valentines-prevmonth,56,"[""X"", "" February"", "" preceding"", "" preceded"", "" January""]"
multihop,jlens_camila,pred-valentines-prevmonth,8,"[""ness"", ""ization"", ""ynec"", ""anceled"", ""\u0d32\u0d4d""]"
multihop,jlens_camila,pred-valentines-prevmonth,16,"[""ness"", ""s"", ""eness"", ""cal"", ""m""]"
multihop,jlens_camila,pred-valentines-prevmonth,24,"[""ness"", ""izer"", ""ynec"", "" a\u0219a"", ""anceled""]"
multihop,jlens_camila,pred-valentines-prevmonth,32,"[""\u8fd9\u4e2a\u540d\u5b57"", ""izer"", "" rumored"", "" labeled"", ""name""]"
multihop,jlens_camila,pred-valentines-prevmonth,40,"["" month"", "" Month"", ""month"", ""\u6708\u4efd"", "" calendar""]"
multihop,jlens_camila,pred-valentines-prevmonth,48,"["" month"", ""\u6708\u4efd"", "" Month"", ""month"", "" calendar""]"
multihop,jlens_camila,pred-valentines-prevmonth,56,"["" February"", "" January"", "" November"", "" December"", "" month""]"
multihop,rlens_camila,pred-valentines-prevmonth,8,"["" theater"", "" neighborhood"", ""s"", ""t"", ""ization""]"
multihop,rlens_camila,pred-valentines-prevmonth,16,"[""s"", "" basically"", ""m"", "" really"", "" actually""]"
multihop,rlens_camila,pred-valentines-prevmonth,24,"[""s"", ""m"", ""t"", ""ater"", ""ness""]"
multihop,rlens_camila,pred-valentines-prevmonth,32,"["" name"", ""name"", ""\u8fd9\u4e2a\u540d\u5b57"", "" correctly"", ""Name""]"
multihop,rlens_camila,pred-valentines-prevmonth,40,"["" month"", "" Month"", ""\u6708\u4efd"", ""month"", "" calendar""]"
multihop,rlens_camila,pred-valentines-prevmonth,48,"["" month"", ""\u6708\u4efd"", "" name"", "" Month"", "" calendar""]"
multihop,rlens_camila,pred-valentines-prevmonth,56,"["" January"", "" February"", "" December"", "" November"", "" month""]"
multihop,jpp_released,pred-valentines-prevmonth,8,"[""utoff"", ""ANCELED"", ""Detroit"", "" Detroit"", "" a\u0219a""]"
multihop,jpp_released,pred-valentines-prevmonth,16,"["" Mystic"", "" Big"", "" Oklahoma"", "" Little"", "" Gust""]"
multihop,jpp_released,pred-valentines-prevmonth,24,"["" -"", ""s"", "" music"", "" the"", "" color""]"
multihop,jpp_released,pred-valentines-prevmonth,32,"["" History"", "" St"", "" -"", ""<|endoftext|>"", "" name""]"
multihop,jpp_released,pred-valentines-prevmonth,40,"["" month"", "" Month"", "" January"", "" February"", "" winter""]"
multihop,jpp_released,pred-valentines-prevmonth,48,"["" month"", "" Month"", "" name"", "" calendar"", "" January""]"
multihop,jpp_released,pred-valentines-prevmonth,56,"["" January"", "" month"", "" February"", "" December"", "" months""]"
multihop,logit,dual-stars-visible-opposite,8,"[""s"", "" *"", ""-"", ""/"", "" a""]"
multihop,logit,dual-stars-visible-opposite,16,"[""s"", ""S"", ""B"", ""er"", ""J""]"
multihop,logit,dual-stars-visible-opposite,24,"[""s"", ""S"", ""-"", ""\u9646"", ""R""]"
multihop,logit,dual-stars-visible-opposite,32,"[""y"", ""-"", ""l"", "" to"", ""r""]"
multihop,logit,dual-stars-visible-opposite,40,"[""y"", ""X"", ""-"", ""M"", "" a""]"
multihop,logit,dual-stars-visible-opposite,48,"[""S"", ""R"", ""H"", ""M"", ""X""]"
multihop,logit,dual-stars-visible-opposite,56,"["" daytime"", ""\u767d\u5929"", ""\u663c"", "" morning"", "" nighttime""]"
multihop,jlens_camila,dual-stars-visible-opposite,8,"[""ness"", ""anceled"", ""ynec"", ""ization"", ""iest""]"
multihop,jlens_camila,dual-stars-visible-opposite,16,"[""s"", ""ness"", ""eness"", ""m"", "" freaking""]"
multihop,jlens_camila,dual-stars-visible-opposite,24,"[""ness"", ""s"", ""eness"", ""niest"", "" freaking""]"
multihop,jlens_camila,dual-stars-visible-opposite,32,"[""ness"", "" labeled"", "" phrase"", ""\u8fd9\u4e2a\u8bcd"", "" literal""]"
multihop,jlens_camila,dual-stars-visible-opposite,40,"["" daytime"", "" daylight"", ""\u767d\u5929"", "" sunrise"", "" morning""]"
multihop,jlens_camila,dual-stars-visible-opposite,48,"["" daytime"", "" sunrise"", "" daylight"", ""\u767d\u5929"", "" morning""]"
multihop,jlens_camila,dual-stars-visible-opposite,56,"["" daytime"", ""\u767d\u5929"", "" morning"", ""\u663c"", "" nighttime""]"
multihop,rlens_camila,dual-stars-visible-opposite,8,"["" behavior"", ""anceled"", ""s"", "" theater"", "" neighborhood""]"
multihop,rlens_camila,dual-stars-visible-opposite,16,"[""s"", "" really"", "" actually"", ""t"", ""m""]"
multihop,rlens_camila,dual-stars-visible-opposite,24,"[""s"", ""ness"", ""t"", ""m"", "" really""]"
multihop,rlens_camila,dual-stars-visible-opposite,32,"[""\u8fd9\u4e2a\u8bcd"", ""-"", "" phrase"", ""/"", "" word""]"
multihop,rlens_camila,dual-stars-visible-opposite,40,"["" daytime"", "" daylight"", ""\u767d\u5929"", "" sunny"", "" sunrise""]"
multihop,rlens_camila,dual-stars-visible-opposite,48,"["" daytime"", "" sunrise"", "" sunny"", ""\u767d\u5929"", "" daylight""]"
multihop,rlens_camila,dual-stars-visible-opposite,56,"["" daytime"", ""\u767d\u5929"", ""\u663c"", "" morning"", "" nighttime""]"
multihop,jpp_released,dual-stars-visible-opposite,8,"[""ANCELED"", ""utoff"", ""\u6d1b\u6749\u77f6"", ""\""https"", "" harbor""]"
multihop,jpp_released,dual-stars-visible-opposite,16,"["" Arizona"", ""s"", "" Good"", "" Mystic"", "" Natural""]"
multihop,jpp_released,dual-stars-visible-opposite,24,"["" word"", "" words"", ""s"", "" -"", "" wo""]"
multihop,jpp_released,dual-stars-visible-opposite,32,"["" -"", ""<|endoftext|>"", "" S"", "" name"", "" The""]"
multihop,jpp_released,dual-stars-visible-opposite,40,"["" -"", "" night"", "" daytime"", "" daylight"", "" morning""]"
multihop,jpp_released,dual-stars-visible-opposite,48,"["" night"", "" daylight"", "" sunrise"", "" daytime"", "" sun""]"
multihop,jpp_released,dual-stars-visible-opposite,56,"["" daytime"", "" night"", ""\u767d\u5929"", "" nighttime"", "" morning""]"
multihop,logit,dual-photosynthesis-opposite,8,"[""-"", ""/"", ""s"", "" *"", ""M""]"
multihop,logit,dual-photosynthesis-opposite,16,"[""s"", ""S"", ""er"", "" s"", ""B""]"
multihop,logit,dual-photosynthesis-opposite,24,"[""s"", ""S"", ""-"", ""R"", "" g""]"
multihop,logit,dual-photosynthesis-opposite,32,"[""y"", ""-"", ""l"", "" to"", ""r""]"
multihop,logit,dual-photosynthesis-opposite,40,"[""y"", ""X"", ""O"", ""M"", ""-""]"
multihop,logit,dual-photosynthesis-opposite,48,"[""R"", ""X"", ""y"", ""S"", ""H""]"
multihop,logit,dual-photosynthesis-opposite,56,"["" night"", "" nighttime"", ""\u591c\u665a"", ""\u591c"", ""\u591c\u95f4""]"
multihop,jlens_camila,dual-photosynthesis-opposite,8,"[""ness"", ""ynec"", ""anceled"", ""ization"", ""celed""]"
multihop,jlens_camila,dual-photosynthesis-opposite,16,"[""s"", ""ness"", ""eness"", "" freaking"", ""Really""]"
multihop,jlens_camila,dual-photosynthesis-opposite,24,"[""ness"", ""s"", ""eness"", ""niest"", "" freaking""]"
multihop,jlens_camila,dual-photosynthesis-opposite,32,"[""ness"", "" labeled"", "" literal"", ""\u53eb\u505a"", ""\u8fd9\u4e2a\u540d\u5b57""]"
multihop,jlens_camila,dual-photosynthesis-opposite,40,"["" nighttime"", "" daytime"", ""\u9ed1\u591c"", "" night"", ""\u591c\u665a""]"
multihop,jlens_camila,dual-photosynthesis-opposite,48,"["" nighttime"", "" night"", "" daytime"", "" sunrise"", ""\u591c\u665a""]"
multihop,jlens_camila,dual-photosynthesis-opposite,56,"["" night"", "" nighttime"", ""\u591c\u665a"", ""\u591c\u95f4"", ""night""]"
multihop,rlens_camila,dual-photosynthesis-opposite,8,"["" behavior"", "" theater"", "" neighborhood"", ""s"", ""anceled""]"
multihop,rlens_camila,dual-photosynthesis-opposite,16,"[""s"", "" really"", "" actually"", "" REALLY"", ""Really""]"
multihop,rlens_camila,dual-photosynthesis-opposite,24,"[""s"", ""ness"", "" really"", ""t"", ""m""]"
multihop,rlens_camila,dual-photosynthesis-opposite,32,"[""\u8fd9\u4e2a\u8bcd"", "" phrase"", "" called"", ""-"", "" word""]"
multihop,rlens_camila,dual-photosynthesis-opposite,40,"["" nighttime"", "" night"", "" daytime"", ""\u8fd9\u4e2a\u8bcd"", ""s""]"
multihop,rlens_camila,dual-photosynthesis-opposite,48,"["" night"", "" nighttime"", ""\u8fd9\u4e2a\u8bcd"", ""s"", "" sunrise""]"
multihop,rlens_camila,dual-photosynthesis-opposite,56,"["" night"", "" nighttime"", ""\u591c\u665a"", ""\u591c\u95f4"", ""night""]"
multihop,jpp_released,dual-photosynthesis-opposite,8,"[""ANCELED"", ""utoff"", "" harbor"", "" aluminum"", ""\""https""]"
multihop,jpp_released,dual-photosynthesis-opposite,16,"["" Arizona"", ""s"", "" Mystic"", "" Natural"", "" Little""]"
multihop,jpp_released,dual-photosynthesis-opposite,24,"["" word"", ""s"", "" words"", "" wo"", "" -""]"
multihop,jpp_released,dual-photosynthesis-opposite,32,"["" -"", ""<|endoftext|>"", "" name"", "" Wh"", "" St""]"
multihop,jpp_released,dual-photosynthesis-opposite,40,"["" night"", "" -"", "" nighttime"", "" word"", "" day""]"
multihop,jpp_released,dual-photosynthesis-opposite,48,"["" night"", "" word"", "" nighttime"", "" day"", "" time""]"
multihop,jpp_released,dual-photosynthesis-opposite,56,"["" night"", "" nighttime"", ""Night"", "" Night"", ""night""]"
multihop,logit,double-dice-faces,8,"[""-"", ""/"", "" a"", "" A"", "" S""]"
multihop,logit,double-dice-faces,16,"[""-"", "" A"", "" S"", ""S"", ""/""]"
multihop,logit,double-dice-faces,24,"[""/"", ""M"", ""-"", "" M"", "" l""]"
multihop,logit,double-dice-faces,32,"["" equal"", "" E"", "" S"", "" correctly"", ""ing""]"
multihop,logit,double-dice-faces,40,"["" number"", ""\u8fd9\u4e2a\u6570\u5b57"", ""umber"", ""\u662f\u591a\u5c11"", ""\u7b49\u4e8e""]"
multihop,logit,double-dice-faces,48,"[""\u5076"", ""ifold"", ""\u5e03"", ""\u6715"", ""umber""]"
multihop,logit,double-dice-faces,56,"[""\u5341\u4e8c"", ""\u5341\u4e8c\u6761"", "" twelve"", "" six"", "" faces""]"
multihop,jlens_camila,double-dice-faces,8,"["" maths"", ""avourite"", "" Maths"", ""organisation"", ""Centre""]"
multihop,jlens_camila,double-dice-faces,16,"["" maths"", "" Maths"", ""Whilst"", "" kinda"", "" alot""]"
multihop,jlens_camila,double-dice-faces,24,"["" alot"", ""eness"", "" something"", "" whats"", "" thats""]"
multihop,jlens_camila,double-dice-faces,32,"["" why"", "" amount"", "" math"", ""\u4e3a\u4ec0\u4e48"", "" maths""]"
multihop,jlens_camila,double-dice-faces,40,"["" number"", ""\u8fd9\u4e2a\u6570\u5b57"", ""number"", "" NUMBER"", "" numbers""]"
multihop,jlens_camila,double-dice-faces,48,"["" number"", ""number"", ""\u7ffb\u500d"", "" eight"", ""\u603b\u6570""]"
multihop,jlens_camila,double-dice-faces,56,"[""\u5341\u4e8c"", "" twelve"", ""\u5341\u4e8c\u6761"", "" faces"", ""faces""]"
multihop,rlens_camila,double-dice-faces,8,"["" because"", "" and"", "" a"", "" really"", "" but""]"
multihop,rlens_camila,double-dice-faces,16,"["" and"", "" a"", "" one"", "" more"", "" only""]"
multihop,rlens_camila,double-dice-faces,24,"["" really"", "" good"", "" number"", "" something"", "" why""]"
multihop,rlens_camila,double-dice-faces,32,"["" number"", "" amount"", "" equal"", "" correctly"", "" average""]"
multihop,rlens_camila,double-dice-faces,40,"["" number"", ""number"", ""\u8fd9\u4e2a\u6570\u5b57"", "" numbers"", "" Number""]"
multihop,rlens_camila,double-dice-faces,48,"["" number"", ""number"", ""\u7ffb\u500d"", ""\u5076"", ""\u6570\u5b66""]"
multihop,rlens_camila,double-dice-faces,56,"[""\u5341\u4e8c"", "" twelve"", ""\u5341\u4e8c\u6761"", "" faces"", ""faces""]"
multihop,jpp_released,double-dice-faces,8,"["" only"", "" thanks"", "" and"", "" extra"", "" how""]"
multihop,jpp_released,double-dice-faces,16,"["" and"", "" the"", "" a"", "" in"", "" -""]"
multihop,jpp_released,double-dice-faces,24,"["" -"", "" number"", "" good"", "" %"", "" much""]"
multihop,jpp_released,double-dice-faces,32,"["" -"", "" number"", ""2"", "" a"", ""1""]"
multihop,jpp_released,double-dice-faces,40,"["" number"", "" numbers"", "" six"", "" -"", "" Number""]"
multihop,jpp_released,double-dice-faces,48,"["" number"", ""number"", "" six"", "" eight"", ""6""]"
multihop,jpp_released,double-dice-faces,56,"["" cube"", "" dice"", "" faces"", ""Dice"", "" face""]"
multihop,logit,dbl-armistice-antonym,8,"[""-"", ""/"", ""s"", "" S"", ""V""]"
multihop,logit,dbl-armistice-antonym,16,"[""s"", "" S"", ""B"", ""ob"", "" B""]"
multihop,logit,dbl-armistice-antonym,24,"["" g"", ""s"", ""\u9006"", ""\u4ec0\u4e48\u5462"", "" B""]"
multihop,logit,dbl-armistice-antonym,32,"[""op"", ""opl"", ""s"", ""res"", ""rr""]"
multihop,logit,dbl-armistice-antonym,40,"["" peace"", ""X"", ""S"", ""s"", ""/""]"
multihop,logit,dbl-armistice-antonym,48,"["" something"", ""\u66f0"", "" peace"", ""\u683c\u62c9"", ""\u53eb\u505a""]"
multihop,logit,dbl-armistice-antonym,56,"["" peace"", ""\u548c\u5e73"", "" Peace"", "" peaceful"", ""peace""]"
multihop,jlens_camila,dbl-armistice-antonym,8,"[""ness"", ""iest"", ""s"", ""ization"", ""ynec""]"
multihop,jlens_camila,dbl-armistice-antonym,16,"[""ness"", ""s"", "" freaking"", ""eness"", "" weird""]"
multihop,jlens_camila,dbl-armistice-antonym,24,"[""ness"", ""s"", ""eness"", "" freaking"", ""zinho""]"
multihop,jlens_camila,dbl-armistice-antonym,32,"["" freaking"", "" oppos"", "" literal"", "" fucking"", "" opposite""]"
multihop,jlens_camila,dbl-armistice-antonym,40,"["" peace"", "" peaceful"", ""peace"", "" opposing"", "" oppos""]"
multihop,jlens_camila,dbl-armistice-antonym,48,"["" peace"", "" peaceful"", ""peace"", ""\u53cd\u4e49\u8bcd"", "" words""]"
multihop,jlens_camila,dbl-armistice-antonym,56,"["" peace"", ""\u548c\u5e73"", ""peace"", "" Peace"", "" peaceful""]"
multihop,rlens_camila,dbl-armistice-antonym,8,"[""s"", ""\""s"", "" stuff"", ""m"", ""t""]"
multihop,rlens_camila,dbl-armistice-antonym,16,"[""s"", "" really"", "" actually"", ""t"", ""n""]"
multihop,rlens_camila,dbl-armistice-antonym,24,"[""s"", "" literally"", "" opposite"", "" really"", "" something""]"
multihop,rlens_camila,dbl-armistice-antonym,32,"["" opposite"", "" oppos"", ""\u76f8\u53cd\u7684"", "" opposing"", ""\u76f8\u53cd""]"
multihop,rlens_camila,dbl-armistice-antonym,40,"["" peace"", ""\u548c\u5e73"", "" oppos"", "" Peace"", "" peaceful""]"
multihop,rlens_camila,dbl-armistice-antonym,48,"["" peace"", "" peaceful"", ""peace"", "" words"", "" Peace""]"
multihop,rlens_camila,dbl-armistice-antonym,56,"["" peace"", ""\u548c\u5e73"", "" Peace"", ""peace"", "" peaceful""]"
multihop,jpp_released,dbl-armistice-antonym,8,"[""\""https"", "" \u0412\u0435\u043d\u0435"", ""Philadelphia"", "" aluminum"", ""\""a""]"
multihop,jpp_released,dbl-armistice-antonym,16,"["" Arizona"", "" Texas"", ""s"", "" Nic"", "" Oklahoma""]"
multihop,jpp_released,dbl-armistice-antonym,24,"["" opposite"", "" words"", "" word"", "" oppos"", "" -""]"
multihop,jpp_released,dbl-armistice-antonym,32,"["" Black"", "" opposite"", "" Russian"", "" opposing"", "" American""]"
multihop,jpp_released,dbl-armistice-antonym,40,"["" peace"", "" war"", "" Peace"", ""\u548c\u5e73"", "" -""]"
multihop,jpp_released,dbl-armistice-antonym,48,"["" peace"", "" Peace"", "" war"", "" peaceful"", ""peace""]"
multihop,jpp_released,dbl-armistice-antonym,56,"["" peace"", ""\u548c\u5e73"", ""peace"", "" Peace"", ""Peace""]"
multihop,logit,dbl-obituary-antonym,8,"[""-"", ""/"", ""s"", "" S"", "" A""]"
multihop,logit,dbl-obituary-antonym,16,"[""s"", ""P"", "" s"", ""b"", ""d""]"
multihop,logit,dbl-obituary-antonym,24,"[""s"", ""-"", ""R"", "" g"", "" R""]"
multihop,logit,dbl-obituary-antonym,32,"[""-"", ""s"", ""l"", ""op"", ""/""]"
multihop,logit,dbl-obituary-antonym,40,"["" death"", ""\u6b7b\u4ea1"", ""\u6d3b\u7740"", "" alive"", "" Death""]"
multihop,logit,dbl-obituary-antonym,48,"["" death"", ""\u6d3b"", ""\u6b7b\u4ea1"", ""H"", "" live""]"
multihop,logit,dbl-obituary-antonym,56,"["" birth"", "" life"", ""\u51fa\u751f"", "" alive"", ""birth""]"
multihop,jlens_camila,dbl-obituary-antonym,8,"[""ness"", ""s"", ""ization"", ""eness"", ""iest""]"
multihop,jlens_camila,dbl-obituary-antonym,16,"[""s"", ""ness"", "" freaking"", ""eness"", "" basically""]"
multihop,jlens_camila,dbl-obituary-antonym,24,"[""ness"", ""s"", ""eness"", ""zinho"", "" freaking""]"
multihop,jlens_camila,dbl-obituary-antonym,32,"["" famous"", ""s"", ""ness"", "" freaking"", "" words""]"
multihop,jlens_camila,dbl-obituary-antonym,40,"["" death"", ""\u6b7b\u4ea1"", ""death"", "" Death"", ""Death""]"
multihop,jlens_camila,dbl-obituary-antonym,48,"["" death"", "" alive"", ""death"", "" Death"", ""\u6b7b\u4ea1""]"
multihop,jlens_camila,dbl-obituary-antonym,56,"["" birth"", ""birth"", "" alive"", ""\u51fa\u751f"", "" births""]"
multihop,rlens_camila,dbl-obituary-antonym,8,"[""s"", ""\""s"", ""t"", ""m"", "" stuff""]"
multihop,rlens_camila,dbl-obituary-antonym,16,"[""s"", "" really"", "" actually"", ""t"", ""n""]"
multihop,rlens_camila,dbl-obituary-antonym,24,"[""s"", "" really"", "" literally"", ""t"", ""n""]"
multihop,rlens_camila,dbl-obituary-antonym,32,"[""s"", ""-"", ""/"", ""l"", "" -""]"
multihop,rlens_camila,dbl-obituary-antonym,40,"["" death"", "" Death"", ""\u6b7b\u4ea1"", ""death"", ""Death""]"
multihop,rlens_camila,dbl-obituary-antonym,48,"["" death"", "" Death"", "" life"", "" alive"", ""death""]"
multihop,rlens_camila,dbl-obituary-antonym,56,"["" birth"", ""birth"", ""\u51fa\u751f"", "" alive"", "" born""]"
multihop,jpp_released,dbl-obituary-antonym,8,"[""\""s"", ""\""B"", ""\""a"", ""\""https"", "" colors""]"
multihop,jpp_released,dbl-obituary-antonym,16,"[""s"", "" Nic"", "" Texas"", "" Arizona"", "" Good""]"
multihop,jpp_released,dbl-obituary-antonym,24,"["" -"", ""s"", "" word"", "" wo"", "" old""]"
multihop,jpp_released,dbl-obituary-antonym,32,"["" -"", "" a"", "" or"", "" S"", "" Black""]"
multihop,jpp_released,dbl-obituary-antonym,40,"["" death"", "" Death"", "" life"", "" deaths"", ""death""]"
multihop,jpp_released,dbl-obituary-antonym,48,"["" death"", "" life"", "" Death"", "" deaths"", ""death""]"
multihop,jpp_released,dbl-obituary-antonym,56,"["" birth"", "" life"", ""birth"", "" alive"", "" born""]"
multihop,logit,dbl-altitude-antonym,8,"[""-"", ""/"", ""s"", "" S"", "" A""]"
multihop,logit,dbl-altitude-antonym,16,"[""s"", ""b"", ""able"", ""B"", "" W""]"
multihop,logit,dbl-altitude-antonym,24,"[""s"", ""\u9646"", "" g"", ""\u53cd"", ""-""]"
multihop,logit,dbl-altitude-antonym,32,"[""-"", ""rot"", ""s"", ""il"", ""\u4ec0\u4e48\u5462""]"
multihop,logit,dbl-altitude-antonym,40,"[""L"", ""R"", ""X"", ""ad"", ""-""]"
multihop,logit,dbl-altitude-antonym,48,"["" ground"", ""ground"", ""S"", ""R"", "" low""]"
multihop,logit,dbl-altitude-antonym,56,"["" low"", ""\u4f4e"", ""low"", ""\u4f4e\u7684"", "" lower""]"
multihop,jlens_camila,dbl-altitude-antonym,8,"[""ness"", ""anceled"", ""ynec"", ""ization"", "" theater""]"
multihop,jlens_camila,dbl-altitude-antonym,16,"["" freaking"", ""s"", ""ness"", "" REALLY"", ""zinho""]"
multihop,jlens_camila,dbl-altitude-antonym,24,"[""ness"", ""s"", ""zinho"", ""eness"", "" freaking""]"
multihop,jlens_camila,dbl-altitude-antonym,32,"["" freaking"", ""ness"", "" labeled"", "" weird"", "" words""]"
multihop,jlens_camila,dbl-altitude-antonym,40,"["" downward"", "" height"", ""\u63a5\u5730\u6c14"", ""\u8d8a\u4f4e"", "" tallest""]"
multihop,jlens_camila,dbl-altitude-antonym,48,"["" low"", "" height"", "" tallest"", "" tall"", "" lower""]"
multihop,jlens_camila,dbl-altitude-antonym,56,"["" low"", ""low"", ""\u4f4e"", ""\u5f88\u4f4e"", ""\u8f83\u4f4e""]"
multihop,rlens_camila,dbl-altitude-antonym,8,"[""s"", "" theater"", ""anceled"", "" neighborhood"", "" behavior""]"
multihop,rlens_camila,dbl-altitude-antonym,16,"[""s"", "" really"", "" actually"", "" someone"", "" freaking""]"
multihop,rlens_camila,dbl-altitude-antonym,24,"[""s"", "" literally"", "" anything"", "" really"", "" something""]"
multihop,rlens_camila,dbl-altitude-antonym,32,"[""s"", "" opposite"", ""-"", "" oppos"", ""/""]"
multihop,rlens_camila,dbl-altitude-antonym,40,"["" height"", "" low"", "" downward"", "" Earth"", "" tall""]"
multihop,rlens_camila,dbl-altitude-antonym,48,"["" low"", "" height"", "" tall"", "" ground"", ""ground""]"
multihop,rlens_camila,dbl-altitude-antonym,56,"["" low"", ""low"", ""\u4f4e"", ""\u5f88\u4f4e"", "" lower""]"
multihop,jpp_released,dbl-altitude-antonym,8,"[""\""https"", "" fish"", "" \u0412\u0435\u043d\u0435"", ""\u6c34\u4ea7"", "" Philadelphia""]"
multihop,jpp_released,dbl-altitude-antonym,16,"["" Arizona"", ""s"", "" Oklahoma"", "" Trick"", "" Nic""]"
multihop,jpp_released,dbl-altitude-antonym,24,"["" words"", "" wo"", "" word"", "" -"", "" old""]"
multihop,jpp_released,dbl-altitude-antonym,32,"["" -"", "" war"", "" a"", "" American"", "" Black""]"
multihop,jpp_released,dbl-altitude-antonym,40,"["" low"", "" -"", "" height"", "" bottom"", "" ground""]"
multihop,jpp_released,dbl-altitude-antonym,48,"["" low"", "" height"", "" ground"", "" tall"", "" lower""]"
multihop,jpp_released,dbl-altitude-antonym,56,"["" low"", ""low"", "" ground"", ""-low"", ""Low""]"
multilingual,logit,french-season-summer,8,"["" P"", "" to"", "" in"", "" I"", "" T""]"
multilingual,logit,french-season-summer,16,"["" a"", "" to"", "" I"", ""-"", "" l""]"
multilingual,logit,french-season-summer,24,"["" and"", "" Le"", "" **"", "" or"", "" *""]"
multilingual,logit,french-season-summer,32,"[""va"", ""-"", "" *"", "" part"", "" **""]"
multilingual,logit,french-season-summer,40,"["" part"", ""\u79cb\u5b63"", "" a"", "" et"", ""di""]"
multilingual,logit,french-season-summer,48,"["" /"", ""\u5730\u4e0a"", "" part"", "" a"", ""ep""]"
multilingual,logit,french-season-summer,56,"["" autumn"", "" Autumn"", "" winter"", ""\u79cb\u5b63"", ""\u51ac""]"
multilingual,jlens_camila,french-season-summer,8,"[""ness"", ""tures"", ""annya"", ""\u4eba\u559c\u6b22"", ""entication""]"
multilingual,jlens_camila,french-season-summer,16,"[""ness"", ""ical"", ""annya"", ""able"", ""ability""]"
multilingual,jlens_camila,french-season-summer,24,"[""\u5b63\u8282"", "" seasonal"", "" season"", ""season"", ""\u7684\u5b63\u8282""]"
multilingual,jlens_camila,french-season-summer,32,"["" seasonal"", "" season"", "" garden"", "" natural"", "" winter""]"
multilingual,jlens_camila,french-season-summer,40,"["" seasonal"", "" autumn"", "" season"", ""\u5b63\u8282"", "" winter""]"
multilingual,jlens_camila,french-season-summer,48,"["" autumn"", "" winter"", "" garden"", "" season"", "" seasonal""]"
multilingual,jlens_camila,french-season-summer,56,"["" autumn"", "" Autumn"", "" winter"", ""\u79cb\u5929"", ""\u79cb\u5b63""]"
multilingual,rlens_camila,french-season-summer,8,"["" -"", "" to"", "" and"", "" of"", "" a""]"
multilingual,rlens_camila,french-season-summer,16,"["" and"", "" a"", "" more"", "" to"", "" in""]"
multilingual,rlens_camila,french-season-summer,24,"["" season"", "" seasonal"", "" summer"", "" year"", "" winter""]"
multilingual,rlens_camila,french-season-summer,32,"["" season"", "" seasonal"", ""-"", "" natural"", "" of""]"
multilingual,rlens_camila,french-season-summer,40,"["" seasonal"", "" season"", "" autumn"", "" winter"", ""\u5b63\u8282""]"
multilingual,rlens_camila,french-season-summer,48,"["" autumn"", "" season"", "" seasonal"", "" winter"", "" garden""]"
multilingual,rlens_camila,french-season-summer,56,"["" autumn"", "" Autumn"", "" winter"", ""\u79cb\u5929"", ""\u79cb\u5b63""]"
multilingual,jpp_released,french-season-summer,8,"[""\u6cd5\u56fd"", ""French"", ""\u6cd5\u8bed"", "" French"", ""\u5df4\u9ece""]"
multilingual,jpp_released,french-season-summer,16,"["" Baptist"", "" and"", "" Land"", "" Texas"", "" season""]"
multilingual,jpp_released,french-season-summer,24,"["" season"", "" seasonal"", "" garden"", "" plant"", "" winter""]"
multilingual,jpp_released,french-season-summer,32,"["" seasonal"", "" season"", "" seasons"", "" Season"", "" garden""]"
multilingual,jpp_released,french-season-summer,40,"["" season"", "" winter"", "" seasonal"", "" summer"", "" autumn""]"
multilingual,jpp_released,french-season-summer,48,"["" winter"", "" autumn"", "" season"", "" seasonal"", "" summer""]"
multilingual,jpp_released,french-season-summer,56,"["" autumn"", ""\u79cb\u5929"", "" Autumn"", "" winter"", "" season""]"
multilingual,logit,dutch-opposite-big,8,"[""/"", "" *"", ""-"", "" T"", ""\u7167""]"
multilingual,logit,dutch-opposite-big,16,"["" l"", "" a"", "" L"", ""s"", "" U""]"
multilingual,logit,dutch-opposite-big,24,"[""\u4ec0\u4e48\u5462"", "" opposite"", "" bu"", "" bab"", ""\u73e0""]"
multilingual,logit,dutch-opposite-big,32,"[""\u751f\u610f"", ""kind"", "" diam"", "" kind"", ""\u544a""]"
multilingual,logit,dutch-opposite-big,40,"["" something"", ""\u544a"", ""Opp"", ""opp"", ""\u6d88""]"
multilingual,logit,dutch-opposite-big,48,"[""\u5c65\u884c\u5408\u540c"", ""\u5c48"", ""\u78ca"", ""apy"", ""\u91c7""]"
multilingual,logit,dutch-opposite-big,56,"[""\u9009\u9879"", "" smaller"", "" small"", ""Select"", ""\u586b""]"
multilingual,jlens_camila,dutch-opposite-big,8,"[""organisation"", ""ough"", "" sorry"", "" Portugu"", "" Biggest""]"
multilingual,jlens_camila,dutch-opposite-big,16,"["" maths"", ""Really"", "" sorry"", "" yeah"", "" maybe""]"
multilingual,jlens_camila,dutch-opposite-big,24,"[""licence"", ""Organisation"", "" maths"", ""centre"", ""colour""]"
multilingual,jlens_camila,dutch-opposite-big,32,"[""colour"", "" colours"", "" humour"", ""Colour"", ""centre""]"
multilingual,jlens_camila,dutch-opposite-big,40,"[""\u53cd\u4e49\u8bcd"", "" noun"", ""\u8fd9\u4e2a\u8bcd"", "" nouns"", "" words""]"
multilingual,jlens_camila,dutch-opposite-big,48,"["" noun"", ""\u586b\u7a7a"", "" synonyms"", "" lowercase"", "" shortest""]"
multilingual,jlens_camila,dutch-opposite-big,56,"["" small"", "" smaller"", ""small"", "" smallest"", ""\u5c0f\u5de7""]"
multilingual,rlens_camila,dutch-opposite-big,8,"["" really"", "" actually"", "" bigger"", "" big"", "" things""]"
multilingual,rlens_camila,dutch-opposite-big,16,"["" really"", "" what"", "" because"", "" whatever"", "" maybe""]"
multilingual,rlens_camila,dutch-opposite-big,24,"["" opposite"", "" oppos"", ""\u76f8\u53cd\u7684"", ""\u53cd\u4e49\u8bcd"", ""\u76f8\u53cd""]"
multilingual,rlens_camila,dutch-opposite-big,32,"["" opposite"", "" oppos"", ""colour"", "" colours"", "" words""]"
multilingual,rlens_camila,dutch-opposite-big,40,"[""\u53cd\u4e49\u8bcd"", ""\u8fd9\u4e2a\u8bcd"", "" oppos"", "" noun"", "" words""]"
multilingual,rlens_camila,dutch-opposite-big,48,"[""\u586b\u7a7a"", ""\u9020\u53e5"", "" noun"", "" synonyms"", ""\u53e5\u5b50""]"
multilingual,rlens_camila,dutch-opposite-big,56,"["" small"", "" smaller"", ""small"", ""\u9009\u9879"", "" smallest""]"
multilingual,jpp_released,dutch-opposite-big,8,"["" big"", "" bigger"", "" biggest"", "" huge"", "" giant""]"
multilingual,jpp_released,dutch-opposite-big,16,"[""\u5ce1"", "" Florida"", "" -"", "" Newton"", "" Al""]"
multilingual,jpp_released,dutch-opposite-big,24,"["" opposite"", "" oppos"", "" words"", ""2"", "" wo""]"
multilingual,jpp_released,dutch-opposite-big,32,"[""2"", "" -"", ""0"", ""1"", ""3""]"
multilingual,jpp_released,dutch-opposite-big,40,"["" -"", "" word"", "" %"", "" size"", "" a""]"
multilingual,jpp_released,dutch-opposite-big,48,"[""1"", ""2"", ""0"", ""3"", ""5""]"
multilingual,jpp_released,dutch-opposite-big,56,"["" small"", "" word"", "" smaller"", ""small"", "" SMALL""]"
multilingual,logit,hindi-color-snow,8,"[""-"", ""/"", ""<|endoftext|>"", ""P"", "" M""]"
multilingual,logit,hindi-color-snow,16,"[""-"", "" -"", "" a"", "" as"", ""v""]"
multilingual,logit,hindi-color-snow,24,"[""De"", ""\u6cbb"", ""-"", ""/"", ""ile""]"
multilingual,logit,hindi-color-snow,32,"["" I"", "" a"", ""M"", ""/"", ""apun""]"
multilingual,logit,hindi-color-snow,40,"[""iver"", ""\u7eed"", "" -"", ""ugi"", ""\u5a18""]"
multilingual,logit,hindi-color-snow,48,"[""\u65bd"", "" -"", ""\u68cd"", "" /"", ""\u7684\u4e3b""]"
multilingual,logit,hindi-color-snow,56,"[""\u4e3a\u4ec0\u4e48"", "" why"", ""\u767d\u8272"", ""why"", ""\u4e3a\u5565""]"
multilingual,jlens_camila,hindi-color-snow,8,"[""\u7136"", ""licated"", ""ording"", ""erson"", ""ough""]"
multilingual,jlens_camila,hindi-color-snow,16,"["" upto"", "" alot"", "" kinda"", ""\u505a\u4e3a"", "" didnt""]"
multilingual,jlens_camila,hindi-color-snow,24,"["" alot"", "" doesnt"", "" upto"", "" thats"", "" didnt""]"
multilingual,jlens_camila,hindi-color-snow,32,"["" doesnt"", "" colors"", "" Hindi"", "" hindi"", ""colors""]"
multilingual,jlens_camila,hindi-color-snow,40,"["" Hindi"", "" Indian"", "" hindi"", ""\u5370\u5ea6"", "" india""]"
multilingual,jlens_camila,hindi-color-snow,48,"["" Indian"", "" Hindi"", "" colour"", "" hindi"", ""Colors""]"
multilingual,jlens_camila,hindi-color-snow,56,"[""\u4e3a\u4ec0\u4e48"", ""\u767d\u8272"", ""why"", "" why"", "" white""]"
multilingual,rlens_camila,hindi-color-snow,8,"["" got"", "" maybe"", "" probably"", "" like"", "" because""]"
multilingual,rlens_camila,hindi-color-snow,16,"["" upto"", ""Lets"", "" like"", "" lets"", "" Lets""]"
multilingual,rlens_camila,hindi-color-snow,24,"["" colors"", "" upto"", "" like"", "" color"", ""Lets""]"
multilingual,rlens_camila,hindi-color-snow,32,"[""colors"", "" colors"", ""Colors"", "" Colors"", "" color""]"
multilingual,rlens_camila,hindi-color-snow,40,"["" Hindi"", "" Indian"", "" hindi"", ""\u5370\u5ea6"", "" India""]"
multilingual,rlens_camila,hindi-color-snow,48,"["" Indian"", "" Hindi"", "" color"", "" hindi"", ""color""]"
multilingual,rlens_camila,hindi-color-snow,56,"[""\u4e3a\u4ec0\u4e48"", ""\u767d\u8272"", "" why"", "" white"", ""why""]"
multilingual,jpp_released,hindi-color-snow,8,"["" color"", "" colors"", "" shot"", "" colored"", "" shots""]"
multilingual,jpp_released,hindi-color-snow,16,"["" -"", "" and"", "" Indian"", "" a"", "" in""]"
multilingual,jpp_released,hindi-color-snow,24,"["" colors"", "" color"", "" colour"", "" colours"", "" Colors""]"
multilingual,jpp_released,hindi-color-snow,32,"["" Indian"", "" Color"", "" colors"", "" Hindi"", "" color""]"
multilingual,jpp_released,hindi-color-snow,40,"["" Indian"", "" color"", "" -"", "" Hindi"", "" Bollywood""]"
multilingual,jpp_released,hindi-color-snow,48,"["" Indian"", "" color"", ""1"", ""2"", "" Color""]"
multilingual,jpp_released,hindi-color-snow,56,"["" white"", ""white"", ""\u767d\u8272"", "" color"", ""White""]"
multilingual,logit,turkish-opposite-fast,8,"[""/"", ""-"", ""b"", ""s"", "" B""]"
multilingual,logit,turkish-opposite-fast,16,"["" s"", ""us"", "" I"", ""s"", ""b""]"
multilingual,logit,turkish-opposite-fast,24,"[""\u4e49\u8bcd"", "" ant"", "" T"", ""\u526f"", "" *""]"
multilingual,logit,turkish-opposite-fast,32,"[""\u822c"", ""b"", "" b"", "" B"", "" N""]"
multilingual,logit,turkish-opposite-fast,40,"[""\u901f\u5ea6"", "" speed"", "" S"", ""\u6162"", ""\u7684\u901f\u5ea6""]"
multilingual,logit,turkish-opposite-fast,48,"[""\u901f\u5ea6"", ""S"", ""B"", ""\u6162"", ""D""]"
multilingual,logit,turkish-opposite-fast,56,"[""\u6162"", "" slow"", "" slower"", ""slow"", ""Slow""]"
multilingual,jlens_camila,turkish-opposite-fast,8,"[""ness"", ""ation"", ""formance"", ""ity"", ""eness""]"
multilingual,jlens_camila,turkish-opposite-fast,16,"[""ness"", ""s"", "" didnt"", ""evity"", "" got""]"
multilingual,jlens_camila,turkish-opposite-fast,24,"[""ness"", "" words"", "" proverb"", "" Words"", ""Words""]"
multilingual,jlens_camila,turkish-opposite-fast,32,"["" words"", "" synonyms"", ""\u8fd9\u4e2a\u8bcd"", "" natural"", "" Turkish""]"
multilingual,jlens_camila,turkish-opposite-fast,40,"["" slower"", "" slow"", ""\u6162"", "" speed"", ""speed""]"
multilingual,jlens_camila,turkish-opposite-fast,48,"["" slower"", "" slow"", ""\u6162"", ""slow"", ""Slow""]"
multilingual,jlens_camila,turkish-opposite-fast,56,"["" slow"", ""\u6162"", ""slow"", "" slower"", "" Slow""]"
multilingual,rlens_camila,turkish-opposite-fast,8,"["" really"", "" maybe"", "" probably"", ""ness"", "" so""]"
multilingual,rlens_camila,turkish-opposite-fast,16,"[""s"", ""-"", "" or"", "" can"", "" really""]"
multilingual,rlens_camila,turkish-opposite-fast,24,"["" words"", "" word"", "" opposite"", ""\u8fd9\u4e2a\u8bcd"", "" Words""]"
multilingual,rlens_camila,turkish-opposite-fast,32,"["" words"", "" correct"", "" meaning"", "" correctly"", "" word""]"
multilingual,rlens_camila,turkish-opposite-fast,40,"["" slower"", "" slow"", "" speed"", ""\u6162"", ""speed""]"
multilingual,rlens_camila,turkish-opposite-fast,48,"["" slower"", "" slow"", ""\u6162"", ""slow"", "" speed""]"
multilingual,rlens_camila,turkish-opposite-fast,56,"["" slow"", ""\u6162"", ""slow"", "" slower"", "" Slow""]"
multilingual,jpp_released,turkish-opposite-fast,8,"[""\u4e4c\u9c81\u6728\u9f50\u5e02"", "" bilingual"", "" guns"", "" color"", ""\""https""]"
multilingual,jpp_released,turkish-opposite-fast,16,"["" Turkish"", "" Turkey"", "" Turks"", "" Tur"", "" Al""]"
multilingual,jpp_released,turkish-opposite-fast,24,"["" word"", "" words"", "" Words"", ""Words"", ""\u8bcd""]"
multilingual,jpp_released,turkish-opposite-fast,32,"["" Turkish"", "" Turkey"", "" Turks"", "" S"", "" Al""]"
multilingual,jpp_released,turkish-opposite-fast,40,"["" slow"", "" speed"", "" slower"", "" Speed"", "" Slow""]"
multilingual,jpp_released,turkish-opposite-fast,48,"["" slow"", "" slower"", "" speed"", "" Slow"", ""slow""]"
multilingual,jpp_released,turkish-opposite-fast,56,"["" slow"", ""slow"", "" Slow"", ""\u6162"", ""Slow""]"
multilingual,logit,swedish-opposite-hard,8,"["" M"", "" T"", "" S"", "" H"", "" to""]"
multilingual,logit,swedish-opposite-hard,16,"["" B"", "" a"", ""ile"", ""le"", "" U""]"
multilingual,logit,swedish-opposite-hard,24,"[""opp"", "" opposite"", ""\u73e0"", ""\u4ec0\u4e48\u5462"", "" Opp""]"
multilingual,logit,swedish-opposite-hard,32,"[""gradable"", ""op"", ""\u544a"", "" diam"", ""oto""]"
multilingual,logit,swedish-opposite-hard,40,"["" opposite"", ""\u67d4\u8f6f"", ""\u76f8\u53cd"", ""Opp"", "" oppos""]"
multilingual,logit,swedish-opposite-hard,48,"["" soft"", ""\u67d4\u548c"", ""\u67d4\u8f6f"", ""soft"", ""\u8f6f""]"
multilingual,logit,swedish-opposite-hard,56,"[""\u67d4\u8f6f"", "" soft"", ""\u8f6f"", ""_soft"", ""Soft""]"
multilingual,jlens_camila,swedish-opposite-hard,8,"["" thats"", "" alot"", ""ough"", "" sorry"", "".logs""]"
multilingual,jlens_camila,swedish-opposite-hard,16,"["" maths"", "" sorry"", ""\u7136"", ""Really"", "" really""]"
multilingual,jlens_camila,swedish-opposite-hard,24,"[""Truthy"", ""licence"", ""Scrollbar"", ""\u745e\u5178"", ""Organisation""]"
multilingual,jlens_camila,swedish-opposite-hard,32,"["" opposite"", "" oppos"", "" noun"", ""colour"", ""\u8fd9\u4e2a\u8bcd""]"
multilingual,jlens_camila,swedish-opposite-hard,40,"[""\u53cd\u4e49\u8bcd"", ""soft"", "" softer"", "" oppos"", ""\u67d4\u8f6f""]"
multilingual,jlens_camila,swedish-opposite-hard,48,"["" softer"", ""soft"", "" soft"", ""\u67d4\u8f6f"", ""\u67d4\u548c""]"
multilingual,jlens_camila,swedish-opposite-hard,56,"[""\u67d4\u8f6f"", "" soft"", ""soft"", ""\u8f6f"", "" softer""]"
multilingual,rlens_camila,swedish-opposite-hard,8,"["" really"", "" because"", "" maybe"", "" like"", "" getting""]"
multilingual,rlens_camila,swedish-opposite-hard,16,"["" really"", "" because"", "" very"", "" good"", "" so""]"
multilingual,rlens_camila,swedish-opposite-hard,24,"["" opposite"", "" oppos"", ""\u76f8\u53cd\u7684"", ""\u53cd\u4e49\u8bcd"", ""\u76f8\u53cd""]"
multilingual,rlens_camila,swedish-opposite-hard,32,"["" opposite"", "" oppos"", ""\u8fd9\u4e2a\u8bcd"", ""\u53cd\u4e49\u8bcd"", ""\u76f8\u53cd\u7684""]"
multilingual,rlens_camila,swedish-opposite-hard,40,"[""\u53cd\u4e49\u8bcd"", "" oppos"", "" opposite"", ""\u76f8\u53cd"", "" soft""]"
multilingual,rlens_camila,swedish-opposite-hard,48,"[""soft"", "" soft"", ""\u8f6f"", ""\u67d4\u548c"", ""\u67d4\u8f6f""]"
multilingual,rlens_camila,swedish-opposite-hard,56,"[""\u67d4\u8f6f"", "" soft"", ""\u8f6f"", ""soft"", ""_soft""]"
multilingual,jpp_released,swedish-opposite-hard,8,"["" and"", "" Colorado"", "" thanks"", "" only"", "" in""]"
multilingual,jpp_released,swedish-opposite-hard,16,"["" Sweden"", "" Swedish"", "" Norway"", "" Norwegian"", "" Island""]"
multilingual,jpp_released,swedish-opposite-hard,24,"["" opposite"", "" Swedish"", "" oppos"", "" words"", "" wo""]"
multilingual,jpp_released,swedish-opposite-hard,32,"["" Norwegian"", "" Icelandic"", "" Swedish"", ""\u745e\u5178"", "" Scandinavian""]"
multilingual,jpp_released,swedish-opposite-hard,40,"["" soft"", "" softer"", "" opposite"", "" oppos"", ""soft""]"
multilingual,jpp_released,swedish-opposite-hard,48,"["" soft"", ""soft"", "" softer"", ""Soft"", ""\u67d4\u8f6f""]"
multilingual,jpp_released,swedish-opposite-hard,56,"["" soft"", ""\u67d4\u8f6f"", ""_soft"", "" softer"", ""\u8f6f\u7684""]"
multilingual,logit,vietnamese-opposite-heavy,8,"[""/"", "" a"", "" to"", "" *"", "" I""]"
multilingual,logit,vietnamese-opposite-heavy,16,"["" B"", "" l"", "" a"", "" s"", ""B""]"
multilingual,logit,vietnamese-opposite-heavy,24,"[""opp"", ""rum"", ""ption"", ""\u52ff"", ""pheric""]"
multilingual,logit,vietnamese-opposite-heavy,32,"[""endant"", ""oto"", ""issy"", ""ysi"", ""ption""]"
multilingual,logit,vietnamese-opposite-heavy,40,"[""opp"", "" word"", ""\u4e49\u8bcd"", ""oppi"", ""\u53cd\u4e49\u8bcd""]"
multilingual,logit,vietnamese-opposite-heavy,48,"[""\u64ce"", ""\u8d21"", ""\u78ca"", ""\u5de5\u7a0b\u5efa\u8bbe"", ""\u00f1a""]"
multilingual,logit,vietnamese-opposite-heavy,56,"[""\u4ec0\u4e48"", ""\u4ec0\u4e48\u610f\u601d"", "" g\u00ec"", ""\u662f\u4ec0\u4e48"", ""\u8f7b""]"
multilingual,jlens_camila,vietnamese-opposite-heavy,8,"[""ough"", ""juven"", ""iness"", ""\u4e00\u4e2a\u5927"", ""urrent""]"
multilingual,jlens_camila,vietnamese-opposite-heavy,16,"["" maybe"", "" basically"", "" gonna"", "" sorry"", "" actually""]"
multilingual,jlens_camila,vietnamese-opposite-heavy,24,"[""\u0629"", "" maybe"", "" saying"", ""ings"", "" somebody""]"
multilingual,jlens_camila,vietnamese-opposite-heavy,32,"["" noun"", "" words"", "" meaning"", "" meanings"", "" abbreviation""]"
multilingual,jlens_camila,vietnamese-opposite-heavy,40,"["" synonyms"", ""\u8bcd\u8bed"", "" noun"", ""\u53cd\u4e49\u8bcd"", "" words""]"
multilingual,jlens_camila,vietnamese-opposite-heavy,48,"["" synonyms"", "" noun"", "" synonym"", "" nouns"", ""\u662f\u4ec0\u4e48\u610f\u601d""]"
multilingual,jlens_camila,vietnamese-opposite-heavy,56,"[""\u4ec0\u4e48\u610f\u601d"", ""\u662f\u4ec0\u4e48\u610f\u601d"", ""\u662f\u4ec0\u4e48"", "" g\u00ec"", ""\u8f7b\u76c8""]"
multilingual,rlens_camila,vietnamese-opposite-heavy,8,"["" because"", "" maybe"", "" good"", "" getting"", "" got""]"
multilingual,rlens_camila,vietnamese-opposite-heavy,16,"["" because"", "" good"", "" maybe"", "" so"", "" actually""]"
multilingual,rlens_camila,vietnamese-opposite-heavy,24,"["" good"", "" because"", ""-"", "" words"", "" word""]"
multilingual,rlens_camila,vietnamese-opposite-heavy,32,"["" meaning"", ""-"", "" noun"", "" words"", ""ither""]"
multilingual,rlens_camila,vietnamese-opposite-heavy,40,"[""\u53cd\u4e49\u8bcd"", "" synonyms"", "" noun"", "" word"", ""\u8bcd\u8bed""]"
multilingual,rlens_camila,vietnamese-opposite-heavy,48,"["" synonyms"", "" noun"", "" synonym"", ""\u51e0\u79cd"", "" answer""]"
multilingual,rlens_camila,vietnamese-opposite-heavy,56,"[""\u4ec0\u4e48\u610f\u601d"", "" g\u00ec"", ""\u662f\u4ec0\u4e48"", ""\u8f7b"", ""\u8f7b\u76c8""]"
multilingual,jpp_released,vietnamese-opposite-heavy,8,"[""\u58a8\u897f\u54e5"", "" Mexican"", ""\u5929\u6cb3"", ""\u79ba"", "" leve""]"
multilingual,jpp_released,vietnamese-opposite-heavy,16,"["" Texas"", "" TX"", ""Texas"", "" Tex"", ""Tex""]"
multilingual,jpp_released,vietnamese-opposite-heavy,24,"["" -"", "" of"", "" /"", "" words"", "" a""]"
multilingual,jpp_released,vietnamese-opposite-heavy,32,"["" Vietnamese"", "" school"", "" -"", ""2"", "" School""]"
multilingual,jpp_released,vietnamese-opposite-heavy,40,"["" word"", "" -"", "" words"", "" %"", "" /""]"
multilingual,jpp_released,vietnamese-opposite-heavy,48,"["" synonyms"", "" four"", ""1"", "" word"", "" answer""]"
multilingual,jpp_released,vietnamese-opposite-heavy,56,"["" word"", "" words"", "" lightweight"", ""\u8bcd\u8bed"", "" g\u00ec""]"
multilingual,logit,romanian-opposite-young,8,"["" a"", "" as"", "" *"", ""/"", ""*""]"
multilingual,logit,romanian-opposite-young,16,"["" a"", "" S"", "" B"", "" T"", "" G""]"
multilingual,logit,romanian-opposite-young,24,"[""\u4ec0\u4e48\u5462"", ""op"", ""\u8bed"", "" opposite"", "" counterpart""]"
multilingual,logit,romanian-opposite-young,32,"[""\u822c"", ""\u751f\u610f"", ""ik"", ""\u679a"", ""yla""]"
multilingual,logit,romanian-opposite-young,40,"["" age"", ""\u5e74\u9f84"", "" aging"", ""age"", ""roma""]"
multilingual,logit,romanian-opposite-young,48,"[""<think>"", "" age"", ""\u5c48"", ""apy"", ""\u5c65\u884c\u5408\u540c""]"
multilingual,logit,romanian-opposite-young,56,"[""\u8001\u4e86"", ""OLD"", "" aging"", "" old"", "" elderly""]"
multilingual,jlens_camila,romanian-opposite-young,8,"[""addy"", "" whilst"", ""Whilst"", ""ording"", ""avourite""]"
multilingual,jlens_camila,romanian-opposite-young,16,"[""umer"", "" number"", "" totally"", "" sorry"", "" \u043d\u0430\u0434\u043e""]"
multilingual,jlens_camila,romanian-opposite-young,24,"[""\u53cd\u4e49\u8bcd"", "" words"", "" noun"", ""\u8fd9\u4e2a\u8bcd"", ""Words""]"
multilingual,jlens_camila,romanian-opposite-young,32,"["" words"", "" noun"", ""\u8fd9\u4e2a\u8bcd"", "" sentence"", "" linguistic""]"
multilingual,jlens_camila,romanian-opposite-young,40,"["" age"", ""\u5e74\u9f84"", "" aging"", ""\u8001\u5e74"", "" Age""]"
multilingual,jlens_camila,romanian-opposite-young,48,"["" age"", "" aging"", ""\u8001\u4e86"", "" ageing"", ""older""]"
multilingual,jlens_camila,romanian-opposite-young,56,"["" elderly"", ""older"", ""OLD"", "" aging"", "" old""]"
multilingual,rlens_camila,romanian-opposite-young,8,"["" because"", "" really"", "" so"", "" actually"", "" very""]"
multilingual,rlens_camila,romanian-opposite-young,16,"["" because"", "" number"", "" good"", "" very"", "" really""]"
multilingual,rlens_camila,romanian-opposite-young,24,"["" opposite"", "" oppos"", ""\u53cd\u4e49\u8bcd"", ""\u76f8\u53cd\u7684"", "" words""]"
multilingual,rlens_camila,romanian-opposite-young,32,"["" opposite"", "" words"", "" meaning"", "" oppos"", "" synonyms""]"
multilingual,rlens_camila,romanian-opposite-young,40,"["" age"", "" aging"", ""\u5e74\u9f84"", "" Age"", "" aged""]"
multilingual,rlens_camila,romanian-opposite-young,48,"["" age"", ""age"", ""\u5e74\u9f84"", ""Age"", "" Age""]"
multilingual,rlens_camila,romanian-opposite-young,56,"["" elderly"", "" old"", "" aging"", ""older"", ""OLD""]"
multilingual,jpp_released,romanian-opposite-young,8,"["" thanks"", "" number"", "" numbers"", "" Medal"", "" besides""]"
multilingual,jpp_released,romanian-opposite-young,16,"["" and"", "" G"", "" A"", "" Number"", "" C""]"
multilingual,jpp_released,romanian-opposite-young,24,"["" words"", "" oppos"", "" opposite"", "" word"", ""\u53cd\u4e49\u8bcd""]"
multilingual,jpp_released,romanian-opposite-young,32,"["" vowel"", "" Roman"", "" Ut"", "" Death"", "" Words""]"
multilingual,jpp_released,romanian-opposite-young,40,"["" age"", "" aged"", "" Age"", "" aging"", "" ages""]"
multilingual,jpp_released,romanian-opposite-young,48,"["" age"", "" aged"", "" Age"", ""1"", "" aging""]"
multilingual,jpp_released,romanian-opposite-young,56,"["" elderly"", "" old"", "" word"", ""OLD"", "" age""]"
multilingual,logit,hungarian-color-sea,8,"[""-"", ""/"", ""s"", "" -"", "" as""]"
multilingual,logit,hungarian-color-sea,16,"[""s"", ""\u7aef"", ""uh"", ""\u51fa"", ""\u5ea6""]"
multilingual,logit,hungarian-color-sea,24,"[""entially"", ""s"", "" h"", ""J"", "" out""]"
multilingual,logit,hungarian-color-sea,32,"[""J"", "" M"", ""T"", ""M"", "" H""]"
multilingual,logit,hungarian-color-sea,40,"[""M"", ""H"", ""J"", ""T"", ""B""]"
multilingual,logit,hungarian-color-sea,48,"[""hu"", ""\u5b5a"", ""\u9675"", ""ought"", ""\u9759""]"
multilingual,logit,hungarian-color-sea,56,"[""\u84dd\u8272"", "" az"", ""\u84dd\u8272\u7684"", ""\u0581"", ""\u6df1\u5904""]"
multilingual,jlens_camila,hungarian-color-sea,8,"[""ness"", ""onical"", ""eness"", ""nowled"", ""ynec""]"
multilingual,jlens_camila,hungarian-color-sea,16,"[""ness"", "" really"", ""oooo"", "" freaking"", "" REALLY""]"
multilingual,jlens_camila,hungarian-color-sea,24,"["" colors"", "" colorful"", ""ness"", "" probably"", "" basically""]"
multilingual,jlens_camila,hungarian-color-sea,32,"["" colors"", "" color"", "" really"", "" natural"", "" colorful""]"
multilingual,jlens_camila,hungarian-color-sea,40,"["" colors"", "" color"", ""\u7684\u989c\u8272"", ""\u989c\u8272"", ""color""]"
multilingual,jlens_camila,hungarian-color-sea,48,"["" colors"", "" color"", ""\u7684\u989c\u8272"", ""\u989c\u8272"", ""color""]"
multilingual,jlens_camila,hungarian-color-sea,56,"["" blue"", "" turquoise"", ""\u84dd\u8272"", "" white"", "" sky""]"
multilingual,rlens_camila,hungarian-color-sea,8,"["" really"", "" probably"", "" very"", "" maybe"", "" especially""]"
multilingual,rlens_camila,hungarian-color-sea,16,"["" really"", "" very"", "" just"", "" probably"", "" obviously""]"
multilingual,rlens_camila,hungarian-color-sea,24,"["" color"", "" colors"", "" very"", "" really"", ""-color""]"
multilingual,rlens_camila,hungarian-color-sea,32,"["" color"", "" colors"", ""-"", "" really"", "" -""]"
multilingual,rlens_camila,hungarian-color-sea,40,"["" color"", "" colors"", "" water"", "" blue"", ""color""]"
multilingual,rlens_camila,hungarian-color-sea,48,"["" color"", "" -"", "" colors"", "" water"", ""-""]"
multilingual,rlens_camila,hungarian-color-sea,56,"["" blue"", "" is"", "" white"", ""\u84dd\u8272"", "" deep""]"
multilingual,jpp_released,hungarian-color-sea,8,"["" color"", "" colors"", "" Detroit"", "" Istanbul"", "" colorful""]"
multilingual,jpp_released,hungarian-color-sea,16,"["" Turkish"", "" Hungarian"", "" Buzz"", "" Turkey"", "" New""]"
multilingual,jpp_released,hungarian-color-sea,24,"["" colors"", "" color"", "" water"", "" sea"", ""color""]"
multilingual,jpp_released,hungarian-color-sea,32,"["" water"", "" colors"", "" color"", "" Color"", ""<|im_end|>""]"
multilingual,jpp_released,hungarian-color-sea,40,"["" color"", "" water"", "" blue"", "" colors"", "" colored""]"
multilingual,jpp_released,hungarian-color-sea,48,"["" color"", "" water"", "" sea"", "" blue"", "" colors""]"
multilingual,jpp_released,hungarian-color-sea,56,"["" blue"", "" white"", "" Blue"", "" green"", "" sea""]"
multilingual,logit,spanish-number-three,8,"[""/"", "" I"", ""s"", ""-"", ""V""]"
multilingual,logit,spanish-number-three,16,"["" I"", ""re"", "" *"", "" a"", ""s""]"
multilingual,logit,spanish-number-three,24,"["" t"", "" le"", ""\u5e8f"", "" o"", ""ing""]"
multilingual,logit,spanish-number-three,32,"["" C"", ""c"", "" T"", "" c"", ""C""]"
multilingual,logit,spanish-number-three,40,"[""oom"", "" next"", ""\u4e0b\u4e00\u4e2a"", ""\u96f6"", ""L""]"
multilingual,logit,spanish-number-three,48,"[""\u4e0b\u4e00\u4e2a"", "" next"", "" b"", ""C"", ""B""]"
multilingual,logit,spanish-number-three,56,"[""four"", "" four"", ""-four"", "" cuatro"", "" fourth""]"
multilingual,jlens_camila,spanish-number-three,8,"[""ness"", ""s"", ""ming"", ""ization"", ""ation""]"
multilingual,jlens_camila,spanish-number-three,16,"[""ness"", "" stuff"", ""s"", ""m"", "" kinda""]"
multilingual,jlens_camila,spanish-number-three,24,"["" gotta"", "" telling"", "" proverb"", "" stuff"", "" everybody""]"
multilingual,jlens_camila,spanish-number-three,32,"["" funny"", "" WHY"", ""\u5b57\u7684"", "" punctuation"", "" proverb""]"
multilingual,jlens_camila,spanish-number-three,40,"["" numeral"", ""\u7684\u6570\u5b57"", "" numbers"", ""numbers"", "" alphabet""]"
multilingual,jlens_camila,spanish-number-three,48,"["" next"", ""next"", ""\u4e0b\u4e00\u4e2a"", ""-next"", "" numeral""]"
multilingual,jlens_camila,spanish-number-three,56,"["" four"", ""four"", ""-four"", "" fourth"", ""\u56db\u662f""]"
multilingual,rlens_camila,spanish-number-three,8,"[""s"", "" really"", ""t"", ""n"", ""m""]"
multilingual,rlens_camila,spanish-number-three,16,"[""s"", ""n"", "" really"", ""m"", "" just""]"
multilingual,rlens_camila,spanish-number-three,24,"["" stuff"", "" thing"", "" something"", "" big"", "" bigger""]"
multilingual,rlens_camila,spanish-number-three,32,"["" next"", "" alphabet"", ""s"", "" proverb"", "" Spanish""]"
multilingual,rlens_camila,spanish-number-three,40,"["" numbers"", ""number"", ""\u7684\u6570\u5b57"", "" number"", "" next""]"
multilingual,rlens_camila,spanish-number-three,48,"["" next"", ""next"", ""\u4e0b\u4e00\u4e2a"", "" numbers"", "" number""]"
multilingual,rlens_camila,spanish-number-three,56,"["" four"", ""four"", "" fourth"", ""-four"", "" quatre""]"
multilingual,jpp_released,spanish-number-three,8,"["" Texas"", "" bigger"", "" color"", "" Houston"", "" Detroit""]"
multilingual,jpp_released,spanish-number-three,16,"["" Mexican"", "" Big"", "" Hue"", "" Maz"", "" Phoenix""]"
multilingual,jpp_released,spanish-number-three,24,"["" Spanish"", "" old"", "" big"", "" something"", "" -""]"
multilingual,jpp_released,spanish-number-three,32,"["" Spanish"", "" Mexican"", "" C"", "" S"", "" V""]"
multilingual,jpp_released,spanish-number-three,40,"["" number"", "" next"", "" -"", "" numbers"", "" th""]"
multilingual,jpp_released,spanish-number-three,48,"["" next"", "" second"", "" number"", "" Spanish"", "" fourth""]"
multilingual,jpp_released,spanish-number-three,56,"[""-one"", "" Tr"", "" fourth"", "" hundred"", "" four""]"
multilingual,logit,german-number-five,8,"[""/"", ""V"", ""-"", ""s"", "" I""]"
multilingual,logit,german-number-five,16,"["" a"", "" I"", "" B"", ""s"", ""V""]"
multilingual,logit,german-number-five,24,"["" B"", ""\u5ff5"", "" le"", "" b"", "" L""]"
multilingual,logit,german-number-five,32,"["" N"", "" K"", ""c"", ""zen"", ""\u4ec0\u4e48\u7684""]"
multilingual,logit,german-number-five,40,"[""\u4e0b\u4e00\u4e2a"", "" next"", ""\u73e0"", "".next"", "" number""]"
multilingual,logit,german-number-five,48,"[""zen"", ""\u8868\u793a"", "" b"", ""\u4e0b\u4e00\u4e2a"", ""m""]"
multilingual,logit,german-number-five,56,"[""\u516d"", "" six"", ""6"", ""six"", ""\u516d\u662f""]"
multilingual,jlens_camila,german-number-five,8,"[""ness"", ""iest"", ""jang"", ""\u0430\u043c\u0438"", ""ming""]"
multilingual,jlens_camila,german-number-five,16,"[""ness"", "" stuff"", "" Anyway"", "" anyway"", "" poop""]"
multilingual,jlens_camila,german-number-five,24,"[""\u5fb7\u8bed"", ""anceled"", ""\u8fd9\u4e2a\u8bcd"", ""vecs"", ""-language""]"
multilingual,jlens_camila,german-number-five,32,"[""\u5fb7\u8bed"", "" fucking"", ""\u2014but"", "" German"", "" funny""]"
multilingual,jlens_camila,german-number-five,40,"["" numbers"", ""number"", ""numbers"", "" numeral"", ""-number""]"
multilingual,jlens_camila,german-number-five,48,"["" numbers"", ""number"", "" numeral"", "" number"", ""numbers""]"
multilingual,jlens_camila,german-number-five,56,"["" six"", ""six"", ""-six"", ""\u516d\u662f"", ""\u516d""]"
multilingual,rlens_camila,german-number-five,8,"["" really"", "" obviously"", "" stuff"", "" anyway"", "" probably""]"
multilingual,rlens_camila,german-number-five,16,"["" anyway"", "" really"", "" stuff"", "" big"", "" maybe""]"
multilingual,rlens_camila,german-number-five,24,"[""\u5fb7\u8bed"", "" German"", "" gramm"", "" words"", "" grammar""]"
multilingual,rlens_camila,german-number-five,32,"["" alphabet"", "" fucking"", ""\u5fb7\u8bed"", "" next"", "" German""]"
multilingual,rlens_camila,german-number-five,40,"["" numbers"", "" number"", ""number"", "" integer"", "" next""]"
multilingual,rlens_camila,german-number-five,48,"["" numbers"", "" number"", ""number"", "" next"", ""numbers""]"
multilingual,rlens_camila,german-number-five,56,"["" six"", ""six"", ""\u516d"", ""-six"", "" sixth""]"
multilingual,jpp_released,german-number-five,8,"["" German"", "" Germans"", ""\u5fb7\u56fd\u7684"", ""\u5fb7\u56fd"", "" Germany""]"
multilingual,jpp_released,german-number-five,16,"["" Texas"", "" Big"", "" Santa"", "" German"", "" Tex""]"
multilingual,jpp_released,german-number-five,24,"["" German"", "" words"", "" word"", ""\u5fb7\u8bed"", "" English""]"
multilingual,jpp_released,german-number-five,32,"["" German"", "" Germany"", ""\u5fb7\u56fd\u7684"", ""\u5728\u5fb7\u56fd"", "" Germans""]"
multilingual,jpp_released,german-number-five,40,"["" number"", "" numbers"", "" five"", "" next"", "" Number""]"
multilingual,jpp_released,german-number-five,48,"["" number"", "" numbers"", "" Number"", "" five"", "" next""]"
multilingual,jpp_released,german-number-five,56,"[""\u516d\u662f"", ""Six"", "" six"", "" hex"", ""\u516d\u70b9""]"
multilingual,logit,french-number-seven,8,"[""/"", ""V"", ""s"", "" I"", "" T""]"
multilingual,logit,french-number-seven,16,"["" a"", ""s"", "" I"", ""B"", "" *""]"
multilingual,logit,french-number-seven,24,"["" le"", ""\u5e8f"", ""le"", ""b"", "" I""]"
multilingual,logit,french-number-seven,32,"[""-"", "" b"", "" *"", "" B"", ""a""]"
multilingual,logit,french-number-seven,40,"[""\u4e0b\u4e00\u4e2a"", "" next"", ""m"", ""A"", "".next""]"
multilingual,logit,french-number-seven,48,"[""\u4e0b\u4e00\u4e2a"", "" next"", "" b"", ""B"", ""\u8868\u793a""]"
multilingual,logit,french-number-seven,56,"["" eight"", "" eighth"", ""eight"", ""\u516b"", ""8""]"
multilingual,jlens_camila,french-number-seven,8,"[""ness"", ""ation"", ""s"", ""eness"", ""\u0430\u043c\u0438""]"
multilingual,jlens_camila,french-number-seven,16,"[""ness"", "" stuff"", ""m"", "" Anyway"", "" anyway""]"
multilingual,jlens_camila,french-number-seven,24,"[""ness"", ""\u6cd5\u8bed"", ""\u5b57\u7684"", "" telling"", ""rawl""]"
multilingual,jlens_camila,french-number-seven,32,"["" fucking"", ""\u8fd9\u4e2a\u8bcd"", ""\u6cd5\u8bed"", "" grammar"", "" funny""]"
multilingual,jlens_camila,french-number-seven,40,"[""number"", "" numeral"", "" numbering"", ""next"", "" numbers""]"
multilingual,jlens_camila,french-number-seven,48,"["" next"", ""next"", "" ordinal"", ""number"", "" numbers""]"
multilingual,jlens_camila,french-number-seven,56,"["" eight"", "" eighth"", ""eight"", ""-eight"", ""\u516b\u4e2a""]"
multilingual,rlens_camila,french-number-seven,8,"[""s"", "" really"", "" stuff"", ""t"", "" maybe""]"
multilingual,rlens_camila,french-number-seven,16,"[""s"", "" anyway"", "" really"", ""m"", "" stuff""]"
multilingual,rlens_camila,french-number-seven,24,"[""n"", ""s"", ""t"", "" grammar"", "" words""]"
multilingual,rlens_camila,french-number-seven,32,"["" English"", ""-"", ""n"", "" alphabet"", "" next""]"
multilingual,rlens_camila,french-number-seven,40,"[""number"", "" number"", "" numbers"", "" next"", ""next""]"
multilingual,rlens_camila,french-number-seven,48,"["" next"", ""number"", "" numbers"", "" number"", "" ordinal""]"
multilingual,rlens_camila,french-number-seven,56,"["" eight"", "" eighth"", ""eight"", ""-eight"", ""Eight""]"
multilingual,jpp_released,french-number-seven,8,"["" French"", "" french"", ""\u6cd5\u8bed"", "" Paris"", ""\u5df4\u9ece""]"
multilingual,jpp_released,french-number-seven,16,"["" Maz"", "" Pascal"", "" Francis"", "" Phoenix"", "" Big""]"
multilingual,jpp_released,french-number-seven,24,"["" English"", "" French"", "" words"", "" grammar"", "" word""]"
multilingual,jpp_released,french-number-seven,32,"["" French"", "" English"", "" Pascal"", "" Quebec"", "" Canadian""]"
multilingual,jpp_released,french-number-seven,40,"["" number"", "" next"", "" numbers"", "" eighth"", "" French""]"
multilingual,jpp_released,french-number-seven,48,"["" number"", "" next"", "" numbers"", "" French"", "" ten""]"
multilingual,jpp_released,french-number-seven,56,"["" hundred"", "" eight"", "" eighth"", "" sept"", "" six""]"
multilingual,logit,italian-number-two,8,"[""/"", ""s"", "" I"", ""V"", ""S""]"
multilingual,logit,italian-number-two,16,"["" I"", "" *"", ""s"", "" a"", "" B""]"
multilingual,logit,italian-number-two,24,"[""s"", ""\u5e8f"", ""\u6ce8"", ""ment"", ""esty""]"
multilingual,logit,italian-number-two,32,"[""s"", "" *"", ""\u59d3"", ""erus"", ""\u843d""]"
multilingual,logit,italian-number-two,40,"[""\u7b2c\u4e8c\u6b65"", "" second"", ""\u7b2c\u4e8c"", ""uko"", ""second""]"
multilingual,logit,italian-number-two,48,"["" second"", ""\u7b2c\u4e8c"", ""\u7684\u7b2c\u4e8c"", ""le"", ""\u8302""]"
multilingual,logit,italian-number-two,56,"[""three"", "" three"", ""Three"", ""\u4e09\u7684"", ""\u4e09""]"
multilingual,jlens_camila,italian-number-two,8,"[""s"", ""ness"", ""sburg"", ""\u0627\u062a"", ""\u044b""]"
multilingual,jlens_camila,italian-number-two,16,"[""s"", ""ness"", ""\u0627\u062a"", ""scheid"", ""\u044b""]"
multilingual,jlens_camila,italian-number-two,24,"[""s"", ""\u0627\u062a"", "" whence"", "" stuff"", "" sez""]"
multilingual,jlens_camila,italian-number-two,32,"[""s"", "" folks"", ""\u5b57\u7684"", ""(er"", "" proverb""]"
multilingual,jlens_camila,italian-number-two,40,"[""\u7b2c\u4e8c\u6b65"", "" second"", "" sequential"", "" sequel"", ""s""]"
multilingual,jlens_camila,italian-number-two,48,"["" second"", ""\u7b2c\u4e8c\u6b65"", ""\u7684\u7b2c\u4e8c"", ""second"", "" next""]"
multilingual,jlens_camila,italian-number-two,56,"[""three"", "" three"", ""-three"", ""Three"", "" THREE""]"
multilingual,rlens_camila,italian-number-two,8,"[""s"", ""t"", "" really"", "" thing"", ""ness""]"
multilingual,rlens_camila,italian-number-two,16,"[""s"", ""n"", ""m"", "" really"", "" just""]"
multilingual,rlens_camila,italian-number-two,24,"[""s"", "" stuff"", "" thing"", "" big"", "" something""]"
multilingual,rlens_camila,italian-number-two,32,"[""s"", "" next"", "" proverb"", "" analog"", "" -""]"
multilingual,rlens_camila,italian-number-two,40,"["" second"", "" next"", "" number"", ""\u7b2c\u4e8c\u6b65"", ""s""]"
multilingual,rlens_camila,italian-number-two,48,"["" second"", "" next"", ""\u7684\u7b2c\u4e8c"", ""second"", "" Second""]"
multilingual,rlens_camila,italian-number-two,56,"["" three"", ""three"", ""-three"", ""Three"", "" triple""]"
multilingual,jpp_released,italian-number-two,8,"["" Ferrara"", "" Venice"", "" \u0412\u0435\u043d\u0435"", "" aluminum"", "" bigger""]"
multilingual,jpp_released,italian-number-two,16,"[""s"", "" Big"", "" Pascal"", "" Paul"", "" Phoenix""]"
multilingual,jpp_released,italian-number-two,24,"[""s"", "" Spanish"", "" Italian"", "" good"", "" -""]"
multilingual,jpp_released,italian-number-two,32,"[""s"", "" C"", "" Spanish"", "" S"", "" Italian""]"
multilingual,jpp_released,italian-number-two,40,"["" second"", "" first"", "" Second"", "" next"", "" number""]"
multilingual,jpp_released,italian-number-two,48,"["" second"", "" Second"", "" third"", "" next"", "" two""]"
multilingual,jpp_released,italian-number-two,56,"[""-three"", ""three"", "" Three"", ""Three"", "" three""]"
multilingual,logit,russian-number-four,8,"[""/"", "" -"", ""-"", "" I"", ""s""]"
multilingual,logit,russian-number-four,16,"["" I"", "" B"", "" *"", "" a"", ""B""]"
multilingual,logit,russian-number-four,24,"[""\u5e8f"", ""\u5ff5"", ""ipse"", ""\u8a00"", ""\u4e0b\u4e00\u4e2a""]"
multilingual,logit,russian-number-four,32,"[""zen"", "" N"", ""\u8089"", ""c"", ""\u5417""]"
multilingual,logit,russian-number-four,40,"["" next"", ""\u4e0b\u4e00\u4e2a"", "" number"", ""B"", "" a""]"
multilingual,logit,russian-number-four,48,"["" b"", ""a"", "" next"", ""\u5076"", ""le""]"
multilingual,logit,russian-number-four,56,"["" five"", ""\u4e94"", ""\u4e94\u662f"", ""five"", ""_five""]"
multilingual,jlens_camila,russian-number-four,8,"[""ness"", ""ation"", ""ming"", ""eness"", "" sorry""]"
multilingual,jlens_camila,russian-number-four,16,"["" stuff"", "" anyway"", "" Anyway"", ""stuff"", ""Anyway""]"
multilingual,jlens_camila,russian-number-four,24,"[""\u4fc4\u8bed"", "" fucking"", ""Russian"", ""\u4ec0\u4e48\u4e1c\u897f"", ""anceled""]"
multilingual,jlens_camila,russian-number-four,32,"[""\u2014but"", ""\u4fc4\u8bed"", "" alphabet"", "" fucking"", "" punctuation""]"
multilingual,jlens_camila,russian-number-four,40,"["" numeral"", "" alphabet"", ""\u5e8f\u5217"", "" alphabetical"", "" numbers""]"
multilingual,jlens_camila,russian-number-four,48,"["" numeral"", "" numbers"", "" ordinal"", "" next"", ""number""]"
multilingual,jlens_camila,russian-number-four,56,"["" five"", ""five"", ""-five"", "" Five"", ""Five""]"
multilingual,rlens_camila,russian-number-four,8,"["" stuff"", "" obviously"", "" really"", ""t"", "" probably""]"
multilingual,rlens_camila,russian-number-four,16,"["" stuff"", "" anyway"", "" whatever"", "" thing"", ""m""]"
multilingual,rlens_camila,russian-number-four,24,"[""\u4fc4\u8bed"", "" Russian"", "" fucking"", ""Russian"", "" alphabet""]"
multilingual,rlens_camila,russian-number-four,32,"["" alphabet"", "" alphabetical"", ""\u5e8f\u5217"", "" fucking"", "" grammar""]"
multilingual,rlens_camila,russian-number-four,40,"["" numbers"", "" alphabet"", "" numeral"", "" next"", ""\u7684\u6570\u5b57""]"
multilingual,rlens_camila,russian-number-four,48,"["" numbers"", "" number"", ""number"", "" ordinal"", "" numeral""]"
multilingual,rlens_camila,russian-number-four,56,"["" five"", ""five"", "" Five"", ""Five"", ""-five""]"
multilingual,jpp_released,russian-number-four,8,"["" Texas"", "" Houston"", "" Dallas"", "" music"", "" musical""]"
multilingual,jpp_released,russian-number-four,16,"["" Kaz"", "" Azure"", "" Phoenix"", "" Francis"", "" Maz""]"
multilingual,jpp_released,russian-number-four,24,"["" Russian"", "" word"", "" words"", "" -"", "" Russians""]"
multilingual,jpp_released,russian-number-four,32,"["" Russian"", "" Russians"", "" -"", "" Russia"", "" Texas""]"
multilingual,jpp_released,russian-number-four,40,"["" number"", "" numbers"", "" next"", "" -"", "" digit""]"
multilingual,jpp_released,russian-number-four,48,"["" number"", "" numbers"", "" next"", "" Number"", ""number""]"
multilingual,jpp_released,russian-number-four,56,"["" five"", "" thirty"", "" fifty"", "" hundred"", "" three""]"
multilingual,logit,portuguese-direction-up,8,"[""/"", ""V"", ""s"", ""-"", ""B""]"
multilingual,logit,portuguese-direction-up,16,"[""B"", ""s"", ""I"", ""\u4e0a"", "" id""]"
multilingual,logit,portuguese-direction-up,24,"[""\u4e49\u8bcd"", ""\u4e4f"", ""yes"", ""\u4ec0\u4e48\u5462"", ""onyms""]"
multilingual,logit,portuguese-direction-up,32,"[""S"", ""L"", ""uv"", "" opposite"", ""-""]"
multilingual,logit,portuguese-direction-up,40,"[""s"", ""\u76f8\u53cd"", "" opposite"", ""U"", ""us""]"
multilingual,logit,portuguese-direction-up,48,"[""S"", ""\u76f8\u53cd"", ""\u52a0\u62ff\u5927"", ""\u6bdb\u6cfd\u4e1c"", ""\\n""]"
multilingual,logit,portuguese-direction-up,56,"[""\u4e0b\u9762"", "" bottom"", "" below"", ""\u5e95\u4e0b"", ""bottom""]"
multilingual,jlens_camila,portuguese-direction-up,8,"[""ness"", ""ation"", ""hip"", ""bye"", ""teen""]"
multilingual,jlens_camila,portuguese-direction-up,16,"[""ness"", ""s"", "" freaking"", ""m"", ""ity""]"
multilingual,jlens_camila,portuguese-direction-up,24,"[""ness"", ""s"", ""\u8fd9\u4e2a\u8bcd"", "" fucking"", "" words""]"
multilingual,jlens_camila,portuguese-direction-up,32,"[""ness"", "" fucking"", ""\u8fd9\u4e2a\u8bcd"", "" slang"", ""s""]"
multilingual,jlens_camila,portuguese-direction-up,40,"["" opposite"", "" oppos"", ""\u53cd\u4e49\u8bcd"", ""\u76f8\u53cd"", "" downward""]"
multilingual,jlens_camila,portuguese-direction-up,48,"["" opposite"", ""\u53cd\u4e49\u8bcd"", "" lowercase"", "" oppos"", ""\\n""]"
multilingual,jlens_camila,portuguese-direction-up,56,"["" bottom"", "" below"", ""bottom"", ""below"", ""-bottom""]"
multilingual,rlens_camila,portuguese-direction-up,8,"["" really"", "" stuff"", "" probably"", "" anyway"", "" REALLY""]"
multilingual,rlens_camila,portuguese-direction-up,16,"[""s"", ""l"", ""m"", ""n"", ""t""]"
multilingual,rlens_camila,portuguese-direction-up,24,"[""s"", ""\u8fd9\u4e2a\u8bcd"", ""m"", "" words"", ""t""]"
multilingual,rlens_camila,portuguese-direction-up,32,"[""s"", ""-"", ""n"", ""t"", "" meaning""]"
multilingual,rlens_camila,portuguese-direction-up,40,"["" opposite"", "" oppos"", ""\u76f8\u53cd"", "" downward"", ""s""]"
multilingual,rlens_camila,portuguese-direction-up,48,"["" opposite"", ""\\n"", ""\u53cd\u4e49\u8bcd"", ""\u76f8\u53cd"", "" oppos""]"
multilingual,rlens_camila,portuguese-direction-up,56,"["" bottom"", "" below"", ""bottom"", ""below"", ""\u4e0b\u9762""]"
multilingual,jpp_released,portuguese-direction-up,8,"[""\u6cd5\u8bed"", ""\u82f1\u8bed"", "" bigger"", ""\u03b7\u03bc\u03b1"", "" boss""]"
multilingual,jpp_released,portuguese-direction-up,16,"["" Texas"", "" Arizona"", "" Al"", ""s"", "" and""]"
multilingual,jpp_released,portuguese-direction-up,24,"["" word"", "" Portuguese"", "" words"", "" opposite"", "" or""]"
multilingual,jpp_released,portuguese-direction-up,32,"["" Portuguese"", "" Spanish"", "" or"", "" Lisbon"", "" Brazilian""]"
multilingual,jpp_released,portuguese-direction-up,40,"["" bottom"", "" below"", "" downward"", "" down"", "" opposite""]"
multilingual,jpp_released,portuguese-direction-up,48,"["" bottom"", "" opposite"", "" lower"", "" or"", "" something""]"
multilingual,jpp_released,portuguese-direction-up,56,"["" bottom"", ""bottom"", "" below"", ""-bottom"", "" down""]"
multilingual,logit,dutch-direction-left,8,"[""/"", ""s"", ""V"", "" *"", ""-""]"
multilingual,logit,dutch-direction-left,16,"[""s"", ""B"", ""\u7406"", "" s"", ""I""]"
multilingual,logit,dutch-direction-left,24,"[""onyms"", ""\u4e4f"", ""\u4e49\u8bcd"", ""\u5145\u5b9e"", "" plan""]"
multilingual,logit,dutch-direction-left,32,"[""ip"", ""\u4ee5\u4e0b\u51e0\u79cd"", ""uv"", ""wa"", ""eus""]"
multilingual,logit,dutch-direction-left,40,"["" opposite"", ""\u76f8\u53cd"", ""\u5411\u53f3"", ""s"", ""\u7554""]"
multilingual,logit,dutch-direction-left,48,"["" opposite"", ""\u5f53\u7136"", ""\u76f8\u53cd"", ""\u7554"", "" b""]"
multilingual,logit,dutch-direction-left,56,"[""\u53f3"", "" right"", ""\u53f3\u8fb9"", ""\u53f3\u4fa7"", "".right""]"
multilingual,jlens_camila,dutch-direction-left,8,"[""ness"", ""ization"", ""ity"", ""\u0432\u043e\u0440\u043e\u0442"", ""ation""]"
multilingual,jlens_camila,dutch-direction-left,16,"[""ness"", ""s"", ""m"", ""thing"", "" thing""]"
multilingual,jlens_camila,dutch-direction-left,24,"[""ness"", ""s"", ""\u8fd9\u4e2a\u8bcd"", "" Swedish"", "" words""]"
multilingual,jlens_camila,dutch-direction-left,32,"[""ness"", "" synonyms"", ""\u8fd9\u4e2a\u8bcd"", ""s"", "" slang""]"
multilingual,jlens_camila,dutch-direction-left,40,"["" opposite"", "" oppos"", ""\u5411\u53f3"", ""\u53cd\u4e49\u8bcd"", ""\u76f8\u53cd""]"
multilingual,jlens_camila,dutch-direction-left,48,"["" opposite"", "" oppos"", ""\u53cd\u4e49\u8bcd"", "" opposing"", ""\u76f8\u53cd""]"
multilingual,jlens_camila,dutch-direction-left,56,"["" right"", ""\u53f3\u8fb9"", ""\u53f3"", ""\u53f3\u4fa7"", ""right""]"
multilingual,rlens_camila,dutch-direction-left,8,"[""s"", "" really"", ""t"", ""n"", "" probably""]"
multilingual,rlens_camila,dutch-direction-left,16,"[""s"", ""l"", ""t"", ""n"", ""m""]"
multilingual,rlens_camila,dutch-direction-left,24,"[""s"", ""\u8fd9\u4e2a\u8bcd"", ""t"", ""ness"", "" words""]"
multilingual,rlens_camila,dutch-direction-left,32,"[""s"", ""-"", ""\u8fd9\u4e2a\u8bcd"", "" synonyms"", "" meaning""]"
multilingual,rlens_camila,dutch-direction-left,40,"["" opposite"", "" oppos"", ""\u5411\u53f3"", ""\u76f8\u53cd"", "" right""]"
multilingual,rlens_camila,dutch-direction-left,48,"["" opposite"", "" oppos"", ""\u53cd\u4e49\u8bcd"", ""\u76f8\u53cd"", ""\u5411\u53f3""]"
multilingual,rlens_camila,dutch-direction-left,56,"["" right"", ""\u53f3"", ""\u53f3\u8fb9"", "" left"", ""right""]"
multilingual,jpp_released,dutch-direction-left,8,"[""\u6d1b\u9633\u5e02"", "" Disneyland"", ""\u6cd5\u8bed"", ""\u9ca4\u9c7c"", ""\u6c34\u4ea7""]"
multilingual,jpp_released,dutch-direction-left,16,"["" Texas"", ""s"", ""l"", "" Al"", "" Chicago""]"
multilingual,jpp_released,dutch-direction-left,24,"["" word"", "" words"", "" language"", "" Swedish"", "" English""]"
multilingual,jpp_released,dutch-direction-left,32,"["" Swedish"", "" or"", "" German"", "" language"", "" Language""]"
multilingual,jpp_released,dutch-direction-left,40,"["" right"", "" left"", "" opposite"", "" -"", "" opposing""]"
multilingual,jpp_released,dutch-direction-left,48,"["" opposite"", "" left"", "" right"", "" Left"", "" Right""]"
multilingual,jpp_released,dutch-direction-left,56,"["" right"", "" Right"", ""right"", ""_right"", ""-right""]"
multilingual,logit,polish-direction-left,8,"[""/"", ""s"", ""V"", ""-"", "" I""]"
multilingual,logit,polish-direction-left,16,"["" I"", ""I"", ""P"", ""us"", ""B""]"
multilingual,logit,polish-direction-left,24,"[""\u4ec0\u4e48\u5462"", ""iu"", ""\u4e49\u8bcd"", "" opposite"", ""\u79ef\u7d2f""]"
multilingual,logit,polish-direction-left,32,"[""\u4e0e\u4e4b"", ""\u4ec0\u4e48\u5462"", "" opposite"", ""uv"", ""\u5339""]"
multilingual,logit,polish-direction-left,40,"["" opposite"", ""\u76f8\u53cd"", ""S"", "" counterpart"", ""\u76f8\u53cd\u7684""]"
multilingual,logit,polish-direction-left,48,"["" opposite"", ""om"", "" b"", ""B"", ""\u5f53\u7136""]"
multilingual,logit,polish-direction-left,56,"[""\u53f3"", "" right"", ""\u53f3\u4fa7"", "".right"", ""\u53f3\u8fb9\u7684""]"
multilingual,jlens_camila,polish-direction-left,8,"[""ness"", ""hip"", ""ullah"", ""ation"", ""ity""]"
multilingual,jlens_camila,polish-direction-left,16,"[""ness"", ""s"", "" freaking"", "" REALLY"", "" gotta""]"
multilingual,jlens_camila,polish-direction-left,24,"[""ness"", ""adays"", ""\u8fd9\u4e2a\u8bcd"", "" proverb"", ""-speaking""]"
multilingual,jlens_camila,polish-direction-left,32,"["" opposite"", ""\u8fd9\u4e2a\u8bcd"", "" meaning"", "" fucking"", "" oppos""]"
multilingual,jlens_camila,polish-direction-left,40,"["" opposite"", "" oppos"", ""\u76f8\u53cd"", ""\u53cd\u4e49\u8bcd"", "" \u043f\u0440\u043e\u0442\u0438\u0432\u043e\u043f\u043e\u043b\u043e""]"
multilingual,jlens_camila,polish-direction-left,48,"["" opposite"", "" oppos"", ""\u53cd\u4e49\u8bcd"", "" opposing"", "" \u043f\u0440\u043e\u0442\u0438\u0432\u043e\u043f\u043e\u043b\u043e""]"
multilingual,jlens_camila,polish-direction-left,56,"[""\u53f3"", "" right"", ""\u53f3\u8fb9\u7684"", ""\u53f3\u8fb9"", ""-right""]"
multilingual,rlens_camila,polish-direction-left,8,"[""s"", "" really"", ""t"", "" just"", "" stuff""]"
multilingual,rlens_camila,polish-direction-left,16,"[""s"", "" really"", ""t"", ""n"", ""y""]"
multilingual,rlens_camila,polish-direction-left,24,"["" opposite"", "" oppos"", ""\u8fd9\u4e2a\u8bcd"", "" meaning"", ""t""]"
multilingual,rlens_camila,polish-direction-left,32,"["" opposite"", "" oppos"", ""\u8fd9\u4e2a\u8bcd"", "" meaning"", ""-""]"
multilingual,rlens_camila,polish-direction-left,40,"["" opposite"", "" oppos"", ""\u76f8\u53cd"", ""\u5411\u53f3"", "" opposing""]"
multilingual,rlens_camila,polish-direction-left,48,"["" opposite"", "" oppos"", ""\u53cd\u4e49\u8bcd"", "" opposing"", ""\u8fd9\u4e2a\u8bcd""]"
multilingual,rlens_camila,polish-direction-left,56,"["" right"", ""\u53f3"", ""right"", "" Right"", ""\u53f3\u8fb9""]"
multilingual,jpp_released,polish-direction-left,8,"["" colors"", "" junk"", "" paint"", "" color"", "" music""]"
multilingual,jpp_released,polish-direction-left,16,"["" Chicago"", "" mascot"", "" street"", "" Big"", "" Huck""]"
multilingual,jpp_released,polish-direction-left,24,"["" opposite"", "" oppos"", "" -"", "" or"", "" wo""]"
multilingual,jpp_released,polish-direction-left,32,"["" opposite"", "" or"", "" Roman"", "" slang"", "" -""]"
multilingual,jpp_released,polish-direction-left,40,"["" right"", "" left"", "" opposite"", "" -"", "" opposing""]"
multilingual,jpp_released,polish-direction-left,48,"["" opposite"", "" left"", "" right"", "" opposing"", "" oppos""]"
multilingual,jpp_released,polish-direction-left,56,"["" right"", "" Right"", ""right"", ""_right"", "" RIGHT""]"
multilingual,logit,spanish-family-uncle,8,"[""s"", ""-"", "" -"", ""/"", ""M""]"
multilingual,logit,spanish-family-uncle,16,"[""s"", "" a"", "" I"", "" -"", ""/""]"
multilingual,logit,spanish-family-uncle,24,"[""J"", ""+"", ""f"", ""F"", ""S""]"
multilingual,logit,spanish-family-uncle,32,"[""o"", ""y"", ""-"", ""S"", ""\u6bbf""]"
multilingual,logit,spanish-family-uncle,40,"[""J"", ""on"", ""\u4ec0\u4e48"", "" sal"", "" la""]"
multilingual,logit,spanish-family-uncle,48,"[""\u4ec0\u4e48"", ""\u8bf7\u586b\u5199"", ""\u52a0\u62ff\u5927"", ""S"", ""a""]"
multilingual,logit,spanish-family-uncle,56,"["" brother"", ""bro"", "" cousin"", "" uncle"", ""\u5802""]"
multilingual,jlens_camila,spanish-family-uncle,8,"[""ness"", ""ynec"", ""ization"", ""anceled"", ""ation""]"
multilingual,jlens_camila,spanish-family-uncle,16,"[""ness"", "" basically"", ""Basically"", "" Basically"", ""actually""]"
multilingual,jlens_camila,spanish-family-uncle,24,"[""ness"", ""\u9a6c\u5fb7\u91cc"", ""\u897f\u73ed\u7259\u8bed"", ""Spanish"", ""sembl""]"
multilingual,jlens_camila,spanish-family-uncle,32,"[""\u4ec0\u4e48\u610f\u601d"", "" slang"", ""<|im_end|>"", "" fucking"", "" *""]"
multilingual,jlens_camila,spanish-family-uncle,40,"[""\u79f0\u547c"", "" Spanish"", ""Spanish"", ""\u897f\u73ed\u7259\u8bed"", ""\u8fd9\u4e2a\u8bcd""]"
multilingual,jlens_camila,spanish-family-uncle,48,"[""\u8fd9\u4e2a\u8bcd"", "" noun"", "" slang"", "" gramm"", "" grammar""]"
multilingual,jlens_camila,spanish-family-uncle,56,"["" brother"", "" cousin"", "" uncle"", "" brothers"", ""bro""]"
multilingual,rlens_camila,spanish-family-uncle,8,"[""\""s"", "" actually"", "" really"", "" basically"", ""\""I""]"
multilingual,rlens_camila,spanish-family-uncle,16,"["" basically"", "" actually"", "" really"", ""\""I"", ""actually""]"
multilingual,rlens_camila,spanish-family-uncle,24,"["" Spanish"", ""\u897f\u73ed\u7259\u8bed"", ""Spanish"", "" neighbor"", "" neighbors""]"
multilingual,rlens_camila,spanish-family-uncle,32,"[""\u8fd9\u4e2a\u8bcd"", "" slang"", "" Spanish"", ""\\n"", ""\u7684\u6b63\u786e""]"
multilingual,rlens_camila,spanish-family-uncle,40,"[""\u79f0\u547c"", "" Spanish"", ""\u8fd9\u4e2a\u8bcd"", ""\u79f0\u8c13"", ""Spanish""]"
multilingual,rlens_camila,spanish-family-uncle,48,"[""\u8fd9\u4e2a\u8bcd"", "" grammar"", ""\u4ec0\u4e48"", "" family"", "" noun""]"
multilingual,rlens_camila,spanish-family-uncle,56,"["" brother"", "" cousin"", "" uncle"", ""bro"", "" brothers""]"
multilingual,jpp_released,spanish-family-uncle,8,"["" harbor"", "" colors"", "" Ferrara"", "" jewelry"", "" colorful""]"
multilingual,jpp_released,spanish-family-uncle,16,"["" Big"", "" Texas"", "" Nick"", "" Eug"", "" Luck""]"
multilingual,jpp_released,spanish-family-uncle,24,"["" Spanish"", "" family"", "" Mexican"", "" children"", ""\u897f\u73ed\u7259\u8bed""]"
multilingual,jpp_released,spanish-family-uncle,32,"["" Mexican"", "" Spanish"", "" Texas"", ""Spanish"", "" Mexico""]"
multilingual,jpp_released,spanish-family-uncle,40,"["" Spanish"", ""Spanish"", "" -"", ""\u897f\u73ed\u7259\u8bed"", ""<span""]"
multilingual,jpp_released,spanish-family-uncle,48,"["" Spanish"", "" family"", ""%"", ""family"", ""Spanish""]"
multilingual,jpp_released,spanish-family-uncle,56,"["" brother"", "" cousin"", "" uncle"", "" sibling"", ""bro""]"
multilingual,logit,german-family-aunt,8,"[""-"", ""s"", ""/"", "" -"", "" I""]"
multilingual,logit,german-family-aunt,16,"[""s"", "" -"", "" r"", ""/"", "" a""]"
multilingual,logit,german-family-aunt,24,"[""f"", ""S"", ""F"", ""\u8f88"", ""-b""]"
multilingual,logit,german-family-aunt,32,"[""-"", ""ku"", ""S"", ""hen"", ""o""]"
multilingual,logit,german-family-aunt,40,"[""S"", "" kin"", ""ku"", ""\u4eb2"", ""J""]"
multilingual,logit,german-family-aunt,48,"[""S"", ""\u4ec0\u4e48"", ""K"", ""a"", ""z""]"
multilingual,logit,german-family-aunt,56,"["" maternal"", ""\u5802"", ""\u4eb2"", "" biological"", "" cousin""]"
multilingual,jlens_camila,german-family-aunt,8,"[""ness"", ""\u0629"", ""iest"", ""onical"", ""ization""]"
multilingual,jlens_camila,german-family-aunt,16,"[""ness"", "" basically"", "" Basically"", ""Basically"", ""onical""]"
multilingual,jlens_camila,german-family-aunt,24,"[""onical"", ""\u5fb7\u8bed"", ""ness"", "" German"", ""ologne""]"
multilingual,jlens_camila,german-family-aunt,32,"["" German"", "" famous"", "" slang"", ""\u5fb7\u8bed"", "" fucking""]"
multilingual,jlens_camila,german-family-aunt,40,"[""\u5fb7\u8bed"", "" German"", ""\u79f0\u547c"", "" parent"", ""\u5fb7\u56fd""]"
multilingual,jlens_camila,german-family-aunt,48,"["" German"", ""\u5fb7\u8bed"", "" synonym"", ""\u8fd9\u4e2a\u8bcd"", "" slang""]"
multilingual,jlens_camila,german-family-aunt,56,"["" cousin"", "" aunt"", "" maternal"", "" cousins"", "" sister""]"
multilingual,rlens_camila,german-family-aunt,8,"[""\""s"", ""\""d"", "" really"", ""\""L"", "" obviously""]"
multilingual,rlens_camila,german-family-aunt,16,"["" basically"", "" really"", "" obviously"", "" actually"", "" -""]"
multilingual,rlens_camila,german-family-aunt,24,"[""\u5fb7\u8bed"", "" German"", "" proverb"", "" linguistic"", ""German""]"
multilingual,rlens_camila,german-family-aunt,32,"["" German"", "" -"", ""-"", ""\u5fb7\u8bed"", "" famous""]"
multilingual,rlens_camila,german-family-aunt,40,"["" German"", ""\u5fb7\u8bed"", ""\u4eb2"", ""\u79f0\u547c"", ""\u5fb7\u56fd""]"
multilingual,rlens_camila,german-family-aunt,48,"["" German"", ""\u5fb7\u56fd"", ""\u5fb7\u8bed"", ""German"", "" family""]"
multilingual,rlens_camila,german-family-aunt,56,"["" cousin"", "" maternal"", "" aunt"", ""\u4eb2"", "" sister""]"
multilingual,jpp_released,german-family-aunt,8,"["" Ferrara"", ""\u5fb7\u56fd\u7684"", ""\""s"", ""\u5df4\u9ece"", "" underwater""]"
multilingual,jpp_released,german-family-aunt,16,"["" German"", "" Nick"", "" Berlin"", "" Big"", "" famous""]"
multilingual,jpp_released,german-family-aunt,24,"["" German"", "" family"", "" language"", "" children"", ""\u5fb7\u8bed""]"
multilingual,jpp_released,german-family-aunt,32,"["" German"", "" French"", ""\u5fb7\u56fd\u7684"", "" Germans"", ""\u5728\u5fb7\u56fd""]"
multilingual,jpp_released,german-family-aunt,40,"["" German"", "" family"", ""German"", ""\u5fb7\u8bed"", ""\u5fb7\u56fd""]"
multilingual,jpp_released,german-family-aunt,48,"["" German"", ""German"", ""\u5fb7\u56fd"", "" family"", ""\u5728\u5fb7\u56fd""]"
multilingual,jpp_released,german-family-aunt,56,"["" cousin"", "" aunt"", "" sister"", "" maternal"", "" cousins""]"
multilingual,logit,italian-family-grandmother,8,"[""-"", ""s"", "" *"", ""/"", "" -""]"
multilingual,logit,italian-family-grandmother,16,"["" I"", ""s"", "" -"", "" a"", "" *""]"
multilingual,logit,italian-family-grandmother,24,"[""\u8f88"", ""S"", ""F"", ""ward"", ""f""]"
multilingual,logit,italian-family-grandmother,32,"[""\u610f\u4e49\u4e0a\u7684"", ""o"", ""S"", "" con"", ""F""]"
multilingual,logit,italian-family-grandmother,40,"[""\u610f\u4e49\u4e0a\u7684"", ""\u854a"", ""\u4ec0\u4e48"", ""J"", ""rip""]"
multilingual,logit,italian-family-grandmother,48,"[""\u4ec0\u4e48"", ""S"", ""K"", ""\u610f\u4e49\u4e0a\u7684"", ""a""]"
multilingual,logit,italian-family-grandmother,56,"["" grand"", ""grand"", ""Grand"", "" Grand"", ""\u7956""]"
multilingual,jlens_camila,italian-family-grandmother,8,"[""ness"", ""onical"", ""ization"", ""iest"", ""eness""]"
multilingual,jlens_camila,italian-family-grandmother,16,"[""ness"", ""onical"", ""eness"", ""actually"", ""apest""]"
multilingual,jlens_camila,italian-family-grandmother,24,"[""ness"", ""onical"", ""criptor"", ""cript"", "" literal""]"
multilingual,jlens_camila,italian-family-grandmother,32,"["" fucking"", "" famous"", "" slang"", ""\u4ec0\u4e48\u610f\u601d"", "" wrongly""]"
multilingual,jlens_camila,italian-family-grandmother,40,"[""\u79f0\u547c"", "" inheritance"", "" family"", "" parent"", ""family""]"
multilingual,jlens_camila,italian-family-grandmother,48,"["" father"", "" family"", "" parent"", "" ancestor"", "" relationship""]"
multilingual,jlens_camila,italian-family-grandmother,56,"["" grandmother"", "" grand"", "" grandparents"", "" mother"", ""grand""]"
multilingual,rlens_camila,italian-family-grandmother,8,"[""\""s"", "" actually"", ""\""d"", ""\""I"", "" basically""]"
multilingual,rlens_camila,italian-family-grandmother,16,"["" really"", ""actually"", "" actually"", "" anyway"", ""\""d""]"
multilingual,rlens_camila,italian-family-grandmother,24,"[""\u610f\u5927\u5229"", "" proverb"", "" Italian"", "" literally"", ""-language""]"
multilingual,rlens_camila,italian-family-grandmother,32,"[""\u7684\u6b63\u786e"", "" linguistic"", "" fucking"", "" slang"", ""\u7684\u8bf4\u6cd5""]"
multilingual,rlens_camila,italian-family-grandmother,40,"[""\u79f0\u547c"", "" relationship"", ""Relationship"", "" family"", "" relation""]"
multilingual,rlens_camila,italian-family-grandmother,48,"["" -"", "" family"", "" father"", ""-"", "" relationship""]"
multilingual,rlens_camila,italian-family-grandmother,56,"["" grand"", "" grandmother"", ""grand"", ""\u7956"", "" mother""]"
multilingual,jpp_released,italian-family-grandmother,8,"[""\u610f\u5927\u5229"", "" Ferrara"", "" Italian"", "" italian"", ""Italian""]"
multilingual,jpp_released,italian-family-grandmother,16,"["" Italian"", "" Cain"", "" Boston"", "" Virgin"", "" Big""]"
multilingual,jpp_released,italian-family-grandmother,24,"["" family"", ""family"", "" children"", "" child"", "" childhood""]"
multilingual,jpp_released,italian-family-grandmother,32,"["" Italian"", "" Roman"", "" Italy"", "" family"", "" -""]"
multilingual,jpp_released,italian-family-grandmother,40,"["" family"", "" -"", ""family"", "" Italian"", "" father""]"
multilingual,jpp_released,italian-family-grandmother,48,"["" family"", "" Italian"", ""%"", ""family"", "" father""]"
multilingual,jpp_released,italian-family-grandmother,56,"["" grandmother"", "" grand"", "" grandma"", ""grand"", "" mother""]"
multilingual,logit,spanish-phase-water,8,"[""s"", ""-"", ""/"", "" as"", "" a""]"
multilingual,logit,spanish-phase-water,16,"[""s"", ""eral"", ""S"", ""\u7684"", ""\u6210\u4e3a""]"
multilingual,logit,spanish-phase-water,24,"["" a"", ""ly"", "" **"", ""hood"", ""-""]"
multilingual,logit,spanish-phase-water,32,"[""-"", ""t"", ""s"", "" a"", "" -""]"
multilingual,logit,spanish-phase-water,40,"["" ice"", ""\u7684\u51b0"", ""\u56fa\u4f53"", ""ice"", ""J""]"
multilingual,logit,spanish-phase-water,48,"[""\u52a0\u62ff\u5927"", ""H"", ""ice"", ""\u4e16\u754c\u4e0a\u6700"", ""K""]"
multilingual,logit,spanish-phase-water,56,"["" ice"", ""\u51b0"", ""ice"", ""\u7684\u51b0"", ""Ice""]"
multilingual,jlens_camila,spanish-phase-water,8,"[""ness"", ""ization"", ""ynec"", ""\""s"", ""\""g""]"
multilingual,jlens_camila,spanish-phase-water,16,"[""ness"", "" basically"", "" REALLY"", "" Basically"", ""m""]"
multilingual,jlens_camila,spanish-phase-water,24,"[""ness"", ""s"", ""eness"", ""ning"", ""sembl""]"
multilingual,jlens_camila,spanish-phase-water,32,"[""ness"", "" natural"", "" called"", "" scientists"", ""called""]"
multilingual,jlens_camila,spanish-phase-water,40,"["" ice"", ""\u7684\u51b0"", "" frozen"", ""ice"", ""\u51bb\u7ed3""]"
multilingual,jlens_camila,spanish-phase-water,48,"["" ice"", ""\u7684\u51b0"", ""ice"", ""\u51b0\u5757"", "" water""]"
multilingual,jlens_camila,spanish-phase-water,56,"["" ice"", ""ice"", ""\u7684\u51b0"", ""\u51b0"", "" Ice""]"
multilingual,rlens_camila,spanish-phase-water,8,"[""\""s"", ""\""L"", ""\""C"", ""\""I"", ""\""S""]"
multilingual,rlens_camila,spanish-phase-water,16,"[""s"", "" really"", "" -"", ""t"", "" actually""]"
multilingual,rlens_camila,spanish-phase-water,24,"["" -"", ""s"", ""t"", ""ness"", "" normally""]"
multilingual,rlens_camila,spanish-phase-water,32,"[""-"", "" -"", ""t"", ""s"", "" normally""]"
multilingual,rlens_camila,spanish-phase-water,40,"["" ice"", ""\u7684\u51b0"", ""ice"", "" water"", "" Ice""]"
multilingual,rlens_camila,spanish-phase-water,48,"["" ice"", ""\u7684\u51b0"", ""ice"", "" water"", "" Ice""]"
multilingual,rlens_camila,spanish-phase-water,56,"["" ice"", ""ice"", ""\u7684\u51b0"", ""\u51b0"", "" Ice""]"
multilingual,jpp_released,spanish-phase-water,8,"[""\""a"", "" Ferrara"", ""ANCELED"", "" waterfront"", "" underwater""]"
multilingual,jpp_released,spanish-phase-water,16,"["" Texas"", "" Big"", "" Texans"", "" Santa"", "" Houston""]"
multilingual,jpp_released,spanish-phase-water,24,"["" ice"", "" frozen"", "" snow"", "" frost"", "" freezing""]"
multilingual,jpp_released,spanish-phase-water,32,"["" ice"", "" Ice"", "" Earth"", "" snow"", ""ice""]"
multilingual,jpp_released,spanish-phase-water,40,"["" ice"", "" frozen"", "" snow"", "" water"", ""ice""]"
multilingual,jpp_released,spanish-phase-water,48,"["" ice"", ""ice"", "" Ice"", "" water"", "" snow""]"
multilingual,jpp_released,spanish-phase-water,56,"["" ice"", "" Ice"", ""Ice"", ""ice"", ""\u7684\u51b0""]"
multilingual,logit,german-phase-water,8,"[""-"", ""/"", ""s"", "" as"", "" -""]"
multilingual,logit,german-phase-water,16,"[""s"", ""\u7684"", ""S"", ""eral"", ""_s""]"
multilingual,logit,german-phase-water,24,"[""ly"", ""\u6d0b"", ""\u56fa\u4f53"", ""zen"", ""\u610f\u4e49\u4e0a\u7684""]"
multilingual,logit,german-phase-water,32,"[""s"", ""S"", ""t"", ""en"", "" H""]"
multilingual,logit,german-phase-water,40,"[""\u7684\u51b0"", "" ice"", ""\u56fa\u4f53"", ""\u51b0"", ""H""]"
multilingual,logit,german-phase-water,48,"[""K"", ""H"", "" ice"", ""S"", "" H""]"
multilingual,logit,german-phase-water,56,"["" solid"", "" ice"", ""\u51b0"", ""\u56fa\u4f53"", "" Ice""]"
multilingual,jlens_camila,german-phase-water,8,"[""ness"", ""\""s"", ""ynec"", ""onical"", ""\""M""]"
multilingual,jlens_camila,german-phase-water,16,"[""ness"", "" Basically"", ""ning"", "" basically"", ""ered""]"
multilingual,jlens_camila,german-phase-water,24,"[""ness"", ""ning"", ""ered"", ""\""s"", ""onical""]"
multilingual,jlens_camila,german-phase-water,32,"[""ness"", ""\u53eb\u505a"", ""\u4fd7\u79f0"", ""called"", ""alyze""]"
multilingual,jlens_camila,german-phase-water,40,"["" ice"", ""\u7684\u51b0"", "" frozen"", ""\u51bb\u7ed3"", ""\u7ed3\u51b0""]"
multilingual,jlens_camila,german-phase-water,48,"["" ice"", ""\u7684\u51b0"", ""\u51b0\u5757"", "" frozen"", ""\u7ed3\u51b0""]"
multilingual,jlens_camila,german-phase-water,56,"["" ice"", "" frozen"", "" solid"", ""\u51bb\u7ed3"", ""\u51b0""]"
multilingual,rlens_camila,german-phase-water,8,"[""\""s"", ""\""L"", ""\""d"", ""\""H"", ""\""I""]"
multilingual,rlens_camila,german-phase-water,16,"[""\""s"", "" -"", ""\""I"", ""\""d"", "" really""]"
multilingual,rlens_camila,german-phase-water,24,"[""\""s"", "" ice"", "" frozen"", ""\""H"", "" freeze""]"
multilingual,rlens_camila,german-phase-water,32,"[""t"", "" -"", ""\u7684\u51b0"", "" ice"", ""-""]"
multilingual,rlens_camila,german-phase-water,40,"["" ice"", ""\u7684\u51b0"", "" frozen"", ""\u51b0"", ""\u7ed3\u51b0""]"
multilingual,rlens_camila,german-phase-water,48,"["" ice"", ""\u7684\u51b0"", ""ice"", ""\u51b0"", "" Ice""]"
multilingual,rlens_camila,german-phase-water,56,"["" ice"", "" frozen"", "" solid"", ""\u51b0"", ""ice""]"
multilingual,jpp_released,german-phase-water,8,"[""\""s"", ""\""a"", ""\""f"", ""\""in"", ""\""F""]"
multilingual,jpp_released,german-phase-water,16,"["" Texas"", "" Francois"", "" Big"", "" Houston"", "" Texans""]"
multilingual,jpp_released,german-phase-water,24,"["" ice"", "" frozen"", "" snow"", "" frost"", "" freezing""]"
multilingual,jpp_released,german-phase-water,32,"["" Ice"", "" ice"", "" snow"", ""ice"", "" water""]"
multilingual,jpp_released,german-phase-water,40,"["" ice"", "" frozen"", "" snow"", "" Ice"", "" freezing""]"
multilingual,jpp_released,german-phase-water,48,"["" ice"", "" Ice"", ""ice"", "" snow"", "" frozen""]"
multilingual,jpp_released,german-phase-water,56,"["" ice"", "" Ice"", ""Ice"", ""\u7684\u51b0"", ""ice""]"
multilingual,logit,bulgarian-color-grass,8,"[""-"", ""/"", ""s"", "" as"", ""V""]"
multilingual,logit,bulgarian-color-grass,16,"["" a"", ""S"", ""s"", "" B"", ""P""]"
multilingual,logit,bulgarian-color-grass,24,"[""T"", ""-"", ""H"", ""ley"", ""ch""]"
multilingual,logit,bulgarian-color-grass,32,"[""T"", ""M"", ""S"", ""\u5728\u5176"", ""-""]"
multilingual,logit,bulgarian-color-grass,40,"[""H"", ""Y"", ""y"", "" green"", ""S""]"
multilingual,logit,bulgarian-color-grass,48,"[""S"", ""H"", "" H"", ""B"", ""C""]"
multilingual,logit,bulgarian-color-grass,56,"["" green"", ""\u7eff\u8272"", ""\u7eff\u8272\u7684"", ""\u7eff"", ""-green""]"
multilingual,jlens_camila,bulgarian-color-grass,8,"[""ness"", ""thern"", ""utors"", ""hip"", ""\u0432\u043e\u0440\u043e\u0442""]"
multilingual,jlens_camila,bulgarian-color-grass,16,"[""ness"", ""ity"", "" basically"", ""eness"", "" Basically""]"
multilingual,jlens_camila,bulgarian-color-grass,24,"[""ness"", "" colors"", ""-color"", "" colorful"", "" color""]"
multilingual,jlens_camila,bulgarian-color-grass,32,"["" colors"", "" color"", "" ONLY"", ""ness"", "" NOT""]"
multilingual,jlens_camila,bulgarian-color-grass,40,"["" colors"", "" color"", ""color"", ""\u7684\u989c\u8272"", ""\u989c\u8272""]"
multilingual,jlens_camila,bulgarian-color-grass,48,"["" colors"", "" color"", ""\u7684\u989c\u8272"", "" green"", ""\u989c\u8272""]"
multilingual,jlens_camila,bulgarian-color-grass,56,"["" green"", ""\u7eff\u8272"", ""green"", ""-green"", ""\u7eff\u8272\u7684""]"
multilingual,rlens_camila,bulgarian-color-grass,8,"["" really"", "" probably"", "" whatever"", ""t"", "" so""]"
multilingual,rlens_camila,bulgarian-color-grass,16,"["" basically"", "" really"", ""/"", ""t"", ""-""]"
multilingual,rlens_camila,bulgarian-color-grass,24,"["" color"", "" colors"", ""-color"", ""color"", ""-""]"
multilingual,rlens_camila,bulgarian-color-grass,32,"[""-"", "" color"", ""/"", "" colors"", "" -""]"
multilingual,rlens_camila,bulgarian-color-grass,40,"["" color"", "" colors"", ""color"", ""\u7684\u989c\u8272"", ""\u989c\u8272""]"
multilingual,rlens_camila,bulgarian-color-grass,48,"["" color"", "" green"", "" colors"", ""\u7684\u989c\u8272"", ""-""]"
multilingual,rlens_camila,bulgarian-color-grass,56,"["" green"", ""green"", ""\u7eff\u8272"", ""-green"", ""\u7eff\u8272\u7684""]"
multilingual,jpp_released,bulgarian-color-grass,8,"["" colors"", "" Mediterranean"", "" color"", "" music"", "" flower""]"
multilingual,jpp_released,bulgarian-color-grass,16,"["" Mystic"", "" Jean"", "" Turks"", "" New"", "" Magic""]"
multilingual,jpp_released,bulgarian-color-grass,24,"["" color"", "" colors"", ""color"", "" colored"", ""\u7684\u989c\u8272""]"
multilingual,jpp_released,bulgarian-color-grass,32,"["" color"", "" Color"", "" colors"", ""Color"", "" Hue""]"
multilingual,jpp_released,bulgarian-color-grass,40,"["" color"", "" colors"", "" green"", "" colored"", ""color""]"
multilingual,jpp_released,bulgarian-color-grass,48,"["" green"", "" color"", "" colors"", "" colored"", "" Color""]"
multilingual,jpp_released,bulgarian-color-grass,56,"["" green"", "" Green"", ""green"", ""-green"", ""Green""]"
multilingual,logit,serbian-opposite-day,8,"[""/"", ""-"", ""s"", "" *"", ""ing""]"
multilingual,logit,serbian-opposite-day,16,"[""\u51fa"", ""\u4ed8"", ""\u7528"", ""erus"", ""\u6210""]"
multilingual,logit,serbian-opposite-day,24,"[""que"", ""\u5531"", "" opposite"", ""\u4ec0\u4e48\u5462"", ""aments""]"
multilingual,logit,serbian-opposite-day,32,"[""\u73e0"", ""\u544a"", ""\u4ec0\u4e48\u5462"", ""\u4e0d"", ""upal""]"
multilingual,logit,serbian-opposite-day,40,"[""\u591c"", ""s"", "" darkness"", ""\u6697"", "" nighttime""]"
multilingual,logit,serbian-opposite-day,48,"[""\u52a0\u62ff\u5927"", ""B"", ""L"", ""H"", "" b""]"
multilingual,logit,serbian-opposite-day,56,"["" night"", ""\u591c"", ""\u591c\u665a"", ""night"", ""Night""]"
multilingual,jlens_camila,serbian-opposite-day,8,"[""\u0629"", ""e"", ""\u0430\u043c\u0438"", ""sburg"", ""alement""]"
multilingual,jlens_camila,serbian-opposite-day,16,"[""\u0629"", ""\u0430\u043c\u0438"", "" freaking"", ""eness"", ""ness""]"
multilingual,jlens_camila,serbian-opposite-day,24,"[""eness"", ""s"", ""\u0430\u043c\u0438"", ""ness"", ""\u0629""]"
multilingual,jlens_camila,serbian-opposite-day,32,"[""\u8fd9\u4e2a\u8bcd"", "" fucking"", "" words"", "" opposite"", "" oppos""]"
multilingual,jlens_camila,serbian-opposite-day,40,"["" nighttime"", "" night"", "" darkness"", "" noct"", ""\u9ed1\u591c""]"
multilingual,jlens_camila,serbian-opposite-day,48,"["" darkness"", "" nighttime"", "" night"", ""\u7684\u591c\u665a"", "" noct""]"
multilingual,jlens_camila,serbian-opposite-day,56,"["" night"", ""\u591c"", ""night"", ""\u591c\u665a"", "" Night""]"
multilingual,rlens_camila,serbian-opposite-day,8,"["" really"", ""e"", ""t"", ""s"", ""oooo""]"
multilingual,rlens_camila,serbian-opposite-day,16,"["" really"", "" thing"", ""e"", ""s"", ""t""]"
multilingual,rlens_camila,serbian-opposite-day,24,"[""s"", "" opposite"", "" words"", "" oppos"", "" word""]"
multilingual,rlens_camila,serbian-opposite-day,32,"["" opposite"", "" oppos"", ""\u8fd9\u4e2a\u8bcd"", "" words"", "" meaning""]"
multilingual,rlens_camila,serbian-opposite-day,40,"["" night"", "" nighttime"", "" darkness"", ""\u767d\u5929"", "" noct""]"
multilingual,rlens_camila,serbian-opposite-day,48,"["" night"", "" darkness"", "" nighttime"", ""\u7684\u591c\u665a"", "" noct""]"
multilingual,rlens_camila,serbian-opposite-day,56,"["" night"", ""\u591c"", ""night"", "" Night"", ""Night""]"
multilingual,jpp_released,serbian-opposite-day,8,"["" used"", "" colors"", "" Buffalo"", "" and"", "" colored""]"
multilingual,jpp_released,serbian-opposite-day,16,"["" and"", "" a"", "" in"", "" to"", "" the""]"
multilingual,jpp_released,serbian-opposite-day,24,"["" word"", "" opposite"", "" words"", "" oppos"", "" -""]"
multilingual,jpp_released,serbian-opposite-day,32,"["" S"", "" Russian"", "" Roman"", "" or"", "" opposition""]"
multilingual,jpp_released,serbian-opposite-day,40,"["" night"", "" nighttime"", "" Night"", "" daytime"", "" darkness""]"
multilingual,jpp_released,serbian-opposite-day,48,"["" night"", "" nighttime"", "" darkness"", "" dark"", "" Night""]"
multilingual,jpp_released,serbian-opposite-day,56,"["" night"", "" Night"", ""Night"", ""night"", ""-night""]"
multilingual,logit,croatian-opposite-big,8,"[""/"", ""V"", ""s"", ""-"", ""ing""]"
multilingual,logit,croatian-opposite-big,16,"[""s"", ""\u51fa"", ""\u4ed8"", ""\u5bb9\u6613"", ""\u7b97""]"
multilingual,logit,croatian-opposite-big,24,"[""opp"", "" opposite"", ""\u73e0"", ""\u4ec0\u4e48\u5462"", ""\u5730\u4e0a\u7684""]"
multilingual,logit,croatian-opposite-big,32,"[""omorphic"", ""\u610f\u4e49\u4e0a\u7684"", ""uv"", "" opposite"", ""\u5df7""]"
multilingual,logit,croatian-opposite-big,40,"[""\u76f8\u53cd"", "" opposite"", ""\u7f29\u5c0f"", ""S"", "" dimin""]"
multilingual,logit,croatian-opposite-big,48,"[""\u52a0\u62ff\u5927"", ""\u8fd9\u4e2a\u8bcd"", "" size"", ""B"", ""om""]"
multilingual,logit,croatian-opposite-big,56,"["" small"", ""small"", ""\u5c0f\u7684"", ""-small"", ""\u5c0f""]"
multilingual,jlens_camila,croatian-opposite-big,8,"[""ness"", ""ation"", ""\u0430\u043c\u0438"", ""ity"", ""eness""]"
multilingual,jlens_camila,croatian-opposite-big,16,"[""ness"", "" freaking"", "" thing"", "" kinda"", "" stuff""]"
multilingual,jlens_camila,croatian-opposite-big,24,"[""ness"", ""eness"", "" wanting"", ""-speaking"", "" nowadays""]"
multilingual,jlens_camila,croatian-opposite-big,32,"["" meaning"", "" fucking"", "" words"", "" slang"", ""ness""]"
multilingual,jlens_camila,croatian-opposite-big,40,"["" size"", ""size"", ""Size"", "" sizes"", "" Size""]"
multilingual,jlens_camila,croatian-opposite-big,48,"["" size"", "" smallest"", "" smaller"", ""Size"", ""size""]"
multilingual,jlens_camila,croatian-opposite-big,56,"["" small"", ""small"", ""-small"", ""\u5c0f\u7684"", ""_small""]"
multilingual,rlens_camila,croatian-opposite-big,8,"["" really"", "" stuff"", "" REALLY"", "" getting"", "" so""]"
multilingual,rlens_camila,croatian-opposite-big,16,"["" really"", ""s"", "" thing"", "" stuff"", ""m""]"
multilingual,rlens_camila,croatian-opposite-big,24,"["" opposite"", "" oppos"", ""\u76f8\u53cd\u7684"", "" meaning"", ""\u76f8\u53cd""]"
multilingual,rlens_camila,croatian-opposite-big,32,"["" meaning"", "" opposite"", ""-"", "" words"", "" oppos""]"
multilingual,rlens_camila,croatian-opposite-big,40,"["" size"", ""size"", ""Size"", ""\u5c3a\u5bf8"", "" opposite""]"
multilingual,rlens_camila,croatian-opposite-big,48,"["" size"", ""Size"", "" smallest"", "" smaller"", ""size""]"
multilingual,rlens_camila,croatian-opposite-big,56,"["" small"", ""small"", ""-small"", ""\u5c0f\u7684"", ""Small""]"
multilingual,jpp_released,croatian-opposite-big,8,"["" bigger"", "" football"", "" Marseille"", ""\u6d1b\u9633\u5e02"", "" big""]"
multilingual,jpp_released,croatian-opposite-big,16,"["" Pascal"", "" Laz"", "" Big"", "" Y"", "" Hungarian""]"
multilingual,jpp_released,croatian-opposite-big,24,"["" opposite"", "" oppos"", "" opp"", "" meaning"", "" words""]"
multilingual,jpp_released,croatian-opposite-big,32,"["" Symbol"", "" slang"", "" or"", "" Catalan"", "" Spanish""]"
multilingual,jpp_released,croatian-opposite-big,40,"["" size"", "" small"", "" smaller"", "" tiny"", ""size""]"
multilingual,jpp_released,croatian-opposite-big,48,"["" size"", "" small"", "" smaller"", "" smallest"", "" Size""]"
multilingual,jpp_released,croatian-opposite-big,56,"["" small"", ""small"", ""-small"", ""/small"", "" Small""]"
multilingual,logit,slovak-opposite-young,8,"[""/"", ""-"", "" I"", ""+"", "" *""]"
multilingual,logit,slovak-opposite-young,16,"[""ce"", "" B"", ""pee"", ""\u671d"", ""P""]"
multilingual,logit,slovak-opposite-young,24,"[""\u4e49\u8bcd"", ""onyms"", ""\u6709\u4f59"", ""\u53cd\u4e49\u8bcd"", ""\u4f5c""]"
multilingual,logit,slovak-opposite-young,32,"[""-"", ""\u822c"", ""\u610f\u4e49\u4e0a\u7684"", ""S"", ""A""]"
multilingual,logit,slovak-opposite-young,40,"[""\u76f8\u53cd"", "" opposite"", ""\u76f8\u53cd\u7684"", ""\u53cd\u4e49\u8bcd"", ""age""]"
multilingual,logit,slovak-opposite-young,48,"["" opposite"", ""\u76f8\u53cd"", ""\u53cd\u4e49\u8bcd"", ""\u76f8\u53cd\u7684"", ""\u8fd9\u4e2a\u8bcd""]"
multilingual,logit,slovak-opposite-young,56,"["" old"", "" older"", ""\u8001"", ""\u8001\u7684"", ""old""]"
multilingual,jlens_camila,slovak-opposite-young,8,"[""ness"", ""ation"", ""ity"", ""ization"", ""formance""]"
multilingual,jlens_camila,slovak-opposite-young,16,"[""ness"", ""ity"", ""evity"", ""ation"", ""eness""]"
multilingual,jlens_camila,slovak-opposite-young,24,"[""ness"", ""\u8fd9\u4e2a\u8bcd"", "" words"", ""zinho"", ""Words""]"
multilingual,jlens_camila,slovak-opposite-young,32,"[""\u8fd9\u4e2a\u8bcd"", "" words"", "" synonyms"", "" meaning"", "" slang""]"
multilingual,jlens_camila,slovak-opposite-young,40,"[""\u53cd\u4e49\u8bcd"", ""\u8fd9\u4e2a\u8bcd"", "" opposite"", ""\u76f8\u53cd"", ""\u76f8\u53cd\u7684""]"
multilingual,jlens_camila,slovak-opposite-young,48,"[""\u53cd\u4e49\u8bcd"", "" opposite"", ""\u76f8\u53cd\u7684"", ""\u76f8\u53cd"", "" oppos""]"
multilingual,jlens_camila,slovak-opposite-young,56,"["" old"", "" older"", ""older"", ""old"", ""-old""]"
multilingual,rlens_camila,slovak-opposite-young,8,"["" really"", "" probably"", "" so"", "" actually"", "" obviously""]"
multilingual,rlens_camila,slovak-opposite-young,16,"["" really"", "" actually"", ""s"", "" good"", ""l""]"
multilingual,rlens_camila,slovak-opposite-young,24,"["" words"", ""\u8fd9\u4e2a\u8bcd"", "" word"", "" meaning"", "" opposite""]"
multilingual,rlens_camila,slovak-opposite-young,32,"["" meaning"", "" opposite"", ""\u8fd9\u4e2a\u8bcd"", "" words"", "" synonyms""]"
multilingual,rlens_camila,slovak-opposite-young,40,"["" opposite"", ""\u53cd\u4e49\u8bcd"", ""\u76f8\u53cd"", ""\u76f8\u53cd\u7684"", ""\u8fd9\u4e2a\u8bcd""]"
multilingual,rlens_camila,slovak-opposite-young,48,"[""\u53cd\u4e49\u8bcd"", "" opposite"", ""\u76f8\u53cd"", ""\u76f8\u53cd\u7684"", ""\u8fd9\u4e2a\u8bcd""]"
multilingual,rlens_camila,slovak-opposite-young,56,"["" old"", "" older"", ""old"", ""older"", ""-old""]"
multilingual,jpp_released,slovak-opposite-young,8,"["" colors"", ""\u6d1b\u9633\u5e02"", ""\u5927\u962a\u5e02"", ""\u91cc\u6602"", "" color""]"
multilingual,jpp_released,slovak-opposite-young,16,"["" and"", "" Al"", "" Gigi"", ""l"", "" Mystic""]"
multilingual,jpp_released,slovak-opposite-young,24,"["" word"", "" words"", ""words"", "" Words"", "" meaning""]"
multilingual,jpp_released,slovak-opposite-young,32,"["" Roman"", "" Symbol"", "" Turkish"", "" Turk"", "" opposite""]"
multilingual,jpp_released,slovak-opposite-young,40,"["" age"", "" word"", "" opposite"", "" words"", "" -""]"
multilingual,jpp_released,slovak-opposite-young,48,"["" age"", "" opposite"", ""\u53cd\u4e49\u8bcd"", ""age"", "" ages""]"
multilingual,jpp_released,slovak-opposite-young,56,"["" old"", ""old"", "" older"", ""-old"", ""Old""]"
multilingual,logit,estonian-opposite-open,8,"[""/"", "" to"", "" *"", ""-"", "" I""]"
multilingual,logit,estonian-opposite-open,16,"[""B"", ""\u7167"", "" s"", "" B"", ""us""]"
multilingual,logit,estonian-opposite-open,24,"[""\u4e4f"", "" opposite"", ""\u91cf"", ""\u53cd\u4e49\u8bcd"", "" b""]"
multilingual,logit,estonian-opposite-open,32,"[""S"", ""-"", ""B"", ""L"", ""s""]"
multilingual,logit,estonian-opposite-open,40,"["" closed"", ""closed"", ""\u5c01\u95ed"", "" open"", "" Closed""]"
multilingual,logit,estonian-opposite-open,48,"["" closed"", ""closed"", ""\u5c01\u95ed"", ""S"", "" b""]"
multilingual,logit,estonian-opposite-open,56,"["" closed"", ""\u5c01\u95ed"", ""closed"", "" Closed"", ""\u95ed\u5408""]"
multilingual,jlens_camila,estonian-opposite-open,8,"[""ness"", ""ation"", ""eness"", ""ization"", ""ity""]"
multilingual,jlens_camila,estonian-opposite-open,16,"[""ness"", ""ly"", ""ized"", ""s"", ""m""]"
multilingual,jlens_camila,estonian-opposite-open,24,"[""ness"", ""arium"", "" proverb"", ""\u064b\u0627"", ""adays""]"
multilingual,jlens_camila,estonian-opposite-open,32,"[""ness"", "" meaning"", "" natural"", "" words"", ""\u8fd9\u4e2a\u8bcd""]"
multilingual,jlens_camila,estonian-opposite-open,40,"[""\u5c01\u95ed"", "" closed"", ""closed"", "" Closed"", ""Closed""]"
multilingual,jlens_camila,estonian-opposite-open,48,"["" closed"", ""\u5c01\u95ed"", ""closed"", "" Closed"", ""Closed""]"
multilingual,jlens_camila,estonian-opposite-open,56,"["" closed"", ""closed"", ""\u5c01\u95ed"", "" Closed"", ""Closed""]"
multilingual,rlens_camila,estonian-opposite-open,8,"["" really"", "" probably"", "" people"", ""ness"", "" stuff""]"
multilingual,rlens_camila,estonian-opposite-open,16,"[""s"", ""l"", ""t"", ""n"", "" people""]"
multilingual,rlens_camila,estonian-opposite-open,24,"[""s"", ""ness"", "" word"", "" meaning"", "" words""]"
multilingual,rlens_camila,estonian-opposite-open,32,"[""-"", "" meaning"", ""s"", ""/"", ""t""]"
multilingual,rlens_camila,estonian-opposite-open,40,"["" closed"", ""\u5c01\u95ed"", ""closed"", "" Closed"", "" open""]"
multilingual,rlens_camila,estonian-opposite-open,48,"["" closed"", ""\u5c01\u95ed"", ""closed"", "" Closed"", ""Closed""]"
multilingual,rlens_camila,estonian-opposite-open,56,"["" closed"", ""closed"", ""\u5c01\u95ed"", "" Closed"", ""Closed""]"
multilingual,jpp_released,estonian-opposite-open,8,"["" Detroit"", "" Disneyland"", "" Disney"", ""Detroit"", "" Finnish""]"
multilingual,jpp_released,estonian-opposite-open,16,"["" Kaz"", "" White"", "" Y"", "" Al"", "" and""]"
multilingual,jpp_released,estonian-opposite-open,24,"["" word"", "" words"", "" spoken"", "" opposite"", "" free""]"
multilingual,jpp_released,estonian-opposite-open,32,"["" or"", "" modern"", "" Turkish"", "" Modern"", "" Roman""]"
multilingual,jpp_released,estonian-opposite-open,40,"["" closed"", ""\u5c01\u95ed"", "" open"", "" Closed"", ""closed""]"
multilingual,jpp_released,estonian-opposite-open,48,"["" closed"", "" Closed"", ""closed"", ""\u5c01\u95ed"", ""Closed""]"
multilingual,jpp_released,estonian-opposite-open,56,"["" closed"", ""closed"", ""Closed"", "" Closed"", ""\u5c01\u95ed""]"
multilingual,logit,irish-opposite-big,8,"[""/"", ""V"", "" V"", "" S"", ""ing""]"
multilingual,logit,irish-opposite-big,16,"["" B"", ""B"", "" *"", "" v"", "" S""]"
multilingual,logit,irish-opposite-big,24,"["" opposite"", ""\u73e0"", ""\u53cd\u4e49\u8bcd"", ""\u79ef\u7d2f"", "" im""]"
multilingual,logit,irish-opposite-big,32,"[""\u4e0e\u4e4b"", "" opposite"", ""\u5f53\u7136"", "" diam"", ""\u4ec0\u4e48\u5462""]"
multilingual,logit,irish-opposite-big,40,"[""\u76f8\u53cd"", ""L"", "" opposite"", ""A"", ""s""]"
multilingual,logit,irish-opposite-big,48,"[""\u53cd\u4e49\u8bcd"", "" something"", "" opposite"", ""\u52a0\u62ff\u5927"", ""\u76f8\u53cd""]"
multilingual,logit,irish-opposite-big,56,"["" small"", ""small"", ""\u5c0f\u7684"", "" nh\u1ecf"", ""\u5c0f""]"
multilingual,jlens_camila,irish-opposite-big,8,"[""ness"", ""adays"", ""ization"", ""ity"", ""raries""]"
multilingual,jlens_camila,irish-opposite-big,16,"[""ness"", "" really"", ""ity"", "" basically"", ""thing""]"
multilingual,jlens_camila,irish-opposite-big,24,"[""ness"", ""arium"", ""\u8fd9\u4e2a\u8bcd"", ""-speaking"", ""zinho""]"
multilingual,jlens_camila,irish-opposite-big,32,"["" opposite"", ""\u8fd9\u4e2a\u8bcd"", "" oppos"", "" contrast"", "" natural""]"
multilingual,jlens_camila,irish-opposite-big,40,"["" size"", ""Size"", ""\u53cd\u4e49\u8bcd"", ""size"", "" Size""]"
multilingual,jlens_camila,irish-opposite-big,48,"["" smallest"", ""\u8d8a\u5c0f"", ""\u53cd\u4e49\u8bcd"", ""Size"", "" smaller""]"
multilingual,jlens_camila,irish-opposite-big,56,"[""small"", "" small"", ""\u5c0f\u7684"", ""-small"", ""Small""]"
multilingual,rlens_camila,irish-opposite-big,8,"["" really"", "" so"", "" obviously"", "" probably"", "" people""]"
multilingual,rlens_camila,irish-opposite-big,16,"["" really"", "" actually"", "" people"", "" very"", "" so""]"
multilingual,rlens_camila,irish-opposite-big,24,"["" opposite"", "" oppos"", "" words"", ""\u8fd9\u4e2a\u8bcd"", ""-""]"
multilingual,rlens_camila,irish-opposite-big,32,"["" opposite"", "" oppos"", "" contrast"", ""-"", ""\u8fd9\u4e2a\u8bcd""]"
multilingual,rlens_camila,irish-opposite-big,40,"["" opposite"", "" oppos"", "" size"", ""\u53cd\u4e49\u8bcd"", ""Size""]"
multilingual,rlens_camila,irish-opposite-big,48,"[""\u53cd\u4e49\u8bcd"", ""Size"", "" size"", "" opposite"", "" smallest""]"
multilingual,rlens_camila,irish-opposite-big,56,"["" small"", ""small"", ""\u5c0f\u7684"", ""Small"", "" tiny""]"
multilingual,jpp_released,irish-opposite-big,8,"["" Spanish"", "" English"", "" dancing"", "" bilingual"", "" dance""]"
multilingual,jpp_released,irish-opposite-big,16,"["" and"", "" in"", "" to"", "" the"", "" -""]"
multilingual,jpp_released,irish-opposite-big,24,"["" opposite"", "" word"", "" oppos"", "" words"", "" spoken""]"
multilingual,jpp_released,irish-opposite-big,32,"["" opposite"", "" or"", "" opposition"", "" oppos"", "" opposing""]"
multilingual,jpp_released,irish-opposite-big,40,"["" size"", "" small"", "" -"", "" smaller"", "" tiny""]"
multilingual,jpp_released,irish-opposite-big,48,"["" size"", "" smallest"", "" smaller"", ""small"", "" Size""]"
multilingual,jpp_released,irish-opposite-big,56,"["" small"", ""small"", ""-small"", ""/small"", "" Small""]"
multilingual,logit,fr-month-after-jan,8,"[""/"", ""-"", "" P"", "" -"", "" F""]"
multilingual,logit,fr-month-after-jan,16,"[""s"", "" le"", ""P"", ""T"", "" -""]"
multilingual,logit,fr-month-after-jan,24,"[""\u585e"", ""\u0443"", ""\u4e0b\u4e00\u4e2a"", "" t"", ""\u53e5""]"
multilingual,logit,fr-month-after-jan,32,"[""S"", ""\u7684\u6b63\u786e"", ""y"", ""oto"", ""s""]"
multilingual,logit,fr-month-after-jan,40,"[""us"", ""\u627f"", ""\u6708\u4efd"", ""S"", "" calendar""]"
multilingual,logit,fr-month-after-jan,48,"[""S"", ""K"", ""C"", ""ues"", ""ri""]"
multilingual,logit,fr-month-after-jan,56,"["" February"", ""\u4e8c\u6708"", ""February"", "" March"", "" Feb""]"
multilingual,jlens_camila,fr-month-after-jan,8,"[""ness"", ""ation"", ""iest"", ""eness"", ""ization""]"
multilingual,jlens_camila,fr-month-after-jan,16,"[""ness"", "" didnt"", ""eness"", "" basically"", "" kinda""]"
multilingual,jlens_camila,fr-month-after-jan,24,"[""ness"", ""\u0629"", ""iest"", ""eness"", ""amente""]"
multilingual,jlens_camila,fr-month-after-jan,32,"[""ness"", "" famous"", "" fucking"", ""\u7684\u6b63\u786e"", "" french""]"
multilingual,jlens_camila,fr-month-after-jan,40,"["" Month"", "" month"", ""month"", ""\u6708\u4efd"", ""Month""]"
multilingual,jlens_camila,fr-month-after-jan,48,"["" month"", "" Month"", ""\u6708\u4efd"", ""month"", "" calendar""]"
multilingual,jlens_camila,fr-month-after-jan,56,"["" February"", ""\u4e8c\u6708"", ""February"", "" March"", "" January""]"
multilingual,rlens_camila,fr-month-after-jan,8,"["" -"", "" obviously"", "" really"", "" actually"", "" basically""]"
multilingual,rlens_camila,fr-month-after-jan,16,"["" really"", ""s"", "" basically"", ""t"", ""m""]"
multilingual,rlens_camila,fr-month-after-jan,24,"[""m"", "" really"", ""t"", "" French"", ""che""]"
multilingual,rlens_camila,fr-month-after-jan,32,"[""\u7684\u6b63\u786e"", ""-"", "" French"", "" -"", "" famous""]"
multilingual,rlens_camila,fr-month-after-jan,40,"["" month"", "" Month"", ""\u6708\u4efd"", ""month"", ""Month""]"
multilingual,rlens_camila,fr-month-after-jan,48,"["" month"", "" Month"", ""\u6708\u4efd"", ""month"", "" calendar""]"
multilingual,rlens_camila,fr-month-after-jan,56,"["" February"", ""\u4e8c\u6708"", ""February"", "" March"", "" January""]"
multilingual,jpp_released,fr-month-after-jan,8,"[""\u6cd5\u8bed"", ""\u6cd5\u56fd"", ""French"", "" French"", "" french""]"
multilingual,jpp_released,fr-month-after-jan,16,"["" Jean"", "" French"", "" Alain"", "" France"", "" Francois""]"
multilingual,jpp_released,fr-month-after-jan,24,"["" French"", "" winter"", ""\u6cd5\u8bed"", ""m"", "" Roman""]"
multilingual,jpp_released,fr-month-after-jan,32,"["" French"", "" France"", "" Jean"", "" Roman"", "" Easter""]"
multilingual,jpp_released,fr-month-after-jan,40,"["" month"", "" Month"", "" months"", ""month"", "" winter""]"
multilingual,jpp_released,fr-month-after-jan,48,"["" month"", "" Month"", "" calendar"", "" French"", "" months""]"
multilingual,jpp_released,fr-month-after-jan,56,"["" February"", ""February"", "" March"", ""\u4e8c\u6708"", "" April""]"
multilingual,logit,fr-month-after-may,8,"[""/"", "" -"", ""-"", "" F"", "" P""]"
multilingual,logit,fr-month-after-may,16,"["" -"", ""T"", "" le"", ""P"", ""s""]"
multilingual,logit,fr-month-after-may,24,"[""\u585e"", ""nam"", ""che"", ""\u4e0b\u4e00\u4e2a"", ""zed""]"
multilingual,logit,fr-month-after-may,32,"[""iful"", ""\u7684\u6b63\u786e"", ""\u0435\u0440"", ""oto"", ""unge""]"
multilingual,logit,fr-month-after-may,40,"[""\u627f"", ""us"", "" **"", ""s"", ""Month""]"
multilingual,logit,fr-month-after-may,48,"[""S"", ""ues"", ""ri"", ""\u6708\u4efd"", ""apy""]"
multilingual,logit,fr-month-after-may,56,"["" June"", ""June"", ""\u516d\u6708"", ""6"", "" May""]"
multilingual,jlens_camila,fr-month-after-may,8,"[""ness"", ""ization"", ""eness"", ""ation"", ""iest""]"
multilingual,jlens_camila,fr-month-after-may,16,"[""ness"", "" basically"", "" kinda"", ""eness"", "" didnt""]"
multilingual,jlens_camila,fr-month-after-may,24,"[""ness"", ""\u0629"", ""iest"", "" french"", ""amente""]"
multilingual,jlens_camila,fr-month-after-may,32,"[""ness"", "" french"", "" famous"", "" fucking"", "" French""]"
multilingual,jlens_camila,fr-month-after-may,40,"["" Month"", "" month"", ""month"", ""\u6708\u4efd"", ""Month""]"
multilingual,jlens_camila,fr-month-after-may,48,"["" month"", "" Month"", ""\u6708\u4efd"", ""month"", "" calendar""]"
multilingual,jlens_camila,fr-month-after-may,56,"["" June"", ""June"", ""\u516d\u6708"", "" July"", "" August""]"
multilingual,rlens_camila,fr-month-after-may,8,"["" -"", ""\""s"", "" actually"", "" basically"", "" obviously""]"
multilingual,rlens_camila,fr-month-after-may,16,"["" really"", "" -"", ""s"", "" basically"", ""m""]"
multilingual,rlens_camila,fr-month-after-may,24,"[""m"", "" really"", "" French"", "" month"", ""s""]"
multilingual,rlens_camila,fr-month-after-may,32,"["" French"", ""\u7684\u6b63\u786e"", ""-"", "" -"", ""m""]"
multilingual,rlens_camila,fr-month-after-may,40,"["" month"", "" Month"", ""month"", ""\u6708\u4efd"", ""Month""]"
multilingual,rlens_camila,fr-month-after-may,48,"["" month"", "" Month"", ""\u6708\u4efd"", ""month"", "" calendar""]"
multilingual,rlens_camila,fr-month-after-may,56,"["" June"", ""June"", ""\u516d\u6708"", "" July"", "" May""]"
multilingual,jpp_released,fr-month-after-may,8,"[""\u6cd5\u8bed"", "" French"", ""French"", ""\u6cd5\u56fd"", "" french""]"
multilingual,jpp_released,fr-month-after-may,16,"["" French"", "" Jean"", "" Alain"", "" France"", "" Francois""]"
multilingual,jpp_released,fr-month-after-may,24,"["" French"", "" month"", "" winter"", "" months"", "" calendar""]"
multilingual,jpp_released,fr-month-after-may,32,"["" French"", "" France"", "" Roman"", "" Franc"", "" Jean""]"
multilingual,jpp_released,fr-month-after-may,40,"["" month"", "" Month"", "" summer"", "" French"", ""month""]"
multilingual,jpp_released,fr-month-after-may,48,"["" month"", "" French"", "" Month"", "" calendar"", ""month""]"
multilingual,jpp_released,fr-month-after-may,56,"["" June"", ""June"", "" April"", "" July"", "" month""]"
multilingual,logit,de-month-after-jan,8,"[""-"", ""/"", "" -"", ""s"", "" as""]"
multilingual,logit,de-month-after-jan,16,"[""s"", ""P"", ""M"", "" -"", ""er""]"
multilingual,logit,de-month-after-jan,24,"[""nam"", "" m"", "" *"", ""onna"", ""\u585e""]"
multilingual,logit,de-month-after-jan,32,"[""iful"", ""J"", ""-"", ""R"", ""S""]"
multilingual,logit,de-month-after-jan,40,"[""\u6708\u4efd"", ""J"", ""us"", ""B"", ""j""]"
multilingual,logit,de-month-after-jan,48,"[""S"", ""K"", ""C"", ""\u6708\u4efd"", ""M""]"
multilingual,logit,de-month-after-jan,56,"["" February"", ""\u4e8c\u6708"", ""February"", "" Feb"", ""Feb""]"
multilingual,jlens_camila,de-month-after-jan,8,"[""ness"", ""iest"", ""ization"", ""\""s"", ""jang""]"
multilingual,jlens_camila,de-month-after-jan,16,"[""ness"", "" Basically"", "" basically"", "" everybody"", ""iest""]"
multilingual,jlens_camila,de-month-after-jan,24,"[""ness"", "" everybody"", ""iest"", "" favorite"", "" specials""]"
multilingual,jlens_camila,de-month-after-jan,32,"["" famous"", ""\u8fd9\u4e2a\u540d\u5b57"", "" nowadays"", ""\u7684\u540d\u5b57"", "" wrongly""]"
multilingual,jlens_camila,de-month-after-jan,40,"["" month"", "" Month"", ""month"", ""\u6708\u4efd"", ""Month""]"
multilingual,jlens_camila,de-month-after-jan,48,"["" month"", ""\u6708\u4efd"", "" Month"", ""month"", "" calendar""]"
multilingual,jlens_camila,de-month-after-jan,56,"["" February"", ""\u4e8c\u6708"", ""February"", "" Feb"", "" January""]"
multilingual,rlens_camila,de-month-after-jan,8,"[""\""s"", "" -"", "" obviously"", "" really"", ""\""I""]"
multilingual,rlens_camila,de-month-after-jan,16,"["" -"", "" really"", "" basically"", "" obviously"", ""t""]"
multilingual,rlens_camila,de-month-after-jan,24,"["" month"", "" wonderful"", "" really"", ""m"", "" sunshine""]"
multilingual,rlens_camila,de-month-after-jan,32,"["" -"", "" famous"", ""-"", "" name"", ""\u8fd9\u4e2a\u540d\u5b57""]"
multilingual,rlens_camila,de-month-after-jan,40,"["" month"", "" Month"", ""\u6708\u4efd"", ""month"", ""Month""]"
multilingual,rlens_camila,de-month-after-jan,48,"["" month"", ""\u6708\u4efd"", "" Month"", ""month"", "" calendar""]"
multilingual,rlens_camila,de-month-after-jan,56,"["" February"", ""\u4e8c\u6708"", ""February"", "" Feb"", "" March""]"
multilingual,jpp_released,de-month-after-jan,8,"[""\""s"", ""\""a"", ""\""B"", "" waterfront"", "" Gulf""]"
multilingual,jpp_released,de-month-after-jan,16,"["" Buzz"", "" Maz"", "" Texas"", "" Big"", "" Mystic""]"
multilingual,jpp_released,de-month-after-jan,24,"["" month"", "" winter"", "" months"", "" monthly"", "" calendar""]"
multilingual,jpp_released,de-month-after-jan,32,"["" Calendar"", "" German"", "" calendar"", "" Roman"", "" Easter""]"
multilingual,jpp_released,de-month-after-jan,40,"["" month"", "" Month"", "" winter"", "" February"", "" months""]"
multilingual,jpp_released,de-month-after-jan,48,"["" month"", "" Month"", "" German"", "" February"", "" winter""]"
multilingual,jpp_released,de-month-after-jan,56,"["" February"", ""February"", ""\u4e8c\u6708"", "" March"", "" January""]"
multilingual,logit,de-month-after-jul,8,"[""-"", ""/"", "" -"", ""s"", "" as""]"
multilingual,logit,de-month-after-jul,16,"[""P"", "" **"", ""s"", "" -"", ""M""]"
multilingual,logit,de-month-after-jul,24,"["" *"", ""\u5fd9"", "" **"", ""nam"", "" f""]"
multilingual,logit,de-month-after-jul,32,"[""nam"", ""y"", "" namely"", ""-"", "" mon""]"
multilingual,logit,de-month-after-jul,40,"[""\u6708\u4efd"", ""ente"", "".month"", ""apy"", "" month""]"
multilingual,logit,de-month-after-jul,48,"[""S"", ""y"", ""D"", ""eve"", ""-""]"
multilingual,logit,de-month-after-jul,56,"["" August"", ""\u516b\u6708"", ""August"", "" September"", ""September""]"
multilingual,jlens_camila,de-month-after-jul,8,"[""ness"", ""iest"", ""ization"", ""\""s"", ""tures""]"
multilingual,jlens_camila,de-month-after-jul,16,"[""ness"", ""iest"", "" Basically"", "" basically"", "" everybody""]"
multilingual,jlens_camila,de-month-after-jul,24,"[""ness"", ""iest"", "" everybody"", "" specials"", "" favorite""]"
multilingual,jlens_camila,de-month-after-jul,32,"["" famous"", "" nowadays"", "" month"", "" special"", "" Month""]"
multilingual,jlens_camila,de-month-after-jul,40,"["" month"", "" Month"", ""month"", ""\u6708\u4efd"", ""Month""]"
multilingual,jlens_camila,de-month-after-jul,48,"["" month"", "" Month"", ""\u6708\u4efd"", ""month"", "" summer""]"
multilingual,jlens_camila,de-month-after-jul,56,"["" August"", ""August"", ""\u516b\u6708"", "" September"", "" July""]"
multilingual,rlens_camila,de-month-after-jul,8,"[""\""s"", "" -"", "" obviously"", ""\""I"", "" basically""]"
multilingual,rlens_camila,de-month-after-jul,16,"["" -"", "" really"", "" basically"", "" obviously"", ""\""s""]"
multilingual,rlens_camila,de-month-after-jul,24,"["" month"", "" Month"", "" monthly"", "" sunshine"", "" really""]"
multilingual,rlens_camila,de-month-after-jul,32,"[""-"", "" month"", "" calendar"", "" -"", "" season""]"
multilingual,rlens_camila,de-month-after-jul,40,"["" month"", "" Month"", ""month"", ""\u6708\u4efd"", ""-month""]"
multilingual,rlens_camila,de-month-after-jul,48,"["" month"", "" Month"", ""\u6708\u4efd"", ""-"", "" -""]"
multilingual,rlens_camila,de-month-after-jul,56,"["" August"", ""August"", ""\u516b\u6708"", "" September"", "" June""]"
multilingual,jpp_released,de-month-after-jul,8,"[""\""s"", ""\""a"", "" waterfront"", ""Getty"", ""\""B""]"
multilingual,jpp_released,de-month-after-jul,16,"["" Buzz"", "" Texas"", "" Big"", "" Mystic"", "" Maz""]"
multilingual,jpp_released,de-month-after-jul,24,"["" month"", "" monthly"", "" months"", "" calendar"", "" yearly""]"
multilingual,jpp_released,de-month-after-jul,32,"["" Calendar"", "" calendar"", "" Month"", "" month"", "" season""]"
multilingual,jpp_released,de-month-after-jul,40,"["" month"", "" Month"", "" summer"", "" monthly"", "" months""]"
multilingual,jpp_released,de-month-after-jul,48,"["" month"", "" Month"", "" summer"", "" September"", "" October""]"
multilingual,jpp_released,de-month-after-jul,56,"["" August"", "" September"", ""\u516b\u6708"", ""August"", "" July""]"
multilingual,logit,de-month-before-dec,8,"[""-"", ""/"", "" -"", ""s"", "" as""]"
multilingual,logit,de-month-before-dec,16,"[""M"", "" -"", ""P"", ""T"", ""S""]"
multilingual,logit,de-month-before-dec,24,"[""\u5fd9"", "" *"", ""nam"", "" **"", ""\u6ce8""]"
multilingual,logit,de-month-before-dec,32,"[""nam"", ""\u0436\u0435"", ""y"", "" namely"", "" M""]"
multilingual,logit,de-month-before-dec,40,"["" Prepar"", "" preparation"", ""\u5fd9"", "" preparations"", "" Prep""]"
multilingual,logit,de-month-before-dec,48,"[""S"", ""N"", ""D"", ""C"", ""-""]"
multilingual,logit,de-month-before-dec,56,"["" traditionally"", ""\u5341\u6708"", "" tradition"", ""\u53f2\u4e0a\u6700"", "" November""]"
multilingual,jlens_camila,de-month-before-dec,8,"[""ness"", ""iest"", ""ization"", ""\""s"", ""tures""]"
multilingual,jlens_camila,de-month-before-dec,16,"[""ness"", "" Basically"", "" basically"", "" everybody"", ""iest""]"
multilingual,jlens_camila,de-month-before-dec,24,"[""ness"", "" everybody"", "" favorite"", "" specials"", ""iest""]"
multilingual,jlens_camila,de-month-before-dec,32,"["" special"", "" famous"", "" nowadays"", "" month"", "" favorite""]"
multilingual,jlens_camila,de-month-before-dec,40,"["" month"", ""month"", "" Month"", "" winter"", "" seasonal""]"
multilingual,jlens_camila,de-month-before-dec,48,"["" month"", "" preparations"", "" holiday"", "" Month"", "" winter""]"
multilingual,jlens_camila,de-month-before-dec,56,"["" November"", "" December"", "" October"", "" September"", "" traditionally""]"
multilingual,rlens_camila,de-month-before-dec,8,"[""\""s"", "" -"", "" obviously"", "" basically"", "" really""]"
multilingual,rlens_camila,de-month-before-dec,16,"["" -"", "" really"", "" basically"", "" obviously"", ""\""s""]"
multilingual,rlens_camila,de-month-before-dec,24,"["" special"", "" -"", "" really"", "" month"", "" specials""]"
multilingual,rlens_camila,de-month-before-dec,32,"[""-"", "" special"", "" -"", "" calendar"", "" season""]"
multilingual,rlens_camila,de-month-before-dec,40,"["" month"", "" Month"", ""month"", "" season"", "" winter""]"
multilingual,rlens_camila,de-month-before-dec,48,"["" month"", ""-"", "" preparations"", "" special"", "" holiday""]"
multilingual,rlens_camila,de-month-before-dec,56,"["" November"", "" December"", "" September"", "" traditionally"", "" October""]"
multilingual,jpp_released,de-month-before-dec,8,"[""\""s"", ""\""a"", ""\u5fb7\u56fd\u7684"", ""\""B"", ""\""f""]"
multilingual,jpp_released,de-month-before-dec,16,"["" Buzz"", "" Maz"", "" Munich"", "" Big"", "" Hamburg""]"
multilingual,jpp_released,de-month-before-dec,24,"["" month"", "" yearly"", "" monthly"", "" annual"", "" months""]"
multilingual,jpp_released,de-month-before-dec,32,"["" calendar"", "" Calendar"", "" season"", "" Month"", "" annual""]"
multilingual,jpp_released,de-month-before-dec,40,"["" winter"", "" month"", "" Month"", "" December"", "" season""]"
multilingual,jpp_released,de-month-before-dec,48,"["" winter"", "" Month"", "" month"", "" Christmas"", "" Winter""]"
multilingual,jpp_released,de-month-before-dec,56,"["" November"", "" December"", ""November"", ""December"", "" September""]"
multilingual,logit,es-month-after-mar,8,"[""/"", ""-"", "" T"", "" -"", "" I""]"
multilingual,logit,es-month-after-mar,16,"["" le"", ""\u6295"", ""T"", ""M"", ""s""]"
multilingual,logit,es-month-after-mar,24,"[""onna"", ""\u4ec0\u4e48\u5462"", "" m"", ""phere"", ""\u00fa""]"
multilingual,logit,es-month-after-mar,32,"[""IP"", ""oto"", ""\u7684\u6b63\u786e"", ""unge"", ""M""]"
multilingual,logit,es-month-after-mar,40,"[""J"", ""IP"", ""us"", ""ri"", ""M""]"
multilingual,logit,es-month-after-mar,48,"[""ues"", ""S"", ""\u5df3"", ""apy"", ""\u9009\u9879""]"
multilingual,logit,es-month-after-mar,56,"[""\u56db\u6708"", "" April"", ""April"", ""\u7b2c\u56db"", "" May""]"
multilingual,jlens_camila,es-month-after-mar,8,"[""ness"", ""ization"", ""tures"", ""ation"", ""\""L""]"
multilingual,jlens_camila,es-month-after-mar,16,"[""ness"", "" everybody"", "" basically"", ""ation"", ""m""]"
multilingual,jlens_camila,es-month-after-mar,24,"[""ness"", ""anceled"", ""ization"", ""Neighbor"", "" honored""]"
multilingual,jlens_camila,es-month-after-mar,32,"["" famous"", ""ness"", ""alyze"", "" slang"", "" funny""]"
multilingual,jlens_camila,es-month-after-mar,40,"["" month"", "" Month"", ""month"", ""\u6708\u4efd"", ""Month""]"
multilingual,jlens_camila,es-month-after-mar,48,"["" month"", "" Month"", ""\u6708\u4efd"", ""month"", "" English""]"
multilingual,jlens_camila,es-month-after-mar,56,"["" April"", ""\u56db\u6708"", ""April"", "" March"", "" May""]"
multilingual,rlens_camila,es-month-after-mar,8,"[""\""s"", "" really"", ""\""I"", "" REALLY"", "" actually""]"
multilingual,rlens_camila,es-month-after-mar,16,"["" really"", "" basically"", "" actually"", ""s"", ""m""]"
multilingual,rlens_camila,es-month-after-mar,24,"["" neighbor"", "" honored"", "" wonderful"", "" honor"", "" really""]"
multilingual,rlens_camila,es-month-after-mar,32,"[""\u7684\u6b63\u786e"", "" famous"", "" English"", ""-"", ""\\n""]"
multilingual,rlens_camila,es-month-after-mar,40,"["" month"", "" Month"", ""\u6708\u4efd"", ""month"", "" calendar""]"
multilingual,rlens_camila,es-month-after-mar,48,"["" month"", ""\u6708\u4efd"", "" Month"", ""month"", "" English""]"
multilingual,rlens_camila,es-month-after-mar,56,"["" April"", ""\u56db\u6708"", ""April"", "" March"", "" May""]"
multilingual,jpp_released,es-month-after-mar,8,"[""\""s"", ""\""a"", ""\""B"", ""Getty"", ""\u6e14\u6c11""]"
multilingual,jpp_released,es-month-after-mar,16,"["" Maz"", "" Kaz"", "" Michigan"", "" Big"", "" mascot""]"
multilingual,jpp_released,es-month-after-mar,24,"["" Spanish"", "" Mexican"", "" spanish"", ""\u897f\u73ed\u7259\u8bed"", ""Spanish""]"
multilingual,jpp_released,es-month-after-mar,32,"["" Spanish"", "" Mexican"", "" Texas"", "" Mexico"", "" Roman""]"
multilingual,jpp_released,es-month-after-mar,40,"["" month"", "" Month"", "" months"", "" English"", "" calendar""]"
multilingual,jpp_released,es-month-after-mar,48,"["" English"", "" month"", "" Month"", "" German"", "" Latin""]"
multilingual,jpp_released,es-month-after-mar,56,"["" April"", ""April"", ""\u56db\u6708"", "" March"", "" Apr""]"
multilingual,logit,es-month-after-sep,8,"[""/"", ""-"", "" T"", "" -"", "" F""]"
multilingual,logit,es-month-after-sep,16,"[""T"", ""M"", ""\u6295"", "" le"", ""s""]"
multilingual,logit,es-month-after-sep,24,"[""\u4ec0\u4e48\u5462"", "" m"", ""ig"", ""\u00fa"", ""\u4f9d\u6b21\u4e3a""]"
multilingual,logit,es-month-after-sep,32,"[""M"", ""oto"", ""unge"", ""IP"", ""J""]"
multilingual,logit,es-month-after-sep,40,"[""J"", ""M"", ""IP"", ""us"", ""ente""]"
multilingual,logit,es-month-after-sep,48,"[""ues"", ""S"", ""\u5df3"", ""C"", ""ve""]"
multilingual,logit,es-month-after-sep,56,"[""October"", "" October"", ""\u5341\u6708"", "" September"", ""September""]"
multilingual,jlens_camila,es-month-after-sep,8,"[""ness"", ""ization"", ""ation"", ""tures"", ""\""L""]"
multilingual,jlens_camila,es-month-after-sep,16,"[""ness"", "" everybody"", "" basically"", ""ation"", "" Basically""]"
multilingual,jlens_camila,es-month-after-sep,24,"[""ness"", ""anceled"", "" honored"", "" favorite"", "" neighbor""]"
multilingual,jlens_camila,es-month-after-sep,32,"["" famous"", ""alyze"", ""ness"", "" funny"", ""\u662f\u4e0d\u662f""]"
multilingual,jlens_camila,es-month-after-sep,40,"["" month"", "" Month"", ""month"", ""\u6708\u4efd"", ""Month""]"
multilingual,jlens_camila,es-month-after-sep,48,"["" month"", "" Month"", ""\u6708\u4efd"", "" calendar"", ""month""]"
multilingual,jlens_camila,es-month-after-sep,56,"["" October"", ""October"", ""\u5341\u6708"", "" November"", "" September""]"
multilingual,rlens_camila,es-month-after-sep,8,"["" really"", ""\""s"", "" REALLY"", "" actually"", "" probably""]"
multilingual,rlens_camila,es-month-after-sep,16,"["" really"", "" basically"", "" actually"", ""s"", ""m""]"
multilingual,rlens_camila,es-month-after-sep,24,"["" honored"", "" neighbor"", ""m"", "" wonderful"", "" honor""]"
multilingual,rlens_camila,es-month-after-sep,32,"["" famous"", ""-"", "" English"", "" -"", "" really""]"
multilingual,rlens_camila,es-month-after-sep,40,"["" month"", "" Month"", ""\u6708\u4efd"", ""month"", "" calendar""]"
multilingual,rlens_camila,es-month-after-sep,48,"["" month"", ""\u6708\u4efd"", "" Month"", ""month"", "" calendar""]"
multilingual,rlens_camila,es-month-after-sep,56,"["" October"", ""October"", ""\u5341\u6708"", "" November"", "" September""]"
multilingual,jpp_released,es-month-after-sep,8,"[""\""s"", ""\""a"", "" colors"", ""\""B"", ""\u03b7\u03bc\u03b1""]"
multilingual,jpp_released,es-month-after-sep,16,"["" Maz"", "" Michigan"", "" Big"", "" Kaz"", "" Mystic""]"
multilingual,jpp_released,es-month-after-sep,24,"["" Spanish"", "" Mexican"", "" spanish"", ""\u897f\u73ed\u7259\u8bed"", ""Spanish""]"
multilingual,jpp_released,es-month-after-sep,32,"["" Spanish"", "" Mexican"", "" Mexico"", "" Texas"", "" Spain""]"
multilingual,jpp_released,es-month-after-sep,40,"["" month"", "" Month"", "" months"", "" winter"", "" calendar""]"
multilingual,jpp_released,es-month-after-sep,48,"["" month"", "" English"", "" Month"", "" German"", "" calendar""]"
multilingual,jpp_released,es-month-after-sep,56,"["" October"", ""October"", ""\u5341\u6708"", "" November"", "" December""]"
multilingual,logit,es-month-before-jun,8,"[""/"", ""-"", "" T"", "" -"", ""P""]"
multilingual,logit,es-month-before-jun,16,"[""s"", ""J"", ""M"", ""er"", ""T""]"
multilingual,logit,es-month-before-jun,24,"[""\u00fa"", "" de"", ""\u585e"", "" m"", "" a""]"
multilingual,logit,es-month-before-jun,32,"[""oto"", ""\u5e8f"", ""oma"", ""\u00f1"", ""\u585e""]"
multilingual,logit,es-month-before-jun,40,"[""J"", ""lag"", ""rip"", ""oma"", ""IP""]"
multilingual,logit,es-month-before-jun,48,"[""ve"", ""ues"", ""ust"", ""S"", ""\u5df3""]"
multilingual,logit,es-month-before-jun,56,"[""\u4e94\u6708"", "" May"", ""May"", "" June"", ""\u4e0a\u4e2a\u6708""]"
multilingual,jlens_camila,es-month-before-jun,8,"[""ness"", ""ization"", ""ation"", ""\""L"", ""\""w""]"
multilingual,jlens_camila,es-month-before-jun,16,"[""ness"", "" everybody"", ""s"", "" basically"", ""ation""]"
multilingual,jlens_camila,es-month-before-jun,24,"[""ness"", ""\u897f\u73ed\u7259\u8bed"", ""anceled"", "" honored"", ""Spanish""]"
multilingual,jlens_camila,es-month-before-jun,32,"["" Spanish"", ""\u4ec0\u4e48\u610f\u601d"", ""\\n"", ""Spanish"", "" slang""]"
multilingual,jlens_camila,es-month-before-jun,40,"[""\u897f\u73ed\u7259\u8bed"", ""Spanish"", "" Spanish"", "" month"", "" Month""]"
multilingual,jlens_camila,es-month-before-jun,48,"["" gramm"", "" grammar"", ""\u8bd1\u4e3a"", "" English"", "" linguistic""]"
multilingual,jlens_camila,es-month-before-jun,56,"[""\u4e94\u6708"", "" June"", "" May"", "" March"", "" April""]"
multilingual,rlens_camila,es-month-before-jun,8,"[""\""s"", "" really"", "" probably"", ""\""I"", ""\""C""]"
multilingual,rlens_camila,es-month-before-jun,16,"["" really"", ""s"", ""m"", "" basically"", "" actually""]"
multilingual,rlens_camila,es-month-before-jun,24,"[""\u897f\u73ed\u7259\u8bed"", "" Spanish"", ""Spanish"", ""\u897f\u73ed\u7259"", "" honored""]"
multilingual,rlens_camila,es-month-before-jun,32,"["" Spanish"", ""Spanish"", ""\u897f\u73ed\u7259\u8bed"", "" lingu"", ""\\n""]"
multilingual,rlens_camila,es-month-before-jun,40,"[""\u897f\u73ed\u7259\u8bed"", "" Spanish"", ""Spanish"", "" month"", "" Month""]"
multilingual,rlens_camila,es-month-before-jun,48,"["" gramm"", "" grammar"", ""\u8bd1\u4e3a"", "" linguistic"", "" English""]"
multilingual,rlens_camila,es-month-before-jun,56,"[""\u4e94\u6708"", "" May"", "" June"", "" March"", "" July""]"
multilingual,jpp_released,es-month-before-jun,8,"[""\""s"", ""\""a"", ""\""B"", ""French"", ""\u6cd5\u8bed""]"
multilingual,jpp_released,es-month-before-jun,16,"["" Maz"", "" Kaz"", "" Easter"", "" Luck"", "" mascot""]"
multilingual,jpp_released,es-month-before-jun,24,"["" Spanish"", ""\u897f\u73ed\u7259\u8bed"", ""Spanish"", ""\u897f\u73ed\u7259"", "" spanish""]"
multilingual,jpp_released,es-month-before-jun,32,"["" Spanish"", "" Mexican"", "" Mexico"", ""Spanish"", "" Madrid""]"
multilingual,jpp_released,es-month-before-jun,40,"["" Spanish"", ""\u897f\u73ed\u7259\u8bed"", ""Spanish"", ""\u897f\u73ed\u7259"", "" spanish""]"
multilingual,jpp_released,es-month-before-jun,48,"["" Spanish"", "" English"", "" German"", ""Spanish"", "" Latin""]"
multilingual,jpp_released,es-month-before-jun,56,"["" March"", "" April"", "" month"", "" May"", "" June""]"
multilingual,logit,pt-month-after-apr,8,"[""/"", "" a"", "" -"", "" *"", ""-""]"
multilingual,logit,pt-month-after-apr,16,"[""T"", ""M"", "" a"", ""S"", ""s""]"
multilingual,logit,pt-month-after-apr,24,"[""onna"", ""iu"", ""od"", ""uo"", "" t""]"
multilingual,logit,pt-month-after-apr,32,"[""oto"", ""O"", ""unge"", ""apa"", "" gonna""]"
multilingual,logit,pt-month-after-apr,40,"[""J"", ""M"", ""S"", ""I"", "" -""]"
multilingual,logit,pt-month-after-apr,48,"[""S"", ""C"", ""\u6708\u4efd"", ""K"", ""ues""]"
multilingual,logit,pt-month-after-apr,56,"[""\u4e94\u6708"", "" May"", ""May"", "" June"", "" quint""]"
multilingual,jlens_camila,pt-month-after-apr,8,"[""ness"", ""ization"", ""ation"", ""onical"", ""iest""]"
multilingual,jlens_camila,pt-month-after-apr,16,"[""ness"", "" everybody"", "" freaking"", "" basically"", "" stuff""]"
multilingual,jlens_camila,pt-month-after-apr,24,"[""ness"", "" everybody"", ""iest"", "" freaking"", "" stuff""]"
multilingual,jlens_camila,pt-month-after-apr,32,"["" famous"", ""ness"", "" really"", "" gonna"", "" weird""]"
multilingual,jlens_camila,pt-month-after-apr,40,"["" month"", "" Month"", ""month"", ""\u6708\u4efd"", ""Month""]"
multilingual,jlens_camila,pt-month-after-apr,48,"["" month"", ""\u6708\u4efd"", "" Month"", ""month"", ""-month""]"
multilingual,jlens_camila,pt-month-after-apr,56,"[""\u4e94\u6708"", "" May"", "" June"", "" April"", "" March""]"
multilingual,rlens_camila,pt-month-after-apr,8,"["" stuff"", "" really"", "" REALLY"", ""\""s"", "" anyway""]"
multilingual,rlens_camila,pt-month-after-apr,16,"["" really"", "" anyway"", "" basically"", "" stuff"", "" actually""]"
multilingual,rlens_camila,pt-month-after-apr,24,"["" really"", "" everybody"", "" stuff"", "" big"", ""m""]"
multilingual,rlens_camila,pt-month-after-apr,32,"["" -"", ""-"", "" really"", "" gonna"", "" famous""]"
multilingual,rlens_camila,pt-month-after-apr,40,"["" month"", "" Month"", ""\u6708\u4efd"", ""month"", ""Month""]"
multilingual,rlens_camila,pt-month-after-apr,48,"[""\u6708\u4efd"", "" month"", "" Month"", ""month"", ""\u6708\u7684""]"
multilingual,rlens_camila,pt-month-after-apr,56,"["" May"", ""\u4e94\u6708"", "" June"", ""May"", "" April""]"
multilingual,jpp_released,pt-month-after-apr,8,"[""Getty"", ""utoff"", ""\""s"", ""\""a"", ""\""B""]"
multilingual,jpp_released,pt-month-after-apr,16,"["" Big"", "" Maz"", "" Portuguese"", "" Mystic"", "" Buzz""]"
multilingual,jpp_released,pt-month-after-apr,24,"["" month"", "" monthly"", "" months"", "" really"", "" kids""]"
multilingual,jpp_released,pt-month-after-apr,32,"["" Portuguese"", "" calendar"", "" month"", "" History"", "" Easter""]"
multilingual,jpp_released,pt-month-after-apr,40,"["" month"", "" Month"", "" months"", ""month"", "" monthly""]"
multilingual,jpp_released,pt-month-after-apr,48,"["" month"", "" Month"", "" English"", "" months"", "" calendar""]"
multilingual,jpp_released,pt-month-after-apr,56,"["" May"", "" April"", "" March"", "" June"", "" month""]"
multilingual,logit,pt-month-after-oct,8,"[""/"", "" -"", "" *"", "" T"", ""-""]"
multilingual,logit,pt-month-after-oct,16,"[""T"", ""M"", "" a"", ""S"", "" le""]"
multilingual,logit,pt-month-after-oct,24,"["" t"", ""uo"", "" *"", "" ag"", ""iu""]"
multilingual,logit,pt-month-after-oct,32,"[""y"", ""Y"", ""apa"", ""ch"", ""el""]"
multilingual,logit,pt-month-after-oct,40,"["" N"", ""\u6708\u4efd"", ""Y"", ""y"", "" recogn""]"
multilingual,logit,pt-month-after-oct,48,"[""\u5df7"", ""C"", "" ours"", ""alg"", ""D""]"
multilingual,logit,pt-month-after-oct,56,"[""November"", "" November"", "" Awareness"", ""\u5341\u4e00\u6708"", ""ember""]"
multilingual,jlens_camila,pt-month-after-oct,8,"[""ness"", ""ization"", ""ation"", ""ming"", ""iest""]"
multilingual,jlens_camila,pt-month-after-oct,16,"[""ness"", "" everybody"", "" freaking"", "" basically"", "" REALLY""]"
multilingual,jlens_camila,pt-month-after-oct,24,"[""ness"", "" everybody"", ""iest"", "" freaking"", "" stuff""]"
multilingual,jlens_camila,pt-month-after-oct,32,"["" really"", "" everybody"", "" famous"", "" special"", ""ness""]"
multilingual,jlens_camila,pt-month-after-oct,40,"["" month"", "" Month"", ""month"", ""\u6708\u4efd"", "" monthly""]"
multilingual,jlens_camila,pt-month-after-oct,48,"["" month"", "" Month"", ""\u6708\u4efd"", ""month"", "" commemor""]"
multilingual,jlens_camila,pt-month-after-oct,56,"["" November"", "" October"", "" September"", ""November"", "" December""]"
multilingual,rlens_camila,pt-month-after-oct,8,"["" REALLY"", "" really"", ""\""s"", "" stuff"", ""\""a""]"
multilingual,rlens_camila,pt-month-after-oct,16,"["" really"", "" basically"", "" anyway"", "" stuff"", "" REALLY""]"
multilingual,rlens_camila,pt-month-after-oct,24,"["" really"", "" everybody"", "" stuff"", "" wonderful"", ""m""]"
multilingual,rlens_camila,pt-month-after-oct,32,"["" really"", ""-"", "" special"", "" calendar"", "" month""]"
multilingual,rlens_camila,pt-month-after-oct,40,"["" month"", "" Month"", ""\u6708\u4efd"", ""month"", ""-month""]"
multilingual,rlens_camila,pt-month-after-oct,48,"["" month"", "" Month"", ""\u6708\u4efd"", ""month"", ""\u6708\u7684""]"
multilingual,rlens_camila,pt-month-after-oct,56,"["" November"", "" October"", "" September"", ""November"", "" December""]"
multilingual,jpp_released,pt-month-after-oct,8,"[""\u6e14\u6c11"", ""\""s"", ""\""a"", ""\""B"", ""utoff""]"
multilingual,jpp_released,pt-month-after-oct,16,"["" Buzz"", "" Big"", "" Mystic"", "" mascot"", "" Maz""]"
multilingual,jpp_released,pt-month-after-oct,24,"["" month"", "" monthly"", "" yearly"", "" months"", "" year""]"
multilingual,jpp_released,pt-month-after-oct,32,"["" annual"", "" calendar"", "" Calendar"", "" Month"", "" season""]"
multilingual,jpp_released,pt-month-after-oct,40,"["" month"", "" Month"", "" monthly"", "" months"", ""month""]"
multilingual,jpp_released,pt-month-after-oct,48,"["" Month"", "" month"", "" National"", ""month"", "" Monthly""]"
multilingual,jpp_released,pt-month-after-oct,56,"["" November"", ""November"", "" March"", "" October"", "" December""]"
multilingual,logit,pt-month-before-aug,8,"["" -"", ""/"", ""-"", "" a"", "" M""]"
multilingual,logit,pt-month-before-aug,16,"[""M"", ""T"", ""S"", ""s"", ""J""]"
multilingual,logit,pt-month-before-aug,24,"[""onna"", ""apa"", "" m"", "" a"", "" so""]"
multilingual,logit,pt-month-before-aug,32,"[""M"", ""O"", ""J"", ""apa"", "" M""]"
multilingual,logit,pt-month-before-aug,40,"[""M"", ""\u6708\u4efd"", ""J"", ""C"", ""uary""]"
multilingual,logit,pt-month-before-aug,48,"[""\u52a0\u62ff\u5927"", ""\u4f60\u77e5\u9053\u5417"", ""S"", ""\u534a\u4e2a"", ""uve""]"
multilingual,logit,pt-month-before-aug,56,"["" July"", ""\u4e03\u6708"", ""August"", "" August"", "" September""]"
multilingual,jlens_camila,pt-month-before-aug,8,"[""ness"", ""ization"", ""ation"", ""onical"", ""ming""]"
multilingual,jlens_camila,pt-month-before-aug,16,"[""ness"", "" freaking"", "" everybody"", "" basically"", "" Basically""]"
multilingual,jlens_camila,pt-month-before-aug,24,"[""ness"", "" everybody"", ""amente"", ""usual"", ""iest""]"
multilingual,jlens_camila,pt-month-before-aug,32,"[""\u8fd9\u4e2a\u540d\u5b57"", "" famous"", ""ness"", ""\u4ec0\u4e48\u610f\u601d"", ""\u8fd9\u4e2a\u8bcd""]"
multilingual,jlens_camila,pt-month-before-aug,40,"["" month"", "" Month"", ""\u6708\u4efd"", ""month"", ""Month""]"
multilingual,jlens_camila,pt-month-before-aug,48,"["" month"", ""\u6708\u4efd"", "" Month"", ""month"", "" calendar""]"
multilingual,jlens_camila,pt-month-before-aug,56,"["" August"", "" July"", "" September"", "" June"", ""\u4e03\u6708""]"
multilingual,rlens_camila,pt-month-before-aug,8,"["" stuff"", "" really"", ""\""s"", "" REALLY"", ""\""a""]"
multilingual,rlens_camila,pt-month-before-aug,16,"["" really"", "" basically"", "" anyway"", "" stuff"", "" REALLY""]"
multilingual,rlens_camila,pt-month-before-aug,24,"["" really"", "" everybody"", ""amente"", "" anyway"", ""m""]"
multilingual,rlens_camila,pt-month-before-aug,32,"[""\u8fd9\u4e2a\u540d\u5b57"", "" name"", ""\u8fd9\u4e2a\u8bcd"", ""-"", "" calendar""]"
multilingual,rlens_camila,pt-month-before-aug,40,"["" month"", "" Month"", ""\u6708\u4efd"", ""month"", ""Month""]"
multilingual,rlens_camila,pt-month-before-aug,48,"[""\u6708\u4efd"", "" month"", "" Month"", ""month"", ""-month""]"
multilingual,rlens_camila,pt-month-before-aug,56,"["" August"", "" July"", "" September"", ""August"", "" June""]"
multilingual,jpp_released,pt-month-before-aug,8,"[""Getty"", ""utoff"", "" b\u00f4ng"", ""\u6c34\u4ea7"", ""\""a""]"
multilingual,jpp_released,pt-month-before-aug,16,"["" Big"", "" Mystic"", "" mascot"", "" Maz"", "" Kaz""]"
multilingual,jpp_released,pt-month-before-aug,24,"["" Roman"", "" English"", "" Portuguese"", "" Spanish"", "" old""]"
multilingual,jpp_released,pt-month-before-aug,32,"["" Portuguese"", "" History"", "" Texas"", "" Old"", "" calendar""]"
multilingual,jpp_released,pt-month-before-aug,40,"["" month"", "" Month"", "" months"", ""\u6708\u4efd"", ""month""]"
multilingual,jpp_released,pt-month-before-aug,48,"["" month"", "" Month"", "" English"", "" calendar"", "" months""]"
multilingual,jpp_released,pt-month-before-aug,56,"["" July"", "" September"", "" August"", "" June"", "" month""]"
multilingual,logit,fr-half-six,8,"[""-"", ""s"", ""/"", "" I"", "" as""]"
multilingual,logit,fr-half-six,16,"[""s"", ""S"", ""T"", "" I"", ""I""]"
multilingual,logit,fr-half-six,24,"[""\u7ed3\u679c\u4e3a"", ""\u7eaa"", ""ur"", ""ad"", ""S""]"
multilingual,logit,fr-half-six,32,"[""S"", ""L"", ""M"", ""-"", ""C""]"
multilingual,logit,fr-half-six,40,"[""\u7ed3\u679c\u4e3a"", ""\u7684\u7ed3\u679c"", ""Y"", "" outputs"", "" result""]"
multilingual,logit,fr-half-six,48,"[""a"", ""\u7ed3\u679c"", ""b"", ""\u7ed3\u679c\u4e3a"", "" outputs""]"
multilingual,logit,fr-half-six,56,"["" three"", ""3"", ""three"", ""Three"", ""\u00b3""]"
multilingual,jlens_camila,fr-half-six,8,"[""ness"", ""eness"", ""\u0430\u043c\u0438"", ""s"", ""iest""]"
multilingual,jlens_camila,fr-half-six,16,"[""ness"", ""s"", "" freaking"", "" everybody"", ""eness""]"
multilingual,jlens_camila,fr-half-six,24,"[""ness"", "" french"", "" everybody"", ""s"", "" French""]"
multilingual,jlens_camila,fr-half-six,32,"["" french"", "" French"", "" fucking"", ""s"", "" funny""]"
multilingual,jlens_camila,fr-half-six,40,"["" integer"", "" arithmetic"", ""\u7ed3\u679c\u4e3a"", "" math"", ""\u6574\u6570""]"
multilingual,jlens_camila,fr-half-six,48,"["" integer"", "" output"", ""\u8f93\u51fa"", "" result"", "" outputs""]"
multilingual,jlens_camila,fr-half-six,56,"["" three"", ""three"", "" Three"", ""Three"", ""_three""]"
multilingual,rlens_camila,fr-half-six,8,"[""s"", ""t"", ""m"", "" basically"", ""ness""]"
multilingual,rlens_camila,fr-half-six,16,"[""s"", ""t"", "" stuff"", "" everybody"", ""y""]"
multilingual,rlens_camila,fr-half-six,24,"["" French"", "" french"", ""s"", ""\u6cd5\u8bed"", ""French""]"
multilingual,rlens_camila,fr-half-six,32,"["" French"", "" french"", ""s"", ""\u6cd5\u8bed"", "" fucking""]"
multilingual,rlens_camila,fr-half-six,40,"["" integer"", "" floating"", "" float"", ""\u7ed3\u679c\u4e3a"", "" output""]"
multilingual,rlens_camila,fr-half-six,48,"["" output"", "" integer"", "" string"", "" results"", "" result""]"
multilingual,rlens_camila,fr-half-six,56,"["" three"", ""three"", ""Three"", "" Three"", ""3""]"
multilingual,jpp_released,fr-half-six,8,"["" French"", ""French"", ""\u6cd5\u8bed"", "" Jean"", ""\u6cd5\u56fd""]"
multilingual,jpp_released,fr-half-six,16,"["" French"", "" Alain"", "" Big"", "" Franc"", ""s""]"
multilingual,jpp_released,fr-half-six,24,"["" French"", "" french"", ""\u6cd5\u8bed"", ""\u6cd5\u56fd"", ""French""]"
multilingual,jpp_released,fr-half-six,32,"["" French"", ""French"", ""\u6cd5\u8bed"", "" french"", ""\u6cd5\u56fd""]"
multilingual,jpp_released,fr-half-six,40,"["" -"", "" floating"", "" %"", "" float"", "" number""]"
multilingual,jpp_released,fr-half-six,48,"["" number"", "" results"", "" string"", "" result"", "" numbers""]"
multilingual,jpp_released,fr-half-six,56,"["" three"", ""three"", "" Three"", ""Three"", ""one""]"
multilingual,logit,fr-double-three,8,"[""/"", ""-"", "" as"", "" -"", ""R""]"
multilingual,logit,fr-double-three,16,"[""s"", ""S"", "" a"", ""J"", ""T""]"
multilingual,logit,fr-double-three,24,"["" saying"", ""\u627f"", ""S"", "" bu"", "" le""]"
multilingual,logit,fr-double-three,32,"[""S"", "" a"", ""-"", ""s"", "" b""]"
multilingual,logit,fr-double-three,40,"[""S"", ""uv"", "" su"", ""E"", "" a""]"
multilingual,logit,fr-double-three,48,"[""a"", ""hu"", ""unn"", ""S"", "" simple""]"
multilingual,logit,fr-double-three,56,"["" twice"", ""\u4e58\u4ee5"", "" multiplied"", "" double"", "" six""]"
multilingual,jlens_camila,fr-double-three,8,"[""ness"", ""eness"", ""ation"", ""\u0629"", ""ization""]"
multilingual,jlens_camila,fr-double-three,16,"[""ness"", "" freaking"", "" kinda"", ""s"", "" basically""]"
multilingual,jlens_camila,fr-double-three,24,"[""ness"", "" french"", "" French"", ""French"", ""\u6cd5\u8bed""]"
multilingual,jlens_camila,fr-double-three,32,"["" french"", "" French"", ""\u6cd5\u8bed"", ""ness"", ""French""]"
multilingual,jlens_camila,fr-double-three,40,"[""\u6cd5\u8bed"", "" math"", "" french"", "" French"", "" mathematical""]"
multilingual,jlens_camila,fr-double-three,48,"["" arithmetic"", "" math"", "" numbers"", "" mathematical"", "" number""]"
multilingual,jlens_camila,fr-double-three,56,"["" twice"", "" Twice"", "" multiplied"", "" double"", ""\u4e24\u500d""]"
multilingual,rlens_camila,fr-double-three,8,"["" -"", "" actually"", "" basically"", "" really"", ""s""]"
multilingual,rlens_camila,fr-double-three,16,"["" really"", ""s"", "" actually"", "" basically"", "" obviously""]"
multilingual,rlens_camila,fr-double-three,24,"["" French"", "" french"", ""French"", ""\u6cd5\u8bed"", ""s""]"
multilingual,rlens_camila,fr-double-three,32,"["" French"", "" french"", ""\u6cd5\u8bed"", "" sentence"", ""French""]"
multilingual,rlens_camila,fr-double-three,40,"["" phrase"", "" math"", "" French"", ""\u6cd5\u8bed"", "" English""]"
multilingual,rlens_camila,fr-double-three,48,"["" arithmetic"", ""-"", "" number"", "" math"", "" numbers""]"
multilingual,rlens_camila,fr-double-three,56,"["" twice"", "" double"", "" +"", "" Twice"", "" multiplied""]"
multilingual,jpp_released,fr-double-three,8,"["" French"", ""French"", ""\u6cd5\u8bed"", ""\u6cd5\u56fd"", ""\u5df4\u9ece""]"
multilingual,jpp_released,fr-double-three,16,"["" French"", "" France"", "" Alain"", "" Francois"", "" Jean""]"
multilingual,jpp_released,fr-double-three,24,"["" French"", ""\u6cd5\u8bed"", ""French"", "" french"", ""\u6cd5\u56fd""]"
multilingual,jpp_released,fr-double-three,32,"["" French"", ""French"", "" french"", ""\u6cd5\u56fd"", "" France""]"
multilingual,jpp_released,fr-double-three,40,"["" French"", "" french"", ""\u6cd5\u8bed"", "" -"", "" math""]"
multilingual,jpp_released,fr-double-three,48,"["" French"", "" number"", "" numbers"", "" English"", "" a""]"
multilingual,jpp_released,fr-double-three,56,"["" double"", "" Dou"", "" number"", "" twice"", "" doubles""]"
multilingual,logit,de-double-two,8,"[""-"", ""/"", ""s"", "" -"", ""R""]"
multilingual,logit,de-double-two,16,"[""s"", ""ile"", ""er"", ""\u5148"", ""in""]"
multilingual,logit,de-double-two,24,"[""S"", "" bu"", "" saying"", "" le"", ""IT""]"
multilingual,logit,de-double-two,32,"[""S"", ""-"", ""hen"", ""f"", "" b""]"
multilingual,logit,de-double-two,40,"[""S"", ""\u7b97"", ""uv"", "" b"", "" arithmetic""]"
multilingual,logit,de-double-two,48,"[""ues"", ""S"", ""edic"", ""uv"", ""ger""]"
multilingual,logit,de-double-two,56,"[""\u4e8c\u7684"", ""tw"", "" two"", ""two"", "" tw""]"
multilingual,jlens_camila,de-double-two,8,"[""ness"", ""iest"", ""tures"", ""ization"", ""lings""]"
multilingual,jlens_camila,de-double-two,16,"[""ness"", "" everybody"", "" basically"", "" really"", "" freaking""]"
multilingual,jlens_camila,de-double-two,24,"[""ness"", "" everybody"", ""onical"", ""\u5fb7\u8bed"", ""eing""]"
multilingual,jlens_camila,de-double-two,32,"[""\u5fb7\u8bed"", "" German"", ""German"", "" funny"", "" grammar""]"
multilingual,jlens_camila,de-double-two,40,"["" math"", "" arithmetic"", ""\u5fb7\u8bed"", ""math"", "" mathematical""]"
multilingual,jlens_camila,de-double-two,48,"["" numbers"", "" arithmetic"", "" number"", "" integer"", "" math""]"
multilingual,jlens_camila,de-double-two,56,"[""two"", "" two"", ""Two"", ""\u4e8c\u7684"", "" Two""]"
multilingual,rlens_camila,de-double-two,8,"["" really"", "" -"", ""\""s"", "" actually"", "" basically""]"
multilingual,rlens_camila,de-double-two,16,"["" really"", "" actually"", "" basically"", "" everybody"", "" obviously""]"
multilingual,rlens_camila,de-double-two,24,"["" everybody"", "" German"", ""\u5fb7\u8bed"", ""German"", ""m""]"
multilingual,rlens_camila,de-double-two,32,"[""\u5fb7\u8bed"", "" lingu"", "" gramm"", "" German"", "" sentence""]"
multilingual,rlens_camila,de-double-two,40,"["" arithmetic"", "" math"", "" phrase"", "" Arithmetic"", ""math""]"
multilingual,rlens_camila,de-double-two,48,"[""-"", "" numbers"", "" number"", "" -"", "" simple""]"
multilingual,rlens_camila,de-double-two,56,"["" two"", ""two"", ""Two"", ""\u4e8c\u7684"", "" four""]"
multilingual,jpp_released,de-double-two,8,"[""\""s"", ""\""a"", "" famous"", "" bigger"", ""RTL""]"
multilingual,jpp_released,de-double-two,16,"["" Texas"", "" German"", "" Germany"", "" Fritz"", "" Tex""]"
multilingual,jpp_released,de-double-two,24,"["" German"", ""\u5fb7\u8bed"", ""German"", "" Germans"", "" words""]"
multilingual,jpp_released,de-double-two,32,"["" German"", ""German"", ""\u5fb7\u56fd\u7684"", ""\u5fb7\u8bed"", ""\u5fb7\u56fd""]"
multilingual,jpp_released,de-double-two,40,"["" math"", "" -"", "" word"", "" spoken"", "" German""]"
multilingual,jpp_released,de-double-two,48,"["" number"", "" German"", "" numbers"", "" a"", "" Number""]"
multilingual,jpp_released,de-double-two,56,"["" number"", "" German"", ""German"", ""tw"", ""two""]"
multilingual,logit,es-double-three,8,"[""-"", ""/"", ""s"", "" a"", ""R""]"
multilingual,logit,es-double-three,16,"[""s"", ""ie"", ""J"", ""S"", ""in""]"
multilingual,logit,es-double-three,24,"[""S"", "" id"", "" bu"", "" a"", "" saying""]"
multilingual,logit,es-double-three,32,"[""S"", "" a"", ""s"", ""y"", "" b""]"
multilingual,logit,es-double-three,40,"[""S"", ""ITE"", ""I"", ""on"", "" arithmetic""]"
multilingual,logit,es-double-three,48,"[""a"", ""S"", ""\u5408"", ""hu"", ""E""]"
multilingual,logit,es-double-three,56,"["" +"", "" twice"", ""X"", "" six"", "" Twice""]"
multilingual,jlens_camila,es-double-three,8,"[""ness"", ""iest"", ""eness"", ""ization"", ""lings""]"
multilingual,jlens_camila,es-double-three,16,"[""ness"", "" freaking"", ""eness"", "" REALLY"", "" really""]"
multilingual,jlens_camila,es-double-three,24,"[""ness"", "" everybody"", ""\u7237"", ""onical"", ""sembl""]"
multilingual,jlens_camila,es-double-three,32,"[""\u8fd9\u53e5\u8bdd"", "" words"", "" English"", ""ness"", "" slang""]"
multilingual,jlens_camila,es-double-three,40,"["" arithmetic"", "" math"", "" mathematical"", "" algebra"", ""\u8fd9\u53e5\u8bdd""]"
multilingual,jlens_camila,es-double-three,48,"["" arithmetic"", "" math"", ""\u8fd9\u53e5\u8bdd"", "" mathematical"", "" numbers""]"
multilingual,jlens_camila,es-double-three,56,"["" twice"", "" six"", "" Twice"", "" +"", "" multiplied""]"
multilingual,rlens_camila,es-double-three,8,"["" really"", "" REALLY"", "" actually"", ""m"", ""s""]"
multilingual,rlens_camila,es-double-three,16,"["" really"", ""s"", "" actually"", ""m"", ""y""]"
multilingual,rlens_camila,es-double-three,24,"[""s"", "" English"", "" words"", "" really"", "" saying""]"
multilingual,rlens_camila,es-double-three,32,"[""\u8fd9\u53e5\u8bdd"", "" phrase"", "" English"", "" gramm"", "" sentence""]"
multilingual,rlens_camila,es-double-three,40,"["" arithmetic"", "" phrase"", ""\u8fd9\u53e5\u8bdd"", "" math"", "" words""]"
multilingual,rlens_camila,es-double-three,48,"[""-"", "" arithmetic"", "" simple"", ""^"", "" number""]"
multilingual,rlens_camila,es-double-three,56,"["" twice"", "" six"", "" +"", "" Twice"", ""\u7b49\u4e8e""]"
multilingual,jpp_released,es-double-three,8,"[""\""a"", ""\u6cd5\u8bed"", ""\u5df4\u9ece"", ""PON"", ""\u91cc\u6602""]"
multilingual,jpp_released,es-double-three,16,"["" Texas"", "" Big"", "" Oklahoma"", "" Houston"", "" Texans""]"
multilingual,jpp_released,es-double-three,24,"["" words"", "" word"", "" spoken"", ""s"", "" spanish""]"
multilingual,jpp_released,es-double-three,32,"["" Spanish"", "" English"", ""Spanish"", "" French"", "" Mexican""]"
multilingual,jpp_released,es-double-three,40,"["" -"", "" spoken"", "" words"", "" word"", ""<span""]"
multilingual,jpp_released,es-double-three,48,"["" number"", "" a"", "" numbers"", "" one"", "" simple""]"
multilingual,jpp_released,es-double-three,56,"["" number"", "" +"", "" greater"", ""number"", ""tw""]"
multilingual,logit,pt-half-six,8,"[""/"", ""-"", ""s"", ""I"", ""-m""]"
multilingual,logit,pt-half-six,16,"[""s"", ""T"", ""S"", "" a"", ""\u6700""]"
multilingual,logit,pt-half-six,24,"[""im"", ""king"", ""\u4e00\u8bcd"", "" lim"", ""S""]"
multilingual,logit,pt-half-six,32,"[""unge"", ""s"", ""y"", ""F"", ""\u610f\u4e49\u4e0a\u7684""]"
multilingual,logit,pt-half-six,40,"[""S"", ""on"", ""esse"", ""onder"", ""I""]"
multilingual,logit,pt-half-six,48,"[""a"", ""y"", ""hu"", ""rib"", ""on""]"
multilingual,logit,pt-half-six,56,"["" three"", ""\u9664\u4ee5"", ""\u4e00\u534a"", ""\u7b49\u4e8e"", "" half""]"
multilingual,jlens_camila,pt-half-six,8,"[""ness"", ""ation"", ""ming"", ""ization"", ""ning""]"
multilingual,jlens_camila,pt-half-six,16,"[""ness"", "" freaking"", "" everybody"", "" stuff"", "" weird""]"
multilingual,jlens_camila,pt-half-six,24,"["" everybody"", ""ness"", "" somebody"", "" Somebody"", ""onical""]"
multilingual,jlens_camila,pt-half-six,32,"["" slang"", "" phrase"", ""\u8fd9\u53e5\u8bdd"", ""ness"", "" joke""]"
multilingual,jlens_camila,pt-half-six,40,"["" phrase"", "" pronunciation"", "" words"", ""\u53d1\u97f3"", ""\u53e3\u8bed""]"
multilingual,jlens_camila,pt-half-six,48,"["" math"", "" arithmetic"", "" mathematical"", "" integer"", "" spoken""]"
multilingual,jlens_camila,pt-half-six,56,"["" three"", "" half"", "" divided"", ""three"", "" equal""]"
multilingual,rlens_camila,pt-half-six,8,"["" really"", "" stuff"", ""-ish"", ""ness"", "" freaking""]"
multilingual,rlens_camila,pt-half-six,16,"["" everybody"", "" stuff"", "" really"", "" anyway"", "" freaking""]"
multilingual,rlens_camila,pt-half-six,24,"["" everybody"", "" really"", "" somebody"", ""-language"", "" English""]"
multilingual,rlens_camila,pt-half-six,32,"["" phrase"", "" English"", "" gramm"", ""\u8fd9\u53e5\u8bdd"", "" lingu""]"
multilingual,rlens_camila,pt-half-six,40,"["" phrase"", "" words"", "" pronunciation"", "" speech"", "" English""]"
multilingual,rlens_camila,pt-half-six,48,"["" math"", "" half"", ""-"", "" arithmetic"", "" spoken""]"
multilingual,rlens_camila,pt-half-six,56,"["" three"", "" half"", "" divided"", "" equal"", ""three""]"
multilingual,jpp_released,pt-half-six,8,"[""\""s"", "" bigger"", "" fish"", ""\u5927\u962a\u5e02"", "" underwater""]"
multilingual,jpp_released,pt-half-six,16,"["" Texas"", "" Portuguese"", "" Big"", "" mascot"", "" tricks""]"
multilingual,jpp_released,pt-half-six,24,"["" word"", "" words"", "" speech"", "" grammar"", ""s""]"
multilingual,jpp_released,pt-half-six,32,"["" English"", "" Portuguese"", "" Spanish"", "" French"", "" Roman""]"
multilingual,jpp_released,pt-half-six,40,"["" word"", "" phrase"", "" words"", "" speech"", "" spoken""]"
multilingual,jpp_released,pt-half-six,48,"["" number"", "" a"", "" one"", "" math"", "" English""]"
multilingual,jpp_released,pt-half-six,56,"["" three"", "" one"", ""one"", ""-se"", ""three""]"
multilingual,logit,fr-number-after-four,8,"[""/"", "" -"", ""-"", "" as"", ""s""]"
multilingual,logit,fr-number-after-four,16,"[""s"", ""er"", ""ie"", ""ward"", ""y""]"
multilingual,logit,fr-number-after-four,24,"[""\u4e0b\u4e00\u4e2a"", ""\u5ff5"", ""stit"", ""-b"", ""\u627f""]"
multilingual,logit,fr-number-after-four,32,"[""\u7684\u786e"", ""hen"", ""g"", ""\u7684\u6b63\u786e"", ""im""]"
multilingual,logit,fr-number-after-four,40,"[""\u627f"", "" a"", ""us"", ""uv"", ""M""]"
multilingual,logit,fr-number-after-four,48,"[""ger"", "" numbers"", ""\u8868\u793a"", "" b"", ""y""]"
multilingual,logit,fr-number-after-four,56,"["" five"", ""\u4e94"", ""5"", ""\u4e94\u662f"", ""Five""]"
multilingual,jlens_camila,fr-number-after-four,8,"[""ness"", ""eness"", ""ation"", ""iest"", ""ization""]"
multilingual,jlens_camila,fr-number-after-four,16,"[""ness"", "" freaking"", "" kinda"", "" basically"", "" yeah""]"
multilingual,jlens_camila,fr-number-after-four,24,"[""ness"", ""\u0629"", "" everybody"", ""psilon"", "" fucking""]"
multilingual,jlens_camila,fr-number-after-four,32,"[""ness"", "" fucking"", "" famous"", ""\u7684\u6b63\u786e"", "" funny""]"
multilingual,jlens_camila,fr-number-after-four,40,"["" numeral"", ""\u6cd5\u8bed"", "" pronunciation"", ""math"", "" math""]"
multilingual,jlens_camila,fr-number-after-four,48,"["" numeral"", "" numbers"", "" number"", ""number"", "" numer""]"
multilingual,jlens_camila,fr-number-after-four,56,"["" five"", ""five"", ""Five"", "" Five"", "" fifth""]"
multilingual,rlens_camila,fr-number-after-four,8,"["" -"", "" really"", "" actually"", ""s"", "" basically""]"
multilingual,rlens_camila,fr-number-after-four,16,"["" really"", ""s"", "" basically"", "" actually"", "" obviously""]"
multilingual,rlens_camila,fr-number-after-four,24,"["" fucking"", "" French"", "" saying"", ""m"", "" everybody""]"
multilingual,rlens_camila,fr-number-after-four,32,"[""\u7684\u6b63\u786e"", "" fucking"", "" correct"", "" famous"", ""\u8fd9\u53e5\u8bdd""]"
multilingual,rlens_camila,fr-number-after-four,40,"["" numbers"", "" numeral"", ""number"", "" pronunciation"", "" fucking""]"
multilingual,rlens_camila,fr-number-after-four,48,"["" numbers"", "" number"", ""number"", "" numeral"", "" numer""]"
multilingual,rlens_camila,fr-number-after-four,56,"["" five"", ""five"", ""Five"", "" Five"", "" fifth""]"
multilingual,jpp_released,fr-number-after-four,8,"["" French"", "" french"", ""French"", ""\u6cd5\u8bed"", ""\u6cd5\u56fd""]"
multilingual,jpp_released,fr-number-after-four,16,"["" Texas"", "" Alain"", "" Francois"", "" Jean"", "" Big""]"
multilingual,jpp_released,fr-number-after-four,24,"["" French"", "" spoken"", ""\u6cd5\u8bed"", "" math"", "" words""]"
multilingual,jpp_released,fr-number-after-four,32,"["" French"", "" Jean"", "" french"", "" France"", ""epsilon""]"
multilingual,jpp_released,fr-number-after-four,40,"["" French"", "" -"", "" number"", "" numbers"", ""number""]"
multilingual,jpp_released,fr-number-after-four,48,"["" number"", "" numbers"", "" Number"", ""number"", "" Numbers""]"
multilingual,jpp_released,fr-number-after-four,56,"[""one"", "" five"", "" number"", "" one"", "" four""]"
multilingual,logit,de-number-after-three,8,"[""-"", ""/"", "" -"", ""s"", "" as""]"
multilingual,logit,de-number-after-three,16,"[""s"", ""ile"", ""P"", "" I"", ""M""]"
multilingual,logit,de-number-after-three,24,"[""\u4e0b\u4e00\u4e2a"", "" m"", ""\u586b\u5165"", "" s"", ""lm""]"
multilingual,logit,de-number-after-three,32,"[""unge"", ""erg"", ""hen"", ""\u5e8f"", ""\u65b0""]"
multilingual,logit,de-number-after-three,40,"[""\u4e0b\u4e00\u4e2a"", ""\u627f"", "" next"", ""\u6570\u5b57"", ""M""]"
multilingual,logit,de-number-after-three,48,"[""\u5e8f"", ""\u4e0b\u4e00\u4e2a"", "" numbers"", "" b"", ""\u5e8f\u5217""]"
multilingual,logit,de-number-after-three,56,"[""four"", "" four"", ""\u56db\u662f"", ""\u56db"", "" fours""]"
multilingual,jlens_camila,de-number-after-three,8,"[""ness"", ""iest"", ""tures"", ""eness"", ""m""]"
multilingual,jlens_camila,de-number-after-three,16,"[""ness"", "" freaking"", "" basically"", "" yeah"", "" kinda""]"
multilingual,jlens_camila,de-number-after-three,24,"["" everybody"", ""ness"", "" somebody"", ""\u5fb7\u8bed"", ""\u5fb7\u56fd\u7684""]"
multilingual,jlens_camila,de-number-after-three,32,"["" pronunciation"", ""\u5fb7\u8bed"", "" slang"", ""\u8fd9\u4e2a\u540d\u5b57"", "" fucking""]"
multilingual,jlens_camila,de-number-after-three,40,"["" numeral"", ""numbers"", ""\u5fb7\u8bed"", "" numbers"", ""\u7684\u6570\u5b57""]"
multilingual,jlens_camila,de-number-after-three,48,"["" numbers"", "" numeral"", "" Numbers"", ""numbers"", "" number""]"
multilingual,jlens_camila,de-number-after-three,56,"[""four"", "" four"", ""-four"", "" fourth"", ""\u56db\u662f""]"
multilingual,rlens_camila,de-number-after-three,8,"[""\""s"", "" -"", "" basically"", "" obviously"", "" really""]"
multilingual,rlens_camila,de-number-after-three,16,"["" really"", "" basically"", "" obviously"", "" actually"", "" stuff""]"
multilingual,rlens_camila,de-number-after-three,24,"["" everybody"", "" German"", ""\u5fb7\u8bed"", ""\u5fb7\u56fd\u7684"", ""German""]"
multilingual,rlens_camila,de-number-after-three,32,"["" pronunciation"", "" lingu"", ""\u5fb7\u8bed"", "" fucking"", ""\u7684\u6b63\u786e""]"
multilingual,rlens_camila,de-number-after-three,40,"["" numbers"", ""numbers"", ""\u7684\u6570\u5b57"", "" numeral"", ""\u6570\u5b57""]"
multilingual,rlens_camila,de-number-after-three,48,"["" numbers"", "" number"", ""number"", "" Numbers"", ""numbers""]"
multilingual,rlens_camila,de-number-after-three,56,"["" four"", ""four"", ""-four"", "" fourth"", "" fours""]"
multilingual,jpp_released,de-number-after-three,8,"[""\""s"", ""\""a"", "" colors"", ""\""B"", ""\u91cc\u6602""]"
multilingual,jpp_released,de-number-after-three,16,"["" Texas"", "" Big"", ""Texas"", "" Texans"", "" Luck""]"
multilingual,jpp_released,de-number-after-three,24,"["" German"", "" Germans"", ""\u5fb7\u56fd\u7684"", ""German"", "" spoken""]"
multilingual,jpp_released,de-number-after-three,32,"["" German"", ""\u5fb7\u56fd\u7684"", "" Germans"", ""\u5728\u5fb7\u56fd"", ""German""]"
multilingual,jpp_released,de-number-after-three,40,"["" numbers"", ""number"", ""\u6570\u5b57"", "" number"", ""numbers""]"
multilingual,jpp_released,de-number-after-three,48,"["" number"", "" numbers"", "" Numbers"", "" Number"", "" German""]"
multilingual,jpp_released,de-number-after-three,56,"[""one"", ""three"", "" number"", ""\u5728\u5fb7\u56fd"", "" fours""]"
multilingual,logit,es-number-after-two,8,"["" as"", ""/"", "" a"", ""-"", "" F""]"
multilingual,logit,es-number-after-two,16,"[""s"", ""y"", ""ie"", ""ward"", ""J""]"
multilingual,logit,es-number-after-two,24,"[""us"", "" natural"", ""\u4e0b\u4e00\u4e2a"", ""stit"", "" t""]"
multilingual,logit,es-number-after-two,32,"[""unge"", ""hen"", ""ment"", ""LU"", ""zen""]"
multilingual,logit,es-number-after-two,40,"[""\u627f"", ""us"", ""\u4e0b\u4e00\u4e2a"", "" a"", ""M""]"
multilingual,logit,es-number-after-two,48,"["" numbers"", "" ordinal"", ""edin"", ""\u4e0b\u4e00\u4e2a"", ""\u5e8f""]"
multilingual,logit,es-number-after-two,56,"[""\u4e09\u7684"", ""three"", "" three"", ""third"", ""Three""]"
multilingual,jlens_camila,es-number-after-two,8,"[""ness"", ""ization"", ""iest"", ""\u0430\u043c\u0438"", ""ation""]"
multilingual,jlens_camila,es-number-after-two,16,"[""ness"", "" freaking"", "" basically"", "" yeah"", "" really""]"
multilingual,jlens_camila,es-number-after-two,24,"[""ness"", ""anceled"", "" everybody"", "" freaking"", ""iest""]"
multilingual,jlens_camila,es-number-after-two,32,"["" fucking"", "" famous"", "" funny"", ""\u8fd9\u4e2a\u540d\u5b57"", ""anceled""]"
multilingual,jlens_camila,es-number-after-two,40,"["" numeral"", "" numbers"", ""numbers"", ""\u8fd9\u4e2a\u6570\u5b57"", ""\u7684\u6570\u5b57""]"
multilingual,jlens_camila,es-number-after-two,48,"["" numbers"", "" numeral"", "" number"", ""number"", "" Numbers""]"
multilingual,jlens_camila,es-number-after-two,56,"[""three"", "" three"", "" third"", ""third"", ""Three""]"
multilingual,rlens_camila,es-number-after-two,8,"["" really"", ""s"", ""t"", "" actually"", ""ness""]"
multilingual,rlens_camila,es-number-after-two,16,"["" really"", "" basically"", "" stuff"", "" thing"", "" actually""]"
multilingual,rlens_camila,es-number-after-two,24,"["" fucking"", "" everybody"", "" neighbor"", "" numbers"", "" freaking""]"
multilingual,rlens_camila,es-number-after-two,32,"["" fucking"", ""\u7684\u6b63\u786e"", "" funny"", "" famous"", ""number""]"
multilingual,rlens_camila,es-number-after-two,40,"["" numbers"", ""\u7684\u6570\u5b57"", "" numeral"", ""number"", ""numbers""]"
multilingual,rlens_camila,es-number-after-two,48,"["" numbers"", "" number"", ""number"", "" Numbers"", "" Number""]"
multilingual,rlens_camila,es-number-after-two,56,"["" three"", ""three"", "" third"", ""third"", ""Three""]"
multilingual,jpp_released,es-number-after-two,8,"["" colors"", "" numbers"", ""\""s"", "" color"", ""\""a""]"
multilingual,jpp_released,es-number-after-two,16,"["" Texas"", "" mascot"", "" Big"", "" Trick"", "" Cain""]"
multilingual,jpp_released,es-number-after-two,24,"["" numbers"", "" number"", ""number"", ""numbers"", "" math""]"
multilingual,jpp_released,es-number-after-two,32,"["" Number"", "" number"", "" Numbers"", "" song"", "" Roman""]"
multilingual,jpp_released,es-number-after-two,40,"["" numbers"", "" number"", ""number"", ""\u6570\u5b57"", ""\u7684\u6570\u5b57""]"
multilingual,jpp_released,es-number-after-two,48,"["" number"", "" numbers"", "" Number"", "" Numbers"", ""number""]"
multilingual,jpp_released,es-number-after-two,56,"[""third"", "" third"", ""three"", ""one"", "" three""]"
multilingual,logit,pt-number-after-five,8,"["" as"", "" a"", ""-"", ""/"", "" -""]"
multilingual,logit,pt-number-after-five,16,"[""s"", ""ie"", ""S"", ""y"", ""zen""]"
multilingual,logit,pt-number-after-five,24,"[""stit"", ""\u4e0b\u4e00\u4e2a"", ""zen"", ""\u5ff5"", ""\u00f1""]"
multilingual,logit,pt-number-after-five,32,"[""hen"", ""\u7684\u786e"", ""unge"", ""\u00eds"", ""im""]"
multilingual,logit,pt-number-after-five,40,"[""us"", "" a"", ""M"", ""\u4e0b\u4e00\u4e2a"", ""S""]"
multilingual,logit,pt-number-after-five,48,"[""\u4e0b\u4e00\u4e2a"", "" numbers"", ""\u5409\u65af"", ""\u8868\u793a"", ""y""]"
multilingual,logit,pt-number-after-five,56,"["" sixth"", "" six"", ""6"", ""\u516d"", ""\u516d\u662f""]"
multilingual,jlens_camila,pt-number-after-five,8,"[""ness"", ""ation"", ""lings"", ""ization"", ""iest""]"
multilingual,jlens_camila,pt-number-after-five,16,"[""ness"", "" freaking"", "" yeah"", "" stuff"", "" basically""]"
multilingual,jlens_camila,pt-number-after-five,24,"[""ness"", "" everybody"", "" somebody"", ""izer"", ""lings""]"
multilingual,jlens_camila,pt-number-after-five,32,"[""ness"", "" famous"", ""\u8fd9\u4e2a\u540d\u5b57"", "" funny"", "" fucking""]"
multilingual,jlens_camila,pt-number-after-five,40,"["" numeral"", "" pronunciation"", "" numbers"", ""numbers"", "" lingu""]"
multilingual,jlens_camila,pt-number-after-five,48,"["" numbers"", "" numeral"", "" number"", "" Numbers"", ""number""]"
multilingual,jlens_camila,pt-number-after-five,56,"["" six"", "" sixth"", ""\u516d\u662f"", ""six"", ""\u516d""]"
multilingual,rlens_camila,pt-number-after-five,8,"["" really"", "" REALLY"", ""ness"", "" actually"", "" basically""]"
multilingual,rlens_camila,pt-number-after-five,16,"["" really"", "" stuff"", "" basically"", "" actually"", "" thing""]"
multilingual,rlens_camila,pt-number-after-five,24,"["" everybody"", "" somebody"", "" fucking"", "" saying"", "" bigger""]"
multilingual,rlens_camila,pt-number-after-five,32,"[""\u7684\u6b63\u786e"", "" fucking"", ""ling"", "" numbers"", "" famous""]"
multilingual,rlens_camila,pt-number-after-five,40,"["" numeral"", "" numbers"", "" pronunciation"", ""\u7684\u6570\u5b57"", ""number""]"
multilingual,rlens_camila,pt-number-after-five,48,"["" numbers"", "" number"", ""number"", "" numeral"", "" Numbers""]"
multilingual,rlens_camila,pt-number-after-five,56,"["" six"", "" sixth"", ""\u516d"", ""six"", ""\u516d\u662f""]"
multilingual,jpp_released,pt-number-after-five,8,"[""\""s"", "" colors"", "" underwater"", ""\""a"", ""\""https""]"
multilingual,jpp_released,pt-number-after-five,16,"["" Texas"", "" Cain"", "" Big"", "" Mystic"", "" mascot""]"
multilingual,jpp_released,pt-number-after-five,24,"["" numbers"", "" number"", "" words"", "" spoken"", "" math""]"
multilingual,jpp_released,pt-number-after-five,32,"["" Roman"", "" Portuguese"", "" Number"", "" song"", "" number""]"
multilingual,jpp_released,pt-number-after-five,40,"["" numbers"", "" number"", "" -"", "" numeral"", ""number""]"
multilingual,jpp_released,pt-number-after-five,48,"["" numbers"", "" number"", "" Numbers"", "" Number"", "" English""]"
multilingual,jpp_released,pt-number-after-five,56,"[""\u516d\u662f"", ""one"", "" six"", "" number"", "" sixth""]"
multilingual,logit,es-color-night,8,"[""s"", ""-"", "" as"", ""/"", "" -""]"
multilingual,logit,es-color-night,16,"[""s"", ""y"", ""S"", ""P"", ""J""]"
multilingual,logit,es-color-night,24,"[""\u6c89"", "" bol"", ""\u585e"", ""\u633d"", ""\u00d1""]"
multilingual,logit,es-color-night,32,"[""O"", ""\u6c89"", "" a"", ""S"", ""ijo""]"
multilingual,logit,es-color-night,40,"["" hues"", ""yes"", ""ovas"", ""plier"", ""ovie""]"
multilingual,logit,es-color-night,48,"[""a"", ""ovie"", ""S"", ""a\u00f0"", "" hues""]"
multilingual,logit,es-color-night,56,"["" black"", ""\u9ed1\u8272"", ""\u9ed1\u8272\u7684"", "" dark"", ""black""]"
multilingual,jlens_camila,es-color-night,8,"[""ness"", ""ization"", ""s"", ""ynec"", ""tures""]"
multilingual,jlens_camila,es-color-night,16,"[""ness"", ""s"", "" everybody"", ""eness"", ""ses""]"
multilingual,jlens_camila,es-color-night,24,"[""ness"", ""Spanish"", ""\u00b4t"", "" Spanish"", ""\u897f\u73ed\u7259\u8bed""]"
multilingual,jlens_camila,es-color-night,32,"["" Spanish"", ""s"", ""Spanish"", "" spanish"", ""\u4ec0\u4e48\u610f\u601d""]"
multilingual,jlens_camila,es-color-night,40,"["" color"", "" colors"", ""color"", ""Color"", "" Color""]"
multilingual,jlens_camila,es-color-night,48,"["" color"", "" colors"", ""\u7684\u989c\u8272"", "" Color"", ""Colors""]"
multilingual,jlens_camila,es-color-night,56,"["" black"", "" dark"", ""\u9ed1\u8272"", ""black"", "" darkness""]"
multilingual,rlens_camila,es-color-night,8,"[""s"", ""ness"", ""\""s"", ""\""I"", ""\""a""]"
multilingual,rlens_camila,es-color-night,16,"[""s"", "" really"", "" totally"", "" basically"", "" everybody""]"
multilingual,rlens_camila,es-color-night,24,"["" Spanish"", ""Spanish"", "" Mexican"", ""\u00b4t"", ""\u897f\u73ed\u7259\u8bed""]"
multilingual,rlens_camila,es-color-night,32,"["" Spanish"", ""Spanish"", ""s"", ""\u00b4t"", ""\u897f\u73ed\u7259\u8bed""]"
multilingual,rlens_camila,es-color-night,40,"["" color"", ""color"", "" colors"", "" Color"", ""Color""]"
multilingual,rlens_camila,es-color-night,48,"["" color"", "" colors"", "" Color"", "" black"", ""color""]"
multilingual,rlens_camila,es-color-night,56,"["" black"", "" dark"", ""\u9ed1\u8272"", ""black"", ""\u7684\u9ed1\u8272""]"
multilingual,jpp_released,es-color-night,8,"["" colors"", ""colors"", ""\""a"", "" colored"", "" color""]"
multilingual,jpp_released,es-color-night,16,"["" Texas"", "" Nic"", ""s"", "" Houston"", "" Nick""]"
multilingual,jpp_released,es-color-night,24,"["" Spanish"", "" Mexican"", "" spanish"", ""Spanish"", "" Mexico""]"
multilingual,jpp_released,es-color-night,32,"["" Spanish"", "" Mexican"", ""Spanish"", "" Mexico"", ""\u897f\u73ed\u7259""]"
multilingual,jpp_released,es-color-night,40,"["" color"", "" Color"", "" colors"", "" black"", ""color""]"
multilingual,jpp_released,es-color-night,48,"["" color"", "" black"", "" Color"", "" Black"", "" night""]"
multilingual,jpp_released,es-color-night,56,"["" black"", ""black"", "" Black"", "" blue"", "" color""]"
multilingual,logit,fr-time-after-night,8,"[""s"", "" I"", ""P"", ""S"", ""/""]"
multilingual,logit,fr-time-after-night,16,"[""s"", "" **"", "" -"", "" T"", ""F""]"
multilingual,logit,fr-time-after-night,24,"[""oom"", ""stit"", "" **"", ""\u4ec0\u4e48\u5462"", ""s""]"
multilingual,logit,fr-time-after-night,32,"[""oom"", ""-"", ""ly"", ""\u610f\u4e49\u4e0a\u7684"", ""S""]"
multilingual,logit,fr-time-after-night,40,"["" dawn"", ""oom"", "" morning"", ""\u9ece\u660e"", "" sunrise""]"
multilingual,logit,fr-time-after-night,48,"[""\u5019"", ""K"", ""eo"", ""E"", ""\u575e""]"
multilingual,logit,fr-time-after-night,56,"["" morning"", ""\u6668"", ""\u9ece\u660e"", ""\u6e05\u6668"", "" Morning""]"
multilingual,jlens_camila,fr-time-after-night,8,"[""s"", ""ness"", ""ization"", ""eness"", ""\""s""]"
multilingual,jlens_camila,fr-time-after-night,16,"[""s"", ""ness"", ""oue"", "" -"", "" alot""]"
multilingual,jlens_camila,fr-time-after-night,24,"[""s"", ""ness"", ""\u0442\u0441\u044f"", "" french"", ""cest""]"
multilingual,jlens_camila,fr-time-after-night,32,"[""s"", "" famous"", "" -"", "" called"", ""alyze""]"
multilingual,jlens_camila,fr-time-after-night,40,"["" sunrise"", "" morning"", "" dawn"", "" daylight"", "" daytime""]"
multilingual,jlens_camila,fr-time-after-night,48,"["" sunrise"", "" morning"", "" dawn"", "" daylight"", "" Morning""]"
multilingual,jlens_camila,fr-time-after-night,56,"["" morning"", "" dawn"", "" Morning"", "" sunrise"", ""\u65e9\u6668""]"
multilingual,rlens_camila,fr-time-after-night,8,"[""\""s"", "" -"", ""s"", ""\""S"", ""\""d""]"
multilingual,rlens_camila,fr-time-after-night,16,"["" -"", ""s"", ""t"", ""y"", ""\""s""]"
multilingual,rlens_camila,fr-time-after-night,24,"["" -"", ""s"", ""t"", ""-"", ""m""]"
multilingual,rlens_camila,fr-time-after-night,32,"["" -"", ""-"", ""s"", ""t"", ""S""]"
multilingual,rlens_camila,fr-time-after-night,40,"["" morning"", "" sunrise"", "" dawn"", "" daylight"", ""\u6668""]"
multilingual,rlens_camila,fr-time-after-night,48,"["" morning"", "" sunrise"", "" dawn"", "" sun"", "" daylight""]"
multilingual,rlens_camila,fr-time-after-night,56,"["" morning"", "" dawn"", "" Morning"", "" day"", ""\u9ece\u660e""]"
multilingual,jpp_released,fr-time-after-night,8,"["" underwater"", "" French"", "" french"", "" fishermen"", "" waterfront""]"
multilingual,jpp_released,fr-time-after-night,16,"["" Nic"", "" Big"", "" French"", "" Texas"", "" Nick""]"
multilingual,jpp_released,fr-time-after-night,24,"["" night"", "" French"", "" sea"", ""s"", "" l""]"
multilingual,jpp_released,fr-time-after-night,32,"["" St"", "" French"", "" G"", "" Texas"", "" S""]"
multilingual,jpp_released,fr-time-after-night,40,"["" morning"", "" dawn"", "" sunrise"", "" night"", "" daylight""]"
multilingual,jpp_released,fr-time-after-night,48,"["" morning"", "" sunrise"", "" dawn"", "" night"", "" day""]"
multilingual,jpp_released,fr-time-after-night,56,"["" dawn"", "" morning"", "" Dawn"", "" Morning"", "" day""]"
multilingual,logit,de-time-after-night,8,"[""/"", ""s"", ""-"", ""p"", "" -""]"
multilingual,logit,de-time-after-night,16,"[""s"", ""F"", ""H"", "" **"", ""S""]"
multilingual,logit,de-time-after-night,24,"[""oom"", ""iv"", "" **"", ""\u610f\u4e49\u4e0a\u7684"", ""ju""]"
multilingual,logit,de-time-after-night,32,"[""\u610f\u4e49\u4e0a\u7684"", "" N"", ""S"", ""ly"", ""-""]"
multilingual,logit,de-time-after-night,40,"[""oom"", ""oma"", "" daylight"", ""\u0457"", "" Day""]"
multilingual,logit,de-time-after-night,48,"[""E"", ""K"", ""R"", ""ri"", ""ulla""]"
multilingual,logit,de-time-after-night,56,"["" morning"", "" Day"", "" day"", ""\u66d9"", ""day""]"
multilingual,jlens_camila,de-time-after-night,8,"[""ness"", ""iest"", ""niest"", ""\""g"", ""\""B""]"
multilingual,jlens_camila,de-time-after-night,16,"[""usual"", "" -"", ""ness"", "" Basically"", "" basically""]"
multilingual,jlens_camila,de-time-after-night,24,"[""usual"", ""\u00b4t"", "" specials"", ""thern"", "" famous""]"
multilingual,jlens_camila,de-time-after-night,32,"["" famous"", "" -"", "" special"", ""alyze"", ""\u00b4t""]"
multilingual,jlens_camila,de-time-after-night,40,"["" morning"", "" sunrise"", "" daylight"", "" daytime"", "" Morning""]"
multilingual,jlens_camila,de-time-after-night,48,"["" morning"", "" sunrise"", "" daylight"", "" daily"", "" day""]"
multilingual,jlens_camila,de-time-after-night,56,"["" morning"", "" day"", "" Day"", "" sunrise"", "" daylight""]"
multilingual,rlens_camila,de-time-after-night,8,"["" -"", ""\""s"", ""\""d"", ""\""S"", ""\""H""]"
multilingual,rlens_camila,de-time-after-night,16,"["" -"", ""t"", ""\""s"", "" really"", ""y""]"
multilingual,rlens_camila,de-time-after-night,24,"["" -"", ""t"", "" special"", ""y"", ""m""]"
multilingual,rlens_camila,de-time-after-night,32,"["" -"", ""-"", ""t"", ""\u00b4t"", "" famous""]"
multilingual,rlens_camila,de-time-after-night,40,"["" morning"", "" sunrise"", "" daylight"", "" day"", "" Morning""]"
multilingual,rlens_camila,de-time-after-night,48,"["" morning"", "" sunrise"", "" Day"", "" day"", "" -""]"
multilingual,rlens_camila,de-time-after-night,56,"["" day"", "" morning"", "" Day"", "" daylight"", ""day""]"
multilingual,jpp_released,de-time-after-night,8,"[""\u5fb7\u56fd\u7684"", "" Germans"", "" German"", ""\u5fb7\u56fd"", ""\u5fb7\u570b""]"
multilingual,jpp_released,de-time-after-night,16,"["" Texas"", "" Big"", "" Braz"", "" Buzz"", "" Nick""]"
multilingual,jpp_released,de-time-after-night,24,"["" night"", "" old"", "" light"", "" nightly"", "" German""]"
multilingual,jpp_released,de-time-after-night,32,"["" Texas"", "" German"", "" night"", "" White"", "" Easter""]"
multilingual,jpp_released,de-time-after-night,40,"["" morning"", "" day"", "" night"", "" sunrise"", "" daylight""]"
multilingual,jpp_released,de-time-after-night,48,"["" Day"", "" day"", "" morning"", "" night"", "" Morning""]"
multilingual,jpp_released,de-time-after-night,56,"["" day"", "" Day"", "" morning"", "" dawn"", "" Dawn""]"
multilingual,logit,pt-time-after-night,8,"[""/"", ""s"", ""-"", ""ing"", ""'s""]"
multilingual,logit,pt-time-after-night,16,"[""s"", ""y"", "" *"", ""esc"", "" **""]"
multilingual,logit,pt-time-after-night,24,"["" de"", ""R"", ""J"", ""H"", ""iv""]"
multilingual,logit,pt-time-after-night,32,"[""J"", ""y"", ""R"", ""F"", ""S""]"
multilingual,logit,pt-time-after-night,40,"[""P"", ""oom"", ""F"", ""M"", ""E""]"
multilingual,logit,pt-time-after-night,48,"[""E"", ""S"", ""J"", ""EN"", ""C""]"
multilingual,logit,pt-time-after-night,56,"["" morning"", ""\u9ece\u660e"", ""\u6e05\u6668"", "" Morning"", ""\u6668""]"
multilingual,jlens_camila,pt-time-after-night,8,"[""ness"", ""ization"", ""ation"", ""iest"", ""ming""]"
multilingual,jlens_camila,pt-time-after-night,16,"[""ness"", "" stuff"", ""usual"", "" everybody"", "" kinda""]"
multilingual,jlens_camila,pt-time-after-night,24,"[""ness"", "" nowadays"", "" portug"", "" Portuguese"", "" stuff""]"
multilingual,jlens_camila,pt-time-after-night,32,"["" famous"", "" -"", ""alyze"", ""ness"", "" Portuguese""]"
multilingual,jlens_camila,pt-time-after-night,40,"["" night"", "" morning"", "" sunrise"", "" dawn"", "" daylight""]"
multilingual,jlens_camila,pt-time-after-night,48,"["" night"", "" morning"", "" sunrise"", "" sleep"", "" dawn""]"
multilingual,jlens_camila,pt-time-after-night,56,"["" morning"", "" dawn"", "" Morning"", ""\u6e05\u6668"", ""\u9ece\u660e""]"
multilingual,rlens_camila,pt-time-after-night,8,"[""\""s"", "" stuff"", "" basically"", ""\""a"", ""\""I""]"
multilingual,rlens_camila,pt-time-after-night,16,"["" really"", "" stuff"", "" basically"", "" -"", "" big""]"
multilingual,rlens_camila,pt-time-after-night,24,"["" Portuguese"", "" -"", ""y"", "" stuff"", "" big""]"
multilingual,rlens_camila,pt-time-after-night,32,"["" -"", ""-"", ""/"", ""y"", ""t""]"
multilingual,rlens_camila,pt-time-after-night,40,"["" night"", "" morning"", "" dawn"", "" sunrise"", "" daylight""]"
multilingual,rlens_camila,pt-time-after-night,48,"["" night"", ""-"", "" -"", "" morning"", "" sleep""]"
multilingual,rlens_camila,pt-time-after-night,56,"["" morning"", "" Morning"", "" dawn"", ""\u9ece\u660e"", ""\u6e05\u6668""]"
multilingual,jpp_released,pt-time-after-night,8,"["" brazil"", ""\u7535\u6c14"", "" waterfront"", "" Brazilian"", ""\u5a01\u5c3c\u65af""]"
multilingual,jpp_released,pt-time-after-night,16,"["" Big"", "" Portuguese"", "" Braz"", "" Nic"", "" Nick""]"
multilingual,jpp_released,pt-time-after-night,24,"["" Portuguese"", "" Spanish"", "" portug"", "" Lisbon"", ""\u8461\u8404\u7259""]"
multilingual,jpp_released,pt-time-after-night,32,"["" Portuguese"", "" Azure"", "" night"", "" portug"", "" Spanish""]"
multilingual,jpp_released,pt-time-after-night,40,"["" night"", "" Night"", "" morning"", "" dawn"", "" nighttime""]"
multilingual,jpp_released,pt-time-after-night,48,"["" night"", "" Night"", "" morning"", "" Morning"", "" day""]"
multilingual,jpp_released,pt-time-after-night,56,"["" morning"", "" dawn"", "" Morning"", "" night"", "" Dawn""]"
multilingual,logit,fr-size-big-small,8,"[""/"", ""V"", "" r"", "" to"", "" -""]"
multilingual,logit,fr-size-big-small,16,"[""B"", ""\u4e0a"", ""F"", ""I"", ""s""]"
multilingual,logit,fr-size-big-small,24,"[""\u4ec0\u4e48\u5462"", ""\u4e49\u8bcd"", "" l"", "" le"", "" *""]"
multilingual,logit,fr-size-big-small,32,"[""L"", "" d"", ""S"", ""\u4ec0\u4e48\u5462"", "" b""]"
multilingual,logit,fr-size-big-small,40,"[""s"", ""\u53cd\u4e49\u8bcd"", ""L"", "" le"", ""\u76f8\u53cd""]"
multilingual,logit,fr-size-big-small,48,"[""\u53cd\u4e49\u8bcd"", ""\u6bdb\u6cfd\u4e1c"", ""L"", ""\u76f8\u53cd"", ""\u52a0\u62ff\u5927""]"
multilingual,logit,fr-size-big-small,56,"["" small"", ""small"", ""\u5c0f\u7684"", ""-small"", ""\u77ee""]"
multilingual,jlens_camila,fr-size-big-small,8,"[""ness"", ""ation"", ""ity"", ""\u0629"", ""m""]"
multilingual,jlens_camila,fr-size-big-small,16,"[""ness"", ""s"", ""m"", ""t"", ""ity""]"
multilingual,jlens_camila,fr-size-big-small,24,"[""ness"", ""s"", "" fucking"", "" french"", ""\u0629""]"
multilingual,jlens_camila,fr-size-big-small,32,"["" fucking"", ""ness"", ""s"", ""\u8fd9\u4e2a\u8bcd"", "" synonyms""]"
multilingual,jlens_camila,fr-size-big-small,40,"[""\u53cd\u4e49\u8bcd"", ""\u8fd9\u4e2a\u8bcd"", "" synonyms"", "" oppos"", ""ness""]"
multilingual,jlens_camila,fr-size-big-small,48,"[""\u53cd\u4e49\u8bcd"", ""Size"", "" oppos"", "" size"", "" synonyms""]"
multilingual,jlens_camila,fr-size-big-small,56,"["" small"", ""small"", ""-small"", ""\u5c0f\u7684"", ""Small""]"
multilingual,rlens_camila,fr-size-big-small,8,"[""s"", ""t"", "" really"", ""m"", ""ness""]"
multilingual,rlens_camila,fr-size-big-small,16,"[""s"", ""l"", ""t"", ""m"", ""n""]"
multilingual,rlens_camila,fr-size-big-small,24,"[""s"", "" French"", ""t"", ""m"", "" people""]"
multilingual,rlens_camila,fr-size-big-small,32,"[""s"", "" fucking"", "" oppos"", ""l"", "" correct""]"
multilingual,rlens_camila,fr-size-big-small,40,"[""\u53cd\u4e49\u8bcd"", "" oppos"", "" synonyms"", "" opposite"", ""\u8fd9\u4e2a\u8bcd""]"
multilingual,rlens_camila,fr-size-big-small,48,"[""\u53cd\u4e49\u8bcd"", "" opposite"", "" size"", "" oppos"", ""Size""]"
multilingual,rlens_camila,fr-size-big-small,56,"["" small"", ""small"", ""-small"", ""\u5c0f\u7684"", ""Small""]"
multilingual,jpp_released,fr-size-big-small,8,"[""\u6cd5\u8bed"", "" french"", ""\u6d1b\u9633\u5e02"", ""\u91cc\u6602"", "" colors""]"
multilingual,jpp_released,fr-size-big-small,16,"["" French"", "" Texas"", ""l"", ""s"", "" Arizona""]"
multilingual,jpp_released,fr-size-big-small,24,"["" French"", "" french"", ""\u6cd5\u8bed"", ""s"", "" English""]"
multilingual,jpp_released,fr-size-big-small,32,"["" French"", "" or"", "" Roman"", "" Paris"", "" Spanish""]"
multilingual,jpp_released,fr-size-big-small,40,"["" French"", "" -"", ""\u6cd5\u8bed"", "" word"", "" french""]"
multilingual,jpp_released,fr-size-big-small,48,"["" size"", "" French"", ""\u53cd\u4e49\u8bcd"", ""<u"", "" opposite""]"
multilingual,jpp_released,fr-size-big-small,56,"["" small"", ""small"", ""-small"", "" Small"", ""Small""]"
multilingual,logit,de-size-big-small,8,"[""/"", ""V"", ""-"", "" V"", ""s""]"
multilingual,logit,de-size-big-small,16,"[""I"", ""B"", "" I"", ""P"", ""F""]"
multilingual,logit,de-size-big-small,24,"[""\u4e49\u8bcd"", ""\u4ec0\u4e48\u5462"", "" \u00fc"", ""\u73e0"", "" im""]"
multilingual,logit,de-size-big-small,32,"["" b"", ""-"", ""S"", ""\u4e0e\u5176"", ""\u544a""]"
multilingual,logit,de-size-big-small,40,"[""s"", ""S"", ""\u4ec0\u4e48"", ""\u76f8\u53cd"", "" opposite""]"
multilingual,logit,de-size-big-small,48,"[""\u53cd\u4e49\u8bcd"", ""\u4ec0\u4e48"", ""S"", "" b"", ""le""]"
multilingual,logit,de-size-big-small,56,"["" small"", ""small"", ""\u5c0f\u7684"", ""-small"", ""Small""]"
multilingual,jlens_camila,de-size-big-small,8,"[""ness"", ""iest"", ""utors"", ""lings"", ""ging""]"
multilingual,jlens_camila,de-size-big-small,16,"[""ness"", ""s"", ""m"", "" really"", ""ity""]"
multilingual,jlens_camila,de-size-big-small,24,"[""ness"", ""\u8fd9\u4e2a\u8bcd"", ""s"", "" somebody"", ""\u5fb7\u8bed""]"
multilingual,jlens_camila,de-size-big-small,32,"["" fucking"", ""\u8fd9\u4e2a\u8bcd"", "" synonyms"", ""<|im_end|>"", "" slang""]"
multilingual,jlens_camila,de-size-big-small,40,"[""\u53cd\u4e49\u8bcd"", ""\u8fd9\u4e2a\u8bcd"", "" synonyms"", "" oppos"", "" synonym""]"
multilingual,jlens_camila,de-size-big-small,48,"[""\u53cd\u4e49\u8bcd"", "" synonyms"", "" oppos"", "" size"", ""Size""]"
multilingual,jlens_camila,de-size-big-small,56,"["" small"", ""small"", ""-small"", ""Small"", ""_small""]"
multilingual,rlens_camila,de-size-big-small,8,"["" really"", ""t"", ""s"", "" stuff"", "" probably""]"
multilingual,rlens_camila,de-size-big-small,16,"[""s"", "" really"", ""l"", ""t"", ""n""]"
multilingual,rlens_camila,de-size-big-small,24,"[""s"", ""\u8fd9\u4e2a\u8bcd"", ""t"", "" words"", ""m""]"
multilingual,rlens_camila,de-size-big-small,32,"[""\u8fd9\u4e2a\u8bcd"", "" synonyms"", "" fucking"", "" gramm"", ""s""]"
multilingual,rlens_camila,de-size-big-small,40,"["" oppos"", ""\u53cd\u4e49\u8bcd"", ""\u8fd9\u4e2a\u8bcd"", "" opposite"", "" synonyms""]"
multilingual,rlens_camila,de-size-big-small,48,"[""\u53cd\u4e49\u8bcd"", "" opposite"", "" oppos"", "" size"", ""\u8fd9\u4e2a\u8bcd""]"
multilingual,rlens_camila,de-size-big-small,56,"["" small"", ""small"", ""-small"", ""Small"", ""\u5c0f\u7684""]"
multilingual,jpp_released,de-size-big-small,8,"["" bigger"", "" Ludwig"", "" Wichita"", "" colors"", ""\u5fb7\u5dde""]"
multilingual,jpp_released,de-size-big-small,16,"["" German"", "" Texas"", "" Munich"", "" and"", "" to""]"
multilingual,jpp_released,de-size-big-small,24,"["" word"", "" words"", "" opposite"", "" -"", "" German""]"
multilingual,jpp_released,de-size-big-small,32,"["" German"", "" Germans"", ""\u5728\u5fb7\u56fd"", "" or"", ""\u5fb7\u8bed""]"
multilingual,jpp_released,de-size-big-small,40,"["" -"", "" word"", "" German"", "" size"", "" something""]"
multilingual,jpp_released,de-size-big-small,48,"["" size"", "" opposite"", "" big"", ""\u53cd\u4e49\u8bcd"", "" small""]"
multilingual,jpp_released,de-size-big-small,56,"["" small"", ""small"", ""-small"", ""Small"", "" Small""]"
multilingual,logit,pt-size-big-small,8,"[""/"", ""V"", ""-"", "" I"", "" V""]"
multilingual,logit,pt-size-big-small,16,"[""B"", ""\u4e0a"", ""I"", ""T"", "" N""]"
multilingual,logit,pt-size-big-small,24,"[""\u4ec0\u4e48\u5462"", ""L"", "" *"", ""\u4e49\u8bcd"", ""\u73e0""]"
multilingual,logit,pt-size-big-small,32,"[""-"", ""L"", ""S"", "" opposite"", ""ape""]"
multilingual,logit,pt-size-big-small,40,"[""s"", ""L"", ""S"", ""\u76f8\u53cd"", ""A""]"
multilingual,logit,pt-size-big-small,48,"[""S"", ""\u53cd\u4e49\u8bcd"", ""L"", ""B"", ""\u4ec0\u4e48""]"
multilingual,logit,pt-size-big-small,56,"["" small"", ""small"", ""\u5c0f\u7684"", ""-small"", "" kecil""]"
multilingual,jlens_camila,pt-size-big-small,8,"[""ness"", ""ation"", ""hip"", ""iance"", ""teen""]"
multilingual,jlens_camila,pt-size-big-small,16,"[""ness"", ""s"", "" freaking"", ""m"", "" REALLY""]"
multilingual,jlens_camila,pt-size-big-small,24,"[""ness"", ""s"", "" somebody"", ""istrator"", ""\u8fd9\u4e2a\u8bcd""]"
multilingual,jlens_camila,pt-size-big-small,32,"["" fucking"", ""ness"", ""\u8fd9\u4e2a\u8bcd"", ""s"", "" words""]"
multilingual,jlens_camila,pt-size-big-small,40,"[""size"", "" size"", ""Size"", ""\u53cd\u4e49\u8bcd"", ""\u5c3a\u5bf8""]"
multilingual,jlens_camila,pt-size-big-small,48,"["" smaller"", "" size"", ""Size"", ""\u8d8a\u5c0f"", "" smallest""]"
multilingual,jlens_camila,pt-size-big-small,56,"["" small"", ""small"", ""-small"", ""\u5c0f\u7684"", ""_small""]"
multilingual,rlens_camila,pt-size-big-small,8,"["" really"", "" REALLY"", "" stuff"", ""ness"", "" probably""]"
multilingual,rlens_camila,pt-size-big-small,16,"["" really"", ""s"", ""l"", ""m"", ""n""]"
multilingual,rlens_camila,pt-size-big-small,24,"[""s"", "" people"", ""m"", ""ness"", ""t""]"
multilingual,rlens_camila,pt-size-big-small,32,"[""s"", ""-"", ""l"", "" oppos"", ""\u8fd9\u4e2a\u8bcd""]"
multilingual,rlens_camila,pt-size-big-small,40,"["" size"", "" oppos"", "" opposite"", ""size"", ""\u53cd\u4e49\u8bcd""]"
multilingual,rlens_camila,pt-size-big-small,48,"["" size"", "" smaller"", ""Size"", ""size"", ""\u53cd\u4e49\u8bcd""]"
multilingual,rlens_camila,pt-size-big-small,56,"["" small"", ""small"", ""-small"", ""\u5c0f\u7684"", "" smaller""]"
multilingual,jpp_released,pt-size-big-small,8,"["" colors"", "" bigger"", ""\u91cc\u6602"", ""\u6cd5\u8bed"", "" electrical""]"
multilingual,jpp_released,pt-size-big-small,16,"[""l"", "" and"", "" Arizona"", "" Pascal"", "" Al""]"
multilingual,jpp_released,pt-size-big-small,24,"["" opposite"", "" word"", ""s"", "" -"", "" words""]"
multilingual,jpp_released,pt-size-big-small,32,"["" Portuguese"", "" or"", "" Spanish"", "" Roman"", "" L""]"
multilingual,jpp_released,pt-size-big-small,40,"["" size"", "" -"", "" small"", "" word"", ""size""]"
multilingual,jpp_released,pt-size-big-small,48,"["" size"", "" small"", "" smaller"", "" something"", "" or""]"
multilingual,jpp_released,pt-size-big-small,56,"["" small"", ""small"", ""-small"", "" Small"", ""Small""]"
multilingual,logit,de-place-up-down,8,"[""/"", ""V"", ""-"", "" V"", "" I""]"
multilingual,logit,de-place-up-down,16,"[""B"", ""I"", ""F"", "" B"", "" I""]"
multilingual,logit,de-place-up-down,24,"[""\u4e49\u8bcd"", ""\u4ec0\u4e48\u5462"", ""\u4e0a"", ""\u5145\u5b9e"", ""\u89e3""]"
multilingual,logit,de-place-up-down,32,"["" b"", ""-"", ""S"", ""\u4e0a"", ""\u8d8b""]"
multilingual,logit,de-place-up-down,40,"[""s"", ""\u4ec0\u4e48"", "" opposite"", ""S"", ""\u76f8\u53cd""]"
multilingual,logit,de-place-up-down,48,"["" b"", ""S"", ""L"", ""opp"", ""le""]"
multilingual,logit,de-place-up-down,56,"["" below"", ""\u4e0b\u9762"", ""below"", "" bottom"", "" Below""]"
multilingual,jlens_camila,de-place-up-down,8,"[""ness"", ""ation"", ""\u0629"", ""iest"", ""ity""]"
multilingual,jlens_camila,de-place-up-down,16,"[""ness"", ""s"", ""m"", ""ity"", ""t""]"
multilingual,jlens_camila,de-place-up-down,24,"[""ness"", ""s"", ""\u8fd9\u4e2a\u8bcd"", ""lings"", ""\u5fb7\u8bed""]"
multilingual,jlens_camila,de-place-up-down,32,"["" fucking"", ""ness"", ""\u8fd9\u4e2a\u8bcd"", "" synonyms"", "" slang""]"
multilingual,jlens_camila,de-place-up-down,40,"["" opposite"", ""\u8fd9\u4e2a\u8bcd"", ""\u53cd\u4e49\u8bcd"", "" downwards"", "" lowercase""]"
multilingual,jlens_camila,de-place-up-down,48,"["" opposite"", ""\u53cd\u4e49\u8bcd"", "" downwards"", ""\\n"", "" lowercase""]"
multilingual,jlens_camila,de-place-up-down,56,"["" below"", ""below"", "" bottom"", ""\u4e0b\u9762"", ""bottom""]"
multilingual,rlens_camila,de-place-up-down,8,"["" really"", ""s"", ""t"", ""n"", ""m""]"
multilingual,rlens_camila,de-place-up-down,16,"[""s"", ""t"", ""l"", ""n"", "" really""]"
multilingual,rlens_camila,de-place-up-down,24,"[""s"", ""t"", ""\u8fd9\u4e2a\u8bcd"", ""m"", "" German""]"
multilingual,rlens_camila,de-place-up-down,32,"[""s"", ""\u8fd9\u4e2a\u8bcd"", ""-"", "" fucking"", ""t""]"
multilingual,rlens_camila,de-place-up-down,40,"["" opposite"", "" oppos"", ""s"", ""\u8fd9\u4e2a\u8bcd"", ""\u76f8\u53cd""]"
multilingual,rlens_camila,de-place-up-down,48,"["" opposite"", ""\\n"", "" bottom"", ""\u53cd\u4e49\u8bcd"", ""\u8fd9\u4e2a\u8bcd""]"
multilingual,rlens_camila,de-place-up-down,56,"["" below"", ""below"", "" bottom"", ""\u4e0b\u9762"", ""Below""]"
multilingual,jpp_released,de-place-up-down,8,"["" Ludwig"", "" colors"", "" \u0412\u0435\u043d\u0435"", ""\u5fb7\u5dde"", "" ench""]"
multilingual,jpp_released,de-place-up-down,16,"["" Munich"", "" Texas"", "" German"", "" and"", ""s""]"
multilingual,jpp_released,de-place-up-down,24,"["" word"", "" German"", "" words"", "" -"", "" or""]"
multilingual,jpp_released,de-place-up-down,32,"["" German"", "" or"", "" Ludwig"", "" Germans"", "" -""]"
multilingual,jpp_released,de-place-up-down,40,"["" bottom"", "" below"", "" -"", "" lower"", "" down""]"
multilingual,jpp_released,de-place-up-down,48,"["" bottom"", "" opposite"", "" down"", "" lower"", "" Bottom""]"
multilingual,jpp_released,de-place-up-down,56,"["" bottom"", "" below"", ""bottom"", ""below"", ""Below""]"
multilingual,logit,es-place-up-down,8,"[""/"", ""V"", "" F"", "" V"", ""-""]"
multilingual,logit,es-place-up-down,16,"[""B"", "" B"", ""s"", "" i"", ""I""]"
multilingual,logit,es-place-up-down,24,"[""yes"", ""\u4e4f"", "" conjug"", ""que"", "" *""]"
multilingual,logit,es-place-up-down,32,"[""-"", ""**"", ""L"", ""s"", ""\u7b54""]"
multilingual,logit,es-place-up-down,40,"[""s"", ""\u76f8\u53cd"", "" opposite"", ""us"", ""om""]"
multilingual,logit,es-place-up-down,48,"[""om"", ""\u6bdb\u6cfd\u4e1c"", ""\u76f8\u53cd"", ""<u"", ""opp""]"
multilingual,logit,es-place-up-down,56,"["" below"", ""\u4e0b\u9762"", ""below"", "" abajo"", "" Below""]"
multilingual,jlens_camila,es-place-up-down,8,"[""ness"", ""ation"", ""hip"", ""ming"", ""ization""]"
multilingual,jlens_camila,es-place-up-down,16,"[""ness"", ""s"", "" freaking"", ""m"", "" really""]"
multilingual,jlens_camila,es-place-up-down,24,"[""ness"", ""s"", ""\u897f\u73ed\u7259\u8bed"", "" Spanish"", ""Spanish""]"
multilingual,jlens_camila,es-place-up-down,32,"[""s"", "" fucking"", "" Spanish"", ""\u8fd9\u4e2a\u8bcd"", "" slang""]"
multilingual,jlens_camila,es-place-up-down,40,"["" lowercase"", ""\u53cd\u4e49\u8bcd"", "" opposite"", "" downward"", ""\u76f8\u53cd""]"
multilingual,jlens_camila,es-place-up-down,48,"[""\u53cd\u4e49\u8bcd"", "" lowercase"", "" opposite"", ""\u8fd9\u4e2a\u8bcd"", ""\\n""]"
multilingual,jlens_camila,es-place-up-down,56,"["" below"", ""below"", "" abajo"", "" Below"", ""Below""]"
multilingual,rlens_camila,es-place-up-down,8,"["" really"", ""s"", ""m"", ""t"", ""n""]"
multilingual,rlens_camila,es-place-up-down,16,"[""s"", ""l"", ""n"", ""m"", "" really""]"
multilingual,rlens_camila,es-place-up-down,24,"[""s"", "" Spanish"", "" people"", ""n"", "" English""]"
multilingual,rlens_camila,es-place-up-down,32,"[""s"", ""-"", "" Spanish"", ""n"", "" gramm""]"
multilingual,rlens_camila,es-place-up-down,40,"["" opposite"", "" downward"", ""\u76f8\u53cd"", ""s"", "" oppos""]"
multilingual,rlens_camila,es-place-up-down,48,"["" opposite"", ""\u53cd\u4e49\u8bcd"", ""\\n"", ""\u8fd9\u4e2a\u8bcd"", "" oppos""]"
multilingual,rlens_camila,es-place-up-down,56,"["" below"", ""below"", "" Below"", ""\u4e0b\u9762"", ""Below""]"
multilingual,jpp_released,es-place-up-down,8,"["" French"", ""\u6cd5\u8bed"", "" french"", "" colors"", ""French""]"
multilingual,jpp_released,es-place-up-down,16,"["" Al"", "" and"", ""s"", "" Franc"", "" Spanish""]"
multilingual,jpp_released,es-place-up-down,24,"["" Spanish"", "" Mexican"", ""\u897f\u73ed\u7259\u8bed"", ""Spanish"", "" spanish""]"
multilingual,jpp_released,es-place-up-down,32,"["" Spanish"", ""Spanish"", ""\u897f\u73ed\u7259\u8bed"", "" Spain"", "" Madrid""]"
multilingual,jpp_released,es-place-up-down,40,"["" bottom"", "" below"", "" down"", "" downward"", "" -""]"
multilingual,jpp_released,es-place-up-down,48,"["" bottom"", "" or"", "" opposite"", ""<u"", "" down""]"
multilingual,jpp_released,es-place-up-down,56,"["" below"", "" abajo"", ""below"", "" down"", ""Below""]"
multilingual,logit,pt-place-up-down,8,"[""/"", ""V"", ""-"", ""s"", "" I""]"
multilingual,logit,pt-place-up-down,16,"[""B"", ""I"", ""T"", ""\u4e0a"", ""P""]"
multilingual,logit,pt-place-up-down,24,"[""\u4e4f"", ""\u4ec0\u4e48\u5462"", ""yes"", ""\u4e49\u8bcd"", ""L""]"
multilingual,logit,pt-place-up-down,32,"[""L"", ""-"", ""S"", ""ip"", ""uv""]"
multilingual,logit,pt-place-up-down,40,"[""s"", ""\u76f8\u53cd"", "" opposite"", ""us"", ""U""]"
multilingual,logit,pt-place-up-down,48,"[""om"", ""\u76f8\u53cd"", ""S"", ""\\n"", ""\u52a0\u62ff\u5927""]"
multilingual,logit,pt-place-up-down,56,"[""\u4e0b\u9762"", "" bottom"", "" below"", ""\u5e95\u4e0b"", ""bottom""]"
multilingual,jlens_camila,pt-place-up-down,8,"[""ness"", ""ation"", ""ming"", ""hip"", ""lings""]"
multilingual,jlens_camila,pt-place-up-down,16,"[""ness"", ""s"", "" freaking"", "" weird"", ""m""]"
multilingual,jlens_camila,pt-place-up-down,24,"[""ness"", ""s"", ""\u8fd9\u4e2a\u8bcd"", ""ation"", "" slang""]"
multilingual,jlens_camila,pt-place-up-down,32,"[""ness"", ""s"", "" fucking"", ""\u8fd9\u4e2a\u8bcd"", "" slang""]"
multilingual,jlens_camila,pt-place-up-down,40,"["" opposite"", "" downward"", "" downwards"", ""\u76f8\u53cd"", "" oppos""]"
multilingual,jlens_camila,pt-place-up-down,48,"["" opposite"", ""\u53cd\u4e49\u8bcd"", "" lowercase"", "" oppos"", "" downwards""]"
multilingual,jlens_camila,pt-place-up-down,56,"["" bottom"", "" below"", ""bottom"", ""below"", ""\u4e0b\u9762""]"
multilingual,rlens_camila,pt-place-up-down,8,"["" really"", "" stuff"", "" probably"", "" REALLY"", "" anyway""]"
multilingual,rlens_camila,pt-place-up-down,16,"[""s"", ""m"", ""n"", ""l"", "" really""]"
multilingual,rlens_camila,pt-place-up-down,24,"[""s"", "" people"", ""\u8fd9\u4e2a\u8bcd"", ""m"", ""n""]"
multilingual,rlens_camila,pt-place-up-down,32,"[""s"", ""-"", ""n"", ""\u8fd9\u4e2a\u8bcd"", "" opposite""]"
multilingual,rlens_camila,pt-place-up-down,40,"["" opposite"", "" downward"", ""\u76f8\u53cd"", "" oppos"", ""\u5411\u4e0b""]"
multilingual,rlens_camila,pt-place-up-down,48,"["" opposite"", ""\\n"", "" bottom"", ""\u76f8\u53cd"", ""\u53cd\u4e49\u8bcd""]"
multilingual,rlens_camila,pt-place-up-down,56,"["" below"", "" bottom"", ""bottom"", ""below"", ""\u4e0b\u9762""]"
multilingual,jpp_released,pt-place-up-down,8,"[""\u6cd5\u8bed"", "" colors"", "" bigger"", "" boss"", ""\u91cc\u6602""]"
multilingual,jpp_released,pt-place-up-down,16,"["" Texas"", ""l"", "" Huck"", "" and"", ""s""]"
multilingual,jpp_released,pt-place-up-down,24,"["" Portuguese"", "" -"", "" word"", "" English"", ""s""]"
multilingual,jpp_released,pt-place-up-down,32,"["" Portuguese"", "" Spanish"", "" or"", "" Lisbon"", "" Roman""]"
multilingual,jpp_released,pt-place-up-down,40,"["" bottom"", "" downward"", "" down"", "" below"", "" lower""]"
multilingual,jpp_released,pt-place-up-down,48,"["" bottom"", "" opposite"", "" lower"", "" or"", "" down""]"
multilingual,jpp_released,pt-place-up-down,56,"["" bottom"", "" below"", ""bottom"", "" down"", ""-bottom""]"
multilingual,logit,fr-place-near-far,8,"[""/"", ""V"", "" a"", ""-"", "" as""]"
multilingual,logit,fr-place-near-far,16,"[""us"", ""B"", ""T"", ""I"", "" s""]"
multilingual,logit,fr-place-near-far,24,"[""\u4ec0\u4e48\u5462"", ""\u4e4f"", ""\u4e49\u8bcd"", "" le"", ""\u7684\u786e""]"
multilingual,logit,fr-place-near-far,32,"[""\u4ee5\u4e0b\u51e0\u79cd"", "" *"", "" d"", ""-"", ""\u4ec0\u4e48\u5462""]"
multilingual,logit,fr-place-near-far,40,"[""\u8fdc\u79bb"", "" distance"", ""\u7684\u8ddd\u79bb"", ""\u8ddd\u79bb"", "" distances""]"
multilingual,logit,fr-place-near-far,48,"["" distance"", ""Distance"", ""\u4eba\u6216"", "" distant"", ""\u7684\u8ddd\u79bb""]"
multilingual,logit,fr-place-near-far,56,"["" far"", ""\u8fdc"", ""far"", ""\u9060"", "" distant""]"
multilingual,jlens_camila,fr-place-near-far,8,"[""ness"", ""ation"", ""ity"", ""lings"", ""\u0430\u043c\u0438""]"
multilingual,jlens_camila,fr-place-near-far,16,"[""ness"", ""s"", ""m"", ""ity"", ""t""]"
multilingual,jlens_camila,fr-place-near-far,24,"[""ness"", ""s"", ""ation"", ""\u6cd5\u8bed"", "" french""]"
multilingual,jlens_camila,fr-place-near-far,32,"["" fucking"", ""ness"", ""s"", ""\u8fd9\u4e2a\u8bcd"", "" slang""]"
multilingual,jlens_camila,fr-place-near-far,40,"["" distance"", ""distance"", ""\u7684\u8ddd\u79bb"", "" Distance"", ""\u8ddd\u79bb""]"
multilingual,jlens_camila,fr-place-near-far,48,"["" distance"", ""\u7684\u8ddd\u79bb"", ""Distance"", ""distance"", "" Distance""]"
multilingual,jlens_camila,fr-place-near-far,56,"["" distant"", "" far"", ""\u8fdc"", ""\u8fdc\u79bb"", ""\u8fdc\u5904""]"
multilingual,rlens_camila,fr-place-near-far,8,"[""s"", ""t"", "" really"", ""m"", ""ness""]"
multilingual,rlens_camila,fr-place-near-far,16,"[""s"", ""l"", ""n"", ""t"", ""m""]"
multilingual,rlens_camila,fr-place-near-far,24,"[""s"", "" French"", ""t"", ""m"", "" English""]"
multilingual,rlens_camila,fr-place-near-far,32,"[""s"", ""n"", ""-"", "" fucking"", "" meaning""]"
multilingual,rlens_camila,fr-place-near-far,40,"["" distance"", ""\u7684\u8ddd\u79bb"", ""\u8ddd\u79bb"", "" Distance"", ""Distance""]"
multilingual,rlens_camila,fr-place-near-far,48,"["" distance"", ""\u7684\u8ddd\u79bb"", ""Distance"", ""distance"", "" Distance""]"
multilingual,rlens_camila,fr-place-near-far,56,"["" far"", ""\u8fdc"", "" distant"", ""far"", ""\u8fdc\u79bb""]"
multilingual,jpp_released,fr-place-near-far,8,"[""\u6cd5\u8bed"", "" french"", ""French"", ""\u91cc\u6602"", "" French""]"
multilingual,jpp_released,fr-place-near-far,16,"["" Texas"", ""s"", ""l"", "" and"", "" Al""]"
multilingual,jpp_released,fr-place-near-far,24,"["" French"", ""\u6cd5\u8bed"", "" English"", ""French"", "" french""]"
multilingual,jpp_released,fr-place-near-far,32,"["" French"", "" or"", "" Paris"", "" Spanish"", "" Roman""]"
multilingual,jpp_released,fr-place-near-far,40,"["" distance"", "" Distance"", ""distance"", ""Distance"", ""\u8ddd\u79bb""]"
multilingual,jpp_released,fr-place-near-far,48,"["" distance"", ""\u7684\u8ddd\u79bb"", ""Distance"", "" Distance"", ""distance""]"
multilingual,jpp_released,fr-place-near-far,56,"["" far"", ""far"", "" distant"", ""\u8fdc\u79bb"", ""\u8fdc""]"
multilingual,logit,de-place-near-far,8,"[""/"", ""V"", ""-"", "" to"", "" V""]"
multilingual,logit,de-place-near-far,16,"[""I"", ""s"", ""F"", ""B"", ""P""]"
multilingual,logit,de-place-near-far,24,"[""\u4e49\u8bcd"", ""\u4ec0\u4e48\u5462"", ""\u4e4f"", "" opposite"", ""\u5145\u5b9e""]"
multilingual,logit,de-place-near-far,32,"[""-"", ""\u8bed"", ""\u4e0a"", ""S"", "" *""]"
multilingual,logit,de-place-near-far,40,"[""\u8ddd\u79bb"", "" distance"", ""\u7684\u8ddd\u79bb"", ""\u8fdc\u79bb"", ""s""]"
multilingual,logit,de-place-near-far,48,"["" distance"", ""\u8ddd\u79bb"", ""Distance"", ""S"", ""le""]"
multilingual,logit,de-place-near-far,56,"["" far"", ""\u8fdc"", "" distant"", ""far"", ""\u9060""]"
multilingual,jlens_camila,de-place-near-far,8,"[""ness"", ""ation"", ""iest"", ""lings"", ""ity""]"
multilingual,jlens_camila,de-place-near-far,16,"[""ness"", ""s"", ""m"", ""ity"", ""t""]"
multilingual,jlens_camila,de-place-near-far,24,"[""ness"", ""s"", ""\u8fd9\u4e2a\u8bcd"", ""adays"", "" nowadays""]"
multilingual,jlens_camila,de-place-near-far,32,"[""ness"", "" fucking"", ""\u8fd9\u4e2a\u8bcd"", "" synonyms"", "" slang""]"
multilingual,jlens_camila,de-place-near-far,40,"["" distance"", ""\u8ddd\u79bb"", ""\u7684\u8ddd\u79bb"", "" Distance"", ""distance""]"
multilingual,jlens_camila,de-place-near-far,48,"["" distance"", ""\u7684\u8ddd\u79bb"", ""Distance"", ""distance"", ""\u8ddd\u79bb""]"
multilingual,jlens_camila,de-place-near-far,56,"["" distant"", "" far"", ""\u8fdc"", ""\u8fdc\u79bb"", ""far""]"
multilingual,rlens_camila,de-place-near-far,8,"["" really"", ""t"", ""s"", "" probably"", ""n""]"
multilingual,rlens_camila,de-place-near-far,16,"[""s"", ""t"", ""n"", ""l"", "" really""]"
multilingual,rlens_camila,de-place-near-far,24,"[""s"", ""t"", ""\u8fd9\u4e2a\u8bcd"", "" German"", "" words""]"
multilingual,rlens_camila,de-place-near-far,32,"[""s"", ""\u8fd9\u4e2a\u8bcd"", ""-"", ""t"", "" meaning""]"
multilingual,rlens_camila,de-place-near-far,40,"["" distance"", ""\u7684\u8ddd\u79bb"", ""\u8ddd\u79bb"", "" Distance"", "" distances""]"
multilingual,rlens_camila,de-place-near-far,48,"["" distance"", ""\u7684\u8ddd\u79bb"", ""Distance"", ""\u8ddd\u79bb"", ""distance""]"
multilingual,rlens_camila,de-place-near-far,56,"["" far"", "" distant"", ""\u8fdc"", ""far"", ""\u9060""]"
multilingual,jpp_released,de-place-near-far,8,"[""\u5fb7\u5dde"", "" Ludwig"", "" Wichita"", "" colors"", ""Kansas""]"
multilingual,jpp_released,de-place-near-far,16,"["" Texas"", "" German"", "" Munich"", ""erman"", "" Ludwig""]"
multilingual,jpp_released,de-place-near-far,24,"["" German"", "" word"", "" English"", "" or"", "" words""]"
multilingual,jpp_released,de-place-near-far,32,"["" German"", "" or"", "" Ludwig"", ""\u5fb7\u8bed"", "" -""]"
multilingual,jpp_released,de-place-near-far,40,"["" distance"", "" Distance"", ""distance"", "" distances"", ""Distance""]"
multilingual,jpp_released,de-place-near-far,48,"["" distance"", "" distances"", "" distant"", ""\u7684\u8ddd\u79bb"", "" Distance""]"
multilingual,jpp_released,de-place-near-far,56,"["" far"", "" distant"", ""far"", ""\u8fdc\u7684"", ""\u8fdc""]"
multilingual,logit,pt-place-near-far,8,"[""/"", ""V"", ""-"", ""+"", ""s""]"
multilingual,logit,pt-place-near-far,16,"[""I"", ""B"", ""T"", ""s"", ""us""]"
multilingual,logit,pt-place-near-far,24,"[""\u4ec0\u4e48\u5462"", ""\u4e4f"", ""yes"", ""L"", ""lim""]"
multilingual,logit,pt-place-near-far,32,"[""-"", ""L"", ""ip"", "" opposite"", ""S""]"
multilingual,logit,pt-place-near-far,40,"["" distance"", ""\u7684\u8ddd\u79bb"", ""\u8fdc\u79bb"", ""\u8ddd\u79bb"", "" distances""]"
multilingual,logit,pt-place-near-far,48,"["" distance"", ""Distance"", ""S"", ""\u7684\u8ddd\u79bb"", "" distant""]"
multilingual,logit,pt-place-near-far,56,"["" far"", ""\u8fdc"", ""\u9060"", ""far"", "" distant""]"
multilingual,jlens_camila,pt-place-near-far,8,"[""ness"", ""lings"", ""teen"", ""ation"", ""ming""]"
multilingual,jlens_camila,pt-place-near-far,16,"[""ness"", ""s"", "" freaking"", ""m"", "" REALLY""]"
multilingual,jlens_camila,pt-place-near-far,24,"[""ness"", ""s"", ""\u8fd9\u4e2a\u8bcd"", "" somebody"", "" words""]"
multilingual,jlens_camila,pt-place-near-far,32,"[""ness"", "" fucking"", ""\u8fd9\u4e2a\u8bcd"", ""s"", "" slang""]"
multilingual,jlens_camila,pt-place-near-far,40,"["" distance"", ""\u7684\u8ddd\u79bb"", ""\u8ddd\u79bb"", ""distance"", ""Distance""]"
multilingual,jlens_camila,pt-place-near-far,48,"["" distance"", ""\u7684\u8ddd\u79bb"", ""Distance"", ""distance"", "" distant""]"
multilingual,jlens_camila,pt-place-near-far,56,"["" distant"", "" far"", ""\u8fdc"", ""\u8fdc\u79bb"", ""\u8fdc\u7684""]"
multilingual,rlens_camila,pt-place-near-far,8,"["" really"", "" stuff"", "" probably"", "" anyway"", "" REALLY""]"
multilingual,rlens_camila,pt-place-near-far,16,"[""s"", "" really"", ""l"", ""m"", ""n""]"
multilingual,rlens_camila,pt-place-near-far,24,"[""s"", "" people"", ""t"", ""ness"", ""m""]"
multilingual,rlens_camila,pt-place-near-far,32,"[""s"", ""-"", ""n"", ""l"", "" meaning""]"
multilingual,rlens_camila,pt-place-near-far,40,"["" distance"", ""\u7684\u8ddd\u79bb"", ""\u8ddd\u79bb"", "" distances"", ""Distance""]"
multilingual,rlens_camila,pt-place-near-far,48,"["" distance"", ""\u7684\u8ddd\u79bb"", ""Distance"", "" distant"", ""distance""]"
multilingual,rlens_camila,pt-place-near-far,56,"["" far"", "" distant"", ""\u8fdc"", ""far"", ""\u8fdc\u7684""]"
multilingual,jpp_released,pt-place-near-far,8,"["" bigger"", "" colors"", ""\u7f8e\u5973"", "" ench"", "" boss""]"
multilingual,jpp_released,pt-place-near-far,16,"[""l"", "" Texas"", "" and"", "" Kaz"", ""s""]"
multilingual,jpp_released,pt-place-near-far,24,"["" word"", "" -"", "" words"", "" or"", ""s""]"
multilingual,jpp_released,pt-place-near-far,32,"["" Portuguese"", "" or"", "" Spanish"", "" Lisbon"", "" L""]"
multilingual,jpp_released,pt-place-near-far,40,"["" distance"", "" Distance"", ""distance"", "" distances"", ""\u7684\u8ddd\u79bb""]"
multilingual,jpp_released,pt-place-near-far,48,"["" distance"", "" distant"", ""\u7684\u8ddd\u79bb"", "" distances"", "" Distance""]"
multilingual,jpp_released,pt-place-near-far,56,"["" far"", "" distant"", ""\u8fdc\u7684"", ""far"", ""\u8fdc""]"
multilingual,logit,fr-time-old-young,8,"[""/"", ""V"", ""-"", "" I"", "" -""]"
multilingual,logit,fr-time-old-young,16,"[""B"", ""I"", ""\u4e0a"", ""us"", ""s""]"
multilingual,logit,fr-time-old-young,24,"[""\u4e49\u8bcd"", ""\u4ec0\u4e48\u5462"", ""\u590d"", ""\u5c5e"", "" le""]"
multilingual,logit,fr-time-old-young,32,"[""L"", ""\u4ee5\u4e0b\u51e0\u79cd"", ""-"", "" d"", "" *""]"
multilingual,logit,fr-time-old-young,40,"["" age"", ""s"", ""S"", ""age"", ""H""]"
multilingual,logit,fr-time-old-young,48,"[""\u52a0\u62ff\u5927"", ""age"", "" age"", ""H"", ""\u6bdb\u6cfd\u4e1c""]"
multilingual,logit,fr-time-old-young,56,"["" new"", ""new"", ""\u65b0\u7684"", ""\u65b0"", "" m\u1edbi""]"
multilingual,jlens_camila,fr-time-old-young,8,"[""ness"", ""ation"", ""ity"", ""lings"", ""iest""]"
multilingual,jlens_camila,fr-time-old-young,16,"[""ness"", ""s"", ""m"", ""ity"", ""t""]"
multilingual,jlens_camila,fr-time-old-young,24,"[""ness"", ""s"", "" french"", "" French"", "" fucking""]"
multilingual,jlens_camila,fr-time-old-young,32,"["" fucking"", ""s"", ""ness"", "" slang"", ""\u8fd9\u4e2a\u8bcd""]"
multilingual,jlens_camila,fr-time-old-young,40,"["" age"", "" aging"", ""\u5e74\u9f84"", "" younger"", ""age""]"
multilingual,jlens_camila,fr-time-old-young,48,"["" age"", "" younger"", "" youthful"", ""age"", "" youngest""]"
multilingual,jlens_camila,fr-time-old-young,56,"["" new"", ""new"", "" old"", ""\u65b0\u7684"", ""(new""]"
multilingual,rlens_camila,fr-time-old-young,8,"[""s"", ""t"", "" really"", ""m"", ""n""]"
multilingual,rlens_camila,fr-time-old-young,16,"[""s"", ""l"", ""t"", ""n"", ""m""]"
multilingual,rlens_camila,fr-time-old-young,24,"[""s"", "" French"", ""t"", "" people"", ""m""]"
multilingual,rlens_camila,fr-time-old-young,32,"[""s"", ""-"", "" fucking"", ""n"", ""t""]"
multilingual,rlens_camila,fr-time-old-young,40,"["" age"", "" aging"", ""age"", "" younger"", "" Age""]"
multilingual,rlens_camila,fr-time-old-young,48,"["" age"", ""age"", ""Age"", "" younger"", "" Age""]"
multilingual,rlens_camila,fr-time-old-young,56,"["" new"", ""new"", "" old"", ""\u65b0\u7684"", ""(new""]"
multilingual,jpp_released,fr-time-old-young,8,"[""\u6cd5\u8bed"", "" french"", "" colors"", ""\u5df4\u9ece"", "" French""]"
multilingual,jpp_released,fr-time-old-young,16,"[""s"", "" Texas"", "" Arizona"", ""l"", "" French""]"
multilingual,jpp_released,fr-time-old-young,24,"["" French"", ""\u6cd5\u8bed"", "" french"", ""French"", "" Paris""]"
multilingual,jpp_released,fr-time-old-young,32,"["" French"", "" Paris"", "" or"", "" France"", "" Jean""]"
multilingual,jpp_released,fr-time-old-young,40,"["" age"", "" young"", "" Age"", "" younger"", ""age""]"
multilingual,jpp_released,fr-time-old-young,48,"["" age"", "" young"", "" youth"", ""age"", "" Age""]"
multilingual,jpp_released,fr-time-old-young,56,"["" new"", ""new"", "" old"", ""old"", ""-new""]"
multilingual,logit,fr-order-first-last,8,"[""/"", ""V"", ""-"", "" r"", "" I""]"
multilingual,logit,fr-order-first-last,16,"[""B"", ""us"", ""\u4e0a"", ""s"", "" s""]"
multilingual,logit,fr-order-first-last,24,"[""\u4e49\u8bcd"", ""\u4ec0\u4e48\u5462"", "" l"", ""\u590d"", ""\u4e4f""]"
multilingual,logit,fr-order-first-last,32,"["" *"", ""\u4ee5\u4e0b\u51e0\u79cd"", ""L"", "" d"", ""-""]"
multilingual,logit,fr-order-first-last,40,"[""s"", ""L"", "" something"", ""us"", "" le""]"
multilingual,logit,fr-order-first-last,48,"["" something"", ""L"", ""\u6bdb\u6cfd\u4e1c"", ""le"", ""\u4eba\u6216""]"
multilingual,logit,fr-order-first-last,56,"["" last"", ""\u6700\u540e\u4e00\u4e2a"", ""last"", ""-last"", ""Last""]"
multilingual,jlens_camila,fr-order-first-last,8,"[""ness"", ""ation"", ""ity"", ""lings"", ""m""]"
multilingual,jlens_camila,fr-order-first-last,16,"[""ness"", ""s"", ""m"", ""t"", ""ity""]"
multilingual,jlens_camila,fr-order-first-last,24,"[""ness"", ""s"", "" fucking"", ""ation"", "" french""]"
multilingual,jlens_camila,fr-order-first-last,32,"["" fucking"", ""s"", ""ness"", ""\u8fd9\u4e2a\u8bcd"", "" synonyms""]"
multilingual,jlens_camila,fr-order-first-last,40,"[""\u53cd\u4e49\u8bcd"", ""rank"", "" ordinal"", ""\u8fd9\u4e2a\u8bcd"", "" opposite""]"
multilingual,jlens_camila,fr-order-first-last,48,"[""\u53cd\u4e49\u8bcd"", "" opposite"", ""\u5012\u6570"", ""\u76f8\u53cd\u7684"", "" ordinal""]"
multilingual,jlens_camila,fr-order-first-last,56,"["" last"", ""\u6700\u540e\u4e00\u4e2a"", ""last"", ""-last"", ""\u6700\u540e\u4e00""]"
multilingual,rlens_camila,fr-order-first-last,8,"[""s"", "" really"", ""t"", ""m"", ""n""]"
multilingual,rlens_camila,fr-order-first-last,16,"[""s"", ""l"", ""t"", ""n"", ""m""]"
multilingual,rlens_camila,fr-order-first-last,24,"[""s"", ""t"", "" French"", ""m"", ""n""]"
multilingual,rlens_camila,fr-order-first-last,32,"[""s"", "" fucking"", ""-"", ""n"", ""t""]"
multilingual,rlens_camila,fr-order-first-last,40,"[""s"", "" opposite"", ""\u53cd\u4e49\u8bcd"", "" ordinal"", "" oppos""]"
multilingual,rlens_camila,fr-order-first-last,48,"["" opposite"", ""\u53cd\u4e49\u8bcd"", ""\u5012\u6570"", ""\u76f8\u53cd"", "" ordinal""]"
multilingual,rlens_camila,fr-order-first-last,56,"["" last"", ""last"", ""\u6700\u540e\u4e00\u4e2a"", "" Last"", ""Last""]"
multilingual,jpp_released,fr-order-first-last,8,"[""\u6cd5\u8bed"", "" french"", ""\u91cc\u6602"", "" French"", ""French""]"
multilingual,jpp_released,fr-order-first-last,16,"[""l"", ""s"", "" Al"", "" and"", "" Texas""]"
multilingual,jpp_released,fr-order-first-last,24,"["" French"", "" English"", "" french"", "" word"", ""s""]"
multilingual,jpp_released,fr-order-first-last,32,"["" French"", "" or"", "" Roman"", "" Paris"", "" Spanish""]"
multilingual,jpp_released,fr-order-first-last,40,"["" first"", "" -"", "" second"", "" French"", "" number""]"
multilingual,jpp_released,fr-order-first-last,48,"["" second"", "" last"", "" first"", "" opposite"", "" something""]"
multilingual,jpp_released,fr-order-first-last,56,"["" last"", ""last"", "" Last"", ""-last"", ""Last""]"
multilingual,logit,de-order-first-last,8,"[""/"", ""-"", ""V"", "" V"", ""s""]"
multilingual,logit,de-order-first-last,16,"[""B"", ""I"", ""s"", "" I"", "" B""]"
multilingual,logit,de-order-first-last,24,"[""\u4e49\u8bcd"", ""\u4ec0\u4e48\u5462"", ""\u590d"", ""\u4e4f"", ""\u5145\u5b9e""]"
multilingual,logit,de-order-first-last,32,"[""-"", "" *"", ""s"", "" opposite"", ""un""]"
multilingual,logit,de-order-first-last,40,"[""s"", ""\u6bbf"", "" something"", ""us"", ""\u756a""]"
multilingual,logit,de-order-first-last,48,"["" something"", ""\u4eba\u6216"", ""\u76f8\u53cd"", "" opposite"", ""wan""]"
multilingual,logit,de-order-first-last,56,"["" last"", ""last"", ""\u6700\u540e\u4e00"", "" Last"", ""\u6700\u540e""]"
multilingual,jlens_camila,de-order-first-last,8,"[""ness"", ""iest"", ""ation"", ""ging"", ""ity""]"
multilingual,jlens_camila,de-order-first-last,16,"[""ness"", ""s"", ""m"", ""ity"", ""t""]"
multilingual,jlens_camila,de-order-first-last,24,"[""ness"", ""s"", ""\u8fd9\u4e2a\u8bcd"", ""lings"", "" somebody""]"
multilingual,jlens_camila,de-order-first-last,32,"[""\u8fd9\u4e2a\u8bcd"", ""ness"", ""s"", "" fucking"", "" synonyms""]"
multilingual,jlens_camila,de-order-first-last,40,"[""\u53cd\u4e49\u8bcd"", "" opposite"", "" backwards"", "" ordinal"", ""\u8fd9\u4e2a\u8bcd""]"
multilingual,jlens_camila,de-order-first-last,48,"["" opposite"", ""\u5012\u6570"", ""\u53cd\u4e49\u8bcd"", "" ordinal"", ""\u76f8\u53cd\u7684""]"
multilingual,jlens_camila,de-order-first-last,56,"["" last"", ""last"", ""\u6700\u540e\u4e00"", "" Last"", ""-last""]"
multilingual,rlens_camila,de-order-first-last,8,"["" really"", ""s"", ""t"", ""n"", ""m""]"
multilingual,rlens_camila,de-order-first-last,16,"[""s"", "" really"", ""t"", ""l"", ""n""]"
multilingual,rlens_camila,de-order-first-last,24,"[""s"", ""\u8fd9\u4e2a\u8bcd"", ""t"", "" words"", "" word""]"
multilingual,rlens_camila,de-order-first-last,32,"[""s"", ""\u8fd9\u4e2a\u8bcd"", "" meaning"", ""-"", ""t""]"
multilingual,rlens_camila,de-order-first-last,40,"["" opposite"", ""s"", "" backwards"", "" first"", ""-""]"
multilingual,rlens_camila,de-order-first-last,48,"["" opposite"", ""\u5012\u6570"", "" last"", ""\u76f8\u53cd"", "" something""]"
multilingual,rlens_camila,de-order-first-last,56,"["" last"", ""last"", "" Last"", ""\u6700\u540e\u4e00"", ""Last""]"
multilingual,jpp_released,de-order-first-last,8,"["" Ludwig"", "" colors"", "" Wichita"", ""\u5fb7\u5dde"", "" bigger""]"
multilingual,jpp_released,de-order-first-last,16,"["" Texas"", "" Munich"", "" and"", "" German"", ""s""]"
multilingual,jpp_released,de-order-first-last,24,"["" word"", "" words"", "" English"", ""s"", "" or""]"
multilingual,jpp_released,de-order-first-last,32,"["" German"", "" or"", "" -"", "" Ludwig"", "" Germans""]"
multilingual,jpp_released,de-order-first-last,40,"["" first"", "" -"", "" second"", "" last"", "" First""]"
multilingual,jpp_released,de-order-first-last,48,"["" second"", "" last"", "" first"", "" or"", "" opposite""]"
multilingual,jpp_released,de-order-first-last,56,"["" last"", ""last"", "" Last"", ""Last"", ""-last""]"
multilingual,logit,pt-order-first-last,8,"[""/"", ""V"", ""-"", "" I"", ""I""]"
multilingual,logit,pt-order-first-last,16,"[""\u4e0a"", ""B"", ""I"", ""T"", ""us""]"
multilingual,logit,pt-order-first-last,24,"[""\u4ec0\u4e48\u5462"", ""\u4e4f"", ""lim"", "" *"", ""\u4e49\u8bcd""]"
multilingual,logit,pt-order-first-last,32,"[""-"", ""\u4ec0\u4e48\u5462"", ""S"", ""ip"", ""**""]"
multilingual,logit,pt-order-first-last,40,"[""\u6bbf"", ""s"", ""us"", ""L"", "" something""]"
multilingual,logit,pt-order-first-last,48,"["" something"", ""\u4eba\u6216"", ""le"", ""ch"", ""L""]"
multilingual,logit,pt-order-first-last,56,"["" last"", ""last"", ""\u6700\u540e"", ""\u6700\u540e\u4e00\u4e2a"", ""-last""]"
multilingual,jlens_camila,pt-order-first-last,8,"[""ness"", ""ation"", ""teen"", ""lings"", ""ming""]"
multilingual,jlens_camila,pt-order-first-last,16,"[""ness"", ""s"", "" freaking"", ""m"", "" REALLY""]"
multilingual,jlens_camila,pt-order-first-last,24,"[""ness"", ""s"", ""\u8fd9\u4e2a\u8bcd"", "" words"", "" somebody""]"
multilingual,jlens_camila,pt-order-first-last,32,"[""ness"", ""s"", ""\u8fd9\u4e2a\u8bcd"", "" meaning"", "" words""]"
multilingual,jlens_camila,pt-order-first-last,40,"[""\u6392\u5728"", ""\u5012\u6570"", ""rank"", "" ordinal"", "" backwards""]"
multilingual,jlens_camila,pt-order-first-last,48,"[""\u5012\u6570"", "" opposite"", ""-last"", ""\u672b\u5c3e"", "" last""]"
multilingual,jlens_camila,pt-order-first-last,56,"["" last"", ""\u6700\u540e"", ""last"", ""\u6700\u540e\u4e00\u4e2a"", ""-last""]"
multilingual,rlens_camila,pt-order-first-last,8,"["" really"", "" stuff"", "" probably"", "" REALLY"", "" anyway""]"
multilingual,rlens_camila,pt-order-first-last,16,"[""s"", "" really"", ""l"", ""m"", ""n""]"
multilingual,rlens_camila,pt-order-first-last,24,"[""s"", ""\u8fd9\u4e2a\u8bcd"", "" words"", "" people"", ""m""]"
multilingual,rlens_camila,pt-order-first-last,32,"[""s"", ""-"", ""n"", "" meaning"", "" or""]"
multilingual,rlens_camila,pt-order-first-last,40,"[""\u5012\u6570"", "" backwards"", "" opposite"", "" second"", "" backward""]"
multilingual,rlens_camila,pt-order-first-last,48,"[""\u5012\u6570"", "" opposite"", "" last"", "" or"", "" final""]"
multilingual,rlens_camila,pt-order-first-last,56,"["" last"", ""last"", ""\u6700\u540e"", "" Last"", ""\u6700\u540e\u4e00\u4e2a""]"
multilingual,jpp_released,pt-order-first-last,8,"[""\u6cd5\u8bed"", "" bigger"", ""\u91cc\u6602"", "" French"", "" colors""]"
multilingual,jpp_released,pt-order-first-last,16,"["" and"", "" Texas"", ""l"", "" Al"", "" Arizona""]"
multilingual,jpp_released,pt-order-first-last,24,"["" word"", "" words"", "" opposite"", "" or"", ""s""]"
multilingual,jpp_released,pt-order-first-last,32,"["" Portuguese"", "" or"", "" Spanish"", "" Roman"", "" Lisbon""]"
multilingual,jpp_released,pt-order-first-last,40,"["" first"", "" second"", "" -"", "" order"", "" last""]"
multilingual,jpp_released,pt-order-first-last,48,"["" last"", "" second"", "" or"", "" first"", "" final""]"
multilingual,jpp_released,pt-order-first-last,56,"["" last"", ""last"", "" Last"", ""-last"", ""Last""]"
multilingual,logit,frn-number-after-one,8,"[""/"", "" as"", ""-"", "" -"", "" T""]"
multilingual,logit,frn-number-after-one,16,"[""s"", ""/"", ""T"", ""S"", ""J""]"
multilingual,logit,frn-number-after-one,24,"[""us"", "" t"", "" numbers"", ""b"", ""\u4e0b\u4e00\u4e2a""]"
multilingual,logit,frn-number-after-one,32,"["" N"", ""unge"", ""un"", "" M"", ""b""]"
multilingual,logit,frn-number-after-one,40,"[""\u4e0b\u4e00\u4e2a"", ""M"", "" next"", "" number"", ""\u627f""]"
multilingual,logit,frn-number-after-one,48,"["" b"", ""y"", ""\u5e8f"", "" numbers"", ""\u5934\u7b49""]"
multilingual,logit,frn-number-after-one,56,"[""\u4e8c"", ""\u4e8c\u7684"", ""2"", ""two"", "" two""]"
multilingual,jlens_camila,frn-number-after-one,8,"[""ness"", ""ation"", ""eness"", ""ization"", ""iest""]"
multilingual,jlens_camila,frn-number-after-one,16,"[""ness"", "" kinda"", "" freaking"", "" alot"", "" yeah""]"
multilingual,jlens_camila,frn-number-after-one,24,"[""ness"", "" fucking"", "" freaking"", "" french"", "" thing""]"
multilingual,jlens_camila,frn-number-after-one,32,"["" fucking"", "" French"", ""ness"", "" french"", "" maths""]"
multilingual,jlens_camila,frn-number-after-one,40,"[""number"", "" numbers"", ""\u6cd5\u8bed"", "" numeral"", ""numbers""]"
multilingual,jlens_camila,frn-number-after-one,48,"["" number"", "" numbers"", ""number"", "" Number"", ""Number""]"
multilingual,jlens_camila,frn-number-after-one,56,"[""two"", "" two"", ""\u4e8c\u7684"", "" Two"", ""Two""]"
multilingual,rlens_camila,frn-number-after-one,8,"["" really"", "" basically"", "" actually"", "" obviously"", ""s""]"
multilingual,rlens_camila,frn-number-after-one,16,"["" really"", "" basically"", ""s"", "" maybe"", "" actually""]"
multilingual,rlens_camila,frn-number-after-one,24,"["" French"", "" numbers"", "" number"", "" fucking"", ""number""]"
multilingual,rlens_camila,frn-number-after-one,32,"["" French"", "" numbers"", "" fucking"", "" number"", ""number""]"
multilingual,rlens_camila,frn-number-after-one,40,"[""number"", "" number"", "" numbers"", "" Number"", ""Number""]"
multilingual,rlens_camila,frn-number-after-one,48,"["" number"", "" numbers"", ""number"", "" Number"", ""Number""]"
multilingual,rlens_camila,frn-number-after-one,56,"["" two"", ""two"", ""one"", ""\u4e8c\u7684"", "" Two""]"
multilingual,jpp_released,frn-number-after-one,8,"["" French"", "" french"", ""French"", ""\u6cd5\u8bed"", ""\u6cd5\u56fd""]"
multilingual,jpp_released,frn-number-after-one,16,"["" Texas"", "" Alain"", "" Francois"", "" Jean"", "" Big""]"
multilingual,jpp_released,frn-number-after-one,24,"["" French"", "" numbers"", "" number"", ""\u6cd5\u8bed"", "" epsilon""]"
multilingual,jpp_released,frn-number-after-one,32,"["" French"", "" epsilon"", ""epsilon"", ""\u6cd5\u56fd"", ""French""]"
multilingual,jpp_released,frn-number-after-one,40,"["" number"", "" French"", ""number"", "" numbers"", "" epsilon""]"
multilingual,jpp_released,frn-number-after-one,48,"["" number"", "" Number"", "" numbers"", ""number"", "" Numbers""]"
multilingual,jpp_released,frn-number-after-one,56,"[""one"", "" one"", "" second"", "" number"", "" two""]"
typo,logit,typo-language,8,"[""\u8bed\u8a00"", "" language"", ""language"", ""Language"", "" languages""]"
typo,logit,typo-language,16,"[""\u7f6e"", ""ellow"", ""\u54e5"", ""\u81f3\u5c11"", ""asing""]"
typo,logit,typo-language,24,"["" lingu"", ""\u8fd9\u95e8"", ""quisition"", ""\u638c\u63e1"", ""\u6587\u8a00\u6587""]"
typo,logit,typo-language,32,"[""ula"", "" l"", ""lm"", ""l"", ""\u5c0f\u7f16""]"
typo,logit,typo-language,40,"[""\u54e5"", "" mand"", ""L"", ""(s"", ""\u8fd9\u95e8""]"
typo,logit,typo-language,48,"[""\u8fd9\u53e5\u8bdd"", ""\u043a\u0430\u043b\u0430"", ""\u5140"", ""\u9009\u9879\u4e2d"", "" either""]"
typo,logit,typo-language,56,"["" besides"", ""\u9664\u4e86"", "" Besides"", ""\u8fd9\u53e5\u8bdd"", ""\u9009\u62e9""]"
typo,jlens_camila,typo-language,8,"["" seperate"", ""\u0629"", ""es"", ""en"", "" alot""]"
typo,jlens_camila,typo-language,16,"["" alot"", "" seperate"", "" seper"", "" recieved"", "" isnt""]"
typo,jlens_camila,typo-language,24,"["" seperate"", "" alot"", ""i"", ""e"", "" seper""]"
typo,jlens_camila,typo-language,32,"[""e"", ""i"", ""g"", "" languages"", "" language""]"
typo,jlens_camila,typo-language,40,"["" languages"", "" language"", "" Language"", "" Languages"", ""Language""]"
typo,jlens_camila,typo-language,48,"["" languages"", "" Languages"", "" language"", "" Language"", ""language""]"
typo,jlens_camila,typo-language,56,"["" besides"", ""\u9664\u4e86"", "" Besides"", ""\u8fd9\u53e5\u8bdd"", "" grammar""]"
typo,rlens_camila,typo-language,8,"["" seperate"", ""e"", "" language"", "" and"", "" in""]"
typo,rlens_camila,typo-language,16,"["" seperate"", "" alot"", ""e"", "" seper"", "" isnt""]"
typo,rlens_camila,typo-language,24,"[""e"", "" language"", ""i"", "" alot"", "" seperate""]"
typo,rlens_camila,typo-language,32,"[""e"", ""i"", "" language"", "" languages"", ""l""]"
typo,rlens_camila,typo-language,40,"["" language"", "" languages"", "" Language"", "" Languages"", ""Language""]"
typo,rlens_camila,typo-language,48,"["" languages"", "" language"", "" Languages"", "" foreign"", "" Language""]"
typo,rlens_camila,typo-language,56,"["" besides"", ""\u9664\u4e86"", ""\u8fd9\u53e5\u8bdd"", "" choose"", "" grammar""]"
typo,jpp_released,typo-language,8,"["" language"", "" languages"", "" bilingual"", "" lingu"", ""language""]"
typo,jpp_released,typo-language,16,"["" Language"", "" Languages"", "" Lingu"", "" lingu"", ""Language""]"
typo,jpp_released,typo-language,24,"["" language"", "" languages"", "" lingu"", "" bilingual"", "" foreign""]"
typo,jpp_released,typo-language,32,"["" Language"", "" French"", "" languages"", "" language"", "" Spanish""]"
typo,jpp_released,typo-language,40,"["" language"", "" languages"", "" English"", "" students"", "" Language""]"
typo,jpp_released,typo-language,48,"["" French"", "" language"", "" foreign"", "" English"", "" languages""]"
typo,jpp_released,typo-language,56,"[""\u6cd5\u8bed"", ""\u5fb7\u8bed"", "" french"", "" english"", "" besides""]"
typo,logit,typo-government,8,"[""-"", "" P"", ""/"", ""f"", "" p""]"
typo,logit,typo-government,16,"[""-"", "" **"", "" -"", ""\u4e4b"", ""al""]"
typo,logit,typo-government,24,"[""ich"", ""-"", ""ugu"", "" -"", "" **""]"
typo,logit,typo-government,32,"["" **"", ""\u0441\u0442"", "" D"", ""l"", "" W""]"
typo,logit,typo-government,40,"[""\u0441\u0442"", ""\u548c\u793e\u4f1a"", "" government"", "" policy"", ""ugu""]"
typo,logit,typo-government,48,"[""\u65e8\u5728"", ""\u548c\u793e\u4f1a"", ""f"", "" officials"", ""\u653f\u5e9c""]"
typo,logit,typo-government,56,"["" officials"", ""\u4f5c\u4e3a"", "" after"", ""\u65e8\u5728"", ""\u8fd9\u53e5\u8bdd""]"
typo,jlens_camila,typo-government,8,"[""\u505a\u4e3a"", ""enght"", "" wich"", ""\u00b4s"", ""iam""]"
typo,jlens_camila,typo-government,16,"["" wich"", "" alot"", ""\u00b4s"", ""\u505a\u4e3a"", "" occured""]"
typo,jlens_camila,typo-government,24,"["" seperate"", "" alot"", "" wich"", ""\u505a\u4e3a"", "" isnt""]"
typo,jlens_camila,typo-government,32,"["" government"", ""government"", "" alot"", "" isnt"", "" gover""]"
typo,jlens_camila,typo-government,40,"["" government"", ""government"", "" Government"", ""\u653f\u5e9c"", ""Government""]"
typo,jlens_camila,typo-government,48,"["" government"", ""government"", "" Government"", ""\u653f\u5e9c"", "" federal""]"
typo,jlens_camila,typo-government,56,"["" officials"", "" government"", "" announced"", "" after"", "" Officials""]"
typo,rlens_camila,typo-government,8,"[""\u00b4s"", "" and"", ""t"", ""enght"", ""l""]"
typo,rlens_camila,typo-government,16,"[""t"", "" -"", ""l"", ""e"", ""g""]"
typo,rlens_camila,typo-government,24,"["" -"", "" government"", "" and"", "" of"", ""l""]"
typo,rlens_camila,typo-government,32,"["" government"", ""l"", "" -"", ""t"", ""g""]"
typo,rlens_camila,typo-government,40,"["" government"", "" Government"", ""government"", "" federal"", ""\u653f\u5e9c""]"
typo,rlens_camila,typo-government,48,"["" government"", "" officials"", "" Government"", "" federal"", ""government""]"
typo,rlens_camila,typo-government,56,"["" officials"", "" which"", "" after"", "" government"", "" announced""]"
typo,jpp_released,typo-government,8,"["" federal"", "" government"", "" defence"", "" governments"", ""government""]"
typo,jpp_released,typo-government,16,"["" Federal"", "" Government"", "" federal"", "" G"", "" government""]"
typo,jpp_released,typo-government,24,"["" government"", "" federal"", "" national"", "" political"", "" policy""]"
typo,jpp_released,typo-government,32,"["" government"", "" Government"", "" Federal"", "" federal"", "" in""]"
typo,jpp_released,typo-government,40,"["" government"", "" federal"", "" Government"", "" national"", "" gov""]"
typo,jpp_released,typo-government,48,"["" government"", "" Government"", "" federal"", "" national"", "" Federal""]"
typo,jpp_released,typo-government,56,"["" after"", "" which"", "" of"", "" in"", "" federal""]"
typo,logit,typo-address,8,"[""-"", ""/"", ""g"", "" i"", "" -""]"
typo,logit,typo-address,16,"[""-"", "" -"", "" e"", "" P"", ""e""]"
typo,logit,typo-address,24,"["" address"", "" e"", ""\u8bda"", ""hy"", "" -""]"
typo,logit,typo-address,32,"[""or"", ""\u582a"", ""\u5443"", ""EU"", ""chrift""]"
typo,logit,typo-address,40,"["" address"", ""address"", ""\u5730\u5740"", "" adress"", "" Address""]"
typo,logit,typo-address,48,"[""r"", ""L"", ""\u90fd"", ""d"", ""(s""]"
typo,logit,typo-address,56,"["" address"", "" below"", "" adress"", ""es"", ""(address""]"
typo,jlens_camila,typo-address,8,"[""ly"", "" adress"", ""er"", "" wich"", ""theless""]"
typo,jlens_camila,typo-address,16,"["" wich"", "" adress"", ""ly"", "" splitted"", ""\u0131""]"
typo,jlens_camila,typo-address,24,"["" wich"", "" equipments"", "" adress"", "" informations"", ""ly""]"
typo,jlens_camila,typo-address,32,"["" adress"", "" wich"", ""\u0131"", ""e"", "" dont""]"
typo,jlens_camila,typo-address,40,"["" adress"", "" address"", ""\u4f4f\u5740"", ""\u5730\u5740"", "" Address""]"
typo,jlens_camila,typo-address,48,"["" adress"", "" address"", "" location"", ""\u4f4f\u6240"", "" residence""]"
typo,jlens_camila,typo-address,56,"["" address"", "" adress"", "" Address"", ""address"", "" below""]"
typo,rlens_camila,typo-address,8,"["" adress"", "" wich"", ""l"", "" ressources"", ""g""]"
typo,rlens_camila,typo-address,16,"["" adress"", "" wich"", ""\u00b4s"", ""\u00b4t"", ""l""]"
typo,rlens_camila,typo-address,24,"["" adress"", "" wich"", ""l"", ""d"", ""r""]"
typo,rlens_camila,typo-address,32,"["" adress"", "" location"", "" address"", ""l"", "" wich""]"
typo,rlens_camila,typo-address,40,"["" address"", "" adress"", "" Address"", ""\u5730\u5740"", ""address""]"
typo,rlens_camila,typo-address,48,"["" address"", "" adress"", "" location"", "" Address"", ""r""]"
typo,rlens_camila,typo-address,56,"["" address"", "" adress"", "" Address"", "" addresses"", "" below""]"
typo,jpp_released,typo-address,8,"["" adress"", "" addresses"", "" address"", "" travelling"", "" neighbourhood""]"
typo,jpp_released,typo-address,16,"[""adress"", "" adress"", "" Dres"", "" Amsterdam"", "" Andre""]"
typo,jpp_released,typo-address,24,"["" address"", "" of"", "" residence"", "" home"", "" addresses""]"
typo,jpp_released,typo-address,32,"["" residence"", "" home"", "" city"", "" Postal"", "" City""]"
typo,jpp_released,typo-address,40,"["" address"", ""address"", "" Address"", ""\u5730\u5740"", "" addresses""]"
typo,jpp_released,typo-address,48,"["" address"", "" location"", "" city"", "" residence"", "" Address""]"
typo,jpp_released,typo-address,56,"["" Address"", "" adress"", "" in"", "" address"", "" postal""]"
typo,logit,typo-because,8,"[""/"", ""able"", "" R"", ""s"", ""-""]"
typo,logit,typo-because,16,"[""/"", ""\u65e9"", ""\u4e00"", ""A"", "" because""]"
typo,logit,typo-because,24,"[""/"", ""-"", ""e"", ""I"", ""\u7684\u539f\u56e0""]"
typo,logit,typo-because,32,"[""/"", ""e"", ""i"", ""A"", ""-""]"
typo,logit,typo-because,40,"[""\u7406\u7531"", ""\u7684\u7406\u7531"", "" reasons"", "" excuse"", ""\u7684\u539f\u56e0""]"
typo,logit,typo-because,48,"["" they"", ""\u501f\u53e3"", ""\u539f\u56e0"", ""\u539f\u56e0\u662f"", ""\u7406\u7531""]"
typo,logit,typo-because,56,"["" traffic"", ""\u4ea4\u901a"", ""Traffic"", ""traffic"", "" Traffic""]"
typo,jlens_camila,typo-because,8,"[""es"", ""e"", ""y"", ""en"", ""\u062a""]"
typo,jlens_camila,typo-because,16,"["" alot"", "" because"", ""y"", ""because"", ""e""]"
typo,jlens_camila,typo-because,24,"["" because"", ""because"", "" alot"", "" someone"", ""\u662f\u56e0\u4e3a""]"
typo,jlens_camila,typo-because,32,"[""e"", "" they"", "" someone"", "" because"", "" why""]"
typo,jlens_camila,typo-because,40,"["" reasons"", ""\u7406\u7531"", "" excuse"", ""\u539f\u56e0"", ""\u7684\u7406\u7531""]"
typo,jlens_camila,typo-because,48,"[""\u539f\u56e0"", "" reasons"", "" excuse"", ""\u7684\u539f\u56e0"", "" they""]"
typo,jlens_camila,typo-because,56,"["" traffic"", ""\u4ea4\u901a"", "" Traffic"", ""traffic"", ""Traffic""]"
typo,rlens_camila,typo-because,8,"["" because"", ""e"", "" of"", "" it"", "" the""]"
typo,rlens_camila,typo-because,16,"["" because"", "" really"", "" actually"", "" there"", "" people""]"
typo,rlens_camila,typo-because,24,"["" because"", "" someone"", "" it"", "" there"", "" why""]"
typo,rlens_camila,typo-because,32,"["" they"", "" he"", "" someone"", "" because"", ""e""]"
typo,rlens_camila,typo-because,40,"["" excuse"", "" reasons"", ""\u7684\u7406\u7531"", ""\u7406\u7531"", ""\u7684\u539f\u56e0""]"
typo,rlens_camila,typo-because,48,"["" they"", "" excuse"", "" reasons"", ""\u7684\u7406\u7531"", ""\u7684\u539f\u56e0""]"
typo,rlens_camila,typo-because,56,"["" traffic"", ""\u4ea4\u901a"", "" Traffic"", ""traffic"", "" his""]"
typo,jpp_released,typo-because,8,"["" of"", "" because"", "" whilst"", "" the"", "" and""]"
typo,jpp_released,typo-because,16,"["" Bryce"", "" Burke"", "" Bacon"", "" Babe"", "" Bernie""]"
typo,jpp_released,typo-because,24,"["" because"", "" of"", "" the"", "" it"", "" there""]"
typo,jpp_released,typo-because,32,"["" of"", "" the"", "" was"", "" he"", "" Texas""]"
typo,jpp_released,typo-because,40,"["" reasons"", "" the"", "" reason"", "" of"", "" cause""]"
typo,jpp_released,typo-because,48,"["" reasons"", "" reason"", "" weather"", "" of"", "" traffic""]"
typo,jpp_released,typo-because,56,"["" traffic"", "" Traffic"", ""traffic"", ""\u7684\u4ea4\u901a"", ""\u4ea4\u901a""]"
typo,logit,typo-until,8,"["" until"", ""-"", ""t"", ""/"", ""g""]"
typo,logit,typo-until,16,"["" until"", ""\u76f4\u5230"", ""until"", "" D"", ""\u5176""]"
typo,logit,typo-until,24,"["" until"", ""\u4e3a\u6b62"", "" till"", ""\u76f4\u5230"", ""until""]"
typo,logit,typo-until,32,"["" until"", ""\u4e4e"", ""/"", ""2"", ""-""]"
typo,logit,typo-until,40,"["" until"", ""until"", ""\u76f4\u81f3"", "" Until"", ""\u76f4\u5230""]"
typo,logit,typo-until,48,"[""ame"", "" until"", ""/"", ""\u6556"", ""\u76f4\u5230""]"
typo,logit,typo-until,56,"["" midnight"", "" closing"", "" further"", ""closing"", "" Closing""]"
typo,jlens_camila,typo-until,8,"["" atleast"", "" alot"", "" seperate"", "" recieved"", "" till""]"
typo,jlens_camila,typo-until,16,"["" alot"", "" atleast"", "" everytime"", "" wich"", "" lenght""]"
typo,jlens_camila,typo-until,24,"["" alot"", "" till"", "" atleast"", "" gonna"", "" lenght""]"
typo,jlens_camila,typo-until,32,"["" till"", "" alot"", "" atleast"", "" gonna"", "" equipments""]"
typo,jlens_camila,typo-until,40,"["" till"", "" midnight"", "" until"", "" night"", ""until""]"
typo,jlens_camila,typo-until,48,"["" until"", "" midnight"", ""until"", "" till"", "" night""]"
typo,jlens_camila,typo-until,56,"["" midnight"", "" closing"", "" closure"", "" Closing"", ""closing""]"
typo,rlens_camila,typo-until,8,"["" atleast"", "" seperate"", "" alot"", "" seper"", ""\u505a\u4e3a""]"
typo,rlens_camila,typo-until,16,"["" alot"", "" atleast"", ""\u505a\u4e3a"", "" lenght"", "" seperate""]"
typo,rlens_camila,typo-until,24,"["" till"", "" alot"", "" atleast"", "" until"", ""enght""]"
typo,rlens_camila,typo-until,32,"["" till"", "" until"", ""t"", ""l"", "" alot""]"
typo,rlens_camila,typo-until,40,"["" until"", "" till"", "" midnight"", "" Until"", ""until""]"
typo,rlens_camila,typo-until,48,"["" until"", "" night"", "" midnight"", "" till"", "" Until""]"
typo,rlens_camila,typo-until,56,"["" midnight"", "" closing"", "" closure"", "" further"", "" closed""]"
typo,jpp_released,typo-until,8,"["" whilst"", "" amongst"", "" seperate"", ""Whilst"", ""colour""]"
typo,jpp_released,typo-until,16,"["" Till"", "" Troll"", "" Atlant"", "" Phill"", "" Stall""]"
typo,jpp_released,typo-until,24,"["" night"", "" the"", "" evening"", "" hours"", "" midnight""]"
typo,jpp_released,typo-until,32,"["" night"", "" the"", "" Night"", "" Till"", "" until""]"
typo,jpp_released,typo-until,40,"["" night"", "" midnight"", "" the"", "" until"", "" evening""]"
typo,jpp_released,typo-until,48,"["" night"", "" midnight"", "" evening"", "" last"", "" Night""]"
typo,jpp_released,typo-until,56,"["" midnight"", "" closing"", "" noon"", "" closed"", "" closure""]"
typo,logit,typo-something,8,"[""/"", ""-"", ""c"", ""f"", "" something""]"
typo,logit,typo-something,16,"[""-"", ""h"", "" something"", ""ht"", ""e""]"
typo,logit,typo-something,24,"[""\u9057\u5fd8"", "" forgotten"", ""Forgot"", ""l"", ""/""]"
typo,logit,typo-something,32,"[""/"", ""il"", ""or"", ""un"", ""u""]"
typo,logit,typo-something,40,"[""t"", ""c"", ""l"", ""\u91cd\u8981"", ""/e""]"
typo,logit,typo-something,48,"[""\u8fd9\u53e5\u8bdd"", ""\u53ef"", ""\u8bed"", ""l"", ""\u53eb""]"
typo,logit,typo-something,56,"["" else"", ""\u91cd\u8981"", "" Else"", ""_else"", ""\u91cd\u8981\u7684""]"
typo,jlens_camila,typo-something,8,"["" alot"", "" thats"", "" seperate"", "" whats"", "" isnt""]"
typo,jlens_camila,typo-something,16,"["" alot"", "" thats"", "" atleast"", "" seperate"", "" occured""]"
typo,jlens_camila,typo-something,24,"["" alot"", "" thats"", "" occured"", ""Lets"", "" whats""]"
typo,jlens_camila,typo-something,32,"["" alot"", ""e"", ""t"", "" thats"", "" isnt""]"
typo,jlens_camila,typo-something,40,"[""thing"", ""t"", ""e"", "" forgotten"", "" forgot""]"
typo,jlens_camila,typo-something,48,"[""e"", ""t"", ""\u8fd9\u53e5\u8bdd"", ""g"", "" forgotten""]"
typo,jlens_camila,typo-something,56,"["" else"", ""\u8fd9\u53e5\u8bdd"", ""\u91cd\u8981"", "" important"", ""else""]"
typo,rlens_camila,typo-something,8,"["" alot"", "" thats"", "" seperate"", "" whats"", "" isnt""]"
typo,rlens_camila,typo-something,16,"["" alot"", "" thats"", "" atleast"", ""t"", "" occured""]"
typo,rlens_camila,typo-something,24,"["" alot"", "" thats"", ""t"", "" thing"", "" occured""]"
typo,rlens_camila,typo-something,32,"[""t"", "" alot"", ""e"", ""g"", ""y""]"
typo,rlens_camila,typo-something,40,"[""t"", ""g"", ""e"", ""thing"", ""c""]"
typo,rlens_camila,typo-something,48,"[""t"", ""e"", ""g"", ""l"", ""\u8fd9\u53e5\u8bdd""]"
typo,rlens_camila,typo-something,56,"["" else"", ""\u8fd9\u53e5\u8bdd"", ""\u91cd\u8981"", "" important"", ""else""]"
typo,jpp_released,typo-something,8,"["" forgotten"", "" things"", "" something"", "" diment"", "" amongst""]"
typo,jpp_released,typo-something,16,"["" Something"", "" Thing"", "" Arag"", "" Luck"", "" SG""]"
typo,jpp_released,typo-something,24,"["" things"", "" something"", "" forgotten"", "" thing"", "" old""]"
typo,jpp_released,typo-something,32,"["" forgotten"", "" Something"", "" Forgotten"", "" Thing"", "" forgot""]"
typo,jpp_released,typo-something,40,"["" something"", "" thing"", "" things"", ""t"", "" forgotten""]"
typo,jpp_released,typo-something,48,"["" something"", "" forgotten"", "" thing"", "" missing"", "" of""]"
typo,jpp_released,typo-something,56,"["" else"", "" important"", "" english"", ""else"", "" to""]"
typo,logit,typo-business,8,"[""-"", ""D"", "" business"", ""s"", ""es""]"
typo,logit,typo-business,16,"[""D"", ""r"", ""s"", ""g"", ""-""]"
typo,logit,typo-business,24,"[""\u72ec\u7acb"", "" business"", "" independent"", ""\u72ec\u7acb\u7684"", "" independently""]"
typo,logit,typo-business,32,"[""\u4ee5"", ""\u5728"", "" -"", ""\u81ea\u5df1"", ""or""]"
typo,logit,typo-business,40,"[""\u6210\u529f\u7684"", "" business"", ""\u5728"", ""es"", ""\u81ea\u5df1""]"
typo,logit,typo-business,48,"[""\u6210\u529f\u7684"", ""\u81ea\u5df1"", ""\u5f00"", ""\u5728"", ""\u72ec\u7acb""]"
typo,logit,typo-business,56,"[""\u8fd9\u53e5\u8bdd"", ""\u53e5\u5b50"", "" sentence"", ""\u53e5\u4e2d"", ""\u7684\u53e5\u5b50""]"
typo,jlens_camila,typo-business,8,"[""s"", ""es"", ""i"", ""ing"", ""y""]"
typo,jlens_camila,typo-business,16,"[""s"", ""es"", "" alot"", ""i"", ""ing""]"
typo,jlens_camila,typo-business,24,"[""s"", ""es"", ""i"", "" alot"", "" business""]"
typo,jlens_camila,typo-business,32,"["" business"", ""s"", "" entrepreneur"", "" businesses"", ""es""]"
typo,jlens_camila,typo-business,40,"["" business"", "" entrepreneur"", ""business"", "" businesses"", "" entrepreneurship""]"
typo,jlens_camila,typo-business,48,"["" business"", "" entrepreneurship"", ""business"", ""/business"", "" entrepreneur""]"
typo,jlens_camila,typo-business,56,"["" selling"", ""\u53e5\u5b50"", ""\u8fd9\u53e5\u8bdd"", "" business"", "" sentence""]"
typo,rlens_camila,typo-business,8,"[""s"", ""es"", ""i"", ""y"", ""ing""]"
typo,rlens_camila,typo-business,16,"[""s"", "" alot"", ""es"", ""i"", ""a""]"
typo,rlens_camila,typo-business,24,"["" business"", ""s"", "" businesses"", ""business"", ""i""]"
typo,rlens_camila,typo-business,32,"["" business"", "" entrepreneur"", "" businesses"", ""business"", "" entrepreneurs""]"
typo,rlens_camila,typo-business,40,"["" business"", "" entrepreneur"", ""business"", "" businesses"", "" Business""]"
typo,rlens_camila,typo-business,48,"["" business"", "" entrepreneurship"", "" businesses"", ""/business"", ""business""]"
typo,rlens_camila,typo-business,56,"[""\u53e5\u5b50"", "" business"", "" selling"", ""\u8fd9\u53e5\u8bdd"", "" sentence""]"
typo,jpp_released,typo-business,8,"["" business"", "" businesses"", ""business"", "" businessmen"", ""/business""]"
typo,jpp_released,typo-business,16,"["" Business"", "" Biz"", ""Business"", "" business"", "" Commerce""]"
typo,jpp_released,typo-business,24,"["" business"", "" businesses"", ""business"", "" company"", "" commercial""]"
typo,jpp_released,typo-business,32,"["" business"", "" Business"", "" entrepreneur"", "" businesses"", ""/business""]"
typo,jpp_released,typo-business,40,"["" business"", "" businesses"", "" entrepreneur"", "" company"", ""business""]"
typo,jpp_released,typo-business,48,"["" business"", "" Business"", "" company"", "" businesses"", "" entrepreneur""]"
typo,jpp_released,typo-business,56,"["" biz"", "" Business"", "" selling"", "" sentence"", "" business""]"
typo,logit,typo-different,8,"[""ials"", ""\u4ece"", "" i"", ""ed"", "" approach""]"
typo,logit,typo-different,16,"[""\u5b8c\u5168\u4e0d\u540c\u7684"", ""\u4ece"", "" S"", ""iated"", ""\u540c""]"
typo,logit,typo-different,24,"[""\u5b8c\u5168\u4e0d\u540c\u7684"", ""\u5b8c\u5168\u4e0d\u540c"", ""\u601d\u8def"", ""iated"", ""\u622a\u7136\u4e0d\u540c\u7684""]"
typo,logit,typo-different,32,"[""\u5b8c\u5168\u4e0d\u540c\u7684"", "" B"", ""\u4e14"", ""\u5b8c\u5168\u4e0d\u540c"", "" diver""]"
typo,logit,typo-different,40,"["" approach"", ""\u5b8c\u5168\u4e0d\u540c\u7684"", "" direction"", ""\u5b8c\u5168\u4e0d\u540c"", ""iable""]"
typo,logit,typo-different,48,"["" approach"", "" than"", ""iable"", "" direction"", ""iated""]"
typo,logit,typo-different,56,"["" direction"", ""\u65b9\u5411"", "" approach"", ""direction"", "" directions""]"
typo,jlens_camila,typo-different,8,"[""\uc368"", ""ials"", "" ways"", ""amente"", "" wich""]"
typo,jlens_camila,typo-different,16,"["" alot"", "" idea"", "" costum"", "" everytime"", "" guys""]"
typo,jlens_camila,typo-different,24,"["" ideas"", "" idea"", "" approach"", "" way"", "" different""]"
typo,jlens_camila,typo-different,32,"["" different"", "" ideas"", "" approach"", "" idea"", ""different""]"
typo,jlens_camila,typo-different,40,"["" approach"", ""\u5b8c\u5168\u4e0d\u540c\u7684"", ""\u5b8c\u5168\u4e0d\u540c"", "" different"", "" direction""]"
typo,jlens_camila,typo-different,48,"["" approach"", "" direction"", ""\u5b8c\u5168\u4e0d\u540c\u7684"", ""\u5b8c\u5168\u4e0d\u540c"", "" approaches""]"
typo,jlens_camila,typo-different,56,"["" direction"", ""\u65b9\u5411"", ""direction"", "" directions"", ""\u7684\u65b9\u5411""]"
typo,rlens_camila,typo-different,8,"["" different"", ""different"", "" ways"", "" than"", ""t""]"
typo,rlens_camila,typo-different,16,"["" different"", "" way"", "" approach"", "" completely"", ""t""]"
typo,rlens_camila,typo-different,24,"["" different"", "" approach"", "" way"", "" completely"", "" and""]"
typo,rlens_camila,typo-different,32,"["" different"", "" approach"", "" completely"", "" and"", "" instead""]"
typo,rlens_camila,typo-different,40,"["" approach"", "" different"", "" direction"", ""\u5b8c\u5168\u4e0d\u540c\u7684"", ""\u5b8c\u5168\u4e0d\u540c""]"
typo,rlens_camila,typo-different,48,"["" approach"", "" direction"", "" than"", "" different"", "" approaches""]"
typo,rlens_camila,typo-different,56,"["" direction"", ""\u65b9\u5411"", "" approach"", "" directions"", ""direction""]"
typo,jpp_released,typo-different,8,"["" different"", "" differently"", ""different"", ""\u58a8\u897f\u54e5"", "" diferente""]"
typo,jpp_released,typo-different,16,"["" SF"", "" DF"", "" D"", "" DV"", "" Dante""]"
typo,jpp_released,typo-different,24,"["" different"", "" style"", "" story"", "" completely"", "" direction""]"
typo,jpp_released,typo-different,32,"["" and"", "" New"", "" original"", "" the"", "" style""]"
typo,jpp_released,typo-different,40,"["" direction"", "" new"", "" different"", "" style"", "" approach""]"
typo,jpp_released,typo-different,48,"["" direction"", "" approach"", "" style"", "" path"", "" route""]"
typo,jpp_released,typo-different,56,"["" direction"", "" Direction"", "" path"", "" route"", ""\u65b9\u5411""]"
typo,logit,typo-field,8,"[""s"", ""t"", ""\u65f7"", "" field"", ""r""]"
typo,logit,typo-field,16,"[""\u4e86"", ""r"", ""pl"", ""-"", ""less""]"
typo,logit,typo-field,24,"[""icola"", ""lets"", ""spath"", "" field"", ""able""]"
typo,logit,typo-field,32,"[""ress"", ""zen"", ""y"", "" pres"", "" b""]"
typo,logit,typo-field,40,"[""lets"", ""s"", ""zen"", ""ie"", ""\u540d""]"
typo,logit,typo-field,48,"[""zen"", ""sic"", ""s"", ""anj"", ""boy""]"
typo,logit,typo-field,56,"[""\u51c6\u5907"", ""\u8fd9\u53e5\u8bdd"", ""\u5f91"", ""stead"", "" before""]"
typo,jlens_camila,typo-field,8,"[""s"", ""\u044b"", ""\u0627\u062a"", ""ings"", ""\u3044\u308b""]"
typo,jlens_camila,typo-field,16,"[""s"", "" alot"", "" seperate"", "" atleast"", "" seper""]"
typo,jlens_camila,typo-field,24,"[""s"", "" seperate"", "" alot"", "" atleast"", "" seper""]"
typo,jlens_camila,typo-field,32,"[""s"", "" alot"", ""t"", ""es"", ""\u044b""]"
typo,jlens_camila,typo-field,40,"[""s"", ""t"", ""es"", "" grass"", "" english""]"
typo,jlens_camila,typo-field,48,"[""s"", ""t"", ""es"", ""y"", ""d""]"
typo,jlens_camila,typo-field,56,"["" before"", ""\u51c6\u5907"", "" ready"", ""before"", ""ready""]"
typo,rlens_camila,typo-field,8,"[""s"", "" seperate"", "" seper"", ""t"", "" alot""]"
typo,rlens_camila,typo-field,16,"["" seperate"", "" alot"", "" seper"", "" atleast"", "" recieved""]"
typo,rlens_camila,typo-field,24,"["" seperate"", "" alot"", "" seper"", ""s"", "" atleast""]"
typo,rlens_camila,typo-field,32,"[""s"", "" alot"", ""t"", ""y"", "" dont""]"
typo,rlens_camila,typo-field,40,"[""s"", ""t"", ""y"", ""es"", "" field""]"
typo,rlens_camila,typo-field,48,"[""s"", ""t"", ""y"", ""l"", ""g""]"
typo,rlens_camila,typo-field,56,"["" before"", "" ready"", ""\u51c6\u5907"", "" surrounded"", ""s""]"
typo,jpp_released,typo-field,8,"[""s"", "" grass"", "" fields"", "" field"", ""fields""]"
typo,jpp_released,typo-field,16,"["" Field"", ""s"", "" Fairfield"", "" Farm"", "" Fields""]"
typo,jpp_released,typo-field,24,"["" grass"", "" field"", ""field"", ""s"", "" football""]"
typo,jpp_released,typo-field,32,"["" Field"", ""Field"", "" Football"", ""field"", "" field""]"
typo,jpp_released,typo-field,40,"["" field"", "" grass"", ""f"", ""s"", ""field""]"
typo,jpp_released,typo-field,48,"["" field"", "" grass"", "" of"", ""s"", "" football""]"
typo,jpp_released,typo-field,56,"["" grass"", "" before"", "" for"", "" of"", "" with""]"
typo,logit,typo-height,8,"[""s"", ""g"", ""\u4e0a"", ""\u53ca"", ""\u548c""]"
typo,logit,typo-height,16,"[""s"", ""g"", ""lu"", ""d"", ""D""]"
typo,logit,typo-height,24,"[""itude"", "" height"", ""l"", ""s"", "" maxHeight""]"
typo,logit,typo-height,32,"[""l"", ""itude"", "" maxHeight"", "" height"", ""(height""]"
typo,logit,typo-height,40,"[""a"", ""s"", ""l"", "" maxHeight"", ""itude""]"
typo,logit,typo-height,48,"[""a"", ""\u5140"", ""l"", ""s"", ""A""]"
typo,logit,typo-height,56,"[""\u8fd9\u53e5\u8bdd"", ""\u6539\u5199"", ""\u6539\u4e3a"", ""\u7684\u53e5\u5b50"", ""\u53e5\u5b50""]"
typo,jlens_camila,typo-height,8,"[""s"", ""a"", ""ing"", ""\u0629"", ""o""]"
typo,jlens_camila,typo-height,16,"[""s"", ""a"", ""ing"", ""\u0629"", ""o""]"
typo,jlens_camila,typo-height,24,"[""s"", ""a"", ""ing"", ""o"", ""i""]"
typo,jlens_camila,typo-height,32,"[""s"", ""a"", ""ing"", ""o"", ""i""]"
typo,jlens_camila,typo-height,40,"[""s"", "" height"", "" Height"", ""a"", ""(height""]"
typo,jlens_camila,typo-height,48,"[""s"", ""a"", "" height"", "" Height"", "" tallest""]"
typo,jlens_camila,typo-height,56,"[""\u8fd9\u53e5\u8bdd"", ""\u53e5\u5b50"", ""\u6539\u5199"", ""\u7684\u53e5\u5b50"", "" sentence""]"
typo,rlens_camila,typo-height,8,"[""s"", ""a"", ""ing"", ""i"", ""t""]"
typo,rlens_camila,typo-height,16,"[""s"", ""a"", ""t"", ""i"", ""o""]"
typo,rlens_camila,typo-height,24,"[""s"", ""a"", ""i"", ""l"", ""ing""]"
typo,rlens_camila,typo-height,32,"[""a"", ""s"", ""g"", ""i"", ""l""]"
typo,rlens_camila,typo-height,40,"["" height"", ""s"", "" Height"", ""Height"", "" tallest""]"
typo,rlens_camila,typo-height,48,"["" height"", ""s"", ""a"", "" Height"", "" tallest""]"
typo,rlens_camila,typo-height,56,"[""\u8fd9\u53e5\u8bdd"", ""\u53e5\u5b50"", ""\u6539\u5199"", "" sentence"", ""\u6539\u4e3a""]"
typo,jpp_released,typo-height,8,"["" heights"", "" height"", ""height"", "" tallest"", "" tall""]"
typo,jpp_released,typo-height,16,"["" Height"", "" HEIGHT"", "" Heights"", "" maxHeight"", ""HEIGHT""]"
typo,jpp_released,typo-height,24,"["" height"", "" heights"", "" tower"", "" tallest"", "" skys""]"
typo,jpp_released,typo-height,32,"["" Height"", "" skys"", "" height"", "" tallest"", "" maxHeight""]"
typo,jpp_released,typo-height,40,"["" height"", "" skys"", ""height"", "" tower"", "" tallest""]"
typo,jpp_released,typo-height,48,"["" height"", "" skys"", "" tower"", "" Height"", "" heights""]"
typo,jpp_released,typo-height,56,"["" sentence"", "" gramm"", ""\u53e5\u5b50"", "" when"", ""\u9020\u53e5""]"
typo,logit,typo-science,8,"["" o"", ""-"", "" i"", "" and"", "" A""]"
typo,logit,typo-science,16,"["" and"", ""-"", ""\u4e43"", "" p"", "" o""]"
typo,logit,typo-science,24,"[""\u79d1"", ""\u754c\u7684"", ""\u79d1\u7684"", "" and"", ""idou""]"
typo,logit,typo-science,32,"[""un"", ""o"", "" b"", ""y"", "" science""]"
typo,logit,typo-science,40,"["" science"", "" and"", ""a"", ""idou"", ""y""]"
typo,logit,typo-science,48,"[""a"", ""el"", ""A"", ""\u548c"", ""iro""]"
typo,logit,typo-science,56,"["" because"", "" fiction"", ""\u56e0\u4e3a"", ""because"", ""fiction""]"
typo,jlens_camila,typo-science,8,"[""o"", ""ptune"", ""e"", ""\u043e"", ""eing""]"
typo,jlens_camila,typo-science,16,"["" isnt"", "" alot"", "" didnt"", "" seperate"", "" thats""]"
typo,jlens_camila,typo-science,24,"["" isnt"", "" science"", "" alot"", "" seperate"", "" didnt""]"
typo,jlens_camila,typo-science,32,"["" science"", "" scientist"", "" isnt"", ""e"", "" Science""]"
typo,jlens_camila,typo-science,40,"["" science"", "" Science"", ""\u7684\u79d1\u5b66"", ""Science"", "" scientist""]"
typo,jlens_camila,typo-science,48,"["" science"", "" scientist"", ""\u7684\u79d1\u5b66"", "" Science"", ""\u79d1\u5b66""]"
typo,jlens_camila,typo-science,56,"["" because"", ""because"", ""\u56e0\u4e3a"", ""Because"", "" Because""]"
typo,rlens_camila,typo-science,8,"[""e"", ""o"", "" seperate"", ""a"", "" science""]"
typo,rlens_camila,typo-science,16,"["" alot"", "" seperate"", "" isnt"", ""e"", "" didnt""]"
typo,rlens_camila,typo-science,24,"["" science"", "" Science"", ""Science"", ""science"", "" isnt""]"
typo,rlens_camila,typo-science,32,"["" science"", "" Science"", "" scientist"", ""Science"", ""e""]"
typo,rlens_camila,typo-science,40,"["" science"", "" Science"", ""Science"", "" scientist"", ""science""]"
typo,rlens_camila,typo-science,48,"["" science"", "" Science"", ""y"", "" scientist"", ""a""]"
typo,rlens_camila,typo-science,56,"["" because"", ""because"", "" fiction"", ""\u56e0\u4e3a"", "" Because""]"
typo,jpp_released,typo-science,8,"["" science"", "" scientists"", "" sciences"", "" scientific"", "" scientist""]"
typo,jpp_released,typo-science,16,"["" Science"", "" Sciences"", "" Sci"", ""Science"", ""Sci""]"
typo,jpp_released,typo-science,24,"["" science"", "" scientific"", ""science"", "" scientists"", "" scientist""]"
typo,jpp_released,typo-science,32,"["" Science"", "" science"", ""Science"", "" Sciences"", "" sciences""]"
typo,jpp_released,typo-science,40,"["" science"", "" scientific"", "" Science"", "" scientist"", "" scientists""]"
typo,jpp_released,typo-science,48,"["" science"", "" Science"", "" scientific"", "" Scientific"", ""Science""]"
typo,jpp_released,typo-science,56,"["" because"", "" sci"", ""Sci"", "" Sci"", ""Sc""]"
typo,logit,typo-library,8,"[""-"", ""/"", "" local"", "" C"", "" A""]"
typo,logit,typo-library,16,"[""-"", "" -"", ""b"", ""z"", ""d""]"
typo,logit,typo-library,24,"[""\u56de"", "" -"", ""\u5929\u540e"", "" D"", ""-""]"
typo,logit,typo-library,32,"["" b"", ""-"", ""l"", "" l"", ""igo""]"
typo,logit,typo-library,40,"[""thon"", ""L"", ""g"", ""S"", ""it""]"
typo,logit,typo-library,48,"[""\u8fd9\u53e5\u8bdd"", ""s"", ""d"", ""x"", ""A""]"
typo,logit,typo-library,56,"["" yesterday"", ""\u6628\u5929"", ""esterday"", ""\u8fd9\u53e5\u8bdd"", ""\u8fdf""]"
typo,jlens_camila,typo-library,8,"[""er"", ""o"", ""s"", ""i"", ""e""]"
typo,jlens_camila,typo-library,16,"["" seperate"", "" alot"", "" seper"", "" occured"", ""er""]"
typo,jlens_camila,typo-library,24,"[""er"", ""e"", "" seperate"", "" alot"", ""i""]"
typo,jlens_camila,typo-library,32,"[""e"", ""i"", ""o"", ""er"", ""t""]"
typo,jlens_camila,typo-library,40,"[""e"", ""o"", ""i"", ""t"", ""es""]"
typo,jlens_camila,typo-library,48,"[""e"", ""o"", ""l"", ""i"", ""s""]"
typo,jlens_camila,typo-library,56,"["" yesterday"", ""\u8fd9\u53e5\u8bdd"", ""\u6628\u5929"", "" Yesterday"", ""\u6628\u591c""]"
typo,rlens_camila,typo-library,8,"[""e"", ""er"", "" whilst"", ""i"", "" Whilst""]"
typo,rlens_camila,typo-library,16,"["" seperate"", ""e"", "" alot"", "" seper"", ""\u505a\u4e3a""]"
typo,rlens_camila,typo-library,24,"[""e"", "" -"", ""d"", ""i"", ""l""]"
typo,rlens_camila,typo-library,32,"[""e"", ""l"", ""i"", ""t"", ""d""]"
typo,rlens_camila,typo-library,40,"[""e"", ""i"", ""l"", ""t"", ""g""]"
typo,rlens_camila,typo-library,48,"[""e"", ""l"", ""i"", ""s"", ""g""]"
typo,rlens_camila,typo-library,56,"["" yesterday"", ""\u8fd9\u53e5\u8bdd"", "" sentence"", "" because"", "" library""]"
typo,jpp_released,typo-library,8,"["" library"", "" libraries"", ""library"", "" librarian"", "" books""]"
typo,jpp_released,typo-library,16,"["" Library"", "" Lib"", "" library"", ""Library"", "" Libraries""]"
typo,jpp_released,typo-library,24,"["" library"", "" books"", ""library"", "" libraries"", "" librarian""]"
typo,jpp_released,typo-library,32,"["" Library"", "" library"", "" in"", "" and"", "" for""]"
typo,jpp_released,typo-library,40,"[""l"", "" library"", ""i"", "" l"", ""a""]"
typo,jpp_released,typo-library,48,"["" library"", "" local"", "" the"", "" school"", "" facility""]"
typo,jpp_released,typo-library,56,"["" yesterday"", "" Library"", "" today"", "" library"", "" with""]"
typo,logit,typo-together,8,"[""-"", "" a"", ""th"", ""p"", ""\u805a""]"
typo,logit,typo-together,16,"[""-"", ""\u548c"", "" shared"", ""z"", ""uh""]"
typo,logit,typo-together,24,"[""fare"", ""\u548c"", ""ly"", "" feast"", ""family""]"
typo,logit,typo-together,32,"[""ly"", ""\u548c"", "" Zoom"", ""t"", ""\u826f""]"
typo,logit,typo-together,40,"[""ly"", ""t"", ""\u5355\u4f4d"", ""hd"", ""un""]"
typo,logit,typo-together,48,"[""\u8fd9\u53e5\u8bdd"", ""alit"", ""hd"", ""\u8bed"", ""\u65f6""]"
typo,logit,typo-together,56,"[""\u8fd9\u53e5\u8bdd"", "" after"", ""\u6da6"", ""after"", "" sentence""]"
typo,jlens_camila,typo-together,8,"[""er"", ""o"", ""ing"", ""en"", ""i""]"
typo,jlens_camila,typo-together,16,"[""er"", "" seperate"", ""o"", "" alot"", ""\u505a\u4e3a""]"
typo,jlens_camila,typo-together,24,"["" seperate"", ""er"", "" alot"", "" seper"", ""ing""]"
typo,jlens_camila,typo-together,32,"["" seperate"", "" alot"", ""e"", ""t"", ""a""]"
typo,jlens_camila,typo-together,40,"["" meals"", "" meal"", "" dinner"", "" together"", ""family""]"
typo,jlens_camila,typo-together,48,"[""o"", "" meal"", "" dinner"", ""\u8fd9\u53e5\u8bdd"", "" after""]"
typo,jlens_camila,typo-together,56,"["" after"", ""\u8fd9\u53e5\u8bdd"", ""after"", ""\u53e5\u5b50"", ""After""]"
typo,rlens_camila,typo-together,8,"[""er"", ""t"", ""o"", ""l"", "" recieved""]"
typo,rlens_camila,typo-together,16,"["" seperate"", "" alot"", ""\u505a\u4e3a"", "" recieved"", ""t""]"
typo,rlens_camila,typo-together,24,"[""t"", "" seperate"", ""g"", "" family"", ""l""]"
typo,rlens_camila,typo-together,32,"[""t"", ""l"", ""g"", ""i"", ""e""]"
typo,rlens_camila,typo-together,40,"[""t"", "" family"", "" together"", ""g"", ""o""]"
typo,rlens_camila,typo-together,48,"["" family"", ""t"", ""l"", "" after"", ""o""]"
typo,rlens_camila,typo-together,56,"["" after"", ""\u8fd9\u53e5\u8bdd"", ""after"", "" sentence"", ""\u53e5\u5b50""]"
typo,jpp_released,typo-together,8,"["" together"", "" eating"", "" eat"", ""l"", "" and""]"
typo,jpp_released,typo-together,16,"["" TG"", ""TG"", "" tg"", ""tg"", ""\u9f50\u5fc3""]"
typo,jpp_released,typo-together,24,"["" family"", "" meals"", "" meal"", "" food"", "" dining""]"
typo,jpp_released,typo-together,32,"["" family"", "" Family"", "" and"", "" during"", "" in""]"
typo,jpp_released,typo-together,40,"["" family"", "" families"", "" the"", "" together"", "" Family""]"
typo,jpp_released,typo-together,48,"["" family"", "" dinner"", "" meal"", "" Family"", "" families""]"
typo,jpp_released,typo-together,56,"["" after"", "" sentence"", ""after"", "" dinner"", "" After""]"
typo,logit,typo-account,8,"[""s"", ""g"", ""r"", ""ed"", ""c""]"
typo,logit,typo-account,16,"[""s"", ""\u7b97"", "" -"", ""r"", ""\u4e0a""]"
typo,logit,typo-account,24,"["" -"", ""l"", ""in"", ""s"", ""ed""]"
typo,logit,typo-account,32,"[""s"", ""l"", ""\u6b63"", ""S"", "" -""]"
typo,logit,typo-account,40,"[""ID"", ""\u6b63"", ""S"", ""o"", ""ugu""]"
typo,logit,typo-account,48,"[""a"", ""s"", ""d"", ""(s"", ""S""]"
typo,logit,typo-account,56,"["" anymore"", "" so"", ""\u8fd9\u53e5\u8bdd"", ""so"", "" account""]"
typo,jlens_camila,typo-account,8,"[""s"", ""ing"", ""a"", ""\u0627\u062a"", ""o""]"
typo,jlens_camila,typo-account,16,"[""s"", ""a"", ""o"", ""e"", ""ing""]"
typo,jlens_camila,typo-account,24,"[""s"", ""a"", ""o"", ""ing"", ""e""]"
typo,jlens_camila,typo-account,32,"[""s"", ""a"", ""e"", ""o"", ""ing""]"
typo,jlens_camila,typo-account,40,"[""s"", ""a"", ""e"", ""o"", ""ing""]"
typo,jlens_camila,typo-account,48,"[""s"", ""e"", ""a"", ""o"", ""t""]"
typo,jlens_camila,typo-account,56,"["" account"", ""\u8d26\u6237"", "" accounts"", "" Account"", ""(account""]"
typo,rlens_camila,typo-account,8,"[""s"", ""a"", ""ing"", ""ed"", ""e""]"
typo,rlens_camila,typo-account,16,"[""s"", ""e"", ""a"", ""o"", ""t""]"
typo,rlens_camila,typo-account,24,"[""s"", ""a"", ""e"", ""o"", ""l""]"
typo,rlens_camila,typo-account,32,"[""s"", ""e"", ""a"", ""t"", ""l""]"
typo,rlens_camila,typo-account,40,"[""s"", ""e"", ""a"", ""ing"", ""o""]"
typo,rlens_camila,typo-account,48,"[""s"", ""a"", ""e"", ""l"", ""d""]"
typo,rlens_camila,typo-account,56,"["" account"", "" accounts"", ""\u8d26\u6237"", "" Account"", "" anymore""]"
typo,jpp_released,typo-account,8,"["" bank"", "" banking"", "" banks"", ""s"", "" Banking""]"
typo,jpp_released,typo-account,16,"["" Bank"", "" bank"", ""s"", "" banc"", "" A""]"
typo,jpp_released,typo-account,24,"["" bank"", "" banking"", "" money"", ""s"", "" in""]"
typo,jpp_released,typo-account,32,"["" in"", "" Bank"", "" bank"", "" and"", "" on""]"
typo,jpp_released,typo-account,40,"["" bank"", "" banking"", "" account"", "" money"", ""s""]"
typo,jpp_released,typo-account,48,"["" bank"", "" account"", ""a"", ""s"", "" money""]"
typo,jpp_released,typo-account,56,"["" bank"", ""bank"", "" banking"", "" Account"", ""Bank""]"
typo,logit,typo-function,8,"[""/"", ""ary"", ""f"", "" f"", ""-""]"
typo,logit,typo-function,16,"[""pro"", ""-"", ""/"", ""L"", ""\u4e00""]"
typo,logit,typo-function,24,"["" -"", ""l"", ""ary"", "" f"", "" R""]"
typo,logit,typo-function,32,"[""t"", ""l"", ""-"", ""ette"", ""J""]"
typo,logit,typo-function,40,"[""t"", ""l"", ""S"", ""z"", ""-""]"
typo,logit,typo-function,48,"[""\u53eb"", ""-"", ""l"", "" called"", ""\u53eb\u505a""]"
typo,logit,typo-function,56,"["" called"", ""\u53eb\u505a"", ""\u53eb"", "" to"", ""\u540d\u4e3a""]"
typo,jlens_camila,typo-function,8,"[""ally"", ""\u3066"", ""ation"", ""naire"", ""\u0629""]"
typo,jlens_camila,typo-function,16,"["" seperate"", "" alot"", "" seper"", "" thats"", "" occured""]"
typo,jlens_camila,typo-function,24,"["" alot"", "" seperate"", "" seper"", "" thats"", ""e""]"
typo,jlens_camila,typo-function,32,"[""e"", "" alot"", ""l"", ""a"", ""o""]"
typo,jlens_camila,typo-function,40,"["" functions"", "" function"", ""e"", "" called"", "" helper""]"
typo,jlens_camila,typo-function,48,"["" called"", "" helper"", "" functions"", "" function"", "" to""]"
typo,jlens_camila,typo-function,56,"["" called"", ""\u53eb"", ""\u53eb\u505a"", "" to"", "" named""]"
typo,rlens_camila,typo-function,8,"[""ally"", ""l"", ""e"", "" alot"", ""ing""]"
typo,rlens_camila,typo-function,16,"["" seperate"", "" alot"", "" seper"", "" thats"", ""e""]"
typo,rlens_camila,typo-function,24,"[""l"", ""e"", "" to"", "" -"", "" for""]"
typo,rlens_camila,typo-function,32,"[""e"", ""l"", "" -"", ""-"", ""t""]"
typo,rlens_camila,typo-function,40,"["" function"", ""-"", "" functions"", ""e"", "" -""]"
typo,rlens_camila,typo-function,48,"["" function"", "" called"", "" to"", "" functions"", ""-""]"
typo,rlens_camila,typo-function,56,"["" called"", "" to"", "" named"", "" which"", ""\u53eb\u505a""]"
typo,jpp_released,typo-function,8,"[""f"", ""h"", ""e"", "" though"", ""g""]"
typo,jpp_released,typo-function,16,"["" Hanson"", "" Huck"", ""H"", "" Barton"", "" F""]"
typo,jpp_released,typo-function,24,"["" for"", "" in"", "" that"", "" to"", "" the""]"
typo,jpp_released,typo-function,32,"["" for"", "" F"", "" H"", "" small"", "" to""]"
typo,jpp_released,typo-function,40,"["" function"", "" the"", "" for"", "" a"", "" functions""]"
typo,jpp_released,typo-function,48,"["" function"", "" functions"", "" helper"", "" code"", "" for""]"
typo,jpp_released,typo-function,56,"["" called"", "" for"", ""\u53eb\u505a"", "" to"", "" that""]"
typo,logit,typo-against,8,"["" against"", ""t"", ""\u7684"", ""f"", "" vs""]"
typo,logit,typo-against,16,"["" against"", ""\u62b9"", ""\u7684"", ""e"", ""\u548c""]"
typo,logit,typo-against,24,"[""\u62b9"", ""odu"", ""\u0e07"", ""LD"", "" res""]"
typo,logit,typo-against,32,"[""\u0629"", ""LM"", ""oleon"", ""\u579b"", ""fn""]"
typo,logit,typo-against,40,"["" against"", ""\u0629"", ""\u53cd\u5bf9"", ""/op"", "" him""]"
typo,logit,typo-against,48,"[""\u0629"", ""A"", ""\u53cd\u5bf9"", ""omy"", ""C""]"
typo,logit,typo-against,56,"["" proposals"", "" Motion"", "" motion"", "" legislation"", "" sanctions""]"
typo,jlens_camila,typo-against,8,"[""\u0629"", ""ness"", ""entication"", ""\u0131"", ""rael""]"
typo,jlens_camila,typo-against,16,"[""\u0629"", ""ness"", ""entication"", ""\u0131"", ""ation""]"
typo,jlens_camila,typo-against,24,"[""\u0629"", ""ness"", "" favoured"", ""uminium"", "" favour""]"
typo,jlens_camila,typo-against,32,"[""\u0629"", ""against"", "" defence"", ""\u0131"", ""ness""]"
typo,jlens_camila,typo-against,40,"[""\u53cd\u5bf9"", ""against"", "" oppose"", "" Against"", "" against""]"
typo,jlens_camila,typo-against,48,"[""\u53cd\u5bf9"", "" votes"", "" vote"", "" proposal"", ""against""]"
typo,jlens_camila,typo-against,56,"["" proposals"", "" him"", "" proposal"", "" legislation"", "" Proposal""]"
typo,rlens_camila,typo-against,8,"[""\u0629"", ""ness"", ""\u0131"", ""entication"", ""t""]"
typo,rlens_camila,typo-against,16,"[""\u0629"", ""\u0131"", ""t"", ""y"", ""ness""]"
typo,rlens_camila,typo-against,24,"["" favour"", "" defence"", ""against"", "" whilst"", "" favoured""]"
typo,rlens_camila,typo-against,32,"[""against"", "" defence"", ""r"", ""t"", "" Against""]"
typo,rlens_camila,typo-against,40,"[""\u53cd\u5bf9"", ""against"", "" against"", "" Against"", "" oppose""]"
typo,rlens_camila,typo-against,48,"["" votes"", "" vote"", ""\u53cd\u5bf9"", ""r"", ""t""]"
typo,rlens_camila,typo-against,56,"["" proposals"", "" him"", "" legislation"", "" proposal"", "" proposed""]"
typo,jpp_released,typo-against,8,"["" whilst"", "" amongst"", ""Whilst"", ""\u5e73\u9633"", "" labour""]"
typo,jpp_released,typo-against,16,"["" Falk"", "" Slav"", "" Valk"", "" Bengals"", "" Contras""]"
typo,jpp_released,typo-against,24,"["" defence"", "" favour"", "" against"", "" organised"", "" recognised""]"
typo,jpp_released,typo-against,32,"["" Anti"", "" anti"", "" Against"", "" against"", "" opposition""]"
typo,jpp_released,typo-against,40,"["" opposition"", "" anti"", "" vote"", ""\u53cd\u5bf9"", "" votes""]"
typo,jpp_released,typo-against,48,"["" anti"", "" vote"", "" the"", "" votes"", "" veto""]"
typo,jpp_released,typo-against,56,"["" war"", "" proposal"", "" bill"", "" motion"", "" legislation""]"
typo,logit,typo-important,8,"[""ly"", ""n"", ""p"", ""u"", ""m""]"
typo,logit,typo-important,16,"[""-"", ""ly"", ""ful"", ""\u91cd\u8981\u7684"", "" d""]"
typo,logit,typo-important,24,"[""\u91cd\u8981\u7684"", ""ly"", "" important"", ""\u91cd\u8981"", ""ful""]"
typo,logit,typo-important,32,"[""ly"", ""/"", ""n"", ""ful"", ""-""]"
typo,logit,typo-important,40,"[""ly"", ""/"", "" important"", ""n"", ""\u91cd\u8981\u7684""]"
typo,logit,typo-important,48,"[""ly"", ""\u548c\u6700"", ""/"", ""a"", ""-""]"
typo,logit,typo-important,56,"["" information"", ""\u4fe1\u606f"", "" informations"", "" info"", "" stuff""]"
typo,jlens_camila,typo-important,8,"[""ly"", ""a"", ""o"", ""ive"", ""er""]"
typo,jlens_camila,typo-important,16,"[""ly"", ""o"", ""er"", ""ive"", ""\u0629""]"
typo,jlens_camila,typo-important,24,"[""ly"", ""o"", ""n"", ""ive"", ""a""]"
typo,jlens_camila,typo-important,32,"[""ly"", ""o"", ""n"", ""a"", ""t""]"
typo,jlens_camila,typo-important,40,"[""ly"", "" important"", ""n"", ""o"", "" importance""]"
typo,jlens_camila,typo-important,48,"[""ly"", ""n"", ""o"", ""e"", ""t""]"
typo,jlens_camila,typo-important,56,"["" information"", "" informations"", "" info"", ""information"", ""\u4fe1\u606f""]"
typo,rlens_camila,typo-important,8,"[""ly"", ""n"", ""t"", ""o"", ""l""]"
typo,rlens_camila,typo-important,16,"[""ly"", ""n"", ""t"", ""l"", ""o""]"
typo,rlens_camila,typo-important,24,"[""ly"", ""n"", ""t"", ""l"", ""o""]"
typo,rlens_camila,typo-important,32,"[""n"", ""ly"", ""t"", ""e"", ""l""]"
typo,rlens_camila,typo-important,40,"[""n"", ""ly"", ""t"", "" important"", ""l""]"
typo,rlens_camila,typo-important,48,"[""ly"", ""n"", ""t"", ""l"", ""e""]"
typo,rlens_camila,typo-important,56,"["" information"", "" info"", "" informations"", ""\u4fe1\u606f"", "" Information""]"
typo,jpp_released,typo-important,8,"[""ly"", ""important"", ""n"", "" important"", ""s""]"
typo,jpp_released,typo-important,16,"["" Hert"", "" Important"", "" Nort"", "" Vital"", "" Pont""]"
typo,jpp_released,typo-important,24,"["" important"", ""ly"", ""n"", "" importance"", ""l""]"
typo,jpp_released,typo-important,32,"["" of"", "" Miss"", "" and"", "" information"", "" Mn""]"
typo,jpp_released,typo-important,40,"["" important"", ""n"", ""the"", "" the"", "" information""]"
typo,jpp_released,typo-important,48,"["" important"", "" information"", "" key"", "" of"", "" data""]"
typo,jpp_released,typo-important,56,"["" information"", "" Information"", "" info"", "" data"", "" part""]"
typo,logit,typo-building,8,"["" A"", "" a"", "" as"", ""A"", ""\u680b""]"
typo,logit,typo-building,16,"[""\u7531"", ""\u680b"", "" -"", ""\u665a"", ""\u5728""]"
typo,logit,typo-building,24,"[""\u7fa4"", "" -"", ""\u680b"", ""\u7fa4\u7684"", ""B""]"
typo,logit,typo-building,32,"[""\u7fa4"", ""\u95f4"", ""\u7fa4\u7684"", ""b"", ""\u7531""]"
typo,logit,typo-building,40,"[""\u7fa4"", ""-wide"", ""\u7fa4\u7684"", "" typ"", ""wide""]"
typo,logit,typo-building,48,"[""a"", ""A"", ""-wide"", ""\u8fd9\u53e5\u8bdd"", ""<u""]"
typo,logit,typo-building,56,"[""\u8fd9\u53e5\u8bdd"", "" synonym"", ""\u662f\u4ec0\u4e48\u610f\u601d"", ""\u7f29\u5199"", ""\u4ec0\u4e48\u610f\u601d""]"
typo,jlens_camila,typo-building,8,"[""ing"", ""a"", ""\u0627"", ""en"", ""i""]"
typo,jlens_camila,typo-building,16,"["" alot"", ""ly"", ""ing"", ""a"", ""i""]"
typo,jlens_camila,typo-building,24,"["" alot"", "" seperate"", ""ing"", ""ly"", ""i""]"
typo,jlens_camila,typo-building,32,"[""a"", ""i"", "" alot"", ""ing"", ""t""]"
typo,jlens_camila,typo-building,40,"["" buildings"", ""a"", ""\u4e00\u680b"", ""\u680b"", "" rooms""]"
typo,jlens_camila,typo-building,48,"[""a"", ""e"", ""\u8fd9\u53e5\u8bdd"", ""l"", ""i""]"
typo,jlens_camila,typo-building,56,"[""\u8fd9\u53e5\u8bdd"", ""\u4ec0\u4e48\u610f\u601d"", "" synonym"", ""\u662f\u4ec0\u4e48\u610f\u601d"", ""\u53e5\u5b50""]"
typo,rlens_camila,typo-building,8,"[""ing"", ""t"", ""a"", ""ly"", "" seperate""]"
typo,rlens_camila,typo-building,16,"["" alot"", ""t"", "" seperate"", ""r"", "" insure""]"
typo,rlens_camila,typo-building,24,"["" alot"", "" seperate"", ""r"", ""i"", ""t""]"
typo,rlens_camila,typo-building,32,"[""i"", ""t"", ""a"", ""g"", ""r""]"
typo,rlens_camila,typo-building,40,"["" building"", "" buildings"", ""t"", ""g"", ""i""]"
typo,rlens_camila,typo-building,48,"[""a"", ""l"", ""g"", ""t"", ""i""]"
typo,rlens_camila,typo-building,56,"[""\u8fd9\u53e5\u8bdd"", "" synonym"", ""\u4ec0\u4e48\u610f\u601d"", ""\u53e5\u5b50"", ""\u662f\u4ec0\u4e48\u610f\u601d""]"
typo,jpp_released,typo-building,8,"["" buildings"", "" building"", ""building"", "" architectural"", "" architecture""]"
typo,jpp_released,typo-building,16,"["" Building"", "" Bulld"", "" Builder"", "" Buildings"", "" B""]"
typo,jpp_released,typo-building,24,"["" building"", "" buildings"", ""building"", "" fire"", "" apartment""]"
typo,jpp_released,typo-building,32,"["" Building"", "" building"", "" buildings"", "" Buildings"", "" tower""]"
typo,jpp_released,typo-building,40,"["" building"", "" buildings"", ""building"", "" Building"", ""b""]"
typo,jpp_released,typo-building,48,"["" building"", "" buildings"", "" Building"", ""b"", "" B""]"
typo,jpp_released,typo-building,56,"[""(B"", "" when"", "" during"", ""BD"", "",B""]"
typo,logit,typo-without,8,"["" without"", ""m"", ""n"", ""d"", "" a""]"
typo,logit,typo-without,16,"[""-"", ""less"", ""\u63d0"", ""<|fim_suffix|>"", ""m""]"
typo,logit,typo-without,24,"[""\u4e00\u8bcd"", ""ined"", ""\u8ddf"", ""uary"", ""amente""]"
typo,logit,typo-without,32,"[""ly"", ""\u4e4e"", ""z"", ""ily"", ""l""]"
typo,logit,typo-without,40,"[""\u05d5\u05d8"", ""ut"", ""\u4e4e"", ""f"", ""uary""]"
typo,logit,typo-without,48,"[""f"", ""z"", ""oute"", ""\u4e4e"", ""w""]"
typo,logit,typo-without,56,"[""out"", "" even"", ""_even"", ""\u68c0\u67e5"", ""ut""]"
typo,jlens_camila,typo-without,8,"[""ypes"", ""ting"", ""\uc368"", ""ype"", ""\u30a5""]"
typo,jlens_camila,typo-without,16,"["" lenght"", ""ness"", ""ting"", "" didnt"", "" wich""]"
typo,jlens_camila,typo-without,24,"[""gether"", "" didnt"", ""ting"", "" alot"", "" lenght""]"
typo,jlens_camila,typo-without,32,"[""ou"", "" didnt"", "" doesnt"", ""ness"", ""w""]"
typo,jlens_camila,typo-without,40,"[""ou"", "" didnt"", ""without"", ""ain"", ""w""]"
typo,jlens_camila,typo-without,48,"[""ou"", ""te"", ""w"", "" didnt"", ""missing""]"
typo,jlens_camila,typo-without,56,"[""out"", "" hesitation"", "" checking"", "" any"", ""ut""]"
typo,rlens_camila,typo-without,8,"["" lenght"", ""ypes"", ""ting"", ""gether"", ""\u30a5""]"
typo,rlens_camila,typo-without,16,"["" lenght"", "" wich"", "" didnt"", "" alot"", "" occured""]"
typo,rlens_camila,typo-without,24,"[""ou"", "" didnt"", "" lenght"", ""ype"", "" wich""]"
typo,rlens_camila,typo-without,32,"[""ou"", "" didnt"", ""ut"", ""ype"", ""il""]"
typo,rlens_camila,typo-without,40,"[""ou"", ""ut"", ""ain"", ""z"", ""q""]"
typo,rlens_camila,typo-without,48,"[""ou"", ""ut"", ""w"", ""te"", ""q""]"
typo,rlens_camila,typo-without,56,"[""out"", ""ut"", "" any"", ""any"", "" checking""]"
typo,jpp_released,typo-without,8,"[""without"", "" Colombian"", ""@s"", "" without"", ""reet""]"
typo,jpp_released,typo-without,16,"["" WT"", ""WT"", "" Zut"", "" Zot"", "" Wit""]"
typo,jpp_released,typo-without,24,"[""ou"", ""no"", ""z"", ""il"", ""so""]"
typo,jpp_released,typo-without,32,"[""WT"", "" Wim"", "" Zad"", "" Zut"", ""ibat""]"
typo,jpp_released,typo-without,40,"[""t"", ""the"", ""it"", ""w"", ""z""]"
typo,jpp_released,typo-without,48,"[""*"", ""z"", ""q"", ""w"", ""f""]"
typo,jpp_released,typo-without,56,"["" breakfast"", "" ut"", "" check"", "" taking"", "" having""]"
typo,logit,typo-several,8,"[""-"", ""ed"", ""p"", ""ly"", ""/""]"
typo,logit,typo-several,16,"[""-"", ""\u805a"", ""st"", "" f"", ""\u5728""]"
typo,logit,typo-several,24,"[""\u526f"", ""p"", ""-"", ""ly"", ""\u62b9""]"
typo,logit,typo-several,32,"[""/"", ""b"", ""p"", "" b"", ""*""]"
typo,logit,typo-several,40,"[""p"", ""b"", ""l"", ""/"", ""ugu""]"
typo,logit,typo-several,48,"[""p"", ""b"", ""/"", ""l"", ""w""]"
typo,logit,typo-several,56,"["" reasons"", ""\u539f\u56e0"", "" reason"", ""\u7684\u539f\u56e0"", ""\u539f\u56e0\u662f""]"
typo,jlens_camila,typo-several,8,"[""o"", ""ed"", ""ly"", ""en"", ""er""]"
typo,jlens_camila,typo-several,16,"[""o"", ""ed"", ""u"", ""en"", ""r""]"
typo,jlens_camila,typo-several,24,"[""o"", ""r"", ""ly"", ""u"", "" isnt""]"
typo,jlens_camila,typo-several,32,"[""o"", ""i"", ""ed"", ""l"", ""r""]"
typo,jlens_camila,typo-several,40,"[""o"", ""l"", ""t"", ""u"", ""i""]"
typo,jlens_camila,typo-several,48,"[""o"", ""l"", ""t"", ""a"", ""n""]"
typo,jlens_camila,typo-several,56,"["" reasons"", "" hours"", "" reason"", ""\u539f\u56e0"", "" months""]"
typo,rlens_camila,typo-several,8,"["" seperate"", ""l"", ""r"", ""ly"", "" alot""]"
typo,rlens_camila,typo-several,16,"["" alot"", ""r"", ""l"", ""\u505a\u4e3a"", ""t""]"
typo,rlens_camila,typo-several,24,"[""r"", "" isnt"", ""l"", ""t"", ""ly""]"
typo,rlens_camila,typo-several,32,"[""l"", ""r"", "" isnt"", ""t"", ""o""]"
typo,rlens_camila,typo-several,40,"[""l"", ""r"", ""t"", ""n"", ""o""]"
typo,rlens_camila,typo-several,48,"[""l"", ""t"", ""n"", ""r"", ""w""]"
typo,rlens_camila,typo-several,56,"["" reasons"", "" reason"", "" hours"", "" months"", ""\u539f\u56e0""]"
typo,jpp_released,typo-several,8,"["" Par\u00eds"", ""\u5df4\u9ece"", "" french"", ""Paris"", "" paris""]"
typo,jpp_released,typo-several,16,"["" CV"", "" IV"", "" SV"", ""SV"", ""CV""]"
typo,jpp_released,typo-several,24,"[""r"", "" times"", ""l"", "" sk"", "" many""]"
typo,jpp_released,typo-several,32,"["" IV"", "" Roman"", "" SV"", "" St"", "" CV""]"
typo,jpp_released,typo-several,40,"[""l"", "" days"", "" months"", "" years"", "" weeks""]"
typo,jpp_released,typo-several,48,"["" months"", "" years"", "" days"", "" times"", "" weeks""]"
typo,jpp_released,typo-several,56,"["" months"", "" hours"", "" days"", "" weeks"", "" years""]"
typo,logit,typo-special,8,"["" OR"", ""icious"", ""ized"", ""r"", ""ial""]"
typo,logit,typo-special,16,"[""r"", ""z"", ""l"", ""-"", "" -""]"
typo,logit,typo-special,24,"[""ignment"", ""ighted"", ""-"", ""\u7fbd"", ""hy""]"
typo,logit,typo-special,32,"["" b"", ""\u5176\u804c"", ""/"", ""ly"", ""ai""]"
typo,logit,typo-special,40,"["" special"", ""\u7279"", ""special"", ""ise"", ""\u0e1e\u0e34\u0e40\u0e28\u0e29""]"
typo,logit,typo-special,48,"["" special"", ""\u7279\u6b8a"", ""\u7279\u522b\u7684"", ""\u7b49\u7279\u6b8a"", ""\u7279\u6b8a\u7684""]"
typo,logit,typo-special,56,"["" occasion"", "" occasions"", ""occasion"", ""\u573a\u5408"", "" ocasion""]"
typo,jlens_camila,typo-special,8,"[""ignment"", ""ities"", ""ization"", ""iste"", ""istic""]"
typo,jlens_camila,typo-special,16,"["" alot"", "" didnt"", "" occured"", ""ness"", ""ation""]"
typo,jlens_camila,typo-special,24,"["" alot"", "" occured"", ""ness"", "" especial"", "" didnt""]"
typo,jlens_camila,typo-special,32,"[""\u0131"", ""ness"", "" didnt"", ""ation"", "" isnt""]"
typo,jlens_camila,typo-special,40,"["" special"", ""\u7279\u6b8a"", "" especial"", ""\u7684\u7279\u6b8a"", ""special""]"
typo,jlens_camila,typo-special,48,"["" special"", ""\u7279\u6b8a"", ""\u7684\u7279\u6b8a"", ""special"", "" especial""]"
typo,jlens_camila,typo-special,56,"["" occasion"", "" occasions"", ""occasion"", "" guests"", "" occ""]"
typo,rlens_camila,typo-special,8,"[""ignment"", ""ot"", ""ization"", ""ized"", ""izer""]"
typo,rlens_camila,typo-special,16,"[""ot"", "" alot"", "" occured"", "" didnt"", "" isnt""]"
typo,rlens_camila,typo-special,24,"["" occured"", "" especial"", "" alot"", "" isnt"", ""\u0131""]"
typo,rlens_camila,typo-special,32,"[""\u0131"", "" isnt"", ""ot"", "" didnt"", "" occured""]"
typo,rlens_camila,typo-special,40,"["" special"", ""\u7279\u6b8a"", "" especial"", ""special"", ""\u7684\u7279\u6b8a""]"
typo,rlens_camila,typo-special,48,"["" special"", ""\u7279\u6b8a"", ""special"", ""\u7684\u7279\u6b8a"", "" especial""]"
typo,rlens_camila,typo-special,56,"["" occasion"", "" occasions"", ""occasion"", ""\u573a\u5408"", "" guests""]"
typo,jpp_released,typo-special,8,"[""ty"", ""l"", ""les"", ""izer"", "" specialty""]"
typo,jpp_released,typo-special,16,"[""ie"", ""ig"", ""ize"", ""ial"", ""ise""]"
typo,jpp_released,typo-special,24,"[""ise"", ""ation"", ""ist"", ""er"", ""ity""]"
typo,jpp_released,typo-special,32,"[""ization"", ""ize"", ""izer"", ""ie"", ""ial""]"
typo,jpp_released,typo-special,40,"["" special"", "" guest"", "" Special"", "" guests"", ""special""]"
typo,jpp_released,typo-special,48,"["" special"", "" Special"", "" guests"", "" guest"", ""special""]"
typo,jpp_released,typo-special,56,"["" occasion"", "" guests"", "" guest"", "" occ"", "" occasions""]"
typo,logit,typo-country,8,"[""-"", ""ed"", ""f"", ""\u805a"", ""/""]"
typo,logit,typo-country,16,"[""-"", ""ken"", ""ed"", ""c"", "" i""]"
typo,logit,typo-country,24,"[""\u8d8a"", ""ment"", ""\u56fd"", ""IGH"", ""ia""]"
typo,logit,typo-country,32,"[""\u9970"", ""l"", ""or"", ""\u5443"", ""\u62dc""]"
typo,logit,typo-country,40,"[""\u672c\u571f"", ""\u5883"", ""\u7c4d"", ""\u53ca\u5468\u8fb9"", ""mland""]"
typo,logit,typo-country,48,"[""\u8fd9\u53e5\u8bdd"", ""a"", ""\u56fd\u571f"", ""\u5883"", ""\u7c4d""]"
typo,logit,typo-country,56,"["" before"", ""before"", "" Before"", ""Before"", ""\u8fd9\u53e5\u8bdd""]"
typo,jlens_camila,typo-country,8,"[""o"", ""er"", ""en"", ""u"", ""e""]"
typo,jlens_camila,typo-country,16,"[""o"", ""e"", ""er"", ""u"", ""a""]"
typo,jlens_camila,typo-country,24,"[""o"", ""e"", ""er"", ""a"", ""i""]"
typo,jlens_camila,typo-country,32,"[""e"", ""o"", ""a"", ""i"", ""t""]"
typo,jlens_camila,typo-country,40,"["" country"", "" abroad"", "" countries"", ""(country"", ""country""]"
typo,jlens_camila,typo-country,48,"[""e"", ""o"", ""a"", "" country"", ""t""]"
typo,jlens_camila,typo-country,56,"["" before"", ""before"", "" Before"", ""Before"", ""_before""]"
typo,rlens_camila,typo-country,8,"[""e"", ""o"", ""t"", ""a"", ""er""]"
typo,rlens_camila,typo-country,16,"[""e"", ""t"", ""o"", ""i"", ""a""]"
typo,rlens_camila,typo-country,24,"[""e"", ""t"", ""o"", ""i"", ""a""]"
typo,rlens_camila,typo-country,32,"[""e"", ""i"", ""t"", ""o"", ""a""]"
typo,rlens_camila,typo-country,40,"["" country"", "" abroad"", "" nation"", ""t"", ""i""]"
typo,rlens_camila,typo-country,48,"[""a"", ""i"", ""t"", "" country"", ""e""]"
typo,rlens_camila,typo-country,56,"["" before"", ""before"", "" Before"", ""Before"", ""\u8fd9\u53e5\u8bdd""]"
typo,jpp_released,typo-country,8,"["" country"", "" countries"", ""country"", "" nations"", "" nation""]"
typo,jpp_released,typo-country,16,"["" Country"", "" nation"", "" Canada"", "" Tory"", "" NY""]"
typo,jpp_released,typo-country,24,"["" country"", "" countries"", "" nation"", "" national"", ""country""]"
typo,jpp_released,typo-country,32,"["" country"", "" Country"", "" nation"", ""-country"", "" countries""]"
typo,jpp_released,typo-country,40,"["" country"", "" nation"", "" national"", "" countries"", ""country""]"
typo,jpp_released,typo-country,48,"["" country"", "" countries"", "" nation"", "" national"", "" foreign""]"
typo,jpp_released,typo-country,56,"["" before"", ""before"", "" Before"", ""_before"", "" antes""]"
typo,logit,typo-company,8,"[""thon"", ""aning"", ""\u516c\u53f8"", ""imonial"", ""\u5ba2\u6237""]"
typo,logit,typo-company,16,"[""r"", ""ath"", ""d"", ""L"", ""f""]"
typo,logit,typo-company,24,"[""fare"", ""ialis"", ""\u548c\u4e2a\u4eba"", ""BYTE"", ""illion""]"
typo,logit,typo-company,32,"[""\u540c\u4e00\u4e2a"", ""\u540c\u4e00"", ""B"", "" same"", ""Ops""]"
typo,logit,typo-company,40,"[""\u540c"", ""\u540c\u4e00\u4e2a"", ""\u540c\u4e00"", ""z"", "" same""]"
typo,logit,typo-company,48,"[""\u80b4"", "" same"", ""\u540c\u4e00\u4e2a"", ""\u6bd4"", ""\u4e0d\u540c""]"
typo,logit,typo-company,56,"["" as"", ""\u4f5c\u4e3a"", "" where"", ""where"", "" me""]"
typo,jlens_camila,typo-company,8,"["" Dept"", ""u"", "" alot"", ""er"", ""o""]"
typo,jlens_camila,typo-company,16,"["" alot"", "" didnt"", "" doesnt"", "" thats"", "" isnt""]"
typo,jlens_camila,typo-company,24,"["" alot"", "" didnt"", "" isnt"", "" doesnt"", "" thats""]"
typo,jlens_camila,typo-company,32,"["" didnt"", "" isnt"", "" doesnt"", "" alot"", ""e""]"
typo,jlens_camila,typo-company,40,"["" employee"", "" employees"", "" company"", "" Employees"", ""employee""]"
typo,jlens_camila,typo-company,48,"["" same"", ""e"", "" Same"", "" didnt"", "" employees""]"
typo,jlens_camila,typo-company,56,"["" as"", "" where"", ""where"", ""\u4f5c\u4e3a"", "" me""]"
typo,rlens_camila,typo-company,8,"["" alot"", "" didnt"", ""e"", ""yman"", "" doesnt""]"
typo,rlens_camila,typo-company,16,"["" alot"", "" didnt"", "" doesnt"", ""e"", "" isnt""]"
typo,rlens_camila,typo-company,24,"["" alot"", "" isnt"", "" didnt"", ""e"", "" doesnt""]"
typo,rlens_camila,typo-company,32,"[""e"", "" didnt"", "" isnt"", "" doesnt"", "" alot""]"
typo,rlens_camila,typo-company,40,"["" company"", "" employees"", "" employee"", ""e"", "" same""]"
typo,rlens_camila,typo-company,48,"[""e"", "" same"", ""g"", ""r"", ""t""]"
typo,rlens_camila,typo-company,56,"["" as"", "" where"", "" me"", ""\u4f5c\u4e3a"", ""where""]"
typo,jpp_released,typo-company,8,"["" companies"", "" company"", ""company"", "" compan"", ""companies""]"
typo,jpp_released,typo-company,16,"["" Cty"", "" Company"", "" Hwy"", "" Corp"", "" Andy""]"
typo,jpp_released,typo-company,24,"["" company"", "" employees"", "" employee"", "" companies"", ""company""]"
typo,jpp_released,typo-company,32,"["" Company"", "" company"", "" employees"", "" employee"", "" Corporation""]"
typo,jpp_released,typo-company,40,"["" company"", "" employee"", "" employees"", "" companies"", ""company""]"
typo,jpp_released,typo-company,48,"["" company"", "" employees"", "" employee"", "" same"", "" Company""]"
typo,jpp_released,typo-company,56,"["" as"", "" for"", "" where"", "" als"", "" job""]"
typo,logit,typo-already,8,"[""/"", "" already"", "" A"", "" t"", "" T""]"
typo,logit,typo-already,16,"[""/"", "" pre"", "" A"", "" T"", "" de""]"
typo,logit,typo-already,24,"["" already"", ""\u5c31\u5df2\u7ecf"", ""/"", ""\u6807"", "" have""]"
typo,logit,typo-already,32,"[""/"", ""\u5c31\u5df2\u7ecf"", ""\u53d1"", ""\u4e4e"", ""\u5f1b""]"
typo,logit,typo-already,40,"[""\u5c31\u5df2\u7ecf"", "" already"", ""thing"", ""\u90fd\u5df2\u7ecf"", ""/""]"
typo,logit,typo-already,48,"[""thing"", ""\u5c31\u5df2\u7ecf"", "" already"", ""/"", ""\u5b8c""]"
typo,logit,typo-already,56,"["" sold"", "" sell"", ""Sold"", "" Sold"", ""sold""]"
typo,jlens_camila,typo-already,8,"[""\uc368"", ""shall"", ""zed"", "" gonna"", ""umpul""]"
typo,jlens_camila,typo-already,16,"["" gonna"", "" espacial"", "" didnt"", "" equipments"", "" dont""]"
typo,jlens_camila,typo-already,24,"["" gonna"", "" didnt"", ""\u00b4s"", "" espacial"", "" dont""]"
typo,jlens_camila,typo-already,32,"["" didnt"", "" dont"", "" alot"", "" got"", "" equipments""]"
typo,jlens_camila,typo-already,40,"["" already"", "" Already"", ""already"", ""Already"", "" tickets""]"
typo,jlens_camila,typo-already,48,"["" already"", "" Already"", ""already"", ""Already"", ""\u5df3""]"
typo,jlens_camila,typo-already,56,"["" sold"", "" sell"", "" Sold"", "" selling"", ""Sold""]"
typo,rlens_camila,typo-already,8,"["" already"", "" in"", "" supposed"", "" mostly"", "" gonna""]"
typo,rlens_camila,typo-already,16,"["" already"", "" gonna"", ""\u00b4s"", "" dont"", "" got""]"
typo,rlens_camila,typo-already,24,"["" already"", "" got"", "" gonna"", ""\u00b4s"", "" Already""]"
typo,rlens_camila,typo-already,32,"["" already"", "" had"", "" early"", "" dont"", "" Already""]"
typo,rlens_camila,typo-already,40,"["" already"", "" Already"", ""already"", ""Already"", "" tickets""]"
typo,rlens_camila,typo-already,48,"["" already"", "" Already"", "" had"", ""already"", "" tickets""]"
typo,rlens_camila,typo-already,56,"["" sold"", "" sell"", "" Sold"", "" selling"", ""Sold""]"
typo,jpp_released,typo-already,8,"["" already"", "" besides"", "" before"", ""already"", "" early""]"
typo,jpp_released,typo-already,16,"["" NY"", "" Zy"", ""zy"", "" zy"", "" Yor""]"
typo,jpp_released,typo-already,24,"["" already"", "" old"", "" in"", "" very"", "" the""]"
typo,jpp_released,typo-already,32,"["" Day"", "" early"", "" in"", "" day"", "" fast""]"
typo,jpp_released,typo-already,40,"["" ticket"", "" tickets"", "" sold"", "" already"", "" early""]"
typo,jpp_released,typo-already,48,"["" tickets"", "" ticket"", "" already"", "" sold"", "" new""]"
typo,jpp_released,typo-already,56,"["" sold"", "" sell"", "" Sold"", "" ticket"", "" tickets""]"
typo,logit,typo-which,8,"[""/"", "" et"", ""pl"", ""\u548c"", "" and""]"
typo,logit,typo-which,16,"["" pl"", ""/"", ""-"", ""D"", ""ch""]"
typo,logit,typo-which,24,"[""/"", ""ch"", ""-"", "" pl"", "" or""]"
typo,logit,typo-which,32,"[""/"", "" b"", ""it"", ""s"", ""\u7b26""]"
typo,logit,typo-which,40,"[""s"", ""A"", ""ly"", ""soever"", ""J""]"
typo,logit,typo-which,48,"[""/"", ""A"", ""s"", ""p"", ""/how""]"
typo,logit,typo-which,56,"["" of"", "" one"", ""one"", "" among"", "" option""]"
typo,jlens_camila,typo-which,8,"[""s"", ""er"", ""aviour"", ""soever"", ""ought""]"
typo,jlens_camila,typo-which,16,"[""s"", ""er"", "" wich"", ""l"", ""r""]"
typo,jlens_camila,typo-which,24,"[""er"", ""s"", "" wich"", ""i"", "" he""]"
typo,jlens_camila,typo-which,32,"[""s"", ""er"", ""i"", ""n"", ""d""]"
typo,jlens_camila,typo-which,40,"["" choice"", "" choices"", "" choose"", "" Choice"", "" selection""]"
typo,jlens_camila,typo-which,48,"["" choice"", "" choices"", "" Choice"", "" choose"", "" Choices""]"
typo,jlens_camila,typo-which,56,"["" clothes"", ""one"", "" option"", "" one"", "" among""]"
typo,rlens_camila,typo-which,8,"[""s"", "" partly"", "" latter"", "" programme"", ""er""]"
typo,rlens_camila,typo-which,16,"[""s"", ""l"", ""i"", ""r"", ""y""]"
typo,rlens_camila,typo-which,24,"[""i"", ""s"", ""er"", ""l"", "" choices""]"
typo,rlens_camila,typo-which,32,"[""i"", ""s"", ""l"", ""n"", ""d""]"
typo,rlens_camila,typo-which,40,"["" choice"", "" choices"", "" choose"", "" selection"", ""s""]"
typo,rlens_camila,typo-which,48,"["" choice"", ""s"", "" choices"", ""t"", ""g""]"
typo,rlens_camila,typo-which,56,"["" of"", "" one"", ""one"", "" option"", "" clothes""]"
typo,jpp_released,typo-which,8,"["" favoured"", "" choice"", "" whichever"", "" colours"", "" Wii""]"
typo,jpp_released,typo-which,16,"["" Wich"", "" WC"", "" Witch"", "" WH"", "" Hatch""]"
typo,jpp_released,typo-which,24,"["" choice"", "" the"", "" to"", "" of"", "" choices""]"
typo,jpp_released,typo-which,32,"["" Witch"", "" Wich"", "" Wisconsin"", "" Eich"", "" Wed""]"
typo,jpp_released,typo-which,40,"["" choice"", "" of"", "" the"", "" selection"", "" option""]"
typo,jpp_released,typo-which,48,"["" of"", "" choice"", "" option"", "" the"", "" type""]"
typo,jpp_released,typo-which,56,"["" of"", "" way"", "" path"", "" job"", "" option""]"
typo,logit,typo-running,8,"[""ik"", ""r"", "" d"", ""h"", "" as""]"
typo,logit,typo-running,16,"[""\u7684"", ""Main"", ""\u5206"", ""iken"", ""ich""]"
typo,logit,typo-running,24,"[""l"", ""lm"", ""ress"", ""d"", ""avage""]"
typo,logit,typo-running,32,"[""lu"", ""l"", "" unab"", ""\u6b63"", ""\u7f38""]"
typo,logit,typo-running,40,"[""\u4e0d\u606f"", ""\u5c3d"", ""l"", ""\u0441\u044f"", ""lu""]"
typo,logit,typo-running,48,"[""ame"", ""\u4e0d\u6b62"", "" unab"", "" hadn"", ""\u7eed""]"
typo,logit,typo-running,56,"["" when"", "" after"", ""when"", ""When"", "" synonyms""]"
typo,jlens_camila,typo-running,8,"["" alot"", "" thats"", "" didnt"", "" whats"", "" isnt""]"
typo,jlens_camila,typo-running,16,"["" alot"", "" didnt"", "" thats"", "" occured"", "" doesnt""]"
typo,jlens_camila,typo-running,24,"["" alot"", "" didnt"", "" occured"", "" isnt"", "" thats""]"
typo,jlens_camila,typo-running,32,"["" didnt"", "" alot"", "" isnt"", "" doesnt"", "" dont""]"
typo,jlens_camila,typo-running,40,"[""\u6c34\u6d41"", "" faucet"", "" water"", "" didnt"", ""\u6c34\u9f99\u5934""]"
typo,jlens_camila,typo-running,48,"["" didnt"", "" faucet"", "" had"", ""still"", "" hadn""]"
typo,jlens_camila,typo-running,56,"["" when"", ""when"", "" after"", ""When"", ""after""]"
typo,rlens_camila,typo-running,8,"["" isnt"", "" alot"", "" didnt"", "" whats"", "" thats""]"
typo,rlens_camila,typo-running,16,"["" alot"", ""\u505a\u4e3a"", "" didnt"", "" thats"", "" occured""]"
typo,rlens_camila,typo-running,24,"["" alot"", "" didnt"", "" occured"", "" isnt"", ""\u505a\u4e3a""]"
typo,rlens_camila,typo-running,32,"["" didnt"", "" alot"", "" isnt"", "" faucet"", "" automatic""]"
typo,rlens_camila,typo-running,40,"["" faucet"", "" water"", ""\u6c34\u6d41"", "" didnt"", ""\u6c34\u9f99\u5934""]"
typo,rlens_camila,typo-running,48,"["" faucet"", "" had"", "" hadn"", "" didnt"", "" fauc""]"
typo,rlens_camila,typo-running,56,"["" when"", "" after"", ""when"", ""When"", ""after""]"
typo,jpp_released,typo-running,8,"["" water"", ""\u6c34\u6d41"", "" waters"", ""\u6c34\u7684"", ""water""]"
typo,jpp_released,typo-running,16,"["" Ruf"", "" Water"", "" Rin"", "" Ran"", "" RL""]"
typo,jpp_released,typo-running,24,"["" water"", ""water"", "" Water"", ""\u6c34\u6d41"", ""\u6c34\u7ba1""]"
typo,jpp_released,typo-running,32,"["" water"", "" Water"", ""\u6c34\u7ba1"", ""water"", ""\u81ea\u6765\u6c34""]"
typo,jpp_released,typo-running,40,"["" water"", ""water"", "" faucet"", "" Water"", ""\u6c34\u6d41""]"
typo,jpp_released,typo-running,48,"["" water"", "" faucet"", ""\u6c34\u9f99\u5934"", "" stream"", "" pump""]"
typo,jpp_released,typo-running,56,"["" when"", "" after"", ""when"", "" faucet"", "" water""]"
typo,logit,typo-college,8,"["" *"", ""f"", ""inal"", ""ton"", ""or""]"
typo,logit,typo-college,16,"[""b"", ""\u57f9\u517b"", ""\u4f9b"", ""\u00f1"", ""f""]"
typo,logit,typo-college,24,"[""azz"", ""b"", ""\u8d35"", ""\u8c61\u7259"", ""orado""]"
typo,logit,typo-college,32,"[""b"", ""or"", ""y"", ""z"", "" b""]"
typo,logit,typo-college,40,"[""\u832c"", ""or"", ""y"", ""azz"", ""g""]"
typo,logit,typo-college,48,"[""a"", ""b"", ""f"", ""<u"", ""azz""]"
typo,logit,typo-college,56,"[""\u4f46"", ""\u8fd9\u53e5\u8bdd"", ""\u7533\u8bf7"", "" but"", "",but""]"
typo,jlens_camila,typo-college,8,"[""e"", "" theater"", ""Canceled"", ""lege"", ""lected""]"
typo,jlens_camila,typo-college,16,"[""e"", "" insure"", "" didnt"", "" alot"", "" dont""]"
typo,jlens_camila,typo-college,24,"["" insure"", ""e"", "" college"", "" alot"", "" didnt""]"
typo,jlens_camila,typo-college,32,"[""e"", "" college"", "" didnt"", "" isnt"", "" dont""]"
typo,jlens_camila,typo-college,40,"["" college"", "" colleges"", ""college"", "" College"", "" university""]"
typo,jlens_camila,typo-college,48,"["" college"", ""e"", "" colleges"", ""a"", ""college""]"
typo,jlens_camila,typo-college,56,"["" but"", ""but"", ""\u7533\u8bf7"", ""\u8fd9\u53e5\u8bdd"", ""\u4f46""]"
typo,rlens_camila,typo-college,8,"[""e"", "" college"", "" College"", "" freshman"", "" colleges""]"
typo,rlens_camila,typo-college,16,"[""e"", "" alot"", "" insure"", "" didnt"", "" isnt""]"
typo,rlens_camila,typo-college,24,"["" college"", ""e"", "" insure"", "" College"", "" freshman""]"
typo,rlens_camila,typo-college,32,"[""e"", "" college"", ""c"", ""i"", ""g""]"
typo,rlens_camila,typo-college,40,"["" college"", "" College"", "" colleges"", ""e"", ""college""]"
typo,rlens_camila,typo-college,48,"["" college"", ""e"", ""a"", ""g"", ""l""]"
typo,rlens_camila,typo-college,56,"["" but"", ""\u7533\u8bf7"", ""\u8fd9\u53e5\u8bdd"", ""but"", ""\u4f46""]"
typo,jpp_released,typo-college,8,"["" college"", "" colleges"", ""college"", "" students"", "" university""]"
typo,jpp_released,typo-college,16,"["" College"", ""College"", "" college"", "" Colleges"", "" colleges""]"
typo,jpp_released,typo-college,24,"["" college"", "" colleges"", "" university"", "" campus"", ""college""]"
typo,jpp_released,typo-college,32,"["" College"", "" college"", "" colleges"", "" University"", "" university""]"
typo,jpp_released,typo-college,40,"["" college"", "" university"", "" College"", "" colleges"", ""college""]"
typo,jpp_released,typo-college,48,"["" college"", "" College"", "" university"", "" colleges"", "" school""]"
typo,jpp_released,typo-college,56,"["" college"", "" university"", "" College"", "" with"", "" for""]"
typo,logit,typo-million,8,"[""p"", "" A"", ""u"", ""t"", "" *""]"
typo,logit,typo-million,16,"[""aires"", ""uh"", ""aire"", "" due"", ""g""]"
typo,logit,typo-million,24,"[""aire"", ""uously"", ""u"", ""umbing"", "" *""]"
typo,logit,typo-million,32,"[""illi"", ""ly"", ""al"", ""fach"", ""l""]"
typo,logit,typo-million,40,"[""u"", ""\u5927\u5173"", ""l"", ""\u51fa\u5934"", ""sequ""]"
typo,logit,typo-million,48,"[""uros"", ""l"", ""\u5927\u5173"", ""u"", ""itis""]"
typo,logit,typo-million,56,"["" dollars"", "" yuan"", ""\u7f8e\u5143"", ""-dollar"", ""aires""]"
typo,jlens_camila,typo-million,8,"[""\uc368"", ""amente"", ""\u09cd\u09a4"", ""issement"", ""\u3066""]"
typo,jlens_camila,typo-million,16,"[""ly"", "" succesfully"", ""\u505a\u4e3a"", ""amente"", ""\u09cd\u09a4""]"
typo,jlens_camila,typo-million,24,"["" succesfully"", ""ly"", ""\u505a\u4e3a"", ""\u81ea\u5df2"", ""l""]"
typo,jlens_camila,typo-million,32,"[""l"", ""ly"", ""n"", ""\u3066"", ""r""]"
typo,jlens_camila,typo-million,40,"["" money"", ""money"", ""price"", "" Money"", "" price""]"
typo,jlens_camila,typo-million,48,"["" money"", "" dollars"", ""money"", ""illion"", "" buy""]"
typo,jlens_camila,typo-million,56,"["" dollars"", "" yuan"", ""-dollar"", "" dollar"", "" euros""]"
typo,rlens_camila,typo-million,8,"[""enght"", "" succesfully"", ""lal"", ""\u00b4s"", "" imposible""]"
typo,rlens_camila,typo-million,16,"[""l"", "" succesfully"", ""\u505a\u4e3a"", ""ly"", ""m""]"
typo,rlens_camila,typo-million,24,"[""\u505a\u4e3a"", ""l"", "" succesfully"", ""ly"", "" money""]"
typo,rlens_camila,typo-million,32,"[""l"", ""r"", "" money"", ""n"", ""ly""]"
typo,rlens_camila,typo-million,40,"["" money"", ""price"", "" million"", ""money"", "" price""]"
typo,rlens_camila,typo-million,48,"["" money"", ""l"", ""uros"", ""illion"", ""n""]"
typo,rlens_camila,typo-million,56,"["" dollars"", "" yuan"", ""-dollar"", "" dollar"", "" euros""]"
typo,jpp_released,typo-million,8,"["" millions"", "" billions"", ""\u6570\u767e\u4e07"", ""million"", "" million""]"
typo,jpp_released,typo-million,16,"["" Millions"", "" Million"", ""illion"", "" gigantic"", "" millions""]"
typo,jpp_released,typo-million,24,"["" money"", "" auction"", ""money"", "" auctions"", "" Auction""]"
typo,jpp_released,typo-million,32,"["" million"", ""-million"", ""illion"", "" Mellon"", "" Million""]"
typo,jpp_released,typo-million,40,"["" money"", "" dollars"", ""money"", ""-money"", "" auction""]"
typo,jpp_released,typo-million,48,"["" money"", "" dollars"", "" million"", ""illion"", "" gold""]"
typo,jpp_released,typo-million,56,"["" dollars"", "" dollar"", "" yuan"", "" euros"", "" euro""]"
typo,logit,typo-village,8,"[""c"", ""b"", ""\u805a"", ""\u5f15"", ""k""]"
typo,logit,typo-village,16,"[""c"", ""onas"", ""g"", ""r"", "" hom""]"
typo,logit,typo-village,24,"[""\u0581"", ""\u4e07\u6237"", ""\u53eb"", ""ken"", ""azo""]"
typo,logit,typo-village,32,"[""b"", ""c"", ""l"", ""ken"", ""r""]"
typo,logit,typo-village,40,"[""\u53eb"", ""au"", ""b"", ""un"", ""c""]"
typo,logit,typo-village,48,"[""\u53eb"", ""A"", ""B"", ""c"", ""b""]"
typo,logit,typo-village,56,"["" near"", "" called"", ""\u9760\u8fd1"", ""\u53eb"", ""called""]"
typo,jlens_camila,typo-village,8,"[""en"", ""e"", ""gence"", ""bout"", ""hip""]"
typo,jlens_camila,typo-village,16,"["" alot"", "" atleast"", "" occured"", "" seperate"", ""\u505a\u4e3a""]"
typo,jlens_camila,typo-village,24,"["" alot"", ""e"", "" seper"", "" occured"", "" seperate""]"
typo,jlens_camila,typo-village,32,"[""e"", "" wich"", "" alot"", ""\u505a\u4e3a"", "" isnt""]"
typo,jlens_camila,typo-village,40,"["" village"", "" towns"", "" villages"", ""e"", "" rural""]"
typo,jlens_camila,typo-village,48,"["" located"", ""e"", "" village"", "" villages"", "" towns""]"
typo,jlens_camila,typo-village,56,"["" near"", "" called"", ""\u9760\u8fd1"", ""near"", ""called""]"
typo,rlens_camila,typo-village,8,"[""e"", "" towns"", "" village"", ""on"", "" villages""]"
typo,rlens_camila,typo-village,16,"["" alot"", ""\u505a\u4e3a"", "" seperate"", "" atleast"", ""e""]"
typo,rlens_camila,typo-village,24,"[""e"", "" alot"", "" of"", "" village"", "" thats""]"
typo,rlens_camila,typo-village,32,"[""e"", ""l"", ""c"", ""t"", ""i""]"
typo,rlens_camila,typo-village,40,"[""e"", "" village"", "" towns"", "" villages"", "" rural""]"
typo,rlens_camila,typo-village,48,"["" located"", ""e"", "" where"", "" village"", ""l""]"
typo,rlens_camila,typo-village,56,"["" near"", "" called"", ""\u9760\u8fd1"", "" nearby"", ""\u53eb""]"
typo,jpp_released,typo-village,8,"["" village"", "" villages"", "" villagers"", "" town"", "" towns""]"
typo,jpp_released,typo-village,16,"["" Village"", "" village"", "" villages"", "" Vill"", "" villagers""]"
typo,jpp_released,typo-village,24,"["" village"", "" villages"", "" town"", "" towns"", "" fishing""]"
typo,jpp_released,typo-village,32,"["" village"", "" Village"", "" villages"", "" town"", "" villagers""]"
typo,jpp_released,typo-village,40,"["" village"", "" town"", "" towns"", "" rural"", "" city""]"
typo,jpp_released,typo-village,48,"["" village"", "" town"", "" villages"", "" towns"", "" Village""]"
typo,jpp_released,typo-village,56,"["" near"", "" called"", "" nearby"", "" in"", "" where""]"
typo,logit,typo-message,8,"[""/"", ""-"", ""C"", ""b"", ""s""]"
typo,logit,typo-message,16,"[""S"", ""b"", ""e"", ""r"", ""R""]"
typo,logit,typo-message,24,"[""e"", ""b"", ""ad"", ""u"", ""uh""]"
typo,logit,typo-message,32,"[""un"", ""b"", ""/"", ""r"", ""e""]"
typo,logit,typo-message,40,"[""S"", ""un"", ""os"", ""L"", ""\u8bed""]"
typo,logit,typo-message,48,"[""S"", ""A"", ""os"", ""a"", ""(s""]"
typo,logit,typo-message,56,"["" from"", ""from"", ""\u6765\u81ea"", ""\u4ece"", ""From""]"
typo,jlens_camila,typo-message,8,"[""e"", ""en"", ""g"", ""eing"", ""ek""]"
typo,jlens_camila,typo-message,16,"["" didnt"", "" occured"", ""e"", "" isnt"", "" alot""]"
typo,jlens_camila,typo-message,24,"[""e"", "" isnt"", "" alot"", "" didnt"", "" thats""]"
typo,jlens_camila,typo-message,32,"[""e"", "" isnt"", "" didnt"", "" dont"", "" doesnt""]"
typo,jlens_camila,typo-message,40,"["" message"", "" typo"", "" messages"", ""e"", "" Message""]"
typo,jlens_camila,typo-message,48,"["" typo"", ""e"", "" error"", "" message"", ""error""]"
typo,jlens_camila,typo-message,56,"[""from"", "" from"", ""From"", "" From"", ""\u4ece""]"
typo,rlens_camila,typo-message,8,"[""e"", ""g"", "" message"", ""es"", "" teh""]"
typo,rlens_camila,typo-message,16,"["" isnt"", "" didnt"", "" occured"", ""e"", "" recieved""]"
typo,rlens_camila,typo-message,24,"[""e"", "" isnt"", "" recieved"", "" didnt"", "" thats""]"
typo,rlens_camila,typo-message,32,"[""e"", "" typo"", "" isnt"", "" miss"", "" dont""]"
typo,rlens_camila,typo-message,40,"["" message"", "" typo"", "" miss"", ""e"", "" word""]"
typo,rlens_camila,typo-message,48,"[""e"", "" typo"", ""l"", "" miss"", "" message""]"
typo,rlens_camila,typo-message,56,"["" from"", ""from"", ""From"", "" From"", ""\u6765\u81ea""]"
typo,jpp_released,typo-message,8,"["" messages"", ""messages"", "" message"", ""\u77ed\u4fe1"", ""/messages""]"
typo,jpp_released,typo-message,16,"["" MSG"", "" Message"", "" Msg"", "" Messenger"", ""(MSG""]"
typo,jpp_released,typo-message,24,"["" message"", "" phone"", "" messages"", "" sender"", "" voice""]"
typo,jpp_released,typo-message,32,"["" Message"", "" Messenger"", "" Messages"", "" MSG"", "" phone""]"
typo,jpp_released,typo-message,40,"["" message"", "" messages"", "" letter"", "" word"", "" words""]"
typo,jpp_released,typo-message,48,"["" message"", "" messages"", "" phone"", "" email"", "" letter""]"
typo,jpp_released,typo-message,56,"["" from"", ""from"", "" From"", ""From"", "" FROM""]"
typo,logit,typo-success,8,"[""-"", ""\u6210\u529f"", ""s"", ""ive"", ""er""]"
typo,logit,typo-success,16,"[""s"", ""er"", ""r"", ""-"", ""F""]"
typo,logit,typo-success,24,"[""ive"", ""ment"", ""\u7684\u6210\u529f"", "" success"", "" successful""]"
typo,logit,typo-success,32,"[""r"", ""illi"", ""u"", ""i"", "" though""]"
typo,logit,typo-success,40,"[""ment"", ""r"", ""2"", ""\u7684\u6210\u529f"", "" successful""]"
typo,logit,typo-success,48,"[""ful"", ""H"", ""\u0435"", ""u"", ""r""]"
typo,logit,typo-success,56,"[""ful"", "" success"", ""\u7684\u6210\u529f"", "" especially"", ""ive""]"
typo,jlens_camila,typo-success,8,"[""aviour"", ""er"", ""programme"", ""avour"", "" favoured""]"
typo,jlens_camila,typo-success,16,"[""\u505a\u4e3a"", "" whilst"", "" succes"", "" occured"", ""aviour""]"
typo,jlens_camila,typo-success,24,"[""\u505a\u4e3a"", "" whilst"", "" succes"", "" realised"", "" occured""]"
typo,jlens_camila,typo-success,32,"[""\u505a\u4e3a"", "" realised"", "" whilst"", "" succes"", "" programme""]"
typo,jlens_camila,typo-success,40,"["" succes"", ""\u7684\u6210\u529f"", "" success"", "" realised"", "" organised""]"
typo,jlens_camila,typo-success,48,"[""\u7684\u6210\u529f"", "" realised"", "" programme"", "" successful"", "" success""]"
typo,jlens_camila,typo-success,56,"[""\u7684\u6210\u529f"", "" success"", "" succes"", ""\u6210\u529f"", ""\u6210\u529f\u7684""]"
typo,rlens_camila,typo-success,8,"["" succes"", ""\u505a\u4e3a"", "" succesfully"", ""u"", ""\u00b4t""]"
typo,rlens_camila,typo-success,16,"[""\u505a\u4e3a"", "" succes"", "" succesfully"", "" lenght"", "" occured""]"
typo,rlens_camila,typo-success,24,"[""\u505a\u4e3a"", "" whilst"", "" succes"", "" succesfully"", "" realised""]"
typo,rlens_camila,typo-success,32,"[""\u505a\u4e3a"", "" realised"", "" occured"", "" succes"", "" whilst""]"
typo,rlens_camila,typo-success,40,"["" success"", ""\u7684\u6210\u529f"", "" succes"", "" realised"", "" successful""]"
typo,rlens_camila,typo-success,48,"[""\u7684\u6210\u529f"", "" realised"", "" programme"", ""y"", ""S""]"
typo,rlens_camila,typo-success,56,"["" success"", ""\u7684\u6210\u529f"", ""\u6210\u529f"", ""ful"", "" succes""]"
typo,jpp_released,typo-success,8,"[""\u8377\u5170"", "" success"", "" succes"", "" successes"", "" Dutch""]"
typo,jpp_released,typo-success,16,"["" Success"", "" succes"", "" Succ"", "" triumph"", "" Sussex""]"
typo,jpp_released,typo-success,24,"["" favour"", "" realised"", "" organised"", "" organisation"", "" organising""]"
typo,jpp_released,typo-success,32,"["" Success"", "" success"", "" triumph"", "" event"", "" Triumph""]"
typo,jpp_released,typo-success,40,"["" success"", "" successful"", "" event"", ""\u7684\u6210\u529f"", ""st""]"
typo,jpp_released,typo-success,48,"["" event"", "" success"", "" successful"", ""is"", ""S""]"
typo,jpp_released,typo-success,56,"["" success"", "" Success"", "" succes"", "" Succ"", ""Success""]"
typo,logit,typo-length,8,"[""itud"", ""h"", ""length"", ""\u72af"", "" length""]"
typo,logit,typo-length,16,"[""tr"", ""\u9700\u8981"", ""\u4e86"", ""\u548c"", ""/""]"
typo,logit,typo-length,24,"[""Length"", "" length"", ""itud"", ""(length"", ""wise""]"
typo,logit,typo-length,32,"[""est"", ""s"", ""/"", ""itude"", ""l""]"
typo,logit,typo-length,40,"[""s"", ""itude"", ""A"", ""y"", ""in""]"
typo,logit,typo-length,48,"[""/"", ""s"", ""A"", ""a"", ""\u548c""]"
typo,logit,typo-length,56,"["" using"", ""\u7528"", ""\u8fd9\u53e5\u8bdd"", ""\u7cbe\u786e"", ""s""]"
typo,jlens_camila,typo-length,8,"[""s"", ""es"", ""\u3044\u308b"", ""y"", ""\u044b""]"
typo,jlens_camila,typo-length,16,"[""s"", ""es"", ""y"", "" lenght"", ""\u0629""]"
typo,jlens_camila,typo-length,24,"[""s"", "" lenght"", ""ly"", ""es"", ""y""]"
typo,jlens_camila,typo-length,32,"[""s"", ""y"", ""n"", ""es"", ""ness""]"
typo,jlens_camila,typo-length,40,"[""s"", "" lenght"", ""Length"", "" length"", "" Length""]"
typo,jlens_camila,typo-length,48,"[""s"", ""es"", "" lenght"", ""a"", "" measurement""]"
typo,jlens_camila,typo-length,56,"["" using"", ""using"", ""Using"", ""\u8fd9\u53e5\u8bdd"", ""\u7528""]"
typo,rlens_camila,typo-length,8,"[""s"", ""n"", ""y"", ""m"", ""a""]"
typo,rlens_camila,typo-length,16,"[""s"", ""y"", "" lenght"", ""d"", ""n""]"
typo,rlens_camila,typo-length,24,"[""s"", "" lenght"", ""y"", ""g"", ""m""]"
typo,rlens_camila,typo-length,32,"[""s"", ""g"", ""y"", ""n"", ""m""]"
typo,rlens_camila,typo-length,40,"[""s"", ""g"", "" measurement"", ""y"", "" length""]"
typo,rlens_camila,typo-length,48,"[""s"", ""g"", ""a"", ""l"", ""y""]"
typo,rlens_camila,typo-length,56,"["" using"", ""using"", ""s"", ""\u8fd9\u53e5\u8bdd"", "" and""]"
typo,jpp_released,typo-length,8,"[""s"", ""y"", ""g"", ""l"", ""n""]"
typo,jpp_released,typo-length,16,"["" Leng"", "" LH"", "" LG"", "" Length"", ""LG""]"
typo,jpp_released,typo-length,24,"["" length"", ""length"", ""s"", "" lengths"", "" of""]"
typo,jpp_released,typo-length,32,"["" and"", "" Length"", "" Leng"", "" of"", "" length""]"
typo,jpp_released,typo-length,40,"[""s"", "" length"", ""l"", "" measurement"", ""g""]"
typo,jpp_released,typo-length,48,"["" and"", ""s"", "" measurement"", "" of"", ""and""]"
typo,jpp_released,typo-length,56,"["" and"", "" using"", "" with"", "" Leng"", ""and""]"
typo,logit,typo-always,8,"[""-"", "" be"", ""ded"", "" un"", "" A""]"
typo,logit,typo-always,16,"[""us"", ""-"", ""\u4f9d"", ""r"", ""b""]"
typo,logit,typo-always,24,"[""\u535c"", "" keep"", "" have"", "" be"", "" stick""]"
typo,logit,typo-always,32,"[""*"", ""/"", ""ly"", ""b"", ""iance""]"
typo,logit,typo-always,40,"[""\u627f\u8bfa"", ""ly"", ""Promise"", ""F"", "" never""]"
typo,logit,typo-always,48,"[""*"", ""a"", ""f"", ""/"", ""\u6e29\u67d4""]"
typo,logit,typo-always,56,"["" remember"", ""\u652f\u6301"", "" accompany"", "" support"", "" remembers""]"
typo,jlens_camila,typo-always,8,"[""\uc368"", "" didnt"", ""\u0e01\u0e32\u0e23"", ""iance"", ""ignment""]"
typo,jlens_camila,typo-always,16,"["" didnt"", "" alot"", "" doesnt"", "" teh"", "" everytime""]"
typo,jlens_camila,typo-always,24,"["" didnt"", "" everytime"", ""\u0131"", "" alot"", "" doesnt""]"
typo,jlens_camila,typo-always,32,"["" didnt"", ""\u0131"", "" teh"", "" dont"", "" doesnt""]"
typo,jlens_camila,typo-always,40,"[""always"", "" always"", "" Always"", ""Always"", ""never""]"
typo,jlens_camila,typo-always,48,"["" always"", ""always"", "" Always"", "" ALWAYS"", ""Always""]"
typo,jlens_camila,typo-always,56,"["" remember"", "" remembers"", "" remembered"", "" remembering"", ""remember""]"
typo,rlens_camila,typo-always,8,"["" always"", ""always"", ""(always"", "" Always"", ""Always""]"
typo,rlens_camila,typo-always,16,"["" teh"", "" alot"", "" didnt"", "" occured"", "" thats""]"
typo,rlens_camila,typo-always,24,"["" always"", ""always"", "" didnt"", "" teh"", "" everytime""]"
typo,rlens_camila,typo-always,32,"[""\u0131"", "" didnt"", "" teh"", ""l"", ""w""]"
typo,rlens_camila,typo-always,40,"["" always"", "" never"", ""always"", "" Always"", "" promise""]"
typo,rlens_camila,typo-always,48,"["" always"", ""always"", "" Always"", "" never"", ""Always""]"
typo,rlens_camila,typo-always,56,"["" remember"", "" remembers"", "" be"", "" accompany"", "" remembered""]"
typo,jpp_released,typo-always,8,"[""always"", "" always"", ""usual"", "" stuck"", "" ALWAYS""]"
typo,jpp_released,typo-always,16,"["" Yas"", "" Always"", "" ALWAYS"", "" Forever"", "" Vegas""]"
typo,jpp_released,typo-always,24,"["" love"", "" forever"", "" always"", "" romantic"", "" good""]"
typo,jpp_released,typo-always,32,"["" Forever"", "" forever"", "" love"", "" Always"", "" loyal""]"
typo,jpp_released,typo-always,40,"["" always"", "" promise"", "" never"", "" forever"", "" love""]"
typo,jpp_released,typo-always,48,"["" always"", "" love"", "" forever"", "" Always"", "" promise""]"
typo,jpp_released,typo-always,56,"["" remember"", "" support"", "" be"", "" help"", "" Remember""]"
typo,logit,typo-island,8,"[""appa"", ""\u5c0f"", ""nowrap"", ""\u51f8"", ""zz""]"
typo,logit,typo-island,16,"[""\u5c0f"", ""A"", ""\u67ef"", ""r"", ""\u5de7""]"
typo,logit,typo-island,24,"[""arium"", ""gy"", ""stead"", ""abor"", ""shire""]"
typo,logit,typo-island,32,"[""bery"", ""ort"", ""A"", ""\u5f00"", ""POS""]"
typo,logit,typo-island,40,"[""A"", ""(s"", ""\u53eb"", ""POS"", ""ugu""]"
typo,logit,typo-island,48,"[""\u5140"", ""\u4eba\u9020"", ""alysis"", ""arium"", ""apolis""]"
typo,logit,typo-island,56,"["" where"", ""where"", ""\u0433\u0434\u0435"", ""ewhere"", "" Where""]"
typo,jlens_camila,typo-island,8,"[""\u0629"", ""ation"", ""ness"", ""\u062a"", ""t""]"
typo,jlens_camila,typo-island,16,"[""\u0629"", ""t"", ""i"", "" alot"", ""ation""]"
typo,jlens_camila,typo-island,24,"[""\u0629"", ""i"", ""t"", ""y"", ""ness""]"
typo,jlens_camila,typo-island,32,"[""t"", ""\u0629"", ""i"", ""y"", "" teh""]"
typo,jlens_camila,typo-island,40,"["" island"", "" islands"", ""\u5c9b"", "" Island"", ""t""]"
typo,jlens_camila,typo-island,48,"["" island"", "" islands"", ""which"", ""t"", ""e""]"
typo,jlens_camila,typo-island,56,"["" where"", ""where"", "" island"", "" islands"", "" called""]"
typo,rlens_camila,typo-island,8,"[""\u0629"", ""t"", "" island"", ""ation"", ""ase""]"
typo,rlens_camila,typo-island,16,"[""t"", "" teh"", ""i"", ""y"", ""r""]"
typo,rlens_camila,typo-island,24,"["" island"", ""i"", ""t"", ""\u5c9b"", "" islands""]"
typo,rlens_camila,typo-island,32,"[""t"", ""i"", "" island"", ""r"", ""y""]"
typo,rlens_camila,typo-island,40,"["" island"", ""\u5c9b"", ""t"", "" islands"", "" Island""]"
typo,rlens_camila,typo-island,48,"["" island"", ""n"", ""l"", ""\u5c9b"", ""i""]"
typo,rlens_camila,typo-island,56,"["" where"", ""where"", "" island"", "" called"", ""\u5c9b""]"
typo,jpp_released,typo-island,8,"["" island"", "" islands"", "" Islands"", ""\u5c9b\u5c7f"", ""\u5c9b\u4e0a""]"
typo,jpp_released,typo-island,16,"["" Island"", "" island"", "" Islands"", "" islands"", ""\u5c0f\u5c9b""]"
typo,jpp_released,typo-island,24,"["" island"", "" islands"", "" Island"", ""\u5c9b"", ""\u5c9b\u5c7f""]"
typo,jpp_released,typo-island,32,"["" island"", "" Island"", "" islands"", "" Islands"", ""\u5c9b\u7684""]"
typo,jpp_released,typo-island,40,"["" island"", "" islands"", "" Island"", ""\u5c9b"", ""\u5c9b\u4e0a""]"
typo,jpp_released,typo-island,48,"["" island"", "" Island"", "" islands"", ""\u5c9b\u4e0a"", "" Islands""]"
typo,jpp_released,typo-island,56,"["" island"", "" Island"", ""\u5c9b"", ""\u5c0f\u5c9b"", "" islands""]"
typo,logit,typo-single,8,"[""unt"", ""longleftrightarrow"", ""ingles"", "" major"", ""\u5355""]"
typo,logit,typo-single,16,"[""\u6beb"", ""\u65e9"", ""\u12cd"", ""ODA"", ""\u6b86""]"
typo,logit,typo-single,24,"[""lada"", "" wasted"", "" devoted"", "" precious"", ""aning""]"
typo,logit,typo-single,32,"[""iance"", ""ht"", ""y"", ""uding"", "" precious""]"
typo,logit,typo-single,40,"[""ugu"", "" wasted"", "" precious"", ""\u4e43\u81f3"", ""\u6d6a\u8d39""]"
typo,logit,typo-single,48,"["" precious"", ""thing"", ""\u6216\u591a"", "" wasted"", ""\u6216\u5c11""]"
typo,logit,typo-single,56,"["" moment"", "" precious"", "" minute"", "" opportunity"", ""\u4e00\u79d2""]"
typo,jlens_camila,typo-single,8,"[""\u0629"", "" splitted"", "" Whilst"", ""Alright"", "" whilst""]"
typo,jlens_camila,typo-single,16,"["" seperate"", ""\u0629"", "" alot"", "" occured"", "" everytime""]"
typo,jlens_camila,typo-single,24,"["" seperate"", ""\u0629"", "" alot"", "" occured"", "" teh""]"
typo,jlens_camila,typo-single,32,"["" teh"", "" alot"", ""\u0629"", "" isnt"", "" didnt""]"
typo,jlens_camila,typo-single,40,"[""\u6d6a\u8d39"", "" wasted"", "" money"", "" waste"", "" wasting""]"
typo,jlens_camila,typo-single,48,"["" wasted"", "" every"", ""\u6d6a\u8d39"", "" precious"", "" anything""]"
typo,jlens_camila,typo-single,56,"["" moment"", "" minute"", "" moments"", "" chance"", "" opportunity""]"
typo,rlens_camila,typo-single,8,"[""ither"", "" atleast"", "" whatsoever"", "" seperate"", "" mere""]"
typo,rlens_camila,typo-single,16,"["" teh"", "" seperate"", "" occured"", "" atleast"", ""y""]"
typo,rlens_camila,typo-single,24,"["" teh"", "" isnt"", "" ever"", "" precious"", ""ither""]"
typo,rlens_camila,typo-single,32,"["" teh"", "" isnt"", ""e"", ""y"", "" thing""]"
typo,rlens_camila,typo-single,40,"["" wasted"", ""\u6d6a\u8d39"", "" precious"", "" waste"", "" every""]"
typo,rlens_camila,typo-single,48,"["" wasted"", "" every"", "" precious"", ""e"", "" anything""]"
typo,rlens_camila,typo-single,56,"["" moment"", "" minute"", "" opportunity"", "" moments"", "" chance""]"
typo,jpp_released,typo-single,8,"["" shot"", "" lone"", "" single"", "" shots"", "" whilst""]"
typo,jpp_released,typo-single,16,"["" SG"", "" Singleton"", ""SG"", "" Sing"", "" SINGLE""]"
typo,jpp_released,typo-single,24,"["" wasted"", "" precious"", "" shot"", "" time"", "" minute""]"
typo,jpp_released,typo-single,32,"["" Penny"", "" Jew"", "" penny"", "" Monkey"", "" Minute""]"
typo,jpp_released,typo-single,40,"["" money"", "" day"", "" one"", "" time"", "" shot""]"
typo,jpp_released,typo-single,48,"["" day"", "" time"", "" shot"", "" life"", "" of""]"
typo,jpp_released,typo-single,56,"["" moment"", "" minute"", "" dollar"", "" word"", "" day""]"
typo,logit,typo-already2,8,"[""\u5df2"", "" already"", ""\u5df2\u7ecf"", ""t"", ""\u5df2\u6709""]"
typo,logit,typo-already2,16,"[""\u5df2"", ""zen"", ""S"", ""D"", "" already""]"
typo,logit,typo-already2,24,"["" already"", ""Already"", "" Already"", ""\u5df2\u7ecf"", ""already""]"
typo,logit,typo-already2,32,"[""/"", "" b"", ""fly"", ""igo"", ""\u53d1""]"
typo,logit,typo-already2,40,"["" already"", ""\u90fd\u5df2\u7ecf"", ""already"", ""Already"", ""chaft""]"
typo,logit,typo-already2,48,"["" already"", ""a"", ""\u5df2\u7ecf"", ""A"", ""\u0435""]"
typo,logit,typo-already2,56,"["" consumed"", "" gone"", "" consumption"", ""\u6d88\u8017"", "" eaten""]"
typo,jlens_camila,typo-already2,8,"["" alot"", "" wich"", "" seperate"", "" didnt"", ""a""]"
typo,jlens_camila,typo-already2,16,"["" alot"", ""\u505a\u4e3a"", "" didnt"", "" dont"", "" wich""]"
typo,jlens_camila,typo-already2,24,"["" alot"", ""\u505a\u4e3a"", "" didnt"", "" wich"", "" occured""]"
typo,jlens_camila,typo-already2,32,"["" didnt"", "" alot"", "" dont"", "" isnt"", ""e""]"
typo,jlens_camila,typo-already2,40,"["" Already"", ""already"", "" already"", ""Already"", ""e""]"
typo,jlens_camila,typo-already2,48,"["" Already"", "" already"", ""already"", ""Already"", ""\u5df2""]"
typo,jlens_camila,typo-already2,56,"["" eaten"", "" consumed"", "" gone"", "" consume"", "" consumption""]"
typo,rlens_camila,typo-already2,8,"[""\u505a\u4e3a"", "" seperate"", "" alot"", "" wich"", "" thats""]"
typo,rlens_camila,typo-already2,16,"[""\u505a\u4e3a"", "" alot"", "" thats"", ""Lets"", "" wich""]"
typo,rlens_camila,typo-already2,24,"[""\u505a\u4e3a"", "" alot"", "" didnt"", "" occured"", "" wich""]"
typo,rlens_camila,typo-already2,32,"["" alot"", "" didnt"", "" dont"", "" isnt"", ""\u505a\u4e3a""]"
typo,rlens_camila,typo-already2,40,"["" already"", "" Already"", ""already"", ""Already"", ""t""]"
typo,rlens_camila,typo-already2,48,"["" already"", "" Already"", ""already"", ""a"", ""t""]"
typo,rlens_camila,typo-already2,56,"["" consumed"", "" eaten"", "" gone"", "" consumption"", "" consume""]"
typo,jpp_released,typo-already2,8,"["" already"", "" whilst"", "" colour"", ""\u505a\u4e3a"", "" specialised""]"
typo,jpp_released,typo-already2,16,"["" Zack"", "" RL"", "" Good"", "" Ready"", "" Red""]"
typo,jpp_released,typo-already2,24,"["" already"", "" old"", "" got"", "" done"", "" nice""]"
typo,jpp_released,typo-already2,32,"["" Dutch"", "" before"", "" in"", "" Before"", "" Zack""]"
typo,jpp_released,typo-already2,40,"["" already"", "" pre"", "" done"", ""a"", "" food""]"
typo,jpp_released,typo-already2,48,"["" already"", "" Already"", "" food"", ""a"", "" pre""]"
typo,jpp_released,typo-already2,56,"["" eaten"", "" gone"", "" consumed"", "" eat"", "" eating""]"
typo,logit,typo-although,8,"[""/"", ""s"", ""\u7684"", "" as"", "" and""]"
typo,logit,typo-although,16,"[""\u5176"", ""\u7684"", ""/"", ""\u6279"", "" /""]"
typo,logit,typo-although,24,"[""/"", ""ichts"", ""IF"", "" having"", ""\u6807""]"
typo,logit,typo-although,32,"[""/"", ""\u8bc9"", ""(b"", ""s"", ""\u8fdf""]"
typo,logit,typo-although,40,"[""s"", ""sic"", ""it"", ""hd"", ""*""]"
typo,logit,typo-although,48,"[""/"", ""s"", ""sic"", ""\u77e5\u9053"", ""it""]"
typo,logit,typo-although,56,"["" she"", "" knowing"", "" it"", ""\u5979"", "" they""]"
typo,jlens_camila,typo-although,8,"["" alot"", "" seperate"", "" wich"", ""adays"", "" atleast""]"
typo,jlens_camila,typo-although,16,"["" alot"", "" didnt"", "" atleast"", "" everytime"", "" espacial""]"
typo,jlens_camila,typo-although,24,"["" alot"", "" didnt"", "" seperate"", "" atleast"", "" doesnt""]"
typo,jlens_camila,typo-although,32,"["" didnt"", "" doesnt"", "" alot"", ""\u0131"", ""t""]"
typo,jlens_camila,typo-although,40,"[""t"", "" didnt"", "" doesnt"", ""it"", ""\u0131""]"
typo,jlens_camila,typo-although,48,"[""e"", "" they"", ""t"", "" didnt"", ""s""]"
typo,jlens_camila,typo-although,56,"["" she"", "" her"", "" knowing"", "" knew"", "" it""]"
typo,rlens_camila,typo-although,8,"["" alot"", "" seperate"", ""\u00b4s"", ""\u00b4t"", ""enght""]"
typo,rlens_camila,typo-although,16,"["" alot"", "" didnt"", "" atleast"", ""\u00b4s"", "" seperate""]"
typo,rlens_camila,typo-although,24,"["" alot"", "" didnt"", "" seperate"", "" espacial"", "" atleast""]"
typo,rlens_camila,typo-although,32,"["" didnt"", ""t"", ""\u0131"", "" alot"", ""sic""]"
typo,rlens_camila,typo-although,40,"[""t"", ""it"", ""g"", ""s"", ""c""]"
typo,rlens_camila,typo-although,48,"[""s"", ""t"", ""it"", ""e"", ""/""]"
typo,rlens_camila,typo-although,56,"["" she"", "" it"", "" her"", "" knowing"", "" knew""]"
typo,jpp_released,typo-although,8,"["" amongst"", "" whilst"", "" though"", "" nowadays"", ""@hotmail""]"
typo,jpp_released,typo-although,16,"["" Brigham"", "" Alaska"", "" TG"", "" MG"", "" Trom""]"
typo,jpp_released,typo-although,24,"["" they"", ""they"", "" it"", "" there"", "" although""]"
typo,jpp_released,typo-although,32,"["" Tolkien"", "" Alain"", "" Willie"", "" Czech"", "" they""]"
typo,jpp_released,typo-although,40,"["" there"", "" they"", "" it"", "" the"", ""the""]"
typo,jpp_released,typo-although,48,"["" they"", "" the"", "" there"", ""/"", "" it""]"
typo,jpp_released,typo-although,56,"["" he"", ""Al"", "" knowing"", "" they"", "" know""]"
typo,logit,typo-again,8,"[""b"", ""est"", ""th"", ""-"", ""r""]"
typo,logit,typo-again,16,"[""asures"", ""\u4e0d\u4f1a\u518d"", ""r"", ""ous"", ""\u4e5f\u4e0d\u4f1a""]"
typo,logit,typo-again,24,"[""ance"", ""\u6e9c"", ""\u8fd9\u79cd\u884c\u4e3a"", ""oad"", ""ment""]"
typo,logit,typo-again,32,"[""l"", ""[t"", ""est"", ""un"", ""x""]"
typo,logit,typo-again,40,"[""l"", ""[t"", ""L"", ""\u0435"", ""\u72af""]"
typo,logit,typo-again,48,"[""\u8fd9\u53e5\u8bdd"", ""ose"", ""\u8fd9\u4e00"", ""\u5f7b\u5e95"", ""colo""]"
typo,logit,typo-again,56,"[""\u8fd9\u53e5\u8bdd"", "" sentence"", ""\u6539\u5199"", ""\u627f\u8bfa"", "" promised""]"
typo,jlens_camila,typo-again,8,"[""en"", ""ement"", ""\u0629"", ""ity"", "" alot""]"
typo,jlens_camila,typo-again,16,"["" alot"", "" seperate"", "" occured"", "" seper"", ""\u0629""]"
typo,jlens_camila,typo-again,24,"["" alot"", "" seperate"", "" thats"", "" occured"", "" insure""]"
typo,jlens_camila,typo-again,32,"["" alot"", "" didnt"", "" dont"", "" isnt"", "" doesnt""]"
typo,jlens_camila,typo-again,40,"["" mistake"", "" dont"", "" isnt"", ""e"", "" didnt""]"
typo,jlens_camila,typo-again,48,"[""\u8fd9\u53e5\u8bdd"", "" mistakes"", ""\u6539\u6b63"", "" mistake"", ""\u9519\u8bef""]"
typo,jlens_camila,typo-again,56,"[""\u8fd9\u53e5\u8bdd"", "" sentence"", ""\u53e5\u5b50"", ""\u627f\u8bfa"", ""\u6539\u5199""]"
typo,rlens_camila,typo-again,8,"[""l"", ""en"", "" seperate"", ""r"", ""n""]"
typo,rlens_camila,typo-again,16,"["" seperate"", "" alot"", "" occured"", "" recieved"", "" seper""]"
typo,rlens_camila,typo-again,24,"["" alot"", "" occured"", "" thats"", "" seperate"", "" insure""]"
typo,rlens_camila,typo-again,32,"["" alot"", ""l"", "" occured"", "" dont"", "" didnt""]"
typo,rlens_camila,typo-again,40,"[""l"", ""ou"", ""f"", ""g"", ""r""]"
typo,rlens_camila,typo-again,48,"[""\u8fd9\u53e5\u8bdd"", ""\u6539\u6b63"", ""l"", ""en"", "" mistakes""]"
typo,rlens_camila,typo-again,56,"[""\u8fd9\u53e5\u8bdd"", "" sentence"", ""\u53e5\u5b50"", ""\u6539\u5199"", "" promised""]"
typo,jpp_released,typo-again,8,"["" again"", ""ar"", "" repet"", ""re"", "" repeat""]"
typo,jpp_released,typo-again,16,"[""ogan"", "" Cian"", "" Saga"", "" cia"", "" GG""]"
typo,jpp_released,typo-again,24,"[""l"", "" forever"", ""n"", "" old"", ""er""]"
typo,jpp_released,typo-again,32,"["" Again"", "" After"", "" after"", ""ie"", "" Sorry""]"
typo,jpp_released,typo-again,40,"[""i"", ""l"", ""in"", ""it"", ""g""]"
typo,jpp_released,typo-again,48,"["" his"", "" words"", "" apology"", ""ai"", "" repent""]"
typo,jpp_released,typo-again,56,"["" sentence"", "" word"", "" grammar"", "" words"", "" english""]"
typo,logit,typo-model,8,"["" model"", ""g"", "" models"", "" p"", ""\u6a21\u578b""]"
typo,logit,typo-model,16,"[""g"", ""wr"", ""aza"", ""pro"", "" model""]"
typo,logit,typo-model,24,"[""\u7f29\u5c0f"", ""\u6a21\u578b"", "" model"", ""\u7f29"", ""yscale""]"
typo,logit,typo-model,32,"[""ksen"", "" of"", ""upun"", ""illi"", ""mland""]"
typo,logit,typo-model,40,"[""(scale"", ""\u6a21\u578b"", ""Scaled"", ""Scale"", "" scale""]"
typo,logit,typo-model,48,"["" \ucd95\uc18c"", ""\u5e0c\u671b\u53ef\u4ee5\u5e2e\u52a9"", "" of"", ""\u6a21\u578b"", ""\u539f\u578b""]"
typo,logit,typo-model,56,"["" of"", ""\u6309\u6bd4\u4f8b"", ""\u6bd4\u4f8b\u4e3a"", ""\u7684\u6bd4\u4f8b"", ""led""]"
typo,jlens_camila,typo-model,8,"[""ized"", ""IZED"", ""u"", ""o"", ""\uc368""]"
typo,jlens_camila,typo-model,16,"[""u"", ""o"", ""r"", ""d"", "" didnt""]"
typo,jlens_camila,typo-model,24,"["" of"", ""o"", "" isnt"", ""i"", ""of""]"
typo,jlens_camila,typo-model,32,"[""o"", ""i"", "" of"", ""r"", ""d""]"
typo,jlens_camila,typo-model,40,"["" scaled"", "" scale"", ""\u4eff\u771f"", "" simulation"", "" Scale""]"
typo,jlens_camila,typo-model,48,"[""o"", "" of"", ""\u6a21\u578b"", "" model"", ""l""]"
typo,jlens_camila,typo-model,56,"["" of"", "" scale"", "" Scale"", ""using"", ""Scale""]"
typo,rlens_camila,typo-model,8,"[""ized"", ""l"", ""r"", ""i"", ""h""]"
typo,rlens_camila,typo-model,16,"[""l"", "" isnt"", ""r"", ""d"", ""i""]"
typo,rlens_camila,typo-model,24,"["" of"", ""l"", "" isnt"", ""r"", ""d""]"
typo,rlens_camila,typo-model,32,"[""l"", "" isnt"", ""i"", ""o"", ""r""]"
typo,rlens_camila,typo-model,40,"["" scaled"", "" scale"", "" scales"", "" Scale"", ""Scale""]"
typo,rlens_camila,typo-model,48,"[""l"", "" of"", ""\u6a21\u578b"", "" model"", ""o""]"
typo,rlens_camila,typo-model,56,"["" of"", "" scale"", "" Scale"", "" using"", ""-scale""]"
typo,jpp_released,typo-model,8,"["" models"", "" model"", ""\u6a21\u578b"", "" modeller"", ""\u6a21\u578b\u7684""]"
typo,jpp_released,typo-model,16,"["" mdl"", "" Model"", "" Modell"", ""mdl"", "".mdl""]"
typo,jpp_released,typo-model,24,"["" model"", "" of"", "" models"", ""model"", ""\u6a21\u578b""]"
typo,jpp_released,typo-model,32,"["" of"", "" Model"", "" model"", "" MODEL"", "" miniature""]"
typo,jpp_released,typo-model,40,"["" model"", ""model"", ""\u6a21\u578b"", "" scale"", "" models""]"
typo,jpp_released,typo-model,48,"["" model"", "" of"", "" Model"", "" scale"", ""model""]"
typo,jpp_released,typo-model,56,"["" of"", "" scale"", ""of"", ""Of"", "" Scale""]"
typo,logit,typo-family,8,"["" family"", ""\u65cf"", ""t"", ""-"", ""a""]"
typo,logit,typo-family,16,"[""-"", ""\u4e86"", ""\u8001"", ""f"", ""W""]"
typo,logit,typo-family,24,"["" family"", ""ette"", ""\u800c\u4e0d"", "" -"", "" h""]"
typo,logit,typo-family,32,"[""iance"", "" b"", "" meaning"", ""1"", ""5""]"
typo,logit,typo-family,40,"[""a"", ""L"", ""A"", ""to"", ""t""]"
typo,logit,typo-family,48,"[""\u8fd9\u53e5\u8bdd"", ""a"", ""\u6574"", ""d"", ""A""]"
typo,logit,typo-family,56,"[""\u8fd9\u53e5\u8bdd"", ""\u5305\u62ec"", "" including"", ""including"", "" except""]"
typo,jlens_camila,typo-family,8,"[""s"", ""o"", ""e"", ""t"", ""a""]"
typo,jlens_camila,typo-family,16,"["" wich"", "" equipments"", ""o"", ""e"", ""t""]"
typo,jlens_camila,typo-family,24,"["" wich"", ""e"", ""o"", "" equipments"", ""t""]"
typo,jlens_camila,typo-family,32,"[""e"", ""o"", ""a"", ""t"", ""s""]"
typo,jlens_camila,typo-family,40,"[""e"", ""o"", ""sic"", ""a"", ""t""]"
typo,jlens_camila,typo-family,48,"[""e"", "" family"", ""a"", ""family"", ""t""]"
typo,jlens_camila,typo-family,56,"[""\u8fd9\u53e5\u8bdd"", "" except"", ""\u53e5\u5b50"", ""\u53e5"", "" grammar""]"
typo,rlens_camila,typo-family,8,"[""t"", "" wich"", ""e"", ""s"", ""o""]"
typo,rlens_camila,typo-family,16,"["" wich"", ""e"", ""t"", "" equipments"", ""\u00b4s""]"
typo,rlens_camila,typo-family,24,"[""e"", "" wich"", ""t"", ""o"", ""a""]"
typo,rlens_camila,typo-family,32,"[""e"", ""t"", ""a"", ""o"", ""l""]"
typo,rlens_camila,typo-family,40,"[""e"", ""t"", "" family"", ""a"", ""sic""]"
typo,rlens_camila,typo-family,48,"["" family"", ""e"", ""a"", ""t"", ""family""]"
typo,rlens_camila,typo-family,56,"[""\u8fd9\u53e5\u8bdd"", "" except"", "" grammar"", "" including"", ""\u53e5\u5b50""]"
typo,jpp_released,typo-family,8,"["" family"", ""family"", "" families"", "" famille"", "" familial""]"
typo,jpp_released,typo-family,16,"["" Family"", "" Famil"", "" family"", ""Family"", "" France""]"
typo,jpp_released,typo-family,24,"["" family"", "" families"", ""family"", "" French"", "" Family""]"
typo,jpp_released,typo-family,32,"["" family"", "" Family"", "" France"", "" French"", ""Family""]"
typo,jpp_released,typo-family,40,"["" family"", ""family"", "" French"", "" families"", ""a""]"
typo,jpp_released,typo-family,48,"["" family"", "" Family"", ""family"", "" families"", "" French""]"
typo,jpp_released,typo-family,56,"["" in"", "" including"", "" together"", "" at"", "" grammar""]"
typo,logit,typo-future,8,"["" future"", ""\u672a\u6765"", ""or"", ""p"", "" -""]"
typo,logit,typo-future,16,"["" future"", ""p"", ""st"", ""\u4e86"", ""or""]"
typo,logit,typo-future,24,"["" future"", ""\u535c"", ""\u672a\u6765"", ""\u7eed"", ""oder""]"
typo,logit,typo-future,32,"[""or"", ""un"", "" pres"", ""\u514d"", ""[t""]"
typo,logit,typo-future,40,"[""or"", ""A"", "" future"", ""a"", ""\u548c\u672a\u6765""]"
typo,logit,typo-future,48,"[""a"", ""A"", ""\u8fd9\u53e5\u8bdd"", ""w"", ""j""]"
typo,logit,typo-future,56,"["" tense"", ""\u8fd9\u53e5\u8bdd"", ""\u5f53\u65f6"", ""\u6ca1\u6709\u4eba"", "" except""]"
typo,jlens_camila,typo-future,8,"[""er"", ""en"", ""a"", ""\u0627"", ""o""]"
typo,jlens_camila,typo-future,16,"[""er"", ""en"", "" occured"", "" alot"", ""u""]"
typo,jlens_camila,typo-future,24,"["" occured"", ""er"", ""a"", ""en"", "" alot""]"
typo,jlens_camila,typo-future,32,"[""a"", ""e"", ""er"", ""o"", ""en""]"
typo,jlens_camila,typo-future,40,"[""a"", "" future"", ""e"", ""er"", ""future""]"
typo,jlens_camila,typo-future,48,"[""a"", ""\u8fd9\u53e5\u8bdd"", ""e"", ""o"", ""l""]"
typo,jlens_camila,typo-future,56,"["" tense"", ""\u8fd9\u53e5\u8bdd"", "" except"", ""\u5f53\u65f6"", "" ahead""]"
typo,rlens_camila,typo-future,8,"[""er"", ""e"", ""a"", "" future"", "" alot""]"
typo,rlens_camila,typo-future,16,"["" occured"", "" alot"", ""e"", "" isnt"", "" seperate""]"
typo,rlens_camila,typo-future,24,"["" occured"", ""a"", "" future"", ""er"", ""e""]"
typo,rlens_camila,typo-future,32,"[""a"", ""e"", ""er"", ""l"", ""o""]"
typo,rlens_camila,typo-future,40,"[""a"", "" future"", ""e"", ""er"", ""in""]"
typo,rlens_camila,typo-future,48,"[""a"", ""l"", ""w"", ""\u8fd9\u53e5\u8bdd"", ""e""]"
typo,rlens_camila,typo-future,56,"["" tense"", ""\u8fd9\u53e5\u8bdd"", "" except"", "" ahead"", ""\u5f53\u65f6""]"
typo,jpp_released,typo-future,8,"["" future"", ""future"", "" futuristic"", "" futur"", "" futures""]"
typo,jpp_released,typo-future,16,"["" Fut"", "" futur"", "" Future"", "" Futures"", "" FUT""]"
typo,jpp_released,typo-future,24,"["" future"", "" of"", "" great"", "" old"", ""future""]"
typo,jpp_released,typo-future,32,"["" Fut"", "" Future"", "" Futures"", "" USSR"", "" of""]"
typo,jpp_released,typo-future,40,"["" future"", ""the"", ""f"", ""a"", ""in""]"
typo,jpp_released,typo-future,48,"["" of"", "" future"", ""a"", "" our"", "" the""]"
typo,jpp_released,typo-future,56,"["" for"", "" tense"", "" of"", "" FUT"", ""F""]"
typo,logit,typo-level,8,"["" level"", ""\u6c34\u5e73"", ""w"", ""p"", ""ary""]"
typo,logit,typo-level,16,"["" level"", "" e"", "" i"", "" d"", ""ary""]"
typo,logit,typo-level,24,"["" level"", ""\u80bf"", ""pend"", "" i"", ""\u4e86""]"
typo,logit,typo-level,32,"[""zen"", "" Grammar"", ""\u4e86"", ""\u610f\u601d"", ""\u544a""]"
typo,logit,typo-level,40,"[""ju"", ""ty"", ""\u544a"", ""\u5178"", ""\u6b64""]"
typo,logit,typo-level,48,"[""\u8fd9\u53e5\u8bdd"", ""b"", ""\u4ec0\u4e48\u610f\u601d"", ""kich"", ""\u53e5\u4e2d""]"
typo,logit,typo-level,56,"[""\u8fd9\u53e5\u8bdd"", ""\u53e5\u5b50"", ""\u53e5\u4e2d"", "" sentence"", ""\u7684\u53e5\u5b50""]"
typo,jlens_camila,typo-level,8,"[""aviour"", ""ings"", "" whilst"", ""colour"", ""licence""]"
typo,jlens_camila,typo-level,16,"[""ings"", "" whilst"", ""aviour"", ""Whilst"", "" Whilst""]"
typo,jlens_camila,typo-level,24,"[""ings"", "" whilst"", ""aviour"", "" favour"", ""uminium""]"
typo,jlens_camila,typo-level,32,"[""ings"", ""\u4e86"", ""colour"", ""w"", ""ie""]"
typo,jlens_camila,typo-level,40,"[""ings"", ""1"", ""l"", ""ens"", ""2""]"
typo,jlens_camila,typo-level,48,"[""\u8fd9\u53e5\u8bdd"", ""l"", ""t"", ""\u82f1\u6587"", ""te""]"
typo,jlens_camila,typo-level,56,"[""\u8fd9\u53e5\u8bdd"", ""\u53e5\u5b50"", "" sentence"", ""\u9020\u53e5"", "" Sentence""]"
typo,rlens_camila,typo-level,8,"["" whilst"", "" Whilst"", "" flavour"", "" recognised"", ""aviour""]"
typo,rlens_camila,typo-level,16,"["" whilst"", "" Whilst"", ""Whilst"", "" organised"", ""aviour""]"
typo,rlens_camila,typo-level,24,"["" whilst"", ""aviour"", ""w"", "" organised"", "" behaviour""]"
typo,rlens_camila,typo-level,32,"[""ings"", ""h"", ""1"", ""r"", ""2""]"
typo,rlens_camila,typo-level,40,"[""l"", ""1"", ""2"", ""h"", ""c""]"
typo,rlens_camila,typo-level,48,"[""l"", ""\u8fd9\u53e5\u8bdd"", ""m"", ""t"", ""b""]"
typo,rlens_camila,typo-level,56,"[""\u8fd9\u53e5\u8bdd"", ""\u53e5\u5b50"", "" sentence"", ""\u9020\u53e5"", "" Sentence""]"
typo,jpp_released,typo-level,8,"["" whilst"", "" colours"", "" coloured"", "" mould"", "" recognised""]"
typo,jpp_released,typo-level,16,"["" Vall"", ""vell"", ""ICC"", "" vall"", "" CLL""]"
typo,jpp_released,typo-level,24,"[""water"", "" water"", "" Water"", ""Water"", "".water""]"
typo,jpp_released,typo-level,32,"[""water"", "" Water"", "" water"", ""ICC"", ""Water""]"
typo,jpp_released,typo-level,40,"[""l"", ""h"", ""in"", ""t"", ""w""]"
typo,jpp_released,typo-level,48,"[""h"", ""l"", ""b"", "" of"", ""w""]"
typo,jpp_released,typo-level,56,"["" during"", "" sentence"", ""LL"", "" in"", "" after""]"
typo,logit,typo-local,8,"["" local"", ""local"", ""/local"", ""/"", ""Local""]"
typo,logit,typo-local,16,"["" -"", ""-"", "" local"", "" s"", ""ity""]"
typo,logit,typo-local,24,"[""/local"", ""-"", ""ly"", ""p"", ""i""]"
typo,logit,typo-local,32,"[""ly"", ""ized"", ""ization"", ""ty"", ""\u540d""]"
typo,logit,typo-local,40,"[""ly"", ""/local"", ""ities"", ""ness"", ""ty""]"
typo,logit,typo-local,48,"[""ly"", ""/local"", ""ities"", ""g"", ""ity""]"
typo,logit,typo-local,56,"[""ised"", ""/local"", ""ly"", ""ities"", ""ized""]"
typo,jlens_camila,typo-local,8,"[""iance"", ""t"", ""ings"", ""\uc368"", ""l""]"
typo,jlens_camila,typo-local,16,"[""t"", ""ings"", ""iance"", ""l"", ""ly""]"
typo,jlens_camila,typo-local,24,"[""ings"", ""t"", ""ly"", ""iance"", ""ie""]"
typo,jlens_camila,typo-local,32,"[""t"", ""ings"", ""ly"", ""r"", "" isnt""]"
typo,jlens_camila,typo-local,40,"[""local"", ""Local"", ""(local"", "" Local"", ""\u672c\u5730""]"
typo,jlens_camila,typo-local,48,"[""local"", "" local"", ""/local"", ""Local"", ""(local""]"
typo,jlens_camila,typo-local,56,"["" market"", "" grocery"", ""ised"", "" food"", ""ity""]"
typo,rlens_camila,typo-local,8,"[""t"", ""l"", ""iance"", ""n"", ""though""]"
typo,rlens_camila,typo-local,16,"[""t"", ""l"", ""r"", ""n"", ""m""]"
typo,rlens_camila,typo-local,24,"[""local"", ""t"", ""(local"", ""ly"", ""Local""]"
typo,rlens_camila,typo-local,32,"[""local"", ""(local"", "" isnt"", ""r"", ""t""]"
typo,rlens_camila,typo-local,40,"[""local"", ""Local"", ""(local"", "" Local"", "" local""]"
typo,rlens_camila,typo-local,48,"[""local"", ""ly"", ""/local"", ""Local"", ""(local""]"
typo,rlens_camila,typo-local,56,"["" market"", ""ised"", ""k"", ""ity"", ""t""]"
typo,jpp_released,typo-local,8,"["" locally"", "" local"", "" locals"", ""local"", ""locals""]"
typo,jpp_released,typo-local,16,"["" Local"", "" Mall"", "" locals"", "" CLL"", ""(Local""]"
typo,jpp_released,typo-local,24,"[""local"", "" local"", ""(local"", ""/local"", "" locals""]"
typo,jpp_released,typo-local,32,"["" Local"", ""Local"", "" Community"", ""(Local"", ""local""]"
typo,jpp_released,typo-local,40,"[""local"", ""l"", "" local"", ""t"", ""Local""]"
typo,jpp_released,typo-local,48,"[""local"", "" local"", ""Local"", ""/local"", "" Local""]"
typo,jpp_released,typo-local,56,"["" market"", "" Local"", ""Local"", ""(Local"", ""LL""]"
typo,logit,typo-order,8,"["" order"", ""\u6613"", ""ly"", ""or"", "" orders""]"
typo,logit,typo-order,16,"[""az"", ""v"", ""l"", ""or"", ""d""]"
typo,logit,typo-order,24,"["" order"", ""l"", "" orders"", ""apol"", "" repeat""]"
typo,logit,typo-order,32,"[""er"", ""ment"", "" repeat"", ""ments"", ""\u7532""]"
typo,logit,typo-order,40,"["" repeat"", "" order"", "" orders"", ""ju"", ""Repeat""]"
typo,logit,typo-order,48,"[""\u76f8\u540c\u7684"", "" repeat"", ""\u91cd\u590d"", ""Repeat"", "" repeating""]"
typo,logit,typo-order,56,"["" twice"", "" every"", "" as"", "" everyday"", "" yesterday""]"
typo,jlens_camila,typo-order,8,"[""ings"", ""ization"", ""ding"", ""ling"", ""ough""]"
typo,jlens_camila,typo-order,16,"[""ings"", "" alot"", "" didnt"", "" insure"", "" seperate""]"
typo,jlens_camila,typo-order,24,"[""ings"", "" alot"", ""for"", ""with"", "" didnt""]"
typo,jlens_camila,typo-order,32,"["" request"", ""ings"", "" alot"", "" meal"", "" same""]"
typo,jlens_camila,typo-order,40,"["" request"", "" orders"", "" meal"", "" requests"", ""request""]"
typo,jlens_camila,typo-order,48,"["" same"", "" Same"", ""\u91cd\u590d"", "" repeat"", "" request""]"
typo,jlens_camila,typo-order,56,"["" order"", "" every"", "" orders"", "" as"", "" twice""]"
typo,rlens_camila,typo-order,8,"["" in"", "" to"", "" order"", ""w"", ""ings""]"
typo,rlens_camila,typo-order,16,"[""l"", ""w"", "" alot"", ""r"", "" to""]"
typo,rlens_camila,typo-order,24,"[""ings"", "" order"", "" orders"", "" for"", ""l""]"
typo,rlens_camila,typo-order,32,"["" request"", "" same"", "" menu"", "" for"", "" order""]"
typo,rlens_camila,typo-order,40,"["" request"", "" orders"", "" order"", "" requests"", "" same""]"
typo,rlens_camila,typo-order,48,"["" same"", "" order"", "" orders"", "" request"", "" identical""]"
typo,rlens_camila,typo-order,56,"["" order"", "" as"", "" orders"", "" every"", "" twice""]"
typo,jpp_released,typo-order,8,"["" orders"", "" Orders"", "" order"", "" ^"", "" ordered""]"
typo,jpp_released,typo-order,16,"["" Order"", "" Orders"", "" Orr"", "" Luck"", "" Courier""]"
typo,jpp_released,typo-order,24,"["" food"", "" orders"", "" restaurant"", "" order"", "" menu""]"
typo,jpp_released,typo-order,32,"["" food"", "" for"", "" lunch"", "" restaurant"", "" Order""]"
typo,jpp_released,typo-order,40,"["" request"", "" order"", "" food"", "" orders"", "" restaurant""]"
typo,jpp_released,typo-order,48,"["" order"", "" orders"", "" same"", "" meal"", "" food""]"
typo,jpp_released,typo-order,56,"["" as"", "" for"", "" Order"", "" ORDER"", "" order""]"
typo,logit,typo-power,8,"["" power"", ""power"", "" Power"", ""Power"", ""/power""]"
typo,logit,typo-power,16,"["" power"", ""\u4e30"", ""ful"", ""pl"", ""\u5de5""]"
typo,logit,typo-power,24,"["" power"", ""l"", ""fully"", "" electricity"", ""ful""]"
typo,logit,typo-power,32,"[""l"", ""b"", ""\u8863"", ""ress"", ""z""]"
typo,logit,typo-power,40,"[""l"", "" power"", "" supply"", ""ugu"", "" electricity""]"
typo,logit,typo-power,48,"[""u"", ""l"", ""\u548c\u852c\u83dc"", ""b"", ""f""]"
typo,logit,typo-power,56,"["" supply"", "" power"", ""(power"", ""power"", "" Supply""]"
typo,jlens_camila,typo-power,8,"[""er"", ""\u0647"", ""\u30f3"", ""ly"", ""u""]"
typo,jlens_camila,typo-power,16,"[""u"", ""er"", ""ly"", ""o"", ""\u30f3""]"
typo,jlens_camila,typo-power,24,"[""er"", ""ly"", ""u"", "" alot"", ""o""]"
typo,jlens_camila,typo-power,32,"[""er"", ""u"", ""o"", ""i"", ""ly""]"
typo,jlens_camila,typo-power,40,"["" electricity"", ""\u7535\u529b"", ""\u7535\u80fd"", ""\u505c\u7535"", "" electrical""]"
typo,jlens_camila,typo-power,48,"["" electricity"", ""o"", ""u"", ""\u7535\u529b"", ""l""]"
typo,jlens_camila,typo-power,56,"["" power"", ""power"", ""(power"", ""Power"", "" Power""]"
typo,rlens_camila,typo-power,8,"[""er"", ""u"", ""ly"", ""(power"", "" power""]"
typo,rlens_camila,typo-power,16,"[""u"", "" didnt"", ""r"", "" alot"", ""l""]"
typo,rlens_camila,typo-power,24,"["" alot"", "" isnt"", ""r"", ""u"", ""l""]"
typo,rlens_camila,typo-power,32,"[""l"", ""u"", ""o"", ""r"", ""er""]"
typo,rlens_camila,typo-power,40,"["" electricity"", ""\u7535\u529b"", "" electrical"", "" power"", "" electric""]"
typo,rlens_camila,typo-power,48,"["" electricity"", ""l"", ""u"", ""o"", ""\u7535\u529b""]"
typo,rlens_camila,typo-power,56,"["" power"", ""power"", "" Power"", "" supply"", ""Power""]"
typo,jpp_released,typo-power,8,"["" electricity"", "" electric"", ""\u7535\u529b"", "" power"", ""\u7535\u6e90""]"
typo,jpp_released,typo-power,16,"["" Power"", "" POWER"", ""POWER"", ""Power"", "".Power""]"
typo,jpp_released,typo-power,24,"["" electricity"", "" electrical"", "" electric"", ""\u7535\u529b"", "" Electricity""]"
typo,jpp_released,typo-power,32,"["" electricity"", "" Power"", "" electric"", "" Electric"", "" electrical""]"
typo,jpp_released,typo-power,40,"["" electricity"", "" electrical"", "" electric"", "" Electricity"", ""\u4f9b\u7535""]"
typo,jpp_released,typo-power,48,"["" electricity"", "" electric"", "" electrical"", "" power"", "" Electricity""]"
typo,jpp_released,typo-power,56,"["" power"", "" Power"", ""Power"", "" electricity"", "" POWER""]"
typo,logit,typo-study,8,"[""ying"", "" study"", ""th"", ""ing"", ""K""]"
typo,logit,typo-study,16,"[""pl"", ""-"", ""f"", ""d"", ""2""]"
typo,logit,typo-study,24,"[""\u67d0\u4e00"", ""ards"", ""ying"", ""pha"", ""iu""]"
typo,logit,typo-study,32,"[""rom"", ""pace"", ""ress"", ""\u51a5"", "" phen""]"
typo,logit,typo-study,40,"[""sic"", ""\u51c6\u5907"", "" preparation"", ""or"", "" prepar""]"
typo,logit,typo-study,48,"["" prepare"", ""\u51c6\u5907"", "" preparations"", "" preparation"", ""sic""]"
typo,logit,typo-study,56,"["" hard"", "" harder"", "" for"", ""_hard"", ""hard""]"
typo,jlens_camila,typo-study,8,"[""\u30f3"", ""\uc11c"", ""i"", ""\u30fc\u30ba"", "" tho""]"
typo,jlens_camila,typo-study,16,"["" alot"", "" didnt"", "" dont"", "" wich"", "" doesnt""]"
typo,jlens_camila,typo-study,24,"["" alot"", "" didnt"", "" wich"", "" dont"", "" isnt""]"
typo,jlens_camila,typo-study,32,"["" alot"", "" didnt"", ""i"", "" dont"", ""t""]"
typo,jlens_camila,typo-study,40,"["" study"", "" studying"", "" student"", ""study"", "" Study""]"
typo,jlens_camila,typo-study,48,"["" prepare"", "" study"", "" studying"", "" preparing"", ""prepare""]"
typo,jlens_camila,typo-study,56,"["" for"", "" hard"", ""for"", "" harder"", ""hard""]"
typo,rlens_camila,typo-study,8,"[""t"", ""\u30fc\u30ba"", "" isnt"", ""owntown"", "" goofy""]"
typo,rlens_camila,typo-study,16,"["" alot"", "" didnt"", ""t"", "" isnt"", "" wich""]"
typo,rlens_camila,typo-study,24,"["" alot"", ""t"", "" didnt"", "" wich"", "" isnt""]"
typo,rlens_camila,typo-study,32,"[""t"", "" didnt"", "" alot"", ""i"", "" isnt""]"
typo,rlens_camila,typo-study,40,"["" study"", "" studying"", "" learning"", "" student"", ""study""]"
typo,rlens_camila,typo-study,48,"["" prepare"", "" study"", "" exam"", "" preparation"", "" learning""]"
typo,rlens_camila,typo-study,56,"["" for"", "" hard"", ""for"", "" harder"", ""hard""]"
typo,jpp_released,typo-study,8,"["" students"", "" school"", "" student"", "" college"", "" studying""]"
typo,jpp_released,typo-study,16,"["" Kidd"", "" SSD"", "".edu"", "" Stu"", "" Ivy""]"
typo,jpp_released,typo-study,24,"["" student"", "" students"", "" school"", ""student"", "" teacher""]"
typo,jpp_released,typo-study,32,"["" Student"", "" student"", "" students"", "" school"", "" Students""]"
typo,jpp_released,typo-study,40,"["" student"", "" students"", "" study"", "" studying"", "" exam""]"
typo,jpp_released,typo-study,48,"["" school"", "" student"", "" college"", "" students"", "" exam""]"
typo,jpp_released,typo-study,56,"["" for"", ""for"", "" hard"", "" untuk"", "" exam""]"
typo,logit,typo-write,8,"[""-"", ""p"", ""ed"", ""or"", ""/""]"
typo,logit,typo-write,16,"[""-"", ""/"", ""\u6279"", ""im"", ""or""]"
typo,logit,typo-write,24,"[""aning"", ""\u7b2c\u4e00\u4e2a"", ""aned"", ""\u0441\u044f"", ""able""]"
typo,logit,typo-write,32,"[""/"", ""ingle"", ""un"", ""e"", ""1""]"
typo,logit,typo-write,40,"[""un"", ""\u82f1\u6587"", ""ent"", ""/"", ""an""]"
typo,logit,typo-write,48,"[""/"", ""le"", ""\u4e00"", ""\u54c1"", ""el""]"
typo,logit,typo-write,56,"["" sentences"", "" essay"", ""/write"", "" essays"", "" sentence""]"
typo,jlens_camila,typo-write,8,"[""\u505a\u4e3a"", ""elect"", ""\u0629"", ""eeee"", ""eff""]"
typo,jlens_camila,typo-write,16,"[""e"", "" didnt"", ""\u505a\u4e3a"", ""eing"", "" wich""]"
typo,jlens_camila,typo-write,24,"[""e"", ""eing"", ""ee"", "" didnt"", ""\u505a\u4e3a""]"
typo,jlens_camila,typo-write,32,"[""e"", ""ee"", "" didnt"", ""eing"", "" isnt""]"
typo,jlens_camila,typo-write,40,"[""e"", "" writing"", "" write"", "" Write"", "" wrote""]"
typo,jlens_camila,typo-write,48,"[""e"", "" write"", "" mistakes"", "" Write"", "" wrote""]"
typo,jlens_camila,typo-write,56,"["" sentences"", "" essay"", "" sentence"", ""/write"", "" write""]"
typo,rlens_camila,typo-write,8,"[""e"", "" writ"", ""\u00f1"", "" isnt"", ""eeee""]"
typo,rlens_camila,typo-write,16,"[""e"", "" didnt"", ""\u505a\u4e3a"", ""o"", "" wich""]"
typo,rlens_camila,typo-write,24,"[""e"", ""eing"", ""ee"", "" didnt"", ""\u505a\u4e3a""]"
typo,rlens_camila,typo-write,32,"[""e"", ""ee"", "" didnt"", ""ou"", ""1""]"
typo,rlens_camila,typo-write,40,"[""e"", "" writing"", "" spelling"", "" write"", "" wrote""]"
typo,rlens_camila,typo-write,48,"[""e"", "" write"", ""w"", ""/"", ""l""]"
typo,rlens_camila,typo-write,56,"["" sentences"", "" essay"", "" sentence"", "" write"", ""/write""]"
typo,jpp_released,typo-write,8,"["" writer"", "" writers"", "" writing"", "" writ"", "" penned""]"
typo,jpp_released,typo-write,16,"["" WW"", ""WW"", "" Witt"", "" WR"", "" WT""]"
typo,jpp_released,typo-write,24,"[""e"", ""ee"", "" -"", ""eds"", ""ed""]"
typo,jpp_released,typo-write,32,"[""ee"", ""tte"", "" Castell"", ""ate"", ""lette""]"
typo,jpp_released,typo-write,40,"["" writing"", ""e"", "" write"", "" -"", "" word""]"
typo,jpp_released,typo-write,48,"["" the"", "" a"", "" writing"", ""w"", "" word""]"
typo,jpp_released,typo-write,56,"["" essay"", "" sentence"", "" story"", "" sentences"", "" letter""]"
typo,logit,typo-young,8,"[""t"", ""s"", ""C"", ""d"", ""es""]"
typo,logit,typo-young,16,"[""s"", ""d"", ""g"", ""f"", ""un""]"
typo,logit,typo-young,24,"[""D"", ""s"", ""ress"", "" -"", ""t""]"
typo,logit,typo-young,32,"[""un"", ""s"", ""n"", ""t"", ""P""]"
typo,logit,typo-young,40,"[""t"", ""s"", ""sic"", ""S"", ""un""]"
typo,logit,typo-young,48,"[""\u8fd9\u53e5\u8bdd"", ""s"", ""t"", ""l"", ""sic""]"
typo,logit,typo-young,56,"[""\u8fd9\u53e5\u8bdd"", ""\u6539\u5199"", ""\u53e5"", "" sentence"", ""\u53e5\u5b50""]"
typo,jlens_camila,typo-young,8,"[""s"", ""\u0627\u062a"", ""es"", ""i"", ""\u0629""]"
typo,jlens_camila,typo-young,16,"[""s"", ""t"", ""es"", ""i"", ""y""]"
typo,jlens_camila,typo-young,24,"[""s"", ""t"", ""es"", ""\u0629"", ""i""]"
typo,jlens_camila,typo-young,32,"[""s"", ""t"", ""i"", ""es"", ""e""]"
typo,jlens_camila,typo-young,40,"[""s"", ""t"", ""i"", ""es"", ""sic""]"
typo,jlens_camila,typo-young,48,"[""s"", ""t"", ""i"", ""l"", ""\u8fd9\u53e5\u8bdd""]"
typo,jlens_camila,typo-young,56,"[""\u8fd9\u53e5\u8bdd"", ""\u53e5\u5b50"", "" sentence"", ""\u6539\u5199"", ""\u53e5""]"
typo,rlens_camila,typo-young,8,"[""s"", ""t"", ""y"", ""i"", ""es""]"
typo,rlens_camila,typo-young,16,"[""s"", ""t"", ""y"", ""e"", ""n""]"
typo,rlens_camila,typo-young,24,"[""s"", ""t"", ""y"", ""n"", ""l""]"
typo,rlens_camila,typo-young,32,"[""t"", ""s"", ""i"", ""n"", ""e""]"
typo,rlens_camila,typo-young,40,"[""t"", ""s"", ""n"", ""i"", ""l""]"
typo,rlens_camila,typo-young,48,"[""t"", ""s"", ""n"", ""l"", ""i""]"
typo,rlens_camila,typo-young,56,"[""\u8fd9\u53e5\u8bdd"", "" sentence"", ""\u53e5\u5b50"", ""\u6539\u5199"", ""\u53e5""]"
typo,jpp_released,typo-young,8,"["" young"", ""s"", ""young"", "" younger"", "" youthful""]"
typo,jpp_released,typo-young,16,"["" Young"", "" Jung"", ""gg"", ""Young"", ""GG""]"
typo,jpp_released,typo-young,24,"[""s"", ""t"", ""n"", ""l"", ""y""]"
typo,jpp_released,typo-young,32,"[""gg"", "" Young"", ""reen"", "" and"", ""kk""]"
typo,jpp_released,typo-young,40,"[""n"", ""l"", ""s"", ""t"", ""i""]"
typo,jpp_released,typo-young,48,"[""n"", ""s"", "" young"", ""t"", ""y""]"
typo,jpp_released,typo-young,56,"["" sentence"", "" phrase"", ""\u8fd9\u53e5\u8bdd"", "" grammar"", "" gramm""]"
typo,logit,typo-human,8,"[""ation"", ""n"", ""eness"", ""ness"", "" bi""]"
typo,logit,typo-human,16,"[""ness"", "" well"", ""m"", ""nan"", ""ke""]"
typo,logit,typo-human,24,"[""ile"", ""ison"", ""ity"", ""\u5e76\u5904"", ""ation""]"
typo,logit,typo-human,32,"[""/"", ""r"", ""zen"", ""z"", ""ly""]"
typo,logit,typo-human,40,"["" human"", ""\u662f\u4eba\u7c7b"", ""ized"", ""\u6587\u660e"", ""r""]"
typo,logit,typo-human,48,"[""f"", ""w"", ""b"", ""l"", ""r""]"
typo,logit,typo-human,56,"["" history"", ""history"", "" civilization"", "" History"", ""\u6587\u660e""]"
typo,jlens_camila,typo-human,8,"[""ly"", ""ness"", ""izer"", ""istic"", ""m""]"
typo,jlens_camila,typo-human,16,"[""ly"", ""ness"", ""m"", ""r"", ""w""]"
typo,jlens_camila,typo-human,24,"[""ly"", ""ness"", ""w"", ""m"", ""ss""]"
typo,jlens_camila,typo-human,32,"[""ness"", ""ly"", ""w"", ""\u0131"", ""n""]"
typo,jlens_camila,typo-human,40,"["" human"", "" humans"", ""\u4eba\u7c7b"", "" humanity"", ""human""]"
typo,jlens_camila,typo-human,48,"["" human"", "" humans"", "" humanity"", ""m"", ""n""]"
typo,jlens_camila,typo-human,56,"["" history"", ""history"", "" History"", "" civilization"", ""History""]"
typo,rlens_camila,typo-human,8,"[""m"", ""n"", ""ly"", ""l"", ""ss""]"
typo,rlens_camila,typo-human,16,"[""n"", ""m"", ""r"", ""w"", ""l""]"
typo,rlens_camila,typo-human,24,"[""m"", ""w"", ""n"", ""ness"", ""ly""]"
typo,rlens_camila,typo-human,32,"[""n"", ""w"", ""m"", ""ss"", ""\u0131""]"
typo,rlens_camila,typo-human,40,"["" human"", "" humans"", ""\u4eba\u7c7b"", ""human"", ""Human""]"
typo,rlens_camila,typo-human,48,"[""m"", "" human"", ""n"", ""w"", ""f""]"
typo,rlens_camila,typo-human,56,"["" history"", ""history"", "" civilization"", "" History"", ""History""]"
typo,jpp_released,typo-human,8,"[""human"", "" humans"", ""h"", ""m"", ""l""]"
typo,jpp_released,typo-human,16,"["" Human"", ""HH"", "" HH"", ""Human"", "" Hun""]"
typo,jpp_released,typo-human,24,"[""n"", ""r"", ""m"", ""h"", ""ness""]"
typo,jpp_released,typo-human,32,"["" Human"", "" human"", ""human"", ""ss"", ""world""]"
typo,jpp_released,typo-human,40,"["" human"", ""human"", "" humans"", ""m"", "" humanity""]"
typo,jpp_released,typo-human,48,"["" human"", "" humanity"", ""m"", "" humans"", "" Human""]"
typo,jpp_released,typo-human,56,"["" history"", "" History"", ""History"", ""history"", "" civilization""]"
typo,logit,typo-often,8,"[""an"", ""\u4e14"", "" f"", "" o"", ""\u5730""]"
typo,logit,typo-often,16,"["" d"", ""f"", ""d"", ""\u7684"", ""-""]"
typo,logit,typo-often,24,"[""ative"", "" f"", "" d"", "" though"", "" -""]"
typo,logit,typo-often,32,"[""ress"", ""b"", "" b"", ""\u52a1"", ""or""]"
typo,logit,typo-often,40,"[""\u9891\u7387"", "" frequency"", ""\u9891"", ""\u7684\u9891\u7387"", ""est""]"
typo,logit,typo-often,48,"[""est"", ""\u9891\u7387"", ""l"", ""d"", ""b""]"
typo,logit,typo-often,56,"["" because"", ""\u56e0\u4e3a"", ""because"", ""\u8fd9\u53e5\u8bdd"", "" Because""]"
typo,jlens_camila,typo-often,8,"[""\u0441\u044f"", ""ypes"", "" alot"", "" occ"", ""ly""]"
typo,jlens_camila,typo-often,16,"["" alot"", "" occured"", "" atleast"", ""ly"", "" isnt""]"
typo,jlens_camila,typo-often,24,"["" alot"", "" occured"", "" isnt"", ""ly"", "" occ""]"
typo,jlens_camila,typo-often,32,"["" isnt"", "" alot"", "" didnt"", "" doesnt"", ""ly""]"
typo,jlens_camila,typo-often,40,"["" frequent"", ""\u9891\u7387"", ""\u9891\u7e41"", "" Frequency"", ""\u7684\u9891\u7387""]"
typo,jlens_camila,typo-often,48,"["" frequent"", ""l"", ""\u9891\u7387"", "" because"", "" occasional""]"
typo,jlens_camila,typo-often,56,"["" because"", ""because"", ""\u56e0\u4e3a"", "" Because"", ""Because""]"
typo,rlens_camila,typo-often,8,"["" alot"", "" seperate"", "" occ"", "" recieved"", "" isnt""]"
typo,rlens_camila,typo-often,16,"["" alot"", "" occured"", "" isnt"", ""l"", "" whilst""]"
typo,rlens_camila,typo-often,24,"["" alot"", "" occ"", "" though"", "" occured"", "" isnt""]"
typo,rlens_camila,typo-often,32,"[""l"", ""t"", "" isnt"", "" occured"", "" alot""]"
typo,rlens_camila,typo-often,40,"[""\u9891\u7387"", "" frequent"", ""\u7684\u9891\u7387"", "" frequency"", "" Frequency""]"
typo,rlens_camila,typo-often,48,"[""l"", "" frequent"", ""\u9891\u7387"", "" frequency"", "" because""]"
typo,rlens_camila,typo-often,56,"["" because"", ""because"", ""\u56e0\u4e3a"", "" Because"", ""\u8fd9\u53e5\u8bdd""]"
typo,jpp_released,typo-often,8,"["" whilst"", "" amongst"", "" though"", "" often"", ""Whilst""]"
typo,jpp_released,typo-often,16,"["" FF"", "" FFT"", "" Flutter"", "" Ogg"", ""FF""]"
typo,jpp_released,typo-often,24,"["" occasional"", "" occasionally"", "" occasion"", "" occasions"", "" old""]"
typo,jpp_released,typo-often,32,"["" FF"", "" in"", "" during"", "" when"", "" UK""]"
typo,jpp_released,typo-often,40,"["" frequent"", ""f"", "" frequency"", ""freq"", ""\u9891\u7387""]"
typo,jpp_released,typo-often,48,"["" frequent"", "" frequency"", "" times"", ""f"", ""\u7684\u9891\u7387""]"
typo,jpp_released,typo-often,56,"["" because"", ""because"", "" due"", "" \u043f\u043e\u0442\u043e\u043c\u0443"", "" since""]"
typo,logit,typo-present,8,"[""l"", ""b"", ""-"", ""1"", ""T""]"
typo,logit,typo-present,16,"[""\u7f6e"", ""pro"", ""zer"", ""b"", ""c""]"
typo,logit,typo-present,24,"[""l"", ""or"", ""zer"", ""aged"", "" p""]"
typo,logit,typo-present,32,"[""ss"", ""pos"", ""ress"", ""b"", ""l""]"
typo,logit,typo-present,40,"[""aut"", ""z"", ""ray"", ""l"", ""or""]"
typo,logit,typo-present,48,"[""ype"", ""esis"", ""l"", "" gelt"", ""aise""]"
typo,logit,typo-present,56,"["" carefully"", "" careful"", "" c\u1ea9n"", "" hurried"", "" excited""]"
typo,jlens_camila,typo-present,8,"[""ively"", ""\uc368"", ""ologic"", ""\u064a\u0633\u064a"", ""ings""]"
typo,jlens_camila,typo-present,16,"[""\uc368"", ""ly"", ""ings"", "" everybody"", "" teh""]"
typo,jlens_camila,typo-present,24,"["" wich"", ""ee"", "" everybody"", ""gift"", "" occasion""]"
typo,jlens_camila,typo-present,32,"[""gift"", ""ee"", "" gifts"", "" gift"", "" wich""]"
typo,jlens_camila,typo-present,40,"[""gift"", "" gifts"", "" gift"", ""Gift"", "" Gifts""]"
typo,jlens_camila,typo-present,48,"["" gifts"", ""gift"", "" gift"", "" Gifts"", ""Gift""]"
typo,jlens_camila,typo-present,56,"["" carefully"", "" careful"", ""\u5c0f\u5fc3"", "" cautiously"", "" slowly""]"
typo,rlens_camila,typo-present,8,"[""ee"", ""l"", "" though"", "" occasion"", "" of""]"
typo,rlens_camila,typo-present,16,"[""l"", "" teh"", ""ee"", "" realised"", "" occasion""]"
typo,rlens_camila,typo-present,24,"[""gift"", "" gifts"", "" gift"", ""Gift"", ""ee""]"
typo,rlens_camila,typo-present,32,"[""gift"", "" gift"", "" gifts"", ""Gift"", ""ee""]"
typo,rlens_camila,typo-present,40,"["" gifts"", ""gift"", "" gift"", ""Gift"", ""\u793c\u7269""]"
typo,rlens_camila,typo-present,48,"["" gifts"", ""gift"", "" gift"", "" Gifts"", ""Gift""]"
typo,rlens_camila,typo-present,56,"["" carefully"", "" careful"", "" slowly"", ""\u5c0f\u5fc3"", "" cautiously""]"
typo,jpp_released,typo-present,8,"["" gifts"", "" Christmas"", "" Gifts"", "" gift"", ""\u793c\u7269""]"
typo,jpp_released,typo-present,16,"["" Gift"", "" gift"", "" Natal"", "" Christmas"", "" gifts""]"
typo,jpp_released,typo-present,24,"["" gift"", "" gifts"", ""gift"", ""\u793c\u7269"", "" Gifts""]"
typo,jpp_released,typo-present,32,"["" Gift"", "" gift"", "" gifts"", ""Gift"", ""gift""]"
typo,jpp_released,typo-present,40,"["" gift"", "" gifts"", ""gift"", ""\u793c\u7269"", "" Gift""]"
typo,jpp_released,typo-present,48,"["" gift"", "" gifts"", ""gift"", "" Gift"", "" Gifts""]"
typo,jpp_released,typo-present,56,"["" with"", "" box"", ""with"", "" from"", "" gift""]"
typo,logit,typo-product,8,"[""s"", "" product"", "" products"", ""product"", ""t""]"
typo,logit,typo-product,16,"[""D"", ""Z"", ""A"", ""\u4e86"", ""or""]"
typo,logit,typo-product,24,"["" product"", ""avage"", ""\u540d\u4e3a"", "" products"", ""ivity""]"
typo,logit,typo-product,32,"["" product"", ""s"", ""A"", ""\u4ea7\u54c1"", ""or""]"
typo,logit,typo-product,40,"["" product"", ""\u4ea7\u54c1\u7684"", "" products"", ""\u4ea7\u54c1"", ""\u65b0\u4ea7\u54c1""]"
typo,logit,typo-product,48,"[""\u4ea7\u54c1\u7684"", "" product"", ""\u65b0\u4ea7\u54c1"", "" baru"", ""ype""]"
typo,logit,typo-product,56,"["" yesterday"", ""\u6628\u5929"", "" today"", "" Yesterday"", ""\u6628\u65e5""]"
typo,jlens_camila,typo-product,8,"[""s"", ""a"", ""o"", ""\u0627\u062a"", ""ing""]"
typo,jlens_camila,typo-product,16,"[""s"", ""o"", ""a"", ""t"", ""d""]"
typo,jlens_camila,typo-product,24,"[""s"", ""o"", ""e"", ""a"", ""es""]"
typo,jlens_camila,typo-product,32,"[""s"", ""a"", ""e"", ""t"", ""o""]"
typo,jlens_camila,typo-product,40,"["" product"", ""s"", "" products"", "" Product"", ""\u4ea7\u54c1""]"
typo,jlens_camila,typo-product,48,"["" new"", ""new"", "" product"", ""s"", ""\u65b0\u4ea7\u54c1""]"
typo,jlens_camila,typo-product,56,"["" yesterday"", "" today"", ""\u6628\u5929"", "" Yesterday"", ""\u4eca\u5929""]"
typo,rlens_camila,typo-product,8,"[""s"", ""t"", ""a"", ""d"", ""n""]"
typo,rlens_camila,typo-product,16,"[""s"", ""t"", ""d"", ""e"", ""l""]"
typo,rlens_camila,typo-product,24,"[""s"", ""e"", ""d"", ""t"", ""a""]"
typo,rlens_camila,typo-product,32,"[""s"", "" product"", ""e"", ""t"", ""d""]"
typo,rlens_camila,typo-product,40,"["" product"", ""s"", "" products"", "" Product"", "" new""]"
typo,rlens_camila,typo-product,48,"["" new"", ""new"", "" product"", ""s"", "" products""]"
typo,rlens_camila,typo-product,56,"["" yesterday"", "" today"", ""\u6628\u5929"", "" Yesterday"", ""\u4eca\u5929""]"
typo,jpp_released,typo-product,8,"[""s"", "" products"", "" product"", ""products"", ""d""]"
typo,jpp_released,typo-product,16,"[""s"", "" Product"", "" Duc"", "" Products"", ""a""]"
typo,jpp_released,typo-product,24,"["" product"", "" products"", "" market"", ""s"", "" company""]"
typo,jpp_released,typo-product,32,"["" Product"", "" product"", "" Products"", "" products"", "" new""]"
typo,jpp_released,typo-product,40,"["" product"", "" products"", "" sales"", "" new"", ""product""]"
typo,jpp_released,typo-product,48,"["" new"", "" product"", "" products"", "" marketing"", "" Product""]"
typo,jpp_released,typo-product,56,"["" today"", "" yesterday"", ""\u6628\u5929"", "" Today"", "" marketing""]"
typo,logit,typo-project,8,"["" project"", "" a"", "" A"", "" B"", ""or""]"
typo,logit,typo-project,16,"[""z"", "" project"", "" b"", "" d"", ""g""]"
typo,logit,typo-project,24,"["" project"", ""i"", ""/project"", ""\u5386\u65f6"", ""z""]"
typo,logit,typo-project,32,"[""i"", ""l"", ""A"", ""z"", ""P""]"
typo,logit,typo-project,40,"[""a"", ""z"", ""i"", ""A"", ""l""]"
typo,logit,typo-project,48,"[""A"", ""i"", ""a"", ""j"", ""\u8fd9\u53e5\u8bdd""]"
typo,logit,typo-project,56,"["" before"", ""before"", ""\u8fd9\u53e5\u8bdd"", "" Before"", "" antes""]"
typo,jlens_camila,typo-project,8,"[""i"", ""ing"", ""a"", ""en"", ""\u064a""]"
typo,jlens_camila,typo-project,16,"[""i"", ""a"", ""ing"", ""t"", ""e""]"
typo,jlens_camila,typo-project,24,"[""i"", ""a"", ""ing"", ""t"", ""e""]"
typo,jlens_camila,typo-project,32,"[""i"", ""a"", ""e"", ""ing"", ""t""]"
typo,jlens_camila,typo-project,40,"[""i"", ""a"", ""ing"", ""e"", ""t""]"
typo,jlens_camila,typo-project,48,"[""i"", ""a"", ""e"", ""t"", ""o""]"
typo,jlens_camila,typo-project,56,"["" before"", ""before"", "" Before"", ""Before"", ""\u8fd9\u53e5\u8bdd""]"
typo,rlens_camila,typo-project,8,"[""i"", ""t"", ""ing"", ""a"", ""l""]"
typo,rlens_camila,typo-project,16,"[""i"", ""t"", ""l"", ""e"", ""a""]"
typo,rlens_camila,typo-project,24,"[""i"", ""t"", ""l"", ""a"", ""r""]"
typo,rlens_camila,typo-project,32,"[""i"", ""t"", ""e"", ""a"", ""l""]"
typo,rlens_camila,typo-project,40,"[""i"", ""a"", ""t"", ""l"", ""o""]"
typo,rlens_camila,typo-project,48,"[""i"", ""l"", ""a"", ""t"", ""e""]"
typo,rlens_camila,typo-project,56,"["" before"", ""before"", "" Before"", ""\u8fd9\u53e5\u8bdd"", ""Before""]"
typo,jpp_released,typo-project,8,"["" projects"", "" project"", ""i"", ""project"", ""projects""]"
typo,jpp_released,typo-project,16,"["" Project"", "" Quest"", "" JJ"", "" PROJECT"", "" PJ""]"
typo,jpp_released,typo-project,24,"["" project"", "" projects"", "" work"", ""project"", ""work""]"
typo,jpp_released,typo-project,32,"["" Project"", "" work"", "" and"", "" Work"", "" in""]"
typo,jpp_released,typo-project,40,"[""i"", "" project"", ""l"", ""a"", ""t""]"
typo,jpp_released,typo-project,48,"["" project"", "" work"", ""i"", ""a"", "" of""]"
typo,jpp_released,typo-project,56,"["" before"", ""before"", ""_before"", "" antes"", "" Before""]"
typo,logit,typo-support,8,"["" technical"", ""-"", ""c"", ""w"", ""l""]"
typo,logit,typo-support,16,"[""-"", ""t"", ""c"", ""S"", ""\u7684""]"
typo,logit,typo-support,24,"[""l"", ""orien"", "" technical"", "" assistance"", "" help""]"
typo,logit,typo-support,32,"[""l"", ""itz"", ""z"", ""t"", ""ment""]"
typo,logit,typo-support,40,"[""t"", ""l"", ""ment"", ""\u0435\u043d"", ""z""]"
typo,logit,typo-support,48,"[""l"", ""\u044e"", ""t"", ""A"", ""d""]"
typo,logit,typo-support,56,"["" regarding"", ""\u5173\u4e8e"", "" because"", ""ive"", "" telephone""]"
typo,jlens_camila,typo-support,8,"[""ting"", ""ement"", ""t"", ""\u062a"", ""amente""]"
typo,jlens_camila,typo-support,16,"["" alot"", "" atleast"", ""t"", ""\u505a\u4e3a"", "" lenght""]"
typo,jlens_camila,typo-support,24,"["" alot"", "" insure"", "" equipments"", ""t"", "" thats""]"
typo,jlens_camila,typo-support,32,"[""t"", "" alot"", "" equipments"", ""ing"", ""l""]"
typo,jlens_camila,typo-support,40,"["" customer"", ""t"", "" assistance"", ""ing"", "" Customer""]"
typo,jlens_camila,typo-support,48,"[""t"", "" help"", "" customer"", ""e"", "" request""]"
typo,jlens_camila,typo-support,56,"["" regarding"", "" because"", ""\u7535\u8bdd"", "" yesterday"", ""/help""]"
typo,rlens_camila,typo-support,8,"[""t"", ""l"", ""ing"", ""m"", ""n""]"
typo,rlens_camila,typo-support,16,"[""t"", ""l"", ""r"", ""e"", "" alot""]"
typo,rlens_camila,typo-support,24,"[""t"", ""l"", ""r"", "" insure"", ""m""]"
typo,rlens_camila,typo-support,32,"[""t"", ""l"", ""g"", ""m"", ""e""]"
typo,rlens_camila,typo-support,40,"[""t"", ""l"", "" assistance"", "" help"", ""g""]"
typo,rlens_camila,typo-support,48,"[""t"", ""l"", ""e"", "" help"", ""g""]"
typo,rlens_camila,typo-support,56,"["" regarding"", "" because"", "" help"", "" yesterday"", "" twice""]"
typo,jpp_released,typo-support,8,"["" technical"", "" technicians"", "" assistance"", "" equipments"", "" personnel""]"
typo,jpp_released,typo-support,16,"["" Telecom"", "" Tech"", "" and"", "" Support"", "" S""]"
typo,jpp_released,typo-support,24,"["" computer"", "" telephone"", "" computers"", "" company"", "" Computer""]"
typo,jpp_released,typo-support,32,"["" computer"", "" Computer"", "" Service"", "" company"", "" Microsoft""]"
typo,jpp_released,typo-support,40,"["" customer"", "" phone"", ""the"", "" service"", "" the""]"
typo,jpp_released,typo-support,48,"["" phone"", "" customer"", "" service"", "" company"", "" telephone""]"
typo,jpp_released,typo-support,56,"["" phone"", "" for"", "" telephone"", "" today"", "" help""]"
typo,logit,typo-division,8,"[""ad"", ""ale"", ""al"", ""ed"", ""es""]"
typo,logit,typo-division,16,"[""ment"", ""-"", ""f"", ""S"", ""ore""]"
typo,logit,typo-division,24,"[""ment"", ""ary"", "" new"", ""ore"", ""naire""]"
typo,logit,typo-division,32,"[""l"", ""m"", "" new"", ""i"", ""ary""]"
typo,logit,typo-division,40,"[""l"", ""\u90e8\u95e8"", ""i"", "" department"", "" new""]"
typo,logit,typo-division,48,"[""\u65b0\u7684"", ""\u53eb"", "" new"", ""A"", ""l""]"
typo,logit,typo-division,56,"["" called"", ""\u53eb\u505a"", "" today"", "" yesterday"", ""\u53eb""]"
typo,jlens_camila,typo-division,8,"[""er"", ""naire"", ""i"", ""ally"", ""ation""]"
typo,jlens_camila,typo-division,16,"[""er"", ""i"", ""ed"", ""o"", ""u""]"
typo,jlens_camila,typo-division,24,"[""i"", ""er"", ""ally"", ""o"", ""ly""]"
typo,jlens_camila,typo-division,32,"[""i"", ""er"", ""o"", ""ed"", ""n""]"
typo,jlens_camila,typo-division,40,"["" department"", "" new"", ""i"", "" division"", "" departments""]"
typo,jlens_camila,typo-division,48,"["" new"", ""new"", ""\u65b0\u7684"", ""i"", ""(new""]"
typo,jlens_camila,typo-division,56,"["" called"", "" today"", ""\u53eb"", "" yesterday"", ""\u53eb\u505a""]"
typo,rlens_camila,typo-division,8,"[""ally"", ""i"", ""naire"", ""n"", ""er""]"
typo,rlens_camila,typo-division,16,"[""i"", ""n"", ""d"", ""l"", ""r""]"
typo,rlens_camila,typo-division,24,"[""i"", ""n"", ""l"", ""r"", ""d""]"
typo,rlens_camila,typo-division,32,"[""i"", ""n"", ""l"", "" new"", ""r""]"
typo,rlens_camila,typo-division,40,"[""i"", "" new"", "" department"", "" division"", ""new""]"
typo,rlens_camila,typo-division,48,"["" new"", ""new"", ""i"", ""l"", ""n""]"
typo,rlens_camila,typo-division,56,"["" called"", "" today"", "" which"", "" structure"", "" yesterday""]"
typo,jpp_released,typo-division,8,"["" divisions"", "" division"", "" departments"", "" department"", "" branches""]"
typo,jpp_released,typo-division,16,"["" Division"", "" Garrison"", "" Div"", "" D"", "" DD""]"
typo,jpp_released,typo-division,24,"["" department"", "" company"", "" division"", "" business"", "" office""]"
typo,jpp_released,typo-division,32,"["" Division"", "" division"", "" Department"", "" company"", "" new""]"
typo,jpp_released,typo-division,40,"["" department"", "" division"", "" new"", "" company"", "" departments""]"
typo,jpp_released,typo-division,48,"["" new"", "" department"", "" division"", "" company"", "" of""]"
typo,jpp_released,typo-division,56,"["" today"", "" which"", "" called"", "" structure"", "" with""]"
typo,logit,typo-position,8,"["" positions"", "" position"", ""positions"", ""\u804c\u4f4d"", ""position""]"
typo,logit,typo-position,16,"[""b"", "" -"", ""f"", ""-"", ""p""]"
typo,logit,typo-position,24,"[""positions"", "" positions"", ""Positions"", ""\u804c\u4f4d"", "" position""]"
typo,logit,typo-position,32,"[""\u804c\u4f4d"", ""\u5c97\u4f4d"", ""lm"", ""l"", ""\u4eba\u4e8b""]"
typo,logit,typo-position,40,"[""\u804c\u4f4d"", ""\u5c97\u4f4d"", "" job"", "" accept"", ""A""]"
typo,logit,typo-position,48,"[""\u804c\u4f4d"", ""/job"", ""<u"", ""zv"", ""etra""]"
typo,logit,typo-position,56,"["" offered"", "" without"", ""without"", "" Without"", "" despite""]"
typo,jlens_camila,typo-position,8,"[""i"", ""ally"", ""t"", ""s"", ""m""]"
typo,jlens_camila,typo-position,16,"["" alot"", ""i"", "" wich"", "" poss"", ""e""]"
typo,jlens_camila,typo-position,24,"["" alot"", ""i"", "" wich"", "" poss"", "" occured""]"
typo,jlens_camila,typo-position,32,"[""i"", ""e"", ""l"", ""o"", ""t""]"
typo,jlens_camila,typo-position,40,"["" job"", ""job"", "" jobs"", "" Job"", ""Job""]"
typo,jlens_camila,typo-position,48,"["" job"", ""job"", ""/job"", "" salary"", "" jobs""]"
typo,jlens_camila,typo-position,56,"["" offered"", "" without"", ""without"", "" Without"", ""Without""]"
typo,rlens_camila,typo-position,8,"[""i"", ""l"", ""ally"", ""t"", ""n""]"
typo,rlens_camila,typo-position,16,"["" alot"", ""l"", "" wich"", "" poss"", "" lenght""]"
typo,rlens_camila,typo-position,24,"[""l"", "" alot"", ""\u505a\u4e3a"", ""i"", ""e""]"
typo,rlens_camila,typo-position,32,"[""l"", "" job"", ""i"", "" new"", ""g""]"
typo,rlens_camila,typo-position,40,"["" job"", "" jobs"", ""job"", ""\u5c97\u4f4d"", "" Job""]"
typo,rlens_camila,typo-position,48,"["" job"", ""l"", "" jobs"", ""job"", "" salary""]"
typo,rlens_camila,typo-position,56,"["" offered"", "" without"", ""without"", "" despite"", "" Without""]"
typo,jpp_released,typo-position,8,"["" positions"", "" position"", ""\u804c\u4f4d"", "" job"", ""position""]"
typo,jpp_released,typo-position,16,"["" Job"", "" Position"", "" JP"", "" in"", "" job""]"
typo,jpp_released,typo-position,24,"["" office"", "" job"", "" offices"", "" employer"", "" salary""]"
typo,jpp_released,typo-position,32,"["" job"", "" Job"", "" office"", "" Office"", "" salary""]"
typo,jpp_released,typo-position,40,"["" job"", ""job"", "" position"", "" office"", "" jobs""]"
typo,jpp_released,typo-position,48,"["" job"", ""job"", "" new"", "" office"", "" salary""]"
typo,jpp_released,typo-position,56,"["" job"", "" without"", ""job"", ""without"", "" offered""]"
typo,logit,typo-material,8,"[""r"", ""ity"", ""c"", ""ad"", ""un""]"
typo,logit,typo-material,16,"["" e"", ""c"", ""ml"", ""r"", ""ity""]"
typo,logit,typo-material,24,"["" materials"", ""azo"", ""ammable"", ""ogne"", ""ogany""]"
typo,logit,typo-material,32,"[""ipse"", ""\u54e5"", ""ype"", ""lu"", ""ress""]"
typo,logit,typo-material,40,"[""\u54e5"", "" materials"", ""\u6750\u6599"", ""/material"", ""ype""]"
typo,logit,typo-material,48,"[""ype"", ""k\u0105"", ""ame"", ""\u8fd9\u53e5\u8bdd"", ""j\u00fa""]"
typo,logit,typo-material,56,"[""\u8fd9\u53e5\u8bdd"", ""\u7ffb\u8bd1\u6210"", "" comfortable"", ""buat"", ""\u6539\u5199""]"
typo,jlens_camila,typo-material,8,"[""ity"", ""aire"", ""\u062a"", ""ection"", ""er""]"
typo,jlens_camila,typo-material,16,"["" alot"", ""ity"", "" seperate"", ""e"", ""l""]"
typo,jlens_camila,typo-material,24,"["" alot"", "" seperate"", "" recieved"", ""e"", "" seper""]"
typo,jlens_camila,typo-material,32,"[""e"", ""l"", ""t"", "" alot"", "" isnt""]"
typo,jlens_camila,typo-material,40,"[""e"", ""\u6750\u8d28"", ""l"", ""t"", ""material""]"
typo,jlens_camila,typo-material,48,"[""e"", ""l"", ""t"", ""a"", ""g""]"
typo,jlens_camila,typo-material,56,"[""\u8fd9\u53e5\u8bdd"", ""which"", "" which"", ""\u6539\u5199"", ""\u7ffb\u8bd1\u6210""]"
typo,rlens_camila,typo-material,8,"[""l"", ""ity"", ""t"", ""r"", ""n""]"
typo,rlens_camila,typo-material,16,"["" alot"", ""l"", ""r"", ""t"", "" seperate""]"
typo,rlens_camila,typo-material,24,"["" alot"", "" isnt"", ""l"", "" recieved"", "" seperate""]"
typo,rlens_camila,typo-material,32,"["" alot"", ""l"", "" isnt"", ""t"", ""e""]"
typo,rlens_camila,typo-material,40,"["" materials"", ""t"", ""l"", "" material"", ""e""]"
typo,rlens_camila,typo-material,48,"[""l"", ""t"", ""e"", ""a"", ""g""]"
typo,rlens_camila,typo-material,56,"[""\u8fd9\u53e5\u8bdd"", "" which"", ""which"", ""\u7ffb\u8bd1\u6210"", ""\u6539\u5199""]"
typo,jpp_released,typo-material,8,"["" Charleston"", "" materials"", ""materials"", "" fabrics"", "" whilst""]"
typo,jpp_released,typo-material,16,"["" Materia"", "" Wool"", "" Martial"", ""(Material"", "" M""]"
typo,jpp_released,typo-material,24,"["" material"", "" materials"", "" fabrics"", "" fabric"", ""\u7684\u6750\u6599""]"
typo,jpp_released,typo-material,32,"["" Material"", ""[M"", ""(Material"", "" Materials"", "" and""]"
typo,jpp_released,typo-material,40,"["" material"", "" materials"", ""l"", ""m"", "" fabric""]"
typo,jpp_released,typo-material,48,"["" material"", "" materials"", "" fabric"", "" soft"", "" which""]"
typo,jpp_released,typo-material,56,"["" which"", "" that"", ""which"", "" english"", ""that""]"
typo,logit,typo-security,8,"["" security"", "" L"", ""/security"", ""-"", "" I""]"
typo,logit,typo-security,16,"["" security"", "" B"", "" A"", "" D"", "" and""]"
typo,logit,typo-security,24,"["" security"", ""/security"", "" b"", "" D"", "" B""]"
typo,logit,typo-security,32,"["" security"", "" M"", ""pos"", ""/security"", "" D""]"
typo,logit,typo-security,40,"["" security"", ""/security"", ""\u5b89\u4fdd"", ""\u4fdd\u5b89"", ""security""]"
typo,logit,typo-security,48,"["" security"", ""/security"", "" because"", ""\u4fdd\u5b89"", "" guard""]"
typo,logit,typo-security,56,"["" because"", "" due"", ""\u56e0\u4e3a"", ""because"", "" guards""]"
typo,jlens_camila,typo-security,8,"[""er"", ""t"", ""e"", ""y"", ""o""]"
typo,jlens_camila,typo-security,16,"["" alot"", "" insure"", ""\u505a\u4e3a"", "" seperate"", "" poss""]"
typo,jlens_camila,typo-security,24,"["" insure"", "" security"", ""/security"", "" alot"", ""er""]"
typo,jlens_camila,typo-security,32,"["" security"", ""/security"", "" safety"", ""security"", "" Security""]"
typo,jlens_camila,typo-security,40,"["" security"", ""security"", ""/security"", "" Security"", ""\u5b89\u4fdd""]"
typo,jlens_camila,typo-security,48,"["" security"", ""/security"", ""security"", "" Security"", ""Security""]"
typo,jlens_camila,typo-security,56,"["" due"", "" because"", "" security"", "" guards"", "" guard""]"
typo,rlens_camila,typo-security,8,"["" security"", ""g"", ""t"", ""e"", ""y""]"
typo,rlens_camila,typo-security,16,"["" insure"", "" alot"", ""\u505a\u4e3a"", ""e"", "" seperate""]"
typo,rlens_camila,typo-security,24,"["" security"", ""/security"", "" safety"", "" Security"", "" safe""]"
typo,rlens_camila,typo-security,32,"["" security"", "" safety"", ""/security"", "" Security"", ""security""]"
typo,rlens_camila,typo-security,40,"["" security"", "" Security"", ""/security"", ""security"", ""Security""]"
typo,rlens_camila,typo-security,48,"["" security"", ""/security"", "" Security"", ""security"", ""Security""]"
typo,rlens_camila,typo-security,56,"["" security"", "" due"", "" because"", "" guards"", "" guard""]"
typo,jpp_released,typo-security,8,"["" security"", ""security"", "" guards"", "" defence"", "" guard""]"
typo,jpp_released,typo-security,16,"["" Security"", "" security"", ""Security"", "" Secur"", "".Security""]"
typo,jpp_released,typo-security,24,"["" security"", ""security"", "" guards"", ""/security"", "" guard""]"
typo,jpp_released,typo-security,32,"["" security"", "" Security"", "" police"", "" Police"", ""/security""]"
typo,jpp_released,typo-security,40,"["" security"", "" Security"", ""security"", "" safety"", "" guard""]"
typo,jpp_released,typo-security,48,"["" security"", "" Security"", "" guard"", "" guards"", "" police""]"
typo,jpp_released,typo-security,56,"["" guards"", "" for"", "" Security"", "" security"", "" due""]"
typo,logit,typo-training,8,"[""f"", ""\u57f9\u8bad"", "" training"", ""-"", ""t""]"
typo,logit,typo-training,16,"[""f"", ""-"", ""\u57f9\u8bad"", "" -"", ""\u5728""]"
typo,logit,typo-training,24,"[""\u5443"", "" training"", ""ee"", ""\u57f9\u8bad"", "" H""]"
typo,logit,typo-training,32,"[""b"", ""l"", ""1"", "" b"", ""y""]"
typo,logit,typo-training,40,"[""l"", ""\u57f9\u8bad"", "" training"", ""in"", ""IT""]"
typo,logit,typo-training,48,"[""l"", ""d"", ""iro"", ""b"", ""a""]"
typo,logit,typo-training,56,"["" yesterday"", "" successfully"", ""\u8fd9\u53e5\u8bdd"", "" sentence"", "" programme""]"
typo,jlens_camila,typo-training,8,"[""o"", ""ed"", ""er"", ""i"", ""t""]"
typo,jlens_camila,typo-training,16,"[""o"", ""t"", ""e"", ""r"", ""i""]"
typo,jlens_camila,typo-training,24,"[""o"", "" seperate"", "" alot"", ""t"", "" isnt""]"
typo,jlens_camila,typo-training,32,"[""o"", ""t"", ""e"", ""i"", "" isnt""]"
typo,jlens_camila,typo-training,40,"["" training"", ""\u57f9\u8bad"", "" Training"", ""training"", ""Training""]"
typo,jlens_camila,typo-training,48,"["" training"", ""\u57f9\u8bad"", ""training"", "" Training"", ""t""]"
typo,jlens_camila,typo-training,56,"["" yesterday"", "" successfully"", ""\u57f9\u8bad"", "" training"", "" sentence""]"
typo,rlens_camila,typo-training,8,"[""t"", ""o"", ""e"", ""l"", ""i""]"
typo,rlens_camila,typo-training,16,"[""t"", ""l"", ""e"", ""o"", ""n""]"
typo,rlens_camila,typo-training,24,"[""t"", ""l"", ""e"", "" isnt"", ""i""]"
typo,rlens_camila,typo-training,32,"[""t"", ""l"", ""e"", ""i"", ""a""]"
typo,rlens_camila,typo-training,40,"["" training"", ""\u57f9\u8bad"", "" Training"", ""t"", ""l""]"
typo,rlens_camila,typo-training,48,"["" training"", ""l"", ""t"", ""\u57f9\u8bad"", ""e""]"
typo,rlens_camila,typo-training,56,"["" yesterday"", "" successfully"", "" training"", ""\u57f9\u8bad"", "" sentence""]"
typo,jpp_released,typo-training,8,"["" training"", "" trainers"", "" trainer"", ""training"", "" trained""]"
typo,jpp_released,typo-training,16,"["" Training"", "" Trainer"", "" TT"", "" trainers"", "" Train""]"
typo,jpp_released,typo-training,24,"["" training"", ""training"", ""l"", "" trainers"", ""t""]"
typo,jpp_released,typo-training,32,"["" Training"", "" training"", "" trainers"", "" Trainer"", "" trainer""]"
typo,jpp_released,typo-training,40,"["" training"", "" Training"", "" train"", ""\u57f9\u8bad"", ""training""]"
typo,jpp_released,typo-training,48,"["" training"", "" Training"", "" trainers"", "" train"", ""training""]"
typo,jpp_released,typo-training,56,"["" yesterday"", ""Tr"", "" today"", "" on"", "" week""]"
typo,logit,typo-football,8,"[""agn"", ""b"", ""T"", ""C"", ""er""]"
typo,logit,typo-football,16,"[""C"", ""p"", "" /"", ""ore"", ""agn""]"
typo,logit,typo-football,24,"[""\u9022"", ""shaw"", ""idis"", ""Pel"", ""alsy""]"
typo,logit,typo-football,32,"[""-related"", ""\u800c\u4e0d"", ""in"", ""uhan"", ""\u800c\u975e""]"
typo,logit,typo-football,40,"["" TV"", ""\u7535\u89c6"", "" Tv"", ""TV"", ""astian""]"
typo,logit,typo-football,48,"[""in"", ""jun"", ""\u5443"", ""\u5140"", ""u""]"
typo,logit,typo-football,56,"["" programmes"", "" programme"", "" televised"", "" \u0631\u0648\u06cc"", "" rubbish""]"
typo,jlens_camila,typo-football,8,"[""\u0647"", ""ting"", ""u"", ""en"", ""er""]"
typo,jlens_camila,typo-football,16,"[""u"", ""en"", ""\u0647"", ""er"", ""\u30f3""]"
typo,jlens_camila,typo-football,24,"[""u"", ""en"", ""\u0647"", ""\u30f3"", ""ting""]"
typo,jlens_camila,typo-football,32,"[""u"", "" funny"", "" football"", "" tv"", ""\u597d\u8c61""]"
typo,jlens_camila,typo-football,40,"["" Watching"", "" TV"", "" watching"", "" televised"", "" football""]"
typo,jlens_camila,typo-football,48,"["" watching"", "" Watching"", ""watch"", "" watched"", "" watch""]"
typo,jlens_camila,typo-football,56,"[""on"", "" on"", ""TV"", "" televised"", "" programmes""]"
typo,rlens_camila,typo-football,8,"[""ting"", ""los"", ""u"", ""er"", ""\u00ed""]"
typo,rlens_camila,typo-football,16,"[""u"", ""w"", ""r"", ""er"", ""ot""]"
typo,rlens_camila,typo-football,24,"[""\u597d\u8c61"", ""watch"", ""los"", "" tv"", "" football""]"
typo,rlens_camila,typo-football,32,"["" football"", ""\u4f53\u80b2"", ""watch"", ""games"", "" Watching""]"
typo,rlens_camila,typo-football,40,"["" televised"", ""\u7535\u89c6"", "" tv"", "" Watching"", "" TV""]"
typo,rlens_camila,typo-football,48,"["" watching"", "" Watching"", ""watch"", "" televised"", "" watches""]"
typo,rlens_camila,typo-football,56,"[""on"", ""TV"", "" televised"", "" on"", "" broadcast""]"
typo,jpp_released,typo-football,8,"["" football"", ""football"", ""\u8db3\u7403"", "" futbol"", "" Football""]"
typo,jpp_released,typo-football,16,"["" Football"", "" football"", ""Football"", "" Futbol"", "" futbol""]"
typo,jpp_released,typo-football,24,"["" football"", "" sports"", "" sport"", "" soccer"", "" Football""]"
typo,jpp_released,typo-football,32,"["" Football"", "" football"", ""Football"", ""football"", "" sports""]"
typo,jpp_released,typo-football,40,"[""TV"", "" TV"", ""\u7535\u89c6"", "" televised"", "" tv""]"
typo,jpp_released,typo-football,48,"["" tv"", "" football"", "" televised"", ""tv"", ""TV""]"
typo,jpp_released,typo-football,56,"["" tv"", "" on"", ""TV"", "" TV"", "" Football""]"
typo,logit,typo-course,8,"["" course"", "" courses"", "" de"", "" M"", ""In""]"
typo,logit,typo-course,16,"[""in"", ""e"", ""less"", ""\u5b97"", ""en""]"
typo,logit,typo-course,24,"["" course"", ""course"", "" courses"", "" online"", ""in""]"
typo,logit,typo-course,32,"[""pace"", ""b"", ""ress"", ""\u4e4e"", "" in""]"
typo,logit,typo-course,40,"["" courses"", "" classes"", ""Classes"", "" course"", "" online""]"
typo,logit,typo-course,48,"["" programmes"", ""a"", "" programme"", "" courses"", ""A""]"
typo,logit,typo-course,56,"[""\u56e0\u4e3a"", "" synonym"", "" because"", "" yesterday"", "" online""]"
typo,jlens_camila,typo-course,8,"[""en"", ""e"", ""es"", ""o"", ""er""]"
typo,jlens_camila,typo-course,16,"[""en"", ""es"", ""e"", ""o"", ""u""]"
typo,jlens_camila,typo-course,24,"[""e"", ""es"", ""en"", ""o"", ""i""]"
typo,jlens_camila,typo-course,32,"[""e"", ""es"", ""en"", ""i"", ""o""]"
typo,jlens_camila,typo-course,40,"["" courses"", "" course"", ""course"", "" training"", "" Courses""]"
typo,jlens_camila,typo-course,48,"[""e"", ""es"", "" courses"", "" schedule"", "" course""]"
typo,jlens_camila,typo-course,56,"["" because"", ""because"", "" yesterday"", "" grammar"", "" online""]"
typo,rlens_camila,typo-course,8,"[""e"", ""en"", "" of"", ""es"", ""u""]"
typo,rlens_camila,typo-course,16,"[""e"", ""en"", ""es"", ""i"", "" of""]"
typo,rlens_camila,typo-course,24,"[""e"", ""course"", "" course"", ""es"", ""en""]"
typo,rlens_camila,typo-course,32,"[""e"", ""es"", ""en"", ""course"", ""i""]"
typo,rlens_camila,typo-course,40,"["" courses"", "" course"", ""course"", ""\u8bfe\u7a0b"", "" Course""]"
typo,rlens_camila,typo-course,48,"[""es"", ""e"", "" schedule"", "" course"", "" courses""]"
typo,rlens_camila,typo-course,56,"["" because"", "" online"", "" yesterday"", ""because"", "" grammar""]"
typo,jpp_released,typo-course,8,"["" courses"", "" in"", "" of"", "" and"", "" as""]"
typo,jpp_released,typo-course,16,"["" C"", "" of"", "" Course"", "" Car"", "" Corse""]"
typo,jpp_released,typo-course,24,"["" course"", "" courses"", ""course"", "" Course"", "" students""]"
typo,jpp_released,typo-course,32,"["" Course"", "" course"", "" Curriculum"", "" of"", "" students""]"
typo,jpp_released,typo-course,40,"["" course"", "" courses"", "" students"", "" student"", ""course""]"
typo,jpp_released,typo-course,48,"["" course"", "" college"", "" lecture"", "" school"", "" courses""]"
typo,jpp_released,typo-course,56,"["" english"", "" online"", "" because"", "" after"", "" grammar""]"
typo,logit,typo-house,8,"[""ide"", ""ier"", ""\u5bd3"", ""f"", "" st""]"
typo,logit,typo-house,16,"[""f"", ""r"", ""b"", ""g"", ""ette""]"
typo,logit,typo-house,24,"[""\u7cca"", ""ette"", ""gence"", ""house"", ""\u4ee3""]"
typo,logit,typo-house,32,"[""ress"", ""\u7531"", ""illi"", ""bery"", ""or""]"
typo,logit,typo-house,40,"[""\u5730\u5740"", ""\u642c"", ""\u832c"", ""ette"", ""\u8fc1""]"
typo,logit,typo-house,48,"[""RICS"", "" baru"", ""<u"", ""\u65b0\u7684"", ""BIND""]"
typo,logit,typo-house,56,"["" yesterday"", ""\u6628\u5929"", ""\u6628"", ""\u53e5\u5b50"", ""\u4e0a\u5468""]"
typo,jlens_camila,typo-house,8,"[""\u0629"", ""o"", ""e"", ""er"", ""es""]"
typo,jlens_camila,typo-house,16,"[""\u0629"", "" didnt"", "" teh"", "" alot"", ""e""]"
typo,jlens_camila,typo-house,24,"[""\u0629"", "" didnt"", "" doesnt"", "" isnt"", "" alot""]"
typo,jlens_camila,typo-house,32,"[""e"", ""i"", ""\u0629"", ""o"", ""es""]"
typo,jlens_camila,typo-house,40,"["" house"", ""house"", "" houses"", ""\u623f\u5c4b"", "" housing""]"
typo,jlens_camila,typo-house,48,"["" new"", ""new"", ""e"", ""es"", ""\u65b0\u7684""]"
typo,jlens_camila,typo-house,56,"["" yesterday"", ""\u53e5\u5b50"", ""\u6628\u5929"", "" last"", "" Sentence""]"
typo,rlens_camila,typo-house,8,"[""es"", ""o"", ""e"", ""ht"", ""h""]"
typo,rlens_camila,typo-house,16,"["" teh"", "" didnt"", "" doesnt"", "" alot"", "" isnt""]"
typo,rlens_camila,typo-house,24,"["" isnt"", "" didnt"", "" teh"", "" doesnt"", ""es""]"
typo,rlens_camila,typo-house,32,"["" isnt"", "" didnt"", ""i"", "" doesnt"", ""ht""]"
typo,rlens_camila,typo-house,40,"["" house"", ""house"", "" houses"", ""es"", "" housing""]"
typo,rlens_camila,typo-house,48,"["" new"", ""new"", ""es"", ""i"", ""e""]"
typo,rlens_camila,typo-house,56,"["" yesterday"", ""\u53e5\u5b50"", "" sentence"", ""\u6628\u5929"", "" Sentence""]"
typo,jpp_released,typo-house,8,"["" house"", "" houses"", ""house"", ""houses"", "" homes""]"
typo,jpp_released,typo-house,16,"["" House"", "" HOUSE"", "" mansion"", "" Nues"", ""House""]"
typo,jpp_released,typo-house,24,"[""house"", "" house"", "" houses"", ""h"", "" homes""]"
typo,jpp_released,typo-house,32,"["" House"", ""house"", "" house"", "" Homes"", ""-house""]"
typo,jpp_released,typo-house,40,"["" house"", ""house"", ""h"", "" apartment"", "" new""]"
typo,jpp_released,typo-house,48,"["" new"", "" house"", ""new"", ""(new"", "" apartment""]"
typo,jpp_released,typo-house,56,"["" yesterday"", ""(H"", "" after"", "" today"", "" with""]"
typo,logit,typo-great,8,"[""ior"", ""est"", ""ored"", ""IOR"", ""ened""]"
typo,logit,typo-great,16,"[""\u6311"", ""\u4e30"", ""ik"", ""YYYY"", ""\u6717""]"
typo,logit,typo-great,24,"[""itude"", ""iated"", ""\u4e14"", ""onomy"", ""\u0629""]"
typo,logit,typo-great,32,"[""\u0629"", ""ly"", ""ior"", ""r"", ""itude""]"
typo,logit,typo-great,40,"[""itude"", ""acular"", ""ment"", ""ly"", ""ior""]"
typo,logit,typo-great,48,"[""itude"", ""\u88d5"", ""remely"", ""\u00e1va"", ""\u500d""]"
typo,logit,typo-great,56,"["" especially"", ""\u5c24\u5176\u662f"", ""\u6539\u5199"", ""\u7279\u522b\u662f"", ""-grand""]"
typo,jlens_camila,typo-great,8,"[""\u0629"", ""onomy"", ""ness"", ""ation"", ""iance""]"
typo,jlens_camila,typo-great,16,"[""\u0629"", "" didnt"", "" alot"", ""\u0131"", ""onomy""]"
typo,jlens_camila,typo-great,24,"["" alot"", "" didnt"", ""\u0629"", "" kinda"", ""\u0131""]"
typo,jlens_camila,typo-great,32,"["" didnt"", "" alot"", ""\u0629"", "" doesnt"", "" dont""]"
typo,jlens_camila,typo-great,40,"["" didnt"", "" alot"", "" nice"", "" dont"", ""\u0629""]"
typo,jlens_camila,typo-great,48,"["" nice"", "" didnt"", "" great"", "" amazing"", ""great""]"
typo,jlens_camila,typo-great,56,"["" view"", "" especially"", "" views"", ""\u89c6\u91ce"", ""\u6539\u5199""]"
typo,rlens_camila,typo-great,8,"["" recieved"", "" teh"", ""onomy"", "" didnt"", "" isnt""]"
typo,rlens_camila,typo-great,16,"["" didnt"", "" alot"", "" teh"", "" doesnt"", ""\u0131""]"
typo,rlens_camila,typo-great,24,"["" didnt"", "" alot"", "" isnt"", ""onomy"", ""\u0629""]"
typo,rlens_camila,typo-great,32,"["" didnt"", "" alot"", ""\u0131"", ""\u0629"", "" dont""]"
typo,rlens_camila,typo-great,40,"["" didnt"", ""g"", ""\u0131"", "" dont"", "" great""]"
typo,rlens_camila,typo-great,48,"[""g"", "" nice"", "" great"", "" didnt"", "" though""]"
typo,rlens_camila,typo-great,56,"["" especially"", "" view"", "" views"", ""\u6539\u5199"", ""\u89c6\u91ce""]"
typo,jpp_released,typo-great,8,"[""che"", ""\u97f6"", ""PDO"", ""etch"", "" succes""]"
typo,jpp_released,typo-great,16,"["" Gret"", "" Gat"", "" GT"", ""GT"", "" GX""]"
typo,jpp_released,typo-great,24,"["" good"", "" nice"", "" kids"", "" thanks"", "" old""]"
typo,jpp_released,typo-great,32,"["" Gret"", "" GT"", "" Gat"", "".G"", "" GW""]"
typo,jpp_released,typo-great,40,"[""g"", "" nice"", "" wonderful"", "" good"", "" beautiful""]"
typo,jpp_released,typo-great,48,"["" nice"", "" great"", "" good"", "" wonderful"", "" excellent""]"
typo,jpp_released,typo-great,56,"["" view"", "" views"", "" great"", "" Great"", ""(G""]"
typo,logit,typo-night,8,"[""\u591c"", ""night"", ""g"", "" night"", ""-night""]"
typo,logit,typo-night,16,"[""\u591c\u665a"", ""\u591c"", ""pl"", "" night"", ""night""]"
typo,logit,typo-night,24,"[""iest"", ""cene"", ""\u591c"", ""-night"", ""p""]"
typo,logit,typo-night,32,"[""\u591c"", ""ight"", ""l"", ""lu"", ""lm""]"
typo,logit,typo-night,40,"[""\u05d1\u05dc"", ""\u6240\u4e3a"", ""br"", ""boh"", ""\u8d76""]"
typo,logit,typo-night,48,"[""als"", ""\u591c"", ""boys"", ""alla"", ""ason""]"
typo,logit,typo-night,56,"["" yesterday"", ""\u8fd9\u53e5\u8bdd"", ""\u6628"", ""\u8bd1"", ""\u6628\u5929""]"
typo,jlens_camila,typo-night,8,"[""ness"", ""ought"", ""iest"", ""tures"", ""onomy""]"
typo,jlens_camila,typo-night,16,"["" wich"", "" occured"", ""\u505a\u4e3a"", "" lenght"", ""t""]"
typo,jlens_camila,typo-night,24,"["" wich"", "" occured"", ""\u505a\u4e3a"", "" lenght"", ""night""]"
typo,jlens_camila,typo-night,32,"["" night"", ""night"", "" evening"", "" wich"", "" Night""]"
typo,jlens_camila,typo-night,40,"["" night"", ""night"", "" noct"", "" Night"", ""\u591c""]"
typo,jlens_camila,typo-night,48,"["" night"", ""\u591c"", ""night"", "" Night"", ""\u7684\u591c\u665a""]"
typo,jlens_camila,typo-night,56,"["" yesterday"", ""\u8fd9\u53e5\u8bdd"", ""\u6628\u5929"", ""\u6539\u4e3a"", "" preparing""]"
typo,rlens_camila,typo-night,8,"["" wich"", ""t"", ""k"", "" night"", ""night""]"
typo,rlens_camila,typo-night,16,"["" wich"", "" occured"", ""\u505a\u4e3a"", ""t"", "" lenght""]"
typo,rlens_camila,typo-night,24,"["" night"", "" wich"", ""night"", ""Night"", "" evening""]"
typo,rlens_camila,typo-night,32,"["" night"", ""night"", ""\u591c"", "" evening"", "" noct""]"
typo,rlens_camila,typo-night,40,"["" night"", ""\u591c"", ""night"", "" noct"", ""\u901a\u5bb5""]"
typo,rlens_camila,typo-night,48,"["" night"", ""\u591c"", ""night"", "" Night"", ""\u901a\u5bb5""]"
typo,rlens_camila,typo-night,56,"["" yesterday"", ""\u8fd9\u53e5\u8bdd"", ""\u6539\u4e3a"", "" preparing"", ""\u4ec0\u4e48\u610f\u601d""]"
typo,jpp_released,typo-night,8,"["" night"", ""night"", "" nights"", "" noct"", "" nightly""]"
typo,jpp_released,typo-night,16,"["" Night"", ""Night"", "" night"", "" NIGHT"", ""night""]"
typo,jpp_released,typo-night,24,"["" night"", ""night"", "" nights"", "" noct"", ""-night""]"
typo,jpp_released,typo-night,32,"["" Night"", "" night"", ""-night"", ""Night"", ""night""]"
typo,jpp_released,typo-night,40,"["" night"", ""night"", "" midnight"", "" evening"", "" Night""]"
typo,jpp_released,typo-night,48,"["" night"", "" Night"", ""-night"", "" midnight"", "" tonight""]"
typo,jpp_released,typo-night,56,"["" yesterday"", "" tonight"", ""\u6628\u5929"", "" day"", "" when""]"
typo,logit,typo-control,8,"["" control"", ""\u5931"", ""/control"", ""\u63a7\u5236"", ""control""]"
typo,logit,typo-control,16,"[""ance"", "" control"", "" e"", ""\u5609"", ""/control""]"
typo,logit,typo-control,24,"["" control"", ""\u53ef\u63a7"", ""du"", ""\u63a7\u5236"", ""\u5609""]"
typo,logit,typo-control,32,"[""ty"", ""ful"", ""less"", "" of"", "" control""]"
typo,logit,typo-control,40,"["" control"", ""\u63a7\u5236"", ""/control"", ""\u4e0e\u63a7\u5236"", ""control""]"
typo,logit,typo-control,48,"[""S"", ""ful"", "" of"", ""\u63a7\u5236"", ""\u4e00""]"
typo,logit,typo-control,56,"[""(control"", "" control"", ""/control"", "" but"", "" of""]"
typo,jlens_camila,typo-control,8,"[""ship"", ""niest"", ""istics"", ""\uc368"", ""enght""]"
typo,jlens_camila,typo-control,16,"[""enght"", ""\u505a\u4e3a"", "" seperate"", "" didnt"", "" alot""]"
typo,jlens_camila,typo-control,24,"["" of"", ""ship"", "" teh"", "" thru"", ""enght""]"
typo,jlens_camila,typo-control,32,"["" of"", "" teh"", ""\u65f3"", ""the"", ""_of""]"
typo,jlens_camila,typo-control,40,"[""\u5931\u63a7"", "" control"", ""control"", ""(control"", ""\u63a7\u5236""]"
typo,jlens_camila,typo-control,48,"[""\u6062\u590d"", "" of"", "" control"", "" after"", ""\u5931\u63a7""]"
typo,jlens_camila,typo-control,56,"["" control"", ""(control"", ""control"", "" but"", ""/control""]"
typo,rlens_camila,typo-control,8,"["" of"", "" control"", ""ship"", "" ctrl"", ""\u638c\u63a7""]"
typo,rlens_camila,typo-control,16,"[""\u505a\u4e3a"", ""enght"", "" of"", "" alot"", ""t""]"
typo,rlens_camila,typo-control,24,"["" of"", "" control"", ""ing"", ""ful"", ""\u5931\u63a7""]"
typo,rlens_camila,typo-control,32,"["" of"", "" teh"", ""t"", ""the"", ""z""]"
typo,rlens_camila,typo-control,40,"["" control"", "" of"", ""control"", ""(control"", "" Control""]"
typo,rlens_camila,typo-control,48,"["" of"", "" control"", "" during"", "" after"", ""ing""]"
typo,rlens_camila,typo-control,56,"["" control"", ""(control"", "" but"", "" of"", ""control""]"
typo,jpp_released,typo-control,8,"["" aircraft"", "" controls"", "" flight"", "" wing"", "" Aircraft""]"
typo,jpp_released,typo-control,16,"["" CTRL"", "" Control"", "" CTL"", "" CONTROL"", "" Kontrol""]"
typo,jpp_released,typo-control,24,"["" of"", "" flight"", "" aircraft"", "" control"", "" flying""]"
typo,jpp_released,typo-control,32,"["" of"", "" Control"", "" aircraft"", "" during"", "" flight""]"
typo,jpp_released,typo-control,40,"["" control"", "" of"", "" the"", ""control"", ""the""]"
typo,jpp_released,typo-control,48,"["" of"", "" control"", "" the"", "" his"", "" flight""]"
typo,jpp_released,typo-control,56,"["" of"", "" after"", "" flight"", "" aircraft"", ""of""]"
typo,logit,typo-would,8,"["" vs"", "" be"", ""ly"", "" or"", "" to""]"
typo,logit,typo-would,16,"[""-"", ""A"", "" or"", ""\\n"", ""/""]"
typo,logit,typo-would,24,"["" be"", ""ough"", ""\u535c"", "" have"", "" st""]"
typo,logit,typo-would,32,"[""ly"", ""un"", ""*"", ""n"", ""4""]"
typo,logit,typo-would,40,"[""ough"", ""ly"", "" be"", ""*"", "" use""]"
typo,logit,typo-would,48,"[""omo"", ""ly"", ""U"", ""ough"", ""/""]"
typo,logit,typo-would,56,"["" remember"", "" be"", "" accept"", "" have"", ""ough""]"
typo,jlens_camila,typo-would,8,"[""ough"", ""entication"", ""iness"", ""phabet"", ""shal""]"
typo,jlens_camila,typo-would,16,"["" teh"", ""ough"", "" didnt"", "" occured"", ""ither""]"
typo,jlens_camila,typo-would,24,"["" teh"", ""ough"", ""ither"", "" isnt"", "" didnt""]"
typo,jlens_camila,typo-would,32,"["" teh"", ""ough"", ""\u0131"", "" didnt"", "" isnt""]"
typo,jlens_camila,typo-would,40,"[""nt"", "" typo"", ""ly"", "" english"", ""ough""]"
typo,jlens_camila,typo-would,48,"[""ly"", ""w"", ""ai"", ""te"", "" words""]"
typo,jlens_camila,typo-would,56,"["" remember"", "" accept"", "" remembers"", "" stay"", "" want""]"
typo,rlens_camila,typo-would,8,"[""ough"", ""though"", ""Though"", "" be"", ""nt""]"
typo,rlens_camila,typo-would,16,"["" teh"", ""t"", ""n"", ""l"", ""r""]"
typo,rlens_camila,typo-would,24,"["" teh"", ""ough"", ""r"", "" be"", ""ly""]"
typo,rlens_camila,typo-would,32,"[""n"", ""r"", ""w"", "" teh"", ""l""]"
typo,rlens_camila,typo-would,40,"[""nt"", ""ly"", ""l"", ""ough"", ""w""]"
typo,rlens_camila,typo-would,48,"[""ly"", ""l"", ""w"", ""t"", ""/""]"
typo,rlens_camila,typo-would,56,"["" remember"", "" be"", "" accept"", "" keep"", "" stay""]"
typo,jpp_released,typo-would,8,"["" w"", "" though"", "" ^"", ""<span"", "" shot""]"
typo,jpp_released,typo-would,16,"["" Wald"", "" Wright"", "" Gould"", "" WL"", "" mdl""]"
typo,jpp_released,typo-would,24,"["" -"", "" of"", "" be"", "" the"", "" ^""]"
typo,jpp_released,typo-would,32,"["" of"", "" Zel"", "" in"", "" -"", "" W""]"
typo,jpp_released,typo-would,40,"[""l"", "" the"", "" be"", "" l"", "" to""]"
typo,jpp_released,typo-would,48,"["" the"", "" W"", "" a"", "" w"", "" of""]"
typo,jpp_released,typo-would,56,"["" be"", "" visit"", ""be"", "" keep"", "" go""]"
typo,logit,typo-world,8,"[""\u904d"", ""\u805a"", ""r"", ""ward"", ""\u5728""]"
typo,logit,typo-world,16,"[""r"", ""liness"", "" Davis"", ""\u6253"", ""p""]"
typo,logit,typo-world,24,"[""/world"", ""mland"", "" travel"", ""odont"", ""wards""]"
typo,logit,typo-world,32,"[""igo"", ""r"", ""iance"", ""b"", ""\u51a5""]"
typo,logit,typo-world,40,"["" travel"", "" global"", ""\u7a77"", ""/global"", ""bery""]"
typo,logit,typo-world,48,"[""\u8fd9\u53e5\u8bdd"", ""\u51a5"", ""\u4e00\u5708"", ""\u4ed7"", "" but""]"
typo,logit,typo-world,56,"[""\u8fd9\u53e5\u8bdd"", "" but"", "",but"", ""\u4f46"", ""but""]"
typo,jlens_camila,typo-world,8,"[""ed"", ""\u30f3"", "" esper"", ""ToMany"", ""seeing""]"
typo,jlens_camila,typo-world,16,"["" didnt"", "" alot"", "" doesnt"", "" dont"", "" wich""]"
typo,jlens_camila,typo-world,24,"["" didnt"", "" isnt"", "" doesnt"", "" alot"", "" dont""]"
typo,jlens_camila,typo-world,32,"["" world"", "" doesnt"", "" didnt"", "" dont"", "" isnt""]"
typo,jlens_camila,typo-world,40,"["" travel"", "" global"", "" world"", "" worldwide"", ""travel""]"
typo,jlens_camila,typo-world,48,"["" travel"", "" global"", "" abroad"", "" world"", "" worldwide""]"
typo,jlens_camila,typo-world,56,"[""\u8fd9\u53e5\u8bdd"", "" but"", "",but"", ""but"", ""\u4f46""]"
typo,rlens_camila,typo-world,8,"[""enght"", ""\u9688"", ""\u6731\u5143"", "" amazing"", ""ither""]"
typo,rlens_camila,typo-world,16,"["" didnt"", "" doesnt"", "" isnt"", "" dont"", "" teh""]"
typo,rlens_camila,typo-world,24,"["" world"", ""world"", "" isnt"", "" didnt"", ""ither""]"
typo,rlens_camila,typo-world,32,"["" world"", "" travel"", ""world"", ""t"", ""w""]"
typo,rlens_camila,typo-world,40,"["" travel"", "" world"", "" global"", "" worldwide"", "" Travel""]"
typo,rlens_camila,typo-world,48,"["" travel"", "" world"", "" abroad"", ""\u8fd9\u53e5\u8bdd"", ""w""]"
typo,rlens_camila,typo-world,56,"[""\u8fd9\u53e5\u8bdd"", "" but"", "",but"", ""but"", ""\u4f46""]"
typo,jpp_released,typo-world,8,"["" worldwide"", "" world"", ""world"", "" worlds"", "" global""]"
typo,jpp_released,typo-world,16,"["" World"", "" WORLD"", ""(World"", ""World"", "" Worldwide""]"
typo,jpp_released,typo-world,24,"["" world"", "" worldwide"", "" travel"", "" countries"", ""world""]"
typo,jpp_released,typo-world,32,"["" World"", "" overseas"", "" worldwide"", "" Japan"", "" world""]"
typo,jpp_released,typo-world,40,"["" world"", "" international"", "" travel"", "" global"", "" countries""]"
typo,jpp_released,typo-world,48,"["" international"", "" countries"", "" world"", "" travel"", "" global""]"
typo,jpp_released,typo-world,56,"["" travel"", "" with"", "" because"", "" for"", "" so""]"
typo,logit,typo-water,8,"[""\u4e86"", ""ad"", ""ide"", ""g"", "" S""]"
typo,logit,typo-water,16,"[""\u4e86"", ""\u5bf9"", "" S"", ""f"", ""\u526f""]"
typo,logit,typo-water,24,"[""\u6807"", ""ility"", ""\u70ed\u7684"", ""ophobic"", ""melon""]"
typo,logit,typo-water,32,"[""ress"", ""l"", ""\u53d9"", ""or"", ""ight""]"
typo,logit,typo-water,40,"[""u"", ""l"", ""bsites"", ""in"", ""un""]"
typo,logit,typo-water,48,"[""bsites"", ""ress"", ""u"", ""\u5443"", ""PH""]"
typo,logit,typo-water,56,"[""melon"", ""\u7ed9\u81ea\u5df1"", ""\u7eed"", ""\u8fd9\u53e5\u8bdd"", ""\u7ed9""]"
typo,jlens_camila,typo-water,8,"[""u"", ""\u0647"", ""j\u0161\u00ed"", ""\u0443"", ""aviour""]"
typo,jlens_camila,typo-water,16,"[""u"", ""\u505a\u4e3a"", "" didnt"", "" upto"", "" occured""]"
typo,jlens_camila,typo-water,24,"[""u"", "" didnt"", "" doesnt"", "" dont"", "" occured""]"
typo,jlens_camila,typo-water,32,"[""u"", "" dont"", "" doesnt"", "" didnt"", ""\u0131""]"
typo,jlens_camila,typo-water,40,"["" water"", ""water"", "" wat"", ""Water"", "" Water""]"
typo,jlens_camila,typo-water,48,"["" water"", ""o"", "" wat"", ""water"", ""u""]"
typo,jlens_camila,typo-water,56,"["" drank"", "" drink"", "" drinking"", ""for"", ""water""]"
typo,rlens_camila,typo-water,8,"[""u"", "" isnt"", "" doesnt"", ""er"", "" occured""]"
typo,rlens_camila,typo-water,16,"["" occured"", "" doesnt"", ""u"", ""\u505a\u4e3a"", "" didnt""]"
typo,rlens_camila,typo-water,24,"[""u"", "" doesnt"", "" didnt"", "" isnt"", "" dont""]"
typo,rlens_camila,typo-water,32,"[""u"", "" water"", "" dont"", ""water"", ""o""]"
typo,rlens_camila,typo-water,40,"["" water"", ""water"", ""u"", ""Water"", "" WATER""]"
typo,rlens_camila,typo-water,48,"["" water"", ""water"", ""o"", ""u"", "" wat""]"
typo,rlens_camila,typo-water,56,"["" drank"", "" drink"", "" drinking"", ""water"", ""\u559d""]"
typo,jpp_released,typo-water,8,"["" water"", "" waters"", ""water"", ""\u6c34\u7684"", ""\u6c34\u8d28""]"
typo,jpp_released,typo-water,16,"["" Water"", "" Wat"", "" wat"", "" Waters"", "" Aqu""]"
typo,jpp_released,typo-water,24,"["" water"", ""water"", ""\u6c34\u7684"", "".water"", ""\u6c34\u8d28""]"
typo,jpp_released,typo-water,32,"["" Water"", "" water"", "" WATER"", ""-water"", ""Water""]"
typo,jpp_released,typo-water,40,"["" water"", ""water"", "" WATER"", "" Water"", ""Water""]"
typo,jpp_released,typo-water,48,"["" water"", ""water"", "" Water"", "" wat"", "" WATER""]"
typo,jpp_released,typo-water,56,"["" wat"", ""Wat"", "" Wat"", "" for"", "" drink""]"
typo,logit,typo-market,8,"[""st"", ""able"", ""f"", ""z"", "" *""]"
typo,logit,typo-market,16,"[""\u4e30"", "" sign"", ""pro"", "" and"", ""iable""]"
typo,logit,typo-market,24,"[""ount"", ""elihood"", ""\u9b3c"", ""pective"", ""pace""]"
typo,logit,typo-market,32,"["" downtown"", ""edicine"", ""l"", ""\u548c\u852c\u83dc"", "" market""]"
typo,logit,typo-market,40,"["" market"", ""\u548c\u852c\u83dc"", ""\u852c\u679c"", ""\u8bc9\u79f0"", "" downtown""]"
typo,logit,typo-market,48,"[""\u548c\u852c\u83dc"", ""\u852c\u679c"", "" downtown"", ""RICS"", ""folk""]"
typo,logit,typo-market,56,"[""\u8fd9\u53e5\u8bdd"", ""\u53e5"", "" nearby"", ""\u53e5\u5b50"", ""\u6539\u5199""]"
typo,jlens_camila,typo-market,8,"[""ting"", ""ative"", ""tings"", ""acular"", ""aylor""]"
typo,jlens_camila,typo-market,16,"["" alot"", "" didnt"", ""\u505a\u4e3a"", "" doesnt"", "" occured""]"
typo,jlens_camila,typo-market,24,"["" alot"", "" isnt"", "" occured"", "" doesnt"", "" didnt""]"
typo,jlens_camila,typo-market,32,"["" isnt"", "" alot"", "" acess"", "" doesnt"", ""es""]"
typo,jlens_camila,typo-market,40,"["" market"", ""market"", "" buying"", "" shopping"", ""\u5e02\u573a""]"
typo,jlens_camila,typo-market,48,"["" market"", "" downtown"", "" buying"", ""\u5e02\u573a"", ""market""]"
typo,jlens_camila,typo-market,56,"[""\u8fd9\u53e5\u8bdd"", ""\u53e5\u5b50"", ""\u53e5"", ""\u6539\u5199"", ""\u9644\u8fd1""]"
typo,rlens_camila,typo-market,8,"[""ting"", ""z"", ""ers"", ""r"", ""le""]"
typo,rlens_camila,typo-market,16,"["" alot"", ""r"", "" isnt"", "" didnt"", ""l""]"
typo,rlens_camila,typo-market,24,"["" selling"", "" market"", ""r"", "" isnt"", "" sells""]"
typo,rlens_camila,typo-market,32,"["" isnt"", "" downtown"", "" market"", "" vendors"", "" sunday""]"
typo,rlens_camila,typo-market,40,"["" market"", "" buying"", "" Market"", "" buy"", ""market""]"
typo,rlens_camila,typo-market,48,"["" market"", "" downtown"", "" weekly"", ""l"", "" buying""]"
typo,rlens_camila,typo-market,56,"[""\u8fd9\u53e5\u8bdd"", ""\u53e5\u5b50"", ""\u53e5"", "" nearby"", ""\u6539\u5199""]"
typo,jpp_released,typo-market,8,"["" markets"", "" market"", "" shops"", "" sold"", "" marketplace""]"
typo,jpp_released,typo-market,16,"["" Market"", "" Marketplace"", "" marketplace"", "" market"", "" supermarket""]"
typo,jpp_released,typo-market,24,"["" market"", ""market"", "" farmers"", "" markets"", "" marketplace""]"
typo,jpp_released,typo-market,32,"["" Market"", "" market"", "" Marketplace"", "" farmers"", "" shopping""]"
typo,jpp_released,typo-market,40,"["" market"", ""market"", "" Market"", "" shopping"", "" markets""]"
typo,jpp_released,typo-market,48,"["" market"", "" shopping"", "" Market"", "" farmers"", "" city""]"
typo,jpp_released,typo-market,56,"["" nearby"", "" where"", "" sentence"", "" near"", "" together""]"
typo,logit,typo-person,8,"["" in"", "" to"", ""atory"", "" ad"", ""able""]"
typo,logit,typo-person,16,"[""\u9700\u8981"", ""\u518d"", ""ichel"", ""\u4e86"", "" ad""]"
typo,logit,typo-person,24,"[""/people"", "" to"", ""kaus"", ""able"", ""\u5355""]"
typo,logit,typo-person,32,"[""missive"", ""\u5306"", "" ever"", ""fg"", ""\u8214""]"
typo,logit,typo-person,40,"["" last"", ""\u7684\u6700\u540e"", ""\u6700\u540e\u4e00\u4e2a"", ""\u6700\u540e\u4e00"", "" getLast""]"
typo,logit,typo-person,48,"[""\u552f"", "" who"", ""\u6700\u540e\u4e00\u4e2a"", "" last"", "" getLast""]"
typo,logit,typo-person,56,"["" who"", "" whom"", "" to"", "" alive"", "" whose""]"
typo,jlens_camila,typo-person,8,"[""ness"", ""heit"", ""izable"", ""ification"", ""ervation""]"
typo,jlens_camila,typo-person,16,"["" didnt"", "" alot"", "" thats"", "" doesnt"", "" teh""]"
typo,jlens_camila,typo-person,24,"["" didnt"", "" thats"", "" alot"", "" doesnt"", "" teh""]"
typo,jlens_camila,typo-person,32,"["" didnt"", "" doesnt"", "" dont"", "" teh"", "" isnt""]"
typo,jlens_camila,typo-person,40,"["" last"", ""\u6700\u540e\u4e00"", "" who"", ""who"", ""/people""]"
typo,jlens_camila,typo-person,48,"["" last"", "" who"", ""\u6700\u540e\u4e00"", "" Last"", ""who""]"
typo,jlens_camila,typo-person,56,"["" who"", "" whom"", ""who"", "" to"", "" alive""]"
typo,rlens_camila,typo-person,8,"[""ation"", ""ually"", "" didnt"", ""(person"", ""age""]"
typo,rlens_camila,typo-person,16,"["" teh"", "" didnt"", "" thats"", "" doesnt"", "" alot""]"
typo,rlens_camila,typo-person,24,"["" didnt"", ""/people"", ""who"", "" doesnt"", "" teh""]"
typo,rlens_camila,typo-person,32,"["" didnt"", ""who"", "" isnt"", "" dont"", "" doesnt""]"
typo,rlens_camila,typo-person,40,"["" last"", "" who"", ""\u6700\u540e\u4e00"", ""last"", "" Last""]"
typo,rlens_camila,typo-person,48,"["" last"", "" who"", ""\u6700\u540e\u4e00"", "" Last"", ""last""]"
typo,rlens_camila,typo-person,56,"["" who"", "" whom"", "" to"", ""who"", "" alive""]"
typo,jpp_released,typo-person,8,"["" persons"", "" person"", "" persona"", ""persons"", ""ness""]"
typo,jpp_released,typo-person,16,"["" Persona"", "" PS"", "" Hers"", "" PN"", ""agn""]"
typo,jpp_released,typo-person,24,"["" people"", "" someone"", "" person"", "" who"", ""people""]"
typo,jpp_released,typo-person,32,"["" who"", "" in"", "" whom"", "" last"", "" her""]"
typo,jpp_released,typo-person,40,"["" last"", "" person"", "" someone"", "" people"", "" who""]"
typo,jpp_released,typo-person,48,"["" last"", "" who"", "" person"", "" someone"", "" whom""]"
typo,jpp_released,typo-person,56,"["" who"", "" to"", "" in"", "" alive"", "" on""]"
typo,logit,typo-number,8,"[""-"", ""ther"", ""j"", ""/"", ""f""]"
typo,logit,typo-number,16,"[""\u4e86"", ""-"", ""\u5904"", ""f"", ""\u4ee3""]"
typo,logit,typo-number,24,"[""\u51d1"", ""pad"", ""hood"", ""\u9655"", ""\u8c61""]"
typo,logit,typo-number,32,"[""age"", ""un"", ""um"", ""ada"", ""y""]"
typo,logit,typo-number,40,"[""[s"", ""roid"", ""z"", ""\u8bb9"", ""\u8fde""]"
typo,logit,typo-number,48,"[""l"", ""z"", ""\u043e"", ""S"", ""j""]"
typo,logit,typo-number,56,"["" so"", "" wrong"", ""\u8fd9\u53e5\u8bdd"", ""phone"", ""\u9519\u8bef\u7684""]"
typo,jlens_camila,typo-number,8,"[""s"", ""\u0627\u062a"", ""\u044b"", ""sWith"", ""\u3044\u308b""]"
typo,jlens_camila,typo-number,16,"[""s"", ""\u044b"", "" gonna"", "" didnt"", "" kinda""]"
typo,jlens_camila,typo-number,24,"[""s"", ""\u044b"", "" didnt"", "" doesnt"", "" kinda""]"
typo,jlens_camila,typo-number,32,"[""s"", "" dont"", "" didnt"", "" doesnt"", "" isnt""]"
typo,jlens_camila,typo-number,40,"[""s"", "" spelling"", "" typo"", "" dont"", "" letter""]"
typo,jlens_camila,typo-number,48,"["" typo"", "" didnt"", ""s"", "" mistake"", "" gonna""]"
typo,jlens_camila,typo-number,56,"["" wrong"", ""phone"", ""wrong"", "" mistake"", ""\u9519""]"
typo,rlens_camila,typo-number,8,"[""s"", ""t"", ""n"", ""\u044b"", ""er""]"
typo,rlens_camila,typo-number,16,"[""s"", "" gonna"", "" didnt"", ""t"", "" kinda""]"
typo,rlens_camila,typo-number,24,"["" didnt"", "" doesnt"", ""s"", "" kinda"", "" isnt""]"
typo,rlens_camila,typo-number,32,"[""s"", "" didnt"", "" dont"", ""ie"", ""z""]"
typo,rlens_camila,typo-number,40,"["" spelling"", ""z"", ""er"", "" typo"", ""s""]"
typo,rlens_camila,typo-number,48,"[""z"", ""ain"", "" typo"", ""er"", ""s""]"
typo,rlens_camila,typo-number,56,"["" wrong"", ""phone"", "" so"", "" phone"", "" incorrectly""]"
typo,jpp_released,typo-number,8,"[""s"", ""phone"", "" phone"", "" phones"", ""Phone""]"
typo,jpp_released,typo-number,16,"[""ZR"", "" NR"", "" Cabr"", ""NR"", "" Nr""]"
typo,jpp_released,typo-number,24,"[""s"", ""b"", ""n"", ""r"", ""z""]"
typo,jpp_released,typo-number,32,"["" BN"", ""s"", "" Skr"", ""BN"", "" BR""]"
typo,jpp_released,typo-number,40,"[""b"", ""l"", ""s"", ""n"", ""z""]"
typo,jpp_released,typo-number,48,"["" phone"", ""z"", ""b"", ""k"", "" of""]"
typo,jpp_released,typo-number,56,"["" phone"", "" in"", "" for"", "" wrong"", "" on""]"
typo,logit,typo-within,8,"["" within"", "" et"", ""Within"", ""within"", ""able""]"
typo,logit,typo-within,16,"["" a"", "" within"", ""iem"", "" T"", ""D""]"
typo,logit,typo-within,24,"[""l"", ""\u5feb"", "" expected"", ""wu"", "" a""]"
typo,logit,typo-within,32,"[""\\n"", "" delivery"", "" i"", ""ella"", ""est""]"
typo,logit,typo-within,40,"["" delivery"", ""\u7684\u65f6\u95f4\u5185"", ""\u0575"", "" entro"", ""utz""]"
typo,logit,typo-within,48,"["" delivery"", ""\u0575"", "" days"", ""dd"", ""\u4e4e""]"
typo,logit,typo-within,56,"["" next"", ""next"", ""\u51e0\u5929"", "" promised"", "" days""]"
typo,jlens_camila,typo-within,8,"[""\uc368"", ""\u0627\u0636\u0631"", ""sofar"", ""-esque"", ""ector""]"
typo,jlens_camila,typo-within,16,"["" atleast"", "" alot"", "" seperate"", "" upto"", "" thats""]"
typo,jlens_camila,typo-within,24,"[""\uc368"", "" atleast"", "" alot"", "" abit"", ""oue""]"
typo,jlens_camila,typo-within,32,"["" alot"", "" atleast"", ""<|im_end|>"", "" didnt"", "" **""]"
typo,jlens_camila,typo-within,40,"["" delivery"", "" days"", "" timeframe"", "" shipping"", "" Delivery""]"
typo,jlens_camila,typo-within,48,"["" days"", "" weeks"", "" timeframe"", ""days"", "" delivery""]"
typo,jlens_camila,typo-within,56,"["" weeks"", "" days"", ""\u51e0\u5929"", ""\u4e00\u5468"", "" week""]"
typo,rlens_camila,typo-within,8,"[""within"", "" within"", ""Within"", "" whilst"", "" seperate""]"
typo,rlens_camila,typo-within,16,"["" atleast"", "" alot"", "" though"", "" thats"", "" teh""]"
typo,rlens_camila,typo-within,24,"["" delivery"", "" though"", "" orders"", "" atleast"", "" arrival""]"
typo,rlens_camila,typo-within,32,"["" delivery"", "" schedule"", "" days"", "" expectation"", "" weeks""]"
typo,rlens_camila,typo-within,40,"["" delivery"", "" days"", "" shipping"", ""\u914d\u9001"", "" Delivery""]"
typo,rlens_camila,typo-within,48,"["" days"", "" delivery"", "" weeks"", "" shipping"", ""days""]"
typo,rlens_camila,typo-within,56,"["" weeks"", "" days"", "" next"", ""\u51e0\u5929"", "" week""]"
typo,jpp_released,typo-within,8,"["" within"", ""within"", ""\u5bab\u5185"", ""\u706b\u7ebf"", "" interiors""]"
typo,jpp_released,typo-within,16,"[""\u6d77\u5b81"", "" Wim"", "" Hutchinson"", "" FH"", "" Wing""]"
typo,jpp_released,typo-within,24,"["" delivery"", "" shipping"", "" customers"", "" shipment"", "" receipt""]"
typo,jpp_released,typo-within,32,"["" days"", "" delivery"", "" weeks"", "" time"", "" shipping""]"
typo,jpp_released,typo-within,40,"["" delivery"", "" days"", "" shipping"", "" weeks"", "" months""]"
typo,jpp_released,typo-within,48,"["" days"", "" weeks"", "" shipping"", "" delivery"", "" months""]"
typo,jpp_released,typo-within,56,"["" weeks"", "" days"", "" week"", "" next"", ""days""]"
typo,logit,typo-second,8,"[""z"", ""ed"", ""ly"", ""g"", ""w""]"
typo,logit,typo-second,16,"[""z"", ""-"", ""y"", ""ly"", ""A""]"
typo,logit,typo-second,24,"[""ly"", ""ary"", ""y"", ""atism"", ""\u62fe""]"
typo,logit,typo-second,32,"[""ly"", ""zen"", ""ary"", ""owski"", ""y""]"
typo,logit,typo-second,40,"["" ranked"", ""-ranked"", "" rank"", ""\u6392\u540d"", ""\u548c\u7b2c\u4e8c""]"
typo,logit,typo-second,48,"[""der"", ""ary"", ""ype"", ""\u7b2c\u4e8c\u540d"", ""emon""]"
typo,logit,typo-second,56,"["" place"", ""-place"", "" Place"", ""Place"", ""_place""]"
typo,jlens_camila,typo-second,8,"[""ly"", ""ive"", ""gether"", ""amente"", ""ral""]"
typo,jlens_camila,typo-second,16,"[""ly"", ""r"", "" didnt"", ""n"", ""amente""]"
typo,jlens_camila,typo-second,24,"[""ly"", ""theless"", ""gether"", ""ive"", ""amente""]"
typo,jlens_camila,typo-second,32,"[""ly"", ""\u0131"", ""n"", ""w"", "" didnt""]"
typo,jlens_camila,typo-second,40,"["" ranking"", ""\u6392\u540d"", ""ranking"", ""rank"", "" rankings""]"
typo,jlens_camila,typo-second,48,"[""\u6392\u540d"", "" ranking"", ""\u7b2c\u4e8c\u540d"", "" second"", "" rank""]"
typo,jlens_camila,typo-second,56,"["" place"", ""place"", "" Place"", ""Place"", ""-place""]"
typo,rlens_camila,typo-second,8,"[""ly"", ""n"", ""ot"", ""r"", ""ral""]"
typo,rlens_camila,typo-second,16,"[""n"", "" didnt"", "" occured"", ""r"", "" teh""]"
typo,rlens_camila,typo-second,24,"[""ly"", "" didnt"", ""\u0131"", ""amente"", ""theless""]"
typo,rlens_camila,typo-second,32,"[""\u0131"", ""ly"", ""n"", ""ot"", ""ai""]"
typo,rlens_camila,typo-second,40,"["" ranking"", ""\u6392\u540d"", ""rank"", "" rank"", ""ranking""]"
typo,rlens_camila,typo-second,48,"[""n"", "" second"", ""nd"", ""w"", ""\u7b2c\u4e8c\u540d""]"
typo,rlens_camila,typo-second,56,"["" place"", ""place"", "" Place"", "" places"", ""Place""]"
typo,jpp_released,typo-second,8,"[""ed"", ""ly"", ""n"", ""ar"", ""il""]"
typo,jpp_released,typo-second,16,"["" SND"", "" Secund"", "" Second"", "" SECOND"", "" SN""]"
typo,jpp_released,typo-second,24,"[""ly"", ""n"", ""son"", ""il"", ""ie""]"
typo,jpp_released,typo-second,32,"["" Second"", ""-second"", "" SECOND"", "" second"", ""\u8001\u4e8c""]"
typo,jpp_released,typo-second,40,"["" second"", "" ranking"", "" rank"", "" ranked"", "" rankings""]"
typo,jpp_released,typo-second,48,"["" second"", ""nd"", ""*"", ""y"", "" Second""]"
typo,jpp_released,typo-second,56,"["" place"", "" places"", ""place"", "" Place"", ""-place""]"
typo,logit,typo-source,8,"["" source"", "" sources"", ""\u6765\u6e90"", ""\u6e90"", ""source""]"
typo,logit,typo-source,16,"["" sources"", "" source"", ""\u6765\u6e90"", "" Dar"", ""\u7684\u6765\u6e90""]"
typo,logit,typo-source,24,"["" sources"", "" source"", ""\u6765\u6e90"", "" Sources"", "" Source""]"
typo,logit,typo-source,32,"["" sources"", ""\u6765\u6e90"", ""(s"", ""\u4fe1"", ""dm""]"
typo,logit,typo-source,40,"["" sources"", ""\u6765\u6e90"", "" source"", ""sources"", "" Sources""]"
typo,logit,typo-source,48,"["" sources"", ""\u6765\u6e90"", ""(s"", ""/source"", "" Sources""]"
typo,logit,typo-source,56,"["" because"", ""\u56e0\u4e3a"", ""\u6015"", ""because"", "" lest""]"
typo,jlens_camila,typo-source,8,"[""en"", ""u"", ""er"", ""e"", ""\u0647""]"
typo,jlens_camila,typo-source,16,"[""e"", ""en"", ""er"", ""u"", "" alot""]"
typo,jlens_camila,typo-source,24,"[""e"", ""u"", ""er"", ""es"", ""en""]"
typo,jlens_camila,typo-source,32,"[""e"", ""u"", ""a"", ""o"", ""g""]"
typo,jlens_camila,typo-source,40,"["" source"", "" sources"", "" Source"", ""\u6765\u6e90"", "" Sources""]"
typo,jlens_camila,typo-source,48,"[""e"", ""a"", "" because"", ""because"", "" Sources""]"
typo,jlens_camila,typo-source,56,"["" because"", ""because"", ""\u6015"", "" Because"", ""\u56e0\u4e3a""]"
typo,rlens_camila,typo-source,8,"[""e"", ""u"", ""a"", ""en"", ""er""]"
typo,rlens_camila,typo-source,16,"[""e"", ""u"", "" alot"", ""y"", ""i""]"
typo,rlens_camila,typo-source,24,"[""e"", ""u"", ""a"", ""z"", ""y""]"
typo,rlens_camila,typo-source,32,"[""e"", ""u"", ""a"", ""z"", ""g""]"
typo,rlens_camila,typo-source,40,"["" source"", "" sources"", ""\u6765\u6e90"", "" Source"", "" Sources""]"
typo,rlens_camila,typo-source,48,"[""a"", ""e"", "" source"", "" sources"", "" because""]"
typo,rlens_camila,typo-source,56,"["" because"", ""\u6015"", ""because"", "" fear"", ""\u56e0\u4e3a""]"
typo,jpp_released,typo-source,8,"["" sources"", "" source"", ""u"", ""e"", ""sources""]"
typo,jpp_released,typo-source,16,"["" Source"", "" Sour"", "" SRC"", "" SOURCE"", "" Sources""]"
typo,jpp_released,typo-source,24,"["" sources"", "" confidential"", "" secret"", "" journalist"", "" source""]"
typo,jpp_released,typo-source,32,"["" Source"", ""[source"", "" Sources"", "" Secret"", "" sources""]"
typo,jpp_released,typo-source,40,"["" source"", ""source"", "" sources"", ""\u6765\u6e90"", "" Source""]"
typo,jpp_released,typo-source,48,"["" source"", "" sources"", "" Source"", ""source"", "" SOURCE""]"
typo,jpp_released,typo-source,56,"["" because"", "" Source"", ""(Source"", "" SOURCE"", "" SRC""]"
typo,logit,typo-first,8,"[""g"", ""st"", ""un"", ""\u8352"", ""az""]"
typo,logit,typo-first,16,"[""\u5148"", ""st"", ""\u6211\u5148"", ""\u6700\u65e9"", ""<|im_end|>""]"
typo,logit,typo-first,24,"[""<|im_end|>"", ""st"", ""nett"", ""Lets"", "" -""]"
typo,logit,typo-first,32,"[""ly"", ""\u0435"", "" b"", ""POS"", ""b""]"
typo,logit,typo-first,40,"[""\u0435"", ""\u5148\u6765"", ""st"", ""ly"", ""\u7387\u5148""]"
typo,logit,typo-first,48,"[""\u548c\u6700"", ""\u0435"", ""\u548c\u7b2c\u4e8c"", ""l"", ""A""]"
typo,logit,typo-first,56,"[""\u8fd9\u53e5\u8bdd"", ""\u548c\u7b2c\u4e8c"", "" among"", ""ly"", ""\u548c\u6700""]"
typo,jlens_camila,typo-first,8,"[""ly"", ""\u0627\u064b"", "" didnt"", ""ention"", ""ement""]"
typo,jlens_camila,typo-first,16,"["" alot"", "" didnt"", "" occured"", "" thats"", "" isnt""]"
typo,jlens_camila,typo-first,24,"["" alot"", "" didnt"", "" occured"", "" isnt"", "" thats""]"
typo,jlens_camila,typo-first,32,"["" didnt"", "" isnt"", "" alot"", "" doesnt"", "" dont""]"
typo,jlens_camila,typo-first,40,"[""first"", ""\u6700\u5148"", "" didnt"", "" earliest"", "" first""]"
typo,jlens_camila,typo-first,48,"[""\u6700\u5148"", ""first"", "" didnt"", "" earliest"", "" first""]"
typo,jlens_camila,typo-first,56,"["" among"", ""\u8fd9\u53e5\u8bdd"", "" arrive"", "" sentence"", "" Among""]"
typo,rlens_camila,typo-first,8,"["" didnt"", "" occured"", "" isnt"", "" kinda"", ""ly""]"
typo,rlens_camila,typo-first,16,"["" alot"", "" occured"", "" didnt"", "" isnt"", "" thats""]"
typo,rlens_camila,typo-first,24,"["" alot"", "" didnt"", "" isnt"", "" occured"", ""Lets""]"
typo,rlens_camila,typo-first,32,"["" didnt"", "" isnt"", "" alot"", "" occured"", "" dont""]"
typo,rlens_camila,typo-first,40,"[""first"", "" first"", ""\u6700\u5148"", "" earliest"", ""(first""]"
typo,rlens_camila,typo-first,48,"["" first"", ""g"", ""\u6700\u5148"", "" earliest"", ""l""]"
typo,rlens_camila,typo-first,56,"["" among"", ""\u8fd9\u53e5\u8bdd"", "" arrive"", ""ly"", "" sentence""]"
typo,jpp_released,typo-first,8,"[""est"", ""st"", ""reb"", ""ar"", ""first""]"
typo,jpp_released,typo-first,16,"["" Frist"", "" Fist"", "" First"", "" bst"", "" Preston""]"
typo,jpp_released,typo-first,24,"[""st"", "" -"", ""f"", ""l"", ""ly""]"
typo,jpp_released,typo-first,32,"["" and"", "" First"", "" in"", "" first"", "" F""]"
typo,jpp_released,typo-first,40,"["" first"", ""st"", ""first"", ""f"", "" early""]"
typo,jpp_released,typo-first,48,"["" first"", "" and"", "" order"", "" First"", "" arrival""]"
typo,jpp_released,typo-first,56,"["" in"", ""(F"", "" among"", ""[F"", ""<|im_end|>""]"
typo,logit,typo-those,8,"["" as"", "" a"", ""/"", "" or"", "" f""]"
typo,logit,typo-those,16,"[""ley"", "" to"", ""umin"", ""\u00f1"", "" e""]"
typo,logit,typo-those,24,"[""\u535a"", ""\u5bb0"", ""\u7279\u5b9a\u7684"", ""\u640f"", ""ley""]"
typo,logit,typo-those,32,"[""\u7433"", ""/"", ""\u52a1"", ""\u7279\u5b9a\u7684"", ""\u6b7b""]"
typo,logit,typo-those,40,"[""ething"", ""\u7279\u5b9a\u7684"", ""ley"", ""\u6302"", ""ot""]"
typo,logit,typo-those,48,"[""ething"", ""\u4e91\u5cf0"", "" kia"", ""ute"", "" particular""]"
typo,logit,typo-those,56,"["" particular"", ""\u7279\u5b9a"", ""\u7279\u5b9a\u7684"", "" specific"", "" kia""]"
typo,jlens_camila,typo-those,8,"[""abouts"", ""byn"", ""baru"", ""baum"", ""oward""]"
typo,jlens_camila,typo-those,16,"["" teh"", "" alot"", "" thats"", "" didnt"", "" kinda""]"
typo,jlens_camila,typo-those,24,"["" thats"", "" teh"", "" alot"", "" kinda"", "" didnt""]"
typo,jlens_camila,typo-those,32,"["" teh"", "" alot"", "" thats"", "" didnt"", "" kinda""]"
typo,jlens_camila,typo-those,40,"["" those"", "" thats"", "" ones"", "" guys"", "" they""]"
typo,jlens_camila,typo-those,48,"["" those"", "" Those"", "" kia"", ""those"", "" guys""]"
typo,jlens_camila,typo-those,56,"["" items"", "" books"", "" chairs"", "" guys"", "" specific""]"
typo,rlens_camila,typo-those,8,"["" those"", "" ones"", ""\u90a3\u6837\u7684"", ""abouts"", "" Those""]"
typo,rlens_camila,typo-those,16,"["" teh"", "" those"", "" really"", "" ones"", "" thing""]"
typo,rlens_camila,typo-those,24,"["" those"", "" ones"", "" thing"", "" teh"", "" really""]"
typo,rlens_camila,typo-those,32,"["" teh"", "" guys"", "" thing"", "" alot"", "" those""]"
typo,rlens_camila,typo-those,40,"["" those"", "" ones"", "" they"", "" Those"", "" thing""]"
typo,rlens_camila,typo-those,48,"["" those"", "" kia"", "" thing"", "" guys"", "" items""]"
typo,rlens_camila,typo-those,56,"["" items"", "" books"", "" two"", "" specific"", "" ones""]"
typo,jpp_released,typo-those,8,"["" ones"", "" shots"", "" ^"", "" though"", "" alike""]"
typo,jpp_released,typo-those,16,"["" Zoe"", "" Mae"", "" OE"", "" Tae"", "" QE""]"
typo,jpp_released,typo-those,24,"["" things"", "" ones"", "" guys"", "" really"", "" shots""]"
typo,jpp_released,typo-those,32,"["" guys"", "" Texas"", "" Sho"", "" ones"", "" Cherokee""]"
typo,jpp_released,typo-those,40,"["" those"", "" items"", "" that"", "" the"", "" things""]"
typo,jpp_released,typo-those,48,"["" items"", "" black"", "" things"", "" those"", "" ones""]"
typo,jpp_released,typo-those,56,"["" books"", "" chairs"", "" book"", "" boxes"", "" items""]"
typo,logit,typo-short,8,"[""ude"", ""ed"", ""ummer"", ""\u5de5"", ""acular""]"
typo,logit,typo-short,16,"[""\u5be1"", ""ummer"", ""l"", ""\u63d0"", ""\u4e86""]"
typo,logit,typo-short,24,"[""iated"", ""ened"", ""(er"", ""comings"", ""ained""]"
typo,logit,typo-short,32,"[""l"", ""ly"", ""y"", ""By"", ""\u4ec0\u4e48\u610f\u601d""]"
typo,logit,typo-short,40,"[""ly"", ""i"", ""short"", ""l"", "" due""]"
typo,logit,typo-short,48,"["" because"", ""\u4ec0\u4e48\u610f\u601d"", ""l"", ""est"", ""i""]"
typo,logit,typo-short,56,"["" due"", ""due"", "" because"", ""\u56e0\u4e3a"", ""Due""]"
typo,jlens_camila,typo-short,8,"[""\u30f3"", ""aylor"", ""\uc368"", ""ypes"", ""ers""]"
typo,jlens_camila,typo-short,16,"["" didnt"", ""\u30f3"", "" alot"", "" doesnt"", ""en""]"
typo,jlens_camila,typo-short,24,"["" alot"", "" didnt"", ""ly"", ""Lets"", ""\u30f3""]"
typo,jlens_camila,typo-short,32,"["" didnt"", ""i"", "" dont"", "" doesnt"", ""ed""]"
typo,jlens_camila,typo-short,40,"["" shorten"", "" shorter"", "" brev"", ""short"", "" duration""]"
typo,jlens_camila,typo-short,48,"["" shorten"", "" shorter"", "" because"", "" brev"", ""ed""]"
typo,jlens_camila,typo-short,56,"["" due"", "" because"", ""due"", ""because"", ""\u53e5\u5b50""]"
typo,rlens_camila,typo-short,8,"[""shot"", ""-ish"", ""ers"", ""u"", ""z""]"
typo,rlens_camila,typo-short,16,"["" didnt"", "" alot"", "" lenght"", "" isnt"", "" doesnt""]"
typo,rlens_camila,typo-short,24,"["" lenght"", "" alot"", "" didnt"", ""Lets"", ""\u505a\u4e3a""]"
typo,rlens_camila,typo-short,32,"["" didnt"", ""i"", ""ie"", "" doesnt"", ""z""]"
typo,rlens_camila,typo-short,40,"["" shorten"", "" shorter"", ""short"", "" lenght"", "" duration""]"
typo,rlens_camila,typo-short,48,"["" shorten"", "" shorter"", "" because"", ""ed"", ""i""]"
typo,rlens_camila,typo-short,56,"["" due"", "" because"", ""due"", ""\u53e5\u5b50"", ""\u8fd9\u53e5\u8bdd""]"
typo,jpp_released,typo-short,8,"[""shot"", "" shot"", "" shots"", "" ear"", ""shots""]"
typo,jpp_released,typo-short,16,"["" Short"", "" Nort"", "" Shot"", "" Kurt"", "" Quart""]"
typo,jpp_released,typo-short,24,"[""z"", ""ly"", ""ie"", ""est"", ""ed""]"
typo,jpp_released,typo-short,32,"["" Kurt"", "" Short"", "" Shorts"", ""ie"", ""ly""]"
typo,jpp_released,typo-short,40,"["" shorter"", ""l"", "" short"", "" longer"", "" brief""]"
typo,jpp_released,typo-short,48,"["" duration"", "" because"", "" short"", "" by"", "" length""]"
typo,jpp_released,typo-short,56,"["" due"", "" Short"", "" SHORT"", "" because"", ""Short""]"
association,logit,grief,8,"[""A"", "" A"", ""/"", ""T"", ""-""]"
association,logit,grief,16,"["" B"", "" S"", ""/"", ""B"", ""A""]"
association,logit,grief,24,"[""ta"", ""D"", ""\u86db"", ""\u8ffd"", ""\u72ec""]"
association,logit,grief,32,"[""inski"", ""\u00b9"", ""\u5be1"", ""impl"", ""\u4e0d\u4e3a""]"
association,logit,grief,40,"[""apse"", ""\u4f5c\u4e3a\u4e00\u4e2a"", ""obi"", ""\u5bf9\u4e00\u4e2a"", "" still""]"
association,logit,grief,48,"[""rev"", ""\u4e0d\u4e3a"", ""pend"", ""\u4ec0\u4e48\u610f\u601d"", ""coes""]"
association,logit,grief,56,"[""\u8fd9\u53e5\u8bdd"", ""\u53e5\u4e2d"", ""\u53e5"", ""\u6539\u5199"", ""\u4ec0\u4e48\u610f\u601d""]"
association,jlens_camila,grief,8,"["" mostly"", "" sometimes"", "" things"", "" someday"", "" kids""]"
association,jlens_camila,grief,16,"["" someday"", "" dozens"", ""\u2014not"", ""alak"", ""\u2014even""]"
association,jlens_camila,grief,24,"[""\u2014and"", ""\u2014or"", ""\u2014but"", ""\u2014even"", "" someday""]"
association,jlens_camila,grief,32,"[""\u2014or"", ""\u2014but"", ""\u2014and"", "" quietly"", ""\u2014not""]"
association,jlens_camila,grief,40,"["" sentimental"", "" mourn"", "" preserved"", "" quietly"", "" memories""]"
association,jlens_camila,grief,48,"["" kept"", "" she"", "" herself"", ""\u4fdd\u6301"", "" preserved""]"
association,jlens_camila,grief,56,"[""\u8fd9\u53e5\u8bdd"", ""\u4ec0\u4e48\u610f\u601d"", ""\u6539\u5199"", ""\u53e5"", ""\u53e5\u5b50""]"
association,rlens_camila,grief,8,"["" just"", "" because"", "" that"", "" probably"", "" really""]"
association,rlens_camila,grief,16,"["" nearly"", "" even"", "" almost"", "" just"", "" still""]"
association,rlens_camila,grief,24,"[""\u2014and"", "" nearly"", ""\u2014or"", "" even"", "" still""]"
association,rlens_camila,grief,32,"["" still"", "" nearly"", "" even"", "" quietly"", "" her""]"
association,rlens_camila,grief,40,"["" still"", "" sentimental"", "" her"", "" preserved"", "" emotional""]"
association,rlens_camila,grief,48,"["" she"", "" herself"", "" kept"", "" her"", "" preserved""]"
association,rlens_camila,grief,56,"[""\u8fd9\u53e5\u8bdd"", ""\u4ec0\u4e48\u610f\u601d"", ""\u53e5"", ""\u53e5\u5b50"", ""\u6539\u5199""]"
association,jpp_released,grief,8,"[""<|im_end|>"", "" jewelry"", "" because"", "" nearly"", "" farther""]"
association,jpp_released,grief,16,"["" Texas"", "" NASA"", "" Houston"", "" CW"", "" astronaut""]"
association,jpp_released,grief,24,"["" her"", "" old"", "" forever"", "" family"", "" lonely""]"
association,jpp_released,grief,32,"["" her"", "" sentimental"", "" herself"", "" family"", "" she""]"
association,jpp_released,grief,40,"["" sentimental"", "" memory"", "" family"", "" old"", "" emotional""]"
association,jpp_released,grief,48,"["" her"", "" woman"", "" memory"", "" memories"", "" Mrs""]"
association,jpp_released,grief,56,"["" Valk"", ""ALK"", "" Vall"", "" Falk"", ""VAL""]"
association,logit,pregnant,8,"[""/"", ""A"", "" A"", ""S"", "" I""]"
association,logit,pregnant,16,"[""B"", ""S"", ""T"", "" S"", ""st""]"
association,logit,pregnant,24,"[""\u907f"", "" avoid"", ""\u6cdb"", ""\u907f\u5f00"", ""rim""]"
association,logit,pregnant,32,"["" i"", ""\u8c28\u614e"", "" f"", ""\u89c4\u907f"", "" visible""]"
association,logit,pregnant,40,"[""\u9760\u8fd1"", ""\u5fae\u5fae"", ""\u8bd5\u63a2"", ""\u907f"", ""ahi""]"
association,logit,pregnant,48,"[""pend"", ""\u5fae\u5fae"", ""\u793a\u610f"", ""\u4ec0\u4e48\u610f\u601d"", ""\u7a7a\u6c14\u4e2d""]"
association,logit,pregnant,56,"[""\u6539\u5199"", ""\u8fd9\u53e5\u8bdd"", ""\u043d\u0430"", ""\u6da6"", ""\u8bdd""]"
association,jlens_camila,pregnant,8,"["" everyone"", "" things"", "" something"", ""apesh"", "" mostly""]"
association,jlens_camila,pregnant,16,"["" mostly"", "" anyways"", "" anyway"", "" maybe"", ""aybe""]"
association,jlens_camila,pregnant,24,"[""\u2014but"", ""aybe"", "" afterward"", ""Maybe"", ""\u2014or""]"
association,jlens_camila,pregnant,32,"[""<|im_end|>"", "" emoji"", ""Maybe"", "" nud"", "" vibe""]"
association,jlens_camila,pregnant,40,"["" subtly"", "" discomfort"", "" subtle"", ""\u8c28\u614e"", "" discreet""]"
association,jlens_camila,pregnant,48,"["" subtly"", "" subtle"", "" gesture"", "" discreet"", "" awkward""]"
association,jlens_camila,pregnant,56,"[""\u8fd9\u53e5\u8bdd"", ""\u6539\u5199"", ""\u6da6"", ""\u4ec0\u4e48\u610f\u601d"", ""\u53e5""]"
association,rlens_camila,pregnant,8,"["" just"", "" it"", "" though"", "" really"", "" that""]"
association,rlens_camila,pregnant,16,"["" mostly"", "" maybe"", "" just"", "" still"", "" even""]"
association,rlens_camila,pregnant,24,"["" maybe"", "" sometimes"", "" still"", "" just"", "" afterward""]"
association,rlens_camila,pregnant,32,"["" maybe"", "" nearby"", "" worried"", "" awkward"", ""Maybe""]"
association,rlens_camila,pregnant,40,"["" gesture"", "" subtle"", "" subtly"", "" discomfort"", "" touch""]"
association,rlens_camila,pregnant,48,"["" subtle"", "" gesture"", "" subtly"", ""\u5fae\u5fae"", "" gestures""]"
association,rlens_camila,pregnant,56,"[""\u8fd9\u53e5\u8bdd"", ""\u6da6"", ""\u4ec0\u4e48\u610f\u601d"", ""\u6539\u5199"", ""\u53e5""]"
association,jpp_released,pregnant,8,"[""<unk"", "" jewelry"", "" flirting"", ""<|im_end|>"", "" sexy""]"
association,jpp_released,pregnant,16,"["" her"", "" Hannah"", "" Haskell"", "" CW"", "" She""]"
association,jpp_released,pregnant,24,"["" her"", "" medical"", "" slightly"", "" she"", "" near""]"
association,jpp_released,pregnant,32,"["" her"", "" she"", "" She"", "" herself"", "" The""]"
association,jpp_released,pregnant,40,"["" gesture"", "" discreet"", "" touch"", "" feeling"", "" gestures""]"
association,jpp_released,pregnant,48,"["" gesture"", "" woman"", "" fingers"", "" women"", "" subtle""]"
association,jpp_released,pregnant,56,"["" Valk"", ""ALK"", ""VAL"", ""ARK"", "" VAL""]"
association,logit,lie,8,"[""s"", ""/"", ""A"", "" A"", ""S""]"
association,logit,lie,16,"[""S"", ""T"", ""\u751a\u81f3"", "" b"", ""C""]"
association,logit,lie,24,"[""R"", ""\u52b2\u513f"", ""ost"", "" R"", ""\u6210""]"
association,logit,lie,32,"[""ura"", ""\u8fd9\u8868\u660e"", ""DM"", "" suggest"", ""\u8868\u660e""]"
association,logit,lie,40,"[""\u8c0e\u8a00"", ""\u53ef\u4fe1"", ""\u8bf4\u8c0e"", ""\u6492\u8c0e"", "" conceal""]"
association,logit,lie,48,"[""\u8fd9\u53e5\u8bdd"", ""\u4ec0\u4e48\u610f\u601d"", ""\u53ef\u4fe1"", ""emb"", ""\u9762\u4e0a""]"
association,logit,lie,56,"[""\u8fd9\u53e5\u8bdd"", ""\u4ec0\u4e48\u610f\u601d"", ""\u53e5"", "" meaning"", ""\u6539\u5199""]"
association,jlens_camila,lie,8,"["" stuff"", "" gotta"", "" kids"", "" really"", "" things""]"
association,jlens_camila,lie,16,"["" freaking"", "" gotta"", "" yeah"", "" pretty"", "" goofy""]"
association,jlens_camila,lie,24,"[""\u2014or"", "" something"", "" pretty"", "" things"", "" stuff""]"
association,jlens_camila,lie,32,"["" whispers"", "" whispered"", ""\u2014or"", "" mistakes"", ""\u2014and""]"
association,jlens_camila,lie,40,"["" deception"", ""\u8c0e\u8a00"", ""\u9690\u7792"", ""\u6492\u8c0e"", ""\u771f\u76f8""]"
association,jlens_camila,lie,48,"["" suspicion"", "" suspicious"", "" suspect"", "" whispered"", "" deception""]"
association,jlens_camila,lie,56,"[""\u4ec0\u4e48\u610f\u601d"", ""\u8fd9\u53e5\u8bdd"", ""\u53e5"", "" rewrite"", ""\u662f\u4ec0\u4e48\u610f\u601d""]"
association,rlens_camila,lie,8,"["" really"", "" just"", "" pretty"", "" probably"", "" stuff""]"
association,rlens_camila,lie,16,"["" everything"", "" nearly"", "" really"", "" just"", "" even""]"
association,rlens_camila,lie,24,"["" something"", "" just"", "" things"", "" really"", "" even""]"
association,rlens_camila,lie,32,"["" just"", "" tell"", "" whispers"", "" really"", "" suspicious""]"
association,rlens_camila,lie,40,"["" deception"", ""\u8c0e\u8a00"", "" truth"", "" suspicious"", "" suspicion""]"
association,rlens_camila,lie,48,"["" suspect"", "" suspicion"", ""\u8fd9\u53e5\u8bdd"", "" suspicious"", "" deception""]"
association,rlens_camila,lie,56,"[""\u4ec0\u4e48\u610f\u601d"", ""\u8fd9\u53e5\u8bdd"", "" meaning"", ""\u53e5"", "" rewrite""]"
association,jpp_released,lie,8,"["" color"", "" colors"", "" because"", "" jewelry"", "" like""]"
association,jpp_released,lie,16,"["" freshman"", "" Quick"", "" Travis"", "" Texas"", "" Johnny""]"
association,jpp_released,lie,24,"["" something"", "" awkward"", "" just"", "" too"", "" emotion""]"
association,jpp_released,lie,32,"["" suspicious"", "" secrets"", "" hidden"", ""\u4fdd\u5bc6"", "" secret""]"
association,jpp_released,lie,40,"["" suspicious"", "" suspicion"", "" suspect"", "" truth"", "" deception""]"
association,jpp_released,lie,48,"["" suspect"", "" suspicious"", "" suspicion"", "" truth"", "" suspects""]"
association,jpp_released,lie,56,"["" Valk"", ""ALK"", ""VAL"", "" Vall"", "" meaning""]"
association,logit,poverty,8,"[""-"", ""S"", ""/"", "" S"", ""A""]"
association,logit,poverty,16,"[""/"", ""z"", ""er"", ""m"", ""c""]"
association,logit,poverty,24,"[""\u9ed8"", ""\u8fd4"", ""z"", "" because"", ""\u6295\u5165""]"
association,logit,poverty,32,"[""\u89e3\u91ca"", ""\u7406\u7531"", ""\u539f\u56e0"", ""g"", ""I""]"
association,logit,poverty,40,"[""\u53eb"", ""\u0569"", ""ve"", ""agma"", ""\u7684\u64cd\u4f5c""]"
association,logit,poverty,48,"[""\u4ec0\u4e48\u610f\u601d"", ""\u89e3\u91ca"", ""\u81ea\u6709"", ""\u7136\u540e"", ""omore""]"
association,logit,poverty,56,"[""\u6539\u5199"", ""\u4ec0\u4e48\u610f\u601d"", ""\u8fd9\u53e5\u8bdd"", ""\u6da6"", ""\u5bf9""]"
association,jlens_camila,poverty,8,"["" moms"", "" gotten"", "" modeled"", "" sometimes"", "" maybe""]"
association,jlens_camila,poverty,16,"["" kinda"", "" maybe"", "" really"", "" weird"", "" freaking""]"
association,jlens_camila,poverty,24,"["" maybe"", "" anyway"", "" because"", ""because"", "" sometimes""]"
association,jlens_camila,poverty,32,"["" why"", "" mistakes"", "" because"", ""\u4e3a\u4ec0\u4e48"", ""Why""]"
association,jlens_camila,poverty,40,"["" silently"", "" quietly"", "" why"", ""\u62d2\u7edd"", "" without""]"
association,jlens_camila,poverty,48,"["" silently"", "" quietly"", ""\u89e3\u91ca"", "" without"", ""\u65e0\u58f0""]"
association,jlens_camila,poverty,56,"[""\u6539\u5199"", ""\u4ec0\u4e48\u610f\u601d"", ""\u6da6"", ""\u8fd9\u53e5\u8bdd"", "" rewrite""]"
association,rlens_camila,poverty,8,"["" just"", "" because"", "" really"", "" probably"", "" sometimes""]"
association,rlens_camila,poverty,16,"["" maybe"", "" sometimes"", "" really"", "" mostly"", "" even""]"
association,rlens_camila,poverty,24,"["" because"", "" just"", "" even"", "" mostly"", "" sometimes""]"
association,rlens_camila,poverty,32,"["" because"", "" why"", "" reasons"", "" Why"", ""Why""]"
association,rlens_camila,poverty,40,"["" without"", "" silently"", "" why"", "" quietly"", "" just""]"
association,rlens_camila,poverty,48,"["" silently"", "" without"", ""\u89e3\u91ca"", "" she"", "" quietly""]"
association,rlens_camila,poverty,56,"[""\u4ec0\u4e48\u610f\u601d"", ""\u6539\u5199"", ""\u8fd9\u53e5\u8bdd"", ""\u6da6"", "" rewrite""]"
association,jpp_released,poverty,8,"["" jewelry"", "" canceled"", "" modeled"", "" colorful"", "" because""]"
association,jpp_released,poverty,16,"["" -"", "" W"", "" The"", "" the"", "" something""]"
association,jpp_released,poverty,24,"["" just"", "" because"", "" -"", "" much"", "" for""]"
association,jpp_released,poverty,32,"["" -"", "" Why"", "" because"", "" Because"", "" /""]"
association,jpp_released,poverty,40,"["" hidden"", "" silent"", "" -"", "" last"", "" just""]"
association,jpp_released,poverty,48,"["" woman"", "" her"", "" quiet"", "" women"", "" silent""]"
association,jpp_released,poverty,56,"["" Valk"", ""ALK"", ""ARK"", "" Vall"", "" walk""]"
association,logit,proposal,8,"["" A"", ""A"", ""/"", ""s"", "" I""]"
association,logit,proposal,16,"[""\u4ee3"", "" a"", ""/"", ""J"", ""R""]"
association,logit,proposal,24,"[""\u2019s"", "" **"", ""pol"", ""R"", "" d""]"
association,logit,proposal,32,"[""\u51c6\u5907"", ""\u53d1\u52a8"", ""\u4e0d\u4e3a"", ""\u8d8b"", ""pras""]"
association,logit,proposal,40,"[""\u51c6\u5907"", ""obi"", ""lio"", ""\u6bcf\u4e00\u6b21"", ""\u541e\u5410""]"
association,logit,proposal,48,"[""emb"", ""\u51c6\u5907"", ""\u5f85"", ""\u5fc3\u8df3"", ""aise""]"
association,logit,proposal,56,"[""had"", ""\u5fc3\u8df3"", ""\u4e86\u53e3\u6c14"", ""\u8fdb\u5c55"", "" *""]"
association,jlens_camila,proposal,8,"["" sometimes"", ""\u5218\u6587"", ""urgi"", ""\u4e00\u4e2a\u7b80\u5355\u7684"", ""uddle""]"
association,jlens_camila,proposal,16,"[""\u2014not"", "" colour"", "" \u0432\u0441\u0451"", ""\u2014or"", "" \u0412\u043f\u0440\u043e\u0447\u0435\u043c""]"
association,jlens_camila,proposal,24,"[""\u2014or"", ""\u2014but"", ""\u2014and"", ""\u2014not"", ""\u2014even""]"
association,jlens_camila,proposal,32,"["" whispers"", ""\u2014or"", ""\u2014but"", ""\u2014a"", ""\u2014and""]"
association,jlens_camila,proposal,40,"["" whispered"", "" whispers"", "" waiting"", ""\u7b49\u5f85"", "" wait""]"
association,jlens_camila,proposal,48,"["" whispered"", "" whispers"", ""\u2014he"", "" rehe"", "" nerv""]"
association,jlens_camila,proposal,56,"[""\u4ec0\u4e48\u610f\u601d"", ""\u5fc3\u8df3"", ""\u201cI"", ""had"", "" tonight""]"
association,rlens_camila,proposal,8,"["" just"", "" more"", "" the"", "" because"", "" a""]"
association,rlens_camila,proposal,16,"["" just"", "" even"", "" more"", "" though"", "" familiar""]"
association,rlens_camila,proposal,24,"["" just"", ""\u2014and"", ""\u2014or"", "" nearly"", "" once""]"
association,rlens_camila,proposal,32,"["" waiting"", "" just"", "" moments"", "" carefully"", "" once""]"
association,rlens_camila,proposal,40,"["" waiting"", "" his"", "" wait"", "" whispered"", "" conversation""]"
association,rlens_camila,proposal,48,"["" his"", "" rehe"", "" whispered"", "" waiting"", "" whispers""]"
association,rlens_camila,proposal,56,"[""had"", "" *"", ""\u5fc3\u8df3"", ""\u4ec0\u4e48\u610f\u601d"", "" tonight""]"
association,jpp_released,proposal,8,"[""<|im_end|>"", ""<unk"", "" fewer"", "" California"", "" few""]"
association,jpp_released,proposal,16,"["" CW"", "" VW"", "" ink"", "" -"", ""CW""]"
association,jpp_released,proposal,24,"["" just"", "" watching"", "" watch"", "" flick"", "" -""]"
association,jpp_released,proposal,32,"["" -"", "" The"", "" waiting"", "" story"", "" his""]"
association,jpp_released,proposal,40,"["" his"", "" memory"", "" waiting"", "" conversation"", "" thought""]"
association,jpp_released,proposal,48,"["" wedding"", "" men"", "" conversation"", "" memory"", "" memories""]"
association,jpp_released,proposal,56,"["" Valk"", ""Val"", ""VAL"", "" VAL"", ""-val""]"
association,logit,divorce,8,"[""-"", ""/"", "" T"", "" S"", ""1""]"
association,logit,divorce,16,"[""S"", ""D"", ""\u5212"", ""T"", ""C""]"
association,logit,divorce,24,"[""rim"", ""\u4e0e\u4e4b"", ""\u4e0e\u5176"", ""\u6295\u5411"", ""\u4e22""]"
association,logit,divorce,32,"[""aut"", ""\u81ea\u4e3b"", ""em"", ""ego"", ""v""]"
association,logit,divorce,40,"[""\u9000\u51fa"", ""\u9000"", ""exit"", ""\u4ec0\u4e48\u610f\u601d"", ""\u6ee1\u610f""]"
association,logit,divorce,48,"[""\u4ec0\u4e48\u610f\u601d"", "" w"", ""lev"", ""\u7a7a\u6c14\u4e2d"", ""\u4e0d\u7b49""]"
association,logit,divorce,56,"[""\u6539\u5199"", ""\u8fd9\u53e5\u8bdd"", ""\u00e9"", "" instead"", ""\u6da6""]"
association,jlens_camila,divorce,8,"["" gotta"", "" kids"", "" guys"", "" gotten"", "" moms""]"
association,jlens_camila,divorce,16,"["" freaking"", "" yeah"", "" pretty"", "" kinda"", "" gotta""]"
association,jlens_camila,divorce,24,"["" pretty"", "" anyway"", "" yeah"", "" Nope"", ""\u2014or""]"
association,jlens_camila,divorce,32,"["" fucking"", "" immediately"", "" afterward"", ""\u4ec0\u4e48\u610f\u601d"", "" nothing""]"
association,jlens_camila,divorce,40,"["" fucking"", ""\u4ec0\u4e48\u610f\u601d"", "" exit"", "" she"", "" fuck""]"
association,jlens_camila,divorce,48,"["" she"", "" hurried"", ""\u79bb\u5f00"", "" fucking"", "" leaving""]"
association,jlens_camila,divorce,56,"[""\u6539\u5199"", ""\u6da6"", ""\u8fd9\u53e5\u8bdd"", "" she"", ""\u6539\u4e3a""]"
association,rlens_camila,divorce,8,"["" really"", "" pretty"", "" maybe"", "" probably"", "" things""]"
association,rlens_camila,divorce,16,"["" even"", "" just"", "" pretty"", "" really"", "" mostly""]"
association,rlens_camila,divorce,24,"["" just"", "" even"", "" anything"", "" whatever"", "" anyway""]"
association,rlens_camila,divorce,32,"["" immediately"", "" she"", "" just"", "" because"", "" fucking""]"
association,rlens_camila,divorce,40,"["" she"", "" leaving"", "" fucking"", "" her"", "" wait""]"
association,rlens_camila,divorce,48,"["" she"", "" her"", "" She"", ""\u4ec0\u4e48\u610f\u601d"", "" leaving""]"
association,rlens_camila,divorce,56,"[""\u8fd9\u53e5\u8bdd"", "" she"", ""\u6539\u5199"", ""\u6da6"", ""\u4ec0\u4e48\u610f\u601d""]"
association,jpp_released,divorce,8,"["" color"", "" jewelry"", "" California"", ""<unk"", "" anyway""]"
association,jpp_released,divorce,16,"["" JS"", "" her"", "" JavaScript"", "" -"", "" She""]"
association,jpp_released,divorce,24,"["" her"", "" lawyers"", "" just"", "" paper"", "" lawyer""]"
association,jpp_released,divorce,32,"["" her"", "" She"", "" she"", "" The"", "" -""]"
association,jpp_released,divorce,40,"["" final"", "" last"", "" women"", "" her"", "" time""]"
association,jpp_released,divorce,48,"["" her"", "" walk"", "" woman"", "" she"", "" She""]"
association,jpp_released,divorce,56,"["" Valk"", ""ALK"", "" walk"", "" Vall"", ""ARK""]"
association,logit,relief,8,"[""/"", "" I"", "" T"", "" A"", ""A""]"
association,logit,relief,16,"[""S"", "" a"", ""T"", ""/"", ""X""]"
association,logit,relief,24,"["" s"", ""K"", "" r"", ""R"", ""A""]"
association,logit,relief,32,"["" **"", ""\u7cfb"", ""\u6295\u5165"", ""\u4e0d\u4e3a"", ""\u00b9""]"
association,logit,relief,40,"[""\u4ec0\u4e48\u610f\u601d"", ""\u544a"", ""ling"", ""\u00b9"", ""\u51b3\u5b9a""]"
association,logit,relief,48,"[""emb"", ""\u5fc3\u8df3"", "" emb"", ""\u4ec0\u4e48\u610f\u601d"", ""\u5199""]"
association,logit,relief,56,"[""\u6539\u5199"", ""\u6269"", ""\u7535"", ""\u4ec0\u4e48\u610f\u601d"", "" rewrite""]"
association,jlens_camila,relief,8,"["" things"", "" really"", "" sometimes"", "" something"", ""things""]"
association,jlens_camila,relief,16,"["" really"", "" pretty"", "" honestly"", ""\u2014or"", ""\u2014not""]"
association,jlens_camila,relief,24,"[""\u2014or"", ""\u2014but"", ""\u2014and"", ""\u2014not"", ""\u2014that""]"
association,jlens_camila,relief,32,"[""\u2014or"", ""\u2014and"", ""\u2014but"", ""\u2014not"", "" whispers""]"
association,jlens_camila,relief,40,"["" emotional"", "" emotions"", "" emotionally"", "" emotion"", "" Emotional""]"
association,jlens_camila,relief,48,"["" whispered"", "" emotional"", ""\u2014not"", ""\u2014a"", ""\u2014it""]"
association,jlens_camila,relief,56,"["" rewrite"", ""\u6539\u5199"", ""\u4ec0\u4e48\u610f\u601d"", ""\u8fd9\u53e5\u8bdd"", ""\u6269""]"
association,rlens_camila,relief,8,"["" really"", "" things"", "" probably"", "" just"", "" maybe""]"
association,rlens_camila,relief,16,"["" really"", "" just"", "" something"", "" pretty"", "" whatever""]"
association,rlens_camila,relief,24,"[""\u2014or"", "" something"", "" just"", ""\u2014and"", "" things""]"
association,rlens_camila,relief,32,"[""\u2014or"", "" moments"", "" everything"", "" story"", "" just""]"
association,rlens_camila,relief,40,"["" emotional"", "" emotions"", "" tears"", "" emotion"", "" moments""]"
association,rlens_camila,relief,48,"["" tears"", "" emotional"", "" she"", ""\u5fc3\u8df3"", "" emotions""]"
association,rlens_camila,relief,56,"[""\u4ec0\u4e48\u610f\u601d"", "" rewrite"", ""\u6539\u5199"", ""\u8fd9\u53e5\u8bdd"", ""had""]"
association,jpp_released,relief,8,"["" little"", "" something"", "" pretty"", "" perhaps"", "" probably""]"
association,jpp_released,relief,16,"["" Paper"", "" ink"", "" Ink"", "" CW"", ""CW""]"
association,jpp_released,relief,24,"["" heart"", "" her"", "" she"", "" late"", "" old""]"
association,jpp_released,relief,32,"["" her"", "" she"", "" herself"", "" emotional"", "" story""]"
association,jpp_released,relief,40,"["" first"", "" words"", "" emotional"", "" feeling"", "" heart""]"
association,jpp_released,relief,48,"["" emotional"", "" letters"", "" tears"", "" letter"", "" words""]"
association,jpp_released,relief,56,"["" Valk"", ""VAL"", "" VAL"", "" Vall"", ""ALK""]"
association,logit,darwin,8,"[""/"", ""-"", ""A"", ""T"", "" A""]"
association,logit,darwin,16,"[""/"", ""\u6b63"", ""T"", "" I"", ""O""]"
association,logit,darwin,24,"[""z"", ""R"", ""T"", "" *"", ""S""]"
association,logit,darwin,32,"["" *"", ""\u4e0d\u53ef"", ""\u758f"", "" distinct"", ""\u552f\u4e00\u7684""]"
association,logit,darwin,40,"[""\u7ade\u4e89"", ""\u7075"", "" competitive"", "" intellectual"", ""\u649e""]"
association,logit,darwin,48,"[""\u9519"", ""obi"", ""\u4ec0\u4e48\u610f\u601d"", "" *"", ""\u8eab\u4efd""]"
association,logit,darwin,56,"[""\u8fd9\u53e5\u8bdd"", ""\u6539\u5199"", "" rewrite"", ""\u53e5"", ""\u6269""]"
association,jlens_camila,darwin,8,"["" maybe"", "" things"", "" sometimes"", "" something"", "" really""]"
association,jlens_camila,darwin,16,"["" really"", "" maybe"", "" somehow"", "" something"", "" clever""]"
association,jlens_camila,darwin,24,"[""\u2014or"", ""\u2014but"", ""\u2014and"", "" perhaps"", "" something""]"
association,jlens_camila,darwin,32,"[""\u2014or"", ""\u2014but"", ""\u2014and"", ""\u2014a"", ""<|im_end|>""]"
association,jlens_camila,darwin,40,"["" plagiarism"", "" intellectual"", "" suddenly"", "" science"", "" plagiar""]"
association,jlens_camila,darwin,48,"[""\u590d\u5236"", ""\u2014but"", "" feeling"", ""\u2014a"", "" felt""]"
association,jlens_camila,darwin,56,"[""\u6539\u5199"", "" rewrite"", ""\u8fd9\u53e5\u8bdd"", ""\u53e5"", ""\u53e5\u5b50""]"
association,rlens_camila,darwin,8,"["" really"", "" maybe"", "" just"", "" something"", "" probably""]"
association,rlens_camila,darwin,16,"["" really"", "" something"", "" just"", "" even"", "" maybe""]"
association,rlens_camila,darwin,24,"[""\u2014and"", "" just"", "" something"", "" more"", "" even""]"
association,rlens_camila,darwin,32,"["" suddenly"", ""\u2014or"", "" decades"", ""\u2014and"", "" even""]"
association,rlens_camila,darwin,40,"["" suddenly"", "" someone"", "" intellectual"", "" plagiarism"", "" research""]"
association,rlens_camila,darwin,48,"["" his"", ""\u5171\u4eab"", "" feels"", "" feeling"", ""\u590d\u5236""]"
association,rlens_camila,darwin,56,"["" rewrite"", ""\u6539\u5199"", ""\u8fd9\u53e5\u8bdd"", ""\u53e5"", ""\u53e5\u5b50""]"
association,jpp_released,darwin,8,"["" famously"", ""\u5fb7\u5dde"", "" Texas"", "" Pulitzer"", "" Texans""]"
association,jpp_released,darwin,16,"["" The"", "" Story"", "" -"", "" the"", "" Words""]"
association,jpp_released,darwin,24,"["" years"", "" -"", "" stories"", "" late"", "" much""]"
association,jpp_released,darwin,32,"["" -"", "" The"", "" history"", "" History"", "" New""]"
association,jpp_released,darwin,40,"["" research"", "" thought"", "" science"", "" The"", "" author""]"
association,jpp_released,darwin,48,"["" dream"", "" feeling"", "" discovery"", "" Library"", "" The""]"
association,jpp_released,darwin,56,"["" Valk"", ""ALK"", ""ARK"", ""VAL"", "" VAL""]"
association,logit,lincoln,8,"[""A"", "" T"", "" A"", ""/"", ""T""]"
association,logit,lincoln,16,"[""A"", ""D"", ""K"", ""W"", ""G""]"
association,logit,lincoln,24,"[""T"", ""\u544a"", ""A"", "" t"", "" to""]"
association,logit,lincoln,32,"[""\u914d\u5408"", ""v"", ""isk"", ""\u8bdd"", ""\u6709\u6548""]"
association,logit,lincoln,40,"[""\u8bdd"", ""\u51b3\u5b9a"", ""\u51c6\u786e"", ""\u81ea\u6709"", ""isk""]"
association,logit,lincoln,48,"[""\u8bdd"", ""\u4ec0\u4e48\u610f\u601d"", ""\u7b97"", "" al"", ""\u56de\u7a0b""]"
association,logit,lincoln,56,"[""\u8fd9\u53e5\u8bdd"", ""\u8bdd"", ""\u043d\u0430"", ""\u7535"", ""\u00e4""]"
association,jlens_camila,lincoln,8,"["" sometimes"", "" things"", "" something"", "" some"", "" really""]"
association,jlens_camila,lincoln,16,"["" indeed"", "" really"", "" actually"", "" somehow"", "" quite""]"
association,jlens_camila,lincoln,24,"["" perhaps"", ""\u2014or"", "" indeed"", "" certainly"", ""perhaps""]"
association,jlens_camila,lincoln,32,"["" simply"", "" precisely"", "" immediately"", "" carefully"", "" quickly""]"
association,jlens_camila,lincoln,40,"["" conversation"", "" Conversation"", "" conversations"", ""\u4ea4\u8c08"", ""\u5bf9\u8bdd""]"
association,jlens_camila,lincoln,48,"["" conversation"", "" waiting"", "" Conversation"", "" carefully"", ""\u2014and""]"
association,jlens_camila,lincoln,56,"[""\u8fd9\u53e5\u8bdd"", ""\u6da6"", ""\u4ec0\u4e48\u610f\u601d"", ""\u6539\u5199"", ""\u4f18\u5316""]"
association,rlens_camila,lincoln,8,"["" that"", "" just"", "" really"", "" because"", "" more""]"
association,rlens_camila,lincoln,16,"["" just"", "" almost"", "" really"", "" that"", "" even""]"
association,rlens_camila,lincoln,24,"["" just"", "" perhaps"", "" simply"", "" time"", "" simple""]"
association,rlens_camila,lincoln,32,"["" simply"", "" just"", "" only"", "" first"", "" in""]"
association,rlens_camila,lincoln,40,"["" conversation"", "" simply"", "" only"", "" carefully"", "" Conversation""]"
association,rlens_camila,lincoln,48,"["" waiting"", "" conversation"", "" his"", "" carefully"", ""\u8fd9\u53e5\u8bdd""]"
association,rlens_camila,lincoln,56,"[""\u8fd9\u53e5\u8bdd"", ""\u4ec0\u4e48\u610f\u601d"", ""\u6da6"", ""\u6539\u5199"", ""Then""]"
association,jpp_released,lincoln,8,"[""<|im_end|>"", "" only"", "" because"", "" perhaps"", "" that""]"
association,jpp_released,lincoln,16,"["" Seconds"", "" Czech"", "" Witt"", "" Countdown"", "" Wisdom""]"
association,jpp_released,lincoln,24,"["" time"", "" -"", "" speech"", "" minutes"", "" only""]"
association,jpp_released,lincoln,32,"["" The"", "" -"", "" He"", "" his"", "" S""]"
association,jpp_released,lincoln,40,"["" conversation"", "" time"", "" only"", "" words"", "" his""]"
association,jpp_released,lincoln,48,"["" conversation"", "" speech"", "" words"", "" The"", "" time""]"
association,jpp_released,lincoln,56,"["" Valk"", ""ARK"", ""ALK"", "" Falk"", ""VAL""]"
association,logit,obama,8,"[""/"", ""S"", "" S"", ""G"", "" A""]"
association,logit,obama,16,"[""g"", ""G"", ""/"", "" i"", ""B""]"
association,logit,obama,24,"[""\u7f29"", ""\u6709\u4e9b"", ""\u62e8"", "" t"", ""A""]"
association,logit,obama,32,"[""\u8bdd"", ""re"", ""uros"", ""\u51b3\u5b9a"", ""ded""]"
association,logit,obama,40,"[""emb"", ""\u77ee"", ""\u4f0f"", ""\u8bc6"", "" memories""]"
association,logit,obama,48,"[""\u62e8"", ""emb"", ""rev"", ""\u4e0d\u8fc7"", ""obi""]"
association,logit,obama,56,"[""\u4f46\u73b0\u5728"", ""\u6da6"", "" everything"", ""\u4ec0\u4e48\u610f\u601d"", "" Everything""]"
association,jlens_camila,obama,8,"["" though"", ""though"", "" sometimes"", "" something"", ""Though""]"
association,jlens_camila,obama,16,"["" assemb"", ""-esque"", ""Ultimately"", "" compac"", "" folks""]"
association,jlens_camila,obama,24,"["" perhaps"", ""perhaps"", ""Perhaps"", ""\u2014but"", ""-esque""]"
association,jlens_camila,obama,32,"[""\u2014but"", ""\u2014and"", "" still"", ""\u2014or"", "" perhaps""]"
association,jlens_camila,obama,40,"["" memories"", "" remembered"", ""\u2014but"", "" remembering"", "" office""]"
association,jlens_camila,obama,48,"[""\u2014but"", "" memories"", "" remembered"", "" remembering"", ""\u8bb0\u5fc6""]"
association,jlens_camila,obama,56,"["" everything"", ""\u4f46\u73b0\u5728"", "" Everything"", "" his"", ""\u6da6""]"
association,rlens_camila,obama,8,"["" though"", "" just"", "" really"", "" something"", "" things""]"
association,rlens_camila,obama,16,"["" though"", "" just"", "" perhaps"", "" nearly"", "" simply""]"
association,rlens_camila,obama,24,"["" perhaps"", "" nearly"", "" though"", "" just"", "" even""]"
association,rlens_camila,obama,32,"["" simply"", "" just"", "" still"", "" perhaps"", "" yet""]"
association,rlens_camila,obama,40,"["" memories"", "" office"", "" memory"", "" remembered"", "" room""]"
association,rlens_camila,obama,48,"["" memories"", "" remembered"", "" everything"", "" office"", ""\u2014but""]"
association,rlens_camila,obama,56,"["" everything"", "" his"", "" Everything"", ""\u6da6"", ""\u4f46\u73b0\u5728""]"
association,jpp_released,obama,8,"["" desks"", "" furniture"", "" perhaps"", "" only"", "" sitting""]"
association,jpp_released,obama,16,"["" freshman"", "" Wiz"", "" Thoughts"", ""ritt"", ""OWL""]"
association,jpp_released,obama,24,"["" room"", "" rooms"", "" office"", "" modest"", "" Room""]"
association,jpp_released,obama,32,"["" office"", "" room"", "" Room"", "" space"", "" Office""]"
association,jpp_released,obama,40,"["" room"", "" office"", "" memory"", "" first"", "" memories""]"
association,jpp_released,obama,48,"["" memories"", "" memory"", "" office"", "" room"", "" old""]"
association,jpp_released,obama,56,"["" still"", "" now"", "" thought"", "" there"", "" that""]"
association,logit,churchill,8,"[""s"", ""/"", "" S"", "" A"", ""-""]"
association,logit,churchill,16,"[""s"", ""T"", "" S"", ""\u6b63"", ""z""]"
association,logit,churchill,24,"["" k"", "" Cold"", ""\u51b7"", "" cold"", "" no""]"
association,logit,churchill,32,"[""\u818f"", ""\u4eff"", ""ilo"", ""w"", ""\u65e0\u8bba\u662f""]"
association,logit,churchill,40,"[""\u4ec0\u4e48\u610f\u601d"", ""\u6bcf\u4e00\u6b21"", ""\u4eff"", ""\u4e34"", ""\u767e\u5e74""]"
association,logit,churchill,48,"[""\u900f"", ""vn"", ""\u4ec0\u4e48\u610f\u601d"", ""\u4e09\u767e"", ""\u673a""]"
association,logit,churchill,56,"[""\u6269"", ""\u7535"", ""\u043d\u0430"", ""dera"", ""\u673a""]"
association,jlens_camila,churchill,8,"["" busted"", "" kids"", "" stats"", "" goofy"", "" gotta""]"
association,jlens_camila,churchill,16,"["" anyways"", "" vibe"", "" freaking"", "" impactful"", "" badass""]"
association,jlens_camila,churchill,24,"[""\u2014or"", ""\u2014but"", "" whispers"", ""\u2014and"", ""Ultimately""]"
association,jlens_camila,churchill,32,"[""<|im_end|>"", "" whispers"", "" fucking"", "" whispered"", ""\u4ec0\u4e48\u610f\u601d""]"
association,jlens_camila,churchill,40,"["" whispered"", "" whispers"", "" whisper"", "" broadcast"", "" audio""]"
association,jlens_camila,churchill,48,"["" whispered"", "" whispers"", ""\u5e7f\u64ad"", "" broadcast"", "" whisper""]"
association,jlens_camila,churchill,56,"[""\u6269"", ""\u6da6"", ""<think>"", ""\u4ec0\u4e48\u610f\u601d"", ""\u8bf7""]"
association,rlens_camila,churchill,8,"["" just"", "" really"", "" things"", "" pretty"", "" though""]"
association,rlens_camila,churchill,16,"["" just"", "" pretty"", "" even"", "" everything"", "" though""]"
association,rlens_camila,churchill,24,"["" just"", ""\u00e2"", ""\u2014or"", "" nearly"", "" his""]"
association,rlens_camila,churchill,32,"["" just"", "" his"", "" simply"", "" decades"", "" he""]"
association,rlens_camila,churchill,40,"["" his"", "" radio"", "" audio"", "" whispered"", "" broadcast""]"
association,rlens_camila,churchill,48,"["" radio"", ""\u5e7f\u64ad"", "" broadcast"", "" whispered"", ""\u4e0b\u8fbe""]"
association,rlens_camila,churchill,56,"[""\u6269"", ""\u6da6"", ""\u4ec0\u4e48\u610f\u601d"", "" across"", "" write""]"
association,jpp_released,churchill,8,"["" Texas"", "" Colorado"", "" Utah"", ""\u5fb7\u5dde"", "" California""]"
association,jpp_released,churchill,16,"["" Sky"", "" sky"", "" Texas"", "" Night"", "" Wings""]"
association,jpp_released,churchill,24,"["" radio"", "" Radio"", "" night"", "" whisper"", "" behind""]"
association,jpp_released,churchill,32,"["" Radio"", "" radio"", "" secret"", "" Command"", "" command""]"
association,jpp_released,churchill,40,"["" sound"", "" radio"", "" voice"", "" command"", "" his""]"
association,jpp_released,churchill,48,"["" radio"", "" Radio"", "" broadcast"", "" voice"", "" command""]"
association,jpp_released,churchill,56,"["" Valk"", ""VAL"", "" Falk"", ""ALK"", "" Balk""]"
association,logit,newton,8,"[""/"", "" S"", "" as"", "" T"", "" A""]"
association,logit,newton,16,"[""se"", "" as"", ""m"", ""/"", "" m""]"
association,logit,newton,24,"[""\u72af"", "" al"", "" Sun"", "" sun"", "" **""]"
association,logit,newton,32,"["" alt"", ""T"", "" *"", ""X"", ""early""]"
association,logit,newton,40,"[""\u6355\u6349"", ""\u827e\u745e"", ""eph"", ""\u00e9ra"", ""\u6355""]"
association,logit,newton,48,"[""\u4ec0\u4e48\u610f\u601d"", ""\u6284"", ""\u854a"", "" coax"", ""chine""]"
association,logit,newton,56,"[""\u8fd9\u53e5\u8bdd"", ""\u4ec0\u4e48\u610f\u601d"", ""\u53e5"", ""\u662f\u4ec0\u4e48\u610f\u601d"", "" rewrite""]"
association,jlens_camila,newton,8,"["" things"", "" sometimes"", "" something"", ""things"", "" though""]"
association,jlens_camila,newton,16,"[""\u3060\u3063\u3066"", "" nuanced"", ""\u54ea\u6015"", ""\u2014even"", "" CONNECTION""]"
association,jlens_camila,newton,24,"[""\u2014or"", "" daylight"", ""\u2014and"", "" sunlight"", ""\u2013and""]"
association,jlens_camila,newton,32,"["" daylight"", ""\u2014or"", "" early"", "" sunrise"", "" sunlight""]"
association,jlens_camila,newton,40,"[""\u6355\u6349"", "" science"", "" capture"", "" drawings"", ""\u753b\u6cd5""]"
association,jlens_camila,newton,48,"[""\u6355\u6349"", ""\u8bb0\u5f55"", "" hurried"", ""\u2014a"", "" capture""]"
association,jlens_camila,newton,56,"[""\u8fd9\u53e5\u8bdd"", ""\u4ec0\u4e48\u610f\u601d"", "" rewrite"", ""\u6539\u5199"", ""\u53e5\u5b50""]"
association,rlens_camila,newton,8,"["" really"", "" because"", "" just"", "" probably"", "" things""]"
association,rlens_camila,newton,16,"["" nearly"", "" even"", "" just"", "" still"", "" more""]"
association,rlens_camila,newton,24,"["" sunrise"", "" daylight"", "" sunlight"", "" morning"", ""\u2014or""]"
association,rlens_camila,newton,32,"["" early"", "" sunrise"", "" time"", "" daylight"", "" before""]"
association,rlens_camila,newton,40,"["" capture"", "" captured"", "" science"", ""\u6355\u6349"", ""\u8bb0\u5f55""]"
association,rlens_camila,newton,48,"[""\u8bb0\u5f55"", ""\u6355\u6349"", ""\u4ec0\u4e48\u610f\u601d"", "" his"", ""\u5199""]"
association,rlens_camila,newton,56,"[""\u8fd9\u53e5\u8bdd"", ""\u4ec0\u4e48\u610f\u601d"", "" rewrite"", ""\u53e5\u5b50"", ""\u53e5""]"
association,jpp_released,newton,8,"["" sunlight"", "" sky"", "" wings"", "" color"", "" eyes""]"
association,jpp_released,newton,16,"["" Dawn"", "" Sky"", "" Wind"", "" Wings"", "" Morrow""]"
association,jpp_released,newton,24,"["" sunrise"", "" sun"", "" daylight"", "" solar"", "" sunlight""]"
association,jpp_released,newton,32,"["" sunrise"", "" solar"", "" daylight"", "" dawn"", "" sky""]"
association,jpp_released,newton,40,"["" science"", "" scientific"", "" Science"", "" scientist"", "" scientists""]"
association,jpp_released,newton,48,"["" drawings"", "" sketches"", "" record"", "" science"", "" sketch""]"
association,jpp_released,newton,56,"["" Valk"", ""ARK"", ""\u8fd9\u53e5\u8bdd"", ""ALK"", "" Falk""]"
association,logit,mozart,8,"[""/"", ""-"", ""s"", "" S"", ""S""]"
association,logit,mozart,16,"[""G"", ""S"", ""T"", ""b"", "" *""]"
association,logit,mozart,24,"[""\u6c89\u9ed8"", "" silence"", ""\u964d"", ""ials"", ""\u505c""]"
association,logit,mozart,32,"[""em"", "" discrete"", ""\u7455"", ""\u9ab8"", "" sign""]"
association,logit,mozart,40,"[""amp"", ""\u0561\u0570"", ""\u62ac\u5934"", ""emb"", ""\u4e09\u4ee3""]"
association,logit,mozart,48,"[""\u4ec0\u4e48\u610f\u601d"", ""\u0561\u0570"", ""\u5f00\u59cb"", ""\u793a\u610f"", ""\u4e13\u6ce8""]"
association,logit,mozart,56,"[""\u6da6"", "" rewrite"", ""\u6269"", ""\u4ec0\u4e48\u610f\u601d"", ""\u4f18\u5316""]"
association,jlens_camila,mozart,8,"["" gotta"", "" got"", "" kids"", "" bigger"", "" mostly""]"
association,jlens_camila,mozart,16,"["" freaking"", "" goofy"", "" figuring"", ""kal"", "" Nope""]"
association,jlens_camila,mozart,24,"[""\u2014or"", ""\u2014and"", ""\u2014but"", "" storytelling"", ""\u2014even""]"
association,jlens_camila,mozart,32,"[""\u2014or"", "" immediately"", ""\u2014and"", ""\u2014even"", "" whispers""]"
association,jlens_camila,mozart,40,"["" music"", "" Music"", ""\u97f3\u4e50"", ""music"", ""Music""]"
association,jlens_camila,mozart,48,"["" music"", "" Music"", ""\u97f3\u4e50"", "" immediately"", ""Music""]"
association,jlens_camila,mozart,56,"["" rewrite"", ""\u6da6"", ""\u6539\u5199"", ""rewrite"", ""\u6269""]"
association,rlens_camila,mozart,8,"["" just"", "" because"", "" like"", "" really"", "" that""]"
association,rlens_camila,mozart,16,"["" just"", "" nearly"", "" even"", "" because"", "" enough""]"
association,rlens_camila,mozart,24,"["" nearly"", "" just"", ""\u2014or"", "" music"", "" even""]"
association,rlens_camila,mozart,32,"["" immediately"", "" first"", "" even"", "" silence"", "" listening""]"
association,rlens_camila,mozart,40,"["" music"", "" Music"", "" audible"", "" silence"", "" sound""]"
association,rlens_camila,mozart,48,"["" music"", "" Music"", "" silence"", "" immediately"", ""\u97f3\u4e50""]"
association,rlens_camila,mozart,56,"[""\u6da6"", "" rewrite"", ""\u6269"", ""\u6539\u5199"", ""\u4ec0\u4e48\u610f\u601d""]"
association,jpp_released,mozart,8,"["" music"", "" sound"", "" lightning"", "" musical"", "" guitar""]"
association,jpp_released,mozart,16,"["" Nebraska"", "" Sound"", "" Iowa"", "" Dawn"", "" Thunder""]"
association,jpp_released,mozart,24,"["" music"", "" Music"", "" musical"", "" sound"", "" listening""]"
association,jpp_released,mozart,32,"["" music"", "" Music"", "" musical"", "" song"", "" Listening""]"
association,jpp_released,mozart,40,"["" music"", "" sound"", "" Music"", "" musical"", "" musicians""]"
association,jpp_released,mozart,48,"["" music"", "" Music"", "" silence"", "" musical"", "" Silence""]"
association,jpp_released,mozart,56,"["" music"", "" piano"", "" chords"", "" grammar"", "" words""]"
association,logit,armstrong,8,"[""/"", "" A"", "" T"", ""C"", "" C""]"
association,logit,armstrong,16,"[""G"", ""T"", ""K"", ""C"", ""/""]"
association,logit,armstrong,24,"[""\u805a"", ""ky"", ""R"", ""\u626f"", ""ES""]"
association,logit,armstrong,32,"[""\u544a"", "" artificial"", ""\u4e45"", ""uros"", ""early""]"
association,logit,armstrong,40,"[""\u77ee"", ""chiere"", ""\u5f92"", ""\u5bc2"", ""osso""]"
association,logit,armstrong,48,"[""\u73af"", ""rev"", "" dust"", ""lem"", ""\u4ec0\u4e48\u610f\u601d""]"
association,logit,armstrong,56,"[""etin"", ""\u8fd9\u53e5\u8bdd"", ""\u4ec0\u4e48\u610f\u601d"", ""\u6539\u5199"", ""\u10da""]"
association,jlens_camila,armstrong,8,"["" gotta"", "" folks"", "" kids"", "" goofy"", "" kinda""]"
association,jlens_camila,armstrong,16,"["" really"", "" pretty"", "" kinda"", "" freaking"", "" goofy""]"
association,jlens_camila,armstrong,24,"["" folks"", "" pretty"", "" someday"", "" whatever"", "" maybe""]"
association,jlens_camila,armstrong,32,"["" just"", "" maybe"", ""\u5c34\u5c2c"", "" awkward"", "" still""]"
association,jlens_camila,armstrong,40,"["" nothing"", "" dust"", "" dusty"", "" Dust"", "" empty""]"
association,jlens_camila,armstrong,48,"["" dust"", "" nowhere"", "" dusty"", "" Dust"", "" waiting""]"
association,jlens_camila,armstrong,56,"[""\u6539\u5199"", ""\u4ec0\u4e48\u610f\u601d"", ""\u8fd9\u53e5\u8bdd"", ""\u6da6"", ""\u6539\u6210""]"
association,rlens_camila,armstrong,8,"["" just"", "" pretty"", "" really"", "" folks"", "" maybe""]"
association,rlens_camila,armstrong,16,"["" just"", "" really"", "" though"", "" even"", "" pretty""]"
association,rlens_camila,armstrong,24,"["" just"", "" even"", "" pretty"", "" really"", "" though""]"
association,rlens_camila,armstrong,32,"["" just"", "" even"", "" maybe"", "" still"", "" anyway""]"
association,rlens_camila,armstrong,40,"["" nothing"", "" dust"", "" empty"", "" just"", "" waiting""]"
association,rlens_camila,armstrong,48,"["" dust"", "" Dust"", "" his"", "" dusty"", "" nowhere""]"
association,rlens_camila,armstrong,56,"[""\u8fd9\u53e5\u8bdd"", ""\u4ec0\u4e48\u610f\u601d"", ""\u6539\u5199"", ""\u6da6"", "" nothing""]"
association,jpp_released,armstrong,8,"["" goofy"", "" freaking"", "" Texas"", "" busted"", "" paycheck""]"
association,jpp_released,armstrong,16,"["" Iowa"", "" Missouri"", "" Texas"", "" Nebraska"", "" Arkansas""]"
association,jpp_released,armstrong,24,"["" Kansas"", "" Texas"", "" Wyoming"", "" Oklahoma"", "" dead""]"
association,jpp_released,armstrong,32,"["" Kansas"", "" Colorado"", "" Wyoming"", "" Nebraska"", "" Oklahoma""]"
association,jpp_released,armstrong,40,"["" desert"", "" dead"", "" dust"", "" dry"", "" empty""]"
association,jpp_released,armstrong,48,"["" dust"", "" dusty"", "" desert"", "" Dust"", "" empty""]"
association,jpp_released,armstrong,56,"["" Valk"", "" Falk"", ""ALK"", ""ARK"", "" Vall""]"
association,logit,wright,8,"[""/"", ""-"", "" S"", ""s"", "" A""]"
association,logit,wright,16,"["" w"", ""T"", ""z"", "" T"", "" C""]"
association,logit,wright,24,"[""\u77ed\u6682"", "" t"", ""ict"", "" r"", ""\u5b58\u5728""]"
association,logit,wright,32,"[""elo"", ""\u77ed\u6682"", "" T"", ""\u53ef"", ""\u7ffb""]"
association,logit,wright,40,"[""\u77ed\u6682"", ""\u77ed\u6682\u7684"", ""\u79bb"", ""aise"", ""\u7247\u523b""]"
association,logit,wright,48,"[""\u77ed\u6682"", ""\u77ed\u6682\u7684"", ""\u81ea\u6709"", ""\u4ec0\u4e48\u610f\u601d"", ""\u83b1""]"
association,logit,wright,56,"[""\u8fd9\u53e5\u8bdd"", ""had"", ""\u4ec0\u4e48\u610f\u601d"", ""\u6539\u5199"", ""\u7535""]"
association,jlens_camila,wright,8,"["" Aussie"", "" things"", ""Though"", "" though"", "" something""]"
association,jlens_camila,wright,16,"[""\u5df2\u7136"", "" utterly"", "" quite"", "" really"", "" truly""]"
association,jlens_camila,wright,24,"["" perhaps"", ""\u2014or"", "" quite"", "" decidedly"", "" somewhere""]"
association,jlens_camila,wright,32,"[""\u2014or"", ""\u2014and"", "" suddenly"", "" genuinely"", ""\u2014a""]"
association,jlens_camila,wright,40,"["" airborne"", ""\u77ed\u6682"", "" momentarily"", "" lifted"", "" lift""]"
association,jlens_camila,wright,48,"["" momentarily"", ""\u77ed\u6682"", "" moments"", "" fleeting"", "" temporarily""]"
association,jlens_camila,wright,56,"[""\u8fd9\u53e5\u8bdd"", ""\u4ec0\u4e48\u610f\u601d"", ""\u6539\u5199"", ""\u662f\u4ec0\u4e48\u610f\u601d"", ""\u53e5\u5b50""]"
association,rlens_camila,wright,8,"["" just"", "" really"", "" something"", "" though"", "" things""]"
association,rlens_camila,wright,16,"["" really"", "" quite"", "" truly"", "" just"", "" perhaps""]"
association,rlens_camila,wright,24,"["" quite"", "" something"", "" really"", "" perhaps"", "" truly""]"
association,rlens_camila,wright,32,"["" truly"", "" just"", "" something"", "" entirely"", "" perhaps""]"
association,rlens_camila,wright,40,"["" airborne"", "" momentarily"", ""\u60ac"", "" suspended"", "" lift""]"
association,rlens_camila,wright,48,"["" momentarily"", "" moments"", ""\u77ed\u6682"", "" briefly"", "" moment""]"
association,rlens_camila,wright,56,"[""\u8fd9\u53e5\u8bdd"", ""\u4ec0\u4e48\u610f\u601d"", ""had"", ""\u6539\u5199"", "" twelve""]"
association,jpp_released,wright,8,"["" worlds"", "" -"", "" shot"", "" perhaps"", "" lone""]"
association,jpp_released,wright,16,"["" Witt"", "" Wien"", "" Houston"", "" Worlds"", "" Something""]"
association,jpp_released,wright,24,"["" -"", "" much"", "" something"", "" quite"", "" its""]"
association,jpp_released,wright,32,"["" The"", "" When"", "" They"", ""1"", "" Their""]"
association,jpp_released,wright,40,"["" air"", "" suspension"", "" airborne"", "" space"", "" aerial""]"
association,jpp_released,wright,48,"["" space"", "" moment"", "" moments"", "" air"", "" airborne""]"
association,jpp_released,wright,56,"["" Valk"", "" Falk"", ""ARK"", "" Sark"", ""ALK""]"
association,logit,gandhi,8,"[""/"", ""-"", "" S"", ""S"", ""T""]"
association,logit,gandhi,16,"[""B"", ""A"", ""st"", ""S"", ""E""]"
association,logit,gandhi,24,"[""um"", ""A"", "" material"", ""\u5408\u89c4"", "" forbidden""]"
association,logit,gandhi,32,"[""\u7a83"", ""\u5374"", ""\u5373"", ""\u00b9"", ""\u64ac""]"
association,logit,gandhi,40,"[""\u8fdd"", ""\u89e6\u78b0"", ""coes"", ""\u903e"", "" forbidden""]"
association,logit,gandhi,48,"[""oste"", "" dust"", ""\u00e9ra"", ""\u4ec0\u4e48\u610f\u601d"", ""\u4e0d\u4e3a""]"
association,logit,gandhi,56,"[""\u8fd9\u53e5\u8bdd"", "" rewrite"", ""\u6539\u5199"", ""\u5206\u6790\u4e00\u4e0b"", ""\u53e5\u4e2d""]"
association,jlens_camila,gandhi,8,"["" perhaps"", "" sometimes"", "" quite"", "" many"", "" though""]"
association,jlens_camila,gandhi,16,"["" perhaps"", "" Cal"", "" indeed"", ""Cal"", "" truly""]"
association,jlens_camila,gandhi,24,"["" craft"", "" wrought"", "" perhaps"", ""perhaps"", "" wrench""]"
association,jlens_camila,gandhi,32,"[""\u2014a"", "" craft"", "" curiosity"", "" whispers"", "" whispered""]"
association,jlens_camila,gandhi,40,"["" forbidden"", "" illegal"", "" illegally"", "" soil"", "" harvest""]"
association,jlens_camila,gandhi,48,"["" illegal"", "" forbidden"", "" illegally"", "" legally"", ""\u8fdd\u6cd5""]"
association,jlens_camila,gandhi,56,"[""\u8fd9\u53e5\u8bdd"", ""\u6539\u5199"", "" rewrite"", ""\u8bed\u6cd5"", ""\u6da6""]"
association,rlens_camila,gandhi,8,"["" because"", "" so"", "" not"", "" perhaps"", "" just""]"
association,rlens_camila,gandhi,16,"["" what"", "" perhaps"", "" not"", "" yet"", "" just""]"
association,rlens_camila,gandhi,24,"["" nearly"", "" yet"", "" craft"", "" what"", "" perhaps""]"
association,rlens_camila,gandhi,32,"["" what"", "" forbidden"", "" -"", "" that"", "" craft""]"
association,rlens_camila,gandhi,40,"["" forbidden"", "" soil"", "" illegal"", "" illegally"", "" harvest""]"
association,rlens_camila,gandhi,48,"["" illegal"", "" forbidden"", "" ownership"", "" illegally"", "" dust""]"
association,rlens_camila,gandhi,56,"[""\u8fd9\u53e5\u8bdd"", "" rewrite"", ""\u6539\u5199"", ""\u8bed\u6cd5"", ""\u53e5\u5b50""]"
association,jpp_released,gandhi,8,"["" perhaps"", "" only"", "" much"", "" because"", "" the""]"
association,jpp_released,gandhi,16,"["" The"", "" the"", "" What"", "" Texas"", "" He""]"
association,jpp_released,gandhi,24,"["" manufacturing"", "" labor"", "" manufacture"", "" craft"", "" manufactured""]"
association,jpp_released,gandhi,32,"["" illegal"", "" forbidden"", "" illegally"", "" -"", "" The""]"
association,jpp_released,gandhi,40,"["" soil"", "" forbidden"", "" illegal"", "" water"", "" material""]"
association,jpp_released,gandhi,48,"["" illegal"", "" gold"", "" soil"", "" dust"", "" legal""]"
association,jpp_released,gandhi,56,"["" Valk"", "" sentence"", "" verb"", ""\u8fd9\u53e5\u8bdd"", "" alk""]"
association,logit,edison,8,"[""/"", ""A"", "" A"", ""s"", ""G""]"
association,logit,edison,16,"[""A"", ""G"", ""Z"", ""C"", ""V""]"
association,logit,edison,24,"[""oom"", ""\u6301\u4e45"", ""-lasting"", ""\u6301\u4e45\u7684"", ""auty""]"
association,logit,edison,32,"[""\u660e\u663e"", ""\u663e\u5f97\u683c\u5916"", ""\u2081"", ""\u00b9"", ""impl""]"
association,logit,edison,40,"[""otech"", ""\u4e0d\u9000"", ""\u00b9"", ""\u4ec0\u4e48\u610f\u601d"", ""\u521d\u6b65""]"
association,logit,edison,48,"[""\u4e0d\u50cf"", ""\u751a\u81f3"", ""\u4e0d\u4e3a"", ""\u4e0d\u9000"", ""\u8bdd""]"
association,logit,edison,56,"[""\u4ec0\u4e48\u610f\u601d"", "" past"", ""\u8fc7\u53bb"", ""\u8fc7\u53bb\u4e86"", ""_past""]"
association,jlens_camila,edison,8,"["" folks"", "" gotta"", ""\u305d\u3046\u3057\u305f"", "" kids"", "" Nope""]"
association,jlens_camila,edison,16,"["" anyways"", "" folks"", "" yeah"", "" kinda"", "" honestly""]"
association,jlens_camila,edison,24,"[""\u2014or"", "" folks"", "" even"", "" moments"", ""\u2014and""]"
association,jlens_camila,edison,32,"["" moments"", ""\u2014or"", ""\u2014not"", "" even"", "" unexpected""]"
association,jlens_camila,edison,40,"["" longer"", ""\u6301\u4e45\u7684"", ""\u6301\u7eed\u65f6\u95f4"", ""\u6301\u4e45"", "" longevity""]"
association,jlens_camila,edison,48,"[""\u2014and"", ""\u2014or"", "" longer"", "" stubborn"", "" slowly""]"
association,jlens_camila,edison,56,"[""\u4ec0\u4e48\u610f\u601d"", "" past"", ""\u8fc7\u53bb"", ""Past"", ""past""]"
association,rlens_camila,edison,8,"["" just"", "" even"", "" really"", "" pretty"", "" though""]"
association,rlens_camila,edison,16,"["" even"", "" just"", "" maybe"", "" really"", "" enough""]"
association,rlens_camila,edison,24,"["" even"", "" just"", "" still"", "" though"", "" moments""]"
association,rlens_camila,edison,32,"["" even"", "" moments"", "" just"", "" moment"", "" something""]"
association,rlens_camila,edison,40,"["" longer"", "" even"", "" still"", "" promise"", "" seconds""]"
association,rlens_camila,edison,48,"["" steady"", "" slowly"", "" promising"", ""\u7a33\u5b9a"", "" longer""]"
association,rlens_camila,edison,56,"[""\u4ec0\u4e48\u610f\u601d"", "" past"", ""\u8fc7\u53bb"", "" then"", "" Its""]"
association,jpp_released,edison,8,"["" lightning"", "" glowing"", "" lights"", "" flashy"", "" barely""]"
association,jpp_released,edison,16,"["" Glow"", "" Promise"", "" streak"", "" Pearl"", "" glow""]"
association,jpp_released,edison,24,"["" lights"", "" fire"", "" electric"", "" lamp"", "" spark""]"
association,jpp_released,edison,32,"["" flame"", "" candle"", "" Candle"", "" fire"", "" spark""]"
association,jpp_released,edison,40,"["" watch"", "" test"", "" long"", "" one"", "" first""]"
association,jpp_released,edison,48,"["" steady"", "" promise"", "" promising"", "" slow"", "" persistent""]"
association,jpp_released,edison,56,"["" Valk"", ""elin"", "" Falk"", "" light"", ""arka""]"
association,logit,cia,8,"[""/"", "" T"", "" A"", ""T"", ""-""]"
association,logit,cia,16,"[""/"", "" S"", ""w"", "" B"", ""T""]"
association,logit,cia,24,"["" f"", "" b"", "" F"", "" t"", "" B""]"
association,logit,cia,32,"[""\u79bb"", ""ah"", ""obi"", ""\u80cc\u666f"", ""so""]"
association,logit,cia,40,"[""\u4ec0\u4e48\u610f\u601d"", ""\u8fd9\u8bf4\u660e"", ""\u672f"", ""\u6cc4\u9732"", ""\u662f\u4ec0\u4e48\u610f\u601d""]"
association,logit,cia,48,"[""\u4ec0\u4e48\u610f\u601d"", ""obi"", ""\u9762\u4e0a"", ""egov"", ""\u662f\u4ec0\u4e48\u610f\u601d""]"
association,logit,cia,56,"[""\u043d\u0430"", ""in"", ""\u00e9"", ""ch"", ""\u0441""]"
association,jlens_camila,cia,8,"["" stuff"", "" really"", "" things"", "" maybe"", "" kids""]"
association,jlens_camila,cia,16,"["" really"", "" guys"", "" yeah"", "" pretty"", "" kinda""]"
association,jlens_camila,cia,24,"["" damned"", "" stuff"", "" really"", "" pretty"", "" stories""]"
association,jlens_camila,cia,32,"["" fucking"", "" even"", "" someone"", "" dozens"", "" damn""]"
association,jlens_camila,cia,40,"["" fucking"", "" Detective"", "" FBI"", "" detective"", "" secrets""]"
association,jlens_camila,cia,48,"["" fucking"", ""\u4ec0\u4e48\u610f\u601d"", ""\u8fd9\u53e5\u8bdd"", ""\u662f\u4ec0\u4e48\u610f\u601d"", "" his""]"
association,jlens_camila,cia,56,"[""\u8fd9\u53e5\u8bdd"", ""\u4ec0\u4e48\u610f\u601d"", ""\u6539\u5199"", ""\u53e5"", ""\u6da6""]"
association,rlens_camila,cia,8,"["" really"", "" probably"", "" maybe"", "" things"", "" pretty""]"
association,rlens_camila,cia,16,"["" really"", "" just"", "" even"", "" something"", "" things""]"
association,rlens_camila,cia,24,"["" just"", "" really"", "" even"", "" almost"", "" though""]"
association,rlens_camila,cia,32,"["" even"", "" just"", "" really"", "" not"", "" truly""]"
association,rlens_camila,cia,40,"["" his"", "" fucking"", "" someone"", "" never"", "" story""]"
association,rlens_camila,cia,48,"[""\u4ec0\u4e48\u610f\u601d"", "" his"", "" fucking"", ""\u8fd9\u53e5\u8bdd"", "" Agency""]"
association,rlens_camila,cia,56,"[""\u8fd9\u53e5\u8bdd"", ""\u4ec0\u4e48\u610f\u601d"", ""\u53e5"", ""\u6539\u5199"", "" meaning""]"
association,jpp_released,cia,8,"["" really"", "" somehow"", "" pretty"", "" someone"", "" something""]"
association,jpp_released,cia,16,"["" They"", "" Something"", "" fucking"", "" Nightmare"", "" guys""]"
association,jpp_released,cia,24,"["" old"", "" his"", "" stories"", "" just"", "" -""]"
association,jpp_released,cia,32,"["" The"", "" FBI"", "" CIA"", "" crime"", "" Detective""]"
association,jpp_released,cia,40,"["" FBI"", "" detective"", "" secret"", "" story"", "" police""]"
association,jpp_released,cia,48,"["" FBI"", "" detective"", "" police"", "" agent"", "" Detective""]"
association,jpp_released,cia,56,"["" Valk"", ""ARK"", ""ALK"", ""VAL"", "" Vall""]"
association,logit,vatican,8,"[""s"", ""/"", ""S"", ""-"", "" S""]"
association,logit,vatican,16,"[""k"", ""\u7b2c\u4e00"", ""\u6b63"", ""S"", "" about""]"
association,logit,vatican,24,"["" **"", ""\u4eff"", ""by"", ""avian"", ""ky""]"
association,logit,vatican,32,"["" sharp"", ""\u8d8b"", "" early"", ""early"", "" shift""]"
association,logit,vatican,40,"[""by"", ""\u4ec0\u4e48\u610f\u601d"", ""yla"", ""\u544a"", ""\u6d88\u606f""]"
association,logit,vatican,48,"[""\u4ec0\u4e48\u610f\u601d"", ""\u900f"", ""\u7ad9"", ""emb"", ""yla""]"
association,logit,vatican,56,"["" rewrite"", ""\u5199"", ""\u6269"", ""\u6539\u5199"", "" write""]"
association,jlens_camila,vatican,8,"["" behaviors"", "" gotten"", "" folks"", ""s"", "" things""]"
association,jlens_camila,vatican,16,"[""\u2014even"", ""everything"", ""\u2014not"", "" everything"", ""\u2014the""]"
association,jlens_camila,vatican,24,"[""\u2014or"", ""\u2014and"", ""\u2014but"", ""\u2014that"", ""\u2014not""]"
association,jlens_camila,vatican,32,"[""\u2014or"", "" whispers"", ""\u2014and"", ""\u2014but"", ""\u2014a""]"
association,jlens_camila,vatican,40,"[""\u9884\u8b66"", ""\u4fe1\u53f7"", "" unmistak"", ""\u2014or"", "" whispers""]"
association,jlens_camila,vatican,48,"["" whispered"", "" whispers"", ""\u9884\u8b66"", ""\u4fe1\u53f7"", ""\u4ec0\u4e48\u610f\u601d""]"
association,jlens_camila,vatican,56,"["" rewrite"", ""\u6539\u5199"", ""\u6269"", ""\u5199"", "" write""]"
association,rlens_camila,vatican,8,"["" just"", "" nearly"", "" that"", "" things"", "" really""]"
association,rlens_camila,vatican,16,"[""\u2014or"", "" nearly"", ""\u2014but"", "" everything"", ""\u2014and""]"
association,rlens_camila,vatican,24,"[""\u2014or"", ""\u2014and"", ""\u2014but"", ""\u2014that"", ""\u2014the""]"
association,rlens_camila,vatican,32,"["" unmistak"", "" early"", ""\u2014or"", "" late"", "" whispers""]"
association,rlens_camila,vatican,40,"[""\u9884\u8b66"", ""\u4fe1\u53f7"", "" early"", "" unmistak"", "" signal""]"
association,rlens_camila,vatican,48,"[""\u4fe1\u53f7"", ""\u4ec0\u4e48\u610f\u601d"", ""\u9884\u8b66"", "" whispers"", "" whispered""]"
association,rlens_camila,vatican,56,"["" rewrite"", ""\u6539\u5199"", ""\u6269"", ""\u5199"", "" write""]"
association,jpp_released,vatican,8,"["" Utah"", "" Arkansas"", "" Colorado"", "" traveling"", "" Sacramento""]"
association,jpp_released,vatican,16,"["" Iowa"", "" sky"", "" Wisdom"", "" Knox"", "" Prairie""]"
association,jpp_released,vatican,24,"["" death"", "" city"", "" news"", "" disaster"", "" fire""]"
association,jpp_released,vatican,32,"["" death"", "" The"", "" -"", "" Death"", "" March""]"
association,jpp_released,vatican,40,"["" news"", "" death"", "" city"", "" first"", "" disaster""]"
association,jpp_released,vatican,48,"["" city"", "" sudden"", "" town"", "" City"", "" whispers""]"
association,jpp_released,vatican,56,"["" rewrite"", ""\u2019un"", ""\u2019on"", "" write"", ""\u6539\u5199""]"
association,logit,pentagon,8,"[""/"", "" S"", "" T"", ""-"", "" A""]"
association,logit,pentagon,16,"["" B"", ""e"", ""\u4f9d\u7136"", ""/"", ""B""]"
association,logit,pentagon,24,"[""\u5f84"", "" nor"", "" yet"", "" alone"", ""x""]"
association,logit,pentagon,32,"[""\u53eb"", "" i"", ""\u53ea\u80fd"", ""wi"", ""w""]"
association,logit,pentagon,40,"[""\u8eab\u4efd"", ""obi"", ""\u600e\u4e48\u529e"", ""\u6743\u9650"", ""\u672f""]"
association,logit,pentagon,48,"[""\u672f"", ""obi"", ""\u6b63"", ""\u4ec0\u4e48\u610f\u601d"", ""idd""]"
association,logit,pentagon,56,"[""\u4ec0\u4e48\u610f\u601d"", ""\u4f18\u5316"", ""\u6da6"", ""\u6539\u5199"", ""\u8fd9\u53e5\u8bdd""]"
association,jlens_camila,pentagon,8,"["" guys"", "" kids"", "" maybe"", "" everyone"", "" really""]"
association,jlens_camila,pentagon,16,"["" nuanced"", "" yeah"", "" freaking"", "" anyways"", "" folks""]"
association,jlens_camila,pentagon,24,"[""\u5373\u4fbf\u5982\u6b64"", "" truly"", "" still"", "" yet"", "" somehow""]"
association,jlens_camila,pentagon,32,"[""\u5373\u4fbf\u5982\u6b64"", ""\u5374\u4f9d\u7136"", ""Access"", ""\u5931\u8d25"", "" frustration""]"
association,jlens_camila,pentagon,40,"[""\u5bc6\u7801"", ""Access"", "" frustration"", ""\u89e3\u9501"", ""\u8eab\u4efd""]"
association,jlens_camila,pentagon,48,"["" frustration"", ""\u5c1d\u8bd5"", "" waiting"", ""\u8bd5\u56fe"", "" failed""]"
association,jlens_camila,pentagon,56,"[""\u4ec0\u4e48\u610f\u601d"", ""\u6539\u5199"", "" rewrite"", ""rewrite"", ""\u6da6""]"
association,rlens_camila,pentagon,8,"["" just"", "" really"", "" probably"", "" maybe"", "" because""]"
association,rlens_camila,pentagon,16,"["" even"", "" just"", "" still"", "" yet"", "" though""]"
association,rlens_camila,pentagon,24,"["" yet"", "" just"", "" even"", "" still"", "" simply""]"
association,rlens_camila,pentagon,32,"["" still"", "" even"", "" yet"", "" just"", "" simply""]"
association,rlens_camila,pentagon,40,"[""\u8eab\u4efd"", ""\u6743\u9650"", "" still"", ""Access"", "" despite""]"
association,rlens_camila,pentagon,48,"["" waiting"", ""\u6743\u9650"", ""\u5c1d\u8bd5"", "" failed"", ""\u8bd5\u56fe""]"
association,rlens_camila,pentagon,56,"[""\u4ec0\u4e48\u610f\u601d"", ""\u6da6"", ""\u6539\u5199"", ""\u53e5\u5b50"", "" rewrite""]"
association,jpp_released,pentagon,8,"[""<|im_end|>"", "" jewelry"", "" sleepy"", "" only"", "" police""]"
association,jpp_released,pentagon,16,"["" Texas"", "" Oklahoma"", "" Superman"", "" Batman"", "" Kansas""]"
association,jpp_released,pentagon,24,"["" security"", "" lock"", "" locked"", "" vault"", "" door""]"
association,jpp_released,pentagon,32,"["" search"", "" magnetic"", "" Search"", "" lock"", "" vault""]"
association,jpp_released,pentagon,40,"["" search"", "" locked"", "" finally"", "" card"", "" only""]"
association,jpp_released,pentagon,48,"["" Try"", "" failed"", "" trying"", "" hardened"", "" waiting""]"
association,jpp_released,pentagon,56,"["" sentence"", "" verb"", ""\u53e5\u5b50"", ""\u53e5"", "" grammar""]"
association,logit,unesco,8,"[""/"", "" A"", "" I"", "" as"", "" T""]"
association,logit,unesco,16,"[""s"", ""T"", ""\u62ac\u5934"", ""ad"", ""S""]"
association,logit,unesco,24,"[""\u4e16"", "" as"", ""ka"", "" inherit"", ""rim""]"
association,logit,unesco,32,"[""\u5c01"", "" art"", ""\u00b9"", ""by"", ""\u5f02""]"
association,logit,unesco,40,"[""\u00b9"", ""\u707e"", ""\u4e09\u767e"", ""\u6714"", ""\u529f""]"
association,logit,unesco,48,"[""\u00b9"", ""\u7ffb"", ""\u4e0d\u4e3a"", ""\u659f\u914c"", "" standing""]"
association,logit,unesco,56,"["" it"", "" It"", ""\u5b83"", ""It"", "" beneath""]"
association,jlens_camila,unesco,8,"["" though"", "" perhaps"", "" Though"", ""Though"", ""borg""]"
association,jlens_camila,unesco,16,"["" perhaps"", "" \u0412\u043f\u0440\u043e\u0447\u0435\u043c"", "" indeed"", ""\u56fa\u7136"", ""\u3060\u3063\u3066""]"
association,jlens_camila,unesco,24,"[""\u2014or"", "" perhaps"", ""perhaps"", ""\u2014and"", ""Perhaps""]"
association,jlens_camila,unesco,32,"[""\u2014or"", ""\u2014a"", ""\u2014but"", "" celebrated"", ""\u2014and""]"
association,jlens_camila,unesco,40,"["" legacy"", "" humanity"", "" decades"", ""\u2014or"", "" symbol""]"
association,jlens_camila,unesco,48,"["" everywhere"", ""\u2014or"", "" decades"", "" legacy"", "" symbol""]"
association,jlens_camila,unesco,56,"["" it"", ""It"", "" It"", "" beneath"", "" sometimes""]"
association,rlens_camila,unesco,8,"["" perhaps"", "" though"", "" nearly"", "" just"", "" not""]"
association,rlens_camila,unesco,16,"["" perhaps"", "" just"", "" yet"", "" whatever"", "" though""]"
association,rlens_camila,unesco,24,"["" perhaps"", ""\u2014or"", "" beyond"", ""\u2014and"", "" largely""]"
association,rlens_camila,unesco,32,"["" now"", "" as"", "" world"", ""\u2014or"", "" nearly""]"
association,rlens_camila,unesco,40,"["" legacy"", "" decades"", "" peace"", "" world"", "" still""]"
association,rlens_camila,unesco,48,"["" peace"", "" decades"", "" everywhere"", "" every"", "" standing""]"
association,rlens_camila,unesco,56,"["" it"", "" It"", ""It"", "" beneath"", "" sometimes""]"
association,jpp_released,unesco,8,"["" perhaps"", "" world"", "" much"", "" famously"", "" nearly""]"
association,jpp_released,unesco,16,"["" forever"", "" sky"", "" Forever"", "" worlds"", "" skies""]"
association,jpp_released,unesco,24,"["" world"", "" symbol"", "" decades"", "" beyond"", "" worlds""]"
association,jpp_released,unesco,32,"["" The"", "" World"", "" world"", "" -"", "" peace""]"
association,jpp_released,unesco,40,"["" peace"", "" world"", "" war"", "" Peace"", "" World""]"
association,jpp_released,unesco,48,"["" peace"", "" war"", "" Peace"", "" world"", "" War""]"
association,jpp_released,unesco,56,"[""obel"", ""\u2019on"", "" they"", ""\u2019un"", "" bronze""]"
association,logit,anger,8,"[""/"", ""A"", ""S"", "" A"", ""-""]"
association,logit,anger,16,"[""S"", ""B"", ""G"", ""X"", ""H""]"
association,logit,anger,24,"[""\u9012"", ""\u606f"", ""\u701a"", ""\u51b7"", ""\u5f84""]"
association,logit,anger,32,"[""\u73af"", ""\u907f"", ""\u544a\u522b"", ""caler"", ""\u9012""]"
association,logit,anger,40,"[""\u73af"", ""omore"", ""\u5b89\u7f6e"", ""\u9012"", ""apse""]"
association,logit,anger,48,"[""\u73af"", ""\u7136\u540e"", ""omore"", ""\u63a5\u7740"", "" gest""]"
association,logit,anger,56,"[""\u0441"", ""\u8bdd"", ""omen"", ""\u043d\u0430"", ""\u7136\u540e""]"
association,jlens_camila,anger,8,"["" things"", "" everyone"", "" kids"", "" really"", "" stats""]"
association,jlens_camila,anger,16,"["" pretty"", "" really"", "" freaking"", "" stuff"", "" everyone""]"
association,jlens_camila,anger,24,"[""\u2014or"", ""\u2014and"", ""\u2014but"", ""\u2013and"", "" quietly""]"
association,jlens_camila,anger,32,"[""\u2014or"", "" quietly"", ""\u2014but"", ""\u2014and"", "" carefully""]"
association,jlens_camila,anger,40,"["" conversation"", "" quietly"", "" Conversation"", "" carefully"", "" coffee""]"
association,jlens_camila,anger,48,"["" she"", "" carefully"", "" conversation"", "" Conversation"", "" waiting""]"
association,jlens_camila,anger,56,"["" she"", ""\u6da6"", ""Then"", ""\u4ec0\u4e48\u610f\u601d"", ""omen""]"
association,rlens_camila,anger,8,"["" really"", "" just"", "" things"", "" something"", "" pretty""]"
association,rlens_camila,anger,16,"["" pretty"", "" really"", "" just"", "" even"", "" whatever""]"
association,rlens_camila,anger,24,"["" just"", "" quietly"", "" carefully"", ""\u2014and"", ""\u2014or""]"
association,rlens_camila,anger,32,"["" carefully"", "" quietly"", "" just"", "" something"", "" almost""]"
association,rlens_camila,anger,40,"["" carefully"", "" conversation"", "" her"", "" Conversation"", "" coffee""]"
association,rlens_camila,anger,48,"["" she"", "" carefully"", "" herself"", "" her"", "" then""]"
association,rlens_camila,anger,56,"["" she"", ""Then"", "" something"", ""\u8fd9\u53e5\u8bdd"", ""omen""]"
association,jpp_released,anger,8,"[""<|im_end|>"", ""<unk"", "" jewelry"", "" everyone"", "" someone""]"
association,jpp_released,anger,16,"["" herself"", "" her"", "" Whisper"", "" she"", "" Owl""]"
association,jpp_released,anger,24,"["" tea"", "" coffee"", "" her"", "" quietly"", "" drinking""]"
association,jpp_released,anger,32,"["" her"", "" herself"", "" coffee"", "" quietly"", "" quiet""]"
association,jpp_released,anger,40,"["" room"", "" conversation"", "" her"", "" coffee"", "" tea""]"
association,jpp_released,anger,48,"["" her"", "" coffee"", "" conversation"", "" quiet"", "" tea""]"
association,jpp_released,anger,56,"["" Valk"", ""ALK"", ""VAL"", ""ARK"", "" Falk""]"
association,logit,frustrated,8,"[""S"", ""/"", ""A"", ""T"", ""C""]"
association,logit,frustrated,16,"["" a"", "" r"", "" o"", "" S"", ""M""]"
association,logit,frustrated,24,"[""\u4e00\u904d"", ""av"", ""z"", ""\u4e86\u4e00\u904d"", ""R""]"
association,logit,frustrated,32,"[""A"", ""v"", ""abus"", "" A"", ""av""]"
association,logit,frustrated,40,"[""\u6025"", ""\u4e0d\u8010"", ""abus"", ""\u95e8\u5916"", ""\u5f92""]"
association,logit,frustrated,48,"[""emb"", ""\u4ec0\u4e48\u610f\u601d"", ""\u5bf8"", ""\u51e0\u6b21"", ""em""]"
association,logit,frustrated,56,"[""\u4ec0\u4e48\u610f\u601d"", ""\u8fd9\u53e5\u8bdd"", ""\u5bf9"", ""\u043d\u0430"", ""\u53e5""]"
association,jlens_camila,frustrated,8,"["" sometimes"", "" things"", "" maybe"", "" mostly"", "" really""]"
association,jlens_camila,frustrated,16,"["" folks"", "" things"", "" really"", "" honestly"", "" maybe""]"
association,jlens_camila,frustrated,24,"[""\u2014or"", ""\u2014but"", ""\u2014and"", ""\u2014not"", ""\u2014that""]"
association,jlens_camila,frustrated,32,"[""\u2014but"", ""\u2014not"", ""\u2014and"", ""\u2014or"", ""\u2014that""]"
association,jlens_camila,frustrated,40,"["" teaching"", "" classroom"", "" frustration"", "" students"", "" lesson""]"
association,jlens_camila,frustrated,48,"["" repeated"", "" frustration"", ""\u91cd\u590d"", ""\u4ec0\u4e48\u610f\u601d"", "" lesson""]"
association,jlens_camila,frustrated,56,"[""\u4ec0\u4e48\u610f\u601d"", ""\u6da6"", ""\u8fd9\u53e5\u8bdd"", ""\u53e5"", ""\u6539\u5199""]"
association,rlens_camila,frustrated,8,"["" really"", "" probably"", "" things"", "" because"", "" just""]"
association,rlens_camila,frustrated,16,"["" something"", "" just"", "" maybe"", "" things"", "" really""]"
association,rlens_camila,frustrated,24,"["" just"", ""\u2014or"", "" something"", ""\u2014and"", "" things""]"
association,rlens_camila,frustrated,32,"["" slow"", "" again"", "" just"", "" repeated"", "" tell""]"
association,rlens_camila,frustrated,40,"["" again"", "" teaching"", "" repeated"", "" brain"", "" students""]"
association,rlens_camila,frustrated,48,"[""\u4ec0\u4e48\u610f\u601d"", "" again"", "" finally"", "" repeated"", "" she""]"
association,rlens_camila,frustrated,56,"[""\u4ec0\u4e48\u610f\u601d"", ""\u8fd9\u53e5\u8bdd"", ""\u6da6"", ""\u53e5"", ""\u53e5\u5b50""]"
association,jpp_released,frustrated,8,"[""<|im_end|>"", "" eyes"", "" color"", "" because"", "" jewelry""]"
association,jpp_released,frustrated,16,"["" Eyes"", "" eyes"", "" Clock"", "" Blink"", "" Watch""]"
association,jpp_released,frustrated,24,"["" just"", "" the"", "" more"", "" then"", "" learning""]"
association,jpp_released,frustrated,32,"["" -"", "" The"", "" teaching"", "" teacher"", "" Miss""]"
association,jpp_released,frustrated,40,"["" students"", "" teaching"", "" school"", "" teacher"", "" student""]"
association,jpp_released,frustrated,48,"["" teaching"", "" students"", "" lecture"", "" student"", "" lesson""]"
association,jpp_released,frustrated,56,"["" Valk"", ""ALK"", ""ARK"", ""VAL"", "" Vall""]"
association,logit,lonely,8,"[""/"", "" T"", ""S"", ""T"", ""-""]"
association,logit,lonely,16,"[""S"", ""A"", ""/"", ""T"", ""G""]"
association,logit,lonely,24,"[""R"", ""T"", ""\u5f84"", ""\u4e0d\u4e3a"", "" R""]"
association,logit,lonely,32,"[""ego"", ""rev"", ""\u5212"", ""udge"", ""t\u0131""]"
association,logit,lonely,40,"["" solitary"", ""\u4ec0\u4e48\u610f\u601d"", ""\u72ec"", ""\u5b64"", ""\u5b64\u72ec""]"
association,logit,lonely,48,"[""\u5355"", ""\u72ec"", ""\u4ec0\u4e48\u610f\u601d"", ""\u8bdd"", ""had""]"
association,logit,lonely,56,"[""\u8fd9\u53e5\u8bdd"", ""\u6539\u5199"", ""\u53e5"", ""\u5bf9"", ""\u8bdd""]"
association,jlens_camila,lonely,8,"["" things"", "" really"", "" got"", "" guys"", "" something""]"
association,jlens_camila,lonely,16,"["" maths"", ""Whilst"", "" realised"", ""colour"", "" realise""]"
association,jlens_camila,lonely,24,"["" recognised"", ""Colour"", ""colour"", "" neighbours"", "" colour""]"
association,jlens_camila,lonely,32,"["" colour"", ""colour"", ""\u2014but"", "" breakfast"", ""Colour""]"
association,jlens_camila,lonely,40,"["" solitary"", "" meal"", "" breakfast"", "" loneliness"", ""\u5b64\u72ec""]"
association,jlens_camila,lonely,48,"["" solitary"", "" solo"", ""\u5355"", "" waiting"", ""\u5b64\u72ec""]"
association,jlens_camila,lonely,56,"[""\u8fd9\u53e5\u8bdd"", ""\u6539\u5199"", ""\u4ec0\u4e48\u610f\u601d"", ""\u6da6"", ""\u53e5\u5b50""]"
association,rlens_camila,lonely,8,"["" really"", "" just"", "" things"", "" probably"", "" it""]"
association,rlens_camila,lonely,16,"["" though"", "" something"", "" just"", "" even"", "" it""]"
association,rlens_camila,lonely,24,"["" just"", "" his"", "" he"", "" though"", "" only""]"
association,rlens_camila,lonely,32,"["" his"", "" after"", "" just"", "" colour"", "" only""]"
association,rlens_camila,lonely,40,"["" solitary"", "" lone"", ""\u5b64"", "" alone"", "" solo""]"
association,rlens_camila,lonely,48,"[""\u5355"", "" his"", "" solitary"", "" solo"", ""\u72ec""]"
association,rlens_camila,lonely,56,"[""\u8fd9\u53e5\u8bdd"", ""\u53e5\u5b50"", ""\u6539\u5199"", ""\u6da6"", ""\u4ec0\u4e48\u610f\u601d""]"
association,jpp_released,lonely,8,"[""<|im_end|>"", "" cheap"", "" hungry"", "" anyway"", "" smarter""]"
association,jpp_released,lonely,16,"["" https"", "" NSW"", "" NZ"", "" Australian"", "" Australia""]"
association,jpp_released,lonely,24,"["" his"", "" food"", "" himself"", "" meal"", "" just""]"
association,jpp_released,lonely,32,"["" his"", "" himself"", "" food"", "" He"", "" after""]"
association,jpp_released,lonely,40,"["" lonely"", "" solitary"", "" food"", "" meal"", "" family""]"
association,jpp_released,lonely,48,"["" solitary"", "" dinner"", "" lonely"", "" breakfast"", "" meal""]"
association,jpp_released,lonely,56,"["" Valk"", "" Vall"", ""ALK"", ""VAL"", "" Falk""]"
association,logit,shame,8,"[""A"", ""s"", "" A"", "" S"", ""S""]"
association,logit,shame,16,"[""S"", ""st"", "" S"", ""sl"", ""N""]"
association,logit,shame,24,"[""\u741b"", ""\u5206\u91cf"", ""rim"", ""olum"", ""\u5305\u88f9""]"
association,logit,shame,32,"[""beck"", ""\u6d89"", ""\u8fdd"", ""\u1ee5"", ""car""]"
association,logit,shame,40,"["" discreet"", ""furt"", ""\u7a83"", ""\u533f"", ""\u6709\u4ec0\u4e48""]"
association,logit,shame,48,"["" vel"", ""\u76d1\u63a7"", ""\u5305\u88f9"", ""\u5206\u914d\u7684"", ""amp""]"
association,logit,shame,56,"[""\u6539\u5199"", ""\u8fd9\u53e5\u8bdd"", ""ste"", ""\u043d\u0430"", ""\u0441""]"
association,jlens_camila,shame,8,"[""celed"", "" moms"", "" kids"", "" mommy"", "" everyone""]"
association,jlens_camila,shame,16,"[""\u3060\u3063\u3066"", ""\u5982\u4eca\u7684"", "" \u305d\u3082"", "" tucked"", ""Though""]"
association,jlens_camila,shame,24,"[""\u2014or"", ""\u2014but"", ""\u2014and"", ""\u2014even"", ""Though""]"
association,jlens_camila,shame,32,"[""\u786e\u4fdd\u5b89\u5168"", ""<|im_end|>"", "" whispers"", ""\u2014but"", "" discreet""]"
association,jlens_camila,shame,40,"["" smugg"", "" smuggling"", "" clandest"", "" concealed"", ""\u9690\u533f""]"
association,jlens_camila,shame,48,"["" smugg"", "" smuggling"", "" fucking"", "" stolen"", "" clandest""]"
association,jlens_camila,shame,56,"[""\u6539\u5199"", ""\u8fd9\u53e5\u8bdd"", ""\u6da6"", ""\u4ec0\u4e48\u610f\u601d"", "" rewrite""]"
association,rlens_camila,shame,8,"["" just"", "" really"", "" it"", "" though"", "" more""]"
association,rlens_camila,shame,16,"["" though"", "" just"", "" even"", "" more"", "" nearly""]"
association,rlens_camila,shame,24,"["" though"", "" just"", "" yet"", "" nearly"", "" perhaps""]"
association,rlens_camila,shame,32,"["" just"", "" discreet"", "" quietly"", "" immediately"", "" simply""]"
association,rlens_camila,shame,40,"["" hidden"", "" smugg"", "" discreet"", "" stealth"", "" concealed""]"
association,rlens_camila,shame,48,"["" smugg"", "" she"", "" carefully"", ""\u5b89\u68c0"", "" stolen""]"
association,rlens_camila,shame,56,"[""\u6539\u5199"", ""\u8fd9\u53e5\u8bdd"", ""\u6da6"", ""\u4ec0\u4e48\u610f\u601d"", "" rewrite""]"
association,jpp_released,shame,8,"["" jewelry"", ""<|im_end|>"", "" traveling"", ""<unk"", "" colorful""]"
association,jpp_released,shame,16,"["" her"", "" herself"", "" She"", "" she"", "" Story""]"
association,jpp_released,shame,24,"["" discreet"", ""furt"", "" quietly"", "" security"", "" just""]"
association,jpp_released,shame,32,"["" clandest"", "" discreet"", "" secret"", "" smugg"", "" stealth""]"
association,jpp_released,shame,40,"["" smugg"", "" hidden"", "" secret"", "" discreet"", "" stolen""]"
association,jpp_released,shame,48,"["" smugg"", "" stolen"", "" secret"", "" theft"", "" smuggling""]"
association,jpp_released,shame,56,"["" Valk"", ""ALK"", ""VAL"", "" Vall"", "" Falk""]"
association,logit,noir,8,"[""/"", ""T"", "" T"", ""A"", ""-""]"
association,logit,noir,16,"["" m"", ""V"", "" v"", ""/"", ""T""]"
association,logit,noir,24,"[""\u642d"", ""\u4f4e"", ""\u52d2"", "" t"", ""\u62bd""]"
association,logit,noir,32,"[""zen"", ""\u541e\u5410"", ""mission"", ""\u8de8"", ""fred""]"
association,logit,noir,40,"[""sa"", ""\u95e8\u5916"", ""osso"", ""\u4e4d"", ""\u4ec0\u4e48\u610f\u601d""]"
association,logit,noir,48,"[""\u73af"", "" exotic"", ""inov"", ""\u81ea\u79f0"", ""\u4ec0\u4e48\u610f\u601d""]"
association,logit,noir,56,"[""Detect"", ""\u6269"", "" detective"", ""\u6539\u5199"", ""\u96e8\u6c34""]"
association,jlens_camila,noir,8,"["" really"", "" actually"", "" some"", "" quite"", "" basically""]"
association,jlens_camila,noir,16,"["" really"", "" stuff"", "" folks"", "" pretty"", "" actually""]"
association,jlens_camila,noir,24,"["" damned"", "" perhaps"", "" decidedly"", ""perhaps"", ""whatever""]"
association,jlens_camila,noir,32,"["" folks"", "" yeah"", "" weird"", "" pronto"", "" noir""]"
association,jlens_camila,noir,40,"["" noir"", "" fucking"", "" whispered"", "" smoke"", "" yeah""]"
association,jlens_camila,noir,48,"["" waiting"", "" whispered"", ""\u63a5\u5f85"", "" Waiting"", ""\u7b49\u5f85""]"
association,jlens_camila,noir,56,"["" detective"", ""Detect"", "" Detective"", ""\u6539\u5199"", ""detect""]"
association,rlens_camila,noir,8,"["" really"", "" probably"", "" just"", "" actually"", "" some""]"
association,rlens_camila,noir,16,"["" really"", "" just"", "" pretty"", "" whatever"", "" stuff""]"
association,rlens_camila,noir,24,"["" just"", "" whatever"", "" sure"", "" pretty"", "" perhaps""]"
association,rlens_camila,noir,32,"["" just"", "" tell"", "" pretty"", "" noir"", "" stuff""]"
association,rlens_camila,noir,40,"["" noir"", "" smoke"", "" waiting"", "" coffee"", "" fucking""]"
association,rlens_camila,noir,48,"["" smoke"", "" waiting"", "" dust"", "" she"", ""\u63a5\u5f85""]"
association,rlens_camila,noir,56,"[""Detect"", "" detective"", "" Detective"", "" Detect"", ""\u6539\u5199""]"
association,jpp_released,noir,8,"["" whiskey"", "" probably"", "" Bitcoin"", "" bitcoin"", "" perhaps""]"
association,jpp_released,noir,16,"["" Texas"", "" big"", "" tough"", "" duck"", "" pretty""]"
association,jpp_released,noir,24,"["" street"", "" noir"", "" detective"", "" police"", "" Detective""]"
association,jpp_released,noir,32,"["" noir"", "" Texas"", "" Detective"", "" whiskey"", "" Chicago""]"
association,jpp_released,noir,40,"["" coffee"", "" door"", "" old"", "" smoke"", "" street""]"
association,jpp_released,noir,48,"["" smoke"", "" street"", "" woman"", "" coffee"", "" cigarette""]"
association,jpp_released,noir,56,"["" detective"", "" rain"", "" Detective"", ""Detect"", "" noir""]"
association,logit,horror,8,"["" A"", ""A"", ""/"", "" T"", "" S""]"
association,logit,horror,16,"[""b"", ""/"", ""\u6b63"", ""z"", "" b""]"
association,logit,horror,24,"[""\u6e17"", ""\u5265"", "" **"", "" *"", "" p""]"
association,logit,horror,32,"["" sharp"", ""\u5e7d"", ""\u9634"", ""\u5c16"", "" *""]"
association,logit,horror,40,"["" sound"", ""\u5f02\u54cd"", ""\u58f0\u54cd"", "" audible"", ""Orig""]"
association,logit,horror,48,"[""yla"", ""\u5e7d"", ""\u6e17"", ""omin"", ""\u043e\u0449""]"
association,logit,horror,56,"["" write"", ""\u8bf7\u4ee5"", "" protagonist"", "" rewrite"", ""\u5199""]"
association,jlens_camila,horror,8,"["" things"", "" something"", "" folks"", "" busted"", ""scha""]"
association,jlens_camila,horror,16,"["" really"", ""\u2014or"", ""really"", ""\u2013and"", ""\u2014even""]"
association,jlens_camila,horror,24,"[""\u2014or"", ""\u2014but"", "" whispers"", "" paranoia"", "" whispered""]"
association,jlens_camila,horror,32,"["" whispers"", ""\u2014but"", "" terrifying"", "" whispered"", "" fucking""]"
association,jlens_camila,horror,40,"["" audible"", "" whispered"", "" noise"", "" noises"", "" whispers""]"
association,jlens_camila,horror,48,"["" whispered"", "" whispers"", "" noct"", "" night"", "" terrified""]"
association,jlens_camila,horror,56,"["" rewrite"", ""rewrite"", "" write"", ""\u6539\u5199"", ""\u5206\u6790""]"
association,rlens_camila,horror,8,"["" just"", "" really"", "" something"", "" that"", "" things""]"
association,rlens_camila,horror,16,"["" just"", "" really"", ""\u2014or"", "" something"", "" whatever""]"
association,rlens_camila,horror,24,"["" nearly"", "" whispers"", "" quiet"", "" perhaps"", "" lingering""]"
association,rlens_camila,horror,32,"["" night"", "" whispers"", "" noct"", "" tonight"", "" nighttime""]"
association,rlens_camila,horror,40,"["" audible"", "" noise"", "" noises"", "" whispers"", "" whispered""]"
association,rlens_camila,horror,48,"["" noct"", "" whispered"", "" whispers"", "" night"", "" audible""]"
association,rlens_camila,horror,56,"["" write"", "" rewrite"", ""\u5206\u6790"", "" Detective"", ""\u4ec0\u4e48\u610f\u601d""]"
association,jpp_released,horror,8,"["" something"", ""<|im_end|>"", "" there"", "" what"", "" perhaps""]"
association,jpp_released,horror,16,"["" Night"", "" Tonight"", "" night"", "" Halloween"", "" tonight""]"
association,jpp_released,horror,24,"["" haunted"", "" horror"", "" spooky"", "" night"", "" creepy""]"
association,jpp_released,horror,32,"["" night"", "" Night"", "" noct"", "" paranormal"", "" nights""]"
association,jpp_released,horror,40,"["" sound"", "" noise"", "" sounds"", "" noises"", "" audible""]"
association,jpp_released,horror,48,"["" night"", "" whispers"", "" noise"", "" noises"", "" whispered""]"
association,jpp_released,horror,56,"[""\u2019on"", "" bed"", ""\u2019ai"", ""\u2019un"", "" thought""]"
association,logit,rivals,8,"["" I"", ""/"", ""T"", ""C"", ""s""]"
association,logit,rivals,16,"[""\u6b63"", ""C"", ""G"", ""S"", ""V""]"
association,logit,rivals,24,"[""\u626f"", "" s"", ""\u77e2"", ""\u8868\u9762"", "" it""]"
association,logit,rivals,32,"[""\u5047"", ""\u544a"", ""\u626f"", ""ville"", ""uros""]"
association,logit,rivals,40,"[""\u4ea4\u6362"", ""chiere"", ""\u8fd9\u53e5\u8bdd"", ""\u4e92"", ""\u903e""]"
association,logit,rivals,48,"[""\u4ec0\u4e48\u610f\u601d"", ""\u4e0d\u4e3a"", ""\u8fd9\u53e5\u8bdd"", ""\u7a7a\u6c14\u4e2d"", ""\u5f7c\u6b64""]"
association,logit,rivals,56,"[""\u8fd9\u53e5\u8bdd"", ""\u6539\u5199"", ""\u4ec0\u4e48\u610f\u601d"", ""\u53e5"", ""\u6269""]"
association,jlens_camila,rivals,8,"["" things"", "" kids"", "" mostly"", "" stats"", "" gotta""]"
association,jlens_camila,rivals,16,"[""\u2014or"", ""\u2014not"", ""\u54ea\u6015"", ""\u2014even"", ""\u2014but""]"
association,jlens_camila,rivals,24,"[""\u2014or"", ""\u2014but"", ""\u2014and"", "" ostensibly"", ""\u2014not""]"
association,jlens_camila,rivals,32,"[""\u2014or"", ""\u2014but"", ""\u2014a"", "" awkward"", "" whispered""]"
association,jlens_camila,rivals,40,"["" awkward"", "" subtly"", "" tension"", "" mutual"", "" whispered""]"
association,jlens_camila,rivals,48,"[""\u8fd9\u53e5\u8bdd"", ""\u53cc\u65b9"", "" mutual"", ""\u4e92\u76f8"", "" awkward""]"
association,jlens_camila,rivals,56,"[""\u8fd9\u53e5\u8bdd"", ""\u6539\u5199"", ""\u4ec0\u4e48\u610f\u601d"", "" rewrite"", ""\u6da6""]"
association,rlens_camila,rivals,8,"["" just"", "" really"", "" though"", "" that"", "" even""]"
association,rlens_camila,rivals,16,"["" nearly"", "" just"", ""\u2014or"", "" even"", "" though""]"
association,rlens_camila,rivals,24,"[""\u2014or"", ""\u2014and"", ""\u2014but"", "" nearly"", ""\u2014a""]"
association,rlens_camila,rivals,32,"["" awkward"", ""\u2014or"", "" moments"", "" subtle"", "" subtly""]"
association,rlens_camila,rivals,40,"["" mutual"", "" tension"", "" awkward"", ""\u53cc\u65b9"", "" subtle""]"
association,rlens_camila,rivals,48,"[""\u8fd9\u53e5\u8bdd"", ""\u4ec0\u4e48\u610f\u601d"", ""\u53cc\u65b9"", "" mutual"", ""\u4e92\u76f8""]"
association,rlens_camila,rivals,56,"[""\u8fd9\u53e5\u8bdd"", ""\u4ec0\u4e48\u610f\u601d"", ""\u6539\u5199"", "" rewrite"", ""\u53e5""]"
association,jpp_released,rivals,8,"["" Texas"", ""<unk"", "" everyone"", "" California"", "" jewelry""]"
association,jpp_released,rivals,16,"["" Texas"", "" Houston"", "" Cleveland"", "" Promise"", "" Forever""]"
association,jpp_released,rivals,24,"["" flick"", "" stories"", "" pair"", "" behind"", "" just""]"
association,jpp_released,rivals,32,"["" Kiss"", "" awkward"", "" -"", "" They"", "" Story""]"
association,jpp_released,rivals,40,"["" mutual"", "" years"", "" men"", "" old"", "" story""]"
association,jpp_released,rivals,48,"["" mutual"", "" tension"", "" women"", "" men"", "" awkward""]"
association,jpp_released,rivals,56,"["" Valk"", ""ALK"", ""ARK"", ""VAL"", ""\u8fd9\u53e5\u8bdd""]"
association,logit,boss,8,"[""-"", "" I"", ""/"", ""s"", ""A""]"
association,logit,boss,16,"[""G"", "" I"", ""K"", ""C"", ""A""]"
association,logit,boss,24,"[""\u624d"", ""G"", "" l"", ""z"", "" I""]"
association,logit,boss,32,"[""A"", "" final"", ""-"", "" *"", ""S""]"
association,logit,boss,40,"[""oom"", ""\u53eb"", ""\u6b63\u5f0f"", "" pad"", ""RS""]"
association,logit,boss,48,"[""\u4ec0\u4e48\u610f\u601d"", ""\u8bdd"", ""\u62e8"", "" air"", ""FIN""]"
association,logit,boss,56,"[""\u8fd9\u53e5\u8bdd"", ""\u4ec0\u4e48\u610f\u601d"", ""\u8bdd"", ""\u57fa\u672c\u4fe1\u606f"", "" meaning""]"
association,jlens_camila,boss,8,"["" sometimes"", "" guys"", "" really"", "" everyone"", "" kids""]"
association,jlens_camila,boss,16,"["" yeah"", "" freaking"", "" everyone"", "" really"", "" everything""]"
association,jlens_camila,boss,24,"["" somehow"", "" anyway"", "" everything"", "" afterward"", "".But""]"
association,jlens_camila,boss,32,"["" waiting"", "" wait"", "" WAIT"", ""\u7b49\u5f85"", ""Wait""]"
association,jlens_camila,boss,40,"["" conversation"", "" conversations"", "" waiting"", "" wait"", "" meetings""]"
association,jlens_camila,boss,48,"["" waiting"", "" Waiting"", ""\u7b49\u5f85"", ""\u2014and"", "" wait""]"
association,jlens_camila,boss,56,"[""\u8fd9\u53e5\u8bdd"", ""\u4ec0\u4e48\u610f\u601d"", "" she"", ""\u6539\u5199"", "" meaning""]"
association,rlens_camila,boss,8,"["" really"", "" because"", "" probably"", "" just"", "" maybe""]"
association,rlens_camila,boss,16,"["" really"", "" because"", "" everyone"", "" just"", "" everything""]"
association,rlens_camila,boss,24,"["" just"", "" because"", "" even"", "" that"", "" anyway""]"
association,rlens_camila,boss,32,"["" waiting"", "" wait"", "" just"", "" final"", "" that""]"
association,rlens_camila,boss,40,"["" conversation"", "" waiting"", "" wait"", "" meeting"", "" conversations""]"
association,rlens_camila,boss,48,"["" waiting"", "" until"", ""\u2014and"", ""\u4ec0\u4e48\u610f\u601d"", "" wait""]"
association,rlens_camila,boss,56,"[""\u8fd9\u53e5\u8bdd"", ""\u4ec0\u4e48\u610f\u601d"", "" meaning"", "" she"", ""\u6539\u5199""]"
association,jpp_released,boss,8,"["" because"", "" Because"", "" backup"", ""<|im_end|>"", "" Texas""]"
association,jpp_released,boss,16,"["" Texas"", "" Story"", "" https"", "" The"", "" JavaScript""]"
association,jpp_released,boss,24,"["" office"", "" -"", "" the"", "" just"", "" before""]"
association,jpp_released,boss,32,"["" final"", "" The"", "" Final"", "" Wait"", "" waiting""]"
association,jpp_released,boss,40,"["" meeting"", "" conversation"", "" final"", "" waiting"", "" meetings""]"
association,jpp_released,boss,48,"["" conversation"", "" waiting"", "" final"", "" wait"", "" meeting""]"
association,jpp_released,boss,56,"["" Valk"", ""ALK"", ""VAL"", "" VAL"", "" Falk""]"
association,logit,neighbors,8,"[""/"", "" A"", ""A"", "" S"", ""-""]"
association,logit,neighbors,16,"["" S"", "" s"", ""A"", ""T"", ""/""]"
association,logit,neighbors,24,"[""\u9ed8"", "" yet"", ""\u4ea6"", "" k"", "" S""]"
association,logit,neighbors,32,"[""ptom"", ""\u5be1"", "" h"", "" yet"", ""be""]"
association,logit,neighbors,40,"[""\u53ef\u89c1"", ""uk"", ""be"", ""tn"", ""impl""]"
association,logit,neighbors,48,"["" b"", ""j\u00ed"", ""\u8fd9\u53e5\u8bdd"", ""had"", ""\u4ec0\u4e48\u610f\u601d""]"
association,logit,neighbors,56,"[""\u8fd9\u53e5\u8bdd"", ""\u6539\u5199"", ""\u53e5"", ""\u53e5\u5b50"", "" rewrite""]"
association,jlens_camila,neighbors,8,"["" sometimes"", ""a"", "" mostly"", "" some"", "" though""]"
association,jlens_camila,neighbors,16,"["" \u0412\u043f\u0440\u043e\u0447\u0435\u043c"", "" really"", ""Really"", "" utterly"", "" famously""]"
association,jlens_camila,neighbors,24,"["" perhaps"", ""Perhaps"", ""\u2014or"", "" ostensibly"", "" dozens""]"
association,jlens_camila,neighbors,32,"[""\u7aa5"", ""\u2014or"", ""<|im_end|>"", "" whispered"", "" bespoke""]"
association,jlens_camila,neighbors,40,"["" neighbours"", "" neighbourhood"", "" neighbour"", "" recognised"", "" recogn""]"
association,jlens_camila,neighbors,48,"["" neighbours"", "" she"", "" her"", "" neighbour"", ""\u8fd9\u53e5\u8bdd""]"
association,jlens_camila,neighbors,56,"[""\u6539\u5199"", ""\u53e5\u5b50"", ""\u8fd9\u53e5\u8bdd"", "" rewrite"", ""\u53e5""]"
association,rlens_camila,neighbors,8,"["" just"", "" probably"", "" because"", "" really"", "" more""]"
association,rlens_camila,neighbors,16,"["" even"", "" though"", "" nearly"", "" just"", "" almost""]"
association,rlens_camila,neighbors,24,"["" yet"", "" nearly"", "" even"", "" never"", "" half""]"
association,rlens_camila,neighbors,32,"["" half"", "" yet"", ""\u7aa5"", "" decades"", "" only""]"
association,rlens_camila,neighbors,40,"["" neighbours"", "" her"", "" neighbourhood"", "" people"", "" she""]"
association,rlens_camila,neighbors,48,"["" she"", "" her"", "" neighbours"", ""\u8fd9\u53e5\u8bdd"", "" herself""]"
association,rlens_camila,neighbors,56,"[""\u53e5\u5b50"", ""\u8fd9\u53e5\u8bdd"", ""\u6539\u5199"", ""\u53e5"", "" rewrite""]"
association,jpp_released,neighbors,8,"["" only"", "" because"", "" nearly"", "" never"", "" the""]"
association,jpp_released,neighbors,16,"["" World"", "" Texas"", "" Stranger"", "" Wisdom"", "" Wikipedia""]"
association,jpp_released,neighbors,24,"["" her"", "" neighborhood"", "" years"", "" neighbors"", "" forever""]"
association,jpp_released,neighbors,32,"["" her"", "" she"", "" Street"", "" herself"", "" street""]"
association,jpp_released,neighbors,40,"["" years"", "" people"", "" her"", "" London"", "" community""]"
association,jpp_released,neighbors,48,"["" her"", "" woman"", "" Mrs"", "" street"", "" she""]"
association,jpp_released,neighbors,56,"["" Valk"", "" sentence"", ""\u9020\u53e5"", "" gramm"", ""\u8fd9\u53e5\u8bdd""]"
association,logit,teacher,8,"["" as"", ""/"", "" i"", "" A"", "" I""]"
association,logit,teacher,16,"[""/"", ""G"", "" M"", ""S"", ""z""]"
association,logit,teacher,24,"[""T"", "" B"", "" r"", "" d"", "" l""]"
association,logit,teacher,32,"[""\u7ee7\u7eed"", ""\u4e0b\u4e00\u4e2a"", ""\u4e0d\u4e3a"", ""\u6b63"", ""dy""]"
association,logit,teacher,40,"[""\u7ee7\u7eed"", ""/www"", ""ded"", ""\u81ea\u6709"", ""\u4e0e\u4e4b""]"
association,logit,teacher,48,"[""\u4e0d\u4e3a"", ""\u4ec0\u4e48\u610f\u601d"", ""had"", "" w"", ""\u7ee7\u7eed""]"
association,logit,teacher,56,"[""\u5bf9"", ""\u5bf9\u7684"", ""ch"", ""\u8fd9\u53e5\u8bdd"", ""\u53e5""]"
association,jlens_camila,teacher,8,"["" kids"", "" gotta"", "" stuff"", "" really"", "" specs""]"
association,jlens_camila,teacher,16,"["" folks"", "" kinda"", "" pretty"", "" anyways"", "" though""]"
association,jlens_camila,teacher,24,"[""\u2014or"", "" \u0412\u043f\u0440\u043e\u0447\u0435\u043c"", ""-but"", "" ostensibly"", "" perhaps""]"
association,jlens_camila,teacher,32,"[""\u2014but"", ""\u2014or"", "" ostensibly"", "" dozens"", ""\u2014and""]"
association,jlens_camila,teacher,40,"["" she"", "" fucking"", ""\u7ee7\u7eed"", "" boredom"", "" her""]"
association,jlens_camila,teacher,48,"["" she"", "" her"", "" nothing"", ""\u7ee7\u7eed"", "" continued""]"
association,jlens_camila,teacher,56,"[""\u8fd9\u53e5\u8bdd"", ""\u4ec0\u4e48\u610f\u601d"", ""\u6539\u5199"", ""\u6da6"", ""\u53e5""]"
association,rlens_camila,teacher,8,"["" just"", "" really"", "" probably"", "" pretty"", "" maybe""]"
association,rlens_camila,teacher,16,"["" just"", "" though"", "" more"", "" something"", "" maybe""]"
association,rlens_camila,teacher,24,"["" just"", "" though"", "" perhaps"", "" more"", "" something""]"
association,rlens_camila,teacher,32,"["" next"", "" just"", "" continued"", "" barely"", "" again""]"
association,rlens_camila,teacher,40,"["" her"", "" she"", "" Monday"", "" continued"", "" nothing""]"
association,rlens_camila,teacher,48,"["" she"", "" her"", "" nothing"", "" She"", "" herself""]"
association,rlens_camila,teacher,56,"[""\u8fd9\u53e5\u8bdd"", ""\u4ec0\u4e48\u610f\u601d"", ""\u53e5"", ""\u6da6"", ""\u6539\u5199""]"
association,jpp_released,teacher,8,"["" somehow"", "" anyway"", ""<|im_end|>"", "" pretty"", "" bigger""]"
association,jpp_released,teacher,16,"["" CW"", "" Wings"", "" Next"", "" FW"", "" Wonder""]"
association,jpp_released,teacher,24,"["" just"", "" work"", "" pencil"", "" her"", "" paper""]"
association,jpp_released,teacher,32,"["" her"", "" she"", "" She"", "" herself"", "" The""]"
association,jpp_released,teacher,40,"["" next"", "" her"", "" work"", "" time"", "" last""]"
association,jpp_released,teacher,48,"["" her"", "" she"", "" woman"", "" women"", "" She""]"
association,jpp_released,teacher,56,"["" Valk"", ""VAL"", "" VAL"", ""ARK"", ""ALK""]"
association,logit,underwater,8,"["" A"", ""A"", ""s"", ""/"", "" C""]"
association,logit,underwater,16,"[""b"", ""B"", "" B"", ""T"", ""G""]"
association,logit,underwater,24,"[""\u538b"", "" descent"", "" descending"", ""\u6f5c"", ""\u4e0b\u964d""]"
association,logit,underwater,32,"[""uv"", "" compress"", ""compress"", ""ura"", "" descent""]"
association,logit,underwater,40,"[""\u538b\u8feb"", ""\u6c34\u538b"", "" pressure"", ""\u6df1\u5438"", ""\u538b\u5f3a""]"
association,logit,underwater,48,"[""\u4ec0\u4e48\u610f\u601d"", ""\u4e0b\u6c89"", ""\u5df2\u7ecf\u8fbe\u5230\u4e86"", ""\u6c89"", ""\u4e0b\u5230""]"
association,logit,underwater,56,"[""\u6539\u5199"", ""\u043d\u0430"", ""\u7535"", ""\u0441"", ""\u00e9""]"
association,jlens_camila,underwater,8,"["" behaviors"", ""Behavior"", "" behavior"", "" gotten"", ""\u0d19\u0d4d\u0d19\u0d33\u0d4d""]"
association,jlens_camila,underwater,16,"["" freaking"", ""-esque"", "" nuanced"", "" matchups"", "" folks""]"
association,jlens_camila,underwater,24,"["" depths"", "" pressure"", ""pressure"", "" underwater"", ""-pressure""]"
association,jlens_camila,underwater,32,"[""\u2014but"", "" underwater"", "" pressure"", ""\u2014and"", "" suddenly""]"
association,jlens_camila,underwater,40,"["" underwater"", "" submerged"", ""\u6c34\u538b"", ""\u6df1\u6d77"", ""\u6f5c\u6c34""]"
association,jlens_camila,underwater,48,"["" underwater"", "" pressure"", ""\u6c34\u538b"", "" submerged"", ""pressure""]"
association,jlens_camila,underwater,56,"[""\u6539\u5199"", "" rewrite"", ""\u4ec0\u4e48\u610f\u601d"", ""\u6da6"", ""rewrite""]"
association,rlens_camila,underwater,8,"["" nearly"", "" behavior"", "" neighborhood"", "" just"", "" toward""]"
association,rlens_camila,underwater,16,"["" just"", "" even"", "" though"", "" nearly"", "" more""]"
association,rlens_camila,underwater,24,"["" pressure"", "" underwater"", "" depths"", "" depth"", "" deep""]"
association,rlens_camila,underwater,32,"["" underwater"", "" pressure"", "" slowly"", "" deep"", "" compress""]"
association,rlens_camila,underwater,40,"["" underwater"", "" submerged"", "" pressure"", "" depth"", "" depths""]"
association,rlens_camila,underwater,48,"["" underwater"", "" pressure"", ""\u4e0b\u6c89"", "" submerged"", ""\u6c34\u538b""]"
association,rlens_camila,underwater,56,"[""\u6539\u5199"", ""\u4ec0\u4e48\u610f\u601d"", "" rewrite"", ""\u8fd9\u53e5\u8bdd"", ""\u6da6""]"
association,jpp_released,underwater,8,"["" favored"", ""\u0d19\u0d4d\u0d19\u0d33\u0d4d"", "" color"", "" pressure"", ""avored""]"
association,jpp_released,underwater,16,"["" Gravity"", "" Pacific"", "" Pressure"", "" Crimson"", "" ocean""]"
association,jpp_released,underwater,24,"["" underwater"", ""\u6f5c\u6c34"", "" pressure"", "" submerged"", "" submarine""]"
association,jpp_released,underwater,32,"["" underwater"", "" pressure"", "" diving"", "" submerged"", "" dive""]"
association,jpp_released,underwater,40,"["" underwater"", "" submerged"", "" pressure"", "" water"", "" sea""]"
association,jpp_released,underwater,48,"["" underwater"", "" water"", "" pressure"", "" sea"", "" seaw""]"
association,jpp_released,underwater,56,"["" Valk"", ""ALK"", ""ARK"", ""VAL"", "" VAL""]"
association,logit,desert,8,"[""A"", ""T"", ""S"", "" I"", ""/""]"
association,logit,desert,16,"[""B"", ""A"", ""b"", ""M"", ""C""]"
association,logit,desert,24,"[""\u67af\u7aed"", ""\u5e72\u65f1"", ""\u53e3\u5e72"", ""\u6709\u9650"", ""ansi""]"
association,logit,desert,32,"[""ura"", ""\u4e4f"", ""\u6b64\u65f6"", ""\u5e72\u71e5"", ""\u7f3a\u6c34""]"
association,logit,desert,40,"["" dehydration"", ""\u6e34"", "" dry"", ""\u5e72\u71e5"", ""\u5bf9\u4e00\u4e2a""]"
association,logit,desert,48,"[""co"", ""\u751f\u5b58"", ""\u4ec0\u4e48\u610f\u601d"", ""\u6b63"", "" w""]"
association,logit,desert,56,"["" he"", ""\u6da6"", "" Across"", ""\u5206\u6790\u4e00\u4e0b"", "" Sweat""]"
association,jlens_camila,desert,8,"["" though"", ""gak"", ""Though"", "" docs"", "" mostly""]"
association,jlens_camila,desert,16,"[""\u3060\u3063\u3066"", ""-ish"", ""\u2014or"", "" folks"", "" really""]"
association,jlens_camila,desert,24,"[""\u2014or"", ""\u2014and"", "" ostensibly"", "" booze"", ""\u2013and""]"
association,jlens_camila,desert,32,"[""\u2014or"", ""\u6e34"", "" tiny"", "" desert"", "" barely""]"
association,jlens_camila,desert,40,"[""\u6e34"", "" desert"", "" thirsty"", ""\u53e3\u6e34"", "" thirst""]"
association,jlens_camila,desert,48,"["" desert"", ""\u6e34"", "" thirsty"", ""\u4e2d\u6691"", "" temperatures""]"
association,jlens_camila,desert,56,"["" he"", "" his"", ""\u6da6"", ""\u6539\u5199"", "" His""]"
association,rlens_camila,desert,8,"["" just"", "" though"", "" really"", "" maybe"", "" more""]"
association,rlens_camila,desert,16,"["" just"", "" maybe"", ""\u2014or"", "" really"", "" whatever""]"
association,rlens_camila,desert,24,"["" thirst"", "" water"", "" thirsty"", ""\u6e34"", "" drinking""]"
association,rlens_camila,desert,32,"[""\u6e34"", "" desert"", "" dry"", "" dehydration"", "" thirsty""]"
association,rlens_camila,desert,40,"["" desert"", ""\u6e34"", "" dehydration"", "" thirst"", ""\u53e3\u6e34""]"
association,rlens_camila,desert,48,"["" desert"", ""\u6e34"", ""\u4e2d\u6691"", ""\u6c99\u6f20"", "" dehydration""]"
association,rlens_camila,desert,56,"["" he"", "" his"", ""\u6da6"", "" His"", "" desert""]"
association,jpp_released,desert,8,"["" perhaps"", "" barely"", "" only"", "" because"", "" famously""]"
association,jpp_released,desert,16,"["" Cowboy"", "" Cowboys"", ""\u6eba\u6c34"", ""\u9e66"", "" CW""]"
association,jpp_released,desert,24,"["" thirsty"", "" thirst"", "" water"", "" drought"", "" desert""]"
association,jpp_released,desert,32,"["" desert"", "" Desert"", "" thirsty"", ""\u6c99\u6f20"", "" drought""]"
association,jpp_released,desert,40,"["" desert"", "" Desert"", "" thirsty"", "" drought"", "" thirst""]"
association,jpp_released,desert,48,"["" desert"", "" Desert"", "" drought"", "" thirsty"", "" thirst""]"
association,jpp_released,desert,56,"["" desert"", ""\u2019on"", "" sand"", ""\u6c99\u6f20"", "" dust""]"
association,logit,chess,8,"[""/"", "" T"", ""S"", "" S"", ""T""]"
association,logit,chess,16,"[""z"", ""/"", "" s"", ""G"", ""m""]"
association,logit,chess,24,"[""\u6c89\u9ed8"", "" **"", ""\u5e7d"", "" *"", "" silence""]"
association,logit,chess,32,"[""led"", ""\u6c89\u9ed8"", ""\u8010"", ""DM"", ""\u649e""]"
association,logit,chess,40,"[""obi"", ""\u793a\u610f"", ""\u53ea\u662f"", ""\u4ec0\u4e48\u610f\u601d"", ""\u6bcf\u4e00\u6b21""]"
association,logit,chess,48,"[""\u4ec0\u4e48\u610f\u601d"", ""\u793a\u610f"", ""emb"", ""\u4e0d\u4e3a"", "" b""]"
association,logit,chess,56,"[""\u4ec0\u4e48\u610f\u601d"", ""\u4e4b\u540e"", ""had"", ""elic"", ""\u8fd9\u53e5\u8bdd""]"
association,jlens_camila,chess,8,"["" kids"", "" sometimes"", ""\u53fd"", "" ActiveRecord"", "" everyone""]"
association,jlens_camila,chess,16,"[""\u2014even"", ""\u2014or"", ""\u54ea\u6015"", ""\u2014not"", ""\u2014but""]"
association,jlens_camila,chess,24,"[""\u2014or"", ""\u2014but"", ""\u2014and"", ""\u2014even"", ""\u2013and""]"
association,jlens_camila,chess,32,"[""\u2014and"", ""\u2014or"", "" fucking"", ""\u2014but"", ""\u2014even""]"
association,jlens_camila,chess,40,"["" fucking"", "" quietly"", "" silently"", ""\u6c89\u9ed8"", "" silence""]"
association,jlens_camila,chess,48,"["" quietly"", ""\u4ec0\u4e48\u610f\u601d"", "" fucking"", "" silently"", "" whispered""]"
association,jlens_camila,chess,56,"[""\u4ec0\u4e48\u610f\u601d"", ""\u8fd9\u53e5\u8bdd"", ""\u6da6"", ""\u662f\u4ec0\u4e48\u610f\u601d"", ""<|im_end|>""]"
association,rlens_camila,chess,8,"["" just"", "" probably"", "" because"", "" really"", "" pretty""]"
association,rlens_camila,chess,16,"["" nearly"", ""\u2014or"", "" even"", "" just"", "" anything""]"
association,rlens_camila,chess,24,"[""\u2014or"", ""\u2014and"", "" nearly"", ""\u2014but"", "" even""]"
association,rlens_camila,chess,32,"["" fucking"", ""\u2014and"", "" just"", "" barely"", "" waiting""]"
association,rlens_camila,chess,40,"["" fucking"", "" silence"", "" silent"", ""\u65e0\u58f0"", "" silently""]"
association,rlens_camila,chess,48,"[""\u4ec0\u4e48\u610f\u601d"", "" his"", "" fucking"", ""his"", "" dust""]"
association,rlens_camila,chess,56,"[""\u4ec0\u4e48\u610f\u601d"", ""\u8fd9\u53e5\u8bdd"", ""\u6da6"", ""<|im_end|>"", ""had""]"
association,jpp_released,chess,8,"["" clock"", ""<|im_end|>"", "" clocks"", "" lightning"", "" three""]"
association,jpp_released,chess,16,"["" Clock"", "" CW"", "" WM"", "" -"", ""WM""]"
association,jpp_released,chess,24,"["" chess"", "" Chess"", ""\u68cb"", "" clock"", ""\u56f4\u68cb""]"
association,jpp_released,chess,32,"["" -"", "" The"", "" St"", "" No"", "" chess""]"
association,jpp_released,chess,40,"["" silent"", "" time"", "" last"", "" clock"", "" -""]"
association,jpp_released,chess,48,"["" silence"", "" dust"", "" silent"", "" quiet"", "" phone""]"
association,jpp_released,chess,56,"["" Valk"", ""ALK"", ""VAL"", "" Falk"", "" VAL""]"
association,logit,poker,8,"[""/"", ""A"", ""C"", "" I"", ""T""]"
association,logit,poker,16,"["" S"", ""w"", ""T"", "" m"", "" T""]"
association,logit,poker,24,"[""\u5f27\u5ea6"", ""\u4e00\u65e6"", "" *"", ""\u4e0d\u53d8\u7684"", ""T""]"
association,logit,poker,32,"[""\u903c"", ""\u5206\u660e"", ""\u6620"", ""\u5faa"", ""1""]"
association,logit,poker,40,"[""\u6cc4\u9732"", ""\u900f"", ""\u66b4\u9732"", ""\u6052\u5b9a"", ""\u8868\u60c5""]"
association,logit,poker,48,"[""\u900f"", ""iki"", ""\u8fc7\u4e8e"", ""\u66b4\u9732"", ""\u6cc4\u9732""]"
association,logit,poker,56,"[""had"", "" hadn"", ""oner"", ""omen"", ""_E""]"
association,jlens_camila,poker,8,"[""\u00f6rd"", ""ovar"", "" moms"", ""\u5f97\u4e0d"", "" something""]"
association,jlens_camila,poker,16,"["" really"", "" everything"", "" freaking"", "" \u305d\u3082"", "" actually""]"
association,jlens_camila,poker,24,"[""\u2014or"", "" somehow"", ""\u2014not"", ""\u2014and"", ""\u2014even""]"
association,jlens_camila,poker,32,"["" simply"", "" subtle"", "" poker"", ""\u2014or"", "" because""]"
association,jlens_camila,poker,40,"["" facial"", "" poker"", "" subtle"", ""\u8868\u60c5"", "" demeanor""]"
association,jlens_camila,poker,48,"["" poker"", "" everyone"", "" always"", "" nothing"", "" every""]"
association,jlens_camila,poker,56,"["" hadn"", "" everyone"", "" poker"", "" Everyone"", "" anyone""]"
association,rlens_camila,poker,8,"["" just"", "" really"", "" that"", "" actually"", "" because""]"
association,rlens_camila,poker,16,"["" just"", "" really"", "" that"", "" all"", "" because""]"
association,rlens_camila,poker,24,"["" even"", "" just"", "" simply"", "" though"", "" too""]"
association,rlens_camila,poker,32,"["" simply"", "" too"", "" because"", "" facial"", "" even""]"
association,rlens_camila,poker,40,"["" facial"", "" always"", "" poker"", "" too"", "" face""]"
association,rlens_camila,poker,48,"["" everyone"", "" poker"", "" nothing"", "" always"", "" every""]"
association,rlens_camila,poker,56,"["" hadn"", "" everyone"", ""had"", "" his"", "" it""]"
association,jpp_released,poker,8,"["" Colorado"", "" jewelry"", ""\u5fb7\u5dde"", "" Texas"", "" Mississippi""]"
association,jpp_released,poker,16,"["" Iowa"", "" Iraq"", "" Wrong"", "" Iraqi"", "" CS""]"
association,jpp_released,poker,24,"["" facial"", "" face"", "" poker"", "" faces"", "" eyes""]"
association,jpp_released,poker,32,"["" facial"", "" poker"", "" Poker"", ""<|im_end|>"", "" bluff""]"
association,jpp_released,poker,40,"["" face"", "" facial"", "" always"", "" bluff"", "" too""]"
association,jpp_released,poker,48,"["" face"", "" poker"", "" men"", "" his"", "" people""]"
association,jpp_released,poker,56,"["" Valk"", "" Falk"", ""alk"", ""ALK"", ""ark""]"
association,logit,interview,8,"[""/"", ""-"", "" A"", "" I"", "" a""]"
association,logit,interview,16,"[""/"", ""de"", ""S"", ""B"", ""A""]"
association,logit,interview,24,"[""\u4ea4"", "" *"", ""\u62bd"", "" r"", ""\u6240""]"
association,logit,interview,32,"[""\u73af"", "" A"", "" *"", ""\u8be2\u95ee"", "" E""]"
association,logit,interview,40,"[""\u8be2\u95ee"", ""\u73af"", ""\u4ec0\u4e48\u610f\u601d"", ""\u95ee\u4e86"", ""\u4e13\u6ce8""]"
association,logit,interview,48,"[""\u4ec0\u4e48\u610f\u601d"", ""\u73af"", ""aise"", ""\u793a\u610f"", ""\u7b49\u5f85""]"
association,logit,interview,56,"[""\u4ec0\u4e48\u610f\u601d"", ""\u6da6"", "" rewrite"", ""\u662f\u4ec0\u4e48\u610f\u601d"", "" Across""]"
association,jlens_camila,interview,8,"[""celed"", "" moms"", "" something"", ""\u800c\u90a3"", "" mommy""]"
association,jlens_camila,interview,16,"[""\u2026but"", "" folks"", "" isn"", ""Ultimately"", ""\u3060\u3063\u3066""]"
association,jlens_camila,interview,24,"["" perhaps"", ""\u2014or"", ""-esque"", ""perhaps"", "" seemingly""]"
association,jlens_camila,interview,32,"[""\u2014or"", "" ostensibly"", "" seemingly"", "" perhaps"", ""\u7b49\u5f85""]"
association,jlens_camila,interview,40,"["" questions"", ""\u8be2\u95ee"", ""\u63d0\u95ee"", ""\u7b49\u5f85"", "" waiting""]"
association,jlens_camila,interview,48,"["" waiting"", ""\u7b49\u5f85"", "" Waiting"", ""waiting"", ""Waiting""]"
association,jlens_camila,interview,56,"[""\u4ec0\u4e48\u610f\u601d"", ""\u6da6"", "" rewrite"", ""rewrite"", ""\u6539\u5199""]"
association,rlens_camila,interview,8,"["" just"", "" more"", "" nearly"", "" that"", "" a""]"
association,rlens_camila,interview,16,"["" just"", "" nearly"", "" though"", "" something"", "" more""]"
association,rlens_camila,interview,24,"["" perhaps"", "" yet"", "" seemingly"", "" just"", "" though""]"
association,rlens_camila,interview,32,"["" waiting"", "" perhaps"", "" seemingly"", "" questions"", "" maybe""]"
association,rlens_camila,interview,40,"["" questions"", "" waiting"", "" question"", ""\u8be2\u95ee"", "" asking""]"
association,rlens_camila,interview,48,"["" waiting"", ""\u7b49\u5f85"", "" Waiting"", ""waiting"", "" wait""]"
association,rlens_camila,interview,56,"[""\u4ec0\u4e48\u610f\u601d"", ""\u6da6"", "" rewrite"", ""\u53e5\u5b50"", ""\u6539\u5199""]"
association,jpp_released,interview,8,"["" nearly"", ""<unk"", "" colorful"", "" color"", "" farther""]"
association,jpp_released,interview,16,"["" W"", "" CW"", "" Iowa"", "" Ohio"", "" WI""]"
association,jpp_released,interview,24,"["" perhaps"", "" ink"", "" just"", "" yet"", "" still""]"
association,jpp_released,interview,32,"["" ink"", "" Waiting"", "" pencil"", "" waiting"", "" silent""]"
association,jpp_released,interview,40,"["" question"", "" questions"", "" waiting"", "" asking"", "" questioning""]"
association,jpp_released,interview,48,"["" waiting"", "" wait"", "" pencil"", "" ink"", "" Waiting""]"
association,jpp_released,interview,56,"["" words"", "" sentence"", "" thought"", "" grammar"", "" word""]"
association,logit,dawn,8,"[""/"", "" A"", ""A"", "" T"", ""s""]"
association,logit,dawn,16,"[""\u5165"", ""b"", ""G"", ""z"", ""s""]"
association,logit,dawn,24,"[""\u8d8a"", ""\u5bd2"", ""\u56e0\u6b64"", "" t"", "" cold""]"
association,logit,dawn,32,"[""ura"", ""\u5f81\u5146"", ""early"", ""pton"", ""uga""]"
association,logit,dawn,40,"[""\u65e9"", ""early"", "" early"", ""\u6e05\u6668"", ""\u4ec0\u4e48\u610f\u601d""]"
association,logit,dawn,48,"[""\u4ec0\u4e48\u610f\u601d"", ""\u900f"", ""\u900f\u8fc7"", ""early"", ""lio""]"
association,logit,dawn,56,"[""\u8fd9\u53e5\u8bdd"", ""\u6da6"", ""\u7ffb\u8bd1"", ""\u4ec0\u4e48\u610f\u601d"", ""\u6539\u5199""]"
association,jlens_camila,dawn,8,"["" things"", "" everyone"", "" really"", "" sometimes"", "" something""]"
association,jlens_camila,dawn,16,"["" really"", ""\u3060\u3063\u3066"", ""Though"", "" yeah"", "" pretty""]"
association,jlens_camila,dawn,24,"["" chilly"", "" temperatures"", "" warmer"", ""temperature"", ""Though""]"
association,jlens_camila,dawn,32,"["" cold"", "" winter"", "" early"", "" chilly"", "" temperatures""]"
association,jlens_camila,dawn,40,"["" morning"", ""\u6e05\u6668"", "" mornings"", ""\u65e9\u6668"", "" early""]"
association,jlens_camila,dawn,48,"["" morning"", "" mornings"", ""\u6e05\u6668"", "" early"", ""\u65e9\u6668""]"
association,jlens_camila,dawn,56,"[""\u7ffb\u8bd1"", ""\u8fd9\u53e5\u8bdd"", ""\u6da6"", ""\u6539\u5199"", ""\u4ec0\u4e48\u610f\u601d""]"
association,rlens_camila,dawn,8,"["" just"", "" really"", "" that"", "" it"", "" because""]"
association,rlens_camila,dawn,16,"["" just"", "" though"", "" really"", "" something"", "" things""]"
association,rlens_camila,dawn,24,"["" temperatures"", "" temperature"", "" cold"", "" weather"", "" chilly""]"
association,rlens_camila,dawn,32,"["" cold"", "" temperatures"", "" temperature"", "" early"", "" winter""]"
association,rlens_camila,dawn,40,"["" morning"", "" early"", ""\u6e05\u6668"", "" dawn"", ""\u65e9\u6668""]"
association,rlens_camila,dawn,48,"["" morning"", "" early"", ""\u6e05\u6668"", ""\u65e9\u6668"", "" mornings""]"
association,rlens_camila,dawn,56,"[""\u7ffb\u8bd1"", ""\u6da6"", ""\u8fd9\u53e5\u8bdd"", ""\u6539\u5199"", ""\u4ec0\u4e48\u610f\u601d""]"
association,jpp_released,dawn,8,"["" Texas"", "" Texans"", "" birds"", "" farther"", "" feathers""]"
association,jpp_released,dawn,16,"["" Nebraska"", "" Seattle"", "" Kansas"", "" sky"", "" Colorado""]"
association,jpp_released,dawn,24,"["" cold"", "" winter"", "" frost"", "" temperatures"", "" warming""]"
association,jpp_released,dawn,32,"["" winter"", "" cold"", "" Cold"", "" frost"", "" Frost""]"
association,jpp_released,dawn,40,"["" morning"", "" winter"", "" dawn"", "" early"", "" sunrise""]"
association,jpp_released,dawn,48,"["" morning"", "" winter"", "" Morning"", "" snow"", "" weather""]"
association,jpp_released,dawn,56,"[""\u8fd9\u53e5\u8bdd"", "" snow"", "" translates"", "" sentence"", "" wind""]"
association,logit,winter,8,"[""/"", "" as"", "" A"", ""A"", ""-""]"
association,logit,winter,16,"["" as"", "" B"", ""s"", ""B"", ""/""]"
association,logit,winter,24,"[""\u5f52"", ""\u65b0\u4e00"", ""\u5b9c"", "" sentinel"", ""\u6653""]"
association,logit,winter,32,"[""\u6cc4"", ""t"", ""\u8fd9\u65f6\u5019"", ""\u6b64\u65f6"", ""c""]"
association,logit,winter,40,"[""\u4ec0\u4e48\u610f\u601d"", ""\u4e00\u5377"", ""\u65e9"", ""early"", ""ma""]"
association,logit,winter,48,"[""\u4ec0\u4e48\u610f\u601d"", ""\u900f\u8fc7"", ""co"", ""\u673a"", ""uml""]"
association,logit,winter,56,"[""Outside"", "" Outside"", "" outside"", ""outside"", ""\u4ec0\u4e48\u610f\u601d""]"
association,jlens_camila,winter,8,"["" things"", "" busted"", "" anyways"", ""Alright"", "" spikes""]"
association,jlens_camila,winter,16,"["" really"", "" everything"", "" pretty"", "" just"", "" fucking""]"
association,jlens_camila,winter,24,"["" suddenly"", "" \u0412\u043f\u0440\u043e\u0447\u0435\u043c"", "" whispers"", "" perhaps"", "" waking""]"
association,jlens_camila,winter,32,"["" morning"", "" night"", "" overnight"", "" early"", "" waking""]"
association,jlens_camila,winter,40,"["" cold"", "" winter"", "" warmth"", "" morning"", "" night""]"
association,jlens_camila,winter,48,"["" winter"", "" warmth"", "" cold"", ""\u7684\u6e29\u5ea6"", ""\u6e29\u5ea6""]"
association,jlens_camila,winter,56,"["" Outside"", "" outside"", ""Outside"", "" inside"", ""outside""]"
association,rlens_camila,winter,8,"["" just"", "" really"", "" pretty"", "" nearly"", "" even""]"
association,rlens_camila,winter,16,"["" just"", "" really"", "" though"", "" even"", "" all""]"
association,rlens_camila,winter,24,"["" morning"", "" just"", "" late"", "" wake"", "" once""]"
association,rlens_camila,winter,32,"["" morning"", "" night"", "" early"", "" overnight"", "" evening""]"
association,rlens_camila,winter,40,"["" cold"", "" warmth"", "" winter"", "" morning"", "" early""]"
association,rlens_camila,winter,48,"["" winter"", "" cold"", "" warmth"", ""\u7684\u6e29\u5ea6"", ""\u6e29\u5ea6""]"
association,rlens_camila,winter,56,"["" outside"", "" Outside"", ""Outside"", "" inside"", ""\u4ec0\u4e48\u610f\u601d""]"
association,jpp_released,winter,8,"[""<|im_end|>"", "" windows"", "" flashy"", "" fish"", "" lightning""]"
association,jpp_released,winter,16,"["" Night"", "" night"", "" waking"", "" Dawn"", "" overnight""]"
association,jpp_released,winter,24,"["" night"", "" morning"", "" dawn"", "" waking"", "" overnight""]"
association,jpp_released,winter,32,"["" night"", "" morning"", "" Night"", "" noct"", "" Morning""]"
association,jpp_released,winter,40,"["" winter"", "" cold"", "" snow"", "" warm"", "" night""]"
association,jpp_released,winter,48,"["" winter"", "" cold"", "" Winter"", "" snow"", "" heating""]"
association,jpp_released,winter,56,"["" snow"", ""\u2019on"", "" outside"", ""\u2019un"", ""\u2019s""]"
association,logit,death-h,8,"["" S"", "" A"", "" I"", ""/"", "" P""]"
association,logit,death-h,16,"["" s"", "" r"", "" i"", "" B"", ""G""]"
association,logit,death-h,24,"["" G"", "" B"", "" D"", "" *"", "" C""]"
association,logit,death-h,32,"[""\u4e45"", ""rem"", ""\u4e34"", ""reas"", ""\u51c6\u5907""]"
association,logit,death-h,40,"[""\u8fd9\u8bf4\u660e"", ""\u663e\u5f97\u6709\u4e9b"", ""coes"", "" preparations"", ""obi""]"
association,logit,death-h,48,"[""rev"", ""\u854a"", "" hadn"", ""\u4ec0\u4e48\u610f\u601d"", ""pend""]"
association,logit,death-h,56,"[""\u4ec0\u4e48\u610f\u601d"", ""\u6da6"", ""\u6269"", "" hadn"", ""\u8fd9\u53e5\u8bdd""]"
association,jlens_camila,death-h,8,"["" sometimes"", "" something"", "" really"", "" actually"", "" though""]"
association,jlens_camila,death-h,16,"["" pretty"", "" actually"", "" really"", ""aybe"", "" wouldn""]"
association,jlens_camila,death-h,24,"["" hadn"", ""\u2014but"", ""\u2014or"", ""couldn"", "" still""]"
association,jlens_camila,death-h,32,"["" waiting"", "" Waiting"", ""\u7b49\u5f85"", ""Waiting"", "" lingering""]"
association,jlens_camila,death-h,40,"["" waiting"", ""\u7b49\u5f85"", "" Waiting"", "" lingering"", "" still""]"
association,jlens_camila,death-h,48,"["" waiting"", "" hadn"", "" Waiting"", "" lingering"", ""\u7b49\u5f85""]"
association,jlens_camila,death-h,56,"["" hadn"", ""\u4ec0\u4e48\u610f\u601d"", "" she"", ""\u8fd9\u53e5\u8bdd"", ""\u6539\u5199""]"
association,rlens_camila,death-h,8,"["" just"", "" really"", "" probably"", "" though"", "" actually""]"
association,rlens_camila,death-h,16,"["" just"", "" still"", "" though"", "" even"", "" really""]"
association,rlens_camila,death-h,24,"["" still"", "" even"", "" though"", "" just"", "" hadn""]"
association,rlens_camila,death-h,32,"["" waiting"", "" still"", "" wait"", "" just"", "" even""]"
association,rlens_camila,death-h,40,"["" waiting"", "" still"", "" reminders"", "" wait"", "" lingering""]"
association,rlens_camila,death-h,48,"["" waiting"", "" hadn"", "" still"", "" Waiting"", "" lingering""]"
association,rlens_camila,death-h,56,"[""\u4ec0\u4e48\u610f\u601d"", "" she"", "" hadn"", ""\u8fd9\u53e5\u8bdd"", ""\u6da6""]"
association,jpp_released,death-h,8,"["" farther"", ""<|im_end|>"", "" color"", "" fewer"", "" perhaps""]"
association,jpp_released,death-h,16,"["" Morrow"", "" OW"", "" Oklahoma"", "" sky"", "" Bible""]"
association,jpp_released,death-h,24,"["" still"", "" her"", "" homes"", "" home"", "" she""]"
association,jpp_released,death-h,32,"["" waiting"", "" her"", "" funeral"", "" wedding"", "" still""]"
association,jpp_released,death-h,40,"["" room"", "" waiting"", "" home"", "" house"", "" memory""]"
association,jpp_released,death-h,48,"["" memories"", "" memory"", "" room"", "" funeral"", "" house""]"
association,jpp_released,death-h,56,"["" black"", "" they"", "" she"", "" keep"", "" thought""]"
association,logit,war-h,8,"[""/"", ""-"", ""A"", ""T"", ""S""]"
association,logit,war-h,16,"[""T"", "" T"", "" B"", "" m"", "" A""]"
association,logit,war-h,24,"[""\u5269"", "" her"", ""ve"", "" A"", ""v""]"
association,logit,war-h,32,"[""\u51fa\u5165"", ""obi"", ""\u818f"", ""ova"", ""embe""]"
association,logit,war-h,40,"[""\u72ec"", ""osso"", ""\u4ec0\u4e48\u610f\u601d"", ""yla"", ""osl""]"
association,logit,war-h,48,"[""\u72ec"", "" b"", ""\u4ec0\u4e48\u610f\u601d"", ""osso"", ""yla""]"
association,logit,war-h,56,"["" rewrite"", ""\u6539\u5199"", ""\u6da6"", ""\u8fd9\u53e5\u8bdd"", ""\u6362""]"
association,jlens_camila,war-h,8,"["" sometimes"", "" things"", "" maybe"", "" really"", "" something""]"
association,jlens_camila,war-h,16,"["" got"", "" everybody"", "" maybe"", "" really"", "" nobody""]"
association,jlens_camila,war-h,24,"[""\u2014or"", ""\u2014but"", "" sometimes"", "" stories"", "" somehow""]"
association,jlens_camila,war-h,32,"["" whispers"", ""<|im_end|>"", ""\u2014but"", "" stories"", "" decades""]"
association,jlens_camila,war-h,40,"["" mourn"", "" quietly"", "" mourning"", "" memories"", "" legacy""]"
association,jlens_camila,war-h,48,"["" mourn"", "" memories"", "" she"", "" quietly"", "" memory""]"
association,jlens_camila,war-h,56,"["" rewrite"", ""\u6539\u5199"", ""rewrite"", ""\u6539\u6210"", "" Rewrite""]"
association,rlens_camila,war-h,8,"["" really"", "" because"", "" probably"", "" just"", "" maybe""]"
association,rlens_camila,war-h,16,"["" maybe"", "" sometimes"", "" even"", "" because"", "" probably""]"
association,rlens_camila,war-h,24,"["" sometimes"", "" her"", "" stories"", "" things"", "" she""]"
association,rlens_camila,war-h,32,"["" stories"", "" mourn"", "" memories"", "" legacy"", "" she""]"
association,rlens_camila,war-h,40,"["" mourn"", "" memories"", "" quietly"", "" silence"", "" emotional""]"
association,rlens_camila,war-h,48,"["" she"", "" mourn"", "" memories"", "" her"", "" remembers""]"
association,rlens_camila,war-h,56,"["" rewrite"", ""\u6539\u5199"", ""rewrite"", ""\u6da6"", ""\u6539\u6210""]"
association,jpp_released,war-h,8,"[""<|im_end|>"", "" jewelry"", "" because"", "" only"", "" perhaps""]"
association,jpp_released,war-h,16,"["" She"", "" her"", "" Tennessee"", "" sentimental"", "" The""]"
association,jpp_released,war-h,24,"["" her"", "" women"", "" she"", "" woman"", "" herself""]"
association,jpp_released,war-h,32,"["" her"", "" widow"", "" she"", "" herself"", "" mourn""]"
association,jpp_released,war-h,40,"["" memory"", "" women"", "" memories"", "" old"", "" woman""]"
association,jpp_released,war-h,48,"["" memories"", "" memory"", "" woman"", "" widow"", "" women""]"
association,jpp_released,war-h,56,"["" rewrite"", ""\u6539\u5199"", "" rewritten"", "" verbs"", "" sentence""]"
association,logit,love-h,8,"[""/"", "" A"", ""1"", "" I"", ""-""]"
association,logit,love-h,16,"[""\u7eed"", ""\u7cfb"", "" **"", "" m"", ""st""]"
association,logit,love-h,24,"[""\u7eed"", ""\u5f7c\u6b64"", ""\u5171\u4eab"", ""\u9ed8\u5951"", "" **""]"
association,logit,love-h,32,"[""\u8bdd"", ""auga"", ""\u5171"", ""\u53ef\u89c1"", ""\u7a83""]"
association,logit,love-h,40,"[""\u9ed8\u5951"", ""\u4ec0\u4e48\u610f\u601d"", ""\u662f\u4ec0\u4e48\u610f\u601d"", ""typ"", "" tactile""]"
association,logit,love-h,48,"[""\u4ec0\u4e48\u610f\u601d"", ""\u9ed8\u5951"", ""\u62e8"", ""pend"", ""\u5f7c\u6b64""]"
association,logit,love-h,56,"[""\u4ec0\u4e48\u610f\u601d"", ""\u6da6"", ""\u8fd9\u53e5\u8bdd"", ""\u6539\u5199"", "" rewrite""]"
association,jlens_camila,love-h,8,"["" something"", "" things"", "" mostly"", "" though"", "" maybe""]"
association,jlens_camila,love-h,16,"["" subtly"", ""\u54ea\u6015"", "" \u0412\u043f\u0440\u043e\u0447\u0435\u043c"", ""\u2014or"", "" matchups""]"
association,jlens_camila,love-h,24,"[""\u2014or"", "" intimacy"", "" \u0412\u043f\u0440\u043e\u0447\u0435\u043c"", ""\u2014but"", ""\u9ed8\u5951""]"
association,jlens_camila,love-h,32,"["" conversations"", "" quietly"", "" subtly"", ""\u5171\u4eab"", "" nud""]"
association,jlens_camila,love-h,40,"[""\u9ed8\u5951"", "" tactile"", ""\u5171\u4eab"", "" quietly"", "" invisible""]"
association,jlens_camila,love-h,48,"[""\u9ed8\u5951"", ""\u81ea\u52a8"", "" tactile"", "" touch"", "" intimacy""]"
association,jlens_camila,love-h,56,"[""\u6539\u5199"", "" rewrite"", ""\u4ec0\u4e48\u610f\u601d"", ""\u6da6"", ""\u8fd9\u53e5\u8bdd""]"
association,rlens_camila,love-h,8,"["" though"", "" just"", "" maybe"", "" even"", "" something""]"
association,rlens_camila,love-h,16,"["" just"", ""\u2014or"", "" something"", "" whatever"", "" even""]"
association,rlens_camila,love-h,24,"["" shared"", ""\u2014or"", ""\u9ed8\u5951"", ""\u5171\u4eab"", "" just""]"
association,rlens_camila,love-h,32,"["" shared"", ""\u5171\u4eab"", ""\u9ed8\u5951"", "" quietly"", "" gesture""]"
association,rlens_camila,love-h,40,"[""\u9ed8\u5951"", "" tactile"", "" touch"", "" instinct"", "" invisible""]"
association,rlens_camila,love-h,48,"[""\u9ed8\u5951"", "" tactile"", "" touch"", ""\u81ea\u52a8"", "" gesture""]"
association,rlens_camila,love-h,56,"[""\u4ec0\u4e48\u610f\u601d"", ""\u6da6"", "" rewrite"", ""\u6539\u5199"", ""\u8fd9\u53e5\u8bdd""]"
association,jpp_released,love-h,8,"[""<|im_end|>"", ""<unk"", "" only"", "" eyes"", "" fewer""]"
association,jpp_released,love-h,16,"["" Midnight"", "" Hearts"", "" Heart"", "" Pair"", "" emotional""]"
association,jpp_released,love-h,24,"["" pair"", "" love"", "" pairing"", "" romantic"", "" shared""]"
association,jpp_released,love-h,32,"["" Valentine"", "" Kiss"", "" touch"", "" quiet"", "" discreet""]"
association,jpp_released,love-h,40,"["" touch"", "" feeling"", "" touching"", "" tactile"", "" shared""]"
association,jpp_released,love-h,48,"["" fingers"", ""\u9ed8\u5951"", "" touch"", "" handshake"", "" tactile""]"
association,jpp_released,love-h,56,"["" Valk"", ""ALK"", "" Finn"", ""\u8fd9\u53e5\u8bdd"", ""elin""]"
association,logit,home-h,8,"[""/"", "" A"", ""A"", ""S"", ""-""]"
association,logit,home-h,16,"[""/"", ""T"", ""e"", ""K"", ""s""]"
association,logit,home-h,24,"[""\u5ffd"", "" memory"", ""\u8bb0"", ""\u8bb0\u5fc6"", "" memories""]"
association,logit,home-h,32,"[""\u77ac\u95f4"", ""nost"", ""eral"", ""\u5ffd"", ""\u611f""]"
association,logit,home-h,40,"["" memories"", "" nostalgic"", "" nostalgia"", ""\u8bb0\u5fc6"", "" memory""]"
association,logit,home-h,48,"[""\u8bb0\u5fc6"", ""\u00b9"", "" memory"", ""nost"", "" memories""]"
association,logit,home-h,56,"[""\u8fd9\u53e5\u8bdd"", ""\u6539\u5199"", "" rewrite"", "" memories"", ""\u8bb0\u5fc6""]"
association,jlens_camila,home-h,8,"["" bisschen"", "" everything"", "" things"", "" kids"", "" everyone""]"
association,jlens_camila,home-h,16,"["" Hawai"", "" folks"", ""\u3060\u3063\u3066"", ""\u2014even"", "" really""]"
association,jlens_camila,home-h,24,"[""\u2014or"", ""\u2014and"", ""\u2014but"", ""\u2014even"", ""\u2014a""]"
association,jlens_camila,home-h,32,"["" suddenly"", "" memories"", ""\u2014or"", ""\u2014a"", "" moments""]"
association,jlens_camila,home-h,40,"["" memories"", "" nostalgia"", "" nostalgic"", "" memory"", "" Memories""]"
association,jlens_camila,home-h,48,"["" memories"", "" nostalgia"", "" nostalgic"", "" memory"", ""\u8bb0\u5fc6""]"
association,jlens_camila,home-h,56,"[""\u6539\u5199"", "" memories"", "" rewrite"", ""\u8fd9\u53e5\u8bdd"", ""\u8bb0\u5fc6""]"
association,rlens_camila,home-h,8,"["" really"", "" just"", "" things"", "" pretty"", "" that""]"
association,rlens_camila,home-h,16,"["" just"", "" simply"", ""\u2014or"", "" everything"", "" really""]"
association,rlens_camila,home-h,24,"["" memories"", "" childhood"", ""\u2014and"", "" nostalgia"", ""\u2014or""]"
association,rlens_camila,home-h,32,"["" memories"", "" suddenly"", "" memory"", "" moments"", "" just""]"
association,rlens_camila,home-h,40,"["" memories"", "" nostalgia"", "" nostalgic"", "" memory"", "" Memories""]"
association,rlens_camila,home-h,48,"["" memories"", "" nostalgia"", "" memory"", "" nostalgic"", ""\u8bb0\u5fc6""]"
association,rlens_camila,home-h,56,"["" memories"", ""\u8fd9\u53e5\u8bdd"", ""\u6539\u5199"", "" rewrite"", ""\u8bb0\u5fc6""]"
association,jpp_released,home-h,8,"[""<|im_end|>"", "" famously"", "" incredibly"", "" childhood"", ""<unk""]"
association,jpp_released,home-h,16,"["" childhood"", "" Childhood"", "" Iowa"", "" Wonderland"", "" birthday""]"
association,jpp_released,home-h,24,"["" memories"", "" childhood"", "" memory"", "" remembered"", "" Memories""]"
association,jpp_released,home-h,32,"["" memories"", "" memory"", "" Memories"", "" Memory"", "" nostalgia""]"
association,jpp_released,home-h,40,"["" memories"", "" memory"", "" nostalgic"", "" nostalgia"", "" emotional""]"
association,jpp_released,home-h,48,"["" memories"", "" memory"", "" nostalgia"", "" nostalgic"", "" Memories""]"
association,jpp_released,home-h,56,"["" memories"", "" memory"", "" words"", "" sentence"", "" Memories""]"
association,logit,school-h,8,"["" A"", "" T"", ""/"", "" a"", "" S""]"
association,logit,school-h,16,"[""/"", ""\u5212"", ""st"", ""S"", ""B""]"
association,logit,school-h,24,"["" *"", "" r"", "" **"", "" s"", ""K""]"
association,logit,school-h,32,"[""\u544a"", "" *"", "" A"", ""\u6b63"", ""\u4f5c""]"
association,logit,school-h,40,"[""abus"", ""\u7b97"", ""emb"", ""\u6bcf\u4e00\u6b21"", ""\u4f5c\u4e1a""]"
association,logit,school-h,48,"[""\u7ffb"", ""emb"", ""\u7b97"", ""\u4ec0\u4e48\u610f\u601d"", ""\u6bcf\u4e00\u6b21""]"
association,logit,school-h,56,"["" classmates"", ""\u4e0d\u662f\u56e0\u4e3a"", "" Outside"", ""Outside"", ""\u4e0d\u662f""]"
association,jlens_camila,school-h,8,"["" kids"", ""apesh"", "" big"", "" everything"", "" gotta""]"
association,jlens_camila,school-h,16,"["" everything"", "" yeah"", ""everything"", ""\u2014even"", "" really""]"
association,jlens_camila,school-h,24,"[""\u2014or"", "" suddenly"", ""\u2014even"", ""\u2014and"", "" whispers""]"
association,jlens_camila,school-h,32,"[""\u2014or"", ""\u2014not"", "" whispers"", ""\u2014and"", ""\u2014even""]"
association,jlens_camila,school-h,40,"["" school"", "" mistakes"", "" teacher"", "" student"", "" students""]"
association,jlens_camila,school-h,48,"[""\u2014not"", "" whispered"", ""\u5931\u8d25"", "" quietly"", ""\u2014the""]"
association,jlens_camila,school-h,56,"["" classmates"", "" Outside"", "" teacher"", "" wasn"", ""Outside""]"
association,rlens_camila,school-h,8,"["" just"", "" pretty"", "" really"", "" maybe"", "" things""]"
association,rlens_camila,school-h,16,"["" just"", "" everything"", "" maybe"", "" even"", "" something""]"
association,rlens_camila,school-h,24,"["" just"", "" still"", "" barely"", "" eyes"", "" even""]"
association,rlens_camila,school-h,32,"["" barely"", "" invisible"", "" just"", "" stubborn"", "" everything""]"
association,rlens_camila,school-h,40,"["" school"", "" tears"", "" nothing"", "" emotional"", "" emotions""]"
association,rlens_camila,school-h,48,"["" wasn"", "" she"", "" tears"", "" quietly"", "" her""]"
association,rlens_camila,school-h,56,"["" classmates"", "" Outside"", "" teacher"", "" wasn"", ""Outside""]"
association,jpp_released,school-h,8,"["" famously"", ""<|im_end|>"", "" sleepy"", ""<unk"", "" barely""]"
association,jpp_released,school-h,16,"["" Germany"", "" Miss"", "" Missouri"", "" CW"", "" the""]"
association,jpp_released,school-h,24,"["" school"", "" eyes"", "" eye"", "" young"", "" tears""]"
association,jpp_released,school-h,32,"["" tears"", "" memory"", "" memories"", "" eyes"", "" Memory""]"
association,jpp_released,school-h,40,"["" school"", "" students"", "" student"", "" teacher"", "" memory""]"
association,jpp_released,school-h,48,"["" school"", "" girl"", "" girls"", "" tears"", "" her""]"
association,jpp_released,school-h,56,"["" math"", "" teacher"", "" Math"", "" classmates"", ""\u2019un""]"
association,logit,office-h,8,"["" T"", "" C"", "" S"", "" A"", "" L""]"
association,logit,office-h,16,"["" a"", ""\u7cfb"", "" **"", ""\u6b63"", "" I""]"
association,logit,office-h,24,"["" first"", "" f"", "" **"", ""\u5c81\u90a3\u5e74"", ""vu""]"
association,logit,office-h,32,"[""\u6025"", ""A"", ""\u6b63"", ""mos"", "" A""]"
association,logit,office-h,40,"[""\u4ec0\u4e48\u610f\u601d"", ""\u4f4e"", ""\u7a81\u7136"", "" A"", ""\u6025""]"
association,logit,office-h,48,"[""\u73af"", ""\u4ec0\u4e48\u610f\u601d"", ""\u7a81\u7136"", ""\u673a"", ""\u7a7f\u68ad""]"
association,logit,office-h,56,"[""\u5de5\u4f4d"", "" Outside"", ""\u53ef\u5bf9"", "" desks"", ""Outside""]"
association,jlens_camila,office-h,8,"["" busted"", "" folks"", "" gotta"", ""echos"", ""celed""]"
association,jlens_camila,office-h,16,"[""\u2014or"", ""\u2014even"", "" folks"", ""\u2014but"", ""\u2014and""]"
association,jlens_camila,office-h,24,"[""\u2014or"", ""\u2014and"", ""\u2014but"", ""\u2014even"", ""\u2014not""]"
association,jlens_camila,office-h,32,"[""\u2014or"", ""\u2014and"", ""\u2014but"", ""\u2014not"", ""\u2014a""]"
association,jlens_camila,office-h,40,"[""\u2014or"", "" quietly"", "" boredom"", "" waiting"", "" workplace""]"
association,jlens_camila,office-h,48,"["" waiting"", "" quietly"", ""\u2014or"", ""\u2014a"", "" everyone""]"
association,jlens_camila,office-h,56,"["" desks"", ""\u5de5\u4f4d"", "" Outside"", "" someone"", ""Outside""]"
association,rlens_camila,office-h,8,"["" nearly"", "" just"", "" pretty"", ""\u2014or"", ""\u2014and""]"
association,rlens_camila,office-h,16,"[""\u2014or"", ""\u2014and"", ""\u2014but"", "" nearly"", "" handful""]"
association,rlens_camila,office-h,24,"[""\u2014or"", ""\u2014and"", ""\u2014but"", ""\u2014even"", ""\u2014not""]"
association,rlens_camila,office-h,32,"[""\u2014or"", ""\u2014and"", "" moments"", "" everyone"", "" whispers""]"
association,rlens_camila,office-h,40,"["" everyone"", "" office"", "" waiting"", "" quietly"", "" quiet""]"
association,rlens_camila,office-h,48,"["" everyone"", "" waiting"", "" quietly"", ""\u2014or"", ""\u2014and""]"
association,rlens_camila,office-h,56,"["" desks"", ""\u5de5\u4f4d"", "" Outside"", ""\u4ec0\u4e48\u610f\u601d"", "" someone""]"
association,jpp_released,office-h,8,"[""<|im_end|>"", "" clocks"", "" clock"", "" flipped"", "" famously""]"
association,jpp_released,office-h,16,"["" Iowa"", "" Ohio"", "" Texas"", "" Midwest"", "" gritty""]"
association,jpp_released,office-h,24,"["" late"", "" hours"", "" flick"", "" quiet"", "" stories""]"
association,jpp_released,office-h,32,"["" deadline"", "" stories"", "" hours"", "" Story"", "" story""]"
association,jpp_released,office-h,40,"["" office"", "" staff"", "" quiet"", "" morning"", "" day""]"
association,jpp_released,office-h,48,"["" office"", "" quiet"", "" morning"", "" Office"", "" afternoon""]"
association,jpp_released,office-h,56,"["" desk"", "" desks"", "" office"", ""\u2019on"", "" cop""]"
association,logit,court-h,8,"[""/"", ""S"", ""-"", ""A"", ""P""]"
association,logit,court-h,16,"[""/"", ""1"", "" a"", ""\u5fc3"", ""s""]"
association,logit,court-h,24,"[""st"", "" because"", ""D"", ""e"", ""B""]"
association,logit,court-h,32,"["" D"", "" f"", ""\u7965"", "" B"", "" K""]"
association,logit,court-h,40,"[""uz"", ""\u4ec0\u4e48\u610f\u601d"", ""ve"", ""\u662f\u4e0d\u662f"", ""\u63a9""]"
association,logit,court-h,48,"[""\u4ec0\u4e48\u610f\u601d"", ""rev"", ""\u854a"", ""\u63a9"", ""\u7b49\u5f85""]"
association,logit,court-h,56,"[""\u6da6"", ""\u4ec0\u4e48\u610f\u601d"", ""\u6539\u5199"", ""\u8fd9\u53e5\u8bdd"", ""\u6269""]"
association,jlens_camila,court-h,8,"["" big"", "" kids"", "" mostly"", "" got"", "" everyone""]"
association,jlens_camila,court-h,16,"["" really"", ""because"", "" someday"", "" tough"", "" maybe""]"
association,jlens_camila,court-h,24,"[""\u2014or"", ""Ultimately"", "" someday"", ""perhaps"", ""because""]"
association,jlens_camila,court-h,32,"["" suddenly"", "" unexpected"", ""\u2014or"", "" waiting"", "" uncertainty""]"
association,jlens_camila,court-h,40,"["" waiting"", "" Waiting"", ""\u7b49\u5f85"", "" wait"", "" whispered""]"
association,jlens_camila,court-h,48,"["" waiting"", ""\u7b49\u5f85"", "" wait"", "" Waiting"", "" waited""]"
association,jlens_camila,court-h,56,"[""\u6da6"", ""\u6539\u5199"", ""\u4ec0\u4e48\u610f\u601d"", ""\u53e5\u5b50"", "" sentence""]"
association,rlens_camila,court-h,8,"["" really"", "" probably"", "" just"", "" because"", "" maybe""]"
association,rlens_camila,court-h,16,"["" because"", "" even"", "" just"", "" really"", "" maybe""]"
association,rlens_camila,court-h,24,"["" because"", "" just"", "" whether"", "" even"", "" what""]"
association,rlens_camila,court-h,32,"["" even"", "" still"", "" whether"", "" just"", "" waiting""]"
association,rlens_camila,court-h,40,"["" waiting"", "" whether"", "" wait"", "" what"", "" still""]"
association,rlens_camila,court-h,48,"["" waiting"", "" wait"", "" she"", ""\u7b49\u5f85"", "" Waiting""]"
association,rlens_camila,court-h,56,"[""\u6da6"", ""\u53e5\u5b50"", ""\u4ec0\u4e48\u610f\u601d"", "" judge"", "" sentence""]"
association,jpp_released,court-h,8,"["" jewelry"", "" because"", "" color"", "" anyway"", ""<|im_end|>""]"
association,jpp_released,court-h,16,"["" Heart"", "" tears"", "" Story"", "" Texas"", "" -""]"
association,jpp_released,court-h,24,"["" emotions"", "" because"", "" uncertain"", "" emotion"", "" her""]"
association,jpp_released,court-h,32,"["" The"", "" night"", "" unknown"", "" Unknown"", "" midnight""]"
association,jpp_released,court-h,40,"["" -"", "" what"", "" waiting"", "" only"", "" first""]"
association,jpp_released,court-h,48,"["" her"", "" waiting"", "" woman"", "" she"", "" wait""]"
association,jpp_released,court-h,56,"["" judge"", "" Judge"", "" sentence"", "" judges"", ""judge""]"
association,logit,park-h,8,"[""/"", ""s"", "" A"", ""G"", "" T""]"
association,logit,park-h,16,"[""\u6b63"", ""M"", "" M"", ""S"", ""G""]"
association,logit,park-h,24,"[""L"", "" i"", ""R"", ""T"", ""z""]"
association,logit,park-h,32,"["" b"", ""\u7ffb"", ""\u53ee"", ""\u5f04"", "" r""]"
association,logit,park-h,40,"[""shared"", "" shared"", ""zio"", ""\u4ec0\u4e48\u610f\u601d"", ""legacy""]"
association,logit,park-h,48,"[""\u4ec0\u4e48\u610f\u601d"", ""emb"", ""rev"", ""\u8bdd"", ""\u5bb3""]"
association,logit,park-h,56,"[""\u4ec0\u4e48\u610f\u601d"", ""\u6539\u5199"", ""\u4f18\u5316"", "" rewrite"", ""\u6da6""]"
association,jlens_camila,park-h,8,"["" gotten"", ""celed"", "" goofy"", "" moms"", "" folks""]"
association,jlens_camila,park-h,16,"["" really"", "" pretty"", "" everyone"", "" actually"", "" someday""]"
association,jlens_camila,park-h,24,"[""\u2014but"", ""\u2014or"", "" someday"", "" somewhere"", "" weren""]"
association,jlens_camila,park-h,32,"[""\u2014but"", "" curated"", ""\u2014or"", ""\u5927\u6982\u7387"", ""\u2014and""]"
association,jlens_camila,park-h,40,"["" shared"", ""\u5171\u4eab"", "" legacy"", ""legacy"", ""history""]"
association,jlens_camila,park-h,48,"["" old"", "" legacy"", "" someone"", ""legacy"", ""\u4ea4\u63a5""]"
association,jlens_camila,park-h,56,"["" she"", "" rewrite"", ""\u6539\u5199"", ""\u4ec0\u4e48\u610f\u601d"", "" before""]"
association,rlens_camila,park-h,8,"["" just"", "" really"", "" pretty"", "" even"", "" that""]"
association,rlens_camila,park-h,16,"["" really"", "" just"", "" something"", "" pretty"", "" things""]"
association,rlens_camila,park-h,24,"["" something"", "" just"", "" things"", "" somewhere"", "" pretty""]"
association,rlens_camila,park-h,32,"["" something"", "" just"", "" someone"", "" sometimes"", "" stories""]"
association,rlens_camila,park-h,40,"["" shared"", "" someone"", "" name"", "" legacy"", ""\u5171\u4eab""]"
association,rlens_camila,park-h,48,"["" old"", "" someone"", ""\u4ec0\u4e48\u610f\u601d"", "" shared"", "" decades""]"
association,rlens_camila,park-h,56,"["" she"", "" before"", ""\u4ec0\u4e48\u610f\u601d"", "" rewrite"", ""\u6539\u5199""]"
association,jpp_released,park-h,8,"["" jewelry"", "" Jewelry"", "" neighbors"", "" colorful"", "" someday""]"
association,jpp_released,park-h,16,"["" Texas"", "" Oklahoma"", "" Houston"", "" Story"", "" favorite""]"
association,jpp_released,park-h,24,"["" stories"", "" story"", "" old"", "" forever"", "" something""]"
association,jpp_released,park-h,32,"["" stories"", "" -"", "" old"", "" Story"", "" Old""]"
association,jpp_released,park-h,40,"["" old"", "" name"", "" history"", "" names"", "" stories""]"
association,jpp_released,park-h,48,"["" old"", "" stories"", "" name"", "" names"", "" story""]"
association,jpp_released,park-h,56,"["" before"", "" Before"", "" sentence"", "" words"", ""Before""]"
association,logit,city-h,8,"[""-"", ""/"", ""T"", ""A"", ""S""]"
association,logit,city-h,16,"[""\u4ee3"", ""K"", ""/"", ""\u62c9"", ""V""]"
association,logit,city-h,24,"["" **"", "" A"", "" *"", "" h"", "" lived""]"
association,logit,city-h,32,"[""\u51fa\u5165"", "" *"", ""obi"", ""\u5b8f\u5927"", ""\u62b1\u6028""]"
association,logit,city-h,40,"["" noise"", ""\u9002\u5e94"", ""\u4ec0\u4e48\u610f\u601d"", ""illard"", ""so""]"
association,logit,city-h,48,"[""so"", ""\u4ec0\u4e48\u610f\u601d"", "" noise"", ""\u552f\u4e00"", ""\u4e60""]"
association,logit,city-h,56,"[""\u6539\u5199"", "" rewrite"", ""\u6da6"", ""\u4fee\u6539"", ""\u8fd9\u53e5\u8bdd""]"
association,jlens_camila,city-h,8,"["" folks"", "" gotta"", "" kids"", "" busted"", "" goofy""]"
association,jlens_camila,city-h,16,"["" folks"", "" goofy"", "" matchups"", "" tossed"", "" Nope""]"
association,jlens_camila,city-h,24,"[""\u2014or"", ""\u2014but"", ""\u2014and"", ""\u2014even"", "" folks""]"
association,jlens_camila,city-h,32,"[""\u2014but"", ""\u2014or"", "" decades"", ""\u2014and"", "" countless""]"
association,jlens_camila,city-h,40,"["" noise"", ""\u566a\u97f3"", ""Noise"", "" Noise"", ""\u566a\u58f0""]"
association,jlens_camila,city-h,48,"["" city"", "" noise"", "" urban"", ""\u566a\u58f0"", ""\u566a\u97f3""]"
association,jlens_camila,city-h,56,"["" rewrite"", ""\u6539\u5199"", ""\u6539\u6210"", ""rewrite"", ""\u4fee\u6539""]"
association,rlens_camila,city-h,8,"["" just"", "" really"", "" folks"", "" pretty"", "" maybe""]"
association,rlens_camila,city-h,16,"["" folks"", ""\u2014or"", ""\u2014but"", "" just"", "" even""]"
association,rlens_camila,city-h,24,"["" decades"", "" just"", ""\u2014or"", "" nearly"", ""\u2014and""]"
association,rlens_camila,city-h,32,"["" decades"", "" truly"", "" just"", "" never"", "" relentless""]"
association,rlens_camila,city-h,40,"["" noise"", ""\u566a\u97f3"", ""\u566a\u58f0"", "" city"", "" Noise""]"
association,rlens_camila,city-h,48,"["" noise"", "" city"", "" urban"", ""\u566a\u58f0"", ""\u566a\u97f3""]"
association,rlens_camila,city-h,56,"["" rewrite"", ""\u6539\u5199"", ""\u6539\u6210"", ""\u6da6"", ""\u4fee\u6539""]"
association,jpp_released,city-h,8,"["" huge"", "" hung"", "" big"", "" dozens"", "" barely""]"
association,jpp_released,city-h,16,"["" Chicago"", "" Texas"", "" Midwest"", "" Prairie"", "" Omaha""]"
association,jpp_released,city-h,24,"["" city"", "" neighborhood"", "" forever"", "" decades"", "" urban""]"
association,jpp_released,city-h,32,"["" night"", "" nights"", "" Night"", "" urban"", "" noise""]"
association,jpp_released,city-h,40,"["" noise"", "" city"", "" urban"", "" sound"", "" City""]"
association,jpp_released,city-h,48,"["" city"", "" urban"", "" noise"", "" City"", "" street""]"
association,jpp_released,city-h,56,"["" rewrite"", "" city"", ""\u6539\u5199"", "" rewritten"", "" sentence""]"
association,logit,town-h,8,"[""/"", ""A"", ""T"", "" A"", ""s""]"
association,logit,town-h,16,"["" i"", "" L"", ""M"", "" M"", ""ame""]"
association,logit,town-h,24,"["" new"", ""\u878d\u5165"", ""\u900f"", ""\u610f\u601d"", ""\u4e5f\u672a""]"
association,logit,town-h,32,"[""\u8d8b"", ""uros"", ""\u547c"", ""obi"", ""\u70b8""]"
association,logit,town-h,40,"[""\u4ec0\u4e48\u610f\u601d"", ""\u53ef\u89c1"", ""\u900f"", ""\u62c9\u5fb7"", ""obi""]"
association,logit,town-h,48,"[""\u900f"", ""\u4ec0\u4e48\u610f\u601d"", "" fresh"", ""\u65b0\u9c9c"", ""coes""]"
association,logit,town-h,56,"[""\u8fd9\u53e5\u8bdd"", ""\u4ec0\u4e48\u610f\u601d"", ""\u6539\u5199"", ""\u6269"", ""\u53e5\u4e2d""]"
association,jlens_camila,town-h,8,"["" gotta"", "" kids"", "" folks"", "" goofy"", "" gotten""]"
association,jlens_camila,town-h,16,"["" yeah"", "" pretty"", "" freaking"", "" stuff"", "" really""]"
association,jlens_camila,town-h,24,"["" folks"", "" things"", ""\u2014or"", "" maybe"", ""Maybe""]"
association,jlens_camila,town-h,32,"["" folks"", ""\u2014or"", ""folk"", ""\u2014but"", ""Maybe""]"
association,jlens_camila,town-h,40,"["" neighborhood"", "" neighbors"", "" newcomers"", "" Neighborhood"", "" neighborhoods""]"
association,jlens_camila,town-h,48,"["" newcomers"", "" new"", "" newcomer"", "" fresh"", ""new""]"
association,jlens_camila,town-h,56,"[""\u4ec0\u4e48\u610f\u601d"", ""\u8fd9\u53e5\u8bdd"", ""\u6539\u5199"", ""\u53e5\u5b50"", ""\u586b\u5165""]"
association,rlens_camila,town-h,8,"["" really"", "" just"", "" pretty"", "" things"", "" maybe""]"
association,rlens_camila,town-h,16,"["" pretty"", "" really"", "" just"", "" maybe"", "" even""]"
association,rlens_camila,town-h,24,"["" just"", "" really"", "" maybe"", "" perhaps"", "" things""]"
association,rlens_camila,town-h,32,"["" just"", "" pretty"", "" really"", "" anyway"", "" things""]"
association,rlens_camila,town-h,40,"["" neighborhood"", "" neighbors"", "" newcomers"", "" everyone"", ""\u7aa5""]"
association,rlens_camila,town-h,48,"["" newcomers"", "" new"", "" fresh"", "" everyone"", ""new""]"
association,rlens_camila,town-h,56,"[""\u8fd9\u53e5\u8bdd"", ""\u4ec0\u4e48\u610f\u601d"", ""\u53e5\u5b50"", ""\u6539\u5199"", ""\u6da6""]"
association,jpp_released,town-h,8,"["" colorful"", "" neighbors"", "" Texas"", "" color"", "" Dallas""]"
association,jpp_released,town-h,16,"["" Texas"", "" Iowa"", "" big"", "" pretty"", "" Nebraska""]"
association,jpp_released,town-h,24,"["" new"", "" old"", "" their"", "" home"", "" just""]"
association,jpp_released,town-h,32,"["" night"", "" They"", "" their"", "" New"", "" The""]"
association,jpp_released,town-h,40,"["" community"", "" neighborhood"", "" people"", "" new"", "" local""]"
association,jpp_released,town-h,48,"["" new"", "" newcomers"", "" newcomer"", "" neighbors"", "" fresh""]"
association,jpp_released,town-h,56,"["" Valk"", ""ALK"", "" Falk"", ""elin"", "" Quinn""]"
association,logit,field-h,8,"[""/"", "" A"", "" T"", ""T"", ""s""]"
association,logit,field-h,16,"[""T"", ""G"", ""\u5929"", ""V"", ""\u8033""]"
association,logit,field-h,24,"[""\u89c6\u91ce"", "" horizon"", ""\u89c6\u7ebf"", ""\u77ee"", ""\u89c6\u89d2""]"
association,logit,field-h,32,"[""lu"", ""\u6b64\u65f6"", ""\u53d1\u80b2"", ""\u65e5\u4e0a"", ""\u76ee""]"
association,logit,field-h,40,"["" distance"", "" proximity"", ""\u8ddd\u79bb"", ""\u89c6\u7ebf"", ""-distance""]"
association,logit,field-h,48,"[""\u8fdc\u5904"", ""\u8ddd\u79bb"", "" distance"", ""\u53ef\u884c"", "" distant""]"
association,logit,field-h,56,"["" she"", ""\u4ec0\u4e48\u610f\u601d"", ""\u6539\u5199"", ""\u6da6"", "" \u043e\u043d\u0430""]"
association,jlens_camila,field-h,8,"[""urgi"", ""\u4e00\u9053\u9053"", ""apesh"", "" Australians"", ""\u83b1\u5fb7""]"
association,jlens_camila,field-h,16,"["" \u305d\u3082"", "" anyway"", "" somehow"", "" nud"", ""okal""]"
association,jlens_camila,field-h,24,"["" perhaps"", ""\u2013and"", ""\u2014or"", ""\u2014but"", "" certainly""]"
association,jlens_camila,field-h,32,"["" still"", ""\u2014but"", "" even"", ""\u2014or"", "" anyway""]"
association,jlens_camila,field-h,40,"["" distance"", ""\u8ddd\u79bb"", "" distances"", ""\u7684\u8ddd\u79bb"", ""Distance""]"
association,jlens_camila,field-h,48,"[""\u8ddd\u79bb"", "" distance"", "" distances"", "" still"", ""\u7684\u8ddd\u79bb""]"
association,jlens_camila,field-h,56,"["" she"", "" She"", "" her"", ""she"", ""\u6539\u5199""]"
association,rlens_camila,field-h,8,"["" just"", "" more"", "" not"", "" even"", "" really""]"
association,rlens_camila,field-h,16,"["" just"", "" even"", "" still"", "" mostly"", "" more""]"
association,rlens_camila,field-h,24,"["" just"", "" still"", "" nearly"", "" perhaps"", "" even""]"
association,rlens_camila,field-h,32,"["" still"", "" even"", "" anyway"", "" just"", "" height""]"
association,rlens_camila,field-h,40,"["" distance"", ""\u8ddd\u79bb"", ""\u7684\u8ddd\u79bb"", "" distances"", "" Distance""]"
association,rlens_camila,field-h,48,"["" distance"", ""\u8ddd\u79bb"", ""\u7684\u8ddd\u79bb"", "" distances"", "" still""]"
association,rlens_camila,field-h,56,"["" she"", "" She"", "" her"", ""\u6539\u5199"", ""she""]"
association,jpp_released,field-h,8,"[""<|im_end|>"", "" lightning"", "" perhaps"", "" dwar"", "" sleepy""]"
association,jpp_released,field-h,16,"["" sky"", "" Skyl"", "" Hawks"", "" Chiang"", "" Sky""]"
association,jpp_released,field-h,24,"["" height"", "" heights"", "" sky"", "" taller"", "" tall""]"
association,jpp_released,field-h,32,"["" height"", "" tallest"", "" sky"", "" heights"", "" taller""]"
association,jpp_released,field-h,40,"["" distance"", "" nearby"", "" distant"", "" distances"", "" last""]"
association,jpp_released,field-h,48,"["" distance"", "" distant"", "" nearby"", "" distances"", "" last""]"
association,jpp_released,field-h,56,"[""\u2019on"", "" thought"", "" she"", ""\u2019\u00e9"", ""\u2019il""]"
association,logit,store-h,8,"[""C"", ""/"", ""A"", "" C"", "" T""]"
association,logit,store-h,16,"[""T"", ""S"", ""G"", ""B"", ""ain""]"
association,logit,store-h,24,"["" **"", "" no"", ""z"", ""\u51b7"", "" r""]"
association,logit,store-h,32,"[""v"", ""rement"", ""em"", ""ego"", ""ram""]"
association,logit,store-h,40,"[""soles"", ""\u4ec0\u4e48\u610f\u601d"", ""utra"", ""PX"", ""POS""]"
association,logit,store-h,48,"[""\u4ec0\u4e48\u610f\u601d"", "" metaphor"", ""obi"", ""\u178e"", ""\u4e0d\u4e3a""]"
association,logit,store-h,56,"["" rewrite"", ""\u6539\u5199"", ""\u6da6"", ""\u4f18\u5316"", ""\u8fd9\u53e5\u8bdd""]"
association,jlens_camila,store-h,8,"["" folks"", "" gotta"", "" goofy"", "" kids"", "" busted""]"
association,jlens_camila,store-h,16,"["" yeah"", "" kinda"", "" folks"", "" gotta"", "" pretty""]"
association,jlens_camila,store-h,24,"["" folks"", ""-ish"", "" ostensibly"", ""-but"", ""\u2014or""]"
association,jlens_camila,store-h,32,"[""\u2014or"", "" hilar"", "" ostensibly"", "" whims"", "" wander""]"
association,jlens_camila,store-h,40,"["" absurd"", "" humor"", "" whims"", "" fucking"", "" laughter""]"
association,jlens_camila,store-h,48,"[""\u4ec0\u4e48\u610f\u601d"", "" walking"", "" metaphor"", "" she"", "" wander""]"
association,jlens_camila,store-h,56,"[""\u6539\u5199"", "" rewrite"", ""rewrite"", ""\u6da6"", ""\u8fd9\u53e5\u8bdd""]"
association,rlens_camila,store-h,8,"["" just"", "" really"", "" pretty"", "" maybe"", "" nearly""]"
association,rlens_camila,store-h,16,"["" though"", "" just"", "" pretty"", "" even"", "" something""]"
association,rlens_camila,store-h,24,"["" just"", "" though"", "" folks"", "" something"", "" pretty""]"
association,rlens_camila,store-h,32,"["" whims"", "" hilar"", "" walking"", "" metaphor"", "" humor""]"
association,rlens_camila,store-h,40,"["" humor"", "" absurd"", "" walk"", "" walking"", "" whims""]"
association,rlens_camila,store-h,48,"[""\u4ec0\u4e48\u610f\u601d"", "" she"", "" metaphor"", "" walking"", "" walk""]"
association,rlens_camila,store-h,56,"["" rewrite"", ""\u6539\u5199"", ""\u6da6"", ""\u8fd9\u53e5\u8bdd"", ""\u4f18\u5316""]"
association,jpp_released,store-h,8,"["" Chicago"", "" big"", "" anyway"", "" hung"", "" nearly""]"
association,jpp_released,store-h,16,"["" Texas"", "" Sky"", "" Iowa"", "" sky"", "" Wings""]"
association,jpp_released,store-h,24,"["" walking"", "" tiny"", "" just"", "" something"", "" wheel""]"
association,jpp_released,store-h,32,"["" Hitch"", "" walking"", "" hitch"", "" her"", "" Walker""]"
association,jpp_released,store-h,40,"["" walking"", "" walk"", "" something"", "" curious"", "" thought""]"
association,jpp_released,store-h,48,"["" woman"", "" walk"", "" walking"", "" women"", "" her""]"
association,jpp_released,store-h,56,"["" rewrite"", "" sentence"", ""\u6539\u5199"", "" paraph"", ""\u8fd9\u53e5\u8bdd""]"
association,logit,art-h,8,"["" i"", ""A"", ""C"", ""T"", ""/""]"
association,logit,art-h,16,"[""A"", ""B"", ""C"", ""K"", ""F""]"
association,logit,art-h,24,"["" artwork"", ""encie"", "" paint"", ""\u6f06"", "" art""]"
association,logit,art-h,32,"[""ache"", ""\u6574\u4e2a"", ""obi"", "" *"", ""em""]"
association,logit,art-h,40,"["" art"", "" Artists"", "" artwork"", "" artistic"", "" paint""]"
association,logit,art-h,48,"[""\u7136\u540e"", ""\u63a5\u7740"", ""\u7136\u540e\u7528"", ""\u7136\u540e\u518d"", ""\u6574\u4e2a\u8fc7\u7a0b""]"
association,logit,art-h,56,"[""\u7136\u540e"", ""\u4ec0\u4e48\u610f\u601d"", ""\u91cd\u6765"", ""Then"", ""\u043e\u043d\u0430""]"
association,jlens_camila,art-h,8,"[""apesh"", "" gotta"", "" Aussie"", "" stats"", "" kids""]"
association,jlens_camila,art-h,16,"["" kinda"", "" yeah"", "" really"", "" freaking"", "" gotta""]"
association,jlens_camila,art-h,24,"["" painting"", "" paint"", ""paint"", ""Paint"", "" Painting""]"
association,jlens_camila,art-h,32,"["" painting"", ""paint"", "" paint"", "" suddenly"", "" painted""]"
association,jlens_camila,art-h,40,"["" painting"", "" paint"", ""paint"", "" Painting"", ""Paint""]"
association,jlens_camila,art-h,48,"["" paint"", "" painting"", ""paint"", "" Painting"", "" painter""]"
association,jlens_camila,art-h,56,"["" paint"", ""paint"", "" she"", "" painting"", "" Painting""]"
association,rlens_camila,art-h,8,"["" stuff"", "" just"", "" though"", "" whatever"", "" really""]"
association,rlens_camila,art-h,16,"["" just"", "" even"", "" maybe"", "" though"", "" still""]"
association,rlens_camila,art-h,24,"["" paint"", "" painting"", ""paint"", "" painted"", "" painter""]"
association,rlens_camila,art-h,32,"["" painting"", "" paint"", "" half"", "" first"", "" then""]"
association,rlens_camila,art-h,40,"["" painting"", "" paint"", ""paint"", "" Painting"", "" painter""]"
association,rlens_camila,art-h,48,"["" paint"", "" painting"", ""paint"", "" Painting"", "" painter""]"
association,rlens_camila,art-h,56,"["" paint"", "" she"", "" painting"", "" Painting"", ""\u4ec0\u4e48\u610f\u601d""]"
association,jpp_released,art-h,8,"["" painting"", "" paintings"", "" paint"", "" painted"", "" painter""]"
association,jpp_released,art-h,16,"["" Canvas"", "" canvas"", "" CW"", "" Frame"", "" CZ""]"
association,jpp_released,art-h,24,"["" painting"", "" paint"", "" painter"", "" painted"", ""paint""]"
association,jpp_released,art-h,32,"["" paint"", "" painting"", "" painted"", "" Paint"", "" Painting""]"
association,jpp_released,art-h,40,"["" paint"", "" painting"", "" artist"", "" painter"", "" painted""]"
association,jpp_released,art-h,48,"["" paint"", "" painting"", "" painter"", "" painted"", "" Paint""]"
association,jpp_released,art-h,56,"["" Valk"", "" paint"", ""ARK"", ""ALK"", ""VAL""]"
association,logit,music-h,8,"[""A"", ""T"", ""/"", "" T"", ""s""]"
association,logit,music-h,16,"[""G"", "" *"", ""T"", ""st"", ""K""]"
association,logit,music-h,24,"[""\u8981\u4e0d\u8981"", ""static"", ""rox"", "" *"", "" A""]"
association,logit,music-h,32,"[""stw"", ""cision"", ""/xml"", ""\u903c\u8fd1"", ""Transform""]"
association,logit,music-h,40,"[""mos"", ""\u6bcf\u4e00\u6b21"", ""\u90a3\u4e00\u523b"", "" moment"", ""\u51b3\u5b9a""]"
association,logit,music-h,48,"[""\u90a3\u4e00\u523b"", ""\u4e0d\u4e3a"", "" moment"", ""\u7a81\u7136"", ""\u6df1\u5438""]"
association,logit,music-h,56,"["" then"", ""Then"", "" Then"", ""then"", ""\u7136\u540e""]"
association,jlens_camila,music-h,8,"["" everywhere"", "" every"", ""apesh"", "" everyone"", "" nothing""]"
association,jlens_camila,music-h,16,"[""\u2014or"", ""\u2014not"", ""\u2014even"", ""\u2014and"", ""\u2014the""]"
association,jlens_camila,music-h,24,"[""\u2014or"", ""\u2014but"", ""\u2014and"", ""\u2014not"", ""\u2014even""]"
association,jlens_camila,music-h,32,"[""\u2014or"", ""\u2014and"", ""\u2014but"", ""\u2014a"", ""\u2014not""]"
association,jlens_camila,music-h,40,"["" moments"", "" moment"", ""\u2014or"", ""\u90a3\u4e00\u523b"", "" suddenly""]"
association,jlens_camila,music-h,48,"[""\u90a3\u4e00\u523b"", "" suddenly"", "" moment"", ""\u2014a"", ""\u2014and""]"
association,jlens_camila,music-h,56,"["" then"", ""Then"", "" Then"", ""then"", "" Outside""]"
association,rlens_camila,music-h,8,"["" nearly"", "" just"", "" even"", "" almost"", "" people""]"
association,rlens_camila,music-h,16,"[""\u2014or"", ""\u2014and"", "" thousands"", "" every"", ""\u2014but""]"
association,rlens_camila,music-h,24,"[""\u2014or"", ""\u2014and"", ""\u2014but"", "" moments"", "" moment""]"
association,rlens_camila,music-h,32,"[""\u2014or"", "" moments"", ""\u2014and"", "" moment"", ""\u90a3\u4e00\u523b""]"
association,rlens_camila,music-h,40,"["" moments"", "" moment"", ""\u90a3\u4e00\u523b"", "" seconds"", "" suddenly""]"
association,rlens_camila,music-h,48,"[""\u90a3\u4e00\u523b"", "" moment"", "" moments"", "" suddenly"", ""\u2014and""]"
association,rlens_camila,music-h,56,"["" then"", "" Then"", ""Then"", ""then"", "" Outside""]"
association,jpp_released,music-h,8,"["" thousands"", "" huge"", "" nearly"", "" hearts"", "" hundreds""]"
association,jpp_released,music-h,16,"["" Midnight"", "" Pacific"", "" midnight"", "" millions"", "" awe""]"
association,jpp_released,music-h,24,"["" dramatic"", "" poet"", "" music"", "" drama"", "" flick""]"
association,jpp_released,music-h,32,"["" dramatic"", "" drama"", "" Story"", "" Death"", "" tragedy""]"
association,jpp_released,music-h,40,"["" music"", "" moment"", "" moments"", "" world"", "" sound""]"
association,jpp_released,music-h,48,"["" silence"", "" moment"", "" moments"", "" sudden"", "" music""]"
association,jpp_released,music-h,56,"["" music"", "" then"", "" Musik"", "" orchestra"", "" piano""]"
association,logit,math-h,8,"[""/"", ""-"", "" A"", "" T"", "" C""]"
association,logit,math-h,16,"[""/"", ""A"", ""G"", "" a"", "" A""]"
association,logit,math-h,24,"[""\u72af"", ""\u5177"", ""\u6bcf\u4e00\u6b21"", ""\u662f\u5426"", ""\u8ff7""]"
association,logit,math-h,32,"[""\u6b63"", "" *"", ""cf"", ""\u72af"", ""A""]"
association,logit,math-h,40,"[""\u6b63"", "" *"", ""\u73af"", ""\u7b97"", ""\u6bcf\u4e00\u6b21""]"
association,logit,math-h,48,"[""\u9000"", ""\u7ffb"", ""\u73af"", ""\u4ec0\u4e48\u610f\u601d"", "" *""]"
association,logit,math-h,56,"[""\u4ec0\u4e48\u610f\u601d"", "" And"", ""\u17a0"", ""\u2014and"", "" if""]"
association,jlens_camila,math-h,8,"[""\u2014or"", ""\u305d\u3046\u3057\u305f"", "" busted"", ""unno"", "" somewhere""]"
association,jlens_camila,math-h,16,"["" everything"", "" really"", ""\u3060\u3063\u3066"", "" somehow"", "" something""]"
association,jlens_camila,math-h,24,"[""\u2014or"", ""\u2014and"", ""\u2014but"", "" damned"", ""\u2014not""]"
association,jlens_camila,math-h,32,"[""\u2014or"", ""\u2014and"", ""\u2014but"", ""\u2014not"", ""\u2014a""]"
association,jlens_camila,math-h,40,"[""\u7b97\u6cd5"", ""\u2014or"", ""\u2014but"", ""\u7684\u8ba1\u7b97"", ""\u6570\u5b66""]"
association,jlens_camila,math-h,48,"[""\u2014and"", ""\u2014or"", ""\u2014but"", ""\u2014not"", ""\u2014a""]"
association,jlens_camila,math-h,56,"[""\u2014and"", ""\u4ec0\u4e48\u610f\u601d"", ""And"", "" hadn"", "" nowhere""]"
association,rlens_camila,math-h,8,"["" just"", "" that"", "" nearly"", "" even"", "" something""]"
association,rlens_camila,math-h,16,"["" just"", "" something"", "" everything"", "" maybe"", "" really""]"
association,rlens_camila,math-h,24,"[""\u2014or"", "" just"", ""\u2014and"", "" something"", "" somewhere""]"
association,rlens_camila,math-h,32,"[""\u2014or"", ""\u2014and"", "" just"", "" barely"", "" everything""]"
association,rlens_camila,math-h,40,"["" mathematical"", ""\u7b97\u6cd5"", ""\u2014or"", ""\u6570\u5b66"", "" mathematic""]"
association,rlens_camila,math-h,48,"[""\u2014and"", ""\u2014or"", ""\u2014not"", ""\u2014but"", "" hadn""]"
association,rlens_camila,math-h,56,"["" And"", ""\u4ec0\u4e48\u610f\u601d"", ""\u2014and"", ""And"", "" no""]"
association,jpp_released,math-h,8,"["" math"", ""<|im_end|>"", "" barely"", "" nearly"", "" perhaps""]"
association,jpp_released,math-h,16,"["" Crimson"", "" Something"", "" Sherlock"", "" Puzzle"", "" Gamma""]"
association,jpp_released,math-h,24,"["" just"", "" -"", "" perhaps"", "" barely"", "" far""]"
association,jpp_released,math-h,32,"[""4"", ""3"", ""9"", ""6"", ""7""]"
association,jpp_released,math-h,40,"["" mathematical"", "" mathematics"", "" math"", "" mathematic"", "" Math""]"
association,jpp_released,math-h,48,"["" mathematical"", "" mathematic"", "" Math"", "" mathematics"", "" math""]"
association,jpp_released,math-h,56,"["" Valk"", ""elin"", "" Falk"", ""\u2019s"", "" Vall""]"
association,logit,science-h,8,"[""/"", ""-"", ""A"", ""T"", ""C""]"
association,logit,science-h,16,"[""T"", "" B"", ""A"", "" A"", "" or""]"
association,logit,science-h,24,"[""\u6b63"", "" science"", ""\u77db\u76fe"", ""kim"", "" **""]"
association,logit,science-h,32,"[""\u6b63"", ""\u8fce"", ""\u5195"", "" *"", ""\u671f\u520a""]"
association,logit,science-h,40,"[""obi"", "" b"", ""\u98a0\u8986"", ""\u6b63"", ""\u4e0d\u8fc7""]"
association,logit,science-h,48,"[""\u7ffb"", ""\u854a"", "" b"", ""\u7ad9"", ""\u4ec0\u4e48\u610f\u601d""]"
association,logit,science-h,56,"["" rewrite"", ""\u5b9e\u9a8c\u5ba4"", ""\u6539\u5199"", ""\u4ec0\u4e48\u610f\u601d"", ""\u6da6""]"
association,jlens_camila,science-h,8,"["" really"", "" stuff"", "" things"", "" guys"", "" kids""]"
association,jlens_camila,science-h,16,"["" everything"", "" really"", ""everything"", ""\u3060\u3063\u3066"", "" freaking""]"
association,jlens_camila,science-h,24,"["" everything"", ""\u2014or"", ""everything"", "" nothing"", ""\u2014and""]"
association,jlens_camila,science-h,32,"[""\u2014or"", "" science"", ""\u2014and"", ""\u771f\u76f8"", ""\u2014but""]"
association,jlens_camila,science-h,40,"["" science"", "" scientists"", "" scientist"", "" scientific"", "" physics""]"
association,jlens_camila,science-h,48,"["" science"", ""\u5b9e\u9a8c\u5ba4"", ""\u2014or"", "" scientist"", ""\u2014and""]"
association,jlens_camila,science-h,56,"["" rewrite"", ""rewrite"", ""\u6539\u5199"", ""\u5b9e\u9a8c\u5ba4"", "" Rewrite""]"
association,rlens_camila,science-h,8,"["" really"", "" just"", "" probably"", "" because"", "" that""]"
association,rlens_camila,science-h,16,"["" everything"", "" just"", "" even"", "" anything"", "" what""]"
association,rlens_camila,science-h,24,"["" everything"", ""\u2014or"", "" something"", "" nothing"", "" anything""]"
association,rlens_camila,science-h,32,"["" science"", ""\u2014or"", "" everything"", "" physics"", "" suddenly""]"
association,rlens_camila,science-h,40,"["" science"", "" physics"", "" scientists"", "" scientist"", "" unexpected""]"
association,rlens_camila,science-h,48,"[""\u5b9e\u9a8c\u5ba4"", "" science"", "" scientist"", "" laboratory"", "" she""]"
association,rlens_camila,science-h,56,"["" rewrite"", ""rewrite"", ""\u6539\u5199"", ""\u5b9e\u9a8c\u5ba4"", ""\u4ec0\u4e48\u610f\u601d""]"
association,jpp_released,science-h,8,"["" because"", "" Chicago"", "" anyway"", "" only"", "" just""]"
association,jpp_released,science-h,16,"["" NASA"", "" Texas"", ""NASA"", "" Newton"", "" Science""]"
association,jpp_released,science-h,24,"["" science"", "" scientific"", "" physics"", "" astronom"", "" scientists""]"
association,jpp_released,science-h,32,"["" science"", "" Science"", "" physics"", "" scientist"", "" Newton""]"
association,jpp_released,science-h,40,"["" science"", "" scientific"", "" physics"", "" scientist"", "" scientists""]"
association,jpp_released,science-h,48,"["" science"", "" scientist"", "" physics"", "" laboratory"", "" Science""]"
association,jpp_released,science-h,56,"["" lab"", "" physics"", "" biology"", "" academic"", ""<|im_end|>""]"
association,logit,law-h,8,"[""/"", ""-"", ""A"", ""C"", ""1""]"
association,logit,law-h,16,"[""T"", ""V"", "" T"", ""U"", ""K""]"
association,logit,law-h,24,"["" h"", "" **"", "" hard"", ""UP"", "" as""]"
association,logit,law-h,32,"[""\u4e0d\u4e3a"", ""ego"", ""\u63aa"", "" *"", ""\u5212""]"
association,logit,law-h,40,"[""\u826f"", ""ego"", ""\u662f\u4ec0\u4e48\u610f\u601d"", ""\u6296"", ""\u4ec0\u4e48\u610f\u601d""]"
association,logit,law-h,48,"[""\u4ec0\u4e48\u610f\u601d"", ""rev"", "" b"", ""\u9762\u4e0a"", ""\u7ffb""]"
association,logit,law-h,56,"[""\u6da6"", ""\u8fd9\u53e5\u8bdd"", "" rewrite"", ""\u6539\u5199"", ""\u4ec0\u4e48\u610f\u601d""]"
association,jlens_camila,law-h,8,"["" really"", "" goofy"", "" ostensibly"", "" things"", "" actually""]"
association,jlens_camila,law-h,16,"["" folks"", "" freaking"", "" pretty"", "" really"", "" goofy""]"
association,jlens_camila,law-h,24,"[""\u2014or"", ""\u2014and"", ""\u2014but"", "" folks"", ""\u2013and""]"
association,jlens_camila,law-h,32,"[""\u2014or"", ""\u2014but"", ""\u2014and"", ""\u2014a"", ""\u2014not""]"
association,jlens_camila,law-h,40,"[""\u2014but"", ""\u2014or"", "" fucking"", "" worries"", "" anxiety""]"
association,jlens_camila,law-h,48,"["" she"", ""\u4ec0\u4e48\u610f\u601d"", ""\u2014but"", ""\u2014a"", ""\u8fd9\u53e5\u8bdd""]"
association,jlens_camila,law-h,56,"["" rewrite"", ""\u6539\u5199"", ""\u8fd9\u53e5\u8bdd"", ""\u6da6"", ""rewrite""]"
association,rlens_camila,law-h,8,"["" really"", "" just"", "" probably"", "" actually"", "" that""]"
association,rlens_camila,law-h,16,"["" just"", "" really"", "" even"", "" something"", "" pretty""]"
association,rlens_camila,law-h,24,"["" just"", ""\u2014or"", ""\u2014and"", "" things"", "" something""]"
association,rlens_camila,law-h,32,"[""\u2014or"", ""\u2014and"", "" quietly"", ""\u2014but"", "" looming""]"
association,rlens_camila,law-h,40,"["" she"", "" worried"", "" her"", "" anxiety"", "" just""]"
association,rlens_camila,law-h,48,"["" she"", ""\u4ec0\u4e48\u610f\u601d"", "" her"", "" She"", "" herself""]"
association,rlens_camila,law-h,56,"["" rewrite"", ""\u6da6"", ""\u8fd9\u53e5\u8bdd"", ""\u6539\u5199"", ""\u4ec0\u4e48\u610f\u601d""]"
association,jpp_released,law-h,8,"["" anyway"", "" actually"", "" because"", "" perhaps"", "" congressional""]"
association,jpp_released,law-h,16,"["" Iowa"", "" Nope"", "" Worst"", "" Nebraska"", "" Olson""]"
association,jpp_released,law-h,24,"["" just"", "" Library"", "" office"", "" cold"", "" bureaucratic""]"
association,jpp_released,law-h,32,"["" her"", "" she"", "" She"", "" Risk"", "" risk""]"
association,jpp_released,law-h,40,"["" thought"", "" -"", "" her"", "" feeling"", "" office""]"
association,jpp_released,law-h,48,"["" her"", "" women"", "" she"", "" woman"", "" office""]"
association,jpp_released,law-h,56,"["" sentence"", ""\u8fd9\u53e5\u8bdd"", ""\u9020\u53e5"", "" words"", "" meaning""]"
association,logit,film-h,8,"[""A"", ""/"", ""S"", ""T"", "" A""]"
association,logit,film-h,16,"[""S"", "" S"", ""T"", ""K"", "" L""]"
association,logit,film-h,24,"["" K"", ""\u805a"", "" S"", ""\u9ed8"", ""\u75c7""]"
association,logit,film-h,32,"[""\u4e0d\u4e3a"", ""ura"", "" *"", ""avas"", ""DM""]"
association,logit,film-h,40,"[""\u4ec0\u4e48\u610f\u601d"", "" immersive"", ""abus"", ""film"", ""\u6c89\u6d78""]"
association,logit,film-h,48,"[""\u4ec0\u4e48\u610f\u601d"", ""\u8fd9\u53e5\u8bdd"", ""\u5165\u53e3"", ""akil"", ""\u4e0d\u4e3a""]"
association,logit,film-h,56,"[""\u8fd9\u53e5\u8bdd"", "" sentence"", "" rewrite"", ""\u53e5\u5b50"", ""\u6539\u5199""]"
association,jlens_camila,film-h,8,"["" stuff"", "" things"", "" really"", "" gotta"", "" guys""]"
association,jlens_camila,film-h,16,"["" freaking"", "" stuff"", "" yeah"", "" fucking"", "" weird""]"
association,jlens_camila,film-h,24,"[""\u2014or"", "" stuff"", ""\u2014that"", ""\u54ea\u6015"", ""\u2014and""]"
association,jlens_camila,film-h,32,"["" fucking"", ""\u2014or"", ""\u2014that"", ""\u2014a"", ""\u2014not""]"
association,jlens_camila,film-h,40,"["" cinema"", ""\u6c89\u6d78"", "" cinematic"", "" music"", "" storytelling""]"
association,jlens_camila,film-h,48,"["" Watching"", ""\u2014or"", "" watching"", ""\u8fd9\u53e5\u8bdd"", ""\u6c89\u6d78""]"
association,jlens_camila,film-h,56,"[""\u8fd9\u53e5\u8bdd"", ""\u53e5\u5b50"", "" sentence"", "" rewrite"", ""\u6539\u5199""]"
association,rlens_camila,film-h,8,"["" really"", "" things"", "" stuff"", "" people"", "" maybe""]"
association,rlens_camila,film-h,16,"["" really"", "" stuff"", "" everything"", "" just"", "" big""]"
association,rlens_camila,film-h,24,"["" just"", "" stuff"", "" nobody"", ""\u2014or"", "" barely""]"
association,rlens_camila,film-h,32,"["" almost"", "" fucking"", "" really"", "" just"", "" truly""]"
association,rlens_camila,film-h,40,"[""\u6c89\u6d78"", "" cinema"", "" watching"", "" music"", "" storytelling""]"
association,rlens_camila,film-h,48,"["" watching"", "" Watching"", ""\u8fd9\u53e5\u8bdd"", ""\u4ec0\u4e48\u610f\u601d"", ""\u6c89\u6d78""]"
association,rlens_camila,film-h,56,"[""\u8fd9\u53e5\u8bdd"", ""\u53e5\u5b50"", "" sentence"", "" rewrite"", ""\u53e5""]"
association,jpp_released,film-h,8,"["" crazy"", "" weird"", "" huge"", "" really"", "" brains""]"
association,jpp_released,film-h,16,"["" Manhattan"", "" Hollywood"", "" Gotham"", "" dream"", "" crazy""]"
association,jpp_released,film-h,24,"["" night"", "" theater"", "" theatrical"", "" silent"", "" city""]"
association,jpp_released,film-h,32,"["" night"", "" Theatre"", "" Hollywood"", "" film"", "" theatrical""]"
association,jpp_released,film-h,40,"["" movie"", "" film"", "" music"", "" theater"", "" movies""]"
association,jpp_released,film-h,48,"["" movie"", "" cinema"", "" film"", "" dream"", "" movies""]"
association,jpp_released,film-h,56,"["" sentence"", "" sentences"", ""\u53e5\u5b50"", ""\u8fd9\u53e5\u8bdd"", ""\u53e5""]"
association,logit,code-h,8,"[""-"", ""A"", ""1"", ""/"", "" A""]"
association,logit,code-h,16,"[""K"", ""\u591a"", "" e"", ""B"", ""V""]"
association,logit,code-h,24,"[""R"", ""K"", ""z"", ""H"", ""*""]"
association,logit,code-h,32,"[""\u81f3\u5c11"", ""\u4f3c\u7684"", ""A"", ""\u70b8"", ""oz""]"
association,logit,code-h,40,"["" suspect"", ""\u76f4\u89c9"", "" *"", ""\u6392\u67e5"", ""\u4e60\u60ef""]"
association,logit,code-h,48,"["" suspect"", ""\u679c\u7136"", ""\u4ec0\u4e48\u610f\u601d"", "" sc"", ""\u8bdd""]"
association,logit,code-h,56,"["" still"", "" Still"", ""\u679c\u7136"", "" sure"", ""\u4ec0\u4e48\u610f\u601d""]"
association,jlens_camila,code-h,8,"["" gotta"", "" folks"", "" busted"", "" goofy"", "" specs""]"
association,jlens_camila,code-h,16,"[""\u3060\u3063\u3066"", "" folks"", "" nuanced"", "" yeah"", ""Ultimately""]"
association,jlens_camila,code-h,24,"[""\u2014or"", ""\u2014but"", ""\u2014and"", "" \u0412\u043f\u0440\u043e\u0447\u0435\u043c"", "" ostensibly""]"
association,jlens_camila,code-h,32,"[""\u2014or"", ""\u2014but"", ""\u2014and"", ""\u2014not"", "" mistakes""]"
association,jlens_camila,code-h,40,"["" suspect"", ""\u2014or"", "" mistakes"", "" suspicion"", ""\u6000\u7591""]"
association,jlens_camila,code-h,48,"[""\u2014but"", "" suspicion"", ""\u2014or"", "" suspect"", ""\u6000\u7591""]"
association,jlens_camila,code-h,56,"["" still"", "" she"", "" Still"", "" sure"", ""Still""]"
association,rlens_camila,code-h,8,"["" just"", "" stuff"", "" even"", "" pretty"", "" really""]"
association,rlens_camila,code-h,16,"["" just"", "" even"", "" though"", "" nearly"", "" more""]"
association,rlens_camila,code-h,24,"["" just"", ""\u2014and"", ""\u2014or"", ""\u2014but"", "" even""]"
association,rlens_camila,code-h,32,"["" even"", ""\u2014or"", "" nearly"", "" just"", ""\u2014and""]"
association,rlens_camila,code-h,40,"["" suspect"", "" suspicion"", "" suspicious"", "" suspects"", "" usually""]"
association,rlens_camila,code-h,48,"["" suspect"", "" suspicion"", ""\u2014and"", "" anyway"", ""\u2014but""]"
association,rlens_camila,code-h,56,"["" still"", "" she"", "" sure"", "" Still"", "" her""]"
association,jpp_released,code-h,8,"["" Texas"", ""\u5fb7\u5dde"", "" texas"", "" slapped"", ""Texas""]"
association,jpp_released,code-h,16,"["" Texas"", "" Austin"", ""Texas"", "" just"", "" Fox""]"
association,jpp_released,code-h,24,"["" just"", "" old"", "" flick"", "" much"", "" too""]"
association,jpp_released,code-h,32,"["" The"", "" worse"", "" mistake"", "" suspect"", "" -""]"
association,jpp_released,code-h,40,"["" suspect"", "" suspicious"", "" true"", "" something"", "" suspicion""]"
association,jpp_released,code-h,48,"["" suspect"", "" suspicion"", "" old"", "" suspicious"", "" her""]"
association,jpp_released,code-h,56,"["" still"", "" debug"", "" debugging"", ""debug"", "" bug""]"
association,logit,news-h,8,"[""/"", ""A"", ""-"", "" A"", "" I""]"
association,logit,news-h,16,"[""b"", ""/"", ""z"", ""In"", ""B""]"
association,logit,news-h,24,"[""ial"", ""JK"", ""A"", ""AI"", "" isn""]"
association,logit,news-h,32,"[""bling"", ""uns"", ""auer"", ""\u662f\u4e0d\u662f"", ""\\xd""]"
association,logit,news-h,40,"[""\u6025"", ""\u66f4\u6b63"", ""auer"", ""\u5b9e\u65f6"", ""\u6025\u4fc3""]"
association,logit,news-h,48,"[""emb"", ""\u4e0e\u6b64\u540c\u65f6"", ""\u4ec0\u4e48\u610f\u601d"", ""\u5178\u578b\u7684"", ""\u614c""]"
association,logit,news-h,56,"["" By"", ""\u7136\u540e"", "" somewhere"", ""\u6da6"", "" by""]"
association,jlens_camila,news-h,8,"["" folks"", "" busted"", "" kids"", "" gotta"", "" devs""]"
association,jlens_camila,news-h,16,"["" pretty"", ""\u2014or"", "" folks"", "" yeah"", ""\u2014even""]"
association,jlens_camila,news-h,24,"[""\u2014or"", ""\u2014but"", ""\u2014and"", ""\u2014even"", "" \u0412\u043f\u0440\u043e\u0447\u0435\u043c""]"
association,jlens_camila,news-h,32,"[""\u2014or"", ""\u2014and"", ""\u2014but"", ""\u2014not"", "" suddenly""]"
association,jlens_camila,news-h,40,"["" suddenly"", ""\u2014or"", "" panicked"", "" broadcast"", "" news""]"
association,jlens_camila,news-h,48,"["" suddenly"", "" news"", "" panicked"", "" broadcast"", ""\u2014and""]"
association,jlens_camila,news-h,56,"[""By"", "" by"", ""\u64ad\u62a5"", "" somewhere"", "" By""]"
association,rlens_camila,news-h,8,"["" just"", "" really"", "" pretty"", "" maybe"", "" something""]"
association,rlens_camila,news-h,16,"["" pretty"", "" just"", ""\u2014or"", "" wouldn"", "" isn""]"
association,rlens_camila,news-h,24,"[""\u2014or"", ""\u2014and"", "" just"", ""\u2014but"", "" pretty""]"
association,rlens_camila,news-h,32,"[""\u2014or"", ""\u2014and"", "" just"", "" moments"", "" seconds""]"
association,rlens_camila,news-h,40,"["" suddenly"", "" minutes"", "" news"", "" quickly"", "" live""]"
association,rlens_camila,news-h,48,"["" news"", "" suddenly"", "" broadcast"", "" minutes"", "" News""]"
association,rlens_camila,news-h,56,"["" by"", "" somewhere"", ""By"", "" By"", "" Then""]"
association,jpp_released,news-h,8,"["" headlines"", "" headline"", "" flashy"", "" famously"", "" paycheck""]"
association,jpp_released,news-h,16,"["" News"", "" WP"", "" Twitter"", "" Wings"", "" Air""]"
association,jpp_released,news-h,24,"["" radio"", "" broadcast"", "" news"", "" Radio"", "" broadcasting""]"
association,jpp_released,news-h,32,"["" news"", "" News"", "" broadcast"", "" radio"", "" Radio""]"
association,jpp_released,news-h,40,"["" news"", "" live"", "" broadcast"", "" News"", "" first""]"
association,jpp_released,news-h,48,"["" news"", "" broadcast"", "" radio"", "" News"", "" Radio""]"
association,jpp_released,news-h,56,"["" broadcast"", "" by"", ""\u76f4\u64ad"", "" news"", "" BBC""]"
association,logit,night-h,8,"[""/"", "" A"", ""A"", "" I"", ""T""]"
association,logit,night-h,16,"[""B"", ""C"", ""A"", ""S"", ""s""]"
association,logit,night-h,24,"[""\u76ee"", ""\u5bd2"", ""\u5c81\u90a3\u5e74"", "" night"", ""\u7f29""]"
association,logit,night-h,32,"[""\u8feb"", ""ville"", ""oman"", ""Level"", ""\u4f4e""]"
association,logit,night-h,40,"["" darkness"", ""\u9ed1\u6697"", "" illumination"", ""\u5149\u5b66"", ""\u706f\u5149""]"
association,logit,night-h,48,"["" dim"", ""obi"", "" darkness"", ""\u4ec0\u4e48\u610f\u601d"", ""aise""]"
association,logit,night-h,56,"["" darkness"", ""\u4ec0\u4e48\u610f\u601d"", ""\u8fd9\u53e5\u8bdd"", ""\u6da6"", ""\u5e2e\u6211""]"
association,jlens_camila,night-h,8,"["" folks"", "" gotten"", "" goofy"", ""scha"", ""gak""]"
association,jlens_camila,night-h,16,"["" freaking"", "" folks"", "" pretty"", ""\u2014or"", "" everything""]"
association,jlens_camila,night-h,24,"[""\u2014or"", ""\u2014but"", ""\u2014and"", ""\u2014even"", "" folks""]"
association,jlens_camila,night-h,32,"["" suddenly"", ""\u2014or"", "" night"", "" Suddenly"", "" seemingly""]"
association,jlens_camila,night-h,40,"["" darkness"", "" Darkness"", "" night"", "" nighttime"", ""\u9ed1\u6697""]"
association,jlens_camila,night-h,48,"["" darkness"", "" Darkness"", ""\u9ed1\u6697\u4e2d"", "" night"", "" suddenly""]"
association,jlens_camila,night-h,56,"["" darkness"", "" Darkness"", ""\u4ec0\u4e48\u610f\u601d"", "" suddenly"", ""\u9ed1\u6697\u4e2d""]"
association,rlens_camila,night-h,8,"["" just"", "" even"", "" that"", "" though"", "" things""]"
association,rlens_camila,night-h,16,"["" just"", "" pretty"", "" even"", "" everything"", "" nearly""]"
association,rlens_camila,night-h,24,"["" just"", "" nearly"", ""\u2014or"", "" night"", "" even""]"
association,rlens_camila,night-h,32,"["" night"", "" just"", "" suddenly"", "" simply"", "" nearly""]"
association,rlens_camila,night-h,40,"["" darkness"", "" night"", "" Darkness"", "" dark"", "" lighting""]"
association,rlens_camila,night-h,48,"["" darkness"", "" Darkness"", "" night"", ""\u9ed1\u6697\u4e2d"", "" dark""]"
association,rlens_camila,night-h,56,"["" darkness"", ""\u4ec0\u4e48\u610f\u601d"", "" Darkness"", ""\u8fd9\u53e5\u8bdd"", "" suddenly""]"
association,jpp_released,night-h,8,"["" neighbors"", "" neighborhood"", "" color"", "" favored"", "" neighbor""]"
association,jpp_released,night-h,16,"["" Iowa"", "" Mississippi"", "" Minnesota"", "" Nebraska"", "" Manhattan""]"
association,jpp_released,night-h,24,"["" night"", "" nights"", "" nighttime"", "" Night"", "" darkness""]"
association,jpp_released,night-h,32,"["" night"", "" Night"", "" darkness"", "" nighttime"", "" nights""]"
association,jpp_released,night-h,40,"["" darkness"", "" night"", "" dark"", "" light"", "" lighting""]"
association,jpp_released,night-h,48,"["" darkness"", "" night"", "" lights"", "" dark"", "" light""]"
association,jpp_released,night-h,56,"["" dark"", "" darkness"", "" shadows"", "" walk"", "" moon""]"
association,logit,past-h,8,"[""/"", ""-"", ""S"", ""T"", ""A""]"
association,logit,past-h,16,"[""T"", "" B"", ""G"", ""C"", ""B""]"
association,logit,past-h,24,"[""\u5b97"", ""D"", ""R"", ""g"", ""C""]"
association,logit,past-h,32,"[""em"", ""\u7ffb"", ""w"", ""rev"", ""v""]"
association,logit,past-h,40,"[""\u5f71\u50cf"", ""obi"", ""\u4e0d\u8fc7"", ""mem"", "" old""]"
association,logit,past-h,48,"[""em"", ""rev"", ""\u4e4d"", ""une"", ""\u62e8""]"
association,logit,past-h,56,"[""\u4ec0\u4e48\u610f\u601d"", ""\u6da6"", "" still"", "" yet"", ""\u5e2e\u6211""]"
association,jlens_camila,past-h,8,"["" folks"", "" things"", "" goofy"", "" someday"", "" really""]"
association,jlens_camila,past-h,16,"["" really"", "" pretty"", "" yeah"", "" actually"", "" everybody""]"
association,jlens_camila,past-h,24,"["" someday"", ""\u2014but"", ""\u2014or"", "" herself"", "" \u0435\u0435""]"
association,jlens_camila,past-h,32,"["" old"", ""\u2014but"", "" someone"", ""\u2014or"", "" still""]"
association,jlens_camila,past-h,40,"["" photograph"", "" photographs"", ""\u7167\u7247"", "" photos"", "" images""]"
association,jlens_camila,past-h,48,"["" photographs"", "" old"", ""\u7167\u7247"", "" photograph"", "" photos""]"
association,jlens_camila,past-h,56,"["" she"", "" still"", "" her"", "" Still"", ""\u6da6""]"
association,rlens_camila,past-h,8,"["" really"", "" just"", "" that"", "" maybe"", "" because""]"
association,rlens_camila,past-h,16,"["" really"", "" even"", "" just"", "" maybe"", "" sometimes""]"
association,rlens_camila,past-h,24,"["" her"", "" just"", "" she"", "" really"", "" herself""]"
association,rlens_camila,past-h,32,"["" her"", "" old"", "" just"", "" she"", "" still""]"
association,rlens_camila,past-h,40,"["" image"", "" images"", "" photos"", "" photograph"", "" photographs""]"
association,rlens_camila,past-h,48,"["" old"", "" photographs"", "" images"", ""\u56fe\u50cf"", ""\u7167\u7247""]"
association,rlens_camila,past-h,56,"["" she"", "" still"", "" her"", ""\u6da6"", "" yet""]"
association,jpp_released,past-h,8,"["" jewelry"", "" color"", "" colorful"", "" someday"", "" traveling""]"
association,jpp_released,past-h,16,"["" Kansas"", "" NASA"", "" Hollywood"", "" WWII"", "" Oklahoma""]"
association,jpp_released,past-h,24,"["" her"", "" herself"", "" she"", "" old"", "" \u0435\u0435""]"
association,jpp_released,past-h,32,"["" her"", "" she"", "" old"", "" herself"", "" Old""]"
association,jpp_released,past-h,40,"["" old"", "" image"", "" images"", "" photo"", "" memory""]"
association,jpp_released,past-h,48,"["" old"", "" photographs"", "" photograph"", "" memories"", "" photos""]"
association,jpp_released,past-h,56,"["" still"", "" memories"", "" memory"", "" black"", ""\u2019on""]"
association,logit,future-h,8,"[""A"", ""/"", ""-"", ""S"", ""C""]"
association,logit,future-h,16,"[""/"", "" B"", "" e"", ""T"", ""S""]"
association,logit,future-h,24,"["" self"", ""\u81ea\u4fe1"", ""azel"", "" na"", "" B""]"
association,logit,future-h,32,"["" i"", "" pres"", ""bery"", "" ideal"", ""\u00b9""]"
association,logit,future-h,40,"[""\u81ea\u4fe1"", "" confident"", "" confidence"", ""aise"", ""\u00b9""]"
association,logit,future-h,48,"[""\u8fd9\u53e5\u8bdd"", ""\u4ec0\u4e48\u610f\u601d"", ""\u5f00\u59cb"", ""ANE"", ""missive""]"
association,logit,future-h,56,"["" rewrite"", ""\u8fd9\u53e5\u8bdd"", ""\u6da6"", ""\u6539\u5199"", ""\u5206\u6790""]"
association,jlens_camila,future-h,8,"["" though"", "" sometimes"", "" things"", "" quite"", "" perhaps""]"
association,jlens_camila,future-h,16,"[""\u2014or"", "" ostensibly"", "" decidedly"", ""Ultimately"", "" myriad""]"
association,jlens_camila,future-h,24,"[""\u2014or"", ""\u2014and"", ""\u2014but"", "" myriad"", ""Ultimately""]"
association,jlens_camila,future-h,32,"[""\u2014or"", ""<|im_end|>"", ""\u2014and"", ""\u2014but"", "" childhood""]"
association,jlens_camila,future-h,40,"[""\u81ea\u4fe1"", "" confidently"", "" confident"", ""\u8fd9\u53e5\u8bdd"", "" childhood""]"
association,jlens_camila,future-h,48,"[""\u8fd9\u53e5\u8bdd"", "" confidently"", ""\u81ea\u4fe1"", "" she"", ""\u2014that""]"
association,jlens_camila,future-h,56,"["" rewrite"", ""\u6539\u5199"", ""rewrite"", ""\u8fd9\u53e5\u8bdd"", "" Rewrite""]"
association,rlens_camila,future-h,8,"["" not"", "" just"", "" that"", "" even"", "" so""]"
association,rlens_camila,future-h,16,"[""\u2014or"", "" perhaps"", "" simply"", "" truly"", "" nearly""]"
association,rlens_camila,future-h,24,"[""\u2014or"", ""\u2014and"", "" truly"", "" yet"", "" simply""]"
association,rlens_camila,future-h,32,"["" childhood"", "" child"", "" children"", ""\u2014or"", ""<|im_end|>""]"
association,rlens_camila,future-h,40,"["" confidently"", "" confident"", "" confidence"", ""\u81ea\u4fe1"", ""\u8fd9\u53e5\u8bdd""]"
association,rlens_camila,future-h,48,"[""\u8fd9\u53e5\u8bdd"", "" she"", "" her"", "" confidently"", ""\u4ec0\u4e48\u610f\u601d""]"
association,rlens_camila,future-h,56,"["" rewrite"", ""\u6539\u5199"", ""\u8fd9\u53e5\u8bdd"", ""\u6da6"", ""\u5206\u6790""]"
association,jpp_released,future-h,8,"["" perhaps"", "" even"", "" only"", "" never"", "" not""]"
association,jpp_released,future-h,16,"["" Never"", "" Promise"", "" whispered"", "" Texas"", "" Skywalker""]"
association,jpp_released,future-h,24,"["" childhood"", "" child"", "" children"", "" Children"", "" Child""]"
association,jpp_released,future-h,32,"["" childhood"", "" child"", "" children"", "" Children"", "" her""]"
association,jpp_released,future-h,40,"["" confidence"", "" confident"", "" young"", "" children"", "" child""]"
association,jpp_released,future-h,48,"["" girl"", "" her"", "" young"", "" child"", "" girls""]"
association,jpp_released,future-h,56,"["" rewrite"", "" grammar"", "" sentence"", "" gramm"", ""\u9020\u53e5""]"
association,logit,race-h,8,"[""/"", ""s"", ""A"", "" A"", "" T""]"
association,logit,race-h,16,"[""s"", ""T"", ""S"", ""\u6309\u7167"", ""m""]"
association,logit,race-h,24,"[""T"", ""\u552f\u4e00\u7684"", ""J"", ""A"", ""\u9ed8""]"
association,logit,race-h,32,"[""\u8feb"", ""\u4e0d\u4e3a"", ""\u5212"", ""v"", ""\u6b64\u65f6""]"
association,logit,race-h,40,"[""\u5fc3\u8df3"", ""\u51b3\u5b9a"", ""\u4ec0\u4e48\u610f\u601d"", ""ego"", ""obi""]"
association,logit,race-h,48,"[""rev"", ""\u4ec0\u4e48\u610f\u601d"", ""obi"", ""\u73af"", ""\u0e04\u0e15\u0e34""]"
association,logit,race-h,56,"[""\u6da6"", ""\u6269"", ""\u6539\u5199"", ""\u4f18\u5316"", "" rewrite""]"
association,jlens_camila,race-h,8,"["" everyone"", "" everything"", "" anyways"", "" gotten"", ""_sdk""]"
association,jlens_camila,race-h,16,"["" anyways"", "" everything"", "" freaking"", ""Alright"", "" Alright""]"
association,jlens_camila,race-h,24,"[""-esque"", "" everything"", "" incredibly"", "" countless"", "" fucking""]"
association,jlens_camila,race-h,32,"["" fucking"", "" FUCK"", "" shit"", "" fuck"", "" everything""]"
association,jlens_camila,race-h,40,"["" fucking"", "" adrenaline"", "" speed"", "" FUCK"", "" sprint""]"
association,jlens_camila,race-h,48,"["" adrenaline"", "" speed"", "" fucking"", "" sprint"", "" hurried""]"
association,jlens_camila,race-h,56,"[""\u6539\u5199"", "" rewrite"", ""\u6da6"", ""\u6269"", "" he""]"
association,rlens_camila,race-h,8,"["" just"", "" that"", "" really"", "" things"", "" it""]"
association,rlens_camila,race-h,16,"["" just"", "" everything"", "" that"", "" what"", "" everyone""]"
association,rlens_camila,race-h,24,"["" just"", "" incredibly"", "" simply"", "" everything"", "" moments""]"
association,rlens_camila,race-h,32,"["" fucking"", "" just"", "" everything"", "" simply"", "" fictional""]"
association,rlens_camila,race-h,40,"["" speed"", "" adrenaline"", "" fucking"", "" walking"", "" sprint""]"
association,rlens_camila,race-h,48,"["" speed"", "" adrenaline"", "" his"", "" sprint"", "" fucking""]"
association,rlens_camila,race-h,56,"[""\u6da6"", "" he"", ""\u6539\u5199"", "" rewrite"", "" his""]"
association,jpp_released,race-h,8,"[""<|im_end|>"", "" traveling"", "" traveled"", "" Nevada"", "" neighbors""]"
association,jpp_released,race-h,16,"["" Texas"", "" Overwatch"", "" Iowa"", "" Apocalypse"", "" Forever""]"
association,jpp_released,race-h,24,"["" walking"", "" walkers"", "" forever"", "" terrified"", "" death""]"
association,jpp_released,race-h,32,"["" Death"", "" Blood"", "" death"", "" blood"", "" escape""]"
association,jpp_released,race-h,40,"["" speed"", "" last"", "" physical"", "" final"", "" running""]"
association,jpp_released,race-h,48,"["" speed"", "" blood"", "" adrenaline"", "" desperate"", "" his""]"
association,jpp_released,race-h,56,"["" keep"", "" gun"", ""\u2019un"", ""\u2019s"", "" thought""]"
association,logit,game-h,8,"[""/"", ""A"", ""S"", ""C"", ""s""]"
association,logit,game-h,16,"[""\u6b63"", ""/"", ""S"", ""T"", "" o""]"
association,logit,game-h,24,"[""\u9884\u5224"", ""\u6251"", ""ROWS"", ""ness"", ""\u535c""]"
association,logit,game-h,32,"[""oo"", "" *"", ""du"", ""\u5206\u660e"", ""DM""]"
association,logit,game-h,40,"[""\u5206\u660e"", ""\u6cc4\u9732"", ""\u660e\u663e"", ""ahi"", "" ihm""]"
association,logit,game-h,48,"[""ref"", ""\u793a\u610f"", ""\u4ec0\u4e48\u610f\u601d"", "" ov"", ""\u5e7d""]"
association,logit,game-h,56,"[""\u8fd9\u53e5\u8bdd"", ""\u6539\u5199"", ""\u4ec0\u4e48\u610f\u601d"", ""\u53e5"", "" rewrite""]"
association,jlens_camila,game-h,8,"["" busted"", "" really"", "" gotta"", "" kids"", "" moms""]"
association,jlens_camila,game-h,16,"["" really"", "" freaking"", "" folks"", "" gotta"", "" guys""]"
association,jlens_camila,game-h,24,"[""\u2014and"", ""\u2014or"", "" clever"", ""\u2014but"", ""\u2013and""]"
association,jlens_camila,game-h,32,"["" hilar"", "" clever"", ""\u2014and"", "" unexpected"", ""\u2014or""]"
association,jlens_camila,game-h,40,"["" visibly"", ""\u660e\u663e"", "" unmistak"", "" clearly"", "" visible""]"
association,jlens_camila,game-h,48,"[""\u2014and"", ""\u53ef\u89c6\u5316"", "" unmistak"", "" reveal"", ""\u4ec0\u4e48\u610f\u601d""]"
association,jlens_camila,game-h,56,"[""\u6539\u5199"", ""\u8fd9\u53e5\u8bdd"", ""\u4ec0\u4e48\u610f\u601d"", "" rewrite"", ""\u6da6""]"
association,rlens_camila,game-h,8,"["" really"", "" just"", "" things"", "" pretty"", "" something""]"
association,rlens_camila,game-h,16,"["" really"", "" just"", "" even"", "" exactly"", "" right""]"
association,rlens_camila,game-h,24,"[""\u2014and"", "" just"", "" even"", "" exactly"", "" things""]"
association,rlens_camila,game-h,32,"["" surprise"", "" just"", "" even"", "" unexpected"", "" clearly""]"
association,rlens_camila,game-h,40,"["" clearly"", "" visibly"", ""\u660e\u663e"", "" visible"", "" obvious""]"
association,rlens_camila,game-h,48,"[""\u53ef\u89c6\u5316"", ""\u2014and"", ""\u4ec0\u4e48\u610f\u601d"", "" moments"", "" unmistak""]"
association,rlens_camila,game-h,56,"[""\u8fd9\u53e5\u8bdd"", ""\u6539\u5199"", ""\u4ec0\u4e48\u610f\u601d"", "" rewrite"", ""\u53e5\u5b50""]"
association,jpp_released,game-h,8,"["" color"", "" colors"", "" jewelry"", ""<|im_end|>"", "" California""]"
association,jpp_released,game-h,16,"["" Iowa"", "" Gal"", "" Owl"", "" Eagle"", "" Sharp""]"
association,jpp_released,game-h,24,"["" chess"", "" Chess"", ""\u68cb"", "" strategic"", ""\u56f4\u68cb""]"
association,jpp_released,game-h,32,"["" chess"", "" Chess"", "" Strategy"", "" The"", "" strategy""]"
association,jpp_released,game-h,40,"["" clearly"", "" -"", "" visible"", "" clear"", "" not""]"
association,jpp_released,game-h,48,"["" visible"", "" The"", "" moments"", "" surprise"", "" visual""]"
association,jpp_released,game-h,56,"["" Valk"", ""ALK"", ""ARK"", ""VAL"", "" Vall""]"
association,logit,test-h,8,"[""/"", ""s"", "" S"", ""-"", "" A""]"
association,logit,test-h,16,"[""B"", ""/"", ""z"", ""s"", ""\u53bb""]"
association,logit,test-h,24,"[""au"", "" anymore"", "" *"", ""\u044c"", ""ie""]"
association,logit,test-h,32,"[""ram"", "" wis"", ""\u5c06"", ""\u73af"", ""\u044c""]"
association,logit,test-h,40,"[""\u51b3\u5b9a"", ""\u4ec0\u4e48\u610f\u601d"", ""\u505c\u5728"", ""\u660e\u667a"", ""\u505c""]"
association,logit,test-h,48,"[""\u4e8e\u662f"", ""\u4ec0\u4e48\u610f\u601d"", ""\u51b3\u5b9a"", ""\u7ffb"", ""\u9000""]"
association,logit,test-h,56,"[""\u4ec0\u4e48\u610f\u601d"", ""etin"", ""\u6539\u5199"", ""\u6da6"", ""With""]"
association,jlens_camila,test-h,8,"["" kids"", "" gotta"", "" really"", "" guys"", "" things""]"
association,jlens_camila,test-h,16,"["" yeah"", "" folks"", "" freaking"", "" kinda"", "" anyways""]"
association,jlens_camila,test-h,24,"["" folks"", ""\u2014or"", ""Ultimately"", ""-ish"", "" pretty""]"
association,jlens_camila,test-h,32,"[""\u2014or"", "" pretty"", "" folks"", "" just"", "" Nope""]"
association,jlens_camila,test-h,40,"["" wait"", ""\u653e\u5f03"", "" waiting"", "" stop"", ""\u505c\u6b62""]"
association,jlens_camila,test-h,48,"[""\u9000\u51fa"", "" finish"", "" waiting"", ""\u4e8e\u662f"", "" wait""]"
association,jlens_camila,test-h,56,"["" she"", ""\u4ec0\u4e48\u610f\u601d"", ""\u6da6"", ""\u6539\u5199"", ""With""]"
association,rlens_camila,test-h,8,"["" really"", "" just"", "" that"", "" pretty"", "" maybe""]"
association,rlens_camila,test-h,16,"["" folks"", "" pretty"", "" just"", "" though"", "" things""]"
association,rlens_camila,test-h,24,"["" folks"", "" things"", "" just"", ""\u2014or"", "" pretty""]"
association,rlens_camila,test-h,32,"["" just"", "" simply"", "" pretty"", "" anyway"", "" something""]"
association,rlens_camila,test-h,40,"["" wait"", "" stop"", "" waiting"", "" finish"", "" just""]"
association,rlens_camila,test-h,48,"["" she"", ""\u4e8e\u662f"", "" finish"", "" waiting"", "" wait""]"
association,rlens_camila,test-h,56,"["" she"", ""\u4ec0\u4e48\u610f\u601d"", ""\u6da6"", ""With"", ""\u6539\u5199""]"
association,jpp_released,test-h,8,"["" Texas"", "" Dallas"", "" Houston"", "" Texans"", "" backup""]"
association,jpp_released,test-h,16,"["" Texas"", "" Nope"", "" Colorado"", "" Overwatch"", "" Utah""]"
association,jpp_released,test-h,24,"["" whatever"", "" just"", "" what"", "" something"", "" forever""]"
association,jpp_released,test-h,32,"["" deadline"", "" The"", "" Time"", "" Finally"", "" They""]"
association,jpp_released,test-h,40,"["" final"", "" finally"", "" last"", "" finished"", "" stop""]"
association,jpp_released,test-h,48,"["" final"", "" her"", "" Final"", "" wait"", "" stop""]"
association,jpp_released,test-h,56,"["" Valk"", ""ARK"", ""\u7ef4\u514b"", "" with"", "" walk""]"
association,logit,search-h,8,"[""/"", "" A"", "" C"", ""-"", ""A""]"
association,logit,search-h,16,"["" b"", "" l"", "" r"", "" i"", ""\u6b63""]"
association,logit,search-h,24,"["" f"", "" i"", "" r"", "" **"", "" l""]"
association,logit,search-h,32,"["" suspect"", ""\u8352"", ""\u7a81\u7136"", ""\u663e\u5f97\u683c\u5916"", "" i""]"
association,logit,search-h,40,"[""\u76f4\u89c9"", ""\u7a81\u7136"", ""\u5c3d\u5934"", "" intuition"", ""\u4ec0\u4e48\u610f\u601d""]"
association,logit,search-h,48,"[""\u4ec0\u4e48\u610f\u601d"", ""\u900f"", ""\u4e0d\u4e3a"", ""\u6bcf\u4e00\u6b21"", ""\u81ea\u6709""]"
association,logit,search-h,56,"[""\u6539\u5199"", ""\u6269"", ""\u4ec0\u4e48\u610f\u601d"", ""\u4fee\u6539"", ""\u6362\u6210""]"
association,jlens_camila,search-h,8,"["" folks"", "" gotta"", "" goofy"", "" kids"", "" moms""]"
association,jlens_camila,search-h,16,"["" folks"", ""\u2014or"", ""\u2014even"", ""\u3060\u3063\u3066"", ""\u2014not""]"
association,jlens_camila,search-h,24,"[""\u2014or"", ""\u2014and"", ""\u2014but"", ""\u2014even"", "" folks""]"
association,jlens_camila,search-h,32,"["" unexpected"", ""Unexpected"", ""\u2014or"", "" curious"", "" weird""]"
association,jlens_camila,search-h,40,"[""\u76f4\u89c9"", ""\u5bfc\u822a"", "" curious"", ""\u7ebf\u7d22"", "" curiosity""]"
association,jlens_camila,search-h,48,"["" stubborn"", ""\u7ebf\u7d22"", ""\u76f4\u89c9"", "" whispered"", "" whispers""]"
association,jlens_camila,search-h,56,"[""\u6539\u5199"", ""\u6539\u6210"", ""\u4ec0\u4e48\u610f\u601d"", "" rewrite"", ""\u4fee\u6539""]"
association,rlens_camila,search-h,8,"["" just"", "" pretty"", "" folks"", "" kids"", "" really""]"
association,rlens_camila,search-h,16,"[""\u2014or"", ""\u2014and"", "" folks"", ""\u2014but"", "" just""]"
association,rlens_camila,search-h,24,"[""\u2014or"", ""\u2014and"", ""\u2014but"", "" just"", "" folks""]"
association,rlens_camila,search-h,32,"["" unexpected"", "" suspect"", ""\u7ebf\u7d22"", "" curious"", "" mysterious""]"
association,rlens_camila,search-h,40,"[""\u76f4\u89c9"", ""\u7ebf\u7d22"", "" instinct"", "" intuition"", "" curiosity""]"
association,rlens_camila,search-h,48,"[""\u7ebf\u7d22"", ""\u4fe1\u53f7"", "" stubborn"", ""\u76f4\u89c9"", ""\u4ec0\u4e48\u610f\u601d""]"
association,rlens_camila,search-h,56,"[""\u6539\u5199"", ""\u6539\u6210"", ""\u4ec0\u4e48\u610f\u601d"", "" rewrite"", ""\u4fee\u6539""]"
association,jpp_released,search-h,8,"["" goofy"", "" neighbors"", "" neighborhood"", "" salty"", "" someday""]"
association,jpp_released,search-h,16,"["" River"", "" Texas"", "" Prairie"", "" Iowa"", "" Wolf""]"
association,jpp_released,search-h,24,"["" dog"", "" wilderness"", "" curiosity"", "" paths"", "" wander""]"
association,jpp_released,search-h,32,"["" dog"", "" wild"", "" wilderness"", "" mysterious"", "" Wild""]"
association,jpp_released,search-h,40,"["" dog"", "" mysterious"", "" wild"", "" curious"", "" search""]"
association,jpp_released,search-h,48,"["" dog"", "" dogs"", "" mysterious"", "" Dog"", "" stubborn""]"
association,jpp_released,search-h,56,"["" Valk"", "" Falk"", ""VAL"", ""ALK"", ""elin""]"
association,logit,free-h,8,"[""/"", ""T"", "" T"", "" A"", ""A""]"
association,logit,free-h,16,"[""\u6b63"", ""s"", ""K"", ""V"", "" b""]"
association,logit,free-h,24,"[""\u81ea\u7531\u7684"", ""\u81ea\u7531"", "" freed"", "" **"", "" freedom""]"
association,logit,free-h,32,"[""\u81ea\u7531"", ""\u655e"", ""riet"", ""\u8fce"", "" intact""]"
association,logit,free-h,40,"[""\u655e"", ""\u81ea\u7531"", ""\u81ea\u7531\u7684"", ""\u4ec0\u4e48\u610f\u601d"", ""osso""]"
association,logit,free-h,48,"[""lio"", ""\u673a"", ""cato"", ""\u843d\u5730"", ""\u7ad9""]"
association,logit,free-h,56,"[""\u7136\u540e\u662f"", ""\u7136\u540e"", ""\u8fd9\u53e5\u8bdd"", ""\u4ec0\u4e48\u610f\u601d"", ""\u6da6""]"
association,jlens_camila,free-h,8,"["" kids"", "" guys"", "" gotta"", "" things"", "" kinda""]"
association,jlens_camila,free-h,16,"["" freaking"", "" pretty"", "" everything"", "" guys"", "" really""]"
association,jlens_camila,free-h,24,"[""\u2014or"", "" pretty"", "" somewhere"", "" everywhere"", "" things""]"
association,jlens_camila,free-h,32,"["" tiny"", "" suddenly"", "" kids"", "" everything"", ""\u2014or""]"
association,jlens_camila,free-h,40,"["" fucking"", ""\u7684\u81ea\u7531"", ""\u5f00\u653e"", ""\u81ea\u7531"", "" freedom""]"
association,jlens_camila,free-h,48,"["" suddenly"", "" Suddenly"", ""\u2014he"", ""\u6253\u5f00"", ""\u2014they""]"
association,jlens_camila,free-h,56,"[""\u4ec0\u4e48\u610f\u601d"", ""Then"", "" Then"", ""\u8fd9\u53e5\u8bdd"", "" then""]"
association,rlens_camila,free-h,8,"["" really"", "" just"", "" pretty"", "" things"", "" maybe""]"
association,rlens_camila,free-h,16,"["" pretty"", "" maybe"", "" everything"", "" just"", "" really""]"
association,rlens_camila,free-h,24,"["" just"", "" really"", "" somewhere"", "" things"", "" sky""]"
association,rlens_camila,free-h,32,"["" just"", "" suddenly"", "" everything"", "" maybe"", "" tiny""]"
association,rlens_camila,free-h,40,"["" freedom"", "" feels"", ""\u7684\u81ea\u7531"", "" fucking"", "" everything""]"
association,rlens_camila,free-h,48,"["" suddenly"", ""\u7a7a\u6c14\u4e2d"", ""\u4ec0\u4e48\u610f\u601d"", "" walking"", "" smell""]"
association,rlens_camila,free-h,56,"[""\u4ec0\u4e48\u610f\u601d"", "" Then"", ""\u8fd9\u53e5\u8bdd"", "" then"", ""Then""]"
association,jpp_released,free-h,8,"["" Texas"", "" texas"", ""\u5fb7\u5dde"", "" sky"", "" Texans""]"
association,jpp_released,free-h,16,"["" sky"", "" Iowa"", "" Sky"", "" Texas"", "" NASA""]"
association,jpp_released,free-h,24,"["" freedom"", "" free"", "" sky"", "" freed"", "" Freedom""]"
association,jpp_released,free-h,32,"["" sky"", "" Freedom"", "" freedom"", "" free"", "" Sky""]"
association,jpp_released,free-h,40,"["" free"", "" open"", "" freedom"", "" old"", "" feeling""]"
association,jpp_released,free-h,48,"["" old"", "" street"", "" sky"", "" walking"", "" air""]"
association,jpp_released,free-h,56,"["" air"", "" walk"", "" wind"", ""\u2019un"", "" sky""]"
association,logit,found-h,8,"[""A"", ""T"", ""s"", ""/"", ""-""]"
association,logit,found-h,16,"[""\u6b63"", ""G"", "" o"", ""st"", ""de""]"
association,logit,found-h,24,"[""omin"", ""nam"", ""rov"", "" t"", "" o""]"
association,logit,found-h,32,"[""\u67b6\u4e0a"", ""\u00b9"", ""jev"", ""\u5f25"", ""unal""]"
association,logit,found-h,40,"[""\u4ec0\u4e48\u610f\u601d"", ""\u903e"", ""aise"", ""\u662f\u4ec0\u4e48\u6837\u7684"", ""\u00e9ra""]"
association,logit,found-h,48,"[""\u4ec0\u4e48\u610f\u601d"", ""sembl"", ""\u662f\u4ec0\u4e48\u610f\u601d"", ""\u8fd9\u53e5\u8bdd"", ""obi""]"
association,logit,found-h,56,"[""\u53e5"", ""\u53e5\u5b50"", ""\u53e5\u4e2d"", ""\u8fd9\u53e5\u8bdd"", "" sentence""]"
association,jlens_camila,found-h,8,"["" stuff"", "" really"", "" things"", "" kids"", "" gotta""]"
association,jlens_camila,found-h,16,"["" really"", "" pretty"", "" stuff"", "" actually"", ""Really""]"
association,jlens_camila,found-h,24,"[""\u2014or"", "" really"", ""-but"", "" something"", "" perhaps""]"
association,jlens_camila,found-h,32,"["" suddenly"", "" Suddenly"", "" unmistak"", ""\u2014or"", ""\u2014a""]"
association,jlens_camila,found-h,40,"["" suddenly"", "" Suddenly"", "" Unexpected"", "" unexpected"", ""Unexpected""]"
association,jlens_camila,found-h,48,"[""\u8fd9\u53e5\u8bdd"", "" she"", "" her"", ""\u53e5\u5b50"", "" herself""]"
association,jlens_camila,found-h,56,"[""\u53e5\u5b50"", ""\u53e5"", "" sentence"", ""\u53e5\u4e2d"", ""\u8bed\u6cd5""]"
association,rlens_camila,found-h,8,"["" really"", "" just"", "" things"", "" pretty"", "" stuff""]"
association,rlens_camila,found-h,16,"["" really"", "" just"", "" whatever"", "" pretty"", "" though""]"
association,rlens_camila,found-h,24,"["" really"", "" just"", "" something"", "" nearly"", "" though""]"
association,rlens_camila,found-h,32,"["" just"", "" suddenly"", "" something"", "" immediately"", "" what""]"
association,rlens_camila,found-h,40,"["" surprise"", "" suddenly"", "" unexpected"", "" waiting"", "" confirmed""]"
association,rlens_camila,found-h,48,"["" she"", ""\u8fd9\u53e5\u8bdd"", "" her"", "" herself"", ""\u4ec0\u4e48\u610f\u601d""]"
association,rlens_camila,found-h,56,"[""\u53e5\u5b50"", ""\u53e5"", "" sentence"", ""\u53e5\u4e2d"", ""\u8fd9\u53e5\u8bdd""]"
association,jpp_released,found-h,8,"["" somehow"", "" something"", "" anyway"", "" pretty"", "" stuff""]"
association,jpp_released,found-h,16,"["" Seattle"", ""CW"", "" CW"", ""GW"", "" Everything""]"
association,jpp_released,found-h,24,"["" -"", "" the"", "" something"", "" just"", "" whatever""]"
association,jpp_released,found-h,32,"["" The"", "" What"", "" They"", "" This"", "" -""]"
association,jpp_released,found-h,40,"["" -"", "" first"", "" finally"", "" news"", "" something""]"
association,jpp_released,found-h,48,"["" her"", "" girl"", "" woman"", "" she"", "" herself""]"
association,jpp_released,found-h,56,"["" sentence"", ""\u53e5\u5b50"", ""\u53e5"", ""\u53e5\u5f0f"", "" gramm""]"
association,logit,king-h,8,"[""/"", ""A"", ""T"", ""C"", ""B""]"
association,logit,king-h,16,"[""G"", ""/"", "" as"", "" B"", "" **""]"
association,logit,king-h,24,"["" legacy"", "" A"", ""\u6bcf\u4e00\u6b21"", ""\u51b3\u5b9a"", ""\u662f\u4e0d\u662f""]"
association,logit,king-h,32,"[""\u5c5e"", ""\u88d5"", ""\u552f\u4e00\u7684"", ""abl"", ""\u51b3\u5b9a""]"
association,logit,king-h,40,"[""\u6bcf\u4e00\u6b21"", ""\u7ee7\u627f"", ""\u51b3\u5b9a"", ""\u6b63"", "" legacy""]"
association,logit,king-h,48,"[""\u73af"", ""\u826f"", "" moment"", ""\u4e09\u767e"", ""\u4ec0\u4e48\u610f\u601d""]"
association,logit,king-h,56,"[""\u6269"", ""\u8fd9\u53e5\u8bdd"", ""\u6539\u5199"", "" rewrite"", ""\u4ec0\u4e48\u610f\u601d""]"
association,jlens_camila,king-h,8,"["" though"", "" perhaps"", ""Though"", "" Though"", "" many""]"
association,jlens_camila,king-h,16,"["" whispers"", "" nuanced"", "" deeply"", "" truly"", ""\u2014or""]"
association,jlens_camila,king-h,24,"[""\u2014or"", ""\u2014and"", ""\u2014but"", ""\u2014not"", ""\u2014even""]"
association,jlens_camila,king-h,32,"[""\u2014but"", ""\u2014or"", "" whispers"", "" moments"", "" whispered""]"
association,jlens_camila,king-h,40,"["" whispered"", "" whispers"", ""\u2014but"", "" moments"", ""\u2014or""]"
association,jlens_camila,king-h,48,"["" whispered"", "" whispers"", "" moment"", ""\u2014but"", ""\u2014or""]"
association,jlens_camila,king-h,56,"[""\u8fd9\u53e5\u8bdd"", ""\u6539\u5199"", "" rewrite"", ""\u6269"", ""\u4ec0\u4e48\u610f\u601d""]"
association,rlens_camila,king-h,8,"["" though"", "" perhaps"", "" the"", "" that"", "" truly""]"
association,rlens_camila,king-h,16,"["" even"", "" nearly"", "" truly"", "" every"", "" yet""]"
association,rlens_camila,king-h,24,"[""\u2014or"", ""\u2014and"", "" moments"", ""\u2014but"", "" perhaps""]"
association,rlens_camila,king-h,32,"["" moments"", "" moment"", "" just"", ""\u2014or"", ""\u51b3\u5b9a""]"
association,rlens_camila,king-h,40,"["" moments"", "" whispers"", "" whispered"", "" moment"", ""\u90a3\u4e00\u523b""]"
association,rlens_camila,king-h,48,"["" moment"", "" moments"", "" whispered"", "" whispers"", "" solemn""]"
association,rlens_camila,king-h,56,"[""\u8fd9\u53e5\u8bdd"", "" rewrite"", ""\u6539\u5199"", ""\u6269"", ""\u4ec0\u4e48\u610f\u601d""]"
association,jpp_released,king-h,8,"["" perhaps"", "" the"", "" powerful"", "" nearly"", "" great""]"
association,jpp_released,king-h,16,"["" awe"", "" poised"", "" towering"", "" whisper"", "" whispered""]"
association,jpp_released,king-h,24,"["" poet"", "" father"", "" young"", "" rising"", "" men""]"
association,jpp_released,king-h,32,"["" The"", "" History"", "" history"", "" leadership"", "" Command""]"
association,jpp_released,king-h,40,"["" young"", "" feeling"", "" moment"", "" whispers"", "" father""]"
association,jpp_released,king-h,48,"["" solemn"", "" moment"", "" young"", "" whispers"", "" men""]"
association,jpp_released,king-h,56,"["" Valk"", ""ALK"", ""\u8fd9\u53e5\u8bdd"", ""\u2019on"", ""VAL""]"
association,logit,child-h,8,"[""/"", ""A"", "" A"", ""-"", ""C""]"
association,logit,child-h,16,"[""T"", ""B"", ""K"", ""re"", ""z""]"
association,logit,child-h,24,"[""\u89c4"", ""ima"", ""ask"", ""obi"", "" anymore""]"
association,logit,child-h,32,"[""un"", "" b"", "" D"", ""6"", "" p""]"
association,logit,child-h,40,"[""obi"", ""pat"", ""\u52a1\u5b9e"", ""\u6bcf\u6b21"", ""\u9002\u5e94""]"
association,logit,child-h,48,"["" b"", ""\u62e8"", ""\u8bad"", ""ike"", ""co""]"
association,logit,child-h,56,"[""\u6da6"", ""\u6539\u5199"", ""\u4ec0\u4e48\u610f\u601d"", ""\u8fd9\u53e5\u8bdd"", ""\u4f18\u5316""]"
association,jlens_camila,child-h,8,"[""abouts"", "" perhaps"", ""unno"", ""\u305d\u3046\u3057\u305f"", "" somewhat""]"
association,jlens_camila,child-h,16,"["" \u0412\u043f\u0440\u043e\u0447\u0435\u043c"", ""\u2014or"", ""\u2014but"", ""Though"", ""\u597d\u6b79""]"
association,jlens_camila,child-h,24,"["" \u0412\u043f\u0440\u043e\u0447\u0435\u043c"", ""\u2014or"", ""\u2014but"", "" ostensibly"", "" burgeoning""]"
association,jlens_camila,child-h,32,"[""\u2014but"", "" \u0412\u043f\u0440\u043e\u0447\u0435\u043c"", ""\u2014or"", ""\u2014and"", "" subtly""]"
association,jlens_camila,child-h,40,"["" children"", "" parents"", "" parenting"", ""Children"", "" kids""]"
association,jlens_camila,child-h,48,"["" children"", "" parents"", ""Children"", "" parenting"", "" Children""]"
association,jlens_camila,child-h,56,"[""\u6da6"", ""\u6539\u5199"", ""\u6539\u4e3a"", ""\u6539\u6210"", "" rewrite""]"
association,rlens_camila,child-h,8,"["" just"", "" perhaps"", "" though"", "" even"", "" more""]"
association,rlens_camila,child-h,16,"["" though"", "" whatever"", ""\u2014or"", "" even"", "" just""]"
association,rlens_camila,child-h,24,"["" anyway"", "" just"", "" somewhere"", "" whatever"", "" some""]"
association,rlens_camila,child-h,32,"["" anyway"", "" sometimes"", "" just"", "" her"", "" simply""]"
association,rlens_camila,child-h,40,"["" children"", "" parents"", "" child"", "" family"", "" parenting""]"
association,rlens_camila,child-h,48,"["" children"", "" parents"", "" child"", "" she"", "" parenting""]"
association,rlens_camila,child-h,56,"[""\u6da6"", ""\u6539\u4e3a"", ""\u6539\u5199"", ""\u7ffb\u8bd1"", ""\u6539\u6210""]"
association,jpp_released,child-h,8,"["" perhaps"", "" somewhat"", "" rather"", "" anyway"", ""\u751c\u98df""]"
association,jpp_released,child-h,16,"["" Gamma"", "" Whisper"", "" Texas"", "" Nope"", "" WX""]"
association,jpp_released,child-h,24,"["" her"", "" children"", "" grown"", "" more"", "" much""]"
association,jpp_released,child-h,32,"["" her"", "" family"", "" children"", "" she"", "" The""]"
association,jpp_released,child-h,40,"["" children"", "" child"", "" family"", "" Children"", "" parents""]"
association,jpp_released,child-h,48,"["" children"", "" child"", "" family"", "" Children"", "" parents""]"
association,jpp_released,child-h,56,"["" today"", "" translates"", "" baby"", "" words"", "" they""]"
association,logit,air-h,8,"[""/"", "" A"", ""-"", "" C"", "" S""]"
association,logit,air-h,16,"[""B"", ""V"", ""/"", ""S"", ""K""]"
association,logit,air-h,24,"[""\u547c"", "" A"", "" pr"", ""\u5012"", ""\u547d""]"
association,logit,air-h,32,"[""ego"", "" d"", ""osu"", ""\u6295\u5165"", ""jul""]"
association,logit,air-h,40,"["" underwater"", ""thal"", ""\u6bcf\u4e00\u6b21"", "" breath"", ""lug""]"
association,logit,air-h,48,"[""\u5fc3\u8df3"", "" breath"", ""\u6bcf\u4e00\u6b21"", ""\u4ec0\u4e48\u610f\u601d"", "" b""]"
association,logit,air-h,56,"["" rewrite"", ""\u8fd9\u53e5\u8bdd"", ""\u5e2e\u6211"", ""\u6539\u5199"", ""\u5e2e""]"
association,jlens_camila,air-h,8,"["" folks"", "" goofy"", ""\u2014that"", "" nearly"", "" gotta""]"
association,jlens_camila,air-h,16,"["" folks"", "" nuanced"", ""Ultimately"", ""\u2014even"", "" davvero""]"
association,jlens_camila,air-h,24,"[""\u2014or"", ""\u2014and"", ""\u2014but"", ""Ultimately"", "" perhaps""]"
association,jlens_camila,air-h,32,"[""\u2014or"", "" moments"", ""\u2014a"", "" nearly"", ""Timeout""]"
association,jlens_camila,air-h,40,"["" underwater"", "" submerged"", ""\u6f5c\u6c34"", "" swimming"", ""\u6c34\u4e0b""]"
association,jlens_camila,air-h,48,"["" underwater"", "" breathing"", "" breath"", "" submerged"", ""\u547c\u5438""]"
association,jlens_camila,air-h,56,"["" rewrite"", ""\u6539\u5199"", ""rewrite"", "" underwater"", "" Rewrite""]"
association,rlens_camila,air-h,8,"["" nearly"", "" just"", "" really"", ""\u2014and"", "" folks""]"
association,rlens_camila,air-h,16,"["" just"", "" even"", "" things"", "" nearly"", "" something""]"
association,rlens_camila,air-h,24,"["" nearly"", "" just"", "" though"", "" even"", ""\u2014or""]"
association,rlens_camila,air-h,32,"["" nearly"", "" moments"", "" just"", "" once"", "" never""]"
association,rlens_camila,air-h,40,"["" underwater"", "" submerged"", ""\u6c34\u4e0b"", ""\u6f5c\u6c34"", "" swimming""]"
association,rlens_camila,air-h,48,"["" underwater"", "" breathing"", "" breath"", ""\u547c\u5438"", "" submerged""]"
association,rlens_camila,air-h,56,"["" rewrite"", ""\u6539\u5199"", "" underwater"", ""\u8fd9\u53e5\u8bdd"", ""\u6da6""]"
association,jpp_released,air-h,8,"["" color"", "" Brooklyn"", "" Chicago"", "" tank"", "" paint""]"
association,jpp_released,air-h,16,"["" Overwatch"", "" Chicago"", "" Texas"", "" Horizon"", "" Iowa""]"
association,jpp_released,air-h,24,"["" peril"", "" rescue"", "" dangerously"", "" danger"", "" flick""]"
association,jpp_released,air-h,32,"["" rescue"", "" escape"", "" Death"", "" survival"", "" death""]"
association,jpp_released,air-h,40,"["" underwater"", "" submerged"", "" swimming"", "" underground"", "" water""]"
association,jpp_released,air-h,48,"["" underwater"", "" breath"", "" breathing"", "" tunnel"", "" oxygen""]"
association,jpp_released,air-h,56,"["" swim"", "" underwater"", "" dives"", "" dive"", "" diving""]"
association,logit,france-h,8,"[""/"", ""-"", ""A"", ""S"", ""T""]"
association,logit,france-h,16,"[""\u6b63"", "" S"", ""st"", ""G"", ""S""]"
association,logit,france-h,24,"[""\u4e0d\u670d"", "" *"", ""\u51b7"", "" **"", "" no""]"
association,logit,france-h,32,"[""\u5212"", ""\u544a"", ""\u4e09\u4ee3"", ""\u8d8b"", ""\u9877""]"
association,logit,france-h,40,"[""vn"", ""\u4ec0\u4e48\u610f\u601d"", ""ters"", ""\u662f\u4ec0\u4e48\u610f\u601d"", ""\u0131\u015f""]"
association,logit,france-h,48,"[""\u4ec0\u4e48\u610f\u601d"", ""idd"", ""\u662f\u4ec0\u4e48\u610f\u601d"", ""\u8bdd"", ""aise""]"
association,logit,france-h,56,"[""\u8fd9\u53e5\u8bdd"", ""\u6da6"", ""\u6539\u5199"", ""\u4ec0\u4e48\u610f\u601d"", "" rewrite""]"
association,jlens_camila,france-h,8,"["" gotta"", "" kids"", "" folks"", "" goofy"", "" stuff""]"
association,jlens_camila,france-h,16,"["" freaking"", ""\u3060\u3063\u3066"", "" really"", "" Nope"", "" folks""]"
association,jlens_camila,france-h,24,"["" ostensibly"", ""\u2014or"", ""\u2014and"", "" decidedly"", ""\u2014but""]"
association,jlens_camila,france-h,32,"[""\u2014a"", ""\u2014but"", "" fucking"", ""\u2014or"", ""\u2014and""]"
association,jlens_camila,france-h,40,"["" embarrassment"", ""\u5c34\u5c2c"", "" anxiety"", ""\u7f9e"", "" shame""]"
association,jlens_camila,france-h,48,"["" suddenly"", ""\u4ec0\u4e48\u610f\u601d"", ""\u8fd9\u53e5\u8bdd"", "" fucking"", "" feeling""]"
association,jlens_camila,france-h,56,"[""\u8fd9\u53e5\u8bdd"", ""\u6539\u5199"", ""\u53e5\u5b50"", "" sentence"", "" rewrite""]"
association,rlens_camila,france-h,8,"["" just"", "" really"", "" pretty"", "" even"", "" actually""]"
association,rlens_camila,france-h,16,"["" just"", "" even"", "" nearly"", "" really"", "" though""]"
association,rlens_camila,france-h,24,"["" just"", ""\u2014and"", ""\u2014or"", "" ostensibly"", "" nearly""]"
association,rlens_camila,france-h,32,"["" fucking"", ""\u2014a"", ""\u2014and"", "" suddenly"", ""\u2014or""]"
association,rlens_camila,france-h,40,"["" embarrassment"", "" shame"", ""\u5c34\u5c2c"", "" feeling"", "" anxiety""]"
association,rlens_camila,france-h,48,"[""\u4ec0\u4e48\u610f\u601d"", "" suddenly"", "" feeling"", ""\u8fd9\u53e5\u8bdd"", "" shame""]"
association,rlens_camila,france-h,56,"[""\u8fd9\u53e5\u8bdd"", ""\u6539\u5199"", ""\u53e5\u5b50"", ""\u6da6"", "" sentence""]"
association,jpp_released,france-h,8,"["" Chicago"", ""\u829d\u52a0\u54e5"", "" jewelry"", "" famously"", "" paycheck""]"
association,jpp_released,france-h,16,"["" Texas"", "" Nebraska"", "" Pacific"", "" California"", "" Seattle""]"
association,jpp_released,france-h,24,"["" subtly"", "" literary"", "" just"", "" subtle"", "" Literary""]"
association,jpp_released,france-h,32,"["" -"", "" The"", "" poetry"", "" feel"", "" nerv""]"
association,jpp_released,france-h,40,"["" feeling"", "" shame"", "" humiliation"", "" embarrassment"", "" feelings""]"
association,jpp_released,france-h,48,"["" her"", "" shame"", "" memories"", "" memory"", "" woman""]"
association,jpp_released,france-h,56,"["" sentence"", "" grammar"", ""\u8fd9\u53e5\u8bdd"", ""\u8bed\u6cd5"", ""\u53e5\u5b50""]"
association,logit,china-h,8,"[""/"", ""s"", ""A"", ""S"", ""G""]"
association,logit,china-h,16,"["" S"", ""S"", "" I"", ""P"", ""s""]"
association,logit,china-h,24,"[""z"", ""K"", ""S"", ""\u901a"", ""L""]"
association,logit,china-h,32,"["" w"", ""w"", "" b"", ""\u53ea"", ""un""]"
association,logit,china-h,40,"["" feel"", "" felt"", "" feels"", "" b"", ""feel""]"
association,logit,china-h,48,"[""\u8fd9\u53e5\u8bdd"", ""\u4ec0\u4e48\u610f\u601d"", "" b"", "" feeling"", ""\u62e8""]"
association,logit,china-h,56,"[""\u8fd9\u53e5\u8bdd"", ""\u6539\u5199"", "" rewrite"", ""\u53e5\u5b50"", "" sentence""]"
association,jlens_camila,china-h,8,"["" really"", "" things"", "" kids"", "" gotta"", "" big""]"
association,jlens_camila,china-h,16,"["" freaking"", "" pretty"", "" really"", "" yeah"", "" everything""]"
association,jlens_camila,china-h,24,"[""things"", "" things"", ""-but"", ""\u2014or"", "" \u043a\u0430\u0437\u0430\u043b\u043e\u0441\u044c""]"
association,jlens_camila,china-h,32,"[""<|im_end|>"", "" fucking"", "" seemingly"", "" fuck"", "" whispers""]"
association,jlens_camila,china-h,40,"["" feeling"", "" feels"", "" feel"", "" felt"", "" fucking""]"
association,jlens_camila,china-h,48,"[""\u8fd9\u53e5\u8bdd"", "" feeling"", "" fucking"", ""\u7ffb\u8bd1"", "" felt""]"
association,jlens_camila,china-h,56,"[""\u6539\u5199"", "" rewrite"", ""\u53e5\u5b50"", ""\u8fd9\u53e5\u8bdd"", ""\u53e5""]"
association,rlens_camila,china-h,8,"["" really"", "" just"", "" pretty"", "" things"", "" even""]"
association,rlens_camila,china-h,16,"["" just"", "" things"", "" really"", "" nearly"", "" pretty""]"
association,rlens_camila,china-h,24,"["" just"", "" nearly"", "" perhaps"", "" seemingly"", "" things""]"
association,rlens_camila,china-h,32,"["" seemingly"", "" simply"", "" just"", "" truly"", "" deep""]"
association,rlens_camila,china-h,40,"["" feeling"", "" feels"", "" feel"", "" felt"", "" feelings""]"
association,rlens_camila,china-h,48,"[""\u8fd9\u53e5\u8bdd"", "" feeling"", "" feel"", "" feels"", ""\u4ec0\u4e48\u610f\u601d""]"
association,rlens_camila,china-h,56,"[""\u53e5\u5b50"", ""\u8fd9\u53e5\u8bdd"", ""\u6539\u5199"", "" rewrite"", ""\u53e5""]"
association,jpp_released,china-h,8,"["" huge"", "" world"", "" incredibly"", "" famously"", "" countless""]"
association,jpp_released,china-h,16,"["" World"", "" Global"", "" world"", "" billions"", "" global""]"
association,jpp_released,china-h,24,"["" worlds"", "" forever"", "" world"", "" much"", "" just""]"
association,jpp_released,china-h,32,"["" The"", "" They"", "" London"", "" -"", "" This""]"
association,jpp_released,china-h,40,"["" feeling"", "" feel"", "" felt"", "" thought"", "" -""]"
association,jpp_released,china-h,48,"["" feeling"", "" city"", "" street"", "" feelings"", "" New""]"
association,jpp_released,china-h,56,"["" sentence"", ""\u53e5"", ""\u53e5\u5b50"", ""\u8fd9\u53e5\u8bdd"", "" grammar""]"
association,logit,london-h,8,"[""/"", ""T"", "" T"", ""S"", ""-""]"
association,logit,london-h,16,"[""\u6b63"", ""z"", ""\u7cfb"", "" r"", ""T""]"
association,logit,london-h,24,"[""\u907f"", "" l"", "" subtle"", "" f"", ""\u793a""]"
association,logit,london-h,32,"[""\u00b9"", ""\u8d8b"", ""\u907f"", ""\u9690"", ""\u63d0""]"
association,logit,london-h,40,"[""obi"", ""\u00b9"", ""\u907f"", ""\u5bf9\u4e00\u4e2a"", ""dera""]"
association,logit,london-h,48,"[""\u4ec0\u4e48\u610f\u601d"", ""\u907f"", ""\u51fa\u5165"", ""\u8c61"", ""emb""]"
association,logit,london-h,56,"[""\u6539\u5199"", ""\u8fd9\u53e5\u8bdd"", ""\u043d\u0430"", ""in"", ""\u5bf9""]"
association,jlens_camila,london-h,8,"[""abouts"", ""\u305d\u3046\u3057\u305f"", ""\u0993\u09af\u09bc"", ""gak"", "" things""]"
association,jlens_camila,london-h,16,"["" folks"", ""\u3060\u3063\u3066"", "" clever"", "" \u0412\u043f\u0440\u043e\u0447\u0435\u043c"", ""\u54ea\u6015""]"
association,jlens_camila,london-h,24,"[""\u2014or"", ""\u2014and"", ""\u2014but"", ""\u2014not"", "" perhaps""]"
association,jlens_camila,london-h,32,"[""\u2014or"", ""\u2014and"", "" whispers"", ""\u2014but"", "" subtly""]"
association,jlens_camila,london-h,40,"["" fear"", "" trauma"", "" Fear"", "" subtly"", "" terrified""]"
association,jlens_camila,london-h,48,"["" memories"", "" trauma"", "" whispers"", "" memory"", "" whispered""]"
association,jlens_camila,london-h,56,"[""\u6539\u5199"", ""\u8fd9\u53e5\u8bdd"", ""\u4ec0\u4e48\u610f\u601d"", "" rewrite"", ""\u53e5""]"
association,rlens_camila,london-h,8,"["" just"", "" that"", "" really"", "" something"", "" even""]"
association,rlens_camila,london-h,16,"["" just"", "" even"", "" really"", "" perhaps"", ""\u2014or""]"
association,rlens_camila,london-h,24,"[""\u2014or"", ""\u2014and"", "" perhaps"", "" just"", "" more""]"
association,rlens_camila,london-h,32,"["" quietly"", "" subtle"", "" discreet"", "" whispers"", "" subtly""]"
association,rlens_camila,london-h,40,"["" fear"", "" trauma"", "" Fear"", "" subtly"", "" subtle""]"
association,rlens_camila,london-h,48,"["" memories"", "" trauma"", "" memory"", ""\u4ec0\u4e48\u610f\u601d"", "" she""]"
association,rlens_camila,london-h,56,"[""\u8fd9\u53e5\u8bdd"", ""\u6539\u5199"", ""\u4ec0\u4e48\u610f\u601d"", "" rewrite"", ""\u53e5""]"
association,jpp_released,london-h,8,"["" Chicago"", "" anyway"", ""<|im_end|>"", ""\u829d\u52a0\u54e5"", ""<unk""]"
association,jpp_released,london-h,16,"["" Chicago"", "" Manhattan"", "" NYC"", "" Brooklyn"", "" New""]"
association,jpp_released,london-h,24,"["" more"", "" much"", "" her"", "" subtly"", "" old""]"
association,jpp_released,london-h,32,"["" hidden"", "" discreet"", "" secret"", "" her"", "" secrets""]"
association,jpp_released,london-h,40,"["" fear"", "" memory"", "" years"", "" people"", "" safe""]"
association,jpp_released,london-h,48,"["" memories"", "" memory"", "" trauma"", "" Memory"", "" mental""]"
association,jpp_released,london-h,56,"["" Valk"", ""ALK"", "" Vall"", ""VAL"", ""ARK""]"
association,logit,book-h,8,"[""-"", ""A"", ""/"", ""T"", ""*""]"
association,logit,book-h,16,"[""s"", ""\u81ea\u5df1"", ""/"", ""K"", ""\u62d0""]"
association,logit,book-h,24,"["" t"", "" n"", ""\u6401"", ""ad"", ""em""]"
association,logit,book-h,32,"[""isk"", ""ight"", ""em"", ""\u529d"", ""ag""]"
association,logit,book-h,40,"[""ag"", ""\u5f92"", ""\u4e0d\u65e9"", ""\u5df2\u7ecf\u8fc7\u53bb"", ""\u53e3""]"
association,logit,book-h,48,"[""\u7136\u540e"", ""\u5df2\u7ecf\u8fc7\u53bb"", ""\u5230\u5982\u4eca"", ""\u7136\u540e\u518d"", ""\u505c""]"
association,logit,book-h,56,"["" then"", ""\u7136\u540e"", ""Then"", "" Then"", ""\u4e4b\u540e""]"
association,jlens_camila,book-h,8,"["" kids"", "" really"", "" things"", "" stuff"", "" gotta""]"
association,jlens_camila,book-h,16,"["" really"", "" actually"", "" yeah"", "" folks"", "" freaking""]"
association,jlens_camila,book-h,24,"["" maybe"", "" story"", "" just"", "" someday"", "" something""]"
association,jlens_camila,book-h,32,"[""\u2014or"", "" just"", "" time"", ""\u2014but"", "" tonight""]"
association,jlens_camila,book-h,40,"["" sleep"", "" bedtime"", "" midnight"", "" Sleep"", "" night""]"
association,jlens_camila,book-h,48,"["" promise"", "" now"", "" then"", "" promises"", ""\u2014but""]"
association,jlens_camila,book-h,56,"[""Then"", "" Then"", "" then"", ""\u7136\u540e"", ""\u8fd9\u53e5\u8bdd""]"
association,rlens_camila,book-h,8,"["" really"", "" maybe"", "" probably"", "" just"", "" pretty""]"
association,rlens_camila,book-h,16,"["" just"", "" really"", "" though"", "" what"", "" all""]"
association,rlens_camila,book-h,24,"["" just"", "" really"", "" more"", "" not"", "" too""]"
association,rlens_camila,book-h,32,"["" just"", "" not"", "" time"", "" only"", "" next""]"
association,rlens_camila,book-h,40,"["" bedtime"", "" just"", "" sleep"", "" time"", "" promise""]"
association,rlens_camila,book-h,48,"["" then"", "" promise"", "" now"", "" just"", "" Then""]"
association,rlens_camila,book-h,56,"["" Then"", "" then"", ""Then"", ""\u8fd9\u53e5\u8bdd"", ""\u7136\u540e""]"
association,jpp_released,book-h,8,"["" someday"", "" Iowa"", "" goofy"", ""\u829d\u52a0\u54e5"", "" famously""]"
association,jpp_released,book-h,16,"["" Story"", "" All"", "" SF"", "" Wheeler"", "" Genesis""]"
association,jpp_released,book-h,24,"["" book"", "" -"", "" story"", "" literary"", "" just""]"
association,jpp_released,book-h,32,"["" night"", "" time"", ""\\n"", "" bedtime"", ""2""]"
association,jpp_released,book-h,40,"["" night"", "" time"", "" the"", "" one"", "" more""]"
association,jpp_released,book-h,48,"["" time"", "" then"", "" the"", "" night"", "" last""]"
association,jpp_released,book-h,56,"["" Valk"", ""ARK"", ""ark"", ""VAL"", ""ALK""]"
association,logit,time-h,8,"[""/"", ""A"", "" A"", ""V"", "" I""]"
association,logit,time-h,16,"[""/"", ""C"", "" S"", ""B"", ""V""]"
association,logit,time-h,24,"[""A"", ""\u900f"", "" life"", ""D"", ""K""]"
association,logit,time-h,32,"["" *"", ""z"", ""em"", ""\u900f"", ""*""]"
association,logit,time-h,40,"[""\u4ec0\u4e48\u610f\u601d"", "" subtle"", ""em"", ""\u900f"", ""avana""]"
association,logit,time-h,48,"[""\u4ec0\u4e48\u610f\u601d"", ""\u662f\u4ec0\u4e48\u610f\u601d"", ""\u900f"", ""\u50cf\u662f"", "" b""]"
association,logit,time-h,56,"["" rewrite"", ""\u6539\u5199"", ""\u6da6"", ""\u4ec0\u4e48\u610f\u601d"", ""\u4f18\u5316""]"
association,jlens_camila,time-h,8,"["" folks"", "" gotta"", "" kids"", "" gotten"", "" things""]"
association,jlens_camila,time-h,16,"["" pretty"", "" yeah"", "" stuff"", "" kinda"", "" actually""]"
association,jlens_camila,time-h,24,"["" folks"", ""\u2014or"", "" perhaps"", ""-ish"", ""\u2014but""]"
association,jlens_camila,time-h,32,"[""<|im_end|>"", "" folks"", "" something"", "" aging"", "" maybe""]"
association,jlens_camila,time-h,40,"["" aging"", "" Aging"", ""\u8001\u9f84\u5316"", ""\u8870\u8001"", ""\u8001\u9f84""]"
association,jlens_camila,time-h,48,"["" suddenly"", ""\u4ec0\u4e48\u610f\u601d"", "" subtle"", "" unexpected"", "" subtly""]"
association,jlens_camila,time-h,56,"["" rewrite"", ""\u6539\u5199"", ""rewrite"", ""\u6da6"", ""\u4ec0\u4e48\u610f\u601d""]"
association,rlens_camila,time-h,8,"["" just"", "" pretty"", "" really"", "" though"", "" something""]"
association,rlens_camila,time-h,16,"["" maybe"", "" though"", "" something"", "" just"", "" things""]"
association,rlens_camila,time-h,24,"["" maybe"", "" perhaps"", "" just"", "" things"", "" something""]"
association,rlens_camila,time-h,32,"["" something"", "" things"", ""<|im_end|>"", "" aging"", "" folks""]"
association,rlens_camila,time-h,40,"["" aging"", "" Aging"", "" subtle"", ""\u8001\u9f84\u5316"", "" feels""]"
association,rlens_camila,time-h,48,"[""\u4ec0\u4e48\u610f\u601d"", "" subtle"", "" suddenly"", ""<|im_end|>"", "" sudden""]"
association,rlens_camila,time-h,56,"["" rewrite"", ""\u6539\u5199"", ""\u6da6"", ""\u4ec0\u4e48\u610f\u601d"", ""rewrite""]"
association,jpp_released,time-h,8,"["" pretty"", "" jewelry"", "" someone"", "" somehow"", "" something""]"
association,jpp_released,time-h,16,"["" Iowa"", "" Midwest"", "" Nebraska"", "" Chicago"", "" Prairie""]"
association,jpp_released,time-h,24,"["" aging"", "" old"", "" years"", "" older"", "" something""]"
association,jpp_released,time-h,32,"["" aging"", "" -"", "" old"", "" older"", "" aged""]"
association,jpp_released,time-h,40,"["" aging"", "" something"", "" old"", "" feeling"", "" years""]"
association,jpp_released,time-h,48,"["" woman"", "" old"", "" subtle"", "" memories"", "" aging""]"
association,jpp_released,time-h,56,"["" rewrite"", ""\u6539\u5199"", "" rewritten"", "" meaning"", ""rewrite""]"
association,logit,fr-ecole,8,"["" I"", "" A"", ""/"", "" T"", "" G""]"
association,logit,fr-ecole,16,"[""G"", "" i"", "" a"", ""S"", ""/""]"
association,logit,fr-ecole,24,"["" **"", "" *"", ""\u7f72"", "" r"", ""T""]"
association,logit,fr-ecole,32,"[""embro"", ""\u78a7"", ""\u544a"", "" *"", ""\u6500""]"
association,logit,fr-ecole,40,"[""yla"", ""\u4e13\u6ce8"", ""abus"", ""\u5b8c\u6210\u4e86"", ""av""]"
association,logit,fr-ecole,48,"["" c"", "" A"", "" b"", ""\u7b97"", ""\u673a""]"
association,logit,fr-ecole,56,"[""\u4ec0\u4e48\u610f\u601d"", ""Outside"", ""\u6539\u5199"", ""\u7a97\u5916"", ""\u6269""]"
association,jlens_camila,fr-ecole,8,"[""abouts"", ""printStats"", "" indeed"", ""scha"", ""\u8fd8\u7b97""]"
association,jlens_camila,fr-ecole,16,"[""\u2014or"", ""\u3060\u3063\u3066"", ""\u2014not"", ""\u2014even"", ""\u54ea\u6015""]"
association,jlens_camila,fr-ecole,24,"[""\u2014or"", ""\u2014and"", ""\u2014but"", ""\u2014even"", ""\u2014not""]"
association,jlens_camila,fr-ecole,32,"[""\u2014or"", ""\u2014and"", "" quietly"", "" suddenly"", "" stubborn""]"
association,jlens_camila,fr-ecole,40,"[""\u4e13\u6ce8"", "" stubborn"", "" obsessive"", ""\u805a\u7126"", "" frustration""]"
association,jlens_camila,fr-ecole,48,"["" stubborn"", "" whispered"", "" frustration"", ""\u4e13\u6ce8"", "" muttered""]"
association,jlens_camila,fr-ecole,56,"[""\u6539\u5199"", ""\u4ec0\u4e48\u610f\u601d"", "" rewrite"", ""rewrite"", "" her""]"
association,rlens_camila,fr-ecole,8,"["" just"", "" not"", "" a"", "" more"", "" even""]"
association,rlens_camila,fr-ecole,16,"["" just"", "" nearly"", ""\u2014or"", "" even"", ""\u2014and""]"
association,rlens_camila,fr-ecole,24,"["" just"", ""\u2014or"", ""\u2014and"", "" moments"", "" looming""]"
association,rlens_camila,fr-ecole,32,"["" deep"", ""\u4e13\u6ce8"", "" distractions"", "" stubborn"", "" quietly""]"
association,rlens_camila,fr-ecole,40,"[""\u4e13\u6ce8"", "" stubborn"", "" focused"", "" deep"", ""\u805a\u7126""]"
association,rlens_camila,fr-ecole,48,"[""\u4e13\u6ce8"", "" she"", "" her"", "" seconds"", "" missed""]"
association,rlens_camila,fr-ecole,56,"[""\u4ec0\u4e48\u610f\u601d"", "" her"", ""\u6539\u5199"", "" thirty"", ""<|im_end|>""]"
association,jpp_released,fr-ecole,8,"["" not"", ""<|im_end|>"", "" only"", "" bet"", "" fewer""]"
association,jpp_released,fr-ecole,16,"["" CW"", "" ink"", "" Oklahoma"", "" Owl"", "" student""]"
association,jpp_released,fr-ecole,24,"["" student"", "" school"", "" students"", "" attention"", "" looming""]"
association,jpp_released,fr-ecole,32,"["" ink"", "" eye"", "" Reading"", "" night"", "" eyes""]"
association,jpp_released,fr-ecole,40,"["" memory"", "" student"", "" last"", "" school"", "" students""]"
association,jpp_released,fr-ecole,48,"["" girl"", "" memory"", "" memories"", "" tears"", "" silence""]"
association,jpp_released,fr-ecole,56,"[""\u2019\u00e9"", "" Valk"", ""\u2019un"", ""\u2019il"", "" doc""]"
association,logit,fr-eglise,8,"["" as"", "" I"", "" to"", "" i"", "" A""]"
association,logit,fr-eglise,16,"[""S"", "" as"", ""in"", ""R"", ""st""]"
association,logit,fr-eglise,24,"["" r"", "" l"", "" no"", "" d"", ""\u7559""]"
association,logit,fr-eglise,32,"[""em"", ""un"", ""yy"", ""av"", ""ura""]"
association,logit,fr-eglise,40,"["" e"", "" silence"", "" b"", ""\u4ec0\u4e48\u610f\u601d"", ""\u7ad9""]"
association,logit,fr-eglise,48,"[""\u7136\u540e"", ""\u624d"", "" then"", ""\u4ec0\u4e48\u610f\u601d"", "" Then""]"
association,logit,fr-eglise,56,"[""\u7136\u540e"", "" puis"", ""Then"", "" Then"", ""\u7136\u5f8c""]"
association,jlens_camila,fr-eglise,8,"[""<|repo_name|>"", "" naturally"", ""\u0430\u043a\u0442\u0435\u0440"", ""scha"", ""baugh""]"
association,jlens_camila,fr-eglise,16,"["" countless"", "" anyways"", ""Alright"", "" Alright"", "" alright""]"
association,jlens_camila,fr-eglise,24,"["" nevertheless"", "" whispers"", "" nonetheless"", "" precisely"", ""Indeed""]"
association,jlens_camila,fr-eglise,32,"[""\u2014or"", "" whispers"", ""\u2014but"", "" moments"", "" precisely""]"
association,jlens_camila,fr-eglise,40,"[""\u7b49\u5f85"", "" silence"", "" whispered"", "" waiting"", "" wait""]"
association,jlens_camila,fr-eglise,48,"["" waiting"", ""\u7b49\u5f85"", "" waited"", "" afterward"", "" Waiting""]"
association,jlens_camila,fr-eglise,56,"["" then"", ""\u7136\u540e"", ""Then"", "" Then"", ""then""]"
association,rlens_camila,fr-eglise,8,"["" just"", "" really"", "" even"", "" actually"", "" almost""]"
association,rlens_camila,fr-eglise,16,"["" just"", "" even"", "" simply"", "" almost"", "" all""]"
association,rlens_camila,fr-eglise,24,"["" simply"", "" merely"", "" just"", "" once"", "" even""]"
association,rlens_camila,fr-eglise,32,"["" simply"", "" moments"", "" after"", "" just"", "" carefully""]"
association,rlens_camila,fr-eglise,40,"["" silence"", "" waiting"", ""\u7b49\u5f85"", "" after"", "" Silence""]"
association,rlens_camila,fr-eglise,48,"["" waiting"", ""\u7b49\u5f85"", "" then"", "" afterward"", "" waited""]"
association,rlens_camila,fr-eglise,56,"["" then"", ""\u7136\u540e"", "" Then"", ""Then"", "" puis""]"
association,jpp_released,fr-eglise,8,"["" music"", ""\u94a2\u7434"", ""\u97f3\u4e50"", "" musical"", ""\u6f14\u594f""]"
association,jpp_released,fr-eglise,16,"["" -"", "" Blizzard"", "" W"", "" Bird"", "" the""]"
association,jpp_released,fr-eglise,24,"["" silent"", "" melanch"", "" literary"", "" once"", "" silence""]"
association,jpp_released,fr-eglise,32,"["" her"", "" herself"", "" she"", "" silent"", "" quiet""]"
association,jpp_released,fr-eglise,40,"["" silence"", "" waiting"", "" after"", "" quiet"", "" silent""]"
association,jpp_released,fr-eglise,48,"["" silence"", "" waiting"", "" Silence"", "" her"", "" silent""]"
association,jpp_released,fr-eglise,56,"["" puis"", ""Then"", ""\u7136\u540e"", ""\u2019\u00e9"", "" audience""]"
association,logit,fr-pere,8,"[""/"", ""s"", "" as"", "" B"", ""S""]"
association,logit,fr-pere,16,"[""B"", "" B"", "" n"", ""st"", ""ag""]"
association,logit,fr-pere,24,"["" ask"", "" n"", ""B"", ""\u91cd\u590d"", "" B""]"
association,logit,fr-pere,32,"["" i"", "" k"", ""un"", ""\u5723"", "" b""]"
association,logit,fr-pere,40,"["" b"", ""\u6bcf\u4e00\u6b21"", ""les"", ""plier"", ""IAS""]"
association,logit,fr-pere,48,"[""\u4ec0\u4e48\u610f\u601d"", ""les"", ""IAS"", "" gl"", "" b""]"
association,logit,fr-pere,56,"[""\u8fd9\u53e5\u8bdd"", ""\u53e5"", ""\u4ec0\u4e48\u610f\u601d"", ""\u53e5\u4e2d"", ""\u6539\u5199""]"
association,jlens_camila,fr-pere,8,"[""s"", ""scha"", ""getti"", "" things"", ""spect""]"
association,jlens_camila,fr-pere,16,"["" maybe"", "" actually"", "" got"", "" anyways"", "" really""]"
association,jlens_camila,fr-pere,24,"["" maybe"", "" indeed"", "" somehow"", "" anyway"", "" nowadays""]"
association,jlens_camila,fr-pere,32,"[""<|im_end|>"", "" anyway"", "" asking"", "" waiting"", "" wait""]"
association,jlens_camila,fr-pere,40,"[""<|im_end|>"", "" fucking"", "" whispered"", "" her"", "" silently""]"
association,jlens_camila,fr-pere,48,"[""\u4ec0\u4e48\u610f\u601d"", ""\u8fd9\u53e5\u8bdd"", ""<|im_end|>"", ""\u53e5\u5b50"", "" him""]"
association,jlens_camila,fr-pere,56,"[""\u8fd9\u53e5\u8bdd"", ""\u53e5\u5b50"", ""\u53e5"", ""\u4ec0\u4e48\u610f\u601d"", "" sentence""]"
association,rlens_camila,fr-pere,8,"["" really"", "" just"", "" probably"", "" actually"", "" because""]"
association,rlens_camila,fr-pere,16,"["" just"", "" even"", "" maybe"", "" things"", "" really""]"
association,rlens_camila,fr-pere,24,"["" just"", "" already"", "" maybe"", "" even"", "" anyway""]"
association,rlens_camila,fr-pere,32,"["" anyway"", "" her"", "" just"", "" last"", "" already""]"
association,rlens_camila,fr-pere,40,"["" her"", "" she"", "" anyway"", "" French"", "" -""]"
association,rlens_camila,fr-pere,48,"[""\u4ec0\u4e48\u610f\u601d"", ""\u53e5\u5b50"", ""\u8fd9\u53e5\u8bdd"", "" him"", ""\u6da6""]"
association,rlens_camila,fr-pere,56,"[""\u8fd9\u53e5\u8bdd"", ""\u53e5\u5b50"", ""\u53e5"", ""\u4ec0\u4e48\u610f\u601d"", "" sentence""]"
association,jpp_released,fr-pere,8,"["" because"", ""<|im_end|>"", "" Because"", "" only"", "" locked""]"
association,jpp_released,fr-pere,16,"["" Texas"", "" She"", "" her"", "" Javascript"", "" she""]"
association,jpp_released,fr-pere,24,"["" -"", "" she"", "" again"", "" when"", "" her""]"
association,jpp_released,fr-pere,32,"["" her"", "" she"", "" She"", "" herself"", "" The""]"
association,jpp_released,fr-pere,40,"["" -"", "" French"", "" her"", "" %"", "" knowing""]"
association,jpp_released,fr-pere,48,"["" old"", "" The"", "" her"", "" men"", "" father""]"
association,jpp_released,fr-pere,56,"["" Valk"", ""\u8fd9\u53e5\u8bdd"", "" sentence"", "" verb"", ""\u9020\u53e5""]"
association,logit,de-konig,8,"[""/"", ""A"", ""T"", ""-"", "" T""]"
association,logit,de-konig,16,"["" B"", ""G"", ""S"", "" as"", ""/""]"
association,logit,de-konig,24,"[""ura"", "" legacy"", "" formal"", ""\u6bcf\u4e00\u6b21"", "" no""]"
association,logit,de-konig,32,"[""\u552f\u4e00\u7684"", ""\u72af"", ""\u7b97"", ""\u7d27\u4e86"", ""\u5c5e""]"
association,logit,de-konig,40,"[""\u7ee7\u627f"", "" inherited"", ""\u7ee7\u627f\u4e86"", "" inheritance"", "" inherit""]"
association,logit,de-konig,48,"["" b"", ""\u73af"", "" inherited"", "" moment"", ""\u5fc3\u8df3""]"
association,logit,de-konig,56,"[""\u6539\u5199"", ""\u6269"", ""\u4ec0\u4e48\u610f\u601d"", ""\u8fd9\u53e5\u8bdd"", ""\u4fee\u6539""]"
association,jlens_camila,de-konig,8,"[""\u0e1e\u0e30"", ""LDAP"", ""ihal"", ""ovar"", ""Ruby""]"
association,jlens_camila,de-konig,16,"[""\u2014or"", ""\u2014not"", ""\u2014even"", ""\u2014and"", ""\u2014but""]"
association,jlens_camila,de-konig,24,"[""\u2014or"", ""\u2014and"", ""\u2014but"", ""\u2014even"", ""\u2014not""]"
association,jlens_camila,de-konig,32,"[""\u2014or"", "" moments"", "" whispers"", ""\u2014but"", "" whispered""]"
association,jlens_camila,de-konig,40,"["" whispered"", "" whispers"", "" moments"", "" legacy"", ""\u7b49\u5f85""]"
association,jlens_camila,de-konig,48,"["" whispered"", ""\u7b49\u5f85"", "" moment"", ""\u7ee7\u627f"", "" whispers""]"
association,jlens_camila,de-konig,56,"[""\u6539\u5199"", "" rewrite"", ""\u6da6"", ""\u8fd9\u53e5\u8bdd"", ""\u4ec0\u4e48\u610f\u601d""]"
association,rlens_camila,de-konig,8,"["" not"", "" more"", "" just"", "" though"", "" that""]"
association,rlens_camila,de-konig,16,"["" just"", "" even"", "" more"", ""\u2014or"", "" that""]"
association,rlens_camila,de-konig,24,"[""\u2014or"", ""\u2014and"", "" just"", "" moments"", "" even""]"
association,rlens_camila,de-konig,32,"["" moments"", "" moment"", ""\u2014or"", ""\u90a3\u4e00\u523b"", "" whispers""]"
association,rlens_camila,de-konig,40,"["" moments"", "" legacy"", "" whispered"", "" moment"", "" father""]"
association,rlens_camila,de-konig,48,"[""\u7ee7\u627f"", "" moment"", "" solemn"", "" inherited"", "" whispered""]"
association,rlens_camila,de-konig,56,"[""\u6539\u5199"", ""\u8fd9\u53e5\u8bdd"", "" rewrite"", ""\u6da6"", ""\u4ec0\u4e48\u610f\u601d""]"
association,jpp_released,de-konig,8,"[""\u5fb7\u5dde"", "" locked"", "" only"", "" the"", "" Utah""]"
association,jpp_released,de-konig,16,"["" Texas"", "" Thunder"", "" Eagle"", ""Texas"", ""\u5fb7\u5dde""]"
association,jpp_released,de-konig,24,"["" beyond"", "" command"", "" looming"", "" commanding"", "" just""]"
association,jpp_released,de-konig,32,"["" command"", "" Command"", "" commander"", "" Commander"", "" commanded""]"
association,jpp_released,de-konig,40,"["" young"", "" command"", "" father"", "" feeling"", "" his""]"
association,jpp_released,de-konig,48,"["" solemn"", "" political"", "" silence"", "" young"", "" father""]"
association,jpp_released,de-konig,56,"["" Valk"", "" Falk"", ""ALK"", ""ARK"", "" Vall""]"
association,logit,es-dia,8,"["" as"", ""-"", ""/"", ""s"", "" to""]"
association,logit,es-dia,16,"[""b"", ""C"", ""G"", ""B"", ""z""]"
association,logit,es-dia,24,"["" cold"", ""\u51b7"", ""\u51c9"", ""\u5bd2"", "" frost""]"
association,logit,es-dia,32,"[""ura"", ""vest"", ""\u5be5"", ""just"", ""\u5ffd""]"
association,logit,es-dia,40,"[""early"", ""\u4ec0\u4e48\u610f\u601d"", ""\u65e9"", "" early"", ""\u5f00\u59cb""]"
association,logit,es-dia,48,"[""\u4ec0\u4e48\u610f\u601d"", ""\u900f\u8fc7"", ""\u900f"", ""\u5e72\u71e5"", ""ULL""]"
association,logit,es-dia,56,"[""\u6587\u5e93"", ""\u00e9b"", ""had"", ""avia"", ""\u4ec0\u4e48\u610f\u601d""]"
association,jlens_camila,es-dia,8,"["" everywhere"", "" sometimes"", "" big"", "" really"", "" things""]"
association,jlens_camila,es-dia,16,"["" nuanced"", "" subtly"", "" pushing"", "" nud"", "" Cal""]"
association,jlens_camila,es-dia,24,"[""\u2014or"", "" chilly"", "" temperatures"", "" warmer"", "" colder""]"
association,jlens_camila,es-dia,32,"["" cold"", "" winter"", "" early"", "" temperatures"", "" temperature""]"
association,jlens_camila,es-dia,40,"["" morning"", "" early"", ""\u6e05\u6668"", "" winter"", ""\u65e9\u6668""]"
association,jlens_camila,es-dia,48,"["" morning"", ""\u6c14\u6e29"", ""\u6e05\u6668"", "" early"", "" weather""]"
association,jlens_camila,es-dia,56,"["" was"", ""had"", "" had"", ""\u4ec0\u4e48\u610f\u601d"", "" still""]"
association,rlens_camila,es-dia,8,"["" just"", "" really"", "" probably"", "" because"", "" people""]"
association,rlens_camila,es-dia,16,"["" just"", "" even"", "" more"", "" nearly"", "" though""]"
association,rlens_camila,es-dia,24,"["" temperatures"", "" cold"", "" temperature"", "" colder"", "" frost""]"
association,rlens_camila,es-dia,32,"["" cold"", "" temperature"", "" temperatures"", "" warm"", "" winter""]"
association,rlens_camila,es-dia,40,"["" early"", "" morning"", "" weather"", "" cold"", ""\u6e05\u6668""]"
association,rlens_camila,es-dia,48,"["" morning"", "" weather"", ""\u6c14\u6e29"", "" early"", "" winter""]"
association,rlens_camila,es-dia,56,"["" was"", ""had"", "" had"", "" still"", ""\u4ec0\u4e48\u610f\u601d""]"
association,jpp_released,es-dia,8,"["" flying"", "" wings"", "" birds"", "" huge"", "" wing""]"
association,jpp_released,es-dia,16,"["" Nebraska"", "" Texas"", "" Kansas"", "" sky"", "" texas""]"
association,jpp_released,es-dia,24,"["" cold"", "" frost"", "" winter"", "" colder"", "" temperatures""]"
association,jpp_released,es-dia,32,"["" winter"", "" cold"", "" Cold"", "" frost"", "" Frost""]"
association,jpp_released,es-dia,40,"["" winter"", "" snow"", "" morning"", "" early"", "" cold""]"
association,jpp_released,es-dia,48,"["" winter"", "" snow"", "" morning"", "" weather"", "" cold""]"
association,jpp_released,es-dia,56,"["" Valk"", "" Falk"", ""ARK"", ""ALK"", ""alk""]"
association,logit,pt-agua,8,"[""-"", ""/"", "" A"", "" S"", "" i""]"
association,logit,pt-agua,16,"["" i"", ""/"", "" I"", ""b"", "" B""]"
association,logit,pt-agua,24,"[""\u547c\u5438"", ""\u6bcf\u4e00\u6b21"", ""\u52d2"", ""\u5760"", "" **""]"
association,logit,pt-agua,32,"[""em"", "" count"", ""\u5212"", ""obi"", ""\u52d2""]"
association,logit,pt-agua,40,"[""\u6bcf\u4e00\u6b21"", ""\u7b97"", ""\u4ec0\u4e48\u610f\u601d"", ""\u8ba1"", "" count""]"
association,logit,pt-agua,48,"[""\u4ec0\u4e48\u610f\u601d"", "" b"", ""\u5fc3\u8df3"", ""\u73af"", ""rev""]"
association,logit,pt-agua,56,"[""\u6539\u5199"", ""\u8fd9\u53e5\u8bdd"", "" rewrite"", ""\u4ec0\u4e48\u610f\u601d"", ""\u6269""]"
association,jlens_camila,pt-agua,8,"["" stats"", "" things"", "" kids"", "" everyone"", "" everywhere""]"
association,jlens_camila,pt-agua,16,"["" moments"", ""_cal"", ""\u3060\u3063\u3066"", "" calculus"", "" whispers""]"
association,jlens_camila,pt-agua,24,"[""\u2014or"", "" moments"", ""\u2014and"", ""\u2014but"", ""\u2014even""]"
association,jlens_camila,pt-agua,32,"["" moments"", ""<|im_end|>"", "" breath"", ""\u2014or"", "" waiting""]"
association,jlens_camila,pt-agua,40,"["" underwater"", "" fucking"", ""\u547c\u5438"", "" breath"", "" breathing""]"
association,jlens_camila,pt-agua,48,"["" waiting"", ""\u7b49\u5f85"", "" wait"", "" waited"", "" Waiting""]"
association,jlens_camila,pt-agua,56,"[""\u6539\u5199"", "" rewrite"", ""rewrite"", ""\u8fd9\u53e5\u8bdd"", "" Rewrite""]"
association,rlens_camila,pt-agua,8,"["" just"", "" really"", "" maybe"", "" because"", "" probably""]"
association,rlens_camila,pt-agua,16,"["" just"", "" still"", "" even"", "" maybe"", "" moments""]"
association,rlens_camila,pt-agua,24,"["" moments"", "" breath"", "" just"", "" still"", "" every""]"
association,rlens_camila,pt-agua,32,"["" waiting"", "" moments"", "" seconds"", "" breath"", "" tiny""]"
association,rlens_camila,pt-agua,40,"["" underwater"", "" watching"", "" waiting"", "" breath"", "" fucking""]"
association,rlens_camila,pt-agua,48,"["" waiting"", ""\u5fc3\u8df3"", ""\u7b49\u5f85"", ""\u547c\u5438"", "" she""]"
association,rlens_camila,pt-agua,56,"[""\u6539\u5199"", "" rewrite"", ""\u8fd9\u53e5\u8bdd"", ""rewrite"", ""\u53e5\u5b50""]"
association,jpp_released,pt-agua,8,"[""<|im_end|>"", "" floating"", "" because"", "" like"", "" bigger""]"
association,jpp_released,pt-agua,16,"["" Death"", "" death"", "" dead"", ""\u6b7b\u795e"", ""\u5fb7\u5dde""]"
association,jpp_released,pt-agua,24,"["" breathing"", "" death"", "" breath"", "" dead"", "" underwater""]"
association,jpp_released,pt-agua,32,"["" underwater"", "" death"", "" oxygen"", "" Death"", "" seconds""]"
association,jpp_released,pt-agua,40,"["" underwater"", "" watching"", "" water"", "" watch"", "" -""]"
association,jpp_released,pt-agua,48,"["" breath"", "" her"", "" breathing"", "" waiting"", "" air""]"
association,jpp_released,pt-agua,56,"["" sentence"", ""\u2019\u00e9"", ""\u8fd9\u53e5\u8bdd"", ""\u2019un"", ""\u53e5\u5b50""]"
association,logit,es-musica,8,"[""/"", "" as"", "" A"", "" T"", "" i""]"
association,logit,es-musica,16,"[""G"", ""T"", ""A"", ""K"", "" o""]"
association,logit,es-musica,24,"[""\u9ed8"", "" whether"", ""\u843d"", ""\u662f\u5426"", "" silence""]"
association,logit,es-musica,32,"[""\u5256"", ""\u591a\u4e45"", ""avour"", ""\u914d\u5408"", ""\u7ea7""]"
association,logit,es-musica,40,"[""\u51b3\u5b9a"", "" moment"", ""\u4ec0\u4e48\u610f\u601d"", ""mos"", ""\u7ea7\u7684""]"
association,logit,es-musica,48,"[""\u7136\u540e"", ""\u90a3\u4e00\u523b"", "" moment"", ""\u4e0d\u4e3a"", ""\u673a""]"
association,logit,es-musica,56,"[""\u7136\u540e"", ""\u7136\u5f8c"", "" r\u1ed3i"", ""Then"", "" \u0437\u0430\u0442\u0435\u043c""]"
association,jlens_camila,es-musica,8,"[""\u7d1b"", "" summoned"", ""pite"", "" poli"", "" capt""]"
association,jlens_camila,es-musica,16,"["" countless"", "" truly"", ""\u2014or"", ""\u2014not"", "" precisely""]"
association,jlens_camila,es-musica,24,"[""\u2014or"", ""\u2014but"", ""\u2014and"", "" moments"", ""\u2014even""]"
association,jlens_camila,es-musica,32,"[""\u2014or"", ""\u2014and"", ""\u2014but"", "" moments"", ""\u2014a""]"
association,jlens_camila,es-musica,40,"[""\u7b49\u5f85"", "" moments"", "" moment"", ""\u90a3\u4e00\u523b"", "" wait""]"
association,jlens_camila,es-musica,48,"[""\u7b49\u5f85"", "" waited"", "" waiting"", ""\u90a3\u4e00\u523b"", "" moment""]"
association,jlens_camila,es-musica,56,"[""\u7136\u540e"", "" then"", ""Then"", "" Then"", ""then""]"
association,rlens_camila,es-musica,8,"["" nearly"", "" more"", "" a"", "" just"", "" the""]"
association,rlens_camila,es-musica,16,"["" truly"", "" simply"", "" nearly"", "" just"", "" thousands""]"
association,rlens_camila,es-musica,24,"[""\u2014or"", "" moments"", "" moment"", ""\u2014and"", ""\u2014but""]"
association,rlens_camila,es-musica,32,"["" moments"", "" moment"", ""\u2014or"", ""\u90a3\u4e00\u523b"", "" seconds""]"
association,rlens_camila,es-musica,40,"["" moments"", "" moment"", ""\u7b49\u5f85"", "" waiting"", "" seconds""]"
association,rlens_camila,es-musica,48,"[""\u7b49\u5f85"", ""\u90a3\u4e00\u523b"", "" waiting"", "" moment"", "" moments""]"
association,rlens_camila,es-musica,56,"[""\u7136\u540e"", "" then"", "" Then"", ""Then"", ""then""]"
association,jpp_released,es-musica,8,"["" whisper"", "" whispered"", "" nearly"", "" thousands"", "" perhaps""]"
association,jpp_released,es-musica,16,"["" whispered"", "" awe"", "" breathtaking"", "" Pacific"", "" whisper""]"
association,jpp_released,es-musica,24,"["" dramatic"", "" moments"", "" trembling"", "" seconds"", "" music""]"
association,jpp_released,es-musica,32,"[""4"", "" Death"", "" Silence"", ""1"", "" dramatic""]"
association,jpp_released,es-musica,40,"["" moment"", "" final"", "" music"", "" waiting"", "" seconds""]"
association,jpp_released,es-musica,48,"["" moment"", "" silence"", "" seconds"", "" moments"", "" waiting""]"
association,jpp_released,es-musica,56,"["" film"", ""film"", ""\u7136\u5f8c"", ""\u7684\u7535\u5f71"", ""\u2019\u00e9""]"
poetry,logit,couplet-stone-bone,8,"[""/"", ""-"", ""s"", "" as"", ""l""]"
poetry,logit,couplet-stone-bone,16,"[""/"", ""-"", ""s"", ""\u521d"", ""ly""]"
poetry,logit,couplet-stone-bone,24,"[""\u6216\u591a\u4e2a"", ""\u8bd7"", ""\u4e24\u53e5"", ""-"", ""UN""]"
poetry,logit,couplet-stone-bone,32,"[""po"", ""\u8bd7"", ""illion"", "" prose"", ""oom""]"
poetry,logit,couplet-stone-bone,40,"[""po"", ""\u8bd7"", ""\u4e24\u53e5"", ""\u53e5"", ""oom""]"
poetry,logit,couplet-stone-bone,48,"[""adan"", ""un"", ""\u4f46"", ""\u96c6"", ""et""]"
poetry,logit,couplet-stone-bone,56,"["" yet"", ""\u91cc\u9762"", "" beneath"", "" Yet"", "" Inside""]"
poetry,jlens_camila,couplet-stone-bone,8,"[""ly"", ""hips"", ""a"", "" modest"", ""zelfde""]"
poetry,jlens_camila,couplet-stone-bone,16,"[""ly"", ""\u2014a"", ""\u2014the"", ""\u2014not"", "" thoughtful""]"
poetry,jlens_camila,couplet-stone-bone,24,"[""ly"", "" poetic"", "" poetry"", "" whispered"", "" Poetry""]"
poetry,jlens_camila,couplet-stone-bone,32,"[""<|im_end|>"", "" poetry"", "" poetic"", "" poem"", "" poets""]"
poetry,jlens_camila,couplet-stone-bone,40,"["" poetic"", "" poetry"", "" poem"", ""\u8bd7\u53e5"", "" poets""]"
poetry,jlens_camila,couplet-stone-bone,48,"["" poetic"", "" poet"", "" poets"", "" poetry"", "" poems""]"
poetry,jlens_camila,couplet-stone-bone,56,"["" inside"", "" yet"", "" Inside"", "" beneath"", ""\u91cc\u9762""]"
poetry,rlens_camila,couplet-stone-bone,8,"["" modest"", "" ought"", ""ly"", "" merely"", "" indeed""]"
poetry,rlens_camila,couplet-stone-bone,16,"["" poetry"", ""\u2014but"", "" poetic"", ""\u2014a"", ""\u2014or""]"
poetry,rlens_camila,couplet-stone-bone,24,"["" poetry"", "" poetic"", "" poet"", "" poem"", "" Poetry""]"
poetry,rlens_camila,couplet-stone-bone,32,"["" poetry"", "" poetic"", "" poem"", "" poets"", "" poet""]"
poetry,rlens_camila,couplet-stone-bone,40,"["" poetic"", "" poetry"", "" poem"", ""\u8bd7\u53e5"", "" poems""]"
poetry,rlens_camila,couplet-stone-bone,48,"["" poetic"", "" poetry"", "" poem"", ""<|im_end|>"", ""\u8bd7""]"
poetry,rlens_camila,couplet-stone-bone,56,"["" inside"", "" yet"", ""\u91cc\u9762"", "" beneath"", "" Inside""]"
poetry,jpp_released,couplet-stone-bone,8,"["" poet"", "" poetic"", ""<|endoftext|>"", "" bronze"", "" poetry""]"
poetry,jpp_released,couplet-stone-bone,16,"["" poetic"", "" Song"", "" poetry"", "" poem"", "" poet""]"
poetry,jpp_released,couplet-stone-bone,24,"["" poetry"", "" poet"", "" poetic"", "" poets"", "" poem""]"
poetry,jpp_released,couplet-stone-bone,32,"["" poetry"", "" poem"", "" poetic"", "" poet"", "" Poetry""]"
poetry,jpp_released,couplet-stone-bone,40,"["" poem"", "" poetry"", "" poetic"", "" poet"", "" poems""]"
poetry,jpp_released,couplet-stone-bone,48,"["" poem"", "" The"", "" poetic"", "" poetry"", "" poet""]"
poetry,jpp_released,couplet-stone-bone,56,"["" inside"", "" beneath"", "" alone"", "" tomb"", ""inside""]"
poetry,logit,couplet-divine-wine,8,"[""-"", ""/"", "" as"", "" p"", ""s""]"
poetry,logit,couplet-divine-wine,16,"[""s"", ""/"", ""ly"", ""\u521d"", ""e""]"
poetry,logit,couplet-divine-wine,24,"[""\u4e24\u53e5"", ""\u8bd7"", ""\u8bd7\u53e5"", ""ock"", "" verse""]"
poetry,logit,couplet-divine-wine,32,"[""po"", ""\u8bd7"", ""illion"", ""\u62bc"", "" prose""]"
poetry,logit,couplet-divine-wine,40,"[""po"", ""\u8bd7"", ""\u53e5"", ""\u4e24\u53e5"", ""\u4e00""]"
poetry,logit,couplet-divine-wine,48,"[""\u4f46"", ""\u5eca"", ""adan"", ""un"", ""\u53e5""]"
poetry,logit,couplet-divine-wine,56,"["" where"", ""And"", "" yet"", "" until"", ""where""]"
poetry,jlens_camila,couplet-divine-wine,8,"[""ly"", ""gak"", ""hips"", ""\u4e0d\u53ef\u601d\u8bae"", ""zelfde""]"
poetry,jlens_camila,couplet-divine-wine,16,"[""ly"", ""ighbor"", ""alley"", ""\u0627"", ""alak""]"
poetry,jlens_camila,couplet-divine-wine,24,"["" poetic"", ""ly"", "" poetry"", "" Poetry"", "" whispered""]"
poetry,jlens_camila,couplet-divine-wine,32,"["" poetry"", "" poetic"", "" poem"", "" poet"", "" poets""]"
poetry,jlens_camila,couplet-divine-wine,40,"["" poetic"", "" poetry"", "" poem"", "" poet"", "" poets""]"
poetry,jlens_camila,couplet-divine-wine,48,"["" poets"", "" poetic"", "" poet"", "" poetry"", "" poem""]"
poetry,jlens_camila,couplet-divine-wine,56,"["" where"", ""And"", "" Its"", "" until"", "" yet""]"
poetry,rlens_camila,couplet-divine-wine,8,"["" though"", "" modest"", ""\u4e2d\u901a"", "" perhaps"", ""\u76f8\u8f85\u76f8\u6210""]"
poetry,rlens_camila,couplet-divine-wine,16,"["" poetry"", "" poetic"", ""\u2014but"", "" poet"", "" poem""]"
poetry,rlens_camila,couplet-divine-wine,24,"["" poetry"", "" poetic"", "" Poetry"", "" poet"", "" poets""]"
poetry,rlens_camila,couplet-divine-wine,32,"["" poetry"", "" poetic"", "" poem"", "" poets"", "" poet""]"
poetry,rlens_camila,couplet-divine-wine,40,"["" poetic"", "" poetry"", "" poem"", "" poets"", "" poet""]"
poetry,rlens_camila,couplet-divine-wine,48,"["" poetry"", "" poetic"", "" poets"", "" poem"", "" poet""]"
poetry,rlens_camila,couplet-divine-wine,56,"["" where"", ""And"", "" yet"", "" until"", "" Its""]"
poetry,jpp_released,couplet-divine-wine,8,"[""<|endoftext|>"", "" poet"", "" poetic"", "" lyric"", "" poetry""]"
poetry,jpp_released,couplet-divine-wine,16,"["" poetic"", "" poetry"", "" Poetry"", "" Joan"", "" poet""]"
poetry,jpp_released,couplet-divine-wine,24,"["" poet"", "" poetry"", "" poetic"", "" poets"", "" Poetry""]"
poetry,jpp_released,couplet-divine-wine,32,"["" poetry"", "" poet"", "" poetic"", "" poem"", "" poets""]"
poetry,jpp_released,couplet-divine-wine,40,"["" poem"", "" poetry"", "" poetic"", "" poet"", "" poets""]"
poetry,jpp_released,couplet-divine-wine,48,"["" poem"", "" The"", "" poet"", "" poetry"", "" poetic""]"
poetry,jpp_released,couplet-divine-wine,56,"["" where"", "" when"", "" until"", "" with"", ""And""]"
poetry,logit,couplet-sleep-deep,8,"[""-"", ""/"", ""s"", ""1"", ""n""]"
poetry,logit,couplet-sleep-deep,16,"[""s"", ""/"", ""-"", ""ly"", ""\u5230""]"
poetry,logit,couplet-sleep-deep,24,"[""-"", ""/"", "" -"", ""\u8bd7"", ""\u4e24\u53e5""]"
poetry,logit,couplet-sleep-deep,32,"[""a"", ""anta"", ""po"", ""\u8bd7"", ""\u6070\u597d""]"
poetry,logit,couplet-sleep-deep,40,"[""m"", ""po"", ""a"", ""\u53e5"", ""\u4e00""]"
poetry,logit,couplet-sleep-deep,48,"[""un"", ""\u6bd4"", ""ETER"", ""adan"", ""\u5f53\u65f6""]"
poetry,logit,couplet-sleep-deep,56,"["" promises"", ""\u76f4\u5230"", ""\u800c"", "" while"", "" until""]"
poetry,jlens_camila,couplet-sleep-deep,8,"[""ly"", ""hips"", ""raries"", ""an"", ""zelfde""]"
poetry,jlens_camila,couplet-sleep-deep,16,"[""ly"", ""alak"", ""alley"", ""\u2014the"", ""\u2014a""]"
poetry,jlens_camila,couplet-sleep-deep,24,"[""ly"", "" poetic"", "" poetry"", "" Poetry"", "" poets""]"
poetry,jlens_camila,couplet-sleep-deep,32,"["" poetry"", "" poetic"", "" poem"", "" poets"", ""<|im_end|>""]"
poetry,jlens_camila,couplet-sleep-deep,40,"["" poetic"", "" poetry"", "" poem"", ""\u8bd7\u53e5"", "" poet""]"
poetry,jlens_camila,couplet-sleep-deep,48,"["" poets"", "" poems"", "" poet"", "" rhyme"", "" poetic""]"
poetry,jlens_camila,couplet-sleep-deep,56,"["" promises"", "" while"", "" waking"", "" promise"", "" wake""]"
poetry,rlens_camila,couplet-sleep-deep,8,"[""ly"", ""a"", "" though"", "" nearly"", ""-but""]"
poetry,rlens_camila,couplet-sleep-deep,16,"["" poetry"", ""\u2014but"", ""ly"", ""\u8fd9\u9996\u8bd7"", "" poetic""]"
poetry,rlens_camila,couplet-sleep-deep,24,"["" poetry"", "" poetic"", "" poet"", "" poem"", "" poets""]"
poetry,rlens_camila,couplet-sleep-deep,32,"["" poetry"", "" poetic"", "" poem"", "" poets"", "" poet""]"
poetry,rlens_camila,couplet-sleep-deep,40,"["" poetic"", "" poetry"", "" poem"", "" rhyme"", ""\u8bd7\u53e5""]"
poetry,rlens_camila,couplet-sleep-deep,48,"["" with"", ""The"", "" only"", ""And"", "" another""]"
poetry,rlens_camila,couplet-sleep-deep,56,"["" while"", "" promises"", "" promise"", "" wake"", "" waking""]"
poetry,jpp_released,couplet-sleep-deep,8,"["" poet"", "" poetic"", "" poem"", ""<|endoftext|>"", "" song""]"
poetry,jpp_released,couplet-sleep-deep,16,"["" Song"", "" Joan"", "" poetic"", "" poetry"", "" lyric""]"
poetry,jpp_released,couplet-sleep-deep,24,"["" poetry"", "" poet"", "" poetic"", "" poets"", "" poem""]"
poetry,jpp_released,couplet-sleep-deep,32,"["" poetry"", "" poem"", "" poet"", "" poetic"", "" poets""]"
poetry,jpp_released,couplet-sleep-deep,40,"["" the"", "" poem"", "" words"", "" poetry"", "" The""]"
poetry,jpp_released,couplet-sleep-deep,48,"["" The"", "" the"", "" life"", "" with"", "" great""]"
poetry,jpp_released,couplet-sleep-deep,56,"["" wake"", "" dream"", "" dreams"", "" sleep"", "" with""]"
poetry,logit,couplet-flight-night,8,"[""-"", ""/"", ""s"", "" as"", "" p""]"
poetry,logit,couplet-flight-night,16,"[""s"", ""-"", ""\u521d"", ""\u5230"", ""/""]"
poetry,logit,couplet-flight-night,24,"[""\u4e24\u53e5"", ""\u6216\u591a\u4e2a"", ""-"", ""UN"", ""\u8bd7""]"
poetry,logit,couplet-flight-night,32,"[""\u6070\u597d"", ""po"", ""oom"", ""\u5e78"", ""\u8bd7""]"
poetry,logit,couplet-flight-night,40,"[""po"", ""\u53e5"", ""\u4e00"", ""\u8bd7"", ""b""]"
poetry,logit,couplet-flight-night,48,"[""un"", ""adan"", ""\u96c6"", ""\u6bd4"", ""\u4f46""]"
poetry,logit,couplet-flight-night,56,"[""\u6708\u5149"", "" Its"", "" noct"", ""Its"", "" moon""]"
poetry,jlens_camila,couplet-flight-night,8,"[""ly"", ""hips"", ""a"", ""gak"", ""ward""]"
poetry,jlens_camila,couplet-flight-night,16,"[""ly"", ""alley"", ""\u2014a"", ""alak"", "" heed""]"
poetry,jlens_camila,couplet-flight-night,24,"[""ly"", "" poetic"", "" poetry"", "" Poetry"", "" perhaps""]"
poetry,jlens_camila,couplet-flight-night,32,"["" poetry"", "" poetic"", "" poem"", ""<|im_end|>"", "" poets""]"
poetry,jlens_camila,couplet-flight-night,40,"["" poetic"", "" poetry"", "" poem"", "" poets"", "" poems""]"
poetry,jlens_camila,couplet-flight-night,48,"["" poets"", "" poetic"", "" poetry"", "" poems"", "" poet""]"
poetry,jlens_camila,couplet-flight-night,56,"[""Its"", "" Its"", "" soaring"", "" noct"", "" moon""]"
poetry,rlens_camila,couplet-flight-night,8,"[""ly"", ""a"", "" though"", "" perhaps"", "" nearly""]"
poetry,rlens_camila,couplet-flight-night,16,"["" poetry"", ""\u2014but"", "" poetic"", ""ly"", ""\u2014a""]"
poetry,rlens_camila,couplet-flight-night,24,"["" poetry"", "" poetic"", "" poem"", "" Poetry"", "" poet""]"
poetry,rlens_camila,couplet-flight-night,32,"["" poetry"", "" poem"", "" poetic"", "" poets"", "" poet""]"
poetry,rlens_camila,couplet-flight-night,40,"["" poetic"", "" poem"", "" poetry"", "" rhyme"", "" poems""]"
poetry,rlens_camila,couplet-flight-night,48,"["" poetry"", "" poem"", "" with"", "" poetic"", "" another""]"
poetry,rlens_camila,couplet-flight-night,56,"[""Its"", "" Its"", "" moon"", "" soaring"", "" its""]"
poetry,jpp_released,couplet-flight-night,8,"[""<|endoftext|>"", "" poet"", "" poetic"", "" poem"", ""Adobe""]"
poetry,jpp_released,couplet-flight-night,16,"["" poetic"", "" poetry"", "" Song"", "" poem"", "" lyric""]"
poetry,jpp_released,couplet-flight-night,24,"["" poetry"", "" poet"", "" poetic"", "" poem"", "" poets""]"
poetry,jpp_released,couplet-flight-night,32,"["" poem"", "" poetry"", "" poet"", "" poetic"", "" Poetry""]"
poetry,jpp_released,couplet-flight-night,40,"["" poem"", "" poetry"", "" the"", "" poetic"", "" poet""]"
poetry,jpp_released,couplet-flight-night,48,"["" The"", "" the"", "" poem"", "" poetry"", "" with""]"
poetry,jpp_released,couplet-flight-night,56,"["" moon"", "" bird"", ""bird"", "" birds"", "" Moon""]"
poetry,logit,couplet-true-through,8,"[""-"", ""/"", "" I"", "" p"", ""s""]"
poetry,logit,couplet-true-through,16,"[""s"", ""\u5230"", ""\u521d"", "" -"", ""\u5e76\u975e""]"
poetry,logit,couplet-true-through,24,"["" rhyme"", "" verse"", ""UN"", ""\u4e24\u53e5"", ""\u675f""]"
poetry,logit,couplet-true-through,32,"[""po"", ""\u8bd7"", ""\u81ea"", "" prose"", ""\u6070\u597d""]"
poetry,logit,couplet-true-through,40,"[""po"", ""\u8bd7"", ""a"", ""\u4e00"", "" b""]"
poetry,logit,couplet-true-through,48,"[""\u4f46"", ""un"", ""adan"", ""\u6bd4"", ""\u96c6""]"
poetry,logit,couplet-true-through,56,"[""\u547d\u4e2d"", ""\u76f4\u81f3"", ""\u7a7f\u900f"", ""\u76f4\u5230"", ""\u7cbe\u51c6""]"
poetry,jlens_camila,couplet-true-through,8,"[""ly"", ""a"", ""an"", ""hips"", ""zelfde""]"
poetry,jlens_camila,couplet-true-through,16,"[""ly"", ""alley"", ""ighbor"", ""alak"", ""\u2014a""]"
poetry,jlens_camila,couplet-true-through,24,"[""ly"", "" poetic"", "" poetry"", "" poets"", "" lyric""]"
poetry,jlens_camila,couplet-true-through,32,"["" poetry"", "" poetic"", "" poem"", ""<|im_end|>"", ""\u8bd7\u53e5""]"
poetry,jlens_camila,couplet-true-through,40,"["" poetic"", "" poetry"", "" poem"", "" poems"", "" poets""]"
poetry,jlens_camila,couplet-true-through,48,"["" poetic"", "" poem"", "" poetry"", "" poets"", "" poet""]"
poetry,jlens_camila,couplet-true-through,56,"[""\u547d\u4e2d"", "" hitting"", "" hit"", ""\u7a7f\u900f"", "" hits""]"
poetry,rlens_camila,couplet-true-through,8,"[""a"", ""ly"", "" though"", ""an"", ""or""]"
poetry,rlens_camila,couplet-true-through,16,"["" poetry"", "" poetic"", ""\u2014but"", "" poem"", "" poet""]"
poetry,rlens_camila,couplet-true-through,24,"["" poetry"", "" poetic"", "" poem"", "" poets"", "" poet""]"
poetry,rlens_camila,couplet-true-through,32,"["" poetry"", "" poem"", "" poetic"", ""\u8bd7\u53e5"", "" poets""]"
poetry,rlens_camila,couplet-true-through,40,"["" poetic"", "" poem"", "" poetry"", "" poems"", "" poets""]"
poetry,rlens_camila,couplet-true-through,48,"["" poem"", "" poetic"", "" poetry"", ""<|im_end|>"", "" poems""]"
poetry,rlens_camila,couplet-true-through,56,"[""\u547d\u4e2d"", "" hit"", "" hitting"", ""\u7a7f\u900f"", "" hits""]"
poetry,jpp_released,couplet-true-through,8,"[""<|endoftext|>"", "" poet"", ""Dallas"", "" Emir"", "" song""]"
poetry,jpp_released,couplet-true-through,16,"["" poetic"", "" poetry"", "" Lone"", "" poem"", "" Poetry""]"
poetry,jpp_released,couplet-true-through,24,"["" poet"", "" poetry"", "" poetic"", "" poets"", "" poem""]"
poetry,jpp_released,couplet-true-through,32,"["" poetry"", "" poem"", "" poetic"", "" poet"", "" Poetry""]"
poetry,jpp_released,couplet-true-through,40,"["" poem"", "" poetry"", "" poetic"", "" the"", "" song""]"
poetry,jpp_released,couplet-true-through,48,"["" poem"", "" The"", "" poetic"", "" Po"", "" second""]"
poetry,jpp_released,couplet-true-through,56,"["" hit"", "" shot"", "" aimed"", "" until"", ""hit""]"
poetry,logit,couplet-divine-wine-to-sign,8,"[""-"", ""/"", "" as"", "" p"", ""s""]"
poetry,logit,couplet-divine-wine-to-sign,16,"[""s"", ""/"", ""ly"", ""\u521d"", ""e""]"
poetry,logit,couplet-divine-wine-to-sign,24,"[""\u4e24\u53e5"", ""\u8bd7"", ""\u8bd7\u53e5"", ""ock"", "" verse""]"
poetry,logit,couplet-divine-wine-to-sign,32,"[""po"", ""\u8bd7"", ""illion"", ""\u62bc"", "" prose""]"
poetry,logit,couplet-divine-wine-to-sign,40,"[""po"", ""\u8bd7"", ""\u53e5"", ""\u4e24\u53e5"", ""\u4e00""]"
poetry,logit,couplet-divine-wine-to-sign,48,"[""\u4f46"", ""\u5eca"", ""adan"", ""un"", ""\u53e5""]"
poetry,logit,couplet-divine-wine-to-sign,56,"["" where"", ""And"", "" yet"", "" until"", ""where""]"
poetry,jlens_camila,couplet-divine-wine-to-sign,8,"[""ly"", ""gak"", ""hips"", ""\u4e0d\u53ef\u601d\u8bae"", ""zelfde""]"
poetry,jlens_camila,couplet-divine-wine-to-sign,16,"[""ly"", ""ighbor"", ""alley"", ""\u0627"", ""alak""]"
poetry,jlens_camila,couplet-divine-wine-to-sign,24,"["" poetic"", ""ly"", "" poetry"", "" Poetry"", "" whispered""]"
poetry,jlens_camila,couplet-divine-wine-to-sign,32,"["" poetry"", "" poetic"", "" poem"", "" poet"", "" poets""]"
poetry,jlens_camila,couplet-divine-wine-to-sign,40,"["" poetic"", "" poetry"", "" poem"", "" poet"", "" poets""]"
poetry,jlens_camila,couplet-divine-wine-to-sign,48,"["" poets"", "" poetic"", "" poet"", "" poetry"", "" poem""]"
poetry,jlens_camila,couplet-divine-wine-to-sign,56,"["" where"", ""And"", "" Its"", "" until"", "" yet""]"
poetry,rlens_camila,couplet-divine-wine-to-sign,8,"["" though"", "" modest"", ""\u4e2d\u901a"", "" perhaps"", ""\u76f8\u8f85\u76f8\u6210""]"
poetry,rlens_camila,couplet-divine-wine-to-sign,16,"["" poetry"", "" poetic"", ""\u2014but"", "" poet"", "" poem""]"
poetry,rlens_camila,couplet-divine-wine-to-sign,24,"["" poetry"", "" poetic"", "" Poetry"", "" poet"", "" poets""]"
poetry,rlens_camila,couplet-divine-wine-to-sign,32,"["" poetry"", "" poetic"", "" poem"", "" poets"", "" poet""]"
poetry,rlens_camila,couplet-divine-wine-to-sign,40,"["" poetic"", "" poetry"", "" poem"", "" poets"", "" poet""]"
poetry,rlens_camila,couplet-divine-wine-to-sign,48,"["" poetry"", "" poetic"", "" poets"", "" poem"", "" poet""]"
poetry,rlens_camila,couplet-divine-wine-to-sign,56,"["" where"", ""And"", "" yet"", "" until"", "" Its""]"
poetry,jpp_released,couplet-divine-wine-to-sign,8,"[""<|endoftext|>"", "" poet"", "" poetic"", "" lyric"", "" poetry""]"
poetry,jpp_released,couplet-divine-wine-to-sign,16,"["" poetic"", "" poetry"", "" Poetry"", "" Joan"", "" poet""]"
poetry,jpp_released,couplet-divine-wine-to-sign,24,"["" poet"", "" poetry"", "" poetic"", "" poets"", "" Poetry""]"
poetry,jpp_released,couplet-divine-wine-to-sign,32,"["" poetry"", "" poet"", "" poetic"", "" poem"", "" poets""]"
poetry,jpp_released,couplet-divine-wine-to-sign,40,"["" poem"", "" poetry"", "" poetic"", "" poet"", "" poets""]"
poetry,jpp_released,couplet-divine-wine-to-sign,48,"["" poem"", "" The"", "" poet"", "" poetry"", "" poetic""]"
poetry,jpp_released,couplet-divine-wine-to-sign,56,"["" where"", "" when"", "" until"", "" with"", ""And""]"
poetry,logit,couplet-dust-trust,8,"[""-"", ""/"", ""s"", "" as"", "" p""]"
poetry,logit,couplet-dust-trust,16,"[""s"", ""f"", ""-"", ""ly"", ""/""]"
poetry,logit,couplet-dust-trust,24,"[""\u4e24\u53e5"", ""ly"", "" verse"", ""-"", ""pe""]"
poetry,logit,couplet-dust-trust,32,"[""po"", ""oom"", ""ta"", ""\u8bd7"", ""illion""]"
poetry,logit,couplet-dust-trust,40,"[""po"", ""\u53e5"", ""\u8bd7"", ""\u4e24\u53e5"", "" rhyme""]"
poetry,logit,couplet-dust-trust,48,"[""\u4f46"", ""un"", ""\u4f46\u5728"", ""ETER"", ""\u5206\u660e""]"
poetry,logit,couplet-dust-trust,56,"["" yet"", "" Yet"", ""Yet"", ""yet"", "" now""]"
poetry,jlens_camila,couplet-dust-trust,8,"[""ly"", ""a"", ""\u0627"", ""zelfde"", ""gak""]"
poetry,jlens_camila,couplet-dust-trust,16,"[""ly"", ""alley"", ""\u2014a"", ""ighbor"", ""\u2014not""]"
poetry,jlens_camila,couplet-dust-trust,24,"[""ly"", "" poetic"", "" poetry"", "" Poetry"", "" lyric""]"
poetry,jlens_camila,couplet-dust-trust,32,"["" poetry"", "" poetic"", ""<|im_end|>"", "" poem"", "" poet""]"
poetry,jlens_camila,couplet-dust-trust,40,"["" poetic"", "" poetry"", "" poem"", ""\u8bd7\u53e5"", "" poets""]"
poetry,jlens_camila,couplet-dust-trust,48,"["" poetic"", "" poetry"", "" poet"", "" poets"", "" poem""]"
poetry,jlens_camila,couplet-dust-trust,56,"["" yet"", "" Yet"", ""Yet"", "" his"", ""yet""]"
poetry,rlens_camila,couplet-dust-trust,8,"["" perhaps"", ""a"", "" nearly"", "" though"", ""ly""]"
poetry,rlens_camila,couplet-dust-trust,16,"["" poetry"", "" poetic"", ""\u2014but"", "" poem"", "" poet""]"
poetry,rlens_camila,couplet-dust-trust,24,"["" poetry"", "" poetic"", "" poet"", "" Poetry"", "" poem""]"
poetry,rlens_camila,couplet-dust-trust,32,"["" poetry"", "" poetic"", "" poem"", "" poets"", "" poet""]"
poetry,rlens_camila,couplet-dust-trust,40,"["" poetic"", "" poetry"", "" poem"", "" rhyme"", "" poets""]"
poetry,rlens_camila,couplet-dust-trust,48,"["" poetry"", "" yet"", "" poetic"", "" poem"", ""<|im_end|>""]"
poetry,rlens_camila,couplet-dust-trust,56,"["" yet"", "" Yet"", ""Yet"", "" his"", ""yet""]"
poetry,jpp_released,couplet-dust-trust,8,"["" poet"", ""<|endoftext|>"", "" poetic"", "" poetry"", "" poets""]"
poetry,jpp_released,couplet-dust-trust,16,"["" poetic"", "" poetry"", "" poem"", "" poet"", "" Poetry""]"
poetry,jpp_released,couplet-dust-trust,24,"["" poet"", "" poetic"", "" poetry"", "" poets"", "" poem""]"
poetry,jpp_released,couplet-dust-trust,32,"["" poetic"", "" poetry"", "" poem"", "" poet"", "" poets""]"
poetry,jpp_released,couplet-dust-trust,40,"["" poem"", "" poetry"", "" poetic"", "" poet"", "" poems""]"
poetry,jpp_released,couplet-dust-trust,48,"["" The"", "" poem"", "" poetry"", "" poetic"", "" poet""]"
poetry,jpp_released,couplet-dust-trust,56,"["" yet"", "" now"", ""yet"", ""Yet"", "" Yet""]"
poetry,logit,couplet-ground-sound,8,"[""-"", ""/"", "" p"", "" a"", "" as""]"
poetry,logit,couplet-ground-sound,16,"[""s"", ""-"", ""/"", ""a"", ""f""]"
poetry,logit,couplet-ground-sound,24,"[""\u8bd7"", ""-"", ""\u4e24\u53e5"", ""a"", "" -""]"
poetry,logit,couplet-ground-sound,32,"[""po"", ""\u6070\u597d"", ""a"", ""\u8bd7"", ""anta""]"
poetry,logit,couplet-ground-sound,40,"[""po"", ""\u8bd7"", ""\u53e5"", ""\u4e24\u53e5"", ""a""]"
poetry,logit,couplet-ground-sound,48,"[""adan"", ""un"", ""\u4f46"", ""\u6bd4"", ""well""]"
poetry,logit,couplet-ground-sound,56,"[""The"", "" nearby"", "" Its"", ""Then"", ""And""]"
poetry,jlens_camila,couplet-ground-sound,8,"[""ly"", ""a"", ""hips"", ""zelfde"", ""an""]"
poetry,jlens_camila,couplet-ground-sound,16,"[""ly"", ""alley"", ""a"", ""alak"", ""\u0627""]"
poetry,jlens_camila,couplet-ground-sound,24,"[""ly"", "" poetic"", "" poetry"", ""a"", "" poems""]"
poetry,jlens_camila,couplet-ground-sound,32,"["" poetry"", ""<|im_end|>"", "" poetic"", "" poem"", "" poet""]"
poetry,jlens_camila,couplet-ground-sound,40,"["" poetic"", "" poetry"", "" poem"", ""\u8bd7\u53e5"", "" poet""]"
poetry,jlens_camila,couplet-ground-sound,48,"["" poetic"", "" poets"", "" poet"", "" poem"", "" poetry""]"
poetry,jlens_camila,couplet-ground-sound,56,"["" nearby"", "" Its"", "" causing"", ""Its"", "" now""]"
poetry,rlens_camila,couplet-ground-sound,8,"[""a"", ""ly"", "" though"", "" only"", ""\u4e2d\u901a""]"
poetry,rlens_camila,couplet-ground-sound,16,"["" poetry"", ""a"", ""ly"", ""\u8fd9\u9996\u8bd7"", "" poetic""]"
poetry,rlens_camila,couplet-ground-sound,24,"["" poetry"", "" poetic"", "" poet"", "" poem"", "" poets""]"
poetry,rlens_camila,couplet-ground-sound,32,"["" poetry"", "" poem"", "" poetic"", "" poets"", "" poet""]"
poetry,rlens_camila,couplet-ground-sound,40,"["" poetic"", "" poetry"", "" poem"", ""\u8bd7\u53e5"", "" poems""]"
poetry,rlens_camila,couplet-ground-sound,48,"["" poetry"", "" poem"", "" poetic"", "" poet"", "" poets""]"
poetry,rlens_camila,couplet-ground-sound,56,"["" nearby"", "" causing"", "" Its"", "" its"", ""And""]"
poetry,jpp_released,couplet-ground-sound,8,"[""<|endoftext|>"", "" Texas"", "" poet"", "" poem"", ""Adobe""]"
poetry,jpp_released,couplet-ground-sound,16,"["" Song"", "" Prairie"", "" Lone"", "" Lake"", "" Yosemite""]"
poetry,jpp_released,couplet-ground-sound,24,"["" poet"", "" poetry"", "" poets"", "" poetic"", "" poem""]"
poetry,jpp_released,couplet-ground-sound,32,"["" poetry"", "" poem"", "" poet"", "" poetic"", "" Poetry""]"
poetry,jpp_released,couplet-ground-sound,40,"["" poem"", "" poetry"", "" poetic"", "" poet"", "" song""]"
poetry,jpp_released,couplet-ground-sound,48,"["" poem"", "" The"", "" poetry"", "" second"", "" poetic""]"
poetry,jpp_released,couplet-ground-sound,56,"["" birds"", "" wind"", "" snow"", ""birds"", "" trees""]"
poetry,logit,couplet-bed-dead,8,"[""-"", ""/"", ""s"", ""1"", ""n""]"
poetry,logit,couplet-bed-dead,16,"[""s"", ""/"", ""-"", ""ly"", ""ad""]"
poetry,logit,couplet-bed-dead,24,"[""pe"", ""a"", ""/"", ""\u4e00\u53e5"", ""-""]"
poetry,logit,couplet-bed-dead,32,"[""ao"", ""oom"", ""po"", ""illion"", ""\u4e3d""]"
poetry,logit,couplet-bed-dead,40,"[""po"", ""oom"", ""\u8bd7"", ""\u53e5"", ""ipo""]"
poetry,logit,couplet-bed-dead,48,"[""\u96c6"", ""\u5f53\u65f6"", ""oom"", ""ETER"", ""mas""]"
poetry,logit,couplet-bed-dead,56,"[""\u5176"", "" Their"", ""The"", "" she"", ""With""]"
poetry,jlens_camila,couplet-bed-dead,8,"[""ly"", ""a"", ""hips"", ""an"", ""ward""]"
poetry,jlens_camila,couplet-bed-dead,16,"[""ly"", ""a"", ""\u0627"", ""alley"", ""alak""]"
poetry,jlens_camila,couplet-bed-dead,24,"[""ly"", "" poetic"", "" poetry"", ""a"", "" Poetry""]"
poetry,jlens_camila,couplet-bed-dead,32,"["" poetry"", "" poetic"", "" poem"", "" poet"", ""<|im_end|>""]"
poetry,jlens_camila,couplet-bed-dead,40,"["" poetic"", "" poetry"", "" poem"", "" poet"", "" poets""]"
poetry,jlens_camila,couplet-bed-dead,48,"["" poets"", "" poet"", "" sorrow"", "" poetry"", "" poetic""]"
poetry,jlens_camila,couplet-bed-dead,56,"["" she"", "" her"", "" his"", "" tears"", "" sorrow""]"
poetry,rlens_camila,couplet-bed-dead,8,"[""ly"", ""a"", "" perhaps"", "" though"", "" nearly""]"
poetry,rlens_camila,couplet-bed-dead,16,"["" poetry"", ""ly"", "" perhaps"", ""a"", "" poetic""]"
poetry,rlens_camila,couplet-bed-dead,24,"["" poetry"", "" poetic"", "" poet"", "" Poetry"", "" poem""]"
poetry,rlens_camila,couplet-bed-dead,32,"["" poetry"", "" poem"", "" poetic"", "" poet"", "" poets""]"
poetry,rlens_camila,couplet-bed-dead,40,"["" poetry"", "" poetic"", "" poem"", ""\u8bd7\u53e5"", "" rhyme""]"
poetry,rlens_camila,couplet-bed-dead,48,"["" with"", "" poetry"", ""With"", ""<|im_end|>"", "" poets""]"
poetry,rlens_camila,couplet-bed-dead,56,"["" she"", "" her"", "" his"", "" tears"", "" Their""]"
poetry,jpp_released,couplet-bed-dead,8,"["" poet"", ""<|endoftext|>"", ""Adobe"", ""\u8fd9\u9996"", "" poetry""]"
poetry,jpp_released,couplet-bed-dead,16,"["" Song"", "" poetic"", "" poem"", "" poetry"", "" Joan""]"
poetry,jpp_released,couplet-bed-dead,24,"["" poet"", "" poetry"", "" poetic"", "" poets"", "" poem""]"
poetry,jpp_released,couplet-bed-dead,32,"["" poem"", "" poet"", "" poetry"", "" poetic"", "" poets""]"
poetry,jpp_released,couplet-bed-dead,40,"["" poem"", "" poetry"", "" poet"", "" poetic"", "" Shakespeare""]"
poetry,jpp_released,couplet-bed-dead,48,"["" death"", "" The"", "" heart"", "" with"", "" poem""]"
poetry,jpp_released,couplet-bed-dead,56,"["" with"", "" heart"", "" tears"", ""with"", ""heart""]"
poetry,logit,couplet-sea-free,8,"[""-"", ""/"", ""s"", "" I"", ""*""]"
poetry,logit,couplet-sea-free,16,"[""s"", ""ly"", ""\u521d"", ""f"", ""\u5230""]"
poetry,logit,couplet-sea-free,24,"[""\u4e24\u53e5"", ""\u6216\u591a\u4e2a"", ""UN"", "" -"", "" rhyme""]"
poetry,logit,couplet-sea-free,32,"[""po"", ""oom"", ""\u8bd7"", ""\u6070\u597d"", ""\u914d""]"
poetry,logit,couplet-sea-free,40,"[""po"", ""\u8bd7"", ""a"", ""out"", ""\u4e24\u53e5""]"
poetry,logit,couplet-sea-free,48,"[""adan"", ""unic"", ""\u4f46"", ""un"", ""ETER""]"
poetry,logit,couplet-sea-free,56,"[""\u5176"", ""\u5b83\u7684"", "" Its"", "" beneath"", ""Its""]"
poetry,jlens_camila,couplet-sea-free,8,"[""ly"", ""a"", ""an"", ""zelfde"", ""hips""]"
poetry,jlens_camila,couplet-sea-free,16,"[""ly"", ""\u2014the"", ""alak"", ""\u2014a"", ""fully""]"
poetry,jlens_camila,couplet-sea-free,24,"[""ly"", "" poetic"", "" poetry"", "" poets"", "" poems""]"
poetry,jlens_camila,couplet-sea-free,32,"[""<|im_end|>"", "" poetry"", "" poem"", "" poetic"", "" poet""]"
poetry,jlens_camila,couplet-sea-free,40,"["" poetic"", "" poetry"", "" poem"", ""\u8bd7\u53e5"", "" poets""]"
poetry,jlens_camila,couplet-sea-free,48,"["" poetic"", "" poets"", "" poet"", "" poetry"", "" poem""]"
poetry,jlens_camila,couplet-sea-free,56,"[""Its"", "" Its"", "" beneath"", "" its"", "" Their""]"
poetry,rlens_camila,couplet-sea-free,8,"[""ly"", ""a"", "" perhaps"", ""\u2014but"", "" nearly""]"
poetry,rlens_camila,couplet-sea-free,16,"["" poetry"", "" poetic"", ""\u2014but"", "" poet"", "" poem""]"
poetry,rlens_camila,couplet-sea-free,24,"["" poetry"", "" poetic"", "" poem"", "" poet"", "" Poetry""]"
poetry,rlens_camila,couplet-sea-free,32,"["" poetry"", "" poem"", "" poetic"", "" poets"", "" poet""]"
poetry,rlens_camila,couplet-sea-free,40,"["" poetic"", "" poetry"", "" poem"", ""\u8bd7\u53e5"", "" poems""]"
poetry,rlens_camila,couplet-sea-free,48,"["" poetry"", "" poetic"", "" poem"", "" poets"", ""<|im_end|>""]"
poetry,rlens_camila,couplet-sea-free,56,"["" its"", "" Its"", ""Its"", "" beneath"", "" with""]"
poetry,jpp_released,couplet-sea-free,8,"[""<|endoftext|>"", "" poet"", "" poetic"", "" lyric"", "" poem""]"
poetry,jpp_released,couplet-sea-free,16,"["" poetic"", "" poetry"", "" Poetry"", "" Song"", "" lyric""]"
poetry,jpp_released,couplet-sea-free,24,"["" poetry"", "" poet"", "" poetic"", "" poem"", "" poets""]"
poetry,jpp_released,couplet-sea-free,32,"["" poetry"", "" poem"", "" poetic"", "" poet"", "" Poetry""]"
poetry,jpp_released,couplet-sea-free,40,"["" poem"", "" poetry"", "" poetic"", "" poet"", "" words""]"
poetry,jpp_released,couplet-sea-free,48,"["" poem"", "" second"", "" The"", "" poetic"", "" poetry""]"
poetry,jpp_released,couplet-sea-free,56,"["" with"", "" swim"", ""with"", "" beneath"", "" fish""]"
poetry,logit,couplet-moon-soon,8,"[""-"", ""/"", ""s"", "" as"", ""a""]"
poetry,logit,couplet-moon-soon,16,"[""s"", ""e"", ""a"", ""f"", ""/""]"
poetry,logit,couplet-moon-soon,24,"[""\u8bd7"", ""\u4e24\u53e5"", ""a"", ""\u4e3a"", "" poetic""]"
poetry,logit,couplet-moon-soon,32,"[""ao"", ""oom"", ""ta"", "" prose"", ""\u5c06""]"
poetry,logit,couplet-moon-soon,40,"[""po"", ""\u8bd7"", "" rhyme"", ""\u5323"", ""\u53e5""]"
poetry,logit,couplet-moon-soon,48,"[""\u5206\u660e"", ""un"", ""\u81ea\u6709"", ""\u4f46"", ""\u96c6""]"
poetry,logit,couplet-moon-soon,56,"["" whose"", ""which"", ""Which"", "" which"", "" Which""]"
poetry,jlens_camila,couplet-moon-soon,8,"[""ly"", ""a"", ""an"", ""hips"", ""\u0627""]"
poetry,jlens_camila,couplet-moon-soon,16,"[""ly"", ""a"", ""alley"", ""\u0627"", "" thoughtful""]"
poetry,jlens_camila,couplet-moon-soon,24,"[""ly"", "" poetic"", "" poetry"", "" Poetry"", "" poet""]"
poetry,jlens_camila,couplet-moon-soon,32,"["" poetry"", "" poetic"", "" poet"", "" poets"", "" poem""]"
poetry,jlens_camila,couplet-moon-soon,40,"["" poetic"", "" poetry"", "" poet"", "" poets"", "" poem""]"
poetry,jlens_camila,couplet-moon-soon,48,"["" poets"", "" poet"", "" poetic"", "" poetry"", "" poems""]"
poetry,jlens_camila,couplet-moon-soon,56,"["" which"", ""Which"", "" whose"", ""which"", "" Which""]"
poetry,rlens_camila,couplet-moon-soon,8,"[""a"", ""ly"", "" though"", "" good"", "" only""]"
poetry,rlens_camila,couplet-moon-soon,16,"["" poetry"", ""a"", ""ly"", ""That"", "" poetic""]"
poetry,rlens_camila,couplet-moon-soon,24,"["" poetry"", "" poetic"", "" poet"", "" poets"", "" Poetry""]"
poetry,rlens_camila,couplet-moon-soon,32,"["" poetry"", "" poetic"", "" poem"", "" poet"", "" poets""]"
poetry,rlens_camila,couplet-moon-soon,40,"["" poetic"", "" poetry"", "" poem"", "" poet"", "" poets""]"
poetry,rlens_camila,couplet-moon-soon,48,"["" poetry"", "" poem"", "" poetic"", "" poets"", "" poet""]"
poetry,rlens_camila,couplet-moon-soon,56,"["" which"", "" whose"", ""Which"", ""which"", "" who""]"
poetry,jpp_released,couplet-moon-soon,8,"[""<|endoftext|>"", "" poet"", "" Texas"", "" song"", "" lyric""]"
poetry,jpp_released,couplet-moon-soon,16,"["" poetic"", "" poetry"", "" poem"", "" Poetry"", "" poet""]"
poetry,jpp_released,couplet-moon-soon,24,"["" poet"", "" poetry"", "" poets"", "" poetic"", "" poem""]"
poetry,jpp_released,couplet-moon-soon,32,"["" poet"", "" poem"", "" poetry"", "" poetic"", "" poets""]"
poetry,jpp_released,couplet-moon-soon,40,"["" poem"", "" poetry"", "" poetic"", "" poet"", "" Shakespeare""]"
poetry,jpp_released,couplet-moon-soon,48,"["" The"", "" poem"", "" great"", "" poet"", "" poetry""]"
poetry,jpp_released,couplet-moon-soon,56,"["" which"", "" who"", "" whose"", "" that"", ""which""]"
poetry,logit,couplet-art-heart,8,"[""-"", ""s"", ""/"", ""1"", "" to""]"
poetry,logit,couplet-art-heart,16,"[""s"", ""ly"", ""-"", ""/"", ""ad""]"
poetry,logit,couplet-art-heart,24,"[""\u4e24\u53e5"", ""\u6216\u591a\u4e2a"", ""\u675f"", ""ock"", ""UN""]"
poetry,logit,couplet-art-heart,32,"[""po"", ""\u8bd7"", ""anta"", ""oom"", "" prose""]"
poetry,logit,couplet-art-heart,40,"[""po"", "" rhyme"", ""\u53e5"", ""\u8bd7"", "" sol""]"
poetry,logit,couplet-art-heart,48,"[""un"", ""ETER"", ""\u4f46"", ""adan"", ""so""]"
poetry,logit,couplet-art-heart,56,"["" heart"", "" Each"", "" hoping"", ""\u8d4b\u4e88"", "" yet""]"
poetry,jlens_camila,couplet-art-heart,8,"[""ly"", ""hips"", ""raries"", ""an"", ""zelfde""]"
poetry,jlens_camila,couplet-art-heart,16,"[""ly"", ""alak"", ""ighbor"", ""\u2014a"", ""alley""]"
poetry,jlens_camila,couplet-art-heart,24,"["" poetic"", ""ly"", "" poetry"", "" whispers"", "" lyric""]"
poetry,jlens_camila,couplet-art-heart,32,"["" poetry"", "" poetic"", ""<|im_end|>"", "" poem"", ""\u8bd7\u53e5""]"
poetry,jlens_camila,couplet-art-heart,40,"["" poetic"", "" poetry"", "" poem"", "" poets"", ""\u8bd7\u53e5""]"
poetry,jlens_camila,couplet-art-heart,48,"["" poets"", "" poetic"", "" poet"", "" poems"", "" poetry""]"
poetry,jlens_camila,couplet-art-heart,56,"["" hoping"", "" hope"", "" heart"", "" Each"", "" painting""]"
poetry,rlens_camila,couplet-art-heart,8,"[""ly"", "" though"", "" nearly"", ""a"", "" thought""]"
poetry,rlens_camila,couplet-art-heart,16,"["" poetry"", "" poetic"", ""\u2014but"", ""\u2014a"", "" indeed""]"
poetry,rlens_camila,couplet-art-heart,24,"["" poetry"", "" poetic"", "" poem"", "" poet"", "" poets""]"
poetry,rlens_camila,couplet-art-heart,32,"["" poetry"", "" poetic"", "" poem"", "" poets"", ""\u8bd7\u53e5""]"
poetry,rlens_camila,couplet-art-heart,40,"["" poetic"", "" poetry"", "" rhyme"", "" poem"", "" poets""]"
poetry,rlens_camila,couplet-art-heart,48,"["" with"", "" poetic"", "" another"", "" poetry"", "" never""]"
poetry,rlens_camila,couplet-art-heart,56,"["" hoping"", "" heart"", "" hope"", "" until"", "" Each""]"
poetry,jpp_released,couplet-art-heart,8,"["" poet"", "" poetic"", "" poem"", "" poetry"", "" poets""]"
poetry,jpp_released,couplet-art-heart,16,"["" poetic"", "" Song"", "" poetry"", "" lyric"", "" Joan""]"
poetry,jpp_released,couplet-art-heart,24,"["" poetry"", "" poetic"", "" poet"", "" poets"", "" poem""]"
poetry,jpp_released,couplet-art-heart,32,"["" poetry"", "" poem"", "" poetic"", "" poet"", "" Poetry""]"
poetry,jpp_released,couplet-art-heart,40,"["" poem"", "" poetry"", "" poetic"", "" rhyme"", "" the""]"
poetry,jpp_released,couplet-art-heart,48,"["" The"", "" poetic"", "" with"", "" poet"", "" poem""]"
poetry,jpp_released,couplet-art-heart,56,"["" heart"", ""ART"", ""art"", ""Heart"", "" Heart""]"
poetry,logit,couplet-rain-pain,8,"[""-"", ""/"", ""s"", ""1"", ""+""]"
poetry,logit,couplet-rain-pain,16,"[""s"", ""/"", ""ly"", ""-"", ""st""]"
poetry,logit,couplet-rain-pain,24,"[""\u4e24\u53e5"", ""\u8bd7"", ""\u5f71"", "" rhyme"", ""/""]"
poetry,logit,couplet-rain-pain,32,"[""oom"", ""po"", ""\u8bd7"", ""illion"", ""oon""]"
poetry,logit,couplet-rain-pain,40,"[""\u8bd7"", ""po"", ""\u53e5"", ""oom"", ""\u6bcf\u4e2a""]"
poetry,logit,couplet-rain-pain,48,"[""\u59d3"", ""\u96c6"", ""ETER"", ""adan"", ""\u4f46""]"
poetry,logit,couplet-rain-pain,56,"["" whilst"", ""\u800c"", "" while"", "" hoping"", "" hopes""]"
poetry,jlens_camila,couplet-rain-pain,8,"[""ly"", ""zelfde"", ""hips"", ""ward"", ""\u094d\u0938""]"
poetry,jlens_camila,couplet-rain-pain,16,"[""ly"", ""\u2014not"", ""\u2014a"", ""\u2014the"", ""ighbor""]"
poetry,jlens_camila,couplet-rain-pain,24,"[""ly"", "" poetic"", "" poetry"", "" Poetry"", "" whispered""]"
poetry,jlens_camila,couplet-rain-pain,32,"["" poetry"", "" poetic"", "" poem"", ""<|im_end|>"", "" poet""]"
poetry,jlens_camila,couplet-rain-pain,40,"["" poetic"", "" poetry"", "" poets"", "" poet"", "" poem""]"
poetry,jlens_camila,couplet-rain-pain,48,"["" poets"", "" poetic"", "" poet"", "" poetry"", "" poems""]"
poetry,jlens_camila,couplet-rain-pain,56,"["" hoping"", "" hope"", "" waiting"", "" hopes"", "" while""]"
poetry,rlens_camila,couplet-rain-pain,8,"[""ly"", ""a"", ""\u52a0\u62ff\u5927"", ""-but"", "" modest""]"
poetry,rlens_camila,couplet-rain-pain,16,"[""\u2014but"", "" poetry"", ""\u2014a"", "" poetic"", ""\u2014or""]"
poetry,rlens_camila,couplet-rain-pain,24,"["" poetry"", "" poetic"", "" Poetry"", "" poet"", "" poets""]"
poetry,rlens_camila,couplet-rain-pain,32,"["" poetry"", "" poetic"", "" poem"", "" poets"", "" poet""]"
poetry,rlens_camila,couplet-rain-pain,40,"["" poetic"", "" poetry"", "" poem"", "" poets"", ""\u8bd7\u6b4c""]"
poetry,rlens_camila,couplet-rain-pain,48,"["" poetry"", "" poetic"", "" poets"", "" poet"", "" poem""]"
poetry,rlens_camila,couplet-rain-pain,56,"["" hoping"", "" hope"", "" while"", "" watching"", "" waiting""]"
poetry,jpp_released,couplet-rain-pain,8,"["" poet"", ""<|endoftext|>"", "" poetic"", "" poem"", "" lyric""]"
poetry,jpp_released,couplet-rain-pain,16,"["" poetic"", "" poetry"", "" Song"", "" poem"", "" poet""]"
poetry,jpp_released,couplet-rain-pain,24,"["" poet"", "" poetic"", "" poetry"", "" poets"", "" Poetry""]"
poetry,jpp_released,couplet-rain-pain,32,"["" poetry"", "" poetic"", "" poem"", "" poet"", "" Poetry""]"
poetry,jpp_released,couplet-rain-pain,40,"["" poetry"", "" poem"", "" poetic"", "" verse"", "" poet""]"
poetry,jpp_released,couplet-rain-pain,48,"["" poetry"", "" poem"", "" poetic"", "" poet"", "" heart""]"
poetry,jpp_released,couplet-rain-pain,56,"["" dream"", "" hope"", "" dreams"", "" while"", ""Dream""]"
poetry,logit,couplet-shore-more,8,"[""-"", ""/"", ""s"", ""n"", ""1""]"
poetry,logit,couplet-shore-more,16,"[""s"", ""/"", ""ly"", ""-"", ""ad""]"
poetry,logit,couplet-shore-more,24,"[""\u4e24\u53e5"", ""\u8bd7"", ""/"", ""UN"", ""-""]"
poetry,logit,couplet-shore-more,32,"[""oom"", ""po"", ""\u6070\u597d"", ""\u8bd7"", ""illion""]"
poetry,logit,couplet-shore-more,40,"[""\u53e5"", ""po"", ""oom"", ""a"", ""b""]"
poetry,logit,couplet-shore-more,48,"[""adan"", ""\u6bd4"", ""ETER"", ""\u4f46"", ""un""]"
poetry,logit,couplet-shore-more,56,"[""Then"", ""\u7136\u540e"", ""\u76f4\u5230"", "" until"", "" Then""]"
poetry,jlens_camila,couplet-shore-more,8,"[""ly"", ""hips"", ""an"", ""zelfde"", ""raries""]"
poetry,jlens_camila,couplet-shore-more,16,"[""ly"", ""alak"", ""alley"", ""ighbor"", "" thoughtful""]"
poetry,jlens_camila,couplet-shore-more,24,"[""ly"", "" poetic"", "" poetry"", "" Poetry"", "" lyric""]"
poetry,jlens_camila,couplet-shore-more,32,"["" poetry"", "" poetic"", ""<|im_end|>"", "" poem"", "" poets""]"
poetry,jlens_camila,couplet-shore-more,40,"["" poetic"", "" poetry"", "" poem"", ""\u8bd7\u53e5"", "" poets""]"
poetry,jlens_camila,couplet-shore-more,48,"["" poets"", "" poet"", "" poetic"", "" poems"", "" poetry""]"
poetry,jlens_camila,couplet-shore-more,56,"[""Then"", "" then"", "" until"", "" Then"", "" hoping""]"
poetry,rlens_camila,couplet-shore-more,8,"[""ly"", ""a"", ""\u4e2d\u901a"", ""\u52a0\u62ff\u5927"", "" modest""]"
poetry,rlens_camila,couplet-shore-more,16,"["" poetry"", "" poetic"", ""\u2014but"", ""\u8fd9\u9996\u8bd7"", "" poem""]"
poetry,rlens_camila,couplet-shore-more,24,"["" poetry"", "" poetic"", "" poet"", "" poem"", "" Poetry""]"
poetry,rlens_camila,couplet-shore-more,32,"["" poetry"", "" poetic"", "" poem"", "" poets"", "" poet""]"
poetry,rlens_camila,couplet-shore-more,40,"["" poetic"", "" poetry"", "" poem"", "" rhyme"", ""\u8bd7\u53e5""]"
poetry,rlens_camila,couplet-shore-more,48,"["" poets"", "" poetry"", "" poet"", "" poetic"", "" poem""]"
poetry,rlens_camila,couplet-shore-more,56,"["" until"", ""Then"", "" then"", "" Then"", "" while""]"
poetry,jpp_released,couplet-shore-more,8,"[""<|endoftext|>"", "" poet"", "" poetic"", ""\u8fd9\u9996"", "" lyric""]"
poetry,jpp_released,couplet-shore-more,16,"["" poetic"", "" poetry"", "" Song"", "" poem"", "" poet""]"
poetry,jpp_released,couplet-shore-more,24,"["" poet"", "" poetry"", "" poetic"", "" poets"", "" poem""]"
poetry,jpp_released,couplet-shore-more,32,"["" poem"", "" poetry"", "" poetic"", "" poet"", "" poets""]"
poetry,jpp_released,couplet-shore-more,40,"["" poem"", "" poetry"", "" poetic"", "" poet"", "" words""]"
poetry,jpp_released,couplet-shore-more,48,"["" The"", "" poem"", "" poet"", "" poetic"", "" poetry""]"
poetry,jpp_released,couplet-shore-more,56,"["" until"", "" wind"", "" while"", "" beach"", "" where""]"
poetry,logit,couplet-heart-apart,8,"[""-"", ""/"", ""s"", ""1"", ""n""]"
poetry,logit,couplet-heart-apart,16,"[""s"", ""/"", ""-"", ""ly"", ""\u521d""]"
poetry,logit,couplet-heart-apart,24,"[""\u4e24\u53e5"", ""\u4e00\u53e5"", ""UN"", ""\u6216\u591a\u4e2a"", ""-""]"
poetry,logit,couplet-heart-apart,32,"[""po"", ""oom"", ""\u8bd7"", ""anta"", ""illion""]"
poetry,logit,couplet-heart-apart,40,"[""po"", ""\u53e5"", ""oom"", ""\u8bd7"", "" sol""]"
poetry,logit,couplet-heart-apart,48,"[""ETER"", ""un"", ""so"", ""uguay"", ""\u96c6""]"
poetry,logit,couplet-heart-apart,56,"["" memories"", "" hoping"", "" vow"", ""mem"", "" tears""]"
poetry,jlens_camila,couplet-heart-apart,8,"[""ly"", ""a"", ""an"", ""hips"", ""raries""]"
poetry,jlens_camila,couplet-heart-apart,16,"[""ly"", ""ighbor"", ""alak"", ""\u2014not"", ""\u2014the""]"
poetry,jlens_camila,couplet-heart-apart,24,"[""ly"", "" poetic"", "" poetry"", "" whispers"", "" whispered""]"
poetry,jlens_camila,couplet-heart-apart,32,"["" poetry"", "" poetic"", ""<|im_end|>"", "" poem"", ""\u8bd7\u53e5""]"
poetry,jlens_camila,couplet-heart-apart,40,"["" poetic"", "" poetry"", "" poem"", ""\u8bd7\u53e5"", "" poets""]"
poetry,jlens_camila,couplet-heart-apart,48,"["" poets"", "" poetic"", "" poet"", "" poems"", "" rhyme""]"
poetry,jlens_camila,couplet-heart-apart,56,"["" memories"", "" hoping"", "" remembering"", "" Memories"", "" hope""]"
poetry,rlens_camila,couplet-heart-apart,8,"[""a"", ""ly"", "" pretty"", "" just"", "" anyway""]"
poetry,rlens_camila,couplet-heart-apart,16,"["" poetry"", ""\u2014but"", "" poetic"", "" poet"", ""\u2014or""]"
poetry,rlens_camila,couplet-heart-apart,24,"["" poetry"", "" poetic"", "" poem"", "" poet"", "" poets""]"
poetry,rlens_camila,couplet-heart-apart,32,"["" poetry"", "" poetic"", "" poem"", "" poets"", "" poet""]"
poetry,rlens_camila,couplet-heart-apart,40,"["" poetic"", "" poetry"", "" rhyme"", "" poem"", "" poets""]"
poetry,rlens_camila,couplet-heart-apart,48,"["" with"", ""With"", ""<|im_end|>"", "" poetry"", "" another""]"
poetry,rlens_camila,couplet-heart-apart,56,"["" memories"", "" hoping"", "" hope"", "" remembering"", "" tears""]"
poetry,jpp_released,couplet-heart-apart,8,"["" lyric"", "" poet"", ""\u8fd9\u9996"", "" poetic"", "" song""]"
poetry,jpp_released,couplet-heart-apart,16,"["" Song"", "" poetic"", "" poetry"", "" song"", "" lyric""]"
poetry,jpp_released,couplet-heart-apart,24,"["" poetry"", "" poet"", "" poetic"", "" poets"", "" poem""]"
poetry,jpp_released,couplet-heart-apart,32,"["" poetry"", "" poem"", "" poetic"", "" poet"", "" Poetry""]"
poetry,jpp_released,couplet-heart-apart,40,"["" poem"", "" poetry"", "" the"", "" poetic"", "" song""]"
poetry,jpp_released,couplet-heart-apart,48,"["" The"", "" with"", "" heart"", "" poem"", "" the""]"
poetry,jpp_released,couplet-heart-apart,56,"["" memories"", "" tears"", "" hope"", "" Memories"", "" dreams""]"
poetry,logit,couplet-fall-wall,8,"[""-"", ""/"", ""s"", "" p"", ""C""]"
poetry,logit,couplet-fall-wall,16,"[""s"", ""/"", ""a"", ""e"", "" a""]"
poetry,logit,couplet-fall-wall,24,"[""-"", ""\u4e24\u53e5"", ""a"", ""/"", ""\u98de""]"
poetry,logit,couplet-fall-wall,32,"[""po"", ""ao"", ""oom"", ""\u8bd7"", ""anta""]"
poetry,logit,couplet-fall-wall,40,"[""po"", ""\u53e5"", "" rhyme"", ""\u4e00"", ""m""]"
poetry,logit,couplet-fall-wall,48,"[""\u96c6"", ""un"", ""\u4f46"", ""adan"", ""\u7528""]"
poetry,logit,couplet-fall-wall,56,"[""\u76f4\u81f3"", "" until"", "" his"", ""\u843d\u5730"", ""\u76f4\u5230""]"
poetry,jlens_camila,couplet-fall-wall,8,"[""ly"", ""a"", ""an"", ""hips"", ""raries""]"
poetry,jlens_camila,couplet-fall-wall,16,"[""ly"", ""a"", ""ighbor"", ""alley"", "" Calif""]"
poetry,jlens_camila,couplet-fall-wall,24,"[""ly"", "" poetic"", "" poetry"", ""a"", "" poet""]"
poetry,jlens_camila,couplet-fall-wall,32,"["" poetry"", "" poetic"", "" poem"", "" poet"", "" poets""]"
poetry,jlens_camila,couplet-fall-wall,40,"["" poetic"", "" poetry"", ""\u8bd7\u53e5"", "" poem"", "" rhyme""]"
poetry,jlens_camila,couplet-fall-wall,48,"["" poets"", "" poetic"", "" poet"", "" rhyme"", "" poetry""]"
poetry,jlens_camila,couplet-fall-wall,56,"["" his"", ""His"", ""his"", "" until"", "" His""]"
poetry,rlens_camila,couplet-fall-wall,8,"[""a"", ""ly"", "" pretty"", "" kids"", "" probably""]"
poetry,rlens_camila,couplet-fall-wall,16,"["" poetry"", ""a"", ""ly"", "" poetic"", ""That""]"
poetry,rlens_camila,couplet-fall-wall,24,"["" poetry"", "" poetic"", "" poet"", "" poem"", "" poets""]"
poetry,rlens_camila,couplet-fall-wall,32,"["" poetry"", "" poem"", "" poetic"", "" poet"", "" poets""]"
poetry,rlens_camila,couplet-fall-wall,40,"["" poetic"", "" rhyme"", "" poetry"", "" poem"", ""\u8bd7\u53e5""]"
poetry,rlens_camila,couplet-fall-wall,48,"["" with"", "" poetry"", "" another"", "" rhyme"", "" never""]"
poetry,rlens_camila,couplet-fall-wall,56,"["" his"", ""his"", "" until"", ""His"", "" His""]"
poetry,jpp_released,couplet-fall-wall,8,"[""<|endoftext|>"", "" Texas"", "" song"", "" songs"", "" Oklahoma""]"
poetry,jpp_released,couplet-fall-wall,16,"["" Song"", "" Lone"", "" lyric"", "" poetic"", "" poetry""]"
poetry,jpp_released,couplet-fall-wall,24,"["" poet"", "" poetry"", "" poetic"", "" poets"", "" poem""]"
poetry,jpp_released,couplet-fall-wall,32,"["" poem"", "" poetry"", "" poet"", "" poetic"", "" poets""]"
poetry,jpp_released,couplet-fall-wall,40,"["" poem"", "" poetry"", "" rhyme"", "" poetic"", "" the""]"
poetry,jpp_released,couplet-fall-wall,48,"["" The"", "" the"", "" great"", "" death"", "" second""]"
poetry,jpp_released,couplet-fall-wall,56,"["" until"", "" with"", "" fall"", "" falling"", ""fall""]"
poetry,logit,couplet-chase-face,8,"[""-"", ""/"", ""s"", "" to"", ""+""]"
poetry,logit,couplet-chase-face,16,"[""s"", ""-"", ""a"", ""/"", ""f""]"
poetry,logit,couplet-chase-face,24,"[""pe"", ""-"", ""UN"", ""/"", ""No""]"
poetry,logit,couplet-chase-face,32,"[""po"", ""oom"", ""\u6070\u597d"", ""illion"", ""\u4e00""]"
poetry,logit,couplet-chase-face,40,"[""po"", ""\u53e5"", "" rhyme"", ""\u8bd7"", ""b""]"
poetry,logit,couplet-chase-face,48,"[""un"", ""\u5206\u660e"", ""oom"", ""anon"", ""\u96c6""]"
poetry,logit,couplet-chase-face,56,"[""\u76f4\u81f3"", ""\u76f4\u5230"", "" until"", ""until"", "" Until""]"
poetry,jlens_camila,couplet-chase-face,8,"[""ly"", ""a"", ""hips"", ""\u0627"", ""an""]"
poetry,jlens_camila,couplet-chase-face,16,"[""ly"", ""a"", ""\u0627"", ""alley"", ""fully""]"
poetry,jlens_camila,couplet-chase-face,24,"[""ly"", ""a"", "" poetic"", "" poetry"", ""\u0627""]"
poetry,jlens_camila,couplet-chase-face,32,"["" poetry"", "" poetic"", "" poem"", "" poet"", "" poets""]"
poetry,jlens_camila,couplet-chase-face,40,"["" poetic"", "" poetry"", "" poem"", ""\u8bd7\u53e5"", "" poet""]"
poetry,jlens_camila,couplet-chase-face,48,"["" poetic"", "" poets"", "" poet"", "" poetry"", "" poem""]"
poetry,jlens_camila,couplet-chase-face,56,"["" until"", ""until"", "" Until"", ""Until"", ""\u76f4\u81f3""]"
poetry,rlens_camila,couplet-chase-face,8,"[""a"", ""ly"", "" though"", "" thought"", "" perhaps""]"
poetry,rlens_camila,couplet-chase-face,16,"[""a"", ""ly"", "" poetry"", "" modest"", "" poetic""]"
poetry,rlens_camila,couplet-chase-face,24,"["" poetry"", "" poetic"", "" poet"", "" poem"", "" poets""]"
poetry,rlens_camila,couplet-chase-face,32,"["" poetry"", "" poem"", "" poetic"", "" poets"", "" poet""]"
poetry,rlens_camila,couplet-chase-face,40,"["" poetic"", "" poetry"", "" poem"", "" rhyme"", ""\u8bd7\u53e5""]"
poetry,rlens_camila,couplet-chase-face,48,"["" with"", "" poetry"", "" only"", "" they"", "" poetic""]"
poetry,rlens_camila,couplet-chase-face,56,"["" until"", "" through"", ""until"", "" Until"", "" his""]"
poetry,jpp_released,couplet-chase-face,8,"[""<|endoftext|>"", "" poet"", "" copper"", ""\ufb01"", "" poem""]"
poetry,jpp_released,couplet-chase-face,16,"["" poetic"", "" Lone"", "" poem"", "" poetry"", "" Joan""]"
poetry,jpp_released,couplet-chase-face,24,"["" poet"", "" poetry"", "" poets"", "" poetic"", "" poem""]"
poetry,jpp_released,couplet-chase-face,32,"["" poem"", "" poetry"", "" poet"", "" poetic"", "" poets""]"
poetry,jpp_released,couplet-chase-face,40,"["" poem"", "" poetry"", "" poetic"", "" poet"", "" the""]"
poetry,jpp_released,couplet-chase-face,48,"["" The"", "" the"", "" with"", "" second"", "" great""]"
poetry,jpp_released,couplet-chase-face,56,"["" until"", "" with"", "" through"", ""until"", ""with""]"
poetry,logit,couplet-trap-map,8,"[""-"", ""/"", ""s"", ""a"", "" I""]"
poetry,logit,couplet-trap-map,16,"[""s"", ""/"", ""a"", ""-"", "" -""]"
poetry,logit,couplet-trap-map,24,"[""/"", ""\u4e24\u53e5"", ""a"", ""-"", "" -""]"
poetry,logit,couplet-trap-map,32,"[""oom"", ""po"", ""oon"", "" prose"", ""ta""]"
poetry,logit,couplet-trap-map,40,"[""po"", ""\u53e5"", ""\u8bd7"", "" rhyme"", ""out""]"
poetry,logit,couplet-trap-map,48,"[""ETER"", ""\u4f46"", ""un"", ""mas"", ""so""]"
poetry,logit,couplet-trap-map,56,"["" but"", "" yet"", ""\u4f46"", ""But"", ""but""]"
poetry,jlens_camila,couplet-trap-map,8,"[""ly"", ""a"", ""an"", ""hips"", ""\u0627""]"
poetry,jlens_camila,couplet-trap-map,16,"[""ly"", ""a"", ""\u0627"", ""ighbor"", ""alley""]"
poetry,jlens_camila,couplet-trap-map,24,"[""ly"", "" poetic"", "" poetry"", ""a"", "" poets""]"
poetry,jlens_camila,couplet-trap-map,32,"[""<|im_end|>"", "" poetry"", "" poetic"", "" poem"", ""\u8bd7\u53e5""]"
poetry,jlens_camila,couplet-trap-map,40,"["" poetic"", ""\u8bd7\u53e5"", "" poem"", "" poetry"", "" rhyme""]"
poetry,jlens_camila,couplet-trap-map,48,"["" rhyme"", "" poets"", "" because"", "" poet"", "" poems""]"
poetry,jlens_camila,couplet-trap-map,56,"["" but"", "" yet"", "" Instead"", ""but"", "" his""]"
poetry,rlens_camila,couplet-trap-map,8,"[""a"", "" though"", ""ly"", "" probably"", "" that""]"
poetry,rlens_camila,couplet-trap-map,16,"["" poetry"", ""a"", ""That"", ""ly"", "" poetic""]"
poetry,rlens_camila,couplet-trap-map,24,"["" poetry"", "" poetic"", "" poem"", "" poet"", "" Poetry""]"
poetry,rlens_camila,couplet-trap-map,32,"["" poetry"", "" poem"", "" poetic"", "" poet"", "" poets""]"
poetry,rlens_camila,couplet-trap-map,40,"["" poetic"", "" rhyme"", "" poetry"", "" poem"", ""\u8bd7\u53e5""]"
poetry,rlens_camila,couplet-trap-map,48,"["" because"", "" but"", "" rhyme"", "" with"", "" poetry""]"
poetry,rlens_camila,couplet-trap-map,56,"["" but"", "" yet"", "" Instead"", "" instead"", "" his""]"
poetry,jpp_released,couplet-trap-map,8,"["" Arizona"", ""<|endoftext|>"", "" song"", "" songs"", ""\u8fd9\u9996""]"
poetry,jpp_released,couplet-trap-map,16,"["" Lone"", "" Song"", "" poem"", "" poetry"", "" lyric""]"
poetry,jpp_released,couplet-trap-map,24,"["" poetry"", "" poet"", "" poetic"", "" poets"", "" poem""]"
poetry,jpp_released,couplet-trap-map,32,"["" poem"", "" poetry"", "" poetic"", "" poet"", "" Poetry""]"
poetry,jpp_released,couplet-trap-map,40,"["" poem"", "" poetry"", "" rhyme"", "" poetic"", "" poet""]"
poetry,jpp_released,couplet-trap-map,48,"["" The"", "" the"", "" poem"", "" poet"", "" poetry""]"
poetry,jpp_released,couplet-trap-map,56,"["" now"", "" yet"", "" when"", "" instead"", "" with""]"
poetry,logit,couplet-told-gold,8,"[""-"", ""n"", ""/"", ""l"", "" I""]"
poetry,logit,couplet-told-gold,16,"[""s"", ""/"", ""-"", ""ad"", "" a""]"
poetry,logit,couplet-told-gold,24,"[""\u8bd7"", ""\u7a81\u7136"", ""\u97f5"", ""\u4e24\u53e5"", ""\u6216\u591a\u4e2a""]"
poetry,logit,couplet-told-gold,32,"[""\u8bd7"", ""\u5e78"", ""oom"", ""a"", ""\u96c4""]"
poetry,logit,couplet-told-gold,40,"["" rhyme"", ""\u8bd7"", ""po"", ""\u843d\u5728"", ""a""]"
poetry,logit,couplet-told-gold,48,"[""\u96c6"", ""anon"", ""\u88c5"", ""a"", ""\u5206\u660e""]"
poetry,logit,couplet-told-gold,56,"["" none"", ""none"", "" theirs"", "" yours"", "" ours""]"
poetry,jlens_camila,couplet-told-gold,8,"[""ly"", ""an"", ""raries"", ""zelfde"", ""hips""]"
poetry,jlens_camila,couplet-told-gold,16,"[""ly"", "" thoughtful"", ""alley"", ""alak"", "" Rx""]"
poetry,jlens_camila,couplet-told-gold,24,"["" poetic"", "" poetry"", "" poems"", ""ly"", "" poem""]"
poetry,jlens_camila,couplet-told-gold,32,"["" poetry"", "" poetic"", "" poem"", "" poet"", "" poets""]"
poetry,jlens_camila,couplet-told-gold,40,"["" poetic"", "" poem"", "" poetry"", "" poems"", "" poet""]"
poetry,jlens_camila,couplet-told-gold,48,"["" poems"", "" every"", "" poetic"", "" never"", "" poet""]"
poetry,jlens_camila,couplet-told-gold,56,"["" none"", ""none"", "" yours"", "" theirs"", ""None""]"
poetry,rlens_camila,couplet-told-gold,8,"[""a"", "" though"", ""or"", "" pretty"", ""ly""]"
poetry,rlens_camila,couplet-told-gold,16,"["" sometimes"", "" that"", "" poetry"", "" enough"", "" just""]"
poetry,rlens_camila,couplet-told-gold,24,"["" poetry"", "" poetic"", "" poem"", "" poems"", "" poet""]"
poetry,rlens_camila,couplet-told-gold,32,"["" poetry"", "" poem"", "" poetic"", "" poets"", "" poet""]"
poetry,rlens_camila,couplet-told-gold,40,"["" poetic"", "" poem"", "" poetry"", "" rhyme"", "" poems""]"
poetry,rlens_camila,couplet-told-gold,48,"["" -"", "" every"", ""And"", ""-"", "" with""]"
poetry,rlens_camila,couplet-told-gold,56,"["" none"", ""none"", "" theirs"", "" yours"", ""None""]"
poetry,jpp_released,couplet-told-gold,8,"["" song"", "" lyric"", "" songs"", "" poet"", ""\u8fd9\u9996""]"
poetry,jpp_released,couplet-told-gold,16,"["" Song"", "" Lone"", "" lyric"", "" Joan"", "" poetry""]"
poetry,jpp_released,couplet-told-gold,24,"["" poetry"", "" poet"", "" poetic"", "" poets"", "" poem""]"
poetry,jpp_released,couplet-told-gold,32,"["" poem"", "" poetry"", "" poet"", "" Poetry"", "" poetic""]"
poetry,jpp_released,couplet-told-gold,40,"["" the"", "" The"", "" poem"", "" poetry"", "" words""]"
poetry,jpp_released,couplet-told-gold,48,"["" The"", "" the"", "" great"", "" life"", "" a""]"
poetry,jpp_released,couplet-told-gold,56,"["" stories"", "" story"", "" The"", "" one"", "" Stories""]"
poetry,logit,couplet-mind-find,8,"[""-"", ""/"", ""s"", "" to"", ""1""]"
poetry,logit,couplet-mind-find,16,"[""s"", ""/"", ""ly"", ""-"", "" /""]"
poetry,logit,couplet-mind-find,24,"[""\u4e24\u53e5"", ""/"", ""\u6216\u591a\u4e2a"", ""ta"", ""\u4e00\u53e5""]"
poetry,logit,couplet-mind-find,32,"[""po"", ""oom"", ""\u8bd7"", ""illion"", ""anta""]"
poetry,logit,couplet-mind-find,40,"[""po"", "" rhyme"", ""\u53e5"", ""illion"", ""\u8bd7""]"
poetry,logit,couplet-mind-find,48,"[""\u6bd4"", ""olog"", ""\u7528"", ""\u4f46"", ""\u96c6""]"
poetry,logit,couplet-mind-find,56,"[""\u5bfb\u627e"", "" seeking"", "" hoping"", "" finds"", ""\u5bfb\u6c42""]"
poetry,jlens_camila,couplet-mind-find,8,"[""ly"", ""a"", ""hips"", ""\u0627"", ""an""]"
poetry,jlens_camila,couplet-mind-find,16,"[""ly"", ""a"", ""alak"", "" thoughtful"", ""\u2014not""]"
poetry,jlens_camila,couplet-mind-find,24,"[""ly"", "" poetic"", "" poetry"", "" Poetry"", "" poets""]"
poetry,jlens_camila,couplet-mind-find,32,"["" poetry"", "" poetic"", "" poem"", "" poets"", "" poet""]"
poetry,jlens_camila,couplet-mind-find,40,"["" poetic"", "" poetry"", "" poem"", "" poet"", "" poets""]"
poetry,jlens_camila,couplet-mind-find,48,"["" poets"", "" poetic"", "" poet"", "" poetry"", "" poems""]"
poetry,jlens_camila,couplet-mind-find,56,"["" seeking"", ""\u5bfb\u627e"", "" hoping"", "" searching"", "" finding""]"
poetry,rlens_camila,couplet-mind-find,8,"[""ly"", ""a"", "" perhaps"", "" nearly"", "" simply""]"
poetry,rlens_camila,couplet-mind-find,16,"["" poetry"", "" poetic"", ""\u2014but"", "" modest"", "" poet""]"
poetry,rlens_camila,couplet-mind-find,24,"["" poetry"", "" poetic"", "" poet"", "" Poetry"", "" poets""]"
poetry,rlens_camila,couplet-mind-find,32,"["" poetry"", "" poetic"", "" poem"", "" poets"", "" poet""]"
poetry,rlens_camila,couplet-mind-find,40,"["" poetic"", "" poetry"", "" poem"", "" rhyme"", "" poets""]"
poetry,rlens_camila,couplet-mind-find,48,"["" with"", "" poetry"", "" only"", "" -"", ""The""]"
poetry,rlens_camila,couplet-mind-find,56,"["" seeking"", ""\u5bfb\u627e"", "" hoping"", "" searching"", "" finding""]"
poetry,jpp_released,couplet-mind-find,8,"["" poet"", "" poetic"", "" poem"", "" poetry"", ""\u8fd9\u9996""]"
poetry,jpp_released,couplet-mind-find,16,"["" poetic"", "" poetry"", "" Song"", "" Poetry"", "" poem""]"
poetry,jpp_released,couplet-mind-find,24,"["" poetry"", "" poet"", "" poetic"", "" poets"", "" poem""]"
poetry,jpp_released,couplet-mind-find,32,"["" poetry"", "" poem"", "" poetic"", "" poet"", "" Poetry""]"
poetry,jpp_released,couplet-mind-find,40,"["" poem"", "" poetry"", "" poetic"", "" the"", "" poet""]"
poetry,jpp_released,couplet-mind-find,48,"["" The"", "" the"", "" with"", "" poetry"", "" heart""]"
poetry,jpp_released,couplet-mind-find,56,"["" seeking"", ""\u5bfb\u627e"", "" finds"", "" find"", "" seek""]"
poetry,logit,couplet-time-climb,8,"[""-"", ""/"", ""s"", ""+"", ""*""]"
poetry,logit,couplet-time-climb,16,"[""s"", ""/"", ""ly"", ""-"", ""\u521d""]"
poetry,logit,couplet-time-climb,24,"["" rhyme"", ""\u4e24\u53e5"", ""/"", ""UN"", ""\u4e00\u53e5""]"
poetry,logit,couplet-time-climb,32,"[""po"", ""\u8bd7"", ""oom"", "" prose"", ""illion""]"
poetry,logit,couplet-time-climb,40,"[""po"", ""\u8bd7"", ""\u53e5"", ""\u4e24\u53e5"", ""illion""]"
poetry,logit,couplet-time-climb,48,"[""adan"", ""ETER"", ""\u4f46"", ""\u5eca"", ""unic""]"
poetry,logit,couplet-time-climb,56,"["" while"", ""\u800c"", "" whilst"", "" until"", ""while""]"
poetry,jlens_camila,couplet-time-climb,8,"[""ly"", ""a"", ""an"", ""hips"", ""\u0627""]"
poetry,jlens_camila,couplet-time-climb,16,"[""ly"", ""alley"", ""ighbor"", ""alak"", "" thoughtful""]"
poetry,jlens_camila,couplet-time-climb,24,"[""ly"", "" poetic"", "" poetry"", "" lyric"", "" Poetry""]"
poetry,jlens_camila,couplet-time-climb,32,"["" poetry"", "" poetic"", ""<|im_end|>"", "" poem"", ""\u8bd7\u53e5""]"
poetry,jlens_camila,couplet-time-climb,40,"["" poetic"", "" poetry"", "" poem"", ""\u8bd7\u53e5"", "" poets""]"
poetry,jlens_camila,couplet-time-climb,48,"["" poetic"", "" poets"", "" poetry"", "" poet"", "" poem""]"
poetry,jlens_camila,couplet-time-climb,56,"["" while"", "" his"", "" watching"", "" until"", ""while""]"
poetry,rlens_camila,couplet-time-climb,8,"[""ly"", ""a"", "" though"", "" yet"", "" nearly""]"
poetry,rlens_camila,couplet-time-climb,16,"["" poetry"", "" poetic"", ""\u2014but"", "" poem"", "" poet""]"
poetry,rlens_camila,couplet-time-climb,24,"["" poetry"", "" poetic"", "" poem"", "" poet"", "" Poetry""]"
poetry,rlens_camila,couplet-time-climb,32,"["" poetry"", "" poetic"", "" poem"", "" poets"", "" poet""]"
poetry,rlens_camila,couplet-time-climb,40,"["" poetic"", "" poetry"", "" poem"", ""\u8bd7\u53e5"", ""\u8bd7\u6b4c""]"
poetry,rlens_camila,couplet-time-climb,48,"["" poetry"", "" poetic"", "" poem"", "" poets"", "" poet""]"
poetry,rlens_camila,couplet-time-climb,56,"["" while"", "" his"", "" until"", "" watching"", "" yet""]"
poetry,jpp_released,couplet-time-climb,8,"["" poet"", "" lyric"", "" song"", "" poetic"", ""\u8fd9\u9996""]"
poetry,jpp_released,couplet-time-climb,16,"["" poetic"", "" Song"", "" poetry"", "" poem"", "" lyric""]"
poetry,jpp_released,couplet-time-climb,24,"["" poet"", "" poetic"", "" poetry"", "" poets"", "" poem""]"
poetry,jpp_released,couplet-time-climb,32,"["" poetry"", "" poem"", "" poetic"", "" poet"", "" Poetry""]"
poetry,jpp_released,couplet-time-climb,40,"["" poem"", "" poetry"", "" poetic"", "" poet"", "" verse""]"
poetry,jpp_released,couplet-time-climb,48,"["" poem"", "" poetic"", "" poetry"", "" poet"", "" The""]"
poetry,jpp_released,couplet-time-climb,56,"["" while"", "" until"", "" whilst"", ""while"", "" with""]"
poetry,logit,couplet-war-door,8,"[""-"", ""/"", ""s"", ""a"", "" a""]"
poetry,logit,couplet-war-door,16,"[""ly"", ""/"", ""s"", "" a"", ""a""]"
poetry,logit,couplet-war-door,24,"[""/"", ""ad"", ""a"", ""\u4e00\u53e5"", "" -""]"
poetry,logit,couplet-war-door,32,"[""ao"", ""ff"", ""ta"", ""oom"", ""aff""]"
poetry,logit,couplet-war-door,40,"[""po"", ""\u8bd7"", "" rhyme"", ""oom"", ""\u4e00""]"
poetry,logit,couplet-war-door,48,"[""\u96c6"", ""\u4f46"", "" vill"", ""\u96ea"", ""oom""]"
poetry,logit,couplet-war-door,56,"["" And"", "" and"", ""And"", "" one"", "" but""]"
poetry,jlens_camila,couplet-war-door,8,"[""ly"", ""hips"", ""an"", ""a"", ""ward""]"
poetry,jlens_camila,couplet-war-door,16,"[""ly"", ""a"", ""ighbor"", ""\u0627"", ""alley""]"
poetry,jlens_camila,couplet-war-door,24,"[""ly"", "" poetic"", "" poetry"", ""a"", "" Poetry""]"
poetry,jlens_camila,couplet-war-door,32,"["" poetry"", "" poetic"", "" poem"", "" poet"", "" Poetry""]"
poetry,jlens_camila,couplet-war-door,40,"["" poetic"", "" poet"", "" poetry"", "" poem"", "" poets""]"
poetry,jlens_camila,couplet-war-door,48,"["" now"", "" poet"", "" poets"", "" life"", "" poems""]"
poetry,jlens_camila,couplet-war-door,56,"["" his"", "" hope"", "" hoping"", ""And"", "" And""]"
poetry,rlens_camila,couplet-war-door,8,"[""a"", "" Welsh"", ""ly"", ""-ish"", "" though""]"
poetry,rlens_camila,couplet-war-door,16,"["" poetry"", "" indeed"", ""That"", ""a"", "".But""]"
poetry,rlens_camila,couplet-war-door,24,"["" poetry"", "" poetic"", "" poem"", "" Poetry"", "" poet""]"
poetry,rlens_camila,couplet-war-door,32,"["" poetry"", "" poem"", "" poetic"", "" poet"", "" poets""]"
poetry,rlens_camila,couplet-war-door,40,"["" poetic"", "" poetry"", "" poem"", "" poet"", "" rhyme""]"
poetry,rlens_camila,couplet-war-door,48,"["" now"", "" with"", ""And"", "" as"", "" -""]"
poetry,rlens_camila,couplet-war-door,56,"["" and"", ""And"", "" his"", "" And"", "" hope""]"
poetry,jpp_released,couplet-war-door,8,"[""<|endoftext|>"", "" poet"", ""\u8fd9\u9996"", "" song"", "" lyric""]"
poetry,jpp_released,couplet-war-door,16,"["" Lone"", "" Song"", "" poem"", "" poetic"", "" poetry""]"
poetry,jpp_released,couplet-war-door,24,"["" poetry"", "" poet"", "" poem"", "" poetic"", "" poets""]"
poetry,jpp_released,couplet-war-door,32,"["" poem"", "" poetry"", "" poet"", "" poetic"", "" poets""]"
poetry,jpp_released,couplet-war-door,40,"["" poem"", "" poet"", "" poetry"", "" the"", "" poetic""]"
poetry,jpp_released,couplet-war-door,48,"["" death"", "" great"", "" life"", "" The"", "" war""]"
poetry,jpp_released,couplet-war-door,56,"["" and"", ""and"", "" And"", ""And"", "" hope""]"
poetry,logit,couplet-head-bed,8,"[""-"", ""/"", ""s"", "" p"", "" s""]"
poetry,logit,couplet-head-bed,16,"[""/"", ""s"", ""a"", ""ad"", ""-""]"
poetry,logit,couplet-head-bed,24,"[""\u4e24\u53e5"", ""\u4e00\u53e5"", ""\u8bd7"", ""a"", ""/""]"
poetry,logit,couplet-head-bed,32,"[""po"", ""\u8bd7"", "" prose"", ""ta"", ""a""]"
poetry,logit,couplet-head-bed,40,"[""\u8bd7"", ""\u53e5"", ""po"", ""a"", ""oom""]"
poetry,logit,couplet-head-bed,48,"[""adan"", ""et"", ""\u96c6"", ""a"", ""iku""]"
poetry,logit,couplet-head-bed,56,"["" until"", ""until"", ""\u76f4\u5230"", ""\u76f4\u81f3"", "" Until""]"
poetry,jlens_camila,couplet-head-bed,8,"[""ly"", ""a"", ""hips"", ""an"", ""\u0627""]"
poetry,jlens_camila,couplet-head-bed,16,"[""ly"", ""alley"", ""alak"", ""ighbor"", ""a""]"
poetry,jlens_camila,couplet-head-bed,24,"[""ly"", "" poetic"", "" poetry"", ""a"", "" Poetry""]"
poetry,jlens_camila,couplet-head-bed,32,"["" poetry"", "" poetic"", "" poem"", "" poet"", "" poets""]"
poetry,jlens_camila,couplet-head-bed,40,"["" poetic"", "" poetry"", "" poem"", "" poet"", "" poems""]"
poetry,jlens_camila,couplet-head-bed,48,"["" poet"", "" poetic"", "" poetry"", "" poets"", "" poems""]"
poetry,jlens_camila,couplet-head-bed,56,"["" until"", "" his"", ""until"", "" Until"", ""Until""]"
poetry,rlens_camila,couplet-head-bed,8,"[""ly"", ""a"", "" nearly"", "" though"", "" somewhat""]"
poetry,rlens_camila,couplet-head-bed,16,"["" poetry"", ""\u2014but"", "" poetic"", ""\u8fd9\u9996\u8bd7"", ""ly""]"
poetry,rlens_camila,couplet-head-bed,24,"["" poetry"", "" poetic"", "" poem"", "" poet"", "" Poetry""]"
poetry,rlens_camila,couplet-head-bed,32,"["" poetry"", "" poem"", "" poetic"", "" poets"", "" poet""]"
poetry,rlens_camila,couplet-head-bed,40,"["" poetry"", "" poetic"", "" poem"", "" poems"", "" poet""]"
poetry,rlens_camila,couplet-head-bed,48,"["" poetry"", "" with"", "" poem"", "" poetic"", "" another""]"
poetry,rlens_camila,couplet-head-bed,56,"["" until"", "" his"", ""until"", "" Until"", ""his""]"
poetry,jpp_released,couplet-head-bed,8,"["" Texas"", ""<|endoftext|>"", ""Texas"", "" copper"", ""Adobe""]"
poetry,jpp_released,couplet-head-bed,16,"["" Lone"", "" poetic"", "" Seattle"", "" Prairie"", "" poetry""]"
poetry,jpp_released,couplet-head-bed,24,"["" poetry"", "" poet"", "" poetic"", "" poem"", "" poets""]"
poetry,jpp_released,couplet-head-bed,32,"["" poetry"", "" poem"", "" poet"", "" poetic"", "" Poetry""]"
poetry,jpp_released,couplet-head-bed,40,"["" poem"", "" poetry"", "" the"", "" poetic"", "" poet""]"
poetry,jpp_released,couplet-head-bed,48,"["" The"", "" the"", "" poem"", "" great"", "" second""]"
poetry,jpp_released,couplet-head-bed,56,"["" until"", ""until"", "" with"", "" Until"", "" words""]"
poetry,logit,couplet-deep-keep,8,"[""-"", ""/"", ""s"", "" a"", ""C""]"
poetry,logit,couplet-deep-keep,16,"[""s"", ""/"", ""-"", ""ly"", ""ad""]"
poetry,logit,couplet-deep-keep,24,"[""\u4e24\u53e5"", ""UN"", ""a"", ""\u6216\u591a\u4e2a"", ""\u5de7""]"
poetry,logit,couplet-deep-keep,32,"[""\u5e78"", ""umn"", ""\u6070\u597d"", ""po"", ""opl""]"
poetry,logit,couplet-deep-keep,40,"[""po"", ""\u8bd7"", ""oom"", ""\u4e00"", ""\u53e5""]"
poetry,logit,couplet-deep-keep,48,"[""adan"", ""\u4f46"", ""\u6bd4"", ""un"", ""iku""]"
poetry,logit,couplet-deep-keep,56,"[""until"", "" until"", ""\u76f4\u5230"", "" hoping"", ""\u7136\u540e""]"
poetry,jlens_camila,couplet-deep-keep,8,"[""ly"", ""hips"", "" behaviors"", ""an"", ""zelfde""]"
poetry,jlens_camila,couplet-deep-keep,16,"[""ly"", ""ighbor"", ""alak"", ""\u2014the"", ""\u2014a""]"
poetry,jlens_camila,couplet-deep-keep,24,"[""ly"", "" poetry"", "" poetic"", "" poems"", "" Poetry""]"
poetry,jlens_camila,couplet-deep-keep,32,"[""<|im_end|>"", "" poetry"", "" poetic"", "" poem"", "" poet""]"
poetry,jlens_camila,couplet-deep-keep,40,"["" poetic"", "" poetry"", "" poem"", ""\u8bd7\u53e5"", "" poems""]"
poetry,jlens_camila,couplet-deep-keep,48,"["" poetic"", "" poem"", "" poets"", "" poetry"", "" poet""]"
poetry,jlens_camila,couplet-deep-keep,56,"["" hoping"", "" until"", "" hope"", "" hopes"", "" promises""]"
poetry,rlens_camila,couplet-deep-keep,8,"["" neighborhood"", "" folks"", "" behaviors"", "" pediatric"", "" skept""]"
poetry,rlens_camila,couplet-deep-keep,16,"["" poetry"", "" poetic"", ""ly"", ""\u8fd9\u9996\u8bd7"", ""\u2014but""]"
poetry,rlens_camila,couplet-deep-keep,24,"["" poetry"", "" poetic"", "" poem"", "" Poetry"", "" poems""]"
poetry,rlens_camila,couplet-deep-keep,32,"["" poetry"", "" poem"", "" poetic"", "" poets"", "" poet""]"
poetry,rlens_camila,couplet-deep-keep,40,"["" poetry"", "" poetic"", "" poem"", ""\u8bd7\u53e5"", ""\u8bd7""]"
poetry,rlens_camila,couplet-deep-keep,48,"["" poetry"", "" poem"", ""<|im_end|>"", "" poetic"", "" they""]"
poetry,rlens_camila,couplet-deep-keep,56,"["" hoping"", "" until"", "" promises"", "" hope"", "" hopes""]"
poetry,jpp_released,couplet-deep-keep,8,"[""<|endoftext|>"", "" Texas"", "" Oklahoma"", "" Arizona"", "" Detroit""]"
poetry,jpp_released,couplet-deep-keep,16,"["" Song"", "" Lone"", "" Prairie"", "" poetry"", "" Dust""]"
poetry,jpp_released,couplet-deep-keep,24,"["" poetry"", "" poem"", "" poetic"", "" poet"", "" poets""]"
poetry,jpp_released,couplet-deep-keep,32,"["" poetry"", "" poem"", "" Poetry"", "" poet"", "" poetic""]"
poetry,jpp_released,couplet-deep-keep,40,"["" poem"", "" the"", "" poetry"", "" words"", "" song""]"
poetry,jpp_released,couplet-deep-keep,48,"["" the"", "" poem"", "" The"", "" second"", "" poetry""]"
poetry,jpp_released,couplet-deep-keep,56,"["" until"", "" hope"", ""\u6398"", "" hopes"", "" beneath""]"
poetry,logit,couplet-cat-mat,8,"[""/"", ""-"", ""s"", ""C"", ""R""]"
poetry,logit,couplet-cat-mat,16,"[""s"", ""/"", ""-"", ""A"", ""e""]"
poetry,logit,couplet-cat-mat,24,"[""/"", ""ta"", ""-"", ""\u8bd7"", ""A""]"
poetry,logit,couplet-cat-mat,32,"[""\u6070\u597d"", ""a"", ""ta"", ""o"", ""anta""]"
poetry,logit,couplet-cat-mat,40,"[""po"", ""\u8bd7"", ""m"", ""\u53e5"", ""oom""]"
poetry,logit,couplet-cat-mat,48,"[""uum"", ""un"", ""\u548c\u6d77"", ""\u5f71\u54cd"", ""ETER""]"
poetry,logit,couplet-cat-mat,56,"[""And"", "" and"", ""\u7136\u540e"", "" And"", ""Now""]"
poetry,jlens_camila,couplet-cat-mat,8,"[""ly"", ""hips"", ""an"", ""a"", ""raries""]"
poetry,jlens_camila,couplet-cat-mat,16,"[""ly"", ""ighbor"", "" thoughtful"", ""alley"", ""alak""]"
poetry,jlens_camila,couplet-cat-mat,24,"[""ly"", "" poetic"", "" poetry"", "" Poetry"", ""a""]"
poetry,jlens_camila,couplet-cat-mat,32,"[""<|im_end|>"", "" poetry"", "" poetic"", ""\u8fd9\u53e5\u8bdd"", ""\u8fd9\u53e5""]"
poetry,jlens_camila,couplet-cat-mat,40,"["" poetic"", "" poetry"", "" poem"", "" poets"", ""\u8bd7\u53e5""]"
poetry,jlens_camila,couplet-cat-mat,48,"["" rhyme"", "" poets"", "" poems"", "" poetry"", "" poem""]"
poetry,jlens_camila,couplet-cat-mat,56,"["" now"", "" causing"", ""And"", "" and"", ""Now""]"
poetry,rlens_camila,couplet-cat-mat,8,"[""a"", ""-but"", ""ly"", "" probably"", "" pretty""]"
poetry,rlens_camila,couplet-cat-mat,16,"["" poetry"", ""\u2014but"", ""That"", "" poetic"", "" sometimes""]"
poetry,rlens_camila,couplet-cat-mat,24,"["" poetry"", "" poetic"", "" poet"", "" poem"", "" Poetry""]"
poetry,rlens_camila,couplet-cat-mat,32,"["" poetry"", "" poetic"", "" poem"", ""\u8fd9\u53e5"", ""\u8fd9\u53e5\u8bdd""]"
poetry,rlens_camila,couplet-cat-mat,40,"["" poetry"", "" poetic"", "" poem"", ""\u8fd9\u53e5"", "" rhyme""]"
poetry,rlens_camila,couplet-cat-mat,48,"["" rhyme"", "" poetry"", ""<|im_end|>"", ""The"", "" with""]"
poetry,rlens_camila,couplet-cat-mat,56,"[""And"", "" now"", "" and"", "" causing"", "" And""]"
poetry,jpp_released,couplet-cat-mat,8,"[""<|endoftext|>"", "" poet"", "" song"", "" Texas"", "" poetic""]"
poetry,jpp_released,couplet-cat-mat,16,"["" Song"", "" Prairie"", "" Dul"", "" poetic"", "" poetry""]"
poetry,jpp_released,couplet-cat-mat,24,"["" poetry"", "" poet"", "" poetic"", "" poets"", "" poem""]"
poetry,jpp_released,couplet-cat-mat,32,"["" poetry"", "" poem"", "" poetic"", "" poet"", "" Poetry""]"
poetry,jpp_released,couplet-cat-mat,40,"["" poetry"", "" poem"", "" the"", "" poetic"", "" with""]"
poetry,jpp_released,couplet-cat-mat,48,"["" The"", "" the"", "" with"", "" poem"", "" life""]"
poetry,jpp_released,couplet-cat-mat,56,"[""cat"", "" and"", "" CAT"", "" cat"", ""CAT""]"
poetry,logit,couplet-cake-mistake,8,"[""/"", ""-"", ""s"", ""C"", ""R""]"
poetry,logit,couplet-cake-mistake,16,"[""s"", ""/"", ""-"", ""c"", ""ly""]"
poetry,logit,couplet-cake-mistake,24,"[""ta"", ""\u4e24\u53e5"", ""-"", ""A"", "" rhyme""]"
poetry,logit,couplet-cake-mistake,32,"[""oom"", ""oon"", ""anta"", ""ta"", ""a""]"
poetry,logit,couplet-cake-mistake,40,"[""po"", ""\u8bd7"", ""\u53e5"", ""\u7c89"", ""out""]"
poetry,logit,couplet-cake-mistake,48,"[""ETER"", ""un"", ""ados"", ""aters"", ""eras""]"
poetry,logit,couplet-cake-mistake,56,"[""The"", ""Then"", "" Then"", "" r\u1ed3i"", ""And""]"
poetry,jlens_camila,couplet-cake-mistake,8,"[""ly"", ""a"", ""an"", ""hips"", ""zelfde""]"
poetry,jlens_camila,couplet-cake-mistake,16,"[""ly"", ""ighbor"", ""\u2014the"", ""alak"", ""\u2014not""]"
poetry,jlens_camila,couplet-cake-mistake,24,"[""ly"", "" poetic"", "" poetry"", "" Poetry"", "" poets""]"
poetry,jlens_camila,couplet-cake-mistake,32,"["" poetry"", "" poetic"", ""<|im_end|>"", "" poem"", "" poets""]"
poetry,jlens_camila,couplet-cake-mistake,40,"["" poetic"", "" poetry"", "" poem"", ""\u8bd7\u53e5"", "" poets""]"
poetry,jlens_camila,couplet-cake-mistake,48,"["" rhyme"", "" poets"", "" poetry"", "" poems"", "" poet""]"
poetry,jlens_camila,couplet-cake-mistake,56,"["" hoping"", "" her"", ""Then"", "" then"", "" Then""]"
poetry,rlens_camila,couplet-cake-mistake,8,"[""ly"", ""a"", "" pretty"", "" just"", "" probably""]"
poetry,rlens_camila,couplet-cake-mistake,16,"["" poetry"", ""\u2014but"", "" poetic"", ""\u2014a"", ""\u2014or""]"
poetry,rlens_camila,couplet-cake-mistake,24,"["" poetry"", "" poetic"", "" Poetry"", "" poem"", "" poet""]"
poetry,rlens_camila,couplet-cake-mistake,32,"["" poetry"", "" poetic"", "" poem"", "" poets"", "" poet""]"
poetry,rlens_camila,couplet-cake-mistake,40,"["" poetry"", "" poetic"", "" rhyme"", "" poem"", ""\u8bd7""]"
poetry,rlens_camila,couplet-cake-mistake,48,"["" rhyme"", "" with"", "" poetry"", ""The"", ""And""]"
poetry,rlens_camila,couplet-cake-mistake,56,"["" her"", ""And"", "" while"", "" then"", "" hoping""]"
poetry,jpp_released,couplet-cake-mistake,8,"[""<|endoftext|>"", "" song"", ""\u8fd9\u9996"", "" songs"", "" lyric""]"
poetry,jpp_released,couplet-cake-mistake,16,"["" Song"", "" Lil"", "" Prairie"", "" Lone"", "" poetic""]"
poetry,jpp_released,couplet-cake-mistake,24,"["" poetry"", "" poetic"", "" poet"", "" poets"", "" poem""]"
poetry,jpp_released,couplet-cake-mistake,32,"["" poetry"", "" poem"", "" poetic"", "" poet"", "" Poetry""]"
poetry,jpp_released,couplet-cake-mistake,40,"["" poem"", "" poetry"", "" poetic"", "" rhyme"", "" the""]"
poetry,jpp_released,couplet-cake-mistake,48,"["" The"", "" great"", "" heart"", "" poem"", "" life""]"
poetry,jpp_released,couplet-cake-mistake,56,"["" with"", "" while"", "" bite"", "" cake"", "" hope""]"
poetry,logit,couplet-shoe-blue,8,"[""-"", ""/"", ""s"", ""C"", "" p""]"
poetry,logit,couplet-shoe-blue,16,"[""s"", ""-"", ""/"", "" -"", ""e""]"
poetry,logit,couplet-shoe-blue,24,"[""\u4e24\u53e5"", ""-"", ""/"", ""UN"", "" -""]"
poetry,logit,couplet-shoe-blue,32,"[""po"", ""oom"", ""\u6070\u597d"", ""\u8bd7"", ""\u914d""]"
poetry,logit,couplet-shoe-blue,40,"[""po"", ""\u4e00"", ""\u53e5"", "" rhyme"", ""a""]"
poetry,logit,couplet-shoe-blue,48,"[""adan"", ""\u96c6"", ""\u4f46"", ""ETER"", ""un""]"
poetry,logit,couplet-shoe-blue,56,"[""\u4f46"", "" but"", ""\u76f4\u5230"", ""But"", ""Then""]"
poetry,jlens_camila,couplet-shoe-blue,8,"[""ly"", ""a"", ""hips"", ""an"", ""ward""]"
poetry,jlens_camila,couplet-shoe-blue,16,"[""ly"", ""ighbor"", ""alley"", ""alak"", ""a""]"
poetry,jlens_camila,couplet-shoe-blue,24,"[""ly"", "" poetic"", "" poetry"", "" Poetry"", ""a""]"
poetry,jlens_camila,couplet-shoe-blue,32,"["" poetry"", ""<|im_end|>"", "" poetic"", "" poem"", ""\u8fd9\u53e5\u8bdd""]"
poetry,jlens_camila,couplet-shoe-blue,40,"["" poetic"", "" poetry"", "" poem"", ""\u8bd7\u53e5"", "" poems""]"
poetry,jlens_camila,couplet-shoe-blue,48,"["" poets"", "" rhyme"", "" poet"", "" poetic"", "" poems""]"
poetry,jlens_camila,couplet-shoe-blue,56,"["" hoping"", "" but"", "" found"", ""but"", ""\u627e\u5230\u4e86""]"
poetry,rlens_camila,couplet-shoe-blue,8,"[""a"", ""ly"", "" though"", "" nearly"", "" only""]"
poetry,rlens_camila,couplet-shoe-blue,16,"["" poetry"", ""\u8fd9\u9996\u8bd7"", "" poetic"", "" colorful"", "" skept""]"
poetry,rlens_camila,couplet-shoe-blue,24,"["" poetry"", "" poetic"", "" poet"", "" poem"", "" Poetry""]"
poetry,rlens_camila,couplet-shoe-blue,32,"["" poetry"", "" poetic"", "" poem"", "" poets"", ""\u8bd7\u53e5""]"
poetry,rlens_camila,couplet-shoe-blue,40,"["" poetic"", "" poetry"", "" rhyme"", "" poem"", ""\u8fd9\u53e5""]"
poetry,rlens_camila,couplet-shoe-blue,48,"["" another"", "" poetry"", "" rhyme"", "" poem"", "" poetic""]"
poetry,rlens_camila,couplet-shoe-blue,56,"["" but"", "" found"", "" hoping"", "" until"", ""but""]"
poetry,jpp_released,couplet-shoe-blue,8,"[""<|endoftext|>"", "" Texas"", "" song"", "" songs"", ""\u8fd9\u9996""]"
poetry,jpp_released,couplet-shoe-blue,16,"["" Song"", "" Prairie"", "" poetry"", "" poetic"", "" Joan""]"
poetry,jpp_released,couplet-shoe-blue,24,"["" poetry"", "" poet"", "" poetic"", "" poets"", "" poem""]"
poetry,jpp_released,couplet-shoe-blue,32,"["" poem"", "" poetry"", "" poetic"", "" poet"", "" Poetry""]"
poetry,jpp_released,couplet-shoe-blue,40,"["" poem"", "" poetry"", "" poetic"", "" the"", "" song""]"
poetry,jpp_released,couplet-shoe-blue,48,"["" The"", "" poem"", "" second"", "" the"", "" great""]"
poetry,jpp_released,couplet-shoe-blue,56,"["" found"", "" when"", "" until"", ""when"", ""found""]"
poetry,logit,couplet-foam-home,8,"[""-"", ""/"", ""s"", ""+"", "" p""]"
poetry,logit,couplet-foam-home,16,"[""s"", ""\u521d"", ""-"", ""/"", ""f""]"
poetry,logit,couplet-foam-home,24,"["" rhyme"", ""\u4e24\u53e5"", ""UN"", ""\u8bd7"", ""No""]"
poetry,logit,couplet-foam-home,32,"[""po"", ""oom"", ""illion"", ""\u8bd7"", ""anta""]"
poetry,logit,couplet-foam-home,40,"[""po"", ""\u8bd7"", ""\u53e5"", ""illion"", ""plain""]"
poetry,logit,couplet-foam-home,48,"[""ETER"", ""adan"", ""\u5eca"", ""\u96c6"", ""unic""]"
poetry,logit,couplet-foam-home,56,"["" alone"", "" while"", "" beneath"", "" until"", "" Alone""]"
poetry,jlens_camila,couplet-foam-home,8,"[""ly"", ""zelfde"", ""an"", ""alak"", ""\u094d\u0938""]"
poetry,jlens_camila,couplet-foam-home,16,"[""ly"", ""ighbor"", ""alley"", ""\u2014a"", ""alak""]"
poetry,jlens_camila,couplet-foam-home,24,"["" poetic"", ""ly"", "" poetry"", "" lyric"", "" Poetry""]"
poetry,jlens_camila,couplet-foam-home,32,"["" poetry"", "" poetic"", "" poem"", ""<|im_end|>"", "" Poetry""]"
poetry,jlens_camila,couplet-foam-home,40,"["" poetic"", "" poetry"", ""\u8bd7\u53e5"", "" poem"", "" poets""]"
poetry,jlens_camila,couplet-foam-home,48,"["" poetic"", "" poets"", "" poetry"", "" poet"", "" poems""]"
poetry,jlens_camila,couplet-foam-home,56,"["" alone"", "" while"", "" Alone"", "" watching"", "" until""]"
poetry,rlens_camila,couplet-foam-home,8,"[""\u52a0\u62ff\u5927"", ""ly"", "" yet"", "" nearly"", "" modest""]"
poetry,rlens_camila,couplet-foam-home,16,"["" poetry"", "" poetic"", ""\u2014but"", ""\u2014or"", ""\u2014a""]"
poetry,rlens_camila,couplet-foam-home,24,"["" poetry"", "" poetic"", "" Poetry"", "" poem"", "" poet""]"
poetry,rlens_camila,couplet-foam-home,32,"["" poetry"", "" poetic"", "" poem"", "" poets"", "" Poetry""]"
poetry,rlens_camila,couplet-foam-home,40,"["" poetic"", "" poetry"", "" poem"", ""\u8bd7\u53e5"", ""\u8bd7\u6b4c""]"
poetry,rlens_camila,couplet-foam-home,48,"["" poetry"", "" poetic"", "" poets"", "" poem"", "" poet""]"
poetry,rlens_camila,couplet-foam-home,56,"["" alone"", "" while"", "" until"", "" beneath"", "" watching""]"
poetry,jpp_released,couplet-foam-home,8,"[""<|endoftext|>"", "" poetic"", "" poet"", "" poetry"", "" lyric""]"
poetry,jpp_released,couplet-foam-home,16,"["" Song"", "" poetic"", "" poetry"", "" Poetry"", "" poem""]"
poetry,jpp_released,couplet-foam-home,24,"["" poetic"", "" poet"", "" poetry"", "" poets"", "" Poetry""]"
poetry,jpp_released,couplet-foam-home,32,"["" poetry"", "" poetic"", "" poem"", "" poet"", "" Poetry""]"
poetry,jpp_released,couplet-foam-home,40,"["" poetry"", "" poem"", "" poetic"", "" poet"", "" poets""]"
poetry,jpp_released,couplet-foam-home,48,"["" poetic"", "" poem"", "" poetry"", "" poet"", "" The""]"
poetry,jpp_released,couplet-foam-home,56,"["" alone"", "" while"", "" lone"", "" Alone"", "" until""]"
poetry,logit,couplet-clear-year,8,"[""-"", ""/"", "" as"", "" I"", "" p""]"
poetry,logit,couplet-clear-year,16,"[""ly"", ""f"", ""ad"", ""\u521d"", ""e""]"
poetry,logit,couplet-clear-year,24,"[""ly"", ""\u4e24\u53e5"", ""UN"", "" rhyme"", ""\u8bd7""]"
poetry,logit,couplet-clear-year,32,"[""po"", ""oom"", ""\u8bd7"", ""\u5e78"", ""\u4e00""]"
poetry,logit,couplet-clear-year,40,"[""\u8bd7"", ""po"", ""oom"", ""\u53e5"", ""\u4e24\u53e5""]"
poetry,logit,couplet-clear-year,48,"[""\u4f46"", ""oom"", ""\u5ff5"", ""adan"", ""iv""]"
poetry,logit,couplet-clear-year,56,"[""\u76f4\u5230"", "" until"", ""until"", "" Until"", ""Until""]"
poetry,jlens_camila,couplet-clear-year,8,"[""ly"", ""a"", ""an"", ""luss"", ""zelfde""]"
poetry,jlens_camila,couplet-clear-year,16,"[""ly"", ""alley"", ""\u2014a"", ""\u2014not"", ""ighbor""]"
poetry,jlens_camila,couplet-clear-year,24,"[""ly"", "" poetic"", "" poetry"", "" Poetry"", "" poets""]"
poetry,jlens_camila,couplet-clear-year,32,"["" poetry"", "" poetic"", ""<|im_end|>"", "" poem"", "" poets""]"
poetry,jlens_camila,couplet-clear-year,40,"["" poetic"", "" poetry"", "" poem"", "" poets"", "" poems""]"
poetry,jlens_camila,couplet-clear-year,48,"["" poetic"", "" poets"", "" poem"", "" poetry"", "" poet""]"
poetry,jlens_camila,couplet-clear-year,56,"["" until"", ""\u53cd\u5c04"", ""until"", "" reflections"", "" reflecting""]"
poetry,rlens_camila,couplet-clear-year,8,"[""a"", ""ly"", "" disparate"", "" modest"", "" Iowa""]"
poetry,rlens_camila,couplet-clear-year,16,"["" poetry"", ""\u2014but"", "" poetic"", "" poem"", ""\u2014a""]"
poetry,rlens_camila,couplet-clear-year,24,"["" poetry"", "" poetic"", "" poem"", "" Poetry"", "" poet""]"
poetry,rlens_camila,couplet-clear-year,32,"["" poetry"", "" poem"", "" poetic"", "" poets"", "" poet""]"
poetry,rlens_camila,couplet-clear-year,40,"["" poetic"", "" poetry"", "" poem"", "" poems"", "" poets""]"
poetry,rlens_camila,couplet-clear-year,48,"["" poetic"", "" poetry"", "" poem"", "" poets"", ""<|im_end|>""]"
poetry,rlens_camila,couplet-clear-year,56,"["" until"", ""\u53cd\u5c04"", "" reflecting"", ""until"", "" reflected""]"
poetry,jpp_released,couplet-clear-year,8,"[""<|endoftext|>"", ""Adobe"", "" poet"", ""Dallas"", ""\u5e7f\u4e1c\u7701""]"
poetry,jpp_released,couplet-clear-year,16,"["" poetic"", "" poem"", "" poetry"", "" Poetry"", "" Yosemite""]"
poetry,jpp_released,couplet-clear-year,24,"["" poet"", "" poetry"", "" poem"", "" poetic"", "" poets""]"
poetry,jpp_released,couplet-clear-year,32,"["" poem"", "" poetry"", "" poetic"", "" poet"", "" Poetry""]"
poetry,jpp_released,couplet-clear-year,40,"["" poem"", "" poetry"", "" poetic"", "" poet"", "" poems""]"
poetry,jpp_released,couplet-clear-year,48,"["" poem"", "" poetic"", "" poetry"", "" The"", "" poet""]"
poetry,jpp_released,couplet-clear-year,56,"["" until"", "" mirror"", ""birds"", "" mirrored"", "" birds""]"
poetry,logit,couplet-star-far,8,"[""-"", ""/"", ""s"", "" p"", ""a""]"
poetry,logit,couplet-star-far,16,"[""s"", ""/"", ""-"", ""**"", ""ly""]"
poetry,logit,couplet-star-far,24,"[""/"", ""\u4e24\u53e5"", "" rhyme"", ""\u5f71"", ""UN""]"
poetry,logit,couplet-star-far,32,"[""oom"", ""po"", ""oon"", ""ta"", ""\u6f5c""]"
poetry,logit,couplet-star-far,40,"[""\u8bd7"", ""po"", ""\u53e5"", ""oom"", ""illion""]"
poetry,logit,couplet-star-far,48,"[""ETER"", ""un"", ""\u4f46"", "" b"", ""\u4fef""]"
poetry,logit,couplet-star-far,56,"[""Then"", "" until"", "" Then"", ""And"", ""\u7136\u540e""]"
poetry,jlens_camila,couplet-star-far,8,"[""ly"", ""an"", ""a"", ""hips"", ""zelfde""]"
poetry,jlens_camila,couplet-star-far,16,"[""ly"", ""ighbor"", "" thoughtful"", ""\u2014a"", ""alley""]"
poetry,jlens_camila,couplet-star-far,24,"[""ly"", "" poetic"", "" poetry"", "" Poetry"", "" whispered""]"
poetry,jlens_camila,couplet-star-far,32,"["" poetry"", "" poetic"", ""<|im_end|>"", "" poem"", "" poet""]"
poetry,jlens_camila,couplet-star-far,40,"["" poetic"", "" poetry"", "" poet"", "" poets"", "" poem""]"
poetry,jlens_camila,couplet-star-far,48,"["" poetic"", "" poets"", "" poet"", "" poetry"", ""\u8bd7\u53e5""]"
poetry,jlens_camila,couplet-star-far,56,"["" until"", "" Then"", ""Then"", "" then"", ""And""]"
poetry,rlens_camila,couplet-star-far,8,"[""a"", ""ly"", ""an"", "" modest"", "" perhaps""]"
poetry,rlens_camila,couplet-star-far,16,"["" poetry"", "" poetic"", "" poet"", ""\u8fd9\u9996\u8bd7"", ""\u2014but""]"
poetry,rlens_camila,couplet-star-far,24,"["" poetry"", "" poetic"", "" Poetry"", "" poet"", "" poem""]"
poetry,rlens_camila,couplet-star-far,32,"["" poetry"", "" poetic"", "" poem"", "" poets"", "" poet""]"
poetry,rlens_camila,couplet-star-far,40,"["" poetic"", "" poetry"", "" poem"", "" poets"", "" poet""]"
poetry,rlens_camila,couplet-star-far,48,"["" poetry"", "" poetic"", "" poets"", "" poet"", "" poem""]"
poetry,rlens_camila,couplet-star-far,56,"["" until"", ""And"", "" then"", "" while"", "" Then""]"
poetry,jpp_released,couplet-star-far,8,"[""<|endoftext|>"", "" bronze"", "" poet"", "" poetic"", ""\u8fd9\u9996""]"
poetry,jpp_released,couplet-star-far,16,"["" poetic"", "" Song"", "" poetry"", "" lyric"", "" Lone""]"
poetry,jpp_released,couplet-star-far,24,"["" poetry"", "" poetic"", "" poet"", "" poets"", "" poem""]"
poetry,jpp_released,couplet-star-far,32,"["" poetic"", "" poetry"", "" poem"", "" poet"", "" poets""]"
poetry,jpp_released,couplet-star-far,40,"["" poetry"", "" poetic"", "" poem"", "" poet"", "" poets""]"
poetry,jpp_released,couplet-star-far,48,"["" poetry"", "" poetic"", "" The"", "" poem"", "" poet""]"
poetry,jpp_released,couplet-star-far,56,"["" until"", "" while"", "" with"", ""And"", "" star""]"
poetry,logit,couplet-bend-end,8,"[""-"", ""/"", "" p"", "" as"", ""s""]"
poetry,logit,couplet-bend-end,16,"[""ly"", ""f"", ""a"", ""/"", ""s""]"
poetry,logit,couplet-bend-end,24,"[""\u4e24\u53e5"", ""\u8bd7"", ""a"", ""ly"", "" rhyme""]"
poetry,logit,couplet-bend-end,32,"[""po"", ""\u6070\u597d"", ""a"", ""\u8bd7"", ""oom""]"
poetry,logit,couplet-bend-end,40,"[""po"", ""\u8bd7"", ""\u53e5"", ""\u4e24\u53e5"", ""a""]"
poetry,logit,couplet-bend-end,48,"[""\u5eca"", ""\u53e5"", ""\u6bd4"", ""\u8fd9\u53e5\u8bdd"", ""adan""]"
poetry,logit,couplet-bend-end,56,"["" where"", ""Where"", ""where"", "" Where"", "" leaving""]"
poetry,jlens_camila,couplet-bend-end,8,"[""ly"", ""a"", ""an"", ""hips"", ""zelfde""]"
poetry,jlens_camila,couplet-bend-end,16,"[""ly"", ""a"", ""alley"", ""\u0627"", ""alak""]"
poetry,jlens_camila,couplet-bend-end,24,"[""ly"", "" poetic"", "" poetry"", ""a"", "" Poetry""]"
poetry,jlens_camila,couplet-bend-end,32,"["" poetry"", "" poetic"", ""<|im_end|>"", "" poet"", "" poets""]"
poetry,jlens_camila,couplet-bend-end,40,"["" poetic"", "" poetry"", "" poem"", "" poets"", "" poet""]"
poetry,jlens_camila,couplet-bend-end,48,"["" poetic"", "" poets"", "" poet"", "" poetry"", "" poem""]"
poetry,jlens_camila,couplet-bend-end,56,"["" leaving"", "" where"", ""Where"", "" Leaving"", "" Where""]"
poetry,rlens_camila,couplet-bend-end,8,"[""ly"", ""a"", "" modest"", "" though"", ""\u52a0\u62ff\u5927""]"
poetry,rlens_camila,couplet-bend-end,16,"["" poetry"", ""ly"", "" poetic"", ""a"", "" poet""]"
poetry,rlens_camila,couplet-bend-end,24,"["" poetry"", "" poetic"", "" poet"", "" poets"", "" Poetry""]"
poetry,rlens_camila,couplet-bend-end,32,"["" poetry"", "" poem"", "" poetic"", "" poets"", "" poet""]"
poetry,rlens_camila,couplet-bend-end,40,"["" poetic"", "" poetry"", "" poem"", "" poets"", "" poet""]"
poetry,rlens_camila,couplet-bend-end,48,"["" poetry"", "" poetic"", "" poem"", "" poets"", "" poet""]"
poetry,rlens_camila,couplet-bend-end,56,"["" where"", "" leaving"", ""Where"", ""where"", "" Where""]"
poetry,jpp_released,couplet-bend-end,8,"[""<|endoftext|>"", "" poet"", ""\ufb01"", ""Adobe"", "" poetic""]"
poetry,jpp_released,couplet-bend-end,16,"["" poetic"", "" poetry"", "" poem"", "" Poetry"", "" poet""]"
poetry,jpp_released,couplet-bend-end,24,"["" poet"", "" poetry"", "" poets"", "" poetic"", "" poem""]"
poetry,jpp_released,couplet-bend-end,32,"["" poetry"", "" poet"", "" poem"", "" poetic"", "" Poetry""]"
poetry,jpp_released,couplet-bend-end,40,"["" poem"", "" poetry"", "" poetic"", "" poet"", "" poems""]"
poetry,jpp_released,couplet-bend-end,48,"["" poem"", "" poetic"", "" poetry"", "" poet"", "" second""]"
poetry,jpp_released,couplet-bend-end,56,"["" where"", "" with"", "" stream"", ""\u2019s"", "" beneath""]"
poetry,logit,couplet-bright-sight,8,"[""-"", ""/"", "" p"", "" as"", "" to""]"
poetry,logit,couplet-bright-sight,16,"[""ly"", ""\u521d"", ""\u5230"", ""f"", ""/""]"
poetry,logit,couplet-bright-sight,24,"[""\u8bd7"", ""ock"", "" rhyme"", ""\u4e24\u53e5"", ""\u675f""]"
poetry,logit,couplet-bright-sight,32,"[""po"", ""\u5e78"", ""oom"", ""illion"", ""\u8bd7""]"
poetry,logit,couplet-bright-sight,40,"[""po"", ""\u8bd7"", ""\u53e5"", ""\u4e24\u53e5"", ""illion""]"
poetry,logit,couplet-bright-sight,48,"[""\u96c6"", ""\u4f46"", ""ETER"", ""\u5eca"", ""\u5e1d""]"
poetry,logit,couplet-bright-sight,56,"[""\u7684\u4fe1\u53f7"", ""\u7167\u4eae"", ""Then"", "" illumin"", "" signaling""]"
poetry,jlens_camila,couplet-bright-sight,8,"[""ly"", ""a"", ""ward"", ""hips"", "" tether""]"
poetry,jlens_camila,couplet-bright-sight,16,"[""ly"", "" heed"", ""alley"", "" spirited"", ""ighbor""]"
poetry,jlens_camila,couplet-bright-sight,24,"[""ly"", "" poetic"", "" poetry"", "" Poetry"", "" poets""]"
poetry,jlens_camila,couplet-bright-sight,32,"["" poetry"", "" poetic"", "" poem"", "" poets"", "" poet""]"
poetry,jlens_camila,couplet-bright-sight,40,"["" poetic"", "" poetry"", "" poem"", "" poets"", "" poet""]"
poetry,jlens_camila,couplet-bright-sight,48,"["" poetic"", "" poets"", "" poetry"", "" poet"", "" poems""]"
poetry,jlens_camila,couplet-bright-sight,56,"[""\u7167\u4eae"", ""\u7684\u4fe1\u53f7"", "" signaling"", "" illumin"", ""\u4fe1\u53f7""]"
poetry,rlens_camila,couplet-bright-sight,8,"[""ly"", ""a"", "" modest"", "" disparate"", "" touted""]"
poetry,rlens_camila,couplet-bright-sight,16,"["" poetry"", "" poetic"", "" modest"", ""\u2014but"", ""\u2014a""]"
poetry,rlens_camila,couplet-bright-sight,24,"["" poetry"", "" poetic"", "" Poetry"", "" poets"", "" poet""]"
poetry,rlens_camila,couplet-bright-sight,32,"["" poetry"", "" poetic"", "" poem"", "" poets"", "" poet""]"
poetry,rlens_camila,couplet-bright-sight,40,"["" poetic"", "" poetry"", "" poem"", "" poets"", "" poet""]"
poetry,rlens_camila,couplet-bright-sight,48,"["" poetry"", "" poem"", "" poetic"", "" poets"", "" poems""]"
poetry,rlens_camila,couplet-bright-sight,56,"[""\u7167\u4eae"", ""\u7684\u4fe1\u53f7"", "" signaling"", ""Then"", "" illumin""]"
poetry,jpp_released,couplet-bright-sight,8,"[""<|endoftext|>"", "" Texas"", ""Texas"", ""Dallas"", ""Adobe""]"
poetry,jpp_released,couplet-bright-sight,16,"["" Lone"", "" poetic"", "" poetry"", "" Poetry"", ""\u8bd7\u6b4c""]"
poetry,jpp_released,couplet-bright-sight,24,"["" poet"", "" poetry"", "" poetic"", "" poets"", "" Poetry""]"
poetry,jpp_released,couplet-bright-sight,32,"["" poetry"", "" poetic"", "" poet"", "" poem"", "" Poetry""]"
poetry,jpp_released,couplet-bright-sight,40,"["" poem"", "" poetry"", "" poetic"", "" poet"", "" poems""]"
poetry,jpp_released,couplet-bright-sight,48,"["" poem"", "" The"", "" poetry"", "" Po"", "" poet""]"
poetry,jpp_released,couplet-bright-sight,56,"[""\u7684\u4fe1\u53f7"", "" signal"", ""illum"", "" bright"", "" illumination""]"
poetry,logit,couplet-white-write,8,"[""-"", ""/"", ""a"", ""s"", "" p""]"
poetry,logit,couplet-white-write,16,"[""/"", ""ly"", ""s"", ""ad"", ""\u5e76\u975e""]"
poetry,logit,couplet-white-write,24,"[""ock"", ""pe"", ""\u8bd7"", ""\u4e3a"", ""No""]"
poetry,logit,couplet-white-write,32,"[""ao"", ""po"", "" prose"", ""oom"", ""illion""]"
poetry,logit,couplet-white-write,40,"[""po"", ""\u8bd7"", ""\u53e5"", "" rhyme"", ""\u5323""]"
poetry,logit,couplet-white-write,48,"[""\u4f46"", ""ETER"", ""\u96c6"", ""un"", ""\u4f46\u5728""]"
poetry,logit,couplet-white-write,56,"["" yet"", "" except"", "" until"", ""Yet"", ""yet""]"
poetry,jlens_camila,couplet-white-write,8,"[""ly"", ""a"", ""zelfde"", ""an"", ""\u0627""]"
poetry,jlens_camila,couplet-white-write,16,"[""ly"", ""a"", ""alley"", ""\u0627"", "" heed""]"
poetry,jlens_camila,couplet-white-write,24,"[""ly"", "" poetic"", "" poetry"", ""a"", "" Poetry""]"
poetry,jlens_camila,couplet-white-write,32,"["" poetry"", "" poetic"", "" poet"", "" poets"", "" poem""]"
poetry,jlens_camila,couplet-white-write,40,"["" poetic"", "" poetry"", "" poem"", "" poet"", "" poets""]"
poetry,jlens_camila,couplet-white-write,48,"["" poet"", "" poets"", "" poetry"", "" poetic"", "" poem""]"
poetry,jlens_camila,couplet-white-write,56,"["" yet"", "" until"", "" except"", "" she"", ""Yet""]"
poetry,rlens_camila,couplet-white-write,8,"[""a"", ""ly"", "" perhaps"", "" nearly"", "" modest""]"
poetry,rlens_camila,couplet-white-write,16,"["" poetry"", "" poetic"", "" poet"", ""ly"", ""a""]"
poetry,rlens_camila,couplet-white-write,24,"["" poetry"", "" poetic"", "" poet"", "" Poetry"", "" poets""]"
poetry,rlens_camila,couplet-white-write,32,"["" poetry"", "" poetic"", "" poem"", "" poet"", "" poets""]"
poetry,rlens_camila,couplet-white-write,40,"["" poetry"", "" poetic"", "" poem"", "" poet"", "" poets""]"
poetry,rlens_camila,couplet-white-write,48,"["" poetry"", "" poet"", "" poem"", "" poets"", "" poetic""]"
poetry,rlens_camila,couplet-white-write,56,"["" yet"", "" until"", "" except"", "" she"", "" her""]"
poetry,jpp_released,couplet-white-write,8,"[""<|endoftext|>"", "" poet"", "" poetic"", "" poetry"", "" poets""]"
poetry,jpp_released,couplet-white-write,16,"["" poetic"", "" poetry"", "" Poetry"", "" poet"", ""\u8bd7\u6b4c""]"
poetry,jpp_released,couplet-white-write,24,"["" poet"", "" poetic"", "" poetry"", "" poets"", "" Poetry""]"
poetry,jpp_released,couplet-white-write,32,"["" poet"", "" poetry"", "" poem"", "" poetic"", "" poets""]"
poetry,jpp_released,couplet-white-write,40,"["" poem"", "" poetry"", "" poet"", "" poetic"", "" poets""]"
poetry,jpp_released,couplet-white-write,48,"["" poem"", "" poet"", "" poetry"", "" poetic"", "" Po""]"
poetry,jpp_released,couplet-white-write,56,"["" until"", "" yet"", ""until"", "" Until"", ""Until""]"
poetry,logit,couplet-away-way,8,"[""-"", ""/"", ""s"", "" p"", ""l""]"
poetry,logit,couplet-away-way,16,"[""s"", ""ly"", ""ad"", ""/"", ""-""]"
poetry,logit,couplet-away-way,24,"[""\u6216\u591a\u4e2a"", ""\u4e24\u53e5"", ""-"", ""\u675f"", "" -""]"
poetry,logit,couplet-away-way,32,"[""po"", ""\u8bd7"", ""\u5e78"", ""\u6070\u597d"", ""oom""]"
poetry,logit,couplet-away-way,40,"[""po"", ""\u8bd7"", ""\u4e00"", ""\u4e0e"", ""\u53e5""]"
poetry,logit,couplet-away-way,48,"[""\u4f46"", ""oom"", ""adan"", ""\u96c6"", ""iku""]"
poetry,logit,couplet-away-way,56,"[""\u76f4\u5230"", "" until"", ""\u76f4\u81f3"", ""until"", "" Until""]"
poetry,jlens_camila,couplet-away-way,8,"[""ly"", ""hips"", ""raries"", ""an"", ""zelfde""]"
poetry,jlens_camila,couplet-away-way,16,"[""ly"", ""alley"", ""alak"", ""ighbor"", ""a""]"
poetry,jlens_camila,couplet-away-way,24,"[""ly"", "" poetry"", "" poetic"", "" Poetry"", "" poets""]"
poetry,jlens_camila,couplet-away-way,32,"["" poetry"", ""<|im_end|>"", "" poetic"", "" poem"", "" poet""]"
poetry,jlens_camila,couplet-away-way,40,"["" poetic"", "" poetry"", "" poem"", "" poets"", "" poet""]"
poetry,jlens_camila,couplet-away-way,48,"["" poetic"", "" poet"", "" poets"", "" poems"", "" poetry""]"
poetry,jlens_camila,couplet-away-way,56,"["" until"", "" his"", "" seeking"", ""until"", ""\u76f4\u5230""]"
poetry,rlens_camila,couplet-away-way,8,"[""a"", ""ly"", "" nearly"", ""or"", ""an""]"
poetry,rlens_camila,couplet-away-way,16,"["" poetry"", ""ly"", ""\u8fd9\u9996\u8bd7"", ""a"", "" poetic""]"
poetry,rlens_camila,couplet-away-way,24,"["" poetry"", "" poetic"", "" poem"", "" poet"", "" Poetry""]"
poetry,rlens_camila,couplet-away-way,32,"["" poetry"", "" poem"", "" poetic"", "" poet"", "" poets""]"
poetry,rlens_camila,couplet-away-way,40,"["" poetic"", "" poetry"", "" poem"", "" poets"", "" poems""]"
poetry,rlens_camila,couplet-away-way,48,"["" poetry"", "" poem"", "" poetic"", ""<|im_end|>"", "" with""]"
poetry,rlens_camila,couplet-away-way,56,"["" until"", "" his"", "" yet"", "" seeking"", ""until""]"
poetry,jpp_released,couplet-away-way,8,"[""<|endoftext|>"", ""\u8fd9\u9996"", "" song"", "" poet"", "" lyric""]"
poetry,jpp_released,couplet-away-way,16,"["" Song"", "" poetry"", "" poem"", "" poetic"", "" Poetry""]"
poetry,jpp_released,couplet-away-way,24,"["" poetry"", "" poet"", "" poets"", "" poetic"", "" poem""]"
poetry,jpp_released,couplet-away-way,32,"["" poetry"", "" poem"", "" poet"", "" Poetry"", "" poetic""]"
poetry,jpp_released,couplet-away-way,40,"["" poem"", "" poetry"", "" poetic"", "" the"", "" poet""]"
poetry,jpp_released,couplet-away-way,48,"["" the"", "" The"", "" poem"", "" great"", "" second""]"
poetry,jpp_released,couplet-away-way,56,"["" until"", "" when"", "" Until"", "" with"", ""until""]"
poetry,logit,couplet-chase-place,8,"[""-"", ""/"", "" p"", ""s"", "" to""]"
poetry,logit,couplet-chase-place,16,"[""s"", ""-"", ""/"", ""\u5230"", ""olog""]"
poetry,logit,couplet-chase-place,24,"[""\u8bd7"", ""\u4e24\u53e5"", ""pe"", ""\u675f"", ""olog""]"
poetry,logit,couplet-chase-place,32,"[""po"", ""\u6070\u597d"", ""ao"", ""ta"", ""\u96c4""]"
poetry,logit,couplet-chase-place,40,"[""po"", ""\u53e5"", ""\u8bd7"", ""b"", ""\u4e00""]"
poetry,logit,couplet-chase-place,48,"[""\u4f46"", ""\u5206\u660e"", ""adan"", ""\u96c6"", ""\u5eca""]"
poetry,logit,couplet-chase-place,56,"[""Their"", "" Their"", ""They"", ""\u8ffd\u9010"", "" pursued""]"
poetry,jlens_camila,couplet-chase-place,8,"[""ly"", ""hips"", ""zelfde"", ""a"", ""\u0627""]"
poetry,jlens_camila,couplet-chase-place,16,"[""ly"", ""alley"", ""alak"", "" heed"", "" spirited""]"
poetry,jlens_camila,couplet-chase-place,24,"[""ly"", "" poetic"", "" poetry"", "" Poetry"", "" perhaps""]"
poetry,jlens_camila,couplet-chase-place,32,"["" poetry"", "" poetic"", "" poets"", "" poet"", "" poem""]"
poetry,jlens_camila,couplet-chase-place,40,"["" poetic"", "" poetry"", "" poem"", "" poets"", "" poet""]"
poetry,jlens_camila,couplet-chase-place,48,"["" poets"", "" poet"", "" poetic"", "" poetry"", "" poem""]"
poetry,jlens_camila,couplet-chase-place,56,"["" Their"", ""Their"", ""They"", "" They"", ""\u8ffd\u9010""]"
poetry,rlens_camila,couplet-chase-place,8,"["" perhaps"", "" modest"", "" thought"", "" though"", ""a""]"
poetry,rlens_camila,couplet-chase-place,16,"["" poetry"", "" merely"", "" perhaps"", "" poetic"", ""ly""]"
poetry,rlens_camila,couplet-chase-place,24,"["" poetry"", "" poetic"", "" Poetry"", "" poet"", "" poets""]"
poetry,rlens_camila,couplet-chase-place,32,"["" poetry"", "" poetic"", "" poem"", "" poets"", "" poet""]"
poetry,rlens_camila,couplet-chase-place,40,"["" poetic"", "" poetry"", "" poem"", "" poets"", "" poet""]"
poetry,rlens_camila,couplet-chase-place,48,"["" poetry"", "" poetic"", "" with"", "" poem"", "" poet""]"
poetry,rlens_camila,couplet-chase-place,56,"["" Their"", ""They"", ""Their"", "" They"", "" their""]"
poetry,jpp_released,couplet-chase-place,8,"[""<|endoftext|>"", "" poet"", "" poetic"", ""\ufb01"", "" poetry""]"
poetry,jpp_released,couplet-chase-place,16,"["" poetic"", "" poetry"", "" Poetry"", "" poem"", "" Song""]"
poetry,jpp_released,couplet-chase-place,24,"["" poet"", "" poetry"", "" poetic"", "" poets"", "" Poetry""]"
poetry,jpp_released,couplet-chase-place,32,"["" poet"", "" poetic"", "" poem"", "" poetry"", "" poets""]"
poetry,jpp_released,couplet-chase-place,40,"["" Shakespeare"", "" poem"", "" poetic"", "" poet"", "" poetry""]"
poetry,jpp_released,couplet-chase-place,48,"["" The"", "" great"", "" the"", "" poet"", "" with""]"
poetry,jpp_released,couplet-chase-place,56,"["" dogs"", "" hunt"", "" dog"", "" Hunt"", "" with""]"
poetry,logit,couplet-pace-race,8,"[""/"", ""-"", ""s"", ""C"", ""a""]"
poetry,logit,couplet-pace-race,16,"[""s"", ""\u521d"", ""-"", ""/"", ""\u5230""]"
poetry,logit,couplet-pace-race,24,"[""\u4e24\u53e5"", ""UN"", ""\u97f5"", ""\u6216\u591a\u4e2a"", ""/""]"
poetry,logit,couplet-pace-race,32,"[""po"", ""\u6070\u597d"", ""\u8bd7"", "" prose"", ""umn""]"
poetry,logit,couplet-pace-race,40,"[""po"", ""\u8bd7"", ""\u53e5"", ""\u4e00"", ""a""]"
poetry,logit,couplet-pace-race,48,"[""un"", ""adan"", ""\u4f46"", ""ETER"", ""iku""]"
poetry,logit,couplet-pace-race,56,"["" hoping"", "" hopes"", ""\u6c57\u6c34"", "" sweat"", "" hope""]"
poetry,jlens_camila,couplet-pace-race,8,"[""ly"", ""a"", ""an"", ""hips"", ""zelfde""]"
poetry,jlens_camila,couplet-pace-race,16,"[""ly"", ""ighbor"", "" thoughtful"", ""alak"", ""alley""]"
poetry,jlens_camila,couplet-pace-race,24,"[""ly"", "" poetic"", "" poetry"", "" poems"", "" Poetry""]"
poetry,jlens_camila,couplet-pace-race,32,"[""<|im_end|>"", "" poetry"", "" poetic"", "" poem"", ""\u8bd7\u53e5""]"
poetry,jlens_camila,couplet-pace-race,40,"["" poetic"", "" poem"", "" poetry"", ""\u8bd7\u53e5"", "" poems""]"
poetry,jlens_camila,couplet-pace-race,48,"["" poetic"", "" poems"", "" poem"", "" poets"", "" poet""]"
poetry,jlens_camila,couplet-pace-race,56,"["" hoping"", "" hope"", "" hopes"", "" aiming"", ""\u5e0c\u671b""]"
poetry,rlens_camila,couplet-pace-race,8,"[""a"", ""ly"", "" though"", "" just"", "" somewhat""]"
poetry,rlens_camila,couplet-pace-race,16,"["" poetry"", "" poetic"", ""ly"", "" thoughtful"", "" sometimes""]"
poetry,rlens_camila,couplet-pace-race,24,"["" poetry"", "" poetic"", "" poem"", "" poet"", "" poems""]"
poetry,rlens_camila,couplet-pace-race,32,"["" poetry"", "" poem"", "" poetic"", ""\u8bd7\u53e5"", "" poets""]"
poetry,rlens_camila,couplet-pace-race,40,"["" poetic"", "" poem"", "" poetry"", "" rhyme"", ""\u8bd7\u53e5""]"
poetry,rlens_camila,couplet-pace-race,48,"["" poetry"", "" poem"", ""<|im_end|>"", "" poetic"", "" with""]"
poetry,rlens_camila,couplet-pace-race,56,"["" hoping"", "" hope"", "" hopes"", "" his"", "" aiming""]"
poetry,jpp_released,couplet-pace-race,8,"["" Texas"", "" Oklahoma"", ""<|endoftext|>"", ""Texas"", "" song""]"
poetry,jpp_released,couplet-pace-race,16,"["" Song"", "" Prairie"", "" Lone"", "" poetic"", "" lyric""]"
poetry,jpp_released,couplet-pace-race,24,"["" poetry"", "" poet"", "" poetic"", "" poets"", "" poem""]"
poetry,jpp_released,couplet-pace-race,32,"["" poetry"", "" poem"", "" Poetry"", "" poetic"", "" poet""]"
poetry,jpp_released,couplet-pace-race,40,"["" poem"", "" poetry"", "" the"", "" words"", "" poetic""]"
poetry,jpp_released,couplet-pace-race,48,"["" The"", "" poem"", "" the"", "" second"", "" poetry""]"
poetry,jpp_released,couplet-pace-race,56,"["" hope"", "" hopes"", "" hoping"", "" with"", "" sweat""]"
poetry,logit,couplet-base-case,8,"[""-"", ""/"", ""a"", ""s"", ""C""]"
poetry,logit,couplet-base-case,16,"[""s"", ""/"", ""a"", ""-"", ""ad""]"
poetry,logit,couplet-base-case,24,"[""/"", ""-"", ""\u4e24\u53e5"", ""a"", ""No""]"
poetry,logit,couplet-base-case,32,"[""\u8bd7"", "" prose"", ""po"", ""\u6070\u597d"", ""\u81ea""]"
poetry,logit,couplet-base-case,40,"[""po"", ""\u8bd7"", ""\u53e5"", ""o"", ""\u4e00""]"
poetry,logit,couplet-base-case,48,"[""\u59d3"", ""\u8d8a"", ""un"", ""oun"", ""\u4f46""]"
poetry,logit,couplet-base-case,56,"["" hoping"", ""The"", "" but"", "" while"", ""But""]"
poetry,jlens_camila,couplet-base-case,8,"[""ly"", ""a"", ""an"", ""hips"", ""\u0627""]"
poetry,jlens_camila,couplet-base-case,16,"[""ly"", ""a"", ""alley"", "" thoughtful"", ""ighbor""]"
poetry,jlens_camila,couplet-base-case,24,"[""ly"", "" poetic"", "" poetry"", ""a"", "" Poetry""]"
poetry,jlens_camila,couplet-base-case,32,"["" poetry"", "" poetic"", ""<|im_end|>"", "" poem"", "" poet""]"
poetry,jlens_camila,couplet-base-case,40,"["" poetic"", "" poetry"", "" poem"", "" poet"", "" poets""]"
poetry,jlens_camila,couplet-base-case,48,"["" poems"", "" poetry"", "" rhyme"", "" poets"", "" poetic""]"
poetry,jlens_camila,couplet-base-case,56,"["" hoping"", "" her"", "" she"", "" arguing"", "" while""]"
poetry,rlens_camila,couplet-base-case,8,"[""a"", ""ly"", "" though"", "" probably"", ""an""]"
poetry,rlens_camila,couplet-base-case,16,"["" poetry"", ""a"", "" poetic"", ""ly"", "" modest""]"
poetry,rlens_camila,couplet-base-case,24,"["" poetry"", "" poetic"", "" poet"", "" Poetry"", "" poem""]"
poetry,rlens_camila,couplet-base-case,32,"["" poetry"", "" poem"", "" poetic"", "" poets"", "" poet""]"
poetry,rlens_camila,couplet-base-case,40,"["" poetic"", "" poetry"", "" poem"", "" rhyme"", "" poems""]"
poetry,rlens_camila,couplet-base-case,48,"["" with"", "" another"", ""And"", "" when"", "" all""]"
poetry,rlens_camila,couplet-base-case,56,"["" her"", "" hoping"", "" while"", "" she"", "" with""]"
poetry,jpp_released,couplet-base-case,8,"[""<|endoftext|>"", "" song"", "" Oklahoma"", "" bronze"", ""\ufb01""]"
poetry,jpp_released,couplet-base-case,16,"["" Lone"", "" poetic"", "" poetry"", "" Song"", "" Prairie""]"
poetry,jpp_released,couplet-base-case,24,"["" poetry"", "" poet"", "" poetic"", "" poets"", "" Poetry""]"
poetry,jpp_released,couplet-base-case,32,"["" poem"", "" poetry"", "" poet"", "" poetic"", "" Poetry""]"
poetry,jpp_released,couplet-base-case,40,"["" poem"", "" poetry"", "" poetic"", "" poet"", "" the""]"
poetry,jpp_released,couplet-base-case,48,"["" The"", "" great"", "" the"", "" B"", "" life""]"
poetry,jpp_released,couplet-base-case,56,"["" with"", "" judge"", "" argument"", "" courtroom"", "" court""]"
poetry,logit,couplet-blame-game,8,"[""-"", ""/"", "" p"", ""s"", ""1""]"
poetry,logit,couplet-blame-game,16,"[""s"", ""/"", ""\u886b"", ""ly"", ""a""]"
poetry,logit,couplet-blame-game,24,"[""/"", "" rhyme"", ""a"", ""ly"", ""-""]"
poetry,logit,couplet-blame-game,32,"[""po"", ""oom"", ""ite"", ""oid"", ""a""]"
poetry,logit,couplet-blame-game,40,"[""po"", ""\u8bd7"", ""\u53e5"", "" rhyme"", ""\u4e24\u53e5""]"
poetry,logit,couplet-blame-game,48,"[""\u96c6"", ""\u4f46"", ""un"", ""ETER"", ""ustr""]"
poetry,logit,couplet-blame-game,56,"["" until"", ""\u76f4\u5230"", ""until"", ""\u76f4\u81f3"", "" Until""]"
poetry,jlens_camila,couplet-blame-game,8,"[""ly"", ""an"", ""hips"", ""a"", ""ward""]"
poetry,jlens_camila,couplet-blame-game,16,"[""ly"", ""a"", ""alley"", ""fully"", ""\u0627""]"
poetry,jlens_camila,couplet-blame-game,24,"[""ly"", "" poetic"", "" poetry"", ""a"", "" Welsh""]"
poetry,jlens_camila,couplet-blame-game,32,"["" poetry"", "" poetic"", ""\u8bd7\u53e5"", "" poet"", "" poem""]"
poetry,jlens_camila,couplet-blame-game,40,"["" poetic"", ""\u8bd7\u53e5"", "" poetry"", "" poem"", "" poet""]"
poetry,jlens_camila,couplet-blame-game,48,"["" poets"", "" poetry"", "" poet"", "" poetic"", ""\u8bd7\u53e5""]"
poetry,jlens_camila,couplet-blame-game,56,"["" until"", ""until"", "" Until"", "" while"", ""Until""]"
poetry,rlens_camila,couplet-blame-game,8,"[""ly"", ""a"", ""\u52a0\u62ff\u5927"", ""\u76f8\u8f85\u76f8\u6210"", ""\u4e2d\u901a""]"
poetry,rlens_camila,couplet-blame-game,16,"[""ly"", "" poetry"", "" poetic"", ""a"", "" poem""]"
poetry,rlens_camila,couplet-blame-game,24,"["" poetry"", "" poetic"", "" poet"", "" Poetry"", "" poets""]"
poetry,rlens_camila,couplet-blame-game,32,"["" poetry"", "" poetic"", "" poem"", "" poet"", ""\u8bd7\u53e5""]"
poetry,rlens_camila,couplet-blame-game,40,"["" poetic"", "" poetry"", ""\u8bd7\u53e5"", "" poem"", "" rhyme""]"
poetry,rlens_camila,couplet-blame-game,48,"["" poetry"", "" with"", ""And"", "" another"", "" poetic""]"
poetry,rlens_camila,couplet-blame-game,56,"["" until"", "" while"", "" Until"", ""until"", "" blame""]"
poetry,jpp_released,couplet-blame-game,8,"[""<|endoftext|>"", "" poet"", ""\u8fd9\u9996"", "" song"", ""Dallas""]"
poetry,jpp_released,couplet-blame-game,16,"["" poetic"", "" poetry"", "" Lone"", "" poem"", "" Poetry""]"
poetry,jpp_released,couplet-blame-game,24,"["" poet"", "" poets"", "" poetry"", "" poetic"", "" Poetry""]"
poetry,jpp_released,couplet-blame-game,32,"["" poet"", "" poetic"", "" poetry"", "" poem"", "" poets""]"
poetry,jpp_released,couplet-blame-game,40,"["" poem"", "" poetry"", "" poetic"", "" Shakespeare"", "" poet""]"
poetry,jpp_released,couplet-blame-game,48,"["" The"", "" Po"", "" with"", "" the"", "" poetry""]"
poetry,jpp_released,couplet-blame-game,56,"["" until"", "" while"", "" blame"", ""until"", "" Until""]"
poetry,logit,couplet-frame-same,8,"[""-"", ""/"", ""s"", ""a"", ""C""]"
poetry,logit,couplet-frame-same,16,"[""s"", ""/"", ""ly"", "" /"", ""a""]"
poetry,logit,couplet-frame-same,24,"[""-"", ""a"", ""\u4e24\u53e5"", ""/"", "" l""]"
poetry,logit,couplet-frame-same,32,"[""ao"", ""oom"", ""po"", "" prose"", ""oon""]"
poetry,logit,couplet-frame-same,40,"[""po"", ""\u8bd7"", ""\u5323"", ""oom"", ""\u53e5""]"
poetry,logit,couplet-frame-same,48,"[""ETER"", ""\u81ea\u6709"", ""\u59d3"", ""un"", ""anon""]"
poetry,logit,couplet-frame-same,56,"[""Then"", ""And"", ""The"", "" Then"", ""Which""]"
poetry,jlens_camila,couplet-frame-same,8,"[""ly"", ""a"", ""an"", ""hips"", ""raries""]"
poetry,jlens_camila,couplet-frame-same,16,"[""ly"", ""a"", ""\u0627"", ""ighbor"", ""alley""]"
poetry,jlens_camila,couplet-frame-same,24,"[""ly"", "" poetic"", "" poetry"", ""a"", "" poets""]"
poetry,jlens_camila,couplet-frame-same,32,"["" poetry"", "" poetic"", "" poet"", "" poets"", "" poem""]"
poetry,jlens_camila,couplet-frame-same,40,"["" poetry"", "" poet"", "" poetic"", "" poem"", "" poets""]"
poetry,jlens_camila,couplet-frame-same,48,"["" poets"", "" poet"", "" poetry"", "" another"", "" poems""]"
poetry,jlens_camila,couplet-frame-same,56,"[""And"", "" hoping"", ""Then"", "" Then"", "" which""]"
poetry,rlens_camila,couplet-frame-same,8,"[""a"", ""ly"", "" probably"", "" though"", ""or""]"
poetry,rlens_camila,couplet-frame-same,16,"["" sometimes"", "" poetry"", ""a"", ""That"", "" good""]"
poetry,rlens_camila,couplet-frame-same,24,"["" poetry"", "" poetic"", "" poem"", "" poet"", "" poets""]"
poetry,rlens_camila,couplet-frame-same,32,"["" poetry"", "" poem"", "" poetic"", "" poet"", "" poets""]"
poetry,rlens_camila,couplet-frame-same,40,"["" poetry"", "" poem"", "" poetic"", "" poet"", ""\u8bd7\u53e5""]"
poetry,rlens_camila,couplet-frame-same,48,"["" another"", ""And"", "" poetry"", "" with"", ""The""]"
poetry,rlens_camila,couplet-frame-same,56,"[""And"", "" which"", ""Then"", "" then"", "" Then""]"
poetry,jpp_released,couplet-frame-same,8,"[""<|endoftext|>"", "" song"", "" poet"", ""\u8fd9\u9996"", "" songs""]"
poetry,jpp_released,couplet-frame-same,16,"["" poetic"", "" Song"", "" poetry"", "" poem"", "" Lone""]"
poetry,jpp_released,couplet-frame-same,24,"["" poet"", "" poetry"", "" poem"", "" poets"", "" poetic""]"
poetry,jpp_released,couplet-frame-same,32,"["" poem"", "" poet"", "" poetry"", "" poets"", "" poetic""]"
poetry,jpp_released,couplet-frame-same,40,"["" poem"", "" poetry"", "" the"", "" words"", "" poet""]"
poetry,jpp_released,couplet-frame-same,48,"["" The"", "" the"", "" life"", "" great"", "" time""]"
poetry,jpp_released,couplet-frame-same,56,"["" with"", "" that"", "" whose"", "" where"", "" which""]"
poetry,logit,couplet-scar-star,8,"[""-"", ""/"", ""s"", "" p"", "" I""]"
poetry,logit,couplet-scar-star,16,"[""s"", ""/"", ""ad"", ""-"", ""**""]"
poetry,logit,couplet-scar-star,24,"[""\u4e24\u53e5"", ""UN"", ""\u6216\u591a\u4e2a"", ""\u5f71"", ""\u675f""]"
poetry,logit,couplet-scar-star,32,"[""po"", "" prose"", ""\u914d"", ""\u8bd7"", ""opl""]"
poetry,logit,couplet-scar-star,40,"[""po"", ""\u8bd7"", ""oom"", ""\u7c89"", ""\u4e00""]"
poetry,logit,couplet-scar-star,48,"[""un"", ""ETER"", ""adan"", ""\u96c6"", ""oom""]"
poetry,logit,couplet-scar-star,56,"["" celestial"", "" Earth"", ""\u884c\u661f"", "" planet"", "" astronomers""]"
poetry,jlens_camila,couplet-scar-star,8,"[""ly"", ""an"", ""zelfde"", ""a"", ""hips""]"
poetry,jlens_camila,couplet-scar-star,16,"[""ly"", ""alley"", ""ighbor"", "" thoughtful"", ""a""]"
poetry,jlens_camila,couplet-scar-star,24,"["" poetic"", ""ly"", "" poetry"", "" whispers"", "" lyric""]"
poetry,jlens_camila,couplet-scar-star,32,"[""<|im_end|>"", "" poetry"", "" poetic"", "" poem"", ""\u8bd7\u53e5""]"
poetry,jlens_camila,couplet-scar-star,40,"["" poetic"", "" poetry"", "" poem"", ""\u8bd7\u53e5"", "" poets""]"
poetry,jlens_camila,couplet-scar-star,48,"["" poetic"", "" poets"", "" poems"", "" poet"", "" poetry""]"
poetry,jlens_camila,couplet-scar-star,56,"["" celestial"", "" planet"", "" astronomers"", "" revealing"", "" stars""]"
poetry,rlens_camila,couplet-scar-star,8,"[""a"", ""ly"", "" modest"", ""an"", ""\u52a0\u62ff\u5927""]"
poetry,rlens_camila,couplet-scar-star,16,"["" poetry"", "" poetic"", ""\u8fd9\u9996\u8bd7"", ""ly"", "" poem""]"
poetry,rlens_camila,couplet-scar-star,24,"["" poetry"", "" poetic"", "" poem"", "" poets"", "" poet""]"
poetry,rlens_camila,couplet-scar-star,32,"["" poetry"", "" poetic"", "" poem"", "" poets"", "" poet""]"
poetry,rlens_camila,couplet-scar-star,40,"["" poetic"", "" poetry"", "" poem"", "" rhyme"", ""\u8bd7\u53e5""]"
poetry,rlens_camila,couplet-scar-star,48,"["" poetic"", "" poetry"", "" poems"", ""<|im_end|>"", "" poets""]"
poetry,rlens_camila,couplet-scar-star,56,"["" planet"", "" celestial"", "" Earth"", "" stars"", "" revealing""]"
poetry,jpp_released,couplet-scar-star,8,"[""<|endoftext|>"", ""\u8fd9\u9996"", "" bronze"", "" song"", "" poetic""]"
poetry,jpp_released,couplet-scar-star,16,"["" Song"", "" poetic"", "" poetry"", "" song"", "" lyric""]"
poetry,jpp_released,couplet-scar-star,24,"["" poetry"", "" poetic"", "" poet"", "" poets"", "" poem""]"
poetry,jpp_released,couplet-scar-star,32,"["" poetry"", "" poem"", "" poetic"", "" poet"", "" Poetry""]"
poetry,jpp_released,couplet-scar-star,40,"["" poem"", "" poetry"", "" poetic"", "" poet"", "" song""]"
poetry,jpp_released,couplet-scar-star,48,"["" poetic"", "" poem"", "" poetry"", "" poet"", "" The""]"
poetry,jpp_released,couplet-scar-star,56,"["" planet"", "" Mars"", "" star"", "" Astr"", "" stars""]"
poetry,logit,couplet-jar-car,8,"[""/"", ""-"", "" I"", "" a"", "" p""]"
poetry,logit,couplet-jar-car,16,"[""ly"", ""/"", ""ad"", ""\u521d"", ""\u5230""]"
poetry,logit,couplet-jar-car,24,"[""\u4e24\u53e5"", ""\u8bd7"", ""ock"", ""\u8bd7\u53e5"", "" rhyme""]"
poetry,logit,couplet-jar-car,32,"[""po"", ""oom"", ""\u8bd7"", ""illion"", "" prose""]"
poetry,logit,couplet-jar-car,40,"[""oom"", ""po"", ""\u8bd7"", ""\u4e00"", ""\u53e5""]"
poetry,logit,couplet-jar-car,48,"[""oom"", ""adan"", ""ETER"", ""\u5eca"", ""\u96c6""]"
poetry,logit,couplet-jar-car,56,"[""Then"", "" then"", ""\u7136\u540e"", "" Then"", ""then""]"
poetry,jlens_camila,couplet-jar-car,8,"[""ly"", ""an"", ""zelfde"", ""a"", ""hips""]"
poetry,jlens_camila,couplet-jar-car,16,"[""ly"", ""a"", ""\u2014a"", "" spirited"", ""\u2014the""]"
poetry,jlens_camila,couplet-jar-car,24,"[""ly"", "" poetic"", "" poetry"", "" Poetry"", "" poets""]"
poetry,jlens_camila,couplet-jar-car,32,"["" poetry"", "" poetic"", "" poem"", "" poets"", "" poet""]"
poetry,jlens_camila,couplet-jar-car,40,"["" poetic"", "" poetry"", "" poem"", "" poets"", "" poet""]"
poetry,jlens_camila,couplet-jar-car,48,"["" poetic"", "" poets"", "" poet"", "" poetry"", "" poems""]"
poetry,jlens_camila,couplet-jar-car,56,"[""Then"", "" then"", "" Then"", ""then"", ""\u5f15\u64ce""]"
poetry,rlens_camila,couplet-jar-car,8,"[""a"", ""ly"", "" modest"", ""\u4e2d\u901a"", ""an""]"
poetry,rlens_camila,couplet-jar-car,16,"["" poetry"", "" poetic"", "" merely"", ""\u2014but"", ""\u2014a""]"
poetry,rlens_camila,couplet-jar-car,24,"["" poetry"", "" poetic"", "" Poetry"", "" poets"", "" poet""]"
poetry,rlens_camila,couplet-jar-car,32,"["" poetry"", "" poetic"", "" poem"", "" poets"", "" poet""]"
poetry,rlens_camila,couplet-jar-car,40,"["" poetic"", "" poetry"", "" poem"", "" poets"", ""\u8bd7""]"
poetry,rlens_camila,couplet-jar-car,48,"["" poetry"", "" poetic"", "" poets"", "" poet"", ""\u8bd7""]"
poetry,rlens_camila,couplet-jar-car,56,"[""Then"", "" then"", "" Then"", ""then"", ""\u5f15\u64ce""]"
poetry,jpp_released,couplet-jar-car,8,"[""<|endoftext|>"", "" poet"", "" bronze"", "" poetic"", ""\ufb01""]"
poetry,jpp_released,couplet-jar-car,16,"["" poetic"", "" poetry"", ""\u8bd7\u6b4c"", "" Poetry"", "" poem""]"
poetry,jpp_released,couplet-jar-car,24,"["" poet"", "" poetry"", "" poetic"", "" poem"", "" poets""]"
poetry,jpp_released,couplet-jar-car,32,"["" poem"", "" poetry"", "" poet"", "" poetic"", "" Poetry""]"
poetry,jpp_released,couplet-jar-car,40,"["" poem"", "" poetry"", "" poetic"", "" poet"", "" the""]"
poetry,jpp_released,couplet-jar-car,48,"["" The"", "" poem"", "" poetic"", "" poetry"", "" poet""]"
poetry,jpp_released,couplet-jar-car,56,"["" engine"", ""Engine"", "" exhaust"", "" car"", ""\u5f15\u64ce""]"
poetry,logit,couplet-sea-see,8,"[""-"", ""/"", ""s"", "" I"", "" a""]"
poetry,logit,couplet-sea-see,16,"[""s"", ""/"", ""f"", ""\u521d"", ""ly""]"
poetry,logit,couplet-sea-see,24,"[""\u4e24\u53e5"", ""\u6216\u591a\u4e2a"", ""UN"", "" rhyme"", ""ly""]"
poetry,logit,couplet-sea-see,32,"[""oom"", ""po"", ""\u914d"", ""illion"", ""\u6070\u597d""]"
poetry,logit,couplet-sea-see,40,"[""\u53e5"", ""a"", ""po"", ""\u4e24\u53e5"", ""\u8bd7""]"
poetry,logit,couplet-sea-see,48,"[""adan"", ""\u4f46"", ""\u5eca"", ""\u96c6"", ""ETER""]"
poetry,logit,couplet-sea-see,56,"[""\u7167\u4eae"", ""\u6307\u5f15"", "" illumin"", "" illuminate"", "" illumination""]"
poetry,jlens_camila,couplet-sea-see,8,"[""ly"", ""an"", ""a"", ""zelfde"", ""hips""]"
poetry,jlens_camila,couplet-sea-see,16,"[""ly"", "" thoughtful"", ""\u2014the"", ""\u2014not"", ""\u2014a""]"
poetry,jlens_camila,couplet-sea-see,24,"[""ly"", "" poetic"", "" poetry"", "" Poetry"", "" poets""]"
poetry,jlens_camila,couplet-sea-see,32,"["" poetry"", ""<|im_end|>"", "" poetic"", "" poem"", "" poet""]"
poetry,jlens_camila,couplet-sea-see,40,"["" poetic"", "" poetry"", "" poem"", "" poets"", "" poet""]"
poetry,jlens_camila,couplet-sea-see,48,"["" poetic"", "" poets"", "" poet"", "" poem"", "" poetry""]"
poetry,jlens_camila,couplet-sea-see,56,"[""\u7167\u4eae"", "" illumin"", "" illuminate"", ""\u6307\u5f15"", "" illuminated""]"
poetry,rlens_camila,couplet-sea-see,8,"[""ly"", ""a"", "" nearly"", "" perhaps"", "" though""]"
poetry,rlens_camila,couplet-sea-see,16,"[""\u2014but"", "" poetry"", "" poetic"", ""\u2014or"", "" poet""]"
poetry,rlens_camila,couplet-sea-see,24,"["" poetry"", "" poetic"", "" poem"", "" Poetry"", "" poet""]"
poetry,rlens_camila,couplet-sea-see,32,"["" poetry"", "" poem"", "" poetic"", "" poets"", "" poet""]"
poetry,rlens_camila,couplet-sea-see,40,"["" poetic"", "" poetry"", "" poem"", "" poets"", ""\u8bd7\u53e5""]"
poetry,rlens_camila,couplet-sea-see,48,"["" poetry"", "" poetic"", "" poem"", "" poets"", "" poet""]"
poetry,rlens_camila,couplet-sea-see,56,"[""\u7167\u4eae"", "" illumin"", ""\u6307\u5f15"", "" illuminate"", ""Its""]"
poetry,jpp_released,couplet-sea-see,8,"[""<|endoftext|>"", "" poetic"", "" lyric"", ""\u8fd9\u9996"", "" poet""]"
poetry,jpp_released,couplet-sea-see,16,"["" poetic"", "" poetry"", "" Song"", "" poem"", "" Poetry""]"
poetry,jpp_released,couplet-sea-see,24,"["" poetry"", "" poet"", "" poetic"", "" poets"", "" poem""]"
poetry,jpp_released,couplet-sea-see,32,"["" poetry"", "" poem"", "" poetic"", "" poet"", "" Poetry""]"
poetry,jpp_released,couplet-sea-see,40,"["" poem"", "" poetry"", "" poetic"", "" poet"", "" song""]"
poetry,jpp_released,couplet-sea-see,48,"["" poem"", "" poetic"", "" The"", "" poet"", "" poetry""]"
poetry,jpp_released,couplet-sea-see,56,"[""\u7167\u4eae"", ""\u706f\u5854"", "" illumination"", "" lights"", "" light""]"
poetry,logit,couplet-lock-key,8,"[""-"", ""/"", ""s"", ""C"", "" a""]"
poetry,logit,couplet-lock-key,16,"[""s"", ""-"", ""/"", ""ad"", ""a""]"
poetry,logit,couplet-lock-key,24,"[""\u4e24\u53e5"", ""olog"", ""/"", ""-"", ""a""]"
poetry,logit,couplet-lock-key,32,"[""po"", "" prose"", ""oom"", ""anta"", ""a""]"
poetry,logit,couplet-lock-key,40,"[""po"", ""\u53e5"", ""a"", ""\u8bd7"", ""b""]"
poetry,logit,couplet-lock-key,48,"[""et"", ""un"", ""a"", ""adan"", ""ETER""]"
poetry,logit,couplet-lock-key,56,"[""\u91cc\u9762"", ""\u91cc\u9762\u7684"", "" inside"", "" yet"", "" Inside""]"
poetry,jlens_camila,couplet-lock-key,8,"[""ly"", ""an"", ""hips"", ""a"", ""zelfde""]"
poetry,jlens_camila,couplet-lock-key,16,"[""ly"", ""a"", ""alley"", ""fully"", ""ighbor""]"
poetry,jlens_camila,couplet-lock-key,24,"[""ly"", "" poetic"", "" poetry"", ""a"", "" poet""]"
poetry,jlens_camila,couplet-lock-key,32,"[""<|im_end|>"", "" poetry"", "" poetic"", "" poem"", ""\u8bd7\u53e5""]"
poetry,jlens_camila,couplet-lock-key,40,"["" poetic"", "" poem"", "" poetry"", ""\u8bd7\u53e5"", "" poems""]"
poetry,jlens_camila,couplet-lock-key,48,"["" poetic"", "" poets"", "" poems"", ""<|im_end|>"", "" poet""]"
poetry,jlens_camila,couplet-lock-key,56,"["" inside"", ""\u91cc\u9762"", "" Inside"", ""\u91cc\u9762\u7684"", ""inside""]"
poetry,rlens_camila,couplet-lock-key,8,"[""ly"", ""a"", ""an"", "" though"", "" only""]"
poetry,rlens_camila,couplet-lock-key,16,"[""ly"", "" poetry"", ""a"", "" poetic"", "" merely""]"
poetry,rlens_camila,couplet-lock-key,24,"["" poetry"", "" poetic"", "" poem"", "" poet"", "" poets""]"
poetry,rlens_camila,couplet-lock-key,32,"["" poetry"", "" poetic"", "" poem"", "" poets"", "" poet""]"
poetry,rlens_camila,couplet-lock-key,40,"["" poetic"", "" poem"", "" poetry"", "" rhyme"", ""\u8bd7\u53e5""]"
poetry,rlens_camila,couplet-lock-key,48,"["" with"", ""<|im_end|>"", "" another"", "" poetry"", ""And""]"
poetry,rlens_camila,couplet-lock-key,56,"["" inside"", ""\u91cc\u9762"", ""\u91cc\u9762\u7684"", "" Inside"", ""inside""]"
poetry,jpp_released,couplet-lock-key,8,"["" bronze"", ""<|endoftext|>"", "" poet"", "" copper"", "" poetic""]"
poetry,jpp_released,couplet-lock-key,16,"["" poetic"", "" Song"", "" poetry"", "" Lone"", "" poem""]"
poetry,jpp_released,couplet-lock-key,24,"["" poetry"", "" poetic"", "" poet"", "" poets"", "" poem""]"
poetry,jpp_released,couplet-lock-key,32,"["" poem"", "" poetry"", "" poetic"", "" poet"", "" poets""]"
poetry,jpp_released,couplet-lock-key,40,"["" poem"", "" the"", "" poetry"", "" poetic"", "" words""]"
poetry,jpp_released,couplet-lock-key,48,"["" The"", "" the"", "" great"", "" poem"", "" with""]"
poetry,jpp_released,couplet-lock-key,56,"["" inside"", "" with"", "" gold"", "" treasure"", "" Inside""]"
poetry,logit,couplet-crown-town,8,"[""-"", ""/"", ""s"", "" p"", "" a""]"
poetry,logit,couplet-crown-town,16,"[""s"", ""/"", ""-"", ""a"", ""ly""]"
poetry,logit,couplet-crown-town,24,"[""\u4e24\u53e5"", ""a"", ""UN"", ""\u8bd7"", ""/""]"
poetry,logit,couplet-crown-town,32,"[""po"", ""oom"", ""a"", ""ao"", ""\u914d""]"
poetry,logit,couplet-crown-town,40,"[""po"", ""\u53e5"", ""\u8bd7"", ""\u4e24\u53e5"", ""a""]"
poetry,logit,couplet-crown-town,48,"[""adan"", ""\u5eca"", ""\u53e5"", ""\u4f46"", ""bit""]"
poetry,logit,couplet-crown-town,56,"[""\u800c"", ""His"", "" his"", "" His"", ""\u4ed6\u7684""]"
poetry,jlens_camila,couplet-crown-town,8,"[""ly"", ""an"", ""a"", ""hips"", ""zelfde""]"
poetry,jlens_camila,couplet-crown-town,16,"[""ly"", ""alak"", ""alley"", ""a"", ""fully""]"
poetry,jlens_camila,couplet-crown-town,24,"[""ly"", "" poetic"", "" poetry"", "" poets"", "" poet""]"
poetry,jlens_camila,couplet-crown-town,32,"["" poetry"", ""<|im_end|>"", "" poetic"", "" poem"", "" poet""]"
poetry,jlens_camila,couplet-crown-town,40,"["" poetic"", "" poetry"", "" poem"", ""\u8bd7\u53e5"", "" poets""]"
poetry,jlens_camila,couplet-crown-town,48,"["" poetic"", "" poet"", "" poets"", "" poetry"", "" poem""]"
poetry,jlens_camila,couplet-crown-town,56,"["" his"", "" His"", ""His"", ""his"", "" while""]"
poetry,rlens_camila,couplet-crown-town,8,"[""a"", ""ly"", "" though"", "" nearly"", "" modest""]"
poetry,rlens_camila,couplet-crown-town,16,"["" poetry"", ""\u2014but"", "" poetic"", ""ly"", "" poet""]"
poetry,rlens_camila,couplet-crown-town,24,"["" poetry"", "" poetic"", "" poet"", "" poem"", "" poets""]"
poetry,rlens_camila,couplet-crown-town,32,"["" poetry"", "" poem"", "" poetic"", "" poets"", "" poet""]"
poetry,rlens_camila,couplet-crown-town,40,"["" poetic"", "" poetry"", "" poem"", ""\u8bd7\u53e5"", "" poets""]"
poetry,rlens_camila,couplet-crown-town,48,"["" poetry"", "" poetic"", "" poem"", ""\u8fd9\u53e5\u8bdd"", "" poet""]"
poetry,rlens_camila,couplet-crown-town,56,"["" his"", "" His"", ""his"", ""His"", "" while""]"
poetry,jpp_released,couplet-crown-town,8,"[""<|endoftext|>"", "" bronze"", "" song"", "" poet"", "" Arizona""]"
poetry,jpp_released,couplet-crown-town,16,"["" poetic"", "" Lone"", "" Song"", "" poetry"", "" poem""]"
poetry,jpp_released,couplet-crown-town,24,"["" poet"", "" poetry"", "" poets"", "" poetic"", "" poem""]"
poetry,jpp_released,couplet-crown-town,32,"["" poem"", "" poetry"", "" poet"", "" poetic"", "" poets""]"
poetry,jpp_released,couplet-crown-town,40,"["" poem"", "" poetry"", "" poetic"", "" poet"", "" verse""]"
poetry,jpp_released,couplet-crown-town,48,"["" poem"", "" second"", "" The"", "" poet"", "" poetry""]"
poetry,jpp_released,couplet-crown-town,56,"["" king"", ""King"", "" crown"", "" with"", "" King""]"
poetry,logit,couplet-gown-down,8,"[""-"", ""/"", ""s"", ""1"", "" p""]"
poetry,logit,couplet-gown-down,16,"[""s"", ""/"", ""ly"", ""-"", ""f""]"
poetry,logit,couplet-gown-down,24,"[""/"", ""ta"", ""\u8bd7"", ""ly"", ""-""]"
poetry,logit,couplet-gown-down,32,"[""ta"", ""po"", ""oom"", ""\u5e78"", ""\u8bd7""]"
poetry,logit,couplet-gown-down,40,"[""\u8bd7"", ""po"", ""m"", ""a"", ""\u53e5""]"
poetry,logit,couplet-gown-down,48,"[""\u96c6"", ""so"", ""adan"", ""ETER"", ""\u5f53\u65f6""]"
poetry,logit,couplet-gown-down,56,"[""\u6454\u5012"", ""And"", ""\u843d\u5730"", ""\u8dcc\u5012"", ""fall""]"
poetry,jlens_camila,couplet-gown-down,8,"[""ly"", ""hips"", ""ward"", ""a"", ""gak""]"
poetry,jlens_camila,couplet-gown-down,16,"[""ly"", ""a"", ""alak"", ""alley"", ""ighbor""]"
poetry,jlens_camila,couplet-gown-down,24,"[""ly"", "" poetic"", "" poetry"", ""haps"", ""a""]"
poetry,jlens_camila,couplet-gown-down,32,"["" poetry"", "" poetic"", "" poet"", ""ly"", "" poem""]"
poetry,jlens_camila,couplet-gown-down,40,"["" poetic"", "" poetry"", "" poem"", "" poets"", "" poet""]"
poetry,jlens_camila,couplet-gown-down,48,"["" poets"", "" poetic"", "" poet"", "" poetry"", "" poems""]"
poetry,jlens_camila,couplet-gown-down,56,"["" falling"", ""fall"", "" fell"", ""\u6454\u5012"", "" causing""]"
poetry,rlens_camila,couplet-gown-down,8,"[""ly"", ""a"", "" modest"", "" nearly"", ""Though""]"
poetry,rlens_camila,couplet-gown-down,16,"["" poetry"", "" merely"", ""ly"", ""\u2014but"", "" poetic""]"
poetry,rlens_camila,couplet-gown-down,24,"["" poetry"", "" poetic"", "" poet"", "" Poetry"", "" poets""]"
poetry,rlens_camila,couplet-gown-down,32,"["" poetry"", "" poetic"", "" poem"", "" poet"", "" poets""]"
poetry,rlens_camila,couplet-gown-down,40,"["" poetic"", "" poetry"", "" poem"", ""\u8bd7"", "" poets""]"
poetry,rlens_camila,couplet-gown-down,48,"["" poetry"", "" then"", "" with"", ""And"", ""The""]"
poetry,rlens_camila,couplet-gown-down,56,"[""fall"", "" falling"", ""And"", ""\u6454\u5012"", "" fell""]"
poetry,jpp_released,couplet-gown-down,8,"["" poet"", ""<|endoftext|>"", ""Adobe"", "" poetic"", "" poem""]"
poetry,jpp_released,couplet-gown-down,16,"["" poetic"", "" Spokane"", "" poem"", "" poetry"", ""\u8bd7\u6b4c""]"
poetry,jpp_released,couplet-gown-down,24,"["" poetry"", "" poet"", "" poetic"", "" poets"", "" poem""]"
poetry,jpp_released,couplet-gown-down,32,"["" poetry"", "" poetic"", "" poem"", "" poet"", "" poets""]"
poetry,jpp_released,couplet-gown-down,40,"["" poem"", "" poetry"", "" poetic"", "" the"", "" poet""]"
poetry,jpp_released,couplet-gown-down,48,"["" The"", "" life"", "" the"", "" great"", "" death""]"
poetry,jpp_released,couplet-gown-down,56,"["" and"", "" fall"", ""And"", ""and"", ""\u6454\u5012""]"
poetry,logit,couplet-sold-told,8,"[""-"", ""/"", ""s"", "" p"", ""a""]"
poetry,logit,couplet-sold-told,16,"[""s"", ""/"", ""-"", ""ly"", "" /""]"
poetry,logit,couplet-sold-told,24,"[""\u4e24\u53e5"", ""-"", ""ta"", ""a"", ""No""]"
poetry,logit,couplet-sold-told,32,"[""oom"", ""ta"", ""ao"", ""\u4e24\u53e5"", ""oon""]"
poetry,logit,couplet-sold-told,40,"[""\u53e5"", ""po"", ""a"", ""m"", ""ta""]"
poetry,logit,couplet-sold-told,48,"[""\u4f46"", ""un"", ""\u96c6"", ""a"", ""\u81ea\u6709""]"
poetry,logit,couplet-sold-told,56,"["" until"", ""until"", ""\u76f4\u5230"", "" unless"", "" Until""]"
poetry,jlens_camila,couplet-sold-told,8,"[""ly"", ""a"", ""\u0627"", ""an"", ""hips""]"
poetry,jlens_camila,couplet-sold-told,16,"[""ly"", ""a"", ""alley"", ""\u0627"", ""fully""]"
poetry,jlens_camila,couplet-sold-told,24,"[""ly"", "" poetic"", "" poetry"", ""a"", "" perhaps""]"
poetry,jlens_camila,couplet-sold-told,32,"["" poetry"", ""<|im_end|>"", "" poetic"", "" poem"", "" poet""]"
poetry,jlens_camila,couplet-sold-told,40,"["" poetic"", "" poetry"", ""\u8bd7\u53e5"", "" poem"", ""\u8fd9\u53e5""]"
poetry,jlens_camila,couplet-sold-told,48,"["" because"", ""<|im_end|>"", "" yet"", "" whispered"", ""\u8fd9\u53e5\u8bdd""]"
poetry,jlens_camila,couplet-sold-told,56,"["" until"", "" unless"", ""until"", "" Until"", "" yet""]"
poetry,rlens_camila,couplet-sold-told,8,"[""a"", "" perhaps"", ""ly"", "" though"", "" only""]"
poetry,rlens_camila,couplet-sold-told,16,"["" poetry"", ""ly"", ""a"", ""\u2014but"", ""That""]"
poetry,rlens_camila,couplet-sold-told,24,"["" poetry"", "" poetic"", "" poem"", "" Poetry"", "" poet""]"
poetry,rlens_camila,couplet-sold-told,32,"["" poetry"", "" poem"", "" poetic"", ""\u8bd7\u53e5"", "" poet""]"
poetry,rlens_camila,couplet-sold-told,40,"["" poetic"", ""\u8fd9\u53e5"", ""\u8fd9\u53e5\u8bdd"", "" poetry"", "" poem""]"
poetry,rlens_camila,couplet-sold-told,48,"["" because"", "" yet"", "" another"", ""<|im_end|>"", "" with""]"
poetry,rlens_camila,couplet-sold-told,56,"["" until"", "" unless"", "" yet"", ""until"", "" Until""]"
poetry,jpp_released,couplet-sold-told,8,"[""<|endoftext|>"", ""Adobe"", ""\u00e2"", "" copper"", "" bronze""]"
poetry,jpp_released,couplet-sold-told,16,"["" Lone"", "" Song"", "" poetry"", "" Garland"", "" Poetry""]"
poetry,jpp_released,couplet-sold-told,24,"["" poet"", "" poetry"", "" poetic"", "" poem"", "" poets""]"
poetry,jpp_released,couplet-sold-told,32,"["" poem"", "" poet"", "" poetry"", "" poetic"", "" poets""]"
poetry,jpp_released,couplet-sold-told,40,"["" poem"", "" the"", "" poetry"", "" Shakespeare"", "" poetic""]"
poetry,jpp_released,couplet-sold-told,48,"["" The"", "" the"", "" great"", "" second"", "" with""]"
poetry,jpp_released,couplet-sold-told,56,"["" until"", ""until"", "" Until"", ""Until"", ""\u76f4\u5230""]"
poetry,logit,couplet-regret-met,8,"[""-"", ""/"", ""s"", ""+"", ""1""]"
poetry,logit,couplet-regret-met,16,"[""s"", ""ly"", ""/"", ""-"", ""\u5230""]"
poetry,logit,couplet-regret-met,24,"[""\u4e24\u53e5"", ""\u4e00\u53e5"", ""UN"", ""-"", ""\u6216\u591a\u4e2a""]"
poetry,logit,couplet-regret-met,32,"[""po"", ""illion"", ""oom"", ""\u8bd7"", ""\u6070\u597d""]"
poetry,logit,couplet-regret-met,40,"[""po"", ""\u53e5"", ""oom"", ""umen"", ""\u7c89""]"
poetry,logit,couplet-regret-met,48,"[""adan"", ""\u6bd4"", ""\u4f46"", ""\u5206\u660e"", ""un""]"
poetry,logit,couplet-regret-met,56,"["" regret"", "" regrets"", ""\u540e\u6094"", ""The"", ""Then""]"
poetry,jlens_camila,couplet-regret-met,8,"[""ly"", ""hips"", ""an"", ""a"", ""ward""]"
poetry,jlens_camila,couplet-regret-met,16,"[""ly"", ""ighbor"", "" thoughtful"", ""alley"", ""fully""]"
poetry,jlens_camila,couplet-regret-met,24,"[""ly"", "" poetic"", "" poetry"", "" whispered"", "" whispers""]"
poetry,jlens_camila,couplet-regret-met,32,"["" poetry"", "" poetic"", "" poem"", ""<|im_end|>"", "" poets""]"
poetry,jlens_camila,couplet-regret-met,40,"["" poetic"", "" poetry"", "" poem"", ""\u8bd7\u53e5"", "" poets""]"
poetry,jlens_camila,couplet-regret-met,48,"["" poetic"", "" poets"", "" poet"", "" poetry"", "" poem""]"
poetry,jlens_camila,couplet-regret-met,56,"["" regret"", "" regrets"", ""\u540e\u6094"", "" sorrow"", "" remorse""]"
poetry,rlens_camila,couplet-regret-met,8,"[""ly"", ""a"", "" modest"", "" perhaps"", ""\u52a0\u62ff\u5927""]"
poetry,rlens_camila,couplet-regret-met,16,"["" poetry"", "" poetic"", "" poem"", "" poet"", "" poets""]"
poetry,rlens_camila,couplet-regret-met,24,"["" poetry"", "" poetic"", "" poet"", "" poem"", "" poets""]"
poetry,rlens_camila,couplet-regret-met,32,"["" poetry"", "" poetic"", "" poem"", "" poets"", "" poet""]"
poetry,rlens_camila,couplet-regret-met,40,"["" poetic"", "" poetry"", "" poem"", "" rhyme"", ""\u8bd7\u53e5""]"
poetry,rlens_camila,couplet-regret-met,48,"["" poetry"", "" poetic"", ""<|im_end|>"", "" another"", "" with""]"
poetry,rlens_camila,couplet-regret-met,56,"["" regret"", "" regrets"", ""\u540e\u6094"", "" her"", "" then""]"
poetry,jpp_released,couplet-regret-met,8,"[""<|endoftext|>"", "" poet"", ""\u8fd9\u9996"", "" Emir"", "" poetic""]"
poetry,jpp_released,couplet-regret-met,16,"["" Song"", "" poetic"", "" Lone"", "" lyric"", "" poetry""]"
poetry,jpp_released,couplet-regret-met,24,"["" poet"", "" poetry"", "" poetic"", "" poets"", "" poem""]"
poetry,jpp_released,couplet-regret-met,32,"["" poetry"", "" poem"", "" poet"", "" poetic"", "" poets""]"
poetry,jpp_released,couplet-regret-met,40,"["" poem"", "" poetry"", "" poetic"", "" words"", "" the""]"
poetry,jpp_released,couplet-regret-met,48,"["" The"", "" poem"", "" with"", "" poet"", "" poetry""]"
poetry,jpp_released,couplet-regret-met,56,"["" regret"", "" words"", "" heart"", "" with"", "" regrets""]"
poetry,logit,couplet-hook-book,8,"[""/"", ""-"", ""s"", ""C"", ""n""]"
poetry,logit,couplet-hook-book,16,"[""s"", ""\u5230"", ""/"", ""ly"", "" /""]"
poetry,logit,couplet-hook-book,24,"[""-"", ""\u8bd7"", ""/"", ""\u4e00\u53e5"", ""\u4e3a""]"
poetry,logit,couplet-hook-book,32,"["" prose"", ""ta"", ""illion"", ""rc"", ""oom""]"
poetry,logit,couplet-hook-book,40,"[""a"", ""po"", ""\u5323"", ""\u7c89"", ""\u8bd7""]"
poetry,logit,couplet-hook-book,48,"[""a"", ""\u63a5"", ""\u96c6"", ""mas"", ""AIL""]"
poetry,logit,couplet-hook-book,56,"[""Now"", ""\u4f46\u73b0\u5728"", "" now"", ""now"", ""\u73b0\u5728""]"
poetry,jlens_camila,couplet-hook-book,8,"[""ly"", ""a"", ""hips"", ""\u0627"", ""an""]"
poetry,jlens_camila,couplet-hook-book,16,"[""ly"", ""\u2014a"", ""\u2014the"", ""\u2014not"", ""a""]"
poetry,jlens_camila,couplet-hook-book,24,"["" poetic"", ""ly"", "" poetry"", "" Poetry"", "" bespoke""]"
poetry,jlens_camila,couplet-hook-book,32,"["" poetic"", "" poetry"", "" poets"", "" Poetry"", "" poet""]"
poetry,jlens_camila,couplet-hook-book,40,"["" poetic"", "" poetry"", "" poem"", "" poet"", "" poets""]"
poetry,jlens_camila,couplet-hook-book,48,"["" poems"", "" poet"", "" laughter"", "" poetry"", "" now""]"
poetry,jlens_camila,couplet-hook-book,56,"["" now"", ""Now"", "" her"", "" Now"", "" she""]"
poetry,rlens_camila,couplet-hook-book,8,"[""a"", "" just"", "" though"", ""ly"", "" modest""]"
poetry,rlens_camila,couplet-hook-book,16,"["" poetry"", ""\u2014but"", ""\u2014or"", ""\u2014and"", ""\u2014a""]"
poetry,rlens_camila,couplet-hook-book,24,"["" poetry"", "" poetic"", "" Poetry"", "" poet"", "" poets""]"
poetry,rlens_camila,couplet-hook-book,32,"["" poetry"", "" poetic"", "" poem"", "" poets"", "" poet""]"
poetry,rlens_camila,couplet-hook-book,40,"["" poetic"", "" poetry"", "" poem"", "" poems"", "" poet""]"
poetry,rlens_camila,couplet-hook-book,48,"["" -"", ""And"", "" with"", "" yet"", "" every""]"
poetry,rlens_camila,couplet-hook-book,56,"["" now"", ""Now"", "" her"", "" Now"", "" but""]"
poetry,jpp_released,couplet-hook-book,8,"[""<|endoftext|>"", "" poet"", "" Texas"", "" poetic"", "" copper""]"
poetry,jpp_released,couplet-hook-book,16,"["" poetic"", "" Lone"", "" poetry"", "" Poetry"", "" poet""]"
poetry,jpp_released,couplet-hook-book,24,"["" poet"", "" poetic"", "" poetry"", "" poets"", "" Poetry""]"
poetry,jpp_released,couplet-hook-book,32,"["" poetry"", "" poetic"", "" poem"", "" poet"", "" poets""]"
poetry,jpp_released,couplet-hook-book,40,"["" poem"", "" poetry"", "" poet"", "" poetic"", "" the""]"
poetry,jpp_released,couplet-hook-book,48,"["" The"", "" poem"", "" great"", "" poetry"", "" death""]"
poetry,jpp_released,couplet-hook-book,56,"["" now"", "" Hook"", ""Hook"", ""HOOK"", ""-hook""]"
poetry,logit,couplet-brook-look,8,"[""/"", ""-"", ""s"", ""1"", ""l""]"
poetry,logit,couplet-brook-look,16,"[""ly"", ""/"", ""s"", ""-"", ""\u84dd""]"
poetry,logit,couplet-brook-look,24,"[""/"", ""ly"", ""\u8bd7"", "" rhyme"", ""\u4e24\u53e5""]"
poetry,logit,couplet-brook-look,32,"[""oom"", ""po"", ""illion"", ""\u5e78"", ""\u6070\u597d""]"
poetry,logit,couplet-brook-look,40,"[""po"", ""\u53e5"", ""\u8bd7"", ""a"", ""\u5323""]"
poetry,logit,couplet-brook-look,48,"[""ETER"", ""un"", ""\u96c6"", ""a"", ""adan""]"
poetry,logit,couplet-brook-look,56,"["" where"", "" beneath"", "" whose"", ""Where"", "" Its""]"
poetry,jlens_camila,couplet-brook-look,8,"[""ly"", ""hips"", ""ward"", ""an"", ""gak""]"
poetry,jlens_camila,couplet-brook-look,16,"[""ly"", ""alley"", ""ighbor"", ""\u2014a"", ""alak""]"
poetry,jlens_camila,couplet-brook-look,24,"[""ly"", "" poetic"", "" poetry"", "" Poetry"", "" poets""]"
poetry,jlens_camila,couplet-brook-look,32,"["" poetry"", "" poetic"", "" poets"", "" poem"", "" poet""]"
poetry,jlens_camila,couplet-brook-look,40,"["" poetic"", "" poetry"", "" poem"", "" poets"", "" poet""]"
poetry,jlens_camila,couplet-brook-look,48,"["" poets"", "" poet"", "" poetic"", "" poems"", "" poetry""]"
poetry,jlens_camila,couplet-brook-look,56,"["" where"", "" watching"", "" his"", "" beneath"", ""His""]"
poetry,rlens_camila,couplet-brook-look,8,"[""ly"", "" modest"", ""\u4e2d\u901a"", "" perhaps"", ""Though""]"
poetry,rlens_camila,couplet-brook-look,16,"["" poetry"", "" poetic"", ""ly"", ""\u8fd9\u9996\u8bd7"", "" poem""]"
poetry,rlens_camila,couplet-brook-look,24,"["" poetry"", "" poetic"", "" poet"", "" Poetry"", "" poets""]"
poetry,rlens_camila,couplet-brook-look,32,"["" poetry"", "" poetic"", "" poem"", "" poets"", "" poet""]"
poetry,rlens_camila,couplet-brook-look,40,"["" poetic"", "" poetry"", "" poem"", "" poets"", "" poet""]"
poetry,rlens_camila,couplet-brook-look,48,"["" poetry"", "" poetic"", "" poets"", "" poem"", "" poet""]"
poetry,rlens_camila,couplet-brook-look,56,"["" where"", "" his"", "" watching"", "" whose"", "" beneath""]"
poetry,jpp_released,couplet-brook-look,8,"["" poet"", ""<|endoftext|>"", "" poetic"", "" poem"", "" poetry""]"
poetry,jpp_released,couplet-brook-look,16,"["" poetic"", "" poem"", "" poetry"", "" Song"", "" Poetry""]"
poetry,jpp_released,couplet-brook-look,24,"["" poetry"", "" poet"", "" poetic"", "" poets"", "" poem""]"
poetry,jpp_released,couplet-brook-look,32,"["" poem"", "" poetry"", "" poet"", "" poetic"", "" poets""]"
poetry,jpp_released,couplet-brook-look,40,"["" poem"", "" poetic"", "" poetry"", "" poet"", "" the""]"
poetry,jpp_released,couplet-brook-look,48,"["" The"", "" poem"", "" poet"", "" poetic"", "" great""]"
poetry,jpp_released,couplet-brook-look,56,"["" where"", "" with"", "" whose"", "" gaze"", "" eyes""]"
poetry,logit,couplet-above-love,8,"[""-"", ""/"", "" p"", ""s"", ""n""]"
poetry,logit,couplet-above-love,16,"[""/"", ""s"", ""ad"", ""\u521d"", ""-""]"
poetry,logit,couplet-above-love,24,"[""UN"", ""\u675f"", ""/"", ""\u4e24\u53e5"", ""ta""]"
poetry,logit,couplet-above-love,32,"[""po"", ""oom"", ""illion"", ""umn"", ""oon""]"
poetry,logit,couplet-above-love,40,"[""po"", ""\u53e5"", ""\u8bd7"", "" sol"", ""oom""]"
poetry,logit,couplet-above-love,48,"[""un"", ""ETER"", ""adan"", ""ardo"", ""unic""]"
poetry,logit,couplet-above-love,56,"["" Their"", ""Their"", "" their"", ""\u4ed6\u4eec\u7684"", ""their""]"
poetry,jlens_camila,couplet-above-love,8,"[""ly"", ""hips"", ""an"", ""zelfde"", ""a""]"
poetry,jlens_camila,couplet-above-love,16,"[""ly"", "" crafted"", "" insightful"", ""ighbor"", ""alak""]"
poetry,jlens_camila,couplet-above-love,24,"["" poetic"", "" poetry"", ""ly"", "" indeed"", "" Poetry""]"
poetry,jlens_camila,couplet-above-love,32,"["" poetry"", "" poetic"", "" poem"", "" poet"", ""\u8bd7\u53e5""]"
poetry,jlens_camila,couplet-above-love,40,"["" poetic"", "" poetry"", "" poem"", ""\u8bd7\u53e5"", "" poets""]"
poetry,jlens_camila,couplet-above-love,48,"["" poetic"", "" poets"", "" poetry"", "" poems"", "" poet""]"
poetry,jlens_camila,couplet-above-love,56,"["" Their"", ""Their"", "" their"", "" hoping"", "" stars""]"
poetry,rlens_camila,couplet-above-love,8,"[""a"", "" though"", "" perhaps"", ""Though"", ""\u52a0\u62ff\u5927""]"
poetry,rlens_camila,couplet-above-love,16,"["" poetry"", "" indeed"", "" poetic"", "" merely"", "" poem""]"
poetry,rlens_camila,couplet-above-love,24,"["" poetry"", "" poetic"", "" poet"", "" poem"", "" Poetry""]"
poetry,rlens_camila,couplet-above-love,32,"["" poetry"", "" poetic"", "" poem"", "" poets"", "" poet""]"
poetry,rlens_camila,couplet-above-love,40,"["" poetic"", "" poetry"", "" poem"", ""\u8bd7"", ""\u8bd7\u53e5""]"
poetry,rlens_camila,couplet-above-love,48,"["" poetry"", "" they"", "" poetic"", "" with"", ""\u8bd7""]"
poetry,rlens_camila,couplet-above-love,56,"["" Their"", ""Their"", "" their"", "" stars"", "" while""]"
poetry,jpp_released,couplet-above-love,8,"[""<|endoftext|>"", "" poet"", "" poetic"", "" poetry"", "" poets""]"
poetry,jpp_released,couplet-above-love,16,"["" poetic"", "" Lunar"", "" Song"", "" poetry"", "" Poetry""]"
poetry,jpp_released,couplet-above-love,24,"["" poetry"", "" poetic"", "" poet"", "" poets"", "" poem""]"
poetry,jpp_released,couplet-above-love,32,"["" poetry"", "" poem"", "" poetic"", "" poet"", "" Poetry""]"
poetry,jpp_released,couplet-above-love,40,"["" poem"", "" poetry"", "" poetic"", "" poet"", "" words""]"
poetry,jpp_released,couplet-above-love,48,"["" poetic"", "" poem"", "" poetry"", "" The"", "" Po""]"
poetry,jpp_released,couplet-above-love,56,"["" stars"", "" star"", ""stars"", ""-stars"", ""\u661f\u7684""]"
poetry,logit,couplet-heart-art,8,"[""-"", ""/"", ""s"", "" p"", ""C""]"
poetry,logit,couplet-heart-art,16,"[""s"", ""-"", ""/"", ""\u5230"", ""ly""]"
poetry,logit,couplet-heart-art,24,"[""\u4e24\u53e5"", ""-"", ""/"", ""No"", ""\u6216\u591a\u4e2a""]"
poetry,logit,couplet-heart-art,32,"[""\u8bd7"", ""po"", "" prose"", ""\u6070\u597d"", ""umn""]"
poetry,logit,couplet-heart-art,40,"[""po"", ""\u8bd7"", ""\u53e5"", "" rhyme"", ""\u7c89""]"
poetry,logit,couplet-heart-art,48,"[""un"", ""ETER"", ""\u4f46"", ""\u96c6"", ""iku""]"
poetry,logit,couplet-heart-art,56,"["" capturing"", "" Each"", ""\u6bcf\u4e2a"", ""\u6bcf\u4e00"", ""Each""]"
poetry,jlens_camila,couplet-heart-art,8,"[""ly"", ""an"", ""hips"", ""raries"", ""a""]"
poetry,jlens_camila,couplet-heart-art,16,"[""ly"", ""alley"", ""ighbor"", ""alak"", "" thoughtful""]"
poetry,jlens_camila,couplet-heart-art,24,"[""ly"", "" poetic"", "" poetry"", "" poems"", "" poets""]"
poetry,jlens_camila,couplet-heart-art,32,"["" poetry"", ""<|im_end|>"", "" poetic"", "" poem"", "" poet""]"
poetry,jlens_camila,couplet-heart-art,40,"["" poetic"", "" poetry"", "" poem"", "" poets"", ""\u8bd7\u53e5""]"
poetry,jlens_camila,couplet-heart-art,48,"["" poetic"", "" poets"", "" poems"", "" poet"", "" poetry""]"
poetry,jlens_camila,couplet-heart-art,56,"["" capturing"", "" painting"", "" his"", "" depicting"", "" creating""]"
poetry,rlens_camila,couplet-heart-art,8,"[""ly"", ""a"", "" though"", ""\u52a0\u62ff\u5927"", ""\u4e2d\u901a""]"
poetry,rlens_camila,couplet-heart-art,16,"["" poetry"", "" poetic"", ""ly"", ""\u8fd9\u9996\u8bd7"", "" poem""]"
poetry,rlens_camila,couplet-heart-art,24,"["" poetry"", "" poetic"", "" poem"", "" poet"", "" poets""]"
poetry,rlens_camila,couplet-heart-art,32,"["" poetry"", "" poem"", "" poetic"", "" poets"", "" poet""]"
poetry,rlens_camila,couplet-heart-art,40,"["" poetic"", "" poetry"", "" poem"", "" rhyme"", "" poets""]"
poetry,rlens_camila,couplet-heart-art,48,"["" poetry"", "" poems"", "" poetic"", "" poem"", "" rhyme""]"
poetry,rlens_camila,couplet-heart-art,56,"["" painting"", "" his"", "" capturing"", "" creating"", "" every""]"
poetry,jpp_released,couplet-heart-art,8,"[""<|endoftext|>"", "" poet"", "" bronze"", "" poetic"", "" copper""]"
poetry,jpp_released,couplet-heart-art,16,"["" Song"", "" poetic"", "" Prairie"", "" poetry"", "" lyric""]"
poetry,jpp_released,couplet-heart-art,24,"["" poetry"", "" poet"", "" poetic"", "" poets"", "" poem""]"
poetry,jpp_released,couplet-heart-art,32,"["" poetry"", "" poem"", "" poetic"", "" poet"", "" poets""]"
poetry,jpp_released,couplet-heart-art,40,"["" poem"", "" poetry"", "" poetic"", "" poet"", "" the""]"
poetry,jpp_released,couplet-heart-art,48,"["" The"", "" poem"", "" poetry"", "" poetic"", "" poet""]"
poetry,jpp_released,couplet-heart-art,56,"[""art"", ""ART"", "" painting"", "" artwork"", ""Art""]"
poetry,logit,couplet-apart-part,8,"[""-"", ""/"", ""s"", "" p"", ""C""]"
poetry,logit,couplet-apart-part,16,"[""s"", ""/"", ""-"", ""a"", ""f""]"
poetry,logit,couplet-apart-part,24,"[""\u4e24\u53e5"", ""a"", ""-"", "" rhyme"", ""\u6216\u591a\u4e2a""]"
poetry,logit,couplet-apart-part,32,"[""\u6070\u597d"", ""po"", ""opl"", ""\u914d"", ""umn""]"
poetry,logit,couplet-apart-part,40,"[""\u4e00"", ""\u53e5"", ""po"", ""a"", ""oom""]"
poetry,logit,couplet-apart-part,48,"[""oom"", ""adan"", ""ETER"", ""\u6bd4"", ""uum""]"
poetry,logit,couplet-apart-part,56,"["" then"", ""Then"", "" Then"", ""\u7136\u540e"", ""then""]"
poetry,jlens_camila,couplet-apart-part,8,"[""ly"", ""a"", ""an"", ""hips"", ""luss""]"
poetry,jlens_camila,couplet-apart-part,16,"[""ly"", ""ighbor"", ""a"", ""alak"", ""alley""]"
poetry,jlens_camila,couplet-apart-part,24,"[""ly"", "" poetry"", "" poetic"", "" Poetry"", "" poems""]"
poetry,jlens_camila,couplet-apart-part,32,"["" poetry"", "" poetic"", ""<|im_end|>"", "" poem"", "" poet""]"
poetry,jlens_camila,couplet-apart-part,40,"["" poetic"", "" poetry"", "" poem"", ""\u8bd7\u53e5"", "" poets""]"
poetry,jlens_camila,couplet-apart-part,48,"["" poets"", "" poet"", "" poetic"", "" poetry"", "" poem""]"
poetry,jlens_camila,couplet-apart-part,56,"["" then"", ""Then"", "" Then"", ""then"", "" hoping""]"
poetry,rlens_camila,couplet-apart-part,8,"[""a"", "" though"", ""\u4e2d\u901a"", "" nearly"", ""or""]"
poetry,rlens_camila,couplet-apart-part,16,"["" poetry"", ""a"", ""\u8fd9\u9996\u8bd7"", "" poetic"", "".But""]"
poetry,rlens_camila,couplet-apart-part,24,"["" poetry"", "" poetic"", "" poem"", "" poet"", "" Poetry""]"
poetry,rlens_camila,couplet-apart-part,32,"["" poetry"", "" poem"", "" poetic"", "" poets"", "" poet""]"
poetry,rlens_camila,couplet-apart-part,40,"["" poetic"", "" poetry"", "" poem"", "" rhyme"", ""\u8bd7\u53e5""]"
poetry,rlens_camila,couplet-apart-part,48,"["" poetry"", "" poem"", "" poetic"", "" poet"", "" they""]"
poetry,rlens_camila,couplet-apart-part,56,"["" then"", ""Then"", "" Then"", ""then"", "" until""]"
poetry,jpp_released,couplet-apart-part,8,"[""<|endoftext|>"", "" Arizona"", "" Texas"", "" Oklahoma"", "" song""]"
poetry,jpp_released,couplet-apart-part,16,"["" Song"", "" Lone"", "" Prairie"", "" Dust"", "" song""]"
poetry,jpp_released,couplet-apart-part,24,"["" poetry"", "" poet"", "" poets"", "" poem"", "" poetic""]"
poetry,jpp_released,couplet-apart-part,32,"["" poetry"", "" poem"", "" poet"", "" poetic"", "" Poetry""]"
poetry,jpp_released,couplet-apart-part,40,"["" poem"", "" poetry"", "" the"", "" poetic"", "" poet""]"
poetry,jpp_released,couplet-apart-part,48,"["" the"", "" second"", "" The"", "" poem"", "" great""]"
poetry,jpp_released,couplet-apart-part,56,"["" until"", "" then"", "" engine"", ""assembly"", "" now""]"
poetry,logit,couplet-depart-start,8,"[""-"", ""/"", "" I"", "" p"", ""l""]"
poetry,logit,couplet-depart-start,16,"[""\u521d"", ""ad"", ""\u5230"", ""\u611f"", ""s""]"
poetry,logit,couplet-depart-start,24,"[""\u675f"", ""UN"", ""\u4e24\u53e5"", "" rhyme"", ""\u97f5""]"
poetry,logit,couplet-depart-start,32,"[""po"", ""umn"", "" prose"", ""\u8bd7"", ""\u6070\u597d""]"
poetry,logit,couplet-depart-start,40,"[""po"", ""\u4e00"", ""oom"", ""\u53e5"", ""\u8bd7""]"
poetry,logit,couplet-depart-start,48,"[""adan"", ""\u4f46"", ""un"", ""ETER"", ""\u96c6""]"
poetry,logit,couplet-depart-start,56,"["" Their"", ""Their"", "" their"", ""\u7b49\u5f85"", ""\u4ed6\u4eec\u7684""]"
poetry,jlens_camila,couplet-depart-start,8,"[""ly"", ""an"", ""zelfde"", ""hips"", ""a""]"
poetry,jlens_camila,couplet-depart-start,16,"[""ly"", "" thoughtful"", ""fully"", ""\u2014a"", ""\u2014not""]"
poetry,jlens_camila,couplet-depart-start,24,"[""ly"", "" poetic"", "" poetry"", "" Poetry"", "" poets""]"
poetry,jlens_camila,couplet-depart-start,32,"["" poetic"", "" poetry"", "" poem"", ""<|im_end|>"", ""\u8bd7\u53e5""]"
poetry,jlens_camila,couplet-depart-start,40,"["" poetic"", "" poetry"", "" poem"", "" poets"", ""\u8bd7\u53e5""]"
poetry,jlens_camila,couplet-depart-start,48,"["" poets"", "" poet"", ""<|im_end|>"", "" poetic"", "" poems""]"
poetry,jlens_camila,couplet-depart-start,56,"["" waiting"", ""\u7b49\u5f85"", "" Their"", "" awaiting"", "" await""]"
poetry,rlens_camila,couplet-depart-start,8,"[""a"", ""ly"", ""an"", "" modest"", ""\u4e2d\u901a""]"
poetry,rlens_camila,couplet-depart-start,16,"["" poetry"", "" indeed"", "" merely"", ""\u2014but"", ""ly""]"
poetry,rlens_camila,couplet-depart-start,24,"["" poetry"", "" poetic"", "" poem"", "" Poetry"", "" poet""]"
poetry,rlens_camila,couplet-depart-start,32,"["" poetry"", "" poem"", "" poetic"", ""\u8bd7\u53e5"", "" poets""]"
poetry,rlens_camila,couplet-depart-start,40,"["" poetic"", "" poem"", "" poetry"", "" rhyme"", ""\u8bd7""]"
poetry,rlens_camila,couplet-depart-start,48,"["" with"", "" they"", ""With"", ""<|im_end|>"", ""And""]"
poetry,rlens_camila,couplet-depart-start,56,"["" Their"", "" waiting"", "" their"", ""\u7b49\u5f85"", ""Their""]"
poetry,jpp_released,couplet-depart-start,8,"[""<|endoftext|>"", "" Emir"", ""Adobe"", ""1"", ""Dallas""]"
poetry,jpp_released,couplet-depart-start,16,"["" poetic"", "" lyric"", "" poetry"", "" Song"", "" Poetry""]"
poetry,jpp_released,couplet-depart-start,24,"["" poetry"", "" poet"", "" poetic"", "" poets"", "" poem""]"
poetry,jpp_released,couplet-depart-start,32,"["" poetry"", "" poem"", "" poetic"", "" poet"", "" Poetry""]"
poetry,jpp_released,couplet-depart-start,40,"["" the"", "" poem"", "" poetry"", "" The"", "" poetic""]"
poetry,jpp_released,couplet-depart-start,48,"["" The"", "" the"", "" with"", "" time"", "" Po""]"
poetry,jpp_released,couplet-depart-start,56,"["" with"", ""with"", "" hearts"", "" waiting"", "" heart""]"
poetry,logit,couplet-hall-call,8,"[""-"", ""/"", ""s"", "" p"", ""+""]"
poetry,logit,couplet-hall-call,16,"[""s"", ""ly"", ""\u521d"", "" -"", ""\u5230""]"
poetry,logit,couplet-hall-call,24,"[""\u4e24\u53e5"", ""\u6216\u591a\u4e2a"", ""\u4e00\u53e5"", ""ta"", ""UN""]"
poetry,logit,couplet-hall-call,32,"[""po"", ""illion"", ""\u8bd7"", ""oom"", ""ta""]"
poetry,logit,couplet-hall-call,40,"[""po"", ""a"", ""\u53e5"", ""m"", ""\u4e00""]"
poetry,logit,couplet-hall-call,48,"[""ustr"", ""adan"", ""oom"", ""un"", ""\u96c6""]"
poetry,logit,couplet-hall-call,56,"["" until"", ""\u5979\u7684"", ""until"", ""\u76f4\u5230"", ""\u76f4\u81f3""]"
poetry,jlens_camila,couplet-hall-call,8,"[""ly"", ""hips"", ""gak"", ""\u094d\u0938"", ""a""]"
poetry,jlens_camila,couplet-hall-call,16,"[""ly"", ""ighbor"", ""alley"", ""\u2014not"", ""alak""]"
poetry,jlens_camila,couplet-hall-call,24,"[""ly"", "" poetic"", "" poetry"", "" Poetry"", "" whispered""]"
poetry,jlens_camila,couplet-hall-call,32,"["" poetry"", "" poetic"", "" poem"", ""\u8bd7\u53e5"", "" poets""]"
poetry,jlens_camila,couplet-hall-call,40,"["" poetic"", "" poetry"", "" poem"", ""\u8bd7\u53e5"", "" poets""]"
poetry,jlens_camila,couplet-hall-call,48,"["" poetic"", "" poets"", "" poet"", "" poetry"", "" poems""]"
poetry,jlens_camila,couplet-hall-call,56,"["" her"", "" echoes"", "" causing"", "" Their"", "" Its""]"
poetry,rlens_camila,couplet-hall-call,8,"[""ly"", ""\u4e2d\u901a"", "" modest"", ""\u52a0\u62ff\u5927"", ""-but""]"
poetry,rlens_camila,couplet-hall-call,16,"["" poetry"", ""\u2014but"", "" poetic"", "" poet"", "" poem""]"
poetry,rlens_camila,couplet-hall-call,24,"["" poetry"", "" poetic"", "" poem"", "" Poetry"", "" poet""]"
poetry,rlens_camila,couplet-hall-call,32,"["" poetry"", "" poem"", "" poetic"", "" poets"", ""\u8bd7\u53e5""]"
poetry,rlens_camila,couplet-hall-call,40,"["" poetic"", "" poetry"", "" rhyme"", "" poem"", ""\u8bd7\u53e5""]"
poetry,rlens_camila,couplet-hall-call,48,"["" with"", ""With"", "" poetry"", "" poetic"", ""<|im_end|>""]"
poetry,rlens_camila,couplet-hall-call,56,"["" her"", "" until"", "" causing"", "" Their"", "" Its""]"
poetry,jpp_released,couplet-hall-call,8,"[""<|endoftext|>"", "" poet"", ""Texas"", ""\u8fd9\u9996"", "" poetic""]"
poetry,jpp_released,couplet-hall-call,16,"["" Song"", "" poetic"", "" poetry"", "" Poetry"", "" poem""]"
poetry,jpp_released,couplet-hall-call,24,"["" poetry"", "" poet"", "" poetic"", "" poets"", "" poem""]"
poetry,jpp_released,couplet-hall-call,32,"["" poem"", "" poetry"", "" poetic"", "" poet"", "" Poetry""]"
poetry,jpp_released,couplet-hall-call,40,"["" poem"", "" poetry"", "" poetic"", "" words"", "" the""]"
poetry,jpp_released,couplet-hall-call,48,"["" with"", "" The"", "" the"", "" beautiful"", "" great""]"
poetry,jpp_released,couplet-hall-call,56,"["" words"", "" sound"", "" voices"", ""\u7684\u58f0\u97f3"", ""words""]"
poetry,logit,couplet-tall-small,8,"[""-"", ""/"", "" I"", "" p"", "" as""]"
poetry,logit,couplet-tall-small,16,"[""ly"", ""\u521d"", ""s"", ""\u5e76\u975e"", ""\u7709""]"
poetry,logit,couplet-tall-small,24,"[""\u675f"", ""\u4e00\u53e5"", ""\u4e24\u53e5"", ""ly"", ""\u843d\u5728""]"
poetry,logit,couplet-tall-small,32,"[""po"", ""oom"", ""illion"", ""\u8bd7"", ""ta""]"
poetry,logit,couplet-tall-small,40,"[""po"", ""oom"", ""\u53e5"", ""plain"", ""b""]"
poetry,logit,couplet-tall-small,48,"[""\u96c6"", ""adan"", ""oom"", ""\u4f46"", ""un""]"
poetry,logit,couplet-tall-small,56,"["" Its"", ""Their"", "" Their"", ""Its"", ""\u5176""]"
poetry,jlens_camila,couplet-tall-small,8,"[""ly"", ""a"", ""an"", ""hips"", ""zelfde""]"
poetry,jlens_camila,couplet-tall-small,16,"[""ly"", ""\u2014a"", ""\u2014not"", ""\u2014the"", ""alak""]"
poetry,jlens_camila,couplet-tall-small,24,"[""ly"", "" poetic"", "" poetry"", "" whispered"", "" Poetry""]"
poetry,jlens_camila,couplet-tall-small,32,"["" poetry"", "" poetic"", "" poem"", "" poets"", "" poet""]"
poetry,jlens_camila,couplet-tall-small,40,"["" poetic"", "" poetry"", "" poem"", ""\u8bd7\u53e5"", "" poets""]"
poetry,jlens_camila,couplet-tall-small,48,"["" poetic"", "" poets"", "" poet"", "" whispered"", "" poetry""]"
poetry,jlens_camila,couplet-tall-small,56,"["" Their"", ""Their"", "" Its"", ""Its"", "" his""]"
poetry,rlens_camila,couplet-tall-small,8,"[""a"", ""ly"", "" modest"", ""zinho"", "" perhaps""]"
poetry,rlens_camila,couplet-tall-small,16,"[""\u2014but"", "" poetry"", "" poetic"", "" poet"", ""\u2014or""]"
poetry,rlens_camila,couplet-tall-small,24,"["" poetry"", "" poetic"", "" Poetry"", "" poets"", "" poet""]"
poetry,rlens_camila,couplet-tall-small,32,"["" poetry"", "" poetic"", "" poem"", "" poets"", "" poet""]"
poetry,rlens_camila,couplet-tall-small,40,"["" poetic"", "" poetry"", "" poem"", ""\u8bd7\u53e5"", "" rhyme""]"
poetry,rlens_camila,couplet-tall-small,48,"["" poetry"", "" poetic"", ""<|im_end|>"", "" poets"", "" poet""]"
poetry,rlens_camila,couplet-tall-small,56,"["" Their"", "" Its"", ""Its"", "" its"", ""Their""]"
poetry,jpp_released,couplet-tall-small,8,"["" poet"", ""<|endoftext|>"", "" poetic"", "" poetry"", "" Texas""]"
poetry,jpp_released,couplet-tall-small,16,"["" Lone"", "" poetic"", "" poetry"", ""\u8bd7\u6b4c"", "" Poetry""]"
poetry,jpp_released,couplet-tall-small,24,"["" poet"", "" poetry"", "" poetic"", "" poets"", "" Poetry""]"
poetry,jpp_released,couplet-tall-small,32,"["" poem"", "" poetry"", "" poetic"", "" poet"", "" Poetry""]"
poetry,jpp_released,couplet-tall-small,40,"["" poem"", "" poetry"", "" poetic"", "" poet"", "" verse""]"
poetry,jpp_released,couplet-tall-small,48,"["" The"", "" with"", "" poem"", "" the"", "" poet""]"
poetry,jpp_released,couplet-tall-small,56,"["" with"", "" shadows"", ""with"", ""With"", "" shadow""]"
poetry,logit,couplet-hand-land,8,"[""/"", ""-"", ""s"", "" p"", ""C""]"
poetry,logit,couplet-hand-land,16,"[""/"", ""s"", ""\u7709"", ""-"", ""\u84dd""]"
poetry,logit,couplet-hand-land,24,"[""\u4e24\u53e5"", ""ta"", ""\u6216\u591a\u4e2a"", ""\u4e00\u53e5"", ""olog""]"
poetry,logit,couplet-hand-land,32,"[""po"", ""oom"", ""umn"", ""illion"", ""\u5e78""]"
poetry,logit,couplet-hand-land,40,"[""oom"", ""po"", ""\u53e5"", ""\u4e00"", ""\u8bd7""]"
poetry,logit,couplet-hand-land,48,"[""adan"", ""ETER"", ""\u96c6"", ""oom"", ""\u81ea\u6709""]"
poetry,logit,couplet-hand-land,56,"[""Then"", "" Then"", ""\u7136\u540e"", ""\u5e76\u5bf9"", ""\u968f\u7740""]"
poetry,jlens_camila,couplet-hand-land,8,"[""ly"", ""hips"", ""a"", ""an"", ""ward""]"
poetry,jlens_camila,couplet-hand-land,16,"[""ly"", ""a"", ""ighbor"", ""alley"", ""fully""]"
poetry,jlens_camila,couplet-hand-land,24,"[""ly"", "" poetry"", "" poetic"", "" Poetry"", ""a""]"
poetry,jlens_camila,couplet-hand-land,32,"["" poetry"", "" poetic"", "" poem"", "" poets"", "" poet""]"
poetry,jlens_camila,couplet-hand-land,40,"["" poetic"", "" poetry"", "" poem"", "" poet"", "" poets""]"
poetry,jlens_camila,couplet-hand-land,48,"["" poet"", "" poets"", "" poetic"", "" poetry"", "" poem""]"
poetry,jlens_camila,couplet-hand-land,56,"["" hoping"", "" his"", "" hope"", ""Then"", "" suddenly""]"
poetry,rlens_camila,couplet-hand-land,8,"[""a"", ""ly"", "" modest"", ""\u4e2d\u901a"", "" though""]"
poetry,rlens_camila,couplet-hand-land,16,"["" poetry"", "" poetic"", ""\u8fd9\u9996\u8bd7"", ""a"", "".But""]"
poetry,rlens_camila,couplet-hand-land,24,"["" poetry"", "" poetic"", "" poem"", "" Poetry"", "" poet""]"
poetry,rlens_camila,couplet-hand-land,32,"["" poetry"", "" poem"", "" poetic"", "" poets"", "" poet""]"
poetry,rlens_camila,couplet-hand-land,40,"["" poetic"", "" poetry"", "" poem"", "" rhyme"", "" poems""]"
poetry,rlens_camila,couplet-hand-land,48,"["" another"", "" with"", "" poetry"", "" they"", "" They""]"
poetry,rlens_camila,couplet-hand-land,56,"["" hoping"", "" his"", ""Then"", "" then"", ""And""]"
poetry,jpp_released,couplet-hand-land,8,"[""<|endoftext|>"", "" Texas"", "" copper"", ""Adobe"", ""Texas""]"
poetry,jpp_released,couplet-hand-land,16,"["" Lone"", "" poetic"", "" Prairie"", ""\u8bd7\u6b4c"", "" poetry""]"
poetry,jpp_released,couplet-hand-land,24,"["" poetry"", "" poet"", "" poem"", "" poetic"", "" poets""]"
poetry,jpp_released,couplet-hand-land,32,"["" poem"", "" poetry"", "" poet"", "" poetic"", "" Poetry""]"
poetry,jpp_released,couplet-hand-land,40,"["" the"", "" poem"", "" poetry"", "" with"", "" song""]"
poetry,jpp_released,couplet-hand-land,48,"["" The"", "" the"", "" great"", "" second"", "" with""]"
poetry,jpp_released,couplet-hand-land,56,"["" with"", ""And"", ""and"", "" flight"", "" when""]"
poetry,logit,couplet-fun-won,8,"[""-"", ""/"", "" as"", ""s"", ""a""]"
poetry,logit,couplet-fun-won,16,"[""s"", ""\u5230"", ""-"", ""ly"", "" -""]"
poetry,logit,couplet-fun-won,24,"[""-"", ""\u6216\u591a\u4e2a"", "" -"", ""a"", ""\u4e24\u53e5""]"
poetry,logit,couplet-fun-won,32,"[""po"", ""ao"", ""\u6070\u597d"", ""\u8bd7"", ""illion""]"
poetry,logit,couplet-fun-won,40,"[""\u4e00"", ""\u53e5"", ""\u8bd7"", ""po"", ""a""]"
poetry,logit,couplet-fun-won,48,"[""\u4f46"", ""\u96c6"", ""iku"", ""oom"", ""adan""]"
poetry,logit,couplet-fun-won,56,"["" until"", ""\u76f4\u5230"", ""until"", "" Until"", ""\u76f4\u81f3""]"
poetry,jlens_camila,couplet-fun-won,8,"[""ly"", ""a"", ""hips"", ""\u0627"", ""\u0e30""]"
poetry,jlens_camila,couplet-fun-won,16,"[""ly"", ""a"", ""alley"", "" thoughtful"", "" spirited""]"
poetry,jlens_camila,couplet-fun-won,24,"[""ly"", ""a"", "" poetic"", "" poetry"", ""\u0627""]"
poetry,jlens_camila,couplet-fun-won,32,"["" poetry"", "" poetic"", "" poem"", "" poet"", "" poets""]"
poetry,jlens_camila,couplet-fun-won,40,"["" poetic"", "" poetry"", "" poet"", "" poem"", "" poets""]"
poetry,jlens_camila,couplet-fun-won,48,"[""They"", "" poets"", "" poet"", "" they"", "" poetic""]"
poetry,jlens_camila,couplet-fun-won,56,"["" until"", ""until"", "" Until"", ""\u76f4\u5230"", ""Until""]"
poetry,rlens_camila,couplet-fun-won,8,"[""a"", "" sometimes"", "" nicely"", "" though"", "" thought""]"
poetry,rlens_camila,couplet-fun-won,16,"["" indeed"", "" poetry"", ""That"", ""\u2014but"", "" sometimes""]"
poetry,rlens_camila,couplet-fun-won,24,"["" poetry"", "" poetic"", "" poet"", "" poets"", "" poem""]"
poetry,rlens_camila,couplet-fun-won,32,"["" poetry"", "" poem"", "" poetic"", "" poet"", "" poets""]"
poetry,rlens_camila,couplet-fun-won,40,"["" poetic"", "" poetry"", "" poem"", "" rhyme"", "" poet""]"
poetry,rlens_camila,couplet-fun-won,48,"["" they"", "" with"", "" They"", ""They"", "" their""]"
poetry,rlens_camila,couplet-fun-won,56,"["" until"", ""until"", "" Until"", ""\u76f4\u5230"", ""Until""]"
poetry,jpp_released,couplet-fun-won,8,"["" Texas"", ""Texas"", ""Dallas"", "" Oklahoma"", "" Arizona""]"
poetry,jpp_released,couplet-fun-won,16,"["" Lone"", "" Joan"", "" Song"", "" poetic"", "" song""]"
poetry,jpp_released,couplet-fun-won,24,"["" poet"", "" poetry"", "" poets"", "" poetic"", "" poem""]"
poetry,jpp_released,couplet-fun-won,32,"["" poem"", "" poetry"", "" poet"", "" poetic"", "" Poetry""]"
poetry,jpp_released,couplet-fun-won,40,"["" the"", "" The"", "" poem"", "" words"", "" poetry""]"
poetry,jpp_released,couplet-fun-won,48,"["" The"", "" the"", "" with"", "" great"", "" their""]"
poetry,jpp_released,couplet-fun-won,56,"["" until"", ""until"", "" Until"", ""Until"", ""\u76f4\u5230""]"
poetry,logit,couplet-mistake-make,8,"[""-"", ""/"", ""a"", "" p"", ""s""]"
poetry,logit,couplet-mistake-make,16,"[""s"", ""/"", ""-"", ""a"", ""ly""]"
poetry,logit,couplet-mistake-make,24,"[""a"", ""-"", "" -"", ""/"", ""No""]"
poetry,logit,couplet-mistake-make,32,"[""po"", ""\u6070\u597d"", ""oon"", ""\u8bd7"", ""ao""]"
poetry,logit,couplet-mistake-make,40,"[""\u53e5"", ""po"", ""\u4e00"", ""a"", ""out""]"
poetry,logit,couplet-mistake-make,48,"[""un"", ""iku"", ""\u4f46"", ""\u6bd4"", ""adan""]"
poetry,logit,couplet-mistake-make,56,"["" until"", ""\u76f4\u5230"", ""until"", ""\u76f4\u81f3"", "" mistakes""]"
poetry,jlens_camila,couplet-mistake-make,8,"[""ly"", ""an"", ""a"", ""hips"", ""zelfde""]"
poetry,jlens_camila,couplet-mistake-make,16,"[""ly"", ""a"", ""ighbor"", ""alley"", "" thoughtful""]"
poetry,jlens_camila,couplet-mistake-make,24,"[""ly"", ""a"", "" poetry"", "" poetic"", "" poets""]"
poetry,jlens_camila,couplet-mistake-make,32,"["" poetry"", "" poetic"", "" poem"", ""<|im_end|>"", "" poets""]"
poetry,jlens_camila,couplet-mistake-make,40,"["" poetic"", "" poetry"", "" poem"", ""\u8bd7\u53e5"", "" poet""]"
poetry,jlens_camila,couplet-mistake-make,48,"["" poet"", "" poets"", "" poetic"", "" poems"", "" poetry""]"
poetry,jlens_camila,couplet-mistake-make,56,"["" mistakes"", "" until"", "" now"", "" his"", "" hoping""]"
poetry,rlens_camila,couplet-mistake-make,8,"[""a"", ""ly"", "" sometimes"", "" though"", ""or""]"
poetry,rlens_camila,couplet-mistake-make,16,"["" sometimes"", ""a"", "" poetry"", "" because"", ""That""]"
poetry,rlens_camila,couplet-mistake-make,24,"["" poetry"", "" poetic"", "" poet"", "" poem"", "" poets""]"
poetry,rlens_camila,couplet-mistake-make,32,"["" poetry"", "" poem"", "" poetic"", "" poets"", "" poet""]"
poetry,rlens_camila,couplet-mistake-make,40,"["" poetry"", "" poem"", "" poetic"", "" rhyme"", ""\u8bd7\u53e5""]"
poetry,rlens_camila,couplet-mistake-make,48,"["" with"", "" because"", "" another"", "" they"", "" every""]"
poetry,rlens_camila,couplet-mistake-make,56,"["" until"", "" now"", "" mistakes"", "" his"", "" never""]"
poetry,jpp_released,couplet-mistake-make,8,"[""<|endoftext|>"", "" Arizona"", "" Oklahoma"", "" song"", "" Canton""]"
poetry,jpp_released,couplet-mistake-make,16,"["" Song"", "" Lone"", "" Prairie"", "" Yue"", "" Fresno""]"
poetry,jpp_released,couplet-mistake-make,24,"["" poet"", "" poetry"", "" poets"", "" poetic"", "" poem""]"
poetry,jpp_released,couplet-mistake-make,32,"["" poem"", "" poetry"", "" poet"", "" poetic"", "" poets""]"
poetry,jpp_released,couplet-mistake-make,40,"["" the"", "" poem"", "" poetry"", "" poet"", "" The""]"
poetry,jpp_released,couplet-mistake-make,48,"["" The"", "" the"", "" new"", "" great"", "" life""]"
poetry,jpp_released,couplet-mistake-make,56,"["" until"", "" now"", "" today"", "" that"", "" when""]"
poetry,logit,couplet-slow-low,8,"[""-"", ""/"", "" as"", "" I"", ""a""]"
poetry,logit,couplet-slow-low,16,"[""ly"", ""\u521d"", ""f"", ""\u5230"", "" /""]"
poetry,logit,couplet-slow-low,24,"["" rhyme"", ""ly"", ""UN"", ""\u4e00\u53e5"", ""\u8bd7""]"
poetry,logit,couplet-slow-low,32,"[""illion"", ""po"", ""oom"", "" prose"", ""\u5e78""]"
poetry,logit,couplet-slow-low,40,"[""po"", ""oom"", ""\u53e5"", ""\u8bd7"", ""\u4e00""]"
poetry,logit,couplet-slow-low,48,"[""\u96c6"", ""oom"", ""un"", ""aters"", ""\u4f46""]"
poetry,logit,couplet-slow-low,56,"["" beneath"", "" until"", "" Its"", ""until"", ""\u76f4\u81f3""]"
poetry,jlens_camila,couplet-slow-low,8,"[""ly"", ""a"", ""an"", ""hips"", ""dish""]"
poetry,jlens_camila,couplet-slow-low,16,"[""ly"", ""\u2014not"", ""alak"", ""alley"", ""\u2014a""]"
poetry,jlens_camila,couplet-slow-low,24,"[""ly"", "" poetic"", "" poetry"", "" Poetry"", "" poets""]"
poetry,jlens_camila,couplet-slow-low,32,"["" poetry"", "" poetic"", "" poem"", ""<|im_end|>"", "" poet""]"
poetry,jlens_camila,couplet-slow-low,40,"["" poetic"", "" poem"", "" poetry"", ""\u8bd7\u53e5"", "" poems""]"
poetry,jlens_camila,couplet-slow-low,48,"["" poets"", "" poet"", "" poetic"", "" poems"", "" poem""]"
poetry,jlens_camila,couplet-slow-low,56,"["" beneath"", "" below"", "" underwater"", "" Its"", "" Below""]"
poetry,rlens_camila,couplet-slow-low,8,"[""a"", ""ly"", "" only"", "" that"", ""g""]"
poetry,rlens_camila,couplet-slow-low,16,"[""\u2014but"", "" poetry"", "" poetic"", ""ly"", ""\u2014or""]"
poetry,rlens_camila,couplet-slow-low,24,"["" poetry"", "" poetic"", "" Poetry"", "" poem"", "" poet""]"
poetry,rlens_camila,couplet-slow-low,32,"["" poetry"", "" poem"", "" poetic"", "" poets"", "" poet""]"
poetry,rlens_camila,couplet-slow-low,40,"["" poetic"", "" poem"", "" poetry"", "" rhyme"", ""\u8bd7\u53e5""]"
poetry,rlens_camila,couplet-slow-low,48,"["" poetry"", "" poem"", ""<|im_end|>"", "" with"", "" another""]"
poetry,rlens_camila,couplet-slow-low,56,"["" beneath"", "" below"", "" Its"", "" until"", "" underwater""]"
poetry,jpp_released,couplet-slow-low,8,"[""<|endoftext|>"", "" Texas"", ""Adobe"", ""Dallas"", "" Adobe""]"
poetry,jpp_released,couplet-slow-low,16,"["" Lone"", "" poetic"", "" Song"", "" poetry"", "" Poetry""]"
poetry,jpp_released,couplet-slow-low,24,"["" poet"", "" poetry"", "" poetic"", "" poem"", "" poets""]"
poetry,jpp_released,couplet-slow-low,32,"["" poetry"", "" poem"", "" poet"", "" poetic"", "" Poetry""]"
poetry,jpp_released,couplet-slow-low,40,"["" poem"", "" poetry"", "" poetic"", "" words"", "" poet""]"
poetry,jpp_released,couplet-slow-low,48,"["" The"", "" poem"", "" the"", "" great"", "" poetry""]"
poetry,jpp_released,couplet-slow-low,56,"["" with"", "" when"", "" beneath"", "" seaw"", "" crew""]"
poetry,logit,couplet-grow-show,8,"[""-"", ""/"", ""s"", ""C"", "" p""]"
poetry,logit,couplet-grow-show,16,"[""s"", ""/"", ""\u521d"", ""\u5230"", ""-""]"
poetry,logit,couplet-grow-show,24,"[""UN"", ""\u4e24\u53e5"", ""\u675f"", "" rhyme"", ""a""]"
poetry,logit,couplet-grow-show,32,"[""po"", ""\u8bd7"", ""\u6070\u597d"", ""umn"", "" prose""]"
poetry,logit,couplet-grow-show,40,"[""\u8bd7"", ""po"", ""\u4e00"", ""umento"", ""\u7c89""]"
poetry,logit,couplet-grow-show,48,"[""adan"", ""\u4f46"", ""un"", ""aters"", ""unic""]"
poetry,logit,couplet-grow-show,56,"["" until"", ""\u76f4\u5230"", ""until"", ""\u76f4\u81f3"", "" Until""]"
poetry,jlens_camila,couplet-grow-show,8,"[""ly"", ""an"", ""hips"", ""zelfde"", ""raries""]"
poetry,jlens_camila,couplet-grow-show,16,"[""ly"", ""ighbor"", "" thoughtful"", ""alley"", "" crafted""]"
poetry,jlens_camila,couplet-grow-show,24,"[""ly"", "" poetic"", "" poetry"", "" whispers"", "" whispered""]"
poetry,jlens_camila,couplet-grow-show,32,"["" poetry"", "" poetic"", ""<|im_end|>"", "" poem"", ""\u8bd7\u53e5""]"
poetry,jlens_camila,couplet-grow-show,40,"["" poetic"", "" poem"", "" poetry"", "" poems"", ""\u8bd7\u53e5""]"
poetry,jlens_camila,couplet-grow-show,48,"["" poetic"", "" poems"", "" poet"", "" poem"", "" poets""]"
poetry,jlens_camila,couplet-grow-show,56,"["" until"", ""until"", "" hoping"", "" Until"", ""\u76f4\u5230""]"
poetry,rlens_camila,couplet-grow-show,8,"[""ly"", ""a"", ""an"", "" poetry"", "" modest""]"
poetry,rlens_camila,couplet-grow-show,16,"["" poetry"", ""\u2014but"", "" poetic"", ""\u2014a"", ""ly""]"
poetry,rlens_camila,couplet-grow-show,24,"["" poetry"", "" poetic"", "" poem"", "" poet"", "" poets""]"
poetry,rlens_camila,couplet-grow-show,32,"["" poetry"", "" poetic"", "" poem"", ""\u8bd7\u53e5"", "" poets""]"
poetry,rlens_camila,couplet-grow-show,40,"["" poetic"", "" poem"", "" poetry"", ""\u8bd7"", "" poems""]"
poetry,rlens_camila,couplet-grow-show,48,"["" poetic"", "" poem"", "" poems"", "" poetry"", ""<|im_end|>""]"
poetry,rlens_camila,couplet-grow-show,56,"["" until"", ""until"", ""\u76f4\u5230"", "" hoping"", "" Until""]"
poetry,jpp_released,couplet-grow-show,8,"[""<|endoftext|>"", "" song"", "" songs"", "" lyric"", "" Oklahoma""]"
poetry,jpp_released,couplet-grow-show,16,"["" Lone"", "" poetic"", "" Song"", "" lyric"", "" Ly""]"
poetry,jpp_released,couplet-grow-show,24,"["" poetry"", "" poetic"", "" poet"", "" poets"", "" poem""]"
poetry,jpp_released,couplet-grow-show,32,"["" poetry"", "" poem"", "" poetic"", "" poet"", "" poets""]"
poetry,jpp_released,couplet-grow-show,40,"["" poem"", "" poetry"", "" poetic"", "" poet"", "" poems""]"
poetry,jpp_released,couplet-grow-show,48,"["" poem"", "" poetic"", "" poetry"", "" poet"", "" The""]"
poetry,jpp_released,couplet-grow-show,56,"["" until"", ""until"", ""\u76f4\u5230"", "" Until"", ""\u76f4\u81f3""]"
poetry,logit,couplet-below-know,8,"[""-"", ""/"", ""s"", "" I"", ""C""]"
poetry,logit,couplet-below-know,16,"[""s"", ""/"", ""-"", ""\u521d"", ""a""]"
poetry,logit,couplet-below-know,24,"[""a"", ""ock"", ""ta"", ""\u4e24\u53e5"", "" rhyme""]"
poetry,logit,couplet-below-know,32,"[""po"", ""\u8bd7"", ""anta"", ""oom"", ""umn""]"
poetry,logit,couplet-below-know,40,"[""\u8bd7"", ""po"", ""\u53e5"", ""\u7c89"", ""\u5323""]"
poetry,logit,couplet-below-know,48,"[""\u00fbt"", ""anon"", ""un"", ""\u59d3"", ""\u4f46""]"
poetry,logit,couplet-below-know,56,"["" uncover"", "" discovering"", ""\u53d1\u73b0"", ""\u53d1\u73b0\u4e86"", "" discoveries""]"
poetry,jlens_camila,couplet-below-know,8,"[""ly"", ""a"", ""hips"", ""an"", ""oom""]"
poetry,jlens_camila,couplet-below-know,16,"[""ly"", ""ighbor"", "" thoughtful"", "" crafted"", ""\u2014a""]"
poetry,jlens_camila,couplet-below-know,24,"["" poetic"", "" poetry"", ""ly"", "" Poetry"", "" poets""]"
poetry,jlens_camila,couplet-below-know,32,"["" poetry"", "" poetic"", ""<|im_end|>"", "" poem"", ""\u8bd7\u53e5""]"
poetry,jlens_camila,couplet-below-know,40,"["" poetic"", "" poem"", "" poetry"", ""\u8bd7\u53e5"", "" poems""]"
poetry,jlens_camila,couplet-below-know,48,"["" poems"", ""<|im_end|>"", "" poetic"", "" poets"", "" poem""]"
poetry,jlens_camila,couplet-below-know,56,"["" discovering"", "" uncover"", ""\u53d1\u73b0"", "" discover"", ""\u53d1\u73b0\u4e86""]"
poetry,rlens_camila,couplet-below-know,8,"["" nearly"", ""a"", ""\u4e2d\u901a"", ""Though"", "" though""]"
poetry,rlens_camila,couplet-below-know,16,"["" poetry"", "" poetic"", ""\u2014but"", ""COVID"", "" emojis""]"
poetry,rlens_camila,couplet-below-know,24,"["" poetry"", "" poetic"", "" Poetry"", "" poem"", "" poets""]"
poetry,rlens_camila,couplet-below-know,32,"["" poetry"", "" poetic"", "" poem"", ""\u8bd7\u53e5"", "" poets""]"
poetry,rlens_camila,couplet-below-know,40,"["" poetic"", "" poem"", "" poetry"", ""\u8bd7"", "" rhyme""]"
poetry,rlens_camila,couplet-below-know,48,"[""<|im_end|>"", "" poems"", "" poetry"", "" poem"", ""\u8bd7""]"
poetry,rlens_camila,couplet-below-know,56,"["" uncover"", "" discovering"", ""\u53d1\u73b0"", "" discover"", ""\u53d1\u73b0\u4e86""]"
poetry,jpp_released,couplet-below-know,8,"[""<|endoftext|>"", "" bronze"", "" poetic"", ""\u8fd9\u9996"", "" poet""]"
poetry,jpp_released,couplet-below-know,16,"["" poetic"", "" Song"", "" poetry"", "" Prairie"", "" Lone""]"
poetry,jpp_released,couplet-below-know,24,"["" poetry"", "" poetic"", "" poet"", "" poets"", "" poem""]"
poetry,jpp_released,couplet-below-know,32,"["" poetry"", "" poem"", "" poetic"", "" poet"", "" Poetry""]"
poetry,jpp_released,couplet-below-know,40,"["" poem"", "" poetry"", "" poetic"", "" poet"", "" poems""]"
poetry,jpp_released,couplet-below-know,48,"["" poem"", "" The"", "" poetry"", "" Po"", "" poetic""]"
poetry,jpp_released,couplet-below-know,56,"["" discover"", "" discovery"", "" discovering"", "" discoveries"", "" discovered""]"
poetry,logit,couplet-dead-red,8,"[""-"", ""/"", "" as"", ""s"", "" to""]"
poetry,logit,couplet-dead-red,16,"[""s"", ""/"", ""f"", ""ly"", ""e""]"
poetry,logit,couplet-dead-red,24,"[""ly"", ""a"", ""-"", ""No"", "" -""]"
poetry,logit,couplet-dead-red,32,"[""po"", ""oom"", "" prose"", ""ao"", ""\u5e78""]"
poetry,logit,couplet-dead-red,40,"[""po"", ""\u53e5"", ""\u8bd7"", ""oom"", "" rhyme""]"
poetry,logit,couplet-dead-red,48,"[""\u5206\u660e"", ""\u96c6"", ""\u5f53\u65f6"", ""\u4f46"", ""un""]"
poetry,logit,couplet-dead-red,56,"["" yet"", ""yet"", "" but"", "" Their"", "" Yet""]"
poetry,jlens_camila,couplet-dead-red,8,"[""ly"", ""a"", ""hips"", ""raries"", ""ward""]"
poetry,jlens_camila,couplet-dead-red,16,"[""ly"", ""a"", ""alley"", ""alak"", ""\u0627""]"
poetry,jlens_camila,couplet-dead-red,24,"[""ly"", "" poetic"", "" poetry"", "" poet"", ""a""]"
poetry,jlens_camila,couplet-dead-red,32,"["" poetry"", "" poetic"", "" poem"", "" poet"", ""<|im_end|>""]"
poetry,jlens_camila,couplet-dead-red,40,"["" poetic"", "" poetry"", "" poem"", "" poet"", "" poets""]"
poetry,jlens_camila,couplet-dead-red,48,"["" poet"", "" poets"", "" poetry"", "" poetic"", "" poems""]"
poetry,jlens_camila,couplet-dead-red,56,"["" yet"", "" Their"", ""Their"", "" but"", "" Yet""]"
poetry,rlens_camila,couplet-dead-red,8,"[""ly"", ""a"", "" though"", "" perhaps"", ""\u4e2d\u901a""]"
poetry,rlens_camila,couplet-dead-red,16,"["" poetry"", ""ly"", "" poetic"", "" poem"", ""\u8fd9\u9996\u8bd7""]"
poetry,rlens_camila,couplet-dead-red,24,"["" poetry"", "" poetic"", "" poet"", "" poem"", "" poets""]"
poetry,rlens_camila,couplet-dead-red,32,"["" poetry"", "" poem"", "" poetic"", "" poet"", "" poets""]"
poetry,rlens_camila,couplet-dead-red,40,"["" poetic"", "" poetry"", "" poem"", "" rhyme"", "" poet""]"
poetry,rlens_camila,couplet-dead-red,48,"["" poetry"", "" poem"", "" another"", "" poet"", "" poetic""]"
poetry,rlens_camila,couplet-dead-red,56,"["" yet"", "" Their"", "" but"", "" Yet"", "" their""]"
poetry,jpp_released,couplet-dead-red,8,"["" poet"", ""<|endoftext|>"", ""Adobe"", ""\u8fd9\u9996"", "" poem""]"
poetry,jpp_released,couplet-dead-red,16,"["" poetic"", "" poem"", "" poetry"", ""\u8bd7\u6b4c"", "" Song""]"
poetry,jpp_released,couplet-dead-red,24,"["" poet"", "" poetry"", "" poetic"", "" poets"", "" poem""]"
poetry,jpp_released,couplet-dead-red,32,"["" poetry"", "" poem"", "" poet"", "" poetic"", "" poets""]"
poetry,jpp_released,couplet-dead-red,40,"["" poem"", "" poetry"", "" poetic"", "" poet"", "" the""]"
poetry,jpp_released,couplet-dead-red,48,"["" The"", "" the"", "" great"", "" poem"", "" poet""]"
poetry,jpp_released,couplet-dead-red,56,"["" when"", "" yet"", "" with"", ""The"", "" flowers""]"
poetry,logit,couplet-ahead-head,8,"[""/"", ""-"", ""s"", ""R"", ""C""]"
poetry,logit,couplet-ahead-head,16,"[""s"", ""-"", ""/"", ""\u521d"", ""g""]"
poetry,logit,couplet-ahead-head,24,"[""ta"", ""\u4e24\u53e5"", ""/"", ""-"", ""\u4e00\u53e5""]"
poetry,logit,couplet-ahead-head,32,"["" prose"", ""umn"", ""\u6070\u597d"", ""\u5e78"", ""https""]"
poetry,logit,couplet-ahead-head,40,"[""po"", ""m"", ""\u8bd7"", ""ipo"", ""oom""]"
poetry,logit,couplet-ahead-head,48,"[""un"", ""\u5f53\u65f6"", ""\u81ea\u6709"", ""aters"", ""\u4f46""]"
poetry,logit,couplet-ahead-head,56,"[""\u6307\u5411"", ""\u6307\u5f15"", "" pointing"", ""\u6307\u793a"", ""And""]"
poetry,jlens_camila,couplet-ahead-head,8,"[""ly"", ""an"", ""a"", ""hips"", ""al""]"
poetry,jlens_camila,couplet-ahead-head,16,"[""ly"", ""a"", "" emojis"", "" thoughtful"", ""fully""]"
poetry,jlens_camila,couplet-ahead-head,24,"["" poetry"", "" poetic"", ""ly"", "" poet"", "" poems""]"
poetry,jlens_camila,couplet-ahead-head,32,"["" poetry"", ""<|im_end|>"", "" poetic"", "" poem"", "" poet""]"
poetry,jlens_camila,couplet-ahead-head,40,"["" poetry"", "" poetic"", "" poem"", ""\u8bd7\u53e5"", "" poet""]"
poetry,jlens_camila,couplet-ahead-head,48,"["" poetry"", ""<|im_end|>"", "" rhyme"", "" poets"", "" poems""]"
poetry,jlens_camila,couplet-ahead-head,56,"["" pointing"", "" saying"", ""\u6307\u5411"", ""\u6307\u793a"", ""\u6307\u5f15""]"
poetry,rlens_camila,couplet-ahead-head,8,"[""a"", ""ly"", "" only"", ""an"", ""or""]"
poetry,rlens_camila,couplet-ahead-head,16,"["" poetry"", "" sometimes"", ""https"", "".But"", ""\u2014but""]"
poetry,rlens_camila,couplet-ahead-head,24,"["" poetry"", "" poetic"", "" poem"", "" poet"", "" poems""]"
poetry,rlens_camila,couplet-ahead-head,32,"["" poetry"", "" poem"", "" poetic"", "" poet"", "" poets""]"
poetry,rlens_camila,couplet-ahead-head,40,"["" poetry"", "" poem"", "" poetic"", "" rhyme"", ""\u8bd7""]"
poetry,rlens_camila,couplet-ahead-head,48,"["" with"", ""And"", "" poetry"", ""The"", ""<|im_end|>""]"
poetry,rlens_camila,couplet-ahead-head,56,"["" pointing"", ""\u6307\u5411"", "" saying"", ""And"", "" said""]"
poetry,jpp_released,couplet-ahead-head,8,"[""<|endoftext|>"", "" Texas"", ""1"", "" song"", "" copper""]"
poetry,jpp_released,couplet-ahead-head,16,"["" Prairie"", "" Song"", "" Lone"", "" Ly"", "" poetry""]"
poetry,jpp_released,couplet-ahead-head,24,"["" poetry"", "" poet"", "" poetic"", "" poem"", "" poets""]"
poetry,jpp_released,couplet-ahead-head,32,"["" poetry"", "" poem"", "" poetic"", "" poet"", "" Poetry""]"
poetry,jpp_released,couplet-ahead-head,40,"["" poem"", "" poetry"", "" the"", "" poetic"", "" poet""]"
poetry,jpp_released,couplet-ahead-head,48,"["" The"", "" the"", "" great"", "" poem"", "" life""]"
poetry,jpp_released,couplet-ahead-head,56,"["" pointing"", "" with"", "" where"", ""And"", "" ship""]"
poetry,logit,couplet-wait-late,8,"[""-"", ""/"", ""s"", ""C"", ""+""]"
poetry,logit,couplet-wait-late,16,"[""s"", ""/"", ""\u521d"", ""ly"", ""\u5230""]"
poetry,logit,couplet-wait-late,24,"[""\u4e24\u53e5"", ""\u4e00\u53e5"", "" rhyme"", ""UN"", ""\u4ed7""]"
poetry,logit,couplet-wait-late,32,"[""po"", ""illion"", ""oom"", ""\u6070\u597d"", ""\u8bd7""]"
poetry,logit,couplet-wait-late,40,"[""po"", ""\u53e5"", "" rhyme"", ""\u4e00"", ""\u8bd7""]"
poetry,logit,couplet-wait-late,48,"[""un"", ""ETER"", ""adan"", ""ain"", ""oom""]"
poetry,logit,couplet-wait-late,56,"[""expect"", ""The"", "" hoping"", ""Then"", "" expect""]"
poetry,jlens_camila,couplet-wait-late,8,"[""ly"", ""hips"", ""a"", ""an"", ""gak""]"
poetry,jlens_camila,couplet-wait-late,16,"[""ly"", ""ighbor"", ""alley"", "" thoughtful"", ""\u2014a""]"
poetry,jlens_camila,couplet-wait-late,24,"[""ly"", "" poetic"", "" poetry"", "" Poetry"", "" lyric""]"
poetry,jlens_camila,couplet-wait-late,32,"["" poetry"", "" poetic"", "" poem"", ""<|im_end|>"", "" poets""]"
poetry,jlens_camila,couplet-wait-late,40,"["" poetic"", "" poetry"", "" poem"", ""\u8bd7\u53e5"", "" poets""]"
poetry,jlens_camila,couplet-wait-late,48,"["" poets"", "" poet"", "" poetry"", "" poetic"", "" poems""]"
poetry,jlens_camila,couplet-wait-late,56,"["" hoping"", "" hope"", "" expecting"", "" hopes"", ""expect""]"
poetry,rlens_camila,couplet-wait-late,8,"[""a"", "" nearly"", ""ly"", "" though"", "" just""]"
poetry,rlens_camila,couplet-wait-late,16,"["" poetry"", ""\u2014but"", "" poetic"", ""\u8fd9\u9996\u8bd7"", ""\u2014a""]"
poetry,rlens_camila,couplet-wait-late,24,"["" poetry"", "" poetic"", "" Poetry"", "" poem"", "" poet""]"
poetry,rlens_camila,couplet-wait-late,32,"["" poetry"", "" poetic"", "" poem"", "" poets"", "" Poetry""]"
poetry,rlens_camila,couplet-wait-late,40,"["" poetry"", "" poetic"", "" poem"", "" rhyme"", ""\u8bd7\u53e5""]"
poetry,rlens_camila,couplet-wait-late,48,"["" poetry"", "" with"", ""<|im_end|>"", "" only"", "" poem""]"
poetry,rlens_camila,couplet-wait-late,56,"["" hoping"", "" hope"", "" expect"", "" hopes"", "" expecting""]"
poetry,jpp_released,couplet-wait-late,8,"["" Texas"", ""<|endoftext|>"", ""Texas"", ""Dallas"", "" Dallas""]"
poetry,jpp_released,couplet-wait-late,16,"["" Song"", "" Prairie"", "" poetic"", "" Lone"", "" poetry""]"
poetry,jpp_released,couplet-wait-late,24,"["" poetry"", "" poet"", "" poetic"", "" poets"", "" poem""]"
poetry,jpp_released,couplet-wait-late,32,"["" poetry"", "" poem"", "" poetic"", "" poet"", "" Poetry""]"
poetry,jpp_released,couplet-wait-late,40,"["" poem"", "" poetry"", "" the"", "" poetic"", "" rhyme""]"
poetry,jpp_released,couplet-wait-late,48,"["" The"", "" the"", "" with"", "" second"", "" poem""]"
poetry,jpp_released,couplet-wait-late,56,"["" hope"", "" when"", ""pat"", "" until"", "" while""]"
poetry,logit,couplet-sound-found,8,"[""-"", ""/"", "" p"", ""s"", "" as""]"
poetry,logit,couplet-sound-found,16,"[""/"", ""s"", ""-"", ""\u5230"", ""ly""]"
poetry,logit,couplet-sound-found,24,"[""/"", ""\u4e24\u53e5"", ""UN"", ""-"", ""olog""]"
poetry,logit,couplet-sound-found,32,"[""po"", "" prose"", ""\u8bd7"", ""ta"", ""\u6070\u597d""]"
poetry,logit,couplet-sound-found,40,"[""\u5323"", ""po"", ""\u4e00"", ""m"", ""\u00f8d""]"
poetry,logit,couplet-sound-found,48,"[""\u96c6"", ""ETER"", ""\u6bd4"", ""\u5eca"", ""uguay""]"
poetry,logit,couplet-sound-found,56,"["" until"", ""\u76f4\u5230"", ""until"", "" hoping"", ""\u76f4\u81f3""]"
poetry,jlens_camila,couplet-sound-found,8,"[""ly"", ""hips"", ""an"", ""a"", ""zelfde""]"
poetry,jlens_camila,couplet-sound-found,16,"[""ly"", ""alley"", ""a"", ""ighbor"", "" thoughtful""]"
poetry,jlens_camila,couplet-sound-found,24,"[""ly"", "" poetic"", "" poetry"", ""a"", "" poet""]"
poetry,jlens_camila,couplet-sound-found,32,"["" poetry"", "" poetic"", "" poem"", "" poet"", ""<|im_end|>""]"
poetry,jlens_camila,couplet-sound-found,40,"["" poetic"", "" poetry"", "" poem"", "" poet"", "" poets""]"
poetry,jlens_camila,couplet-sound-found,48,"["" poetic"", "" poems"", "" poets"", "" poet"", "" poetry""]"
poetry,jlens_camila,couplet-sound-found,56,"["" hoping"", "" hope"", "" until"", "" hopes"", ""until""]"
poetry,rlens_camila,couplet-sound-found,8,"[""ly"", ""a"", ""Though"", "" though"", "" modest""]"
poetry,rlens_camila,couplet-sound-found,16,"["" poetry"", "" poetic"", ""\u8fd9\u9996\u8bd7"", "" poem"", ""ly""]"
poetry,rlens_camila,couplet-sound-found,24,"["" poetry"", "" poetic"", "" poet"", "" poets"", "" poem""]"
poetry,rlens_camila,couplet-sound-found,32,"["" poetry"", "" poetic"", "" poem"", "" poet"", "" poets""]"
poetry,rlens_camila,couplet-sound-found,40,"["" poetic"", "" poetry"", "" poem"", "" poets"", "" poems""]"
poetry,rlens_camila,couplet-sound-found,48,"["" poems"", "" poetic"", "" poetry"", "" they"", "" poem""]"
poetry,rlens_camila,couplet-sound-found,56,"["" hoping"", "" hope"", "" until"", "" hopes"", ""until""]"
poetry,jpp_released,couplet-sound-found,8,"[""<|endoftext|>"", ""\ufb01"", "" poet"", "" poetic"", ""\u8fd9\u9996""]"
poetry,jpp_released,couplet-sound-found,16,"["" Prairie"", "" Lone"", "" poetic"", "" Song"", "" poetry""]"
poetry,jpp_released,couplet-sound-found,24,"["" poet"", "" poetry"", "" poetic"", "" poets"", "" poem""]"
poetry,jpp_released,couplet-sound-found,32,"["" poetry"", "" poem"", "" poet"", "" poetic"", "" poets""]"
poetry,jpp_released,couplet-sound-found,40,"["" poem"", "" poetry"", "" poetic"", "" poet"", "" the""]"
poetry,jpp_released,couplet-sound-found,48,"["" poem"", "" great"", "" poet"", "" poems"", "" The""]"
poetry,jpp_released,couplet-sound-found,56,"["" hope"", "" until"", "" hopes"", ""until"", "" hoping""]"
