eval,lens,item,intermediate,layer,rank
multihop,logit,rhyme-door-doubled,four,8,174918
multihop,logit,rhyme-door-doubled,four,15,177273
multihop,logit,rhyme-door-doubled,four,22,161380
multihop,logit,rhyme-door-doubled,four,30,500
multihop,logit,rhyme-door-doubled,four,38,5
multihop,logit,rhyme-door-doubled,four,45,19
multihop,logit,rhyme-door-doubled,four,52,19
multihop,jlens_16p,rhyme-door-doubled,four,8,105097
multihop,jlens_16p,rhyme-door-doubled,four,15,22855
multihop,jlens_16p,rhyme-door-doubled,four,22,22683
multihop,jlens_16p,rhyme-door-doubled,four,30,15162
multihop,jlens_16p,rhyme-door-doubled,four,38,1413
multihop,jlens_16p,rhyme-door-doubled,four,45,24
multihop,jlens_16p,rhyme-door-doubled,four,52,5
multihop,rlens_16p,rhyme-door-doubled,four,8,67850
multihop,rlens_16p,rhyme-door-doubled,four,15,2636
multihop,rlens_16p,rhyme-door-doubled,four,22,80
multihop,rlens_16p,rhyme-door-doubled,four,30,413
multihop,rlens_16p,rhyme-door-doubled,four,38,107
multihop,rlens_16p,rhyme-door-doubled,four,45,5
multihop,rlens_16p,rhyme-door-doubled,four,52,5
multihop,rlens_64p,rhyme-door-doubled,four,8,76964
multihop,rlens_64p,rhyme-door-doubled,four,15,2257
multihop,rlens_64p,rhyme-door-doubled,four,22,29
multihop,rlens_64p,rhyme-door-doubled,four,30,485
multihop,rlens_64p,rhyme-door-doubled,four,38,105
multihop,rlens_64p,rhyme-door-doubled,four,45,6
multihop,rlens_64p,rhyme-door-doubled,four,52,4
multihop,jpp_64p,rhyme-door-doubled,four,8,65305
multihop,jpp_64p,rhyme-door-doubled,four,15,242
multihop,jpp_64p,rhyme-door-doubled,four,22,63
multihop,jpp_64p,rhyme-door-doubled,four,30,205
multihop,jpp_64p,rhyme-door-doubled,four,38,34
multihop,jpp_64p,rhyme-door-doubled,four,45,1
multihop,jpp_64p,rhyme-door-doubled,four,52,3
multihop,logit,etym-wargod-month,March,8,5805
multihop,logit,etym-wargod-month,March,15,774
multihop,logit,etym-wargod-month,March,22,10985
multihop,logit,etym-wargod-month,March,30,11602
multihop,logit,etym-wargod-month,March,38,72369
multihop,logit,etym-wargod-month,March,45,63
multihop,logit,etym-wargod-month,March,52,1
multihop,jlens_16p,etym-wargod-month,March,8,20015
multihop,jlens_16p,etym-wargod-month,March,15,92674
multihop,jlens_16p,etym-wargod-month,March,22,80949
multihop,jlens_16p,etym-wargod-month,March,30,59335
multihop,jlens_16p,etym-wargod-month,March,38,68754
multihop,jlens_16p,etym-wargod-month,March,45,331
multihop,jlens_16p,etym-wargod-month,March,52,1
multihop,rlens_16p,etym-wargod-month,March,8,135090
multihop,rlens_16p,etym-wargod-month,March,15,114317
multihop,rlens_16p,etym-wargod-month,March,22,108827
multihop,rlens_16p,etym-wargod-month,March,30,147444
multihop,rlens_16p,etym-wargod-month,March,38,15967
multihop,rlens_16p,etym-wargod-month,March,45,205
multihop,rlens_16p,etym-wargod-month,March,52,1
multihop,rlens_64p,etym-wargod-month,March,8,124663
multihop,rlens_64p,etym-wargod-month,March,15,93089
multihop,rlens_64p,etym-wargod-month,March,22,106135
multihop,rlens_64p,etym-wargod-month,March,30,142532
multihop,rlens_64p,etym-wargod-month,March,38,12173
multihop,rlens_64p,etym-wargod-month,March,45,269
multihop,rlens_64p,etym-wargod-month,March,52,1
multihop,jpp_64p,etym-wargod-month,March,8,19885
multihop,jpp_64p,etym-wargod-month,March,15,78890
multihop,jpp_64p,etym-wargod-month,March,22,48855
multihop,jpp_64p,etym-wargod-month,March,30,120427
multihop,jpp_64p,etym-wargod-month,March,38,9396
multihop,jpp_64p,etym-wargod-month,March,45,180
multihop,jpp_64p,etym-wargod-month,March,52,1
multihop,logit,chem-atmosphere-Z,nitrogen,8,43988
multihop,logit,chem-atmosphere-Z,nitrogen,15,64809
multihop,logit,chem-atmosphere-Z,nitrogen,22,81942
multihop,logit,chem-atmosphere-Z,nitrogen,30,34070
multihop,logit,chem-atmosphere-Z,nitrogen,38,3663
multihop,logit,chem-atmosphere-Z,nitrogen,45,1
multihop,logit,chem-atmosphere-Z,nitrogen,52,9
multihop,jlens_16p,chem-atmosphere-Z,nitrogen,8,100771
multihop,jlens_16p,chem-atmosphere-Z,nitrogen,15,71096
multihop,jlens_16p,chem-atmosphere-Z,nitrogen,22,71875
multihop,jlens_16p,chem-atmosphere-Z,nitrogen,30,72829
multihop,jlens_16p,chem-atmosphere-Z,nitrogen,38,40196
multihop,jlens_16p,chem-atmosphere-Z,nitrogen,45,56
multihop,jlens_16p,chem-atmosphere-Z,nitrogen,52,8
multihop,rlens_16p,chem-atmosphere-Z,nitrogen,8,83678
multihop,rlens_16p,chem-atmosphere-Z,nitrogen,15,90863
multihop,rlens_16p,chem-atmosphere-Z,nitrogen,22,15950
multihop,rlens_16p,chem-atmosphere-Z,nitrogen,30,8564
multihop,rlens_16p,chem-atmosphere-Z,nitrogen,38,1650
multihop,rlens_16p,chem-atmosphere-Z,nitrogen,45,4
multihop,rlens_16p,chem-atmosphere-Z,nitrogen,52,9
multihop,rlens_64p,chem-atmosphere-Z,nitrogen,8,87507
multihop,rlens_64p,chem-atmosphere-Z,nitrogen,15,102643
multihop,rlens_64p,chem-atmosphere-Z,nitrogen,22,15557
multihop,rlens_64p,chem-atmosphere-Z,nitrogen,30,8563
multihop,rlens_64p,chem-atmosphere-Z,nitrogen,38,2269
multihop,rlens_64p,chem-atmosphere-Z,nitrogen,45,4
multihop,rlens_64p,chem-atmosphere-Z,nitrogen,52,13
multihop,jpp_64p,chem-atmosphere-Z,nitrogen,8,152871
multihop,jpp_64p,chem-atmosphere-Z,nitrogen,15,74467
multihop,jpp_64p,chem-atmosphere-Z,nitrogen,22,16068
multihop,jpp_64p,chem-atmosphere-Z,nitrogen,30,3132
multihop,jpp_64p,chem-atmosphere-Z,nitrogen,38,76
multihop,jpp_64p,chem-atmosphere-Z,nitrogen,45,1
multihop,jpp_64p,chem-atmosphere-Z,nitrogen,52,10
multihop,logit,chem-bones-Z,calcium,8,121754
multihop,logit,chem-bones-Z,calcium,15,141821
multihop,logit,chem-bones-Z,calcium,22,82010
multihop,logit,chem-bones-Z,calcium,30,49448
multihop,logit,chem-bones-Z,calcium,38,9691
multihop,logit,chem-bones-Z,calcium,45,42
multihop,logit,chem-bones-Z,calcium,52,104
multihop,jlens_16p,chem-bones-Z,calcium,8,18068
multihop,jlens_16p,chem-bones-Z,calcium,15,148275
multihop,jlens_16p,chem-bones-Z,calcium,22,143106
multihop,jlens_16p,chem-bones-Z,calcium,30,17028
multihop,jlens_16p,chem-bones-Z,calcium,38,14774
multihop,jlens_16p,chem-bones-Z,calcium,45,366
multihop,jlens_16p,chem-bones-Z,calcium,52,23
multihop,rlens_16p,chem-bones-Z,calcium,8,2165
multihop,rlens_16p,chem-bones-Z,calcium,15,6587
multihop,rlens_16p,chem-bones-Z,calcium,22,2374
multihop,rlens_16p,chem-bones-Z,calcium,30,831
multihop,rlens_16p,chem-bones-Z,calcium,38,1487
multihop,rlens_16p,chem-bones-Z,calcium,45,12
multihop,rlens_16p,chem-bones-Z,calcium,52,26
multihop,rlens_64p,chem-bones-Z,calcium,8,1499
multihop,rlens_64p,chem-bones-Z,calcium,15,5902
multihop,rlens_64p,chem-bones-Z,calcium,22,1048
multihop,rlens_64p,chem-bones-Z,calcium,30,1169
multihop,rlens_64p,chem-bones-Z,calcium,38,1756
multihop,rlens_64p,chem-bones-Z,calcium,45,12
multihop,rlens_64p,chem-bones-Z,calcium,52,27
multihop,jpp_64p,chem-bones-Z,calcium,8,71805
multihop,jpp_64p,chem-bones-Z,calcium,15,10140
multihop,jpp_64p,chem-bones-Z,calcium,22,1132
multihop,jpp_64p,chem-bones-Z,calcium,30,423
multihop,jpp_64p,chem-bones-Z,calcium,38,451
multihop,jpp_64p,chem-bones-Z,calcium,45,16
multihop,jpp_64p,chem-bones-Z,calcium,52,33
multihop,logit,func-pumps-chambers,heart,8,119970
multihop,logit,func-pumps-chambers,heart,15,183228
multihop,logit,func-pumps-chambers,heart,22,71019
multihop,logit,func-pumps-chambers,heart,30,67414
multihop,logit,func-pumps-chambers,heart,38,81124
multihop,logit,func-pumps-chambers,heart,45,3
multihop,logit,func-pumps-chambers,heart,52,677
multihop,jlens_16p,func-pumps-chambers,heart,8,30703
multihop,jlens_16p,func-pumps-chambers,heart,15,168429
multihop,jlens_16p,func-pumps-chambers,heart,22,168231
multihop,jlens_16p,func-pumps-chambers,heart,30,44142
multihop,jlens_16p,func-pumps-chambers,heart,38,39057
multihop,jlens_16p,func-pumps-chambers,heart,45,2411
multihop,jlens_16p,func-pumps-chambers,heart,52,2409
multihop,rlens_16p,func-pumps-chambers,heart,8,131873
multihop,rlens_16p,func-pumps-chambers,heart,15,30097
multihop,rlens_16p,func-pumps-chambers,heart,22,2271
multihop,rlens_16p,func-pumps-chambers,heart,30,34994
multihop,rlens_16p,func-pumps-chambers,heart,38,9376
multihop,rlens_16p,func-pumps-chambers,heart,45,50
multihop,rlens_16p,func-pumps-chambers,heart,52,3413
multihop,rlens_64p,func-pumps-chambers,heart,8,154309
multihop,rlens_64p,func-pumps-chambers,heart,15,49801
multihop,rlens_64p,func-pumps-chambers,heart,22,5351
multihop,rlens_64p,func-pumps-chambers,heart,30,40696
multihop,rlens_64p,func-pumps-chambers,heart,38,13038
multihop,rlens_64p,func-pumps-chambers,heart,45,48
multihop,rlens_64p,func-pumps-chambers,heart,52,5637
multihop,jpp_64p,func-pumps-chambers,heart,8,39689
multihop,jpp_64p,func-pumps-chambers,heart,15,17724
multihop,jpp_64p,func-pumps-chambers,heart,22,365
multihop,jpp_64p,func-pumps-chambers,heart,30,15961
multihop,jpp_64p,func-pumps-chambers,heart,38,926
multihop,jpp_64p,func-pumps-chambers,heart,45,5
multihop,jpp_64p,func-pumps-chambers,heart,52,950
multihop,logit,func-filters-count,kidney,8,84167
multihop,logit,func-filters-count,kidney,15,111451
multihop,logit,func-filters-count,kidney,22,68133
multihop,logit,func-filters-count,kidney,30,295
multihop,logit,func-filters-count,kidney,38,296
multihop,logit,func-filters-count,kidney,45,6
multihop,logit,func-filters-count,kidney,52,1
multihop,jlens_16p,func-filters-count,kidney,8,133677
multihop,jlens_16p,func-filters-count,kidney,15,51692
multihop,jlens_16p,func-filters-count,kidney,22,50881
multihop,jlens_16p,func-filters-count,kidney,30,7573
multihop,jlens_16p,func-filters-count,kidney,38,23776
multihop,jlens_16p,func-filters-count,kidney,45,832
multihop,jlens_16p,func-filters-count,kidney,52,2
multihop,rlens_16p,func-filters-count,kidney,8,207127
multihop,rlens_16p,func-filters-count,kidney,15,138536
multihop,rlens_16p,func-filters-count,kidney,22,12684
multihop,rlens_16p,func-filters-count,kidney,30,3515
multihop,rlens_16p,func-filters-count,kidney,38,3221
multihop,rlens_16p,func-filters-count,kidney,45,63
multihop,rlens_16p,func-filters-count,kidney,52,2
multihop,rlens_64p,func-filters-count,kidney,8,211866
multihop,rlens_64p,func-filters-count,kidney,15,124224
multihop,rlens_64p,func-filters-count,kidney,22,8647
multihop,rlens_64p,func-filters-count,kidney,30,3471
multihop,rlens_64p,func-filters-count,kidney,38,2964
multihop,rlens_64p,func-filters-count,kidney,45,68
multihop,rlens_64p,func-filters-count,kidney,52,2
multihop,jpp_64p,func-filters-count,kidney,8,197721
multihop,jpp_64p,func-filters-count,kidney,15,64139
multihop,jpp_64p,func-filters-count,kidney,22,7254
multihop,jpp_64p,func-filters-count,kidney,30,1118
multihop,jpp_64p,func-filters-count,kidney,38,192
multihop,jpp_64p,func-filters-count,kidney,45,17
multihop,jpp_64p,func-filters-count,kidney,52,2
multihop,logit,birthstone-emerald-month,May,8,20907
multihop,logit,birthstone-emerald-month,May,15,60320
multihop,logit,birthstone-emerald-month,May,22,7157
multihop,logit,birthstone-emerald-month,May,30,141
multihop,logit,birthstone-emerald-month,May,38,51
multihop,logit,birthstone-emerald-month,May,45,201
multihop,logit,birthstone-emerald-month,May,52,6
multihop,jlens_16p,birthstone-emerald-month,May,8,1333
multihop,jlens_16p,birthstone-emerald-month,May,15,222916
multihop,jlens_16p,birthstone-emerald-month,May,22,221255
multihop,jlens_16p,birthstone-emerald-month,May,30,210071
multihop,jlens_16p,birthstone-emerald-month,May,38,28878
multihop,jlens_16p,birthstone-emerald-month,May,45,3039
multihop,jlens_16p,birthstone-emerald-month,May,52,5
multihop,rlens_16p,birthstone-emerald-month,May,8,84480
multihop,rlens_16p,birthstone-emerald-month,May,15,118925
multihop,rlens_16p,birthstone-emerald-month,May,22,95674
multihop,rlens_16p,birthstone-emerald-month,May,30,29889
multihop,rlens_16p,birthstone-emerald-month,May,38,23831
multihop,rlens_16p,birthstone-emerald-month,May,45,558
multihop,rlens_16p,birthstone-emerald-month,May,52,5
multihop,rlens_64p,birthstone-emerald-month,May,8,82476
multihop,rlens_64p,birthstone-emerald-month,May,15,126596
multihop,rlens_64p,birthstone-emerald-month,May,22,77371
multihop,rlens_64p,birthstone-emerald-month,May,30,32739
multihop,rlens_64p,birthstone-emerald-month,May,38,27354
multihop,rlens_64p,birthstone-emerald-month,May,45,476
multihop,rlens_64p,birthstone-emerald-month,May,52,5
multihop,jpp_64p,birthstone-emerald-month,May,8,52527
multihop,jpp_64p,birthstone-emerald-month,May,15,109181
multihop,jpp_64p,birthstone-emerald-month,May,22,66780
multihop,jpp_64p,birthstone-emerald-month,May,30,28741
multihop,jpp_64p,birthstone-emerald-month,May,38,2259
multihop,jpp_64p,birthstone-emerald-month,May,45,296
multihop,jpp_64p,birthstone-emerald-month,May,52,6
multihop,logit,holiday-independence-monthnum,July,8,65882
multihop,logit,holiday-independence-monthnum,July,15,179317
multihop,logit,holiday-independence-monthnum,July,22,128002
multihop,logit,holiday-independence-monthnum,July,30,39
multihop,logit,holiday-independence-monthnum,July,38,20
multihop,logit,holiday-independence-monthnum,July,45,5
multihop,logit,holiday-independence-monthnum,July,52,1
multihop,jlens_16p,holiday-independence-monthnum,July,8,38016
multihop,jlens_16p,holiday-independence-monthnum,July,15,88198
multihop,jlens_16p,holiday-independence-monthnum,July,22,69859
multihop,jlens_16p,holiday-independence-monthnum,July,30,84777
multihop,jlens_16p,holiday-independence-monthnum,July,38,8982
multihop,jlens_16p,holiday-independence-monthnum,July,45,11
multihop,jlens_16p,holiday-independence-monthnum,July,52,1
multihop,rlens_16p,holiday-independence-monthnum,July,8,38186
multihop,rlens_16p,holiday-independence-monthnum,July,15,40933
multihop,rlens_16p,holiday-independence-monthnum,July,22,69680
multihop,rlens_16p,holiday-independence-monthnum,July,30,30393
multihop,rlens_16p,holiday-independence-monthnum,July,38,137
multihop,rlens_16p,holiday-independence-monthnum,July,45,1
multihop,rlens_16p,holiday-independence-monthnum,July,52,1
multihop,rlens_64p,holiday-independence-monthnum,July,8,37270
multihop,rlens_64p,holiday-independence-monthnum,July,15,40201
multihop,rlens_64p,holiday-independence-monthnum,July,22,76044
multihop,rlens_64p,holiday-independence-monthnum,July,30,46833
multihop,rlens_64p,holiday-independence-monthnum,July,38,361
multihop,rlens_64p,holiday-independence-monthnum,July,45,2
multihop,rlens_64p,holiday-independence-monthnum,July,52,1
multihop,jpp_64p,holiday-independence-monthnum,July,8,26955
multihop,jpp_64p,holiday-independence-monthnum,July,15,43397
multihop,jpp_64p,holiday-independence-monthnum,July,22,60001
multihop,jpp_64p,holiday-independence-monthnum,July,30,10223
multihop,jpp_64p,holiday-independence-monthnum,July,38,27
multihop,jpp_64p,holiday-independence-monthnum,July,45,1
multihop,jpp_64p,holiday-independence-monthnum,July,52,1
multihop,logit,holiday-christmas-monthnum,December,8,157006
multihop,logit,holiday-christmas-monthnum,December,15,145339
multihop,logit,holiday-christmas-monthnum,December,22,79924
multihop,logit,holiday-christmas-monthnum,December,30,5496
multihop,logit,holiday-christmas-monthnum,December,38,137139
multihop,logit,holiday-christmas-monthnum,December,45,77573
multihop,logit,holiday-christmas-monthnum,December,52,20567
multihop,jlens_16p,holiday-christmas-monthnum,December,8,142511
multihop,jlens_16p,holiday-christmas-monthnum,December,15,96927
multihop,jlens_16p,holiday-christmas-monthnum,December,22,138912
multihop,jlens_16p,holiday-christmas-monthnum,December,30,220892
multihop,jlens_16p,holiday-christmas-monthnum,December,38,249061
multihop,jlens_16p,holiday-christmas-monthnum,December,45,249135
multihop,jlens_16p,holiday-christmas-monthnum,December,52,231328
multihop,rlens_16p,holiday-christmas-monthnum,December,8,189093
multihop,rlens_16p,holiday-christmas-monthnum,December,15,204187
multihop,rlens_16p,holiday-christmas-monthnum,December,22,248428
multihop,rlens_16p,holiday-christmas-monthnum,December,30,252169
multihop,rlens_16p,holiday-christmas-monthnum,December,38,251329
multihop,rlens_16p,holiday-christmas-monthnum,December,45,250051
multihop,rlens_16p,holiday-christmas-monthnum,December,52,251466
multihop,rlens_64p,holiday-christmas-monthnum,December,8,182769
multihop,rlens_64p,holiday-christmas-monthnum,December,15,194382
multihop,rlens_64p,holiday-christmas-monthnum,December,22,245620
multihop,rlens_64p,holiday-christmas-monthnum,December,30,251782
multihop,rlens_64p,holiday-christmas-monthnum,December,38,252205
multihop,rlens_64p,holiday-christmas-monthnum,December,45,251077
multihop,rlens_64p,holiday-christmas-monthnum,December,52,251560
multihop,jpp_64p,holiday-christmas-monthnum,December,8,140141
multihop,jpp_64p,holiday-christmas-monthnum,December,15,227374
multihop,jpp_64p,holiday-christmas-monthnum,December,22,249216
multihop,jpp_64p,holiday-christmas-monthnum,December,30,252339
multihop,jpp_64p,holiday-christmas-monthnum,December,38,244887
multihop,jpp_64p,holiday-christmas-monthnum,December,45,249725
multihop,jpp_64p,holiday-christmas-monthnum,December,52,250469
multihop,logit,holiday-halloween-monthnum,October,8,124846
multihop,logit,holiday-halloween-monthnum,October,15,110534
multihop,logit,holiday-halloween-monthnum,October,22,76981
multihop,logit,holiday-halloween-monthnum,October,30,1783
multihop,logit,holiday-halloween-monthnum,October,38,26208
multihop,logit,holiday-halloween-monthnum,October,45,21893
multihop,logit,holiday-halloween-monthnum,October,52,14580
multihop,jlens_16p,holiday-halloween-monthnum,October,8,109859
multihop,jlens_16p,holiday-halloween-monthnum,October,15,124311
multihop,jlens_16p,holiday-halloween-monthnum,October,22,104450
multihop,jlens_16p,holiday-halloween-monthnum,October,30,199316
multihop,jlens_16p,holiday-halloween-monthnum,October,38,216203
multihop,jlens_16p,holiday-halloween-monthnum,October,45,214913
multihop,jlens_16p,holiday-halloween-monthnum,October,52,132704
multihop,rlens_16p,holiday-halloween-monthnum,October,8,51589
multihop,rlens_16p,holiday-halloween-monthnum,October,15,27871
multihop,rlens_16p,holiday-halloween-monthnum,October,22,118126
multihop,rlens_16p,holiday-halloween-monthnum,October,30,193148
multihop,rlens_16p,holiday-halloween-monthnum,October,38,166728
multihop,rlens_16p,holiday-halloween-monthnum,October,45,176558
multihop,rlens_16p,holiday-halloween-monthnum,October,52,135787
multihop,rlens_64p,holiday-halloween-monthnum,October,8,38355
multihop,rlens_64p,holiday-halloween-monthnum,October,15,13585
multihop,rlens_64p,holiday-halloween-monthnum,October,22,93246
multihop,rlens_64p,holiday-halloween-monthnum,October,30,194107
multihop,rlens_64p,holiday-halloween-monthnum,October,38,167648
multihop,rlens_64p,holiday-halloween-monthnum,October,45,168921
multihop,rlens_64p,holiday-halloween-monthnum,October,52,118404
multihop,jpp_64p,holiday-halloween-monthnum,October,8,31411
multihop,jpp_64p,holiday-halloween-monthnum,October,15,87709
multihop,jpp_64p,holiday-halloween-monthnum,October,22,81219
multihop,jpp_64p,holiday-halloween-monthnum,October,30,220649
multihop,jpp_64p,holiday-halloween-monthnum,October,38,136524
multihop,jpp_64p,holiday-halloween-monthnum,October,45,86958
multihop,jpp_64p,holiday-halloween-monthnum,October,52,138349
multihop,logit,etym-janus-monthnum,January,8,147117
multihop,logit,etym-janus-monthnum,January,15,116250
multihop,logit,etym-janus-monthnum,January,22,144016
multihop,logit,etym-janus-monthnum,January,30,161
multihop,logit,etym-janus-monthnum,January,38,56
multihop,logit,etym-janus-monthnum,January,45,6
multihop,logit,etym-janus-monthnum,January,52,1
multihop,jlens_16p,etym-janus-monthnum,January,8,141010
multihop,jlens_16p,etym-janus-monthnum,January,15,37744
multihop,jlens_16p,etym-janus-monthnum,January,22,37135
multihop,jlens_16p,etym-janus-monthnum,January,30,29906
multihop,jlens_16p,etym-janus-monthnum,January,38,2151
multihop,jlens_16p,etym-janus-monthnum,January,45,11
multihop,jlens_16p,etym-janus-monthnum,January,52,1
multihop,rlens_16p,etym-janus-monthnum,January,8,77802
multihop,rlens_16p,etym-janus-monthnum,January,15,75954
multihop,rlens_16p,etym-janus-monthnum,January,22,14125
multihop,rlens_16p,etym-janus-monthnum,January,30,32568
multihop,rlens_16p,etym-janus-monthnum,January,38,1394
multihop,rlens_16p,etym-janus-monthnum,January,45,3
multihop,rlens_16p,etym-janus-monthnum,January,52,1
multihop,rlens_64p,etym-janus-monthnum,January,8,71370
multihop,rlens_64p,etym-janus-monthnum,January,15,79494
multihop,rlens_64p,etym-janus-monthnum,January,22,20043
multihop,rlens_64p,etym-janus-monthnum,January,30,28640
multihop,rlens_64p,etym-janus-monthnum,January,38,1644
multihop,rlens_64p,etym-janus-monthnum,January,45,3
multihop,rlens_64p,etym-janus-monthnum,January,52,1
multihop,jpp_64p,etym-janus-monthnum,January,8,100821
multihop,jpp_64p,etym-janus-monthnum,January,15,131014
multihop,jpp_64p,etym-janus-monthnum,January,22,22644
multihop,jpp_64p,etym-janus-monthnum,January,30,6255
multihop,jpp_64p,etym-janus-monthnum,January,38,11
multihop,jpp_64p,etym-janus-monthnum,January,45,2
multihop,jpp_64p,etym-janus-monthnum,January,52,1
multihop,logit,etym-caesar-monthnum,July,8,37794
multihop,logit,etym-caesar-monthnum,July,15,93074
multihop,logit,etym-caesar-monthnum,July,22,58339
multihop,logit,etym-caesar-monthnum,July,30,1665
multihop,logit,etym-caesar-monthnum,July,38,46
multihop,logit,etym-caesar-monthnum,July,45,5
multihop,logit,etym-caesar-monthnum,July,52,1
multihop,jlens_16p,etym-caesar-monthnum,July,8,38249
multihop,jlens_16p,etym-caesar-monthnum,July,15,88611
multihop,jlens_16p,etym-caesar-monthnum,July,22,81131
multihop,jlens_16p,etym-caesar-monthnum,July,30,131814
multihop,jlens_16p,etym-caesar-monthnum,July,38,33008
multihop,jlens_16p,etym-caesar-monthnum,July,45,1
multihop,jlens_16p,etym-caesar-monthnum,July,52,1
multihop,rlens_16p,etym-caesar-monthnum,July,8,37411
multihop,rlens_16p,etym-caesar-monthnum,July,15,62577
multihop,rlens_16p,etym-caesar-monthnum,July,22,134379
multihop,rlens_16p,etym-caesar-monthnum,July,30,102854
multihop,rlens_16p,etym-caesar-monthnum,July,38,1006
multihop,rlens_16p,etym-caesar-monthnum,July,45,3
multihop,rlens_16p,etym-caesar-monthnum,July,52,1
multihop,rlens_64p,etym-caesar-monthnum,July,8,28211
multihop,rlens_64p,etym-caesar-monthnum,July,15,50680
multihop,rlens_64p,etym-caesar-monthnum,July,22,126403
multihop,rlens_64p,etym-caesar-monthnum,July,30,127374
multihop,rlens_64p,etym-caesar-monthnum,July,38,3118
multihop,rlens_64p,etym-caesar-monthnum,July,45,4
multihop,rlens_64p,etym-caesar-monthnum,July,52,1
multihop,jpp_64p,etym-caesar-monthnum,July,8,43104
multihop,jpp_64p,etym-caesar-monthnum,July,15,104578
multihop,jpp_64p,etym-caesar-monthnum,July,22,133308
multihop,jpp_64p,etym-caesar-monthnum,July,30,118912
multihop,jpp_64p,etym-caesar-monthnum,July,38,48
multihop,jpp_64p,etym-caesar-monthnum,July,45,8
multihop,jpp_64p,etym-caesar-monthnum,July,52,1
multihop,logit,inv-balloon-opposite,up,8,12963
multihop,logit,inv-balloon-opposite,up,15,30230
multihop,logit,inv-balloon-opposite,up,22,29090
multihop,logit,inv-balloon-opposite,up,30,3236
multihop,logit,inv-balloon-opposite,up,38,216
multihop,logit,inv-balloon-opposite,up,45,3
multihop,logit,inv-balloon-opposite,up,52,6
multihop,jlens_16p,inv-balloon-opposite,up,8,99933
multihop,jlens_16p,inv-balloon-opposite,up,15,30183
multihop,jlens_16p,inv-balloon-opposite,up,22,29278
multihop,jlens_16p,inv-balloon-opposite,up,30,11
multihop,jlens_16p,inv-balloon-opposite,up,38,9
multihop,jlens_16p,inv-balloon-opposite,up,45,4
multihop,jlens_16p,inv-balloon-opposite,up,52,38
multihop,rlens_16p,inv-balloon-opposite,up,8,60
multihop,rlens_16p,inv-balloon-opposite,up,15,252
multihop,rlens_16p,inv-balloon-opposite,up,22,625
multihop,rlens_16p,inv-balloon-opposite,up,30,18
multihop,rlens_16p,inv-balloon-opposite,up,38,35
multihop,rlens_16p,inv-balloon-opposite,up,45,10
multihop,rlens_16p,inv-balloon-opposite,up,52,88
multihop,rlens_64p,inv-balloon-opposite,up,8,95
multihop,rlens_64p,inv-balloon-opposite,up,15,419
multihop,rlens_64p,inv-balloon-opposite,up,22,510
multihop,rlens_64p,inv-balloon-opposite,up,30,19
multihop,rlens_64p,inv-balloon-opposite,up,38,50
multihop,rlens_64p,inv-balloon-opposite,up,45,14
multihop,rlens_64p,inv-balloon-opposite,up,52,100
multihop,jpp_64p,inv-balloon-opposite,up,8,92
multihop,jpp_64p,inv-balloon-opposite,up,15,951
multihop,jpp_64p,inv-balloon-opposite,up,22,1664
multihop,jpp_64p,inv-balloon-opposite,up,30,36
multihop,jpp_64p,inv-balloon-opposite,up,38,2309
multihop,jpp_64p,inv-balloon-opposite,up,45,253
multihop,jpp_64p,inv-balloon-opposite,up,52,144
multihop,logit,inv-roots-opposite,down,8,101623
multihop,logit,inv-roots-opposite,down,15,165388
multihop,logit,inv-roots-opposite,down,22,226633
multihop,logit,inv-roots-opposite,down,30,22406
multihop,logit,inv-roots-opposite,down,38,1115
multihop,logit,inv-roots-opposite,down,45,164
multihop,logit,inv-roots-opposite,down,52,76
multihop,jlens_16p,inv-roots-opposite,down,8,137186
multihop,jlens_16p,inv-roots-opposite,down,15,56867
multihop,jlens_16p,inv-roots-opposite,down,22,54600
multihop,jlens_16p,inv-roots-opposite,down,30,116667
multihop,jlens_16p,inv-roots-opposite,down,38,49026
multihop,jlens_16p,inv-roots-opposite,down,45,2108
multihop,jlens_16p,inv-roots-opposite,down,52,18
multihop,rlens_16p,inv-roots-opposite,down,8,87103
multihop,rlens_16p,inv-roots-opposite,down,15,110831
multihop,rlens_16p,inv-roots-opposite,down,22,87133
multihop,rlens_16p,inv-roots-opposite,down,30,72894
multihop,rlens_16p,inv-roots-opposite,down,38,5481
multihop,rlens_16p,inv-roots-opposite,down,45,261
multihop,rlens_16p,inv-roots-opposite,down,52,31
multihop,rlens_64p,inv-roots-opposite,down,8,97473
multihop,rlens_64p,inv-roots-opposite,down,15,128607
multihop,rlens_64p,inv-roots-opposite,down,22,102664
multihop,rlens_64p,inv-roots-opposite,down,30,92489
multihop,rlens_64p,inv-roots-opposite,down,38,11443
multihop,rlens_64p,inv-roots-opposite,down,45,304
multihop,rlens_64p,inv-roots-opposite,down,52,32
multihop,jpp_64p,inv-roots-opposite,down,8,7634
multihop,jpp_64p,inv-roots-opposite,down,15,55337
multihop,jpp_64p,inv-roots-opposite,down,22,38517
multihop,jpp_64p,inv-roots-opposite,down,30,29634
multihop,jpp_64p,inv-roots-opposite,down,38,4570
multihop,jpp_64p,inv-roots-opposite,down,45,92
multihop,jpp_64p,inv-roots-opposite,down,52,25
multihop,logit,rhyme-tree-squared,three,8,191612
multihop,logit,rhyme-tree-squared,three,15,230009
multihop,logit,rhyme-tree-squared,three,22,209238
multihop,logit,rhyme-tree-squared,three,30,228
multihop,logit,rhyme-tree-squared,three,38,108
multihop,logit,rhyme-tree-squared,three,45,27
multihop,logit,rhyme-tree-squared,three,52,3472
multihop,jlens_16p,rhyme-tree-squared,three,8,22681
multihop,jlens_16p,rhyme-tree-squared,three,15,84368
multihop,jlens_16p,rhyme-tree-squared,three,22,80945
multihop,jlens_16p,rhyme-tree-squared,three,30,40159
multihop,jlens_16p,rhyme-tree-squared,three,38,5212
multihop,jlens_16p,rhyme-tree-squared,three,45,211
multihop,jlens_16p,rhyme-tree-squared,three,52,155
multihop,rlens_16p,rhyme-tree-squared,three,8,99426
multihop,rlens_16p,rhyme-tree-squared,three,15,8855
multihop,rlens_16p,rhyme-tree-squared,three,22,692
multihop,rlens_16p,rhyme-tree-squared,three,30,1683
multihop,rlens_16p,rhyme-tree-squared,three,38,817
multihop,rlens_16p,rhyme-tree-squared,three,45,13
multihop,rlens_16p,rhyme-tree-squared,three,52,116
multihop,rlens_64p,rhyme-tree-squared,three,8,69358
multihop,rlens_64p,rhyme-tree-squared,three,15,7639
multihop,rlens_64p,rhyme-tree-squared,three,22,432
multihop,rlens_64p,rhyme-tree-squared,three,30,1623
multihop,rlens_64p,rhyme-tree-squared,three,38,1283
multihop,rlens_64p,rhyme-tree-squared,three,45,14
multihop,rlens_64p,rhyme-tree-squared,three,52,114
multihop,jpp_64p,rhyme-tree-squared,three,8,93444
multihop,jpp_64p,rhyme-tree-squared,three,15,3510
multihop,jpp_64p,rhyme-tree-squared,three,22,311
multihop,jpp_64p,rhyme-tree-squared,three,30,2781
multihop,jpp_64p,rhyme-tree-squared,three,38,4543
multihop,jpp_64p,rhyme-tree-squared,three,45,24
multihop,jpp_64p,rhyme-tree-squared,three,52,133
multihop,logit,rhyme-hive-plusone,five,8,114937
multihop,logit,rhyme-hive-plusone,five,15,153971
multihop,logit,rhyme-hive-plusone,five,22,93082
multihop,logit,rhyme-hive-plusone,five,30,1267
multihop,logit,rhyme-hive-plusone,five,38,24
multihop,logit,rhyme-hive-plusone,five,45,12
multihop,logit,rhyme-hive-plusone,five,52,6
multihop,jlens_16p,rhyme-hive-plusone,five,8,16843
multihop,jlens_16p,rhyme-hive-plusone,five,15,54729
multihop,jlens_16p,rhyme-hive-plusone,five,22,55364
multihop,jlens_16p,rhyme-hive-plusone,five,30,69805
multihop,jlens_16p,rhyme-hive-plusone,five,38,574
multihop,jlens_16p,rhyme-hive-plusone,five,45,142
multihop,jlens_16p,rhyme-hive-plusone,five,52,1
multihop,rlens_16p,rhyme-hive-plusone,five,8,43369
multihop,rlens_16p,rhyme-hive-plusone,five,15,2715
multihop,rlens_16p,rhyme-hive-plusone,five,22,130
multihop,rlens_16p,rhyme-hive-plusone,five,30,4985
multihop,rlens_16p,rhyme-hive-plusone,five,38,105
multihop,rlens_16p,rhyme-hive-plusone,five,45,75
multihop,rlens_16p,rhyme-hive-plusone,five,52,6
multihop,rlens_64p,rhyme-hive-plusone,five,8,27104
multihop,rlens_64p,rhyme-hive-plusone,five,15,1656
multihop,rlens_64p,rhyme-hive-plusone,five,22,52
multihop,rlens_64p,rhyme-hive-plusone,five,30,5038
multihop,rlens_64p,rhyme-hive-plusone,five,38,156
multihop,rlens_64p,rhyme-hive-plusone,five,45,60
multihop,rlens_64p,rhyme-hive-plusone,five,52,7
multihop,jpp_64p,rhyme-hive-plusone,five,8,94966
multihop,jpp_64p,rhyme-hive-plusone,five,15,874
multihop,jpp_64p,rhyme-hive-plusone,five,22,197
multihop,jpp_64p,rhyme-hive-plusone,five,30,5694
multihop,jpp_64p,rhyme-hive-plusone,five,38,784
multihop,jpp_64p,rhyme-hive-plusone,five,45,28
multihop,jpp_64p,rhyme-hive-plusone,five,52,2
multihop,logit,firstletter-halloween-month,October,8,165915
multihop,logit,firstletter-halloween-month,October,15,152110
multihop,logit,firstletter-halloween-month,October,22,82562
multihop,logit,firstletter-halloween-month,October,30,11421
multihop,logit,firstletter-halloween-month,October,38,3284
multihop,logit,firstletter-halloween-month,October,45,8
multihop,logit,firstletter-halloween-month,October,52,1
multihop,jlens_16p,firstletter-halloween-month,October,8,109095
multihop,jlens_16p,firstletter-halloween-month,October,15,124014
multihop,jlens_16p,firstletter-halloween-month,October,22,124847
multihop,jlens_16p,firstletter-halloween-month,October,30,225687
multihop,jlens_16p,firstletter-halloween-month,October,38,218244
multihop,jlens_16p,firstletter-halloween-month,October,45,180821
multihop,jlens_16p,firstletter-halloween-month,October,52,1
multihop,rlens_16p,firstletter-halloween-month,October,8,248732
multihop,rlens_16p,firstletter-halloween-month,October,15,247424
multihop,rlens_16p,firstletter-halloween-month,October,22,242073
multihop,rlens_16p,firstletter-halloween-month,October,30,221059
multihop,rlens_16p,firstletter-halloween-month,October,38,151642
multihop,rlens_16p,firstletter-halloween-month,October,45,21293
multihop,rlens_16p,firstletter-halloween-month,October,52,1
multihop,rlens_64p,firstletter-halloween-month,October,8,246125
multihop,rlens_64p,firstletter-halloween-month,October,15,244420
multihop,rlens_64p,firstletter-halloween-month,October,22,240425
multihop,rlens_64p,firstletter-halloween-month,October,30,228815
multihop,rlens_64p,firstletter-halloween-month,October,38,171328
multihop,rlens_64p,firstletter-halloween-month,October,45,24775
multihop,rlens_64p,firstletter-halloween-month,October,52,1
multihop,jpp_64p,firstletter-halloween-month,October,8,234507
multihop,jpp_64p,firstletter-halloween-month,October,15,243603
multihop,jpp_64p,firstletter-halloween-month,October,22,234995
multihop,jpp_64p,firstletter-halloween-month,October,30,168349
multihop,jpp_64p,firstletter-halloween-month,October,38,29388
multihop,jpp_64p,firstletter-halloween-month,October,45,1065
multihop,jpp_64p,firstletter-halloween-month,October,52,1
multihop,logit,pred-valentines-prevmonth,February,8,80274
multihop,logit,pred-valentines-prevmonth,February,15,91325
multihop,logit,pred-valentines-prevmonth,February,22,83628
multihop,logit,pred-valentines-prevmonth,February,30,39198
multihop,logit,pred-valentines-prevmonth,February,38,3250
multihop,logit,pred-valentines-prevmonth,February,45,31
multihop,logit,pred-valentines-prevmonth,February,52,2
multihop,jlens_16p,pred-valentines-prevmonth,February,8,126324
multihop,jlens_16p,pred-valentines-prevmonth,February,15,3059
multihop,jlens_16p,pred-valentines-prevmonth,February,22,3016
multihop,jlens_16p,pred-valentines-prevmonth,February,30,91255
multihop,jlens_16p,pred-valentines-prevmonth,February,38,72530
multihop,jlens_16p,pred-valentines-prevmonth,February,45,41597
multihop,jlens_16p,pred-valentines-prevmonth,February,52,5
multihop,rlens_16p,pred-valentines-prevmonth,February,8,189371
multihop,rlens_16p,pred-valentines-prevmonth,February,15,219697
multihop,rlens_16p,pred-valentines-prevmonth,February,22,220523
multihop,rlens_16p,pred-valentines-prevmonth,February,30,207387
multihop,rlens_16p,pred-valentines-prevmonth,February,38,114129
multihop,rlens_16p,pred-valentines-prevmonth,February,45,7551
multihop,rlens_16p,pred-valentines-prevmonth,February,52,3
multihop,rlens_64p,pred-valentines-prevmonth,February,8,189154
multihop,rlens_64p,pred-valentines-prevmonth,February,15,221534
multihop,rlens_64p,pred-valentines-prevmonth,February,22,223220
multihop,rlens_64p,pred-valentines-prevmonth,February,30,203399
multihop,rlens_64p,pred-valentines-prevmonth,February,38,112731
multihop,rlens_64p,pred-valentines-prevmonth,February,45,8579
multihop,rlens_64p,pred-valentines-prevmonth,February,52,3
multihop,jpp_64p,pred-valentines-prevmonth,February,8,181145
multihop,jpp_64p,pred-valentines-prevmonth,February,15,240904
multihop,jpp_64p,pred-valentines-prevmonth,February,22,223959
multihop,jpp_64p,pred-valentines-prevmonth,February,30,175367
multihop,jpp_64p,pred-valentines-prevmonth,February,38,48922
multihop,jpp_64p,pred-valentines-prevmonth,February,45,888
multihop,jpp_64p,pred-valentines-prevmonth,February,52,3
multihop,logit,dual-stars-visible-opposite,night,8,166121
multihop,logit,dual-stars-visible-opposite,night,15,169271
multihop,logit,dual-stars-visible-opposite,night,22,130361
multihop,logit,dual-stars-visible-opposite,night,30,763
multihop,logit,dual-stars-visible-opposite,night,38,286
multihop,logit,dual-stars-visible-opposite,night,45,45
multihop,logit,dual-stars-visible-opposite,night,52,102
multihop,jlens_16p,dual-stars-visible-opposite,night,8,24961
multihop,jlens_16p,dual-stars-visible-opposite,night,15,78828
multihop,jlens_16p,dual-stars-visible-opposite,night,22,80281
multihop,jlens_16p,dual-stars-visible-opposite,night,30,81792
multihop,jlens_16p,dual-stars-visible-opposite,night,38,24876
multihop,jlens_16p,dual-stars-visible-opposite,night,45,6425
multihop,jlens_16p,dual-stars-visible-opposite,night,52,69
multihop,rlens_16p,dual-stars-visible-opposite,night,8,43358
multihop,rlens_16p,dual-stars-visible-opposite,night,15,61345
multihop,rlens_16p,dual-stars-visible-opposite,night,22,27901
multihop,rlens_16p,dual-stars-visible-opposite,night,30,38931
multihop,rlens_16p,dual-stars-visible-opposite,night,38,5992
multihop,rlens_16p,dual-stars-visible-opposite,night,45,252
multihop,rlens_16p,dual-stars-visible-opposite,night,52,107
multihop,rlens_64p,dual-stars-visible-opposite,night,8,56238
multihop,rlens_64p,dual-stars-visible-opposite,night,15,72624
multihop,rlens_64p,dual-stars-visible-opposite,night,22,33581
multihop,rlens_64p,dual-stars-visible-opposite,night,30,33729
multihop,rlens_64p,dual-stars-visible-opposite,night,38,3867
multihop,rlens_64p,dual-stars-visible-opposite,night,45,172
multihop,rlens_64p,dual-stars-visible-opposite,night,52,113
multihop,jpp_64p,dual-stars-visible-opposite,night,8,7064
multihop,jpp_64p,dual-stars-visible-opposite,night,15,24044
multihop,jpp_64p,dual-stars-visible-opposite,night,22,11062
multihop,jpp_64p,dual-stars-visible-opposite,night,30,26455
multihop,jpp_64p,dual-stars-visible-opposite,night,38,177
multihop,jpp_64p,dual-stars-visible-opposite,night,45,46
multihop,jpp_64p,dual-stars-visible-opposite,night,52,98
multihop,logit,dual-photosynthesis-opposite,day,8,129552
multihop,logit,dual-photosynthesis-opposite,day,15,224276
multihop,logit,dual-photosynthesis-opposite,day,22,200971
multihop,logit,dual-photosynthesis-opposite,day,30,11287
multihop,logit,dual-photosynthesis-opposite,day,38,2035
multihop,logit,dual-photosynthesis-opposite,day,45,389
multihop,logit,dual-photosynthesis-opposite,day,52,307
multihop,jlens_16p,dual-photosynthesis-opposite,day,8,149753
multihop,jlens_16p,dual-photosynthesis-opposite,day,15,26586
multihop,jlens_16p,dual-photosynthesis-opposite,day,22,19595
multihop,jlens_16p,dual-photosynthesis-opposite,day,30,50110
multihop,jlens_16p,dual-photosynthesis-opposite,day,38,11066
multihop,jlens_16p,dual-photosynthesis-opposite,day,45,21525
multihop,jlens_16p,dual-photosynthesis-opposite,day,52,890
multihop,rlens_16p,dual-photosynthesis-opposite,day,8,180426
multihop,rlens_16p,dual-photosynthesis-opposite,day,15,183419
multihop,rlens_16p,dual-photosynthesis-opposite,day,22,137194
multihop,rlens_16p,dual-photosynthesis-opposite,day,30,163509
multihop,rlens_16p,dual-photosynthesis-opposite,day,38,74449
multihop,rlens_16p,dual-photosynthesis-opposite,day,45,6373
multihop,rlens_16p,dual-photosynthesis-opposite,day,52,260
multihop,rlens_64p,dual-photosynthesis-opposite,day,8,188259
multihop,rlens_64p,dual-photosynthesis-opposite,day,15,186199
multihop,rlens_64p,dual-photosynthesis-opposite,day,22,131674
multihop,rlens_64p,dual-photosynthesis-opposite,day,30,165388
multihop,rlens_64p,dual-photosynthesis-opposite,day,38,93150
multihop,rlens_64p,dual-photosynthesis-opposite,day,45,7596
multihop,rlens_64p,dual-photosynthesis-opposite,day,52,300
multihop,jpp_64p,dual-photosynthesis-opposite,day,8,99562
multihop,jpp_64p,dual-photosynthesis-opposite,day,15,119118
multihop,jpp_64p,dual-photosynthesis-opposite,day,22,86391
multihop,jpp_64p,dual-photosynthesis-opposite,day,30,105428
multihop,jpp_64p,dual-photosynthesis-opposite,day,38,59467
multihop,jpp_64p,dual-photosynthesis-opposite,day,45,817
multihop,jpp_64p,dual-photosynthesis-opposite,day,52,184
multihop,logit,double-dice-faces,6,8,253219
multihop,logit,double-dice-faces,six,8,52598
multihop,logit,double-dice-faces,6,15,252055
multihop,logit,double-dice-faces,six,15,183706
multihop,logit,double-dice-faces,6,22,252975
multihop,logit,double-dice-faces,six,22,140231
multihop,logit,double-dice-faces,6,30,4832
multihop,logit,double-dice-faces,six,30,19
multihop,logit,double-dice-faces,6,38,1836
multihop,logit,double-dice-faces,six,38,14
multihop,logit,double-dice-faces,6,45,63
multihop,logit,double-dice-faces,six,45,5
multihop,logit,double-dice-faces,6,52,63
multihop,logit,double-dice-faces,six,52,4
multihop,jlens_16p,double-dice-faces,6,8,20528
multihop,jlens_16p,double-dice-faces,six,8,25072
multihop,jlens_16p,double-dice-faces,6,15,233213
multihop,jlens_16p,double-dice-faces,six,15,58746
multihop,jlens_16p,double-dice-faces,6,22,233119
multihop,jlens_16p,double-dice-faces,six,22,58652
multihop,jlens_16p,double-dice-faces,6,30,211415
multihop,jlens_16p,double-dice-faces,six,30,127476
multihop,jlens_16p,double-dice-faces,6,38,21608
multihop,jlens_16p,double-dice-faces,six,38,4509
multihop,jlens_16p,double-dice-faces,6,45,33632
multihop,jlens_16p,double-dice-faces,six,45,22
multihop,jlens_16p,double-dice-faces,6,52,1
multihop,jlens_16p,double-dice-faces,six,52,2
multihop,rlens_16p,double-dice-faces,6,8,68354
multihop,rlens_16p,double-dice-faces,six,8,69263
multihop,rlens_16p,double-dice-faces,6,15,55952
multihop,rlens_16p,double-dice-faces,six,15,12295
multihop,rlens_16p,double-dice-faces,6,22,18647
multihop,rlens_16p,double-dice-faces,six,22,3557
multihop,rlens_16p,double-dice-faces,6,30,2922
multihop,rlens_16p,double-dice-faces,six,30,160
multihop,rlens_16p,double-dice-faces,6,38,2658
multihop,rlens_16p,double-dice-faces,six,38,6
multihop,rlens_16p,double-dice-faces,6,45,47
multihop,rlens_16p,double-dice-faces,six,45,2
multihop,rlens_16p,double-dice-faces,6,52,2
multihop,rlens_16p,double-dice-faces,six,52,2
multihop,rlens_64p,double-dice-faces,6,8,51700
multihop,rlens_64p,double-dice-faces,six,8,63958
multihop,rlens_64p,double-dice-faces,6,15,51365
multihop,rlens_64p,double-dice-faces,six,15,11913
multihop,rlens_64p,double-dice-faces,6,22,13800
multihop,rlens_64p,double-dice-faces,six,22,2582
multihop,rlens_64p,double-dice-faces,6,30,4534
multihop,rlens_64p,double-dice-faces,six,30,160
multihop,rlens_64p,double-dice-faces,6,38,5722
multihop,rlens_64p,double-dice-faces,six,38,8
multihop,rlens_64p,double-dice-faces,6,45,49
multihop,rlens_64p,double-dice-faces,six,45,2
multihop,rlens_64p,double-dice-faces,6,52,2
multihop,rlens_64p,double-dice-faces,six,52,3
multihop,jpp_64p,double-dice-faces,6,8,181359
multihop,jpp_64p,double-dice-faces,six,8,147361
multihop,jpp_64p,double-dice-faces,6,15,67064
multihop,jpp_64p,double-dice-faces,six,15,6313
multihop,jpp_64p,double-dice-faces,6,22,12607
multihop,jpp_64p,double-dice-faces,six,22,3373
multihop,jpp_64p,double-dice-faces,6,30,8077
multihop,jpp_64p,double-dice-faces,six,30,99
multihop,jpp_64p,double-dice-faces,6,38,592
multihop,jpp_64p,double-dice-faces,six,38,22
multihop,jpp_64p,double-dice-faces,6,45,8
multihop,jpp_64p,double-dice-faces,six,45,1
multihop,jpp_64p,double-dice-faces,6,52,1
multihop,jpp_64p,double-dice-faces,six,52,2
multihop,logit,letterpos-oxygen-symbol,O,8,7731
multihop,logit,letterpos-oxygen-symbol,O,15,13879
multihop,logit,letterpos-oxygen-symbol,O,22,6626
multihop,logit,letterpos-oxygen-symbol,O,30,47
multihop,logit,letterpos-oxygen-symbol,O,38,830
multihop,logit,letterpos-oxygen-symbol,O,45,26
multihop,logit,letterpos-oxygen-symbol,O,52,40
multihop,jlens_16p,letterpos-oxygen-symbol,O,8,78405
multihop,jlens_16p,letterpos-oxygen-symbol,O,15,25260
multihop,jlens_16p,letterpos-oxygen-symbol,O,22,25073
multihop,jlens_16p,letterpos-oxygen-symbol,O,30,80481
multihop,jlens_16p,letterpos-oxygen-symbol,O,38,10150
multihop,jlens_16p,letterpos-oxygen-symbol,O,45,6677
multihop,jlens_16p,letterpos-oxygen-symbol,O,52,53
multihop,rlens_16p,letterpos-oxygen-symbol,O,8,194382
multihop,rlens_16p,letterpos-oxygen-symbol,O,15,84884
multihop,rlens_16p,letterpos-oxygen-symbol,O,22,108632
multihop,rlens_16p,letterpos-oxygen-symbol,O,30,59235
multihop,rlens_16p,letterpos-oxygen-symbol,O,38,11084
multihop,rlens_16p,letterpos-oxygen-symbol,O,45,625
multihop,rlens_16p,letterpos-oxygen-symbol,O,52,25
multihop,rlens_64p,letterpos-oxygen-symbol,O,8,178244
multihop,rlens_64p,letterpos-oxygen-symbol,O,15,87975
multihop,rlens_64p,letterpos-oxygen-symbol,O,22,89038
multihop,rlens_64p,letterpos-oxygen-symbol,O,30,65271
multihop,rlens_64p,letterpos-oxygen-symbol,O,38,11953
multihop,rlens_64p,letterpos-oxygen-symbol,O,45,650
multihop,rlens_64p,letterpos-oxygen-symbol,O,52,24
multihop,jpp_64p,letterpos-oxygen-symbol,O,8,34252
multihop,jpp_64p,letterpos-oxygen-symbol,O,15,11844
multihop,jpp_64p,letterpos-oxygen-symbol,O,22,12169
multihop,jpp_64p,letterpos-oxygen-symbol,O,30,3967
multihop,jpp_64p,letterpos-oxygen-symbol,O,38,2993
multihop,jpp_64p,letterpos-oxygen-symbol,O,45,43
multihop,jpp_64p,letterpos-oxygen-symbol,O,52,15
multihop,logit,letterpos-carbon-symbol,C,8,21004
multihop,logit,letterpos-carbon-symbol,C,15,166485
multihop,logit,letterpos-carbon-symbol,C,22,111839
multihop,logit,letterpos-carbon-symbol,C,30,94
multihop,logit,letterpos-carbon-symbol,C,38,374
multihop,logit,letterpos-carbon-symbol,C,45,5
multihop,logit,letterpos-carbon-symbol,C,52,15988
multihop,jlens_16p,letterpos-carbon-symbol,C,8,4252
multihop,jlens_16p,letterpos-carbon-symbol,C,15,85727
multihop,jlens_16p,letterpos-carbon-symbol,C,22,86007
multihop,jlens_16p,letterpos-carbon-symbol,C,30,153191
multihop,jlens_16p,letterpos-carbon-symbol,C,38,88679
multihop,jlens_16p,letterpos-carbon-symbol,C,45,152951
multihop,jlens_16p,letterpos-carbon-symbol,C,52,2432
multihop,rlens_16p,letterpos-carbon-symbol,C,8,94250
multihop,rlens_16p,letterpos-carbon-symbol,C,15,42858
multihop,rlens_16p,letterpos-carbon-symbol,C,22,69940
multihop,rlens_16p,letterpos-carbon-symbol,C,30,86523
multihop,rlens_16p,letterpos-carbon-symbol,C,38,310
multihop,rlens_16p,letterpos-carbon-symbol,C,45,35992
multihop,rlens_16p,letterpos-carbon-symbol,C,52,13025
multihop,rlens_64p,letterpos-carbon-symbol,C,8,97782
multihop,rlens_64p,letterpos-carbon-symbol,C,15,49643
multihop,rlens_64p,letterpos-carbon-symbol,C,22,50694
multihop,rlens_64p,letterpos-carbon-symbol,C,30,62624
multihop,rlens_64p,letterpos-carbon-symbol,C,38,82
multihop,rlens_64p,letterpos-carbon-symbol,C,45,37510
multihop,rlens_64p,letterpos-carbon-symbol,C,52,9354
multihop,jpp_64p,letterpos-carbon-symbol,C,8,124880
multihop,jpp_64p,letterpos-carbon-symbol,C,15,21721
multihop,jpp_64p,letterpos-carbon-symbol,C,22,74692
multihop,jpp_64p,letterpos-carbon-symbol,C,30,4395
multihop,jpp_64p,letterpos-carbon-symbol,C,38,158
multihop,jpp_64p,letterpos-carbon-symbol,C,45,95927
multihop,jpp_64p,letterpos-carbon-symbol,C,52,10162
multihop,logit,letterpos-nitrogen-symbol,N,8,9904
multihop,logit,letterpos-nitrogen-symbol,N,15,106200
multihop,logit,letterpos-nitrogen-symbol,N,22,29066
multihop,logit,letterpos-nitrogen-symbol,N,30,51
multihop,logit,letterpos-nitrogen-symbol,N,38,56
multihop,logit,letterpos-nitrogen-symbol,N,45,127
multihop,logit,letterpos-nitrogen-symbol,N,52,961
multihop,jlens_16p,letterpos-nitrogen-symbol,N,8,12652
multihop,jlens_16p,letterpos-nitrogen-symbol,N,15,54870
multihop,jlens_16p,letterpos-nitrogen-symbol,N,22,54368
multihop,jlens_16p,letterpos-nitrogen-symbol,N,30,78586
multihop,jlens_16p,letterpos-nitrogen-symbol,N,38,20273
multihop,jlens_16p,letterpos-nitrogen-symbol,N,45,90375
multihop,jlens_16p,letterpos-nitrogen-symbol,N,52,1312
multihop,rlens_16p,letterpos-nitrogen-symbol,N,8,81827
multihop,rlens_16p,letterpos-nitrogen-symbol,N,15,21891
multihop,rlens_16p,letterpos-nitrogen-symbol,N,22,25742
multihop,rlens_16p,letterpos-nitrogen-symbol,N,30,3439
multihop,rlens_16p,letterpos-nitrogen-symbol,N,38,75
multihop,rlens_16p,letterpos-nitrogen-symbol,N,45,5966
multihop,rlens_16p,letterpos-nitrogen-symbol,N,52,1316
multihop,rlens_64p,letterpos-nitrogen-symbol,N,8,87036
multihop,rlens_64p,letterpos-nitrogen-symbol,N,15,26965
multihop,rlens_64p,letterpos-nitrogen-symbol,N,22,21225
multihop,rlens_64p,letterpos-nitrogen-symbol,N,30,2889
multihop,rlens_64p,letterpos-nitrogen-symbol,N,38,59
multihop,rlens_64p,letterpos-nitrogen-symbol,N,45,5317
multihop,rlens_64p,letterpos-nitrogen-symbol,N,52,802
multihop,jpp_64p,letterpos-nitrogen-symbol,N,8,89800
multihop,jpp_64p,letterpos-nitrogen-symbol,N,15,20264
multihop,jpp_64p,letterpos-nitrogen-symbol,N,22,51587
multihop,jpp_64p,letterpos-nitrogen-symbol,N,30,188
multihop,jpp_64p,letterpos-nitrogen-symbol,N,38,52
multihop,jpp_64p,letterpos-nitrogen-symbol,N,45,12648
multihop,jpp_64p,letterpos-nitrogen-symbol,N,52,741
multihop,logit,dbl-altitude-antonym,high,8,178701
multihop,logit,dbl-altitude-antonym,high,15,152142
multihop,logit,dbl-altitude-antonym,high,22,142369
multihop,logit,dbl-altitude-antonym,high,30,3067
multihop,logit,dbl-altitude-antonym,high,38,749
multihop,logit,dbl-altitude-antonym,high,45,129
multihop,logit,dbl-altitude-antonym,high,52,402
multihop,jlens_16p,dbl-altitude-antonym,high,8,10812
multihop,jlens_16p,dbl-altitude-antonym,high,15,149854
multihop,jlens_16p,dbl-altitude-antonym,high,22,149437
multihop,jlens_16p,dbl-altitude-antonym,high,30,47882
multihop,jlens_16p,dbl-altitude-antonym,high,38,28997
multihop,jlens_16p,dbl-altitude-antonym,high,45,378
multihop,jlens_16p,dbl-altitude-antonym,high,52,217
multihop,rlens_16p,dbl-altitude-antonym,high,8,39819
multihop,rlens_16p,dbl-altitude-antonym,high,15,15950
multihop,rlens_16p,dbl-altitude-antonym,high,22,2249
multihop,rlens_16p,dbl-altitude-antonym,high,30,8535
multihop,rlens_16p,dbl-altitude-antonym,high,38,1879
multihop,rlens_16p,dbl-altitude-antonym,high,45,36
multihop,rlens_16p,dbl-altitude-antonym,high,52,145
multihop,rlens_64p,dbl-altitude-antonym,high,8,35780
multihop,rlens_64p,dbl-altitude-antonym,high,15,18158
multihop,rlens_64p,dbl-altitude-antonym,high,22,1543
multihop,rlens_64p,dbl-altitude-antonym,high,30,7896
multihop,rlens_64p,dbl-altitude-antonym,high,38,1594
multihop,rlens_64p,dbl-altitude-antonym,high,45,28
multihop,rlens_64p,dbl-altitude-antonym,high,52,121
multihop,jpp_64p,dbl-altitude-antonym,high,8,91921
multihop,jpp_64p,dbl-altitude-antonym,high,15,24908
multihop,jpp_64p,dbl-altitude-antonym,high,22,3168
multihop,jpp_64p,dbl-altitude-antonym,high,30,15664
multihop,jpp_64p,dbl-altitude-antonym,high,38,37835
multihop,jpp_64p,dbl-altitude-antonym,high,45,108
multihop,jpp_64p,dbl-altitude-antonym,high,52,217
multilingual,logit,japanese-day-monday,Japanese,8,21087
multilingual,logit,japanese-day-monday,day,8,3330
multilingual,logit,japanese-day-monday,Monday,8,24803
multilingual,logit,japanese-day-monday,Tuesday,8,39615
multilingual,logit,japanese-day-monday,Japanese,15,28150
multilingual,logit,japanese-day-monday,day,15,20436
multilingual,logit,japanese-day-monday,Monday,15,18858
multilingual,logit,japanese-day-monday,Tuesday,15,20098
multilingual,logit,japanese-day-monday,Japanese,22,12478
multilingual,logit,japanese-day-monday,day,22,24181
multilingual,logit,japanese-day-monday,Monday,22,10342
multilingual,logit,japanese-day-monday,Tuesday,22,11581
multilingual,logit,japanese-day-monday,Japanese,30,1033
multilingual,logit,japanese-day-monday,day,30,45
multilingual,logit,japanese-day-monday,Monday,30,112
multilingual,logit,japanese-day-monday,Tuesday,30,106
multilingual,logit,japanese-day-monday,Japanese,38,753
multilingual,logit,japanese-day-monday,day,38,23
multilingual,logit,japanese-day-monday,Monday,38,175
multilingual,logit,japanese-day-monday,Tuesday,38,159
multilingual,logit,japanese-day-monday,Japanese,45,913
multilingual,logit,japanese-day-monday,day,45,82
multilingual,logit,japanese-day-monday,Monday,45,15
multilingual,logit,japanese-day-monday,Tuesday,45,4
multilingual,logit,japanese-day-monday,Japanese,52,62353
multilingual,logit,japanese-day-monday,day,52,9443
multilingual,logit,japanese-day-monday,Monday,52,19
multilingual,logit,japanese-day-monday,Tuesday,52,1
multilingual,jlens_16p,japanese-day-monday,Japanese,8,86005
multilingual,jlens_16p,japanese-day-monday,day,8,149890
multilingual,jlens_16p,japanese-day-monday,Monday,8,120213
multilingual,jlens_16p,japanese-day-monday,Tuesday,8,198075
multilingual,jlens_16p,japanese-day-monday,Japanese,15,90841
multilingual,jlens_16p,japanese-day-monday,day,15,26370
multilingual,jlens_16p,japanese-day-monday,Monday,15,51929
multilingual,jlens_16p,japanese-day-monday,Tuesday,15,35406
multilingual,jlens_16p,japanese-day-monday,Japanese,22,91550
multilingual,jlens_16p,japanese-day-monday,day,22,24741
multilingual,jlens_16p,japanese-day-monday,Monday,22,52869
multilingual,jlens_16p,japanese-day-monday,Tuesday,22,36484
multilingual,jlens_16p,japanese-day-monday,Japanese,30,12712
multilingual,jlens_16p,japanese-day-monday,day,30,9929
multilingual,jlens_16p,japanese-day-monday,Monday,30,13170
multilingual,jlens_16p,japanese-day-monday,Tuesday,30,78307
multilingual,jlens_16p,japanese-day-monday,Japanese,38,19184
multilingual,jlens_16p,japanese-day-monday,day,38,247
multilingual,jlens_16p,japanese-day-monday,Monday,38,54
multilingual,jlens_16p,japanese-day-monday,Tuesday,38,2208
multilingual,jlens_16p,japanese-day-monday,Japanese,45,5256
multilingual,jlens_16p,japanese-day-monday,day,45,861
multilingual,jlens_16p,japanese-day-monday,Monday,45,3
multilingual,jlens_16p,japanese-day-monday,Tuesday,45,1
multilingual,jlens_16p,japanese-day-monday,Japanese,52,3531
multilingual,jlens_16p,japanese-day-monday,day,52,439
multilingual,jlens_16p,japanese-day-monday,Monday,52,8
multilingual,jlens_16p,japanese-day-monday,Tuesday,52,1
multilingual,rlens_16p,japanese-day-monday,Japanese,8,988
multilingual,rlens_16p,japanese-day-monday,day,8,105
multilingual,rlens_16p,japanese-day-monday,Monday,8,3074
multilingual,rlens_16p,japanese-day-monday,Tuesday,8,37593
multilingual,rlens_16p,japanese-day-monday,Japanese,15,1909
multilingual,rlens_16p,japanese-day-monday,day,15,10
multilingual,rlens_16p,japanese-day-monday,Monday,15,6316
multilingual,rlens_16p,japanese-day-monday,Tuesday,15,38360
multilingual,rlens_16p,japanese-day-monday,Japanese,22,2127
multilingual,rlens_16p,japanese-day-monday,day,22,6
multilingual,rlens_16p,japanese-day-monday,Monday,22,1864
multilingual,rlens_16p,japanese-day-monday,Tuesday,22,23822
multilingual,rlens_16p,japanese-day-monday,Japanese,30,4424
multilingual,rlens_16p,japanese-day-monday,day,30,13
multilingual,rlens_16p,japanese-day-monday,Monday,30,520
multilingual,rlens_16p,japanese-day-monday,Tuesday,30,13092
multilingual,rlens_16p,japanese-day-monday,Japanese,38,3264
multilingual,rlens_16p,japanese-day-monday,day,38,6
multilingual,rlens_16p,japanese-day-monday,Monday,38,15
multilingual,rlens_16p,japanese-day-monday,Tuesday,38,49
multilingual,rlens_16p,japanese-day-monday,Japanese,45,756
multilingual,rlens_16p,japanese-day-monday,day,45,78
multilingual,rlens_16p,japanese-day-monday,Monday,45,7
multilingual,rlens_16p,japanese-day-monday,Tuesday,45,1
multilingual,rlens_16p,japanese-day-monday,Japanese,52,2072
multilingual,rlens_16p,japanese-day-monday,day,52,862
multilingual,rlens_16p,japanese-day-monday,Monday,52,17
multilingual,rlens_16p,japanese-day-monday,Tuesday,52,1
multilingual,rlens_64p,japanese-day-monday,Japanese,8,1252
multilingual,rlens_64p,japanese-day-monday,day,8,170
multilingual,rlens_64p,japanese-day-monday,Monday,8,2789
multilingual,rlens_64p,japanese-day-monday,Tuesday,8,35341
multilingual,rlens_64p,japanese-day-monday,Japanese,15,2864
multilingual,rlens_64p,japanese-day-monday,day,15,12
multilingual,rlens_64p,japanese-day-monday,Monday,15,5999
multilingual,rlens_64p,japanese-day-monday,Tuesday,15,37836
multilingual,rlens_64p,japanese-day-monday,Japanese,22,3480
multilingual,rlens_64p,japanese-day-monday,day,22,8
multilingual,rlens_64p,japanese-day-monday,Monday,22,1436
multilingual,rlens_64p,japanese-day-monday,Tuesday,22,16975
multilingual,rlens_64p,japanese-day-monday,Japanese,30,4071
multilingual,rlens_64p,japanese-day-monday,day,30,12
multilingual,rlens_64p,japanese-day-monday,Monday,30,754
multilingual,rlens_64p,japanese-day-monday,Tuesday,30,15933
multilingual,rlens_64p,japanese-day-monday,Japanese,38,2200
multilingual,rlens_64p,japanese-day-monday,day,38,5
multilingual,rlens_64p,japanese-day-monday,Monday,38,24
multilingual,rlens_64p,japanese-day-monday,Tuesday,38,71
multilingual,rlens_64p,japanese-day-monday,Japanese,45,517
multilingual,rlens_64p,japanese-day-monday,day,45,80
multilingual,rlens_64p,japanese-day-monday,Monday,45,7
multilingual,rlens_64p,japanese-day-monday,Tuesday,45,1
multilingual,rlens_64p,japanese-day-monday,Japanese,52,2160
multilingual,rlens_64p,japanese-day-monday,day,52,949
multilingual,rlens_64p,japanese-day-monday,Monday,52,17
multilingual,rlens_64p,japanese-day-monday,Tuesday,52,1
multilingual,jpp_64p,japanese-day-monday,Japanese,8,11275
multilingual,jpp_64p,japanese-day-monday,day,8,22
multilingual,jpp_64p,japanese-day-monday,Monday,8,47780
multilingual,jpp_64p,japanese-day-monday,Tuesday,8,117630
multilingual,jpp_64p,japanese-day-monday,Japanese,15,2434
multilingual,jpp_64p,japanese-day-monday,day,15,3
multilingual,jpp_64p,japanese-day-monday,Monday,15,22059
multilingual,jpp_64p,japanese-day-monday,Tuesday,15,75555
multilingual,jpp_64p,japanese-day-monday,Japanese,22,3987
multilingual,jpp_64p,japanese-day-monday,day,22,3
multilingual,jpp_64p,japanese-day-monday,Monday,22,9287
multilingual,jpp_64p,japanese-day-monday,Tuesday,22,47516
multilingual,jpp_64p,japanese-day-monday,Japanese,30,3432
multilingual,jpp_64p,japanese-day-monday,day,30,1
multilingual,jpp_64p,japanese-day-monday,Monday,30,414
multilingual,jpp_64p,japanese-day-monday,Tuesday,30,8353
multilingual,jpp_64p,japanese-day-monday,Japanese,38,683
multilingual,jpp_64p,japanese-day-monday,day,38,1
multilingual,jpp_64p,japanese-day-monday,Monday,38,33
multilingual,jpp_64p,japanese-day-monday,Tuesday,38,85
multilingual,jpp_64p,japanese-day-monday,Japanese,45,91
multilingual,jpp_64p,japanese-day-monday,day,45,41
multilingual,jpp_64p,japanese-day-monday,Monday,45,5
multilingual,jpp_64p,japanese-day-monday,Tuesday,45,1
multilingual,jpp_64p,japanese-day-monday,Japanese,52,1232
multilingual,jpp_64p,japanese-day-monday,day,52,740
multilingual,jpp_64p,japanese-day-monday,Monday,52,19
multilingual,jpp_64p,japanese-day-monday,Tuesday,52,1
multilingual,logit,turkish-opposite-fast,Turkish,8,98207
multilingual,logit,turkish-opposite-fast,opposite,8,14269
multilingual,logit,turkish-opposite-fast,fast,8,1661
multilingual,logit,turkish-opposite-fast,slow,8,83681
multilingual,logit,turkish-opposite-fast,Turkish,15,56292
multilingual,logit,turkish-opposite-fast,opposite,15,16815
multilingual,logit,turkish-opposite-fast,fast,15,4584
multilingual,logit,turkish-opposite-fast,slow,15,41454
multilingual,logit,turkish-opposite-fast,Turkish,22,33200
multilingual,logit,turkish-opposite-fast,opposite,22,13607
multilingual,logit,turkish-opposite-fast,fast,22,22218
multilingual,logit,turkish-opposite-fast,slow,22,24585
multilingual,logit,turkish-opposite-fast,Turkish,30,5663
multilingual,logit,turkish-opposite-fast,opposite,30,312
multilingual,logit,turkish-opposite-fast,fast,30,4925
multilingual,logit,turkish-opposite-fast,slow,30,42861
multilingual,logit,turkish-opposite-fast,Turkish,38,75769
multilingual,logit,turkish-opposite-fast,opposite,38,2036
multilingual,logit,turkish-opposite-fast,fast,38,9989
multilingual,logit,turkish-opposite-fast,slow,38,28897
multilingual,logit,turkish-opposite-fast,Turkish,45,16453
multilingual,logit,turkish-opposite-fast,opposite,45,82
multilingual,logit,turkish-opposite-fast,fast,45,477
multilingual,logit,turkish-opposite-fast,slow,45,6
multilingual,logit,turkish-opposite-fast,Turkish,52,14211
multilingual,logit,turkish-opposite-fast,opposite,52,2282
multilingual,logit,turkish-opposite-fast,fast,52,450
multilingual,logit,turkish-opposite-fast,slow,52,1
multilingual,jlens_16p,turkish-opposite-fast,Turkish,8,10585
multilingual,jlens_16p,turkish-opposite-fast,opposite,8,143078
multilingual,jlens_16p,turkish-opposite-fast,fast,8,38034
multilingual,jlens_16p,turkish-opposite-fast,slow,8,151800
multilingual,jlens_16p,turkish-opposite-fast,Turkish,15,30180
multilingual,jlens_16p,turkish-opposite-fast,opposite,15,25643
multilingual,jlens_16p,turkish-opposite-fast,fast,15,164054
multilingual,jlens_16p,turkish-opposite-fast,slow,15,51450
multilingual,jlens_16p,turkish-opposite-fast,Turkish,22,30464
multilingual,jlens_16p,turkish-opposite-fast,opposite,22,25968
multilingual,jlens_16p,turkish-opposite-fast,fast,22,165038
multilingual,jlens_16p,turkish-opposite-fast,slow,22,51173
multilingual,jlens_16p,turkish-opposite-fast,Turkish,30,218155
multilingual,jlens_16p,turkish-opposite-fast,opposite,30,94786
multilingual,jlens_16p,turkish-opposite-fast,fast,30,46970
multilingual,jlens_16p,turkish-opposite-fast,slow,30,241863
multilingual,jlens_16p,turkish-opposite-fast,Turkish,38,181851
multilingual,jlens_16p,turkish-opposite-fast,opposite,38,97650
multilingual,jlens_16p,turkish-opposite-fast,fast,38,65165
multilingual,jlens_16p,turkish-opposite-fast,slow,38,248436
multilingual,jlens_16p,turkish-opposite-fast,Turkish,45,195186
multilingual,jlens_16p,turkish-opposite-fast,opposite,45,5575
multilingual,jlens_16p,turkish-opposite-fast,fast,45,2764
multilingual,jlens_16p,turkish-opposite-fast,slow,45,601
multilingual,jlens_16p,turkish-opposite-fast,Turkish,52,60944
multilingual,jlens_16p,turkish-opposite-fast,opposite,52,572
multilingual,jlens_16p,turkish-opposite-fast,fast,52,387
multilingual,jlens_16p,turkish-opposite-fast,slow,52,1
multilingual,rlens_16p,turkish-opposite-fast,Turkish,8,146558
multilingual,rlens_16p,turkish-opposite-fast,opposite,8,16590
multilingual,rlens_16p,turkish-opposite-fast,fast,8,76104
multilingual,rlens_16p,turkish-opposite-fast,slow,8,166811
multilingual,rlens_16p,turkish-opposite-fast,Turkish,15,126268
multilingual,rlens_16p,turkish-opposite-fast,opposite,15,21380
multilingual,rlens_16p,turkish-opposite-fast,fast,15,37155
multilingual,rlens_16p,turkish-opposite-fast,slow,15,186337
multilingual,rlens_16p,turkish-opposite-fast,Turkish,22,117753
multilingual,rlens_16p,turkish-opposite-fast,opposite,22,4562
multilingual,rlens_16p,turkish-opposite-fast,fast,22,21348
multilingual,rlens_16p,turkish-opposite-fast,slow,22,154525
multilingual,rlens_16p,turkish-opposite-fast,Turkish,30,119156
multilingual,rlens_16p,turkish-opposite-fast,opposite,30,465
multilingual,rlens_16p,turkish-opposite-fast,fast,30,44163
multilingual,rlens_16p,turkish-opposite-fast,slow,30,211200
multilingual,rlens_16p,turkish-opposite-fast,Turkish,38,144555
multilingual,rlens_16p,turkish-opposite-fast,opposite,38,132
multilingual,rlens_16p,turkish-opposite-fast,fast,38,81494
multilingual,rlens_16p,turkish-opposite-fast,slow,38,210372
multilingual,rlens_16p,turkish-opposite-fast,Turkish,45,126961
multilingual,rlens_16p,turkish-opposite-fast,opposite,45,43
multilingual,rlens_16p,turkish-opposite-fast,fast,45,300
multilingual,rlens_16p,turkish-opposite-fast,slow,45,10
multilingual,rlens_16p,turkish-opposite-fast,Turkish,52,27198
multilingual,rlens_16p,turkish-opposite-fast,opposite,52,275
multilingual,rlens_16p,turkish-opposite-fast,fast,52,564
multilingual,rlens_16p,turkish-opposite-fast,slow,52,1
multilingual,rlens_64p,turkish-opposite-fast,Turkish,8,141546
multilingual,rlens_64p,turkish-opposite-fast,opposite,8,23821
multilingual,rlens_64p,turkish-opposite-fast,fast,8,82695
multilingual,rlens_64p,turkish-opposite-fast,slow,8,162922
multilingual,rlens_64p,turkish-opposite-fast,Turkish,15,109556
multilingual,rlens_64p,turkish-opposite-fast,opposite,15,27561
multilingual,rlens_64p,turkish-opposite-fast,fast,15,50475
multilingual,rlens_64p,turkish-opposite-fast,slow,15,181325
multilingual,rlens_64p,turkish-opposite-fast,Turkish,22,82774
multilingual,rlens_64p,turkish-opposite-fast,opposite,22,5557
multilingual,rlens_64p,turkish-opposite-fast,fast,22,23187
multilingual,rlens_64p,turkish-opposite-fast,slow,22,154149
multilingual,rlens_64p,turkish-opposite-fast,Turkish,30,87485
multilingual,rlens_64p,turkish-opposite-fast,opposite,30,481
multilingual,rlens_64p,turkish-opposite-fast,fast,30,45462
multilingual,rlens_64p,turkish-opposite-fast,slow,30,217952
multilingual,rlens_64p,turkish-opposite-fast,Turkish,38,136073
multilingual,rlens_64p,turkish-opposite-fast,opposite,38,82
multilingual,rlens_64p,turkish-opposite-fast,fast,38,81795
multilingual,rlens_64p,turkish-opposite-fast,slow,38,177960
multilingual,rlens_64p,turkish-opposite-fast,Turkish,45,138508
multilingual,rlens_64p,turkish-opposite-fast,opposite,45,40
multilingual,rlens_64p,turkish-opposite-fast,fast,45,239
multilingual,rlens_64p,turkish-opposite-fast,slow,45,10
multilingual,rlens_64p,turkish-opposite-fast,Turkish,52,29702
multilingual,rlens_64p,turkish-opposite-fast,opposite,52,283
multilingual,rlens_64p,turkish-opposite-fast,fast,52,493
multilingual,rlens_64p,turkish-opposite-fast,slow,52,1
multilingual,jpp_64p,turkish-opposite-fast,Turkish,8,120013
multilingual,jpp_64p,turkish-opposite-fast,opposite,8,25499
multilingual,jpp_64p,turkish-opposite-fast,fast,8,61247
multilingual,jpp_64p,turkish-opposite-fast,slow,8,239864
multilingual,jpp_64p,turkish-opposite-fast,Turkish,15,139216
multilingual,jpp_64p,turkish-opposite-fast,opposite,15,51022
multilingual,jpp_64p,turkish-opposite-fast,fast,15,66700
multilingual,jpp_64p,turkish-opposite-fast,slow,15,220732
multilingual,jpp_64p,turkish-opposite-fast,Turkish,22,92329
multilingual,jpp_64p,turkish-opposite-fast,opposite,22,1602
multilingual,jpp_64p,turkish-opposite-fast,fast,22,30714
multilingual,jpp_64p,turkish-opposite-fast,slow,22,169079
multilingual,jpp_64p,turkish-opposite-fast,Turkish,30,35612
multilingual,jpp_64p,turkish-opposite-fast,opposite,30,80
multilingual,jpp_64p,turkish-opposite-fast,fast,30,39022
multilingual,jpp_64p,turkish-opposite-fast,slow,30,187160
multilingual,jpp_64p,turkish-opposite-fast,Turkish,38,39826
multilingual,jpp_64p,turkish-opposite-fast,opposite,38,28
multilingual,jpp_64p,turkish-opposite-fast,fast,38,77307
multilingual,jpp_64p,turkish-opposite-fast,slow,38,161311
multilingual,jpp_64p,turkish-opposite-fast,Turkish,45,67657
multilingual,jpp_64p,turkish-opposite-fast,opposite,45,15
multilingual,jpp_64p,turkish-opposite-fast,fast,45,117
multilingual,jpp_64p,turkish-opposite-fast,slow,45,1
multilingual,jpp_64p,turkish-opposite-fast,Turkish,52,7030
multilingual,jpp_64p,turkish-opposite-fast,opposite,52,439
multilingual,jpp_64p,turkish-opposite-fast,fast,52,286
multilingual,jpp_64p,turkish-opposite-fast,slow,52,1
multilingual,logit,spanish-number-three,Spanish,8,117221
multilingual,logit,spanish-number-three,number,8,34679
multilingual,logit,spanish-number-three,three,8,25180
multilingual,logit,spanish-number-three,four,8,23473
multilingual,logit,spanish-number-three,Spanish,15,77772
multilingual,logit,spanish-number-three,number,15,28290
multilingual,logit,spanish-number-three,three,15,49639
multilingual,logit,spanish-number-three,four,15,46992
multilingual,logit,spanish-number-three,Spanish,22,101816
multilingual,logit,spanish-number-three,number,22,31918
multilingual,logit,spanish-number-three,three,22,99695
multilingual,logit,spanish-number-three,four,22,107120
multilingual,logit,spanish-number-three,Spanish,30,10784
multilingual,logit,spanish-number-three,number,30,157
multilingual,logit,spanish-number-three,three,30,4225
multilingual,logit,spanish-number-three,four,30,285
multilingual,logit,spanish-number-three,Spanish,38,30980
multilingual,logit,spanish-number-three,number,38,145
multilingual,logit,spanish-number-three,three,38,415
multilingual,logit,spanish-number-three,four,38,60
multilingual,logit,spanish-number-three,Spanish,45,13869
multilingual,logit,spanish-number-three,number,45,48
multilingual,logit,spanish-number-three,three,45,45
multilingual,logit,spanish-number-three,four,45,3
multilingual,logit,spanish-number-three,Spanish,52,9852
multilingual,logit,spanish-number-three,number,52,2224
multilingual,logit,spanish-number-three,three,52,186
multilingual,logit,spanish-number-three,four,52,1
multilingual,jlens_16p,spanish-number-three,Spanish,8,14949
multilingual,jlens_16p,spanish-number-three,number,8,78289
multilingual,jlens_16p,spanish-number-three,three,8,22662
multilingual,jlens_16p,spanish-number-three,four,8,105128
multilingual,jlens_16p,spanish-number-three,Spanish,15,133617
multilingual,jlens_16p,spanish-number-three,number,15,89502
multilingual,jlens_16p,spanish-number-three,three,15,85773
multilingual,jlens_16p,spanish-number-three,four,15,23033
multilingual,jlens_16p,spanish-number-three,Spanish,22,132464
multilingual,jlens_16p,spanish-number-three,number,22,89351
multilingual,jlens_16p,spanish-number-three,three,22,85579
multilingual,jlens_16p,spanish-number-three,four,22,22837
multilingual,jlens_16p,spanish-number-three,Spanish,30,199821
multilingual,jlens_16p,spanish-number-three,number,30,96737
multilingual,jlens_16p,spanish-number-three,three,30,221884
multilingual,jlens_16p,spanish-number-three,four,30,208302
multilingual,jlens_16p,spanish-number-three,Spanish,38,149227
multilingual,jlens_16p,spanish-number-three,number,38,89018
multilingual,jlens_16p,spanish-number-three,three,38,99198
multilingual,jlens_16p,spanish-number-three,four,38,116207
multilingual,jlens_16p,spanish-number-three,Spanish,45,150654
multilingual,jlens_16p,spanish-number-three,number,45,90104
multilingual,jlens_16p,spanish-number-three,three,45,29258
multilingual,jlens_16p,spanish-number-three,four,45,10709
multilingual,jlens_16p,spanish-number-three,Spanish,52,75798
multilingual,jlens_16p,spanish-number-three,number,52,58698
multilingual,jlens_16p,spanish-number-three,three,52,67
multilingual,jlens_16p,spanish-number-three,four,52,1
multilingual,rlens_16p,spanish-number-three,Spanish,8,16312
multilingual,rlens_16p,spanish-number-three,number,8,150376
multilingual,rlens_16p,spanish-number-three,three,8,173242
multilingual,rlens_16p,spanish-number-three,four,8,160930
multilingual,rlens_16p,spanish-number-three,Spanish,15,4480
multilingual,rlens_16p,spanish-number-three,number,15,78514
multilingual,rlens_16p,spanish-number-three,three,15,160119
multilingual,rlens_16p,spanish-number-three,four,15,155439
multilingual,rlens_16p,spanish-number-three,Spanish,22,1988
multilingual,rlens_16p,spanish-number-three,number,22,15032
multilingual,rlens_16p,spanish-number-three,three,22,62261
multilingual,rlens_16p,spanish-number-three,four,22,53431
multilingual,rlens_16p,spanish-number-three,Spanish,30,44046
multilingual,rlens_16p,spanish-number-three,number,30,1740
multilingual,rlens_16p,spanish-number-three,three,30,40099
multilingual,rlens_16p,spanish-number-three,four,30,58749
multilingual,rlens_16p,spanish-number-three,Spanish,38,69132
multilingual,rlens_16p,spanish-number-three,number,38,3313
multilingual,rlens_16p,spanish-number-three,three,38,25747
multilingual,rlens_16p,spanish-number-three,four,38,33541
multilingual,rlens_16p,spanish-number-three,Spanish,45,51809
multilingual,rlens_16p,spanish-number-three,number,45,1956
multilingual,rlens_16p,spanish-number-three,three,45,55
multilingual,rlens_16p,spanish-number-three,four,45,7
multilingual,rlens_16p,spanish-number-three,Spanish,52,15392
multilingual,rlens_16p,spanish-number-three,number,52,3590
multilingual,rlens_16p,spanish-number-three,three,52,57
multilingual,rlens_16p,spanish-number-three,four,52,1
multilingual,rlens_64p,spanish-number-three,Spanish,8,11200
multilingual,rlens_64p,spanish-number-three,number,8,145343
multilingual,rlens_64p,spanish-number-three,three,8,162683
multilingual,rlens_64p,spanish-number-three,four,8,170168
multilingual,rlens_64p,spanish-number-three,Spanish,15,2864
multilingual,rlens_64p,spanish-number-three,number,15,83151
multilingual,rlens_64p,spanish-number-three,three,15,163270
multilingual,rlens_64p,spanish-number-three,four,15,158587
multilingual,rlens_64p,spanish-number-three,Spanish,22,834
multilingual,rlens_64p,spanish-number-three,number,22,16361
multilingual,rlens_64p,spanish-number-three,three,22,66746
multilingual,rlens_64p,spanish-number-three,four,22,52070
multilingual,rlens_64p,spanish-number-three,Spanish,30,30023
multilingual,rlens_64p,spanish-number-three,number,30,1593
multilingual,rlens_64p,spanish-number-three,three,30,44596
multilingual,rlens_64p,spanish-number-three,four,30,69218
multilingual,rlens_64p,spanish-number-three,Spanish,38,59411
multilingual,rlens_64p,spanish-number-three,number,38,2803
multilingual,rlens_64p,spanish-number-three,three,38,32751
multilingual,rlens_64p,spanish-number-three,four,38,39941
multilingual,rlens_64p,spanish-number-three,Spanish,45,58228
multilingual,rlens_64p,spanish-number-three,number,45,1078
multilingual,rlens_64p,spanish-number-three,three,45,63
multilingual,rlens_64p,spanish-number-three,four,45,7
multilingual,rlens_64p,spanish-number-three,Spanish,52,20091
multilingual,rlens_64p,spanish-number-three,number,52,3763
multilingual,rlens_64p,spanish-number-three,three,52,55
multilingual,rlens_64p,spanish-number-three,four,52,1
multilingual,jpp_64p,spanish-number-three,Spanish,8,20823
multilingual,jpp_64p,spanish-number-three,number,8,113736
multilingual,jpp_64p,spanish-number-three,three,8,196635
multilingual,jpp_64p,spanish-number-three,four,8,158334
multilingual,jpp_64p,spanish-number-three,Spanish,15,4733
multilingual,jpp_64p,spanish-number-three,number,15,119389
multilingual,jpp_64p,spanish-number-three,three,15,164230
multilingual,jpp_64p,spanish-number-three,four,15,170826
multilingual,jpp_64p,spanish-number-three,Spanish,22,1449
multilingual,jpp_64p,spanish-number-three,number,22,7335
multilingual,jpp_64p,spanish-number-three,three,22,66473
multilingual,jpp_64p,spanish-number-three,four,22,52171
multilingual,jpp_64p,spanish-number-three,Spanish,30,10310
multilingual,jpp_64p,spanish-number-three,number,30,2949
multilingual,jpp_64p,spanish-number-three,three,30,116375
multilingual,jpp_64p,spanish-number-three,four,30,44042
multilingual,jpp_64p,spanish-number-three,Spanish,38,4310
multilingual,jpp_64p,spanish-number-three,number,38,4972
multilingual,jpp_64p,spanish-number-three,three,38,51075
multilingual,jpp_64p,spanish-number-three,four,38,3102
multilingual,jpp_64p,spanish-number-three,Spanish,45,98703
multilingual,jpp_64p,spanish-number-three,number,45,769
multilingual,jpp_64p,spanish-number-three,three,45,38
multilingual,jpp_64p,spanish-number-three,four,45,1
multilingual,jpp_64p,spanish-number-three,Spanish,52,9388
multilingual,jpp_64p,spanish-number-three,number,52,7030
multilingual,jpp_64p,spanish-number-three,three,52,67
multilingual,jpp_64p,spanish-number-three,four,52,1
multilingual,logit,french-number-seven,French,8,82204
multilingual,logit,french-number-seven,number,8,28551
multilingual,logit,french-number-seven,seven,8,31430
multilingual,logit,french-number-seven,eight,8,26188
multilingual,logit,french-number-seven,French,15,66258
multilingual,logit,french-number-seven,number,15,29830
multilingual,logit,french-number-seven,seven,15,49007
multilingual,logit,french-number-seven,eight,15,96311
multilingual,logit,french-number-seven,French,22,54027
multilingual,logit,french-number-seven,number,22,42470
multilingual,logit,french-number-seven,seven,22,123212
multilingual,logit,french-number-seven,eight,22,80357
multilingual,logit,french-number-seven,French,30,1569
multilingual,logit,french-number-seven,number,30,100
multilingual,logit,french-number-seven,seven,30,3902
multilingual,logit,french-number-seven,eight,30,3181
multilingual,logit,french-number-seven,French,38,3931
multilingual,logit,french-number-seven,number,38,78
multilingual,logit,french-number-seven,seven,38,342
multilingual,logit,french-number-seven,eight,38,282
multilingual,logit,french-number-seven,French,45,354
multilingual,logit,french-number-seven,number,45,160
multilingual,logit,french-number-seven,seven,45,7
multilingual,logit,french-number-seven,eight,45,5
multilingual,logit,french-number-seven,French,52,51055
multilingual,logit,french-number-seven,number,52,8732
multilingual,logit,french-number-seven,seven,52,20
multilingual,logit,french-number-seven,eight,52,3
multilingual,jlens_16p,french-number-seven,French,8,78178
multilingual,jlens_16p,french-number-seven,number,8,78814
multilingual,jlens_16p,french-number-seven,seven,8,24963
multilingual,jlens_16p,french-number-seven,eight,8,4591
multilingual,jlens_16p,french-number-seven,French,15,77365
multilingual,jlens_16p,french-number-seven,number,15,90136
multilingual,jlens_16p,french-number-seven,seven,15,53992
multilingual,jlens_16p,french-number-seven,eight,15,67052
multilingual,jlens_16p,french-number-seven,French,22,76477
multilingual,jlens_16p,french-number-seven,number,22,88906
multilingual,jlens_16p,french-number-seven,seven,22,53021
multilingual,jlens_16p,french-number-seven,eight,22,66121
multilingual,jlens_16p,french-number-seven,French,30,173152
multilingual,jlens_16p,french-number-seven,number,30,90110
multilingual,jlens_16p,french-number-seven,seven,30,232213
multilingual,jlens_16p,french-number-seven,eight,30,247239
multilingual,jlens_16p,french-number-seven,French,38,163416
multilingual,jlens_16p,french-number-seven,number,38,83016
multilingual,jlens_16p,french-number-seven,seven,38,136632
multilingual,jlens_16p,french-number-seven,eight,38,179695
multilingual,jlens_16p,french-number-seven,French,45,48819
multilingual,jlens_16p,french-number-seven,number,45,26746
multilingual,jlens_16p,french-number-seven,seven,45,212
multilingual,jlens_16p,french-number-seven,eight,45,33
multilingual,jlens_16p,french-number-seven,French,52,10580
multilingual,jlens_16p,french-number-seven,number,52,15242
multilingual,jlens_16p,french-number-seven,seven,52,8
multilingual,jlens_16p,french-number-seven,eight,52,1
multilingual,rlens_16p,french-number-seven,French,8,205406
multilingual,rlens_16p,french-number-seven,number,8,149319
multilingual,rlens_16p,french-number-seven,seven,8,21229
multilingual,rlens_16p,french-number-seven,eight,8,222798
multilingual,rlens_16p,french-number-seven,French,15,198786
multilingual,rlens_16p,french-number-seven,number,15,97163
multilingual,rlens_16p,french-number-seven,seven,15,34244
multilingual,rlens_16p,french-number-seven,eight,15,201812
multilingual,rlens_16p,french-number-seven,French,22,154717
multilingual,rlens_16p,french-number-seven,number,22,17416
multilingual,rlens_16p,french-number-seven,seven,22,14115
multilingual,rlens_16p,french-number-seven,eight,22,83917
multilingual,rlens_16p,french-number-seven,French,30,127028
multilingual,rlens_16p,french-number-seven,number,30,2029
multilingual,rlens_16p,french-number-seven,seven,30,13057
multilingual,rlens_16p,french-number-seven,eight,30,100298
multilingual,rlens_16p,french-number-seven,French,38,67389
multilingual,rlens_16p,french-number-seven,number,38,819
multilingual,rlens_16p,french-number-seven,seven,38,2884
multilingual,rlens_16p,french-number-seven,eight,38,63670
multilingual,rlens_16p,french-number-seven,French,45,5868
multilingual,rlens_16p,french-number-seven,number,45,476
multilingual,rlens_16p,french-number-seven,seven,45,6
multilingual,rlens_16p,french-number-seven,eight,45,4
multilingual,rlens_16p,french-number-seven,French,52,15259
multilingual,rlens_16p,french-number-seven,number,52,1789
multilingual,rlens_16p,french-number-seven,seven,52,8
multilingual,rlens_16p,french-number-seven,eight,52,1
multilingual,rlens_64p,french-number-seven,French,8,203810
multilingual,rlens_64p,french-number-seven,number,8,146130
multilingual,rlens_64p,french-number-seven,seven,8,21654
multilingual,rlens_64p,french-number-seven,eight,8,215650
multilingual,rlens_64p,french-number-seven,French,15,194454
multilingual,rlens_64p,french-number-seven,number,15,102992
multilingual,rlens_64p,french-number-seven,seven,15,27595
multilingual,rlens_64p,french-number-seven,eight,15,196493
multilingual,rlens_64p,french-number-seven,French,22,124662
multilingual,rlens_64p,french-number-seven,number,22,19256
multilingual,rlens_64p,french-number-seven,seven,22,11489
multilingual,rlens_64p,french-number-seven,eight,22,57761
multilingual,rlens_64p,french-number-seven,French,30,107906
multilingual,rlens_64p,french-number-seven,number,30,1911
multilingual,rlens_64p,french-number-seven,seven,30,10031
multilingual,rlens_64p,french-number-seven,eight,30,91282
multilingual,rlens_64p,french-number-seven,French,38,59856
multilingual,rlens_64p,french-number-seven,number,38,584
multilingual,rlens_64p,french-number-seven,seven,38,2424
multilingual,rlens_64p,french-number-seven,eight,38,61275
multilingual,rlens_64p,french-number-seven,French,45,6615
multilingual,rlens_64p,french-number-seven,number,45,296
multilingual,rlens_64p,french-number-seven,seven,45,5
multilingual,rlens_64p,french-number-seven,eight,45,3
multilingual,rlens_64p,french-number-seven,French,52,16009
multilingual,rlens_64p,french-number-seven,number,52,2574
multilingual,rlens_64p,french-number-seven,seven,52,8
multilingual,rlens_64p,french-number-seven,eight,52,1
multilingual,jpp_64p,french-number-seven,French,8,63854
multilingual,jpp_64p,french-number-seven,number,8,67469
multilingual,jpp_64p,french-number-seven,seven,8,22482
multilingual,jpp_64p,french-number-seven,eight,8,216675
multilingual,jpp_64p,french-number-seven,French,15,121065
multilingual,jpp_64p,french-number-seven,number,15,150092
multilingual,jpp_64p,french-number-seven,seven,15,22477
multilingual,jpp_64p,french-number-seven,eight,15,206580
multilingual,jpp_64p,french-number-seven,French,22,81059
multilingual,jpp_64p,french-number-seven,number,22,13356
multilingual,jpp_64p,french-number-seven,seven,22,11860
multilingual,jpp_64p,french-number-seven,eight,22,48122
multilingual,jpp_64p,french-number-seven,French,30,53706
multilingual,jpp_64p,french-number-seven,number,30,3915
multilingual,jpp_64p,french-number-seven,seven,30,10504
multilingual,jpp_64p,french-number-seven,eight,30,103974
multilingual,jpp_64p,french-number-seven,French,38,2326
multilingual,jpp_64p,french-number-seven,number,38,340
multilingual,jpp_64p,french-number-seven,seven,38,181
multilingual,jpp_64p,french-number-seven,eight,38,496
multilingual,jpp_64p,french-number-seven,French,45,728
multilingual,jpp_64p,french-number-seven,number,45,296
multilingual,jpp_64p,french-number-seven,seven,45,2
multilingual,jpp_64p,french-number-seven,eight,45,1
multilingual,jpp_64p,french-number-seven,French,52,4261
multilingual,jpp_64p,french-number-seven,number,52,3115
multilingual,jpp_64p,french-number-seven,seven,52,11
multilingual,jpp_64p,french-number-seven,eight,52,1
multilingual,logit,portuguese-direction-up,Portuguese,8,38615
multilingual,logit,portuguese-direction-up,opposite,8,33149
multilingual,logit,portuguese-direction-up,up,8,232
multilingual,logit,portuguese-direction-up,down,8,96165
multilingual,logit,portuguese-direction-up,Portuguese,15,8327
multilingual,logit,portuguese-direction-up,opposite,15,27493
multilingual,logit,portuguese-direction-up,up,15,103
multilingual,logit,portuguese-direction-up,down,15,163628
multilingual,logit,portuguese-direction-up,Portuguese,22,3817
multilingual,logit,portuguese-direction-up,opposite,22,9839
multilingual,logit,portuguese-direction-up,up,22,1742
multilingual,logit,portuguese-direction-up,down,22,165594
multilingual,logit,portuguese-direction-up,Portuguese,30,2345
multilingual,logit,portuguese-direction-up,opposite,30,197
multilingual,logit,portuguese-direction-up,up,30,2597
multilingual,logit,portuguese-direction-up,down,30,12941
multilingual,logit,portuguese-direction-up,Portuguese,38,10692
multilingual,logit,portuguese-direction-up,opposite,38,6504
multilingual,logit,portuguese-direction-up,up,38,17013
multilingual,logit,portuguese-direction-up,down,38,3018
multilingual,logit,portuguese-direction-up,Portuguese,45,57004
multilingual,logit,portuguese-direction-up,opposite,45,345
multilingual,logit,portuguese-direction-up,up,45,4
multilingual,logit,portuguese-direction-up,down,45,30
multilingual,logit,portuguese-direction-up,Portuguese,52,66240
multilingual,logit,portuguese-direction-up,opposite,52,10861
multilingual,logit,portuguese-direction-up,up,52,334
multilingual,logit,portuguese-direction-up,down,52,8
multilingual,jlens_16p,portuguese-direction-up,Portuguese,8,74179
multilingual,jlens_16p,portuguese-direction-up,opposite,8,142951
multilingual,jlens_16p,portuguese-direction-up,up,8,97679
multilingual,jlens_16p,portuguese-direction-up,down,8,137103
multilingual,jlens_16p,portuguese-direction-up,Portuguese,15,154030
multilingual,jlens_16p,portuguese-direction-up,opposite,15,25733
multilingual,jlens_16p,portuguese-direction-up,up,15,30390
multilingual,jlens_16p,portuguese-direction-up,down,15,56882
multilingual,jlens_16p,portuguese-direction-up,Portuguese,22,153843
multilingual,jlens_16p,portuguese-direction-up,opposite,22,25749
multilingual,jlens_16p,portuguese-direction-up,up,22,30244
multilingual,jlens_16p,portuguese-direction-up,down,22,55232
multilingual,jlens_16p,portuguese-direction-up,Portuguese,30,110766
multilingual,jlens_16p,portuguese-direction-up,opposite,30,88782
multilingual,jlens_16p,portuguese-direction-up,up,30,4
multilingual,jlens_16p,portuguese-direction-up,down,30,91250
multilingual,jlens_16p,portuguese-direction-up,Portuguese,38,57001
multilingual,jlens_16p,portuguese-direction-up,opposite,38,141748
multilingual,jlens_16p,portuguese-direction-up,up,38,7
multilingual,jlens_16p,portuguese-direction-up,down,38,75890
multilingual,jlens_16p,portuguese-direction-up,Portuguese,45,151945
multilingual,jlens_16p,portuguese-direction-up,opposite,45,9856
multilingual,jlens_16p,portuguese-direction-up,up,45,8
multilingual,jlens_16p,portuguese-direction-up,down,45,15558
multilingual,jlens_16p,portuguese-direction-up,Portuguese,52,47499
multilingual,jlens_16p,portuguese-direction-up,opposite,52,343
multilingual,jlens_16p,portuguese-direction-up,up,52,116
multilingual,jlens_16p,portuguese-direction-up,down,52,9
multilingual,rlens_16p,portuguese-direction-up,Portuguese,8,20184
multilingual,rlens_16p,portuguese-direction-up,opposite,8,16807
multilingual,rlens_16p,portuguese-direction-up,up,8,10
multilingual,rlens_16p,portuguese-direction-up,down,8,157706
multilingual,rlens_16p,portuguese-direction-up,Portuguese,15,7019
multilingual,rlens_16p,portuguese-direction-up,opposite,15,28481
multilingual,rlens_16p,portuguese-direction-up,up,15,13
multilingual,rlens_16p,portuguese-direction-up,down,15,138357
multilingual,rlens_16p,portuguese-direction-up,Portuguese,22,3618
multilingual,rlens_16p,portuguese-direction-up,opposite,22,2757
multilingual,rlens_16p,portuguese-direction-up,up,22,12
multilingual,rlens_16p,portuguese-direction-up,down,22,135497
multilingual,rlens_16p,portuguese-direction-up,Portuguese,30,10335
multilingual,rlens_16p,portuguese-direction-up,opposite,30,564
multilingual,rlens_16p,portuguese-direction-up,up,30,1
multilingual,rlens_16p,portuguese-direction-up,down,30,44651
multilingual,rlens_16p,portuguese-direction-up,Portuguese,38,1266
multilingual,rlens_16p,portuguese-direction-up,opposite,38,4323
multilingual,rlens_16p,portuguese-direction-up,up,38,2
multilingual,rlens_16p,portuguese-direction-up,down,38,49758
multilingual,rlens_16p,portuguese-direction-up,Portuguese,45,107729
multilingual,rlens_16p,portuguese-direction-up,opposite,45,43
multilingual,rlens_16p,portuguese-direction-up,up,45,8
multilingual,rlens_16p,portuguese-direction-up,down,45,43
multilingual,rlens_16p,portuguese-direction-up,Portuguese,52,47308
multilingual,rlens_16p,portuguese-direction-up,opposite,52,862
multilingual,rlens_16p,portuguese-direction-up,up,52,179
multilingual,rlens_16p,portuguese-direction-up,down,52,11
multilingual,rlens_64p,portuguese-direction-up,Portuguese,8,25626
multilingual,rlens_64p,portuguese-direction-up,opposite,8,22188
multilingual,rlens_64p,portuguese-direction-up,up,8,13
multilingual,rlens_64p,portuguese-direction-up,down,8,175041
multilingual,rlens_64p,portuguese-direction-up,Portuguese,15,8099
multilingual,rlens_64p,portuguese-direction-up,opposite,15,41037
multilingual,rlens_64p,portuguese-direction-up,up,15,19
multilingual,rlens_64p,portuguese-direction-up,down,15,175486
multilingual,rlens_64p,portuguese-direction-up,Portuguese,22,3053
multilingual,rlens_64p,portuguese-direction-up,opposite,22,3765
multilingual,rlens_64p,portuguese-direction-up,up,22,7
multilingual,rlens_64p,portuguese-direction-up,down,22,171923
multilingual,rlens_64p,portuguese-direction-up,Portuguese,30,8218
multilingual,rlens_64p,portuguese-direction-up,opposite,30,401
multilingual,rlens_64p,portuguese-direction-up,up,30,1
multilingual,rlens_64p,portuguese-direction-up,down,30,50747
multilingual,rlens_64p,portuguese-direction-up,Portuguese,38,1205
multilingual,rlens_64p,portuguese-direction-up,opposite,38,2869
multilingual,rlens_64p,portuguese-direction-up,up,38,2
multilingual,rlens_64p,portuguese-direction-up,down,38,54295
multilingual,rlens_64p,portuguese-direction-up,Portuguese,45,107432
multilingual,rlens_64p,portuguese-direction-up,opposite,45,43
multilingual,rlens_64p,portuguese-direction-up,up,45,13
multilingual,rlens_64p,portuguese-direction-up,down,45,56
multilingual,rlens_64p,portuguese-direction-up,Portuguese,52,43002
multilingual,rlens_64p,portuguese-direction-up,opposite,52,961
multilingual,rlens_64p,portuguese-direction-up,up,52,176
multilingual,rlens_64p,portuguese-direction-up,down,52,12
multilingual,jpp_64p,portuguese-direction-up,Portuguese,8,7140
multilingual,jpp_64p,portuguese-direction-up,opposite,8,19976
multilingual,jpp_64p,portuguese-direction-up,up,8,525
multilingual,jpp_64p,portuguese-direction-up,down,8,80236
multilingual,jpp_64p,portuguese-direction-up,Portuguese,15,22453
multilingual,jpp_64p,portuguese-direction-up,opposite,15,44702
multilingual,jpp_64p,portuguese-direction-up,up,15,2474
multilingual,jpp_64p,portuguese-direction-up,down,15,129052
multilingual,jpp_64p,portuguese-direction-up,Portuguese,22,6705
multilingual,jpp_64p,portuguese-direction-up,opposite,22,1363
multilingual,jpp_64p,portuguese-direction-up,up,22,621
multilingual,jpp_64p,portuguese-direction-up,down,22,129402
multilingual,jpp_64p,portuguese-direction-up,Portuguese,30,5738
multilingual,jpp_64p,portuguese-direction-up,opposite,30,67
multilingual,jpp_64p,portuguese-direction-up,up,30,1
multilingual,jpp_64p,portuguese-direction-up,down,30,15437
multilingual,jpp_64p,portuguese-direction-up,Portuguese,38,47
multilingual,jpp_64p,portuguese-direction-up,opposite,38,1018
multilingual,jpp_64p,portuguese-direction-up,up,38,3
multilingual,jpp_64p,portuguese-direction-up,down,38,30454
multilingual,jpp_64p,portuguese-direction-up,Portuguese,45,41602
multilingual,jpp_64p,portuguese-direction-up,opposite,45,82
multilingual,jpp_64p,portuguese-direction-up,up,45,411
multilingual,jpp_64p,portuguese-direction-up,down,45,13
multilingual,jpp_64p,portuguese-direction-up,Portuguese,52,26983
multilingual,jpp_64p,portuguese-direction-up,opposite,52,1113
multilingual,jpp_64p,portuguese-direction-up,up,52,333
multilingual,jpp_64p,portuguese-direction-up,down,52,12
multilingual,logit,dutch-direction-left,Dutch,8,179271
multilingual,logit,dutch-direction-left,opposite,8,38500
multilingual,logit,dutch-direction-left,left,8,57736
multilingual,logit,dutch-direction-left,right,8,3953
multilingual,logit,dutch-direction-left,Dutch,15,195945
multilingual,logit,dutch-direction-left,opposite,15,35547
multilingual,logit,dutch-direction-left,left,15,14754
multilingual,logit,dutch-direction-left,right,15,6885
multilingual,logit,dutch-direction-left,Dutch,22,154217
multilingual,logit,dutch-direction-left,opposite,22,18206
multilingual,logit,dutch-direction-left,left,22,8786
multilingual,logit,dutch-direction-left,right,22,6804
multilingual,logit,dutch-direction-left,Dutch,30,3583
multilingual,logit,dutch-direction-left,opposite,30,251
multilingual,logit,dutch-direction-left,left,30,9886
multilingual,logit,dutch-direction-left,right,30,8518
multilingual,logit,dutch-direction-left,Dutch,38,8710
multilingual,logit,dutch-direction-left,opposite,38,6906
multilingual,logit,dutch-direction-left,left,38,19512
multilingual,logit,dutch-direction-left,right,38,5483
multilingual,logit,dutch-direction-left,Dutch,45,1511
multilingual,logit,dutch-direction-left,opposite,45,168
multilingual,logit,dutch-direction-left,left,45,15
multilingual,logit,dutch-direction-left,right,45,3
multilingual,logit,dutch-direction-left,Dutch,52,79291
multilingual,logit,dutch-direction-left,opposite,52,6482
multilingual,logit,dutch-direction-left,left,52,128
multilingual,logit,dutch-direction-left,right,52,1
multilingual,jlens_16p,dutch-direction-left,Dutch,8,32399
multilingual,jlens_16p,dutch-direction-left,opposite,8,142871
multilingual,jlens_16p,dutch-direction-left,left,8,182916
multilingual,jlens_16p,dutch-direction-left,right,8,69277
multilingual,jlens_16p,dutch-direction-left,Dutch,15,138362
multilingual,jlens_16p,dutch-direction-left,opposite,15,25598
multilingual,jlens_16p,dutch-direction-left,left,15,18350
multilingual,jlens_16p,dutch-direction-left,right,15,23922
multilingual,jlens_16p,dutch-direction-left,Dutch,22,137826
multilingual,jlens_16p,dutch-direction-left,opposite,22,25854
multilingual,jlens_16p,dutch-direction-left,left,22,18273
multilingual,jlens_16p,dutch-direction-left,right,22,23385
multilingual,jlens_16p,dutch-direction-left,Dutch,30,137176
multilingual,jlens_16p,dutch-direction-left,opposite,30,84836
multilingual,jlens_16p,dutch-direction-left,left,30,174814
multilingual,jlens_16p,dutch-direction-left,right,30,61816
multilingual,jlens_16p,dutch-direction-left,Dutch,38,120718
multilingual,jlens_16p,dutch-direction-left,opposite,38,53214
multilingual,jlens_16p,dutch-direction-left,left,38,239706
multilingual,jlens_16p,dutch-direction-left,right,38,60962
multilingual,jlens_16p,dutch-direction-left,Dutch,45,130448
multilingual,jlens_16p,dutch-direction-left,opposite,45,177
multilingual,jlens_16p,dutch-direction-left,left,45,2191
multilingual,jlens_16p,dutch-direction-left,right,45,14
multilingual,jlens_16p,dutch-direction-left,Dutch,52,104788
multilingual,jlens_16p,dutch-direction-left,opposite,52,133
multilingual,jlens_16p,dutch-direction-left,left,52,127
multilingual,jlens_16p,dutch-direction-left,right,52,1
multilingual,rlens_16p,dutch-direction-left,Dutch,8,38313
multilingual,rlens_16p,dutch-direction-left,opposite,8,17353
multilingual,rlens_16p,dutch-direction-left,left,8,108810
multilingual,rlens_16p,dutch-direction-left,right,8,63129
multilingual,rlens_16p,dutch-direction-left,Dutch,15,13277
multilingual,rlens_16p,dutch-direction-left,opposite,15,21083
multilingual,rlens_16p,dutch-direction-left,left,15,75503
multilingual,rlens_16p,dutch-direction-left,right,15,50413
multilingual,rlens_16p,dutch-direction-left,Dutch,22,24969
multilingual,rlens_16p,dutch-direction-left,opposite,22,1474
multilingual,rlens_16p,dutch-direction-left,left,22,49790
multilingual,rlens_16p,dutch-direction-left,right,22,23091
multilingual,rlens_16p,dutch-direction-left,Dutch,30,56207
multilingual,rlens_16p,dutch-direction-left,opposite,30,91
multilingual,rlens_16p,dutch-direction-left,left,30,51737
multilingual,rlens_16p,dutch-direction-left,right,30,4508
multilingual,rlens_16p,dutch-direction-left,Dutch,38,98552
multilingual,rlens_16p,dutch-direction-left,opposite,38,276
multilingual,rlens_16p,dutch-direction-left,left,38,22623
multilingual,rlens_16p,dutch-direction-left,right,38,2960
multilingual,rlens_16p,dutch-direction-left,Dutch,45,137012
multilingual,rlens_16p,dutch-direction-left,opposite,45,23
multilingual,rlens_16p,dutch-direction-left,left,45,18
multilingual,rlens_16p,dutch-direction-left,right,45,4
multilingual,rlens_16p,dutch-direction-left,Dutch,52,115488
multilingual,rlens_16p,dutch-direction-left,opposite,52,175
multilingual,rlens_16p,dutch-direction-left,left,52,70
multilingual,rlens_16p,dutch-direction-left,right,52,1
multilingual,rlens_64p,dutch-direction-left,Dutch,8,40903
multilingual,rlens_64p,dutch-direction-left,opposite,8,22159
multilingual,rlens_64p,dutch-direction-left,left,8,120819
multilingual,rlens_64p,dutch-direction-left,right,8,69094
multilingual,rlens_64p,dutch-direction-left,Dutch,15,12672
multilingual,rlens_64p,dutch-direction-left,opposite,15,25888
multilingual,rlens_64p,dutch-direction-left,left,15,85062
multilingual,rlens_64p,dutch-direction-left,right,15,56866
multilingual,rlens_64p,dutch-direction-left,Dutch,22,17957
multilingual,rlens_64p,dutch-direction-left,opposite,22,2129
multilingual,rlens_64p,dutch-direction-left,left,22,64863
multilingual,rlens_64p,dutch-direction-left,right,22,23033
multilingual,rlens_64p,dutch-direction-left,Dutch,30,32896
multilingual,rlens_64p,dutch-direction-left,opposite,30,170
multilingual,rlens_64p,dutch-direction-left,left,30,52539
multilingual,rlens_64p,dutch-direction-left,right,30,4702
multilingual,rlens_64p,dutch-direction-left,Dutch,38,89633
multilingual,rlens_64p,dutch-direction-left,opposite,38,142
multilingual,rlens_64p,dutch-direction-left,left,38,21395
multilingual,rlens_64p,dutch-direction-left,right,38,2496
multilingual,rlens_64p,dutch-direction-left,Dutch,45,150255
multilingual,rlens_64p,dutch-direction-left,opposite,45,27
multilingual,rlens_64p,dutch-direction-left,left,45,19
multilingual,rlens_64p,dutch-direction-left,right,45,4
multilingual,rlens_64p,dutch-direction-left,Dutch,52,126160
multilingual,rlens_64p,dutch-direction-left,opposite,52,186
multilingual,rlens_64p,dutch-direction-left,left,52,76
multilingual,rlens_64p,dutch-direction-left,right,52,1
multilingual,jpp_64p,dutch-direction-left,Dutch,8,171539
multilingual,jpp_64p,dutch-direction-left,opposite,8,32932
multilingual,jpp_64p,dutch-direction-left,left,8,113748
multilingual,jpp_64p,dutch-direction-left,right,8,90182
multilingual,jpp_64p,dutch-direction-left,Dutch,15,78321
multilingual,jpp_64p,dutch-direction-left,opposite,15,45976
multilingual,jpp_64p,dutch-direction-left,left,15,196958
multilingual,jpp_64p,dutch-direction-left,right,15,82695
multilingual,jpp_64p,dutch-direction-left,Dutch,22,82775
multilingual,jpp_64p,dutch-direction-left,opposite,22,464
multilingual,jpp_64p,dutch-direction-left,left,22,94599
multilingual,jpp_64p,dutch-direction-left,right,22,13823
multilingual,jpp_64p,dutch-direction-left,Dutch,30,31885
multilingual,jpp_64p,dutch-direction-left,opposite,30,18
multilingual,jpp_64p,dutch-direction-left,left,30,64268
multilingual,jpp_64p,dutch-direction-left,right,30,10241
multilingual,jpp_64p,dutch-direction-left,Dutch,38,700
multilingual,jpp_64p,dutch-direction-left,opposite,38,17
multilingual,jpp_64p,dutch-direction-left,left,38,15398
multilingual,jpp_64p,dutch-direction-left,right,38,6582
multilingual,jpp_64p,dutch-direction-left,Dutch,45,63545
multilingual,jpp_64p,dutch-direction-left,opposite,45,34
multilingual,jpp_64p,dutch-direction-left,left,45,8
multilingual,jpp_64p,dutch-direction-left,right,45,1
multilingual,jpp_64p,dutch-direction-left,Dutch,52,80483
multilingual,jpp_64p,dutch-direction-left,opposite,52,243
multilingual,jpp_64p,dutch-direction-left,left,52,69
multilingual,jpp_64p,dutch-direction-left,right,52,1
multilingual,logit,polish-direction-left,Polish,8,69264
multilingual,logit,polish-direction-left,opposite,8,29719
multilingual,logit,polish-direction-left,left,8,45289
multilingual,logit,polish-direction-left,right,8,1796
multilingual,logit,polish-direction-left,Polish,15,18754
multilingual,logit,polish-direction-left,opposite,15,37433
multilingual,logit,polish-direction-left,left,15,15522
multilingual,logit,polish-direction-left,right,15,2964
multilingual,logit,polish-direction-left,Polish,22,32738
multilingual,logit,polish-direction-left,opposite,22,24789
multilingual,logit,polish-direction-left,left,22,13267
multilingual,logit,polish-direction-left,right,22,2041
multilingual,logit,polish-direction-left,Polish,30,76022
multilingual,logit,polish-direction-left,opposite,30,321
multilingual,logit,polish-direction-left,left,30,870
multilingual,logit,polish-direction-left,right,30,1880
multilingual,logit,polish-direction-left,Polish,38,55407
multilingual,logit,polish-direction-left,opposite,38,4560
multilingual,logit,polish-direction-left,left,38,21409
multilingual,logit,polish-direction-left,right,38,4762
multilingual,logit,polish-direction-left,Polish,45,53052
multilingual,logit,polish-direction-left,opposite,45,85
multilingual,logit,polish-direction-left,left,45,19
multilingual,logit,polish-direction-left,right,45,1
multilingual,logit,polish-direction-left,Polish,52,143429
multilingual,logit,polish-direction-left,opposite,52,1821
multilingual,logit,polish-direction-left,left,52,129
multilingual,logit,polish-direction-left,right,52,1
multilingual,jlens_16p,polish-direction-left,Polish,8,37944
multilingual,jlens_16p,polish-direction-left,opposite,8,142983
multilingual,jlens_16p,polish-direction-left,left,8,182692
multilingual,jlens_16p,polish-direction-left,right,8,69382
multilingual,jlens_16p,polish-direction-left,Polish,15,94548
multilingual,jlens_16p,polish-direction-left,opposite,15,25637
multilingual,jlens_16p,polish-direction-left,left,15,18362
multilingual,jlens_16p,polish-direction-left,right,15,23840
multilingual,jlens_16p,polish-direction-left,Polish,22,95567
multilingual,jlens_16p,polish-direction-left,opposite,22,25815
multilingual,jlens_16p,polish-direction-left,left,22,18205
multilingual,jlens_16p,polish-direction-left,right,22,23562
multilingual,jlens_16p,polish-direction-left,Polish,30,81850
multilingual,jlens_16p,polish-direction-left,opposite,30,53701
multilingual,jlens_16p,polish-direction-left,left,30,170730
multilingual,jlens_16p,polish-direction-left,right,30,90638
multilingual,jlens_16p,polish-direction-left,Polish,38,135579
multilingual,jlens_16p,polish-direction-left,opposite,38,29701
multilingual,jlens_16p,polish-direction-left,left,38,240209
multilingual,jlens_16p,polish-direction-left,right,38,83757
multilingual,jlens_16p,polish-direction-left,Polish,45,128324
multilingual,jlens_16p,polish-direction-left,opposite,45,63
multilingual,jlens_16p,polish-direction-left,left,45,1828
multilingual,jlens_16p,polish-direction-left,right,45,27
multilingual,jlens_16p,polish-direction-left,Polish,52,28045
multilingual,jlens_16p,polish-direction-left,opposite,52,144
multilingual,jlens_16p,polish-direction-left,left,52,73
multilingual,jlens_16p,polish-direction-left,right,52,1
multilingual,rlens_16p,polish-direction-left,Polish,8,182924
multilingual,rlens_16p,polish-direction-left,opposite,8,10032
multilingual,rlens_16p,polish-direction-left,left,8,127773
multilingual,rlens_16p,polish-direction-left,right,8,69565
multilingual,rlens_16p,polish-direction-left,Polish,15,122146
multilingual,rlens_16p,polish-direction-left,opposite,15,12383
multilingual,rlens_16p,polish-direction-left,left,15,105641
multilingual,rlens_16p,polish-direction-left,right,15,66855
multilingual,rlens_16p,polish-direction-left,Polish,22,82608
multilingual,rlens_16p,polish-direction-left,opposite,22,661
multilingual,rlens_16p,polish-direction-left,left,22,69985
multilingual,rlens_16p,polish-direction-left,right,22,44322
multilingual,rlens_16p,polish-direction-left,Polish,30,64626
multilingual,rlens_16p,polish-direction-left,opposite,30,102
multilingual,rlens_16p,polish-direction-left,left,30,42879
multilingual,rlens_16p,polish-direction-left,right,30,7115
multilingual,rlens_16p,polish-direction-left,Polish,38,80350
multilingual,rlens_16p,polish-direction-left,opposite,38,226
multilingual,rlens_16p,polish-direction-left,left,38,36844
multilingual,rlens_16p,polish-direction-left,right,38,5172
multilingual,rlens_16p,polish-direction-left,Polish,45,68739
multilingual,rlens_16p,polish-direction-left,opposite,45,14
multilingual,rlens_16p,polish-direction-left,left,45,31
multilingual,rlens_16p,polish-direction-left,right,45,4
multilingual,rlens_16p,polish-direction-left,Polish,52,8336
multilingual,rlens_16p,polish-direction-left,opposite,52,255
multilingual,rlens_16p,polish-direction-left,left,52,67
multilingual,rlens_16p,polish-direction-left,right,52,1
multilingual,rlens_64p,polish-direction-left,Polish,8,166859
multilingual,rlens_64p,polish-direction-left,opposite,8,13128
multilingual,rlens_64p,polish-direction-left,left,8,136241
multilingual,rlens_64p,polish-direction-left,right,8,71443
multilingual,rlens_64p,polish-direction-left,Polish,15,111730
multilingual,rlens_64p,polish-direction-left,opposite,15,16076
multilingual,rlens_64p,polish-direction-left,left,15,108071
multilingual,rlens_64p,polish-direction-left,right,15,65171
multilingual,rlens_64p,polish-direction-left,Polish,22,65573
multilingual,rlens_64p,polish-direction-left,opposite,22,902
multilingual,rlens_64p,polish-direction-left,left,22,80122
multilingual,rlens_64p,polish-direction-left,right,22,45336
multilingual,rlens_64p,polish-direction-left,Polish,30,46619
multilingual,rlens_64p,polish-direction-left,opposite,30,132
multilingual,rlens_64p,polish-direction-left,left,30,43057
multilingual,rlens_64p,polish-direction-left,right,30,7078
multilingual,rlens_64p,polish-direction-left,Polish,38,59276
multilingual,rlens_64p,polish-direction-left,opposite,38,110
multilingual,rlens_64p,polish-direction-left,left,38,35189
multilingual,rlens_64p,polish-direction-left,right,38,4334
multilingual,rlens_64p,polish-direction-left,Polish,45,72510
multilingual,rlens_64p,polish-direction-left,opposite,45,17
multilingual,rlens_64p,polish-direction-left,left,45,39
multilingual,rlens_64p,polish-direction-left,right,45,3
multilingual,rlens_64p,polish-direction-left,Polish,52,9669
multilingual,rlens_64p,polish-direction-left,opposite,52,261
multilingual,rlens_64p,polish-direction-left,left,52,69
multilingual,rlens_64p,polish-direction-left,right,52,1
multilingual,jpp_64p,polish-direction-left,Polish,8,87671
multilingual,jpp_64p,polish-direction-left,opposite,8,22086
multilingual,jpp_64p,polish-direction-left,left,8,126252
multilingual,jpp_64p,polish-direction-left,right,8,104135
multilingual,jpp_64p,polish-direction-left,Polish,15,81474
multilingual,jpp_64p,polish-direction-left,opposite,15,14682
multilingual,jpp_64p,polish-direction-left,left,15,197038
multilingual,jpp_64p,polish-direction-left,right,15,116643
multilingual,jpp_64p,polish-direction-left,Polish,22,76895
multilingual,jpp_64p,polish-direction-left,opposite,22,444
multilingual,jpp_64p,polish-direction-left,left,22,110038
multilingual,jpp_64p,polish-direction-left,right,22,38393
multilingual,jpp_64p,polish-direction-left,Polish,30,17806
multilingual,jpp_64p,polish-direction-left,opposite,30,15
multilingual,jpp_64p,polish-direction-left,left,30,41983
multilingual,jpp_64p,polish-direction-left,right,30,8087
multilingual,jpp_64p,polish-direction-left,Polish,38,1324
multilingual,jpp_64p,polish-direction-left,opposite,38,4
multilingual,jpp_64p,polish-direction-left,left,38,36355
multilingual,jpp_64p,polish-direction-left,right,38,6882
multilingual,jpp_64p,polish-direction-left,Polish,45,54146
multilingual,jpp_64p,polish-direction-left,opposite,45,24
multilingual,jpp_64p,polish-direction-left,left,45,11
multilingual,jpp_64p,polish-direction-left,right,45,1
multilingual,jpp_64p,polish-direction-left,Polish,52,8361
multilingual,jpp_64p,polish-direction-left,opposite,52,339
multilingual,jpp_64p,polish-direction-left,left,52,56
multilingual,jpp_64p,polish-direction-left,right,52,1
multilingual,logit,german-family-aunt,German,8,55005
multilingual,logit,german-family-aunt,family,8,18580
multilingual,logit,german-family-aunt,sister,8,6241
multilingual,logit,german-family-aunt,aunt,8,16066
multilingual,logit,german-family-aunt,German,15,59257
multilingual,logit,german-family-aunt,family,15,52564
multilingual,logit,german-family-aunt,sister,15,30083
multilingual,logit,german-family-aunt,aunt,15,18816
multilingual,logit,german-family-aunt,German,22,51236
multilingual,logit,german-family-aunt,family,22,45864
multilingual,logit,german-family-aunt,sister,22,59175
multilingual,logit,german-family-aunt,aunt,22,8048
multilingual,logit,german-family-aunt,German,30,11892
multilingual,logit,german-family-aunt,family,30,9869
multilingual,logit,german-family-aunt,sister,30,6677
multilingual,logit,german-family-aunt,aunt,30,3629
multilingual,logit,german-family-aunt,German,38,13986
multilingual,logit,german-family-aunt,family,38,10261
multilingual,logit,german-family-aunt,sister,38,643
multilingual,logit,german-family-aunt,aunt,38,6867
multilingual,logit,german-family-aunt,German,45,1362
multilingual,logit,german-family-aunt,family,45,241
multilingual,logit,german-family-aunt,sister,45,16
multilingual,logit,german-family-aunt,aunt,45,3
multilingual,logit,german-family-aunt,German,52,25290
multilingual,logit,german-family-aunt,family,52,167233
multilingual,logit,german-family-aunt,sister,52,49
multilingual,logit,german-family-aunt,aunt,52,1
multilingual,jlens_16p,german-family-aunt,German,8,17803
multilingual,jlens_16p,german-family-aunt,family,8,22908
multilingual,jlens_16p,german-family-aunt,sister,8,20227
multilingual,jlens_16p,german-family-aunt,aunt,8,24733
multilingual,jlens_16p,german-family-aunt,German,15,91259
multilingual,jlens_16p,german-family-aunt,family,15,89253
multilingual,jlens_16p,german-family-aunt,sister,15,99150
multilingual,jlens_16p,german-family-aunt,aunt,15,190532
multilingual,jlens_16p,german-family-aunt,German,22,90555
multilingual,jlens_16p,german-family-aunt,family,22,88177
multilingual,jlens_16p,german-family-aunt,sister,22,98487
multilingual,jlens_16p,german-family-aunt,aunt,22,188982
multilingual,jlens_16p,german-family-aunt,German,30,46076
multilingual,jlens_16p,german-family-aunt,family,30,87114
multilingual,jlens_16p,german-family-aunt,sister,30,135604
multilingual,jlens_16p,german-family-aunt,aunt,30,129433
multilingual,jlens_16p,german-family-aunt,German,38,56896
multilingual,jlens_16p,german-family-aunt,family,38,87159
multilingual,jlens_16p,german-family-aunt,sister,38,107260
multilingual,jlens_16p,german-family-aunt,aunt,38,84789
multilingual,jlens_16p,german-family-aunt,German,45,46148
multilingual,jlens_16p,german-family-aunt,family,45,49560
multilingual,jlens_16p,german-family-aunt,sister,45,551
multilingual,jlens_16p,german-family-aunt,aunt,45,29
multilingual,jlens_16p,german-family-aunt,German,52,36277
multilingual,jlens_16p,german-family-aunt,family,52,20300
multilingual,jlens_16p,german-family-aunt,sister,52,35
multilingual,jlens_16p,german-family-aunt,aunt,52,1
multilingual,rlens_16p,german-family-aunt,German,8,9234
multilingual,rlens_16p,german-family-aunt,family,8,194628
multilingual,rlens_16p,german-family-aunt,sister,8,175416
multilingual,rlens_16p,german-family-aunt,aunt,8,125834
multilingual,rlens_16p,german-family-aunt,German,15,8329
multilingual,rlens_16p,german-family-aunt,family,15,143152
multilingual,rlens_16p,german-family-aunt,sister,15,81959
multilingual,rlens_16p,german-family-aunt,aunt,15,101927
multilingual,rlens_16p,german-family-aunt,German,22,3614
multilingual,rlens_16p,german-family-aunt,family,22,51824
multilingual,rlens_16p,german-family-aunt,sister,22,24500
multilingual,rlens_16p,german-family-aunt,aunt,22,30583
multilingual,rlens_16p,german-family-aunt,German,30,19405
multilingual,rlens_16p,german-family-aunt,family,30,53737
multilingual,rlens_16p,german-family-aunt,sister,30,28061
multilingual,rlens_16p,german-family-aunt,aunt,30,20507
multilingual,rlens_16p,german-family-aunt,German,38,19542
multilingual,rlens_16p,german-family-aunt,family,38,6425
multilingual,rlens_16p,german-family-aunt,sister,38,4424
multilingual,rlens_16p,german-family-aunt,aunt,38,9152
multilingual,rlens_16p,german-family-aunt,German,45,25498
multilingual,rlens_16p,german-family-aunt,family,45,753
multilingual,rlens_16p,german-family-aunt,sister,45,19
multilingual,rlens_16p,german-family-aunt,aunt,45,6
multilingual,rlens_16p,german-family-aunt,German,52,10652
multilingual,rlens_16p,german-family-aunt,family,52,10652
multilingual,rlens_16p,german-family-aunt,sister,52,21
multilingual,rlens_16p,german-family-aunt,aunt,52,1
multilingual,rlens_64p,german-family-aunt,German,8,8897
multilingual,rlens_64p,german-family-aunt,family,8,195527
multilingual,rlens_64p,german-family-aunt,sister,8,166408
multilingual,rlens_64p,german-family-aunt,aunt,8,141618
multilingual,rlens_64p,german-family-aunt,German,15,8288
multilingual,rlens_64p,german-family-aunt,family,15,145967
multilingual,rlens_64p,german-family-aunt,sister,15,104796
multilingual,rlens_64p,german-family-aunt,aunt,15,112866
multilingual,rlens_64p,german-family-aunt,German,22,3346
multilingual,rlens_64p,german-family-aunt,family,22,51962
multilingual,rlens_64p,german-family-aunt,sister,22,48698
multilingual,rlens_64p,german-family-aunt,aunt,22,47123
multilingual,rlens_64p,german-family-aunt,German,30,14926
multilingual,rlens_64p,german-family-aunt,family,30,64135
multilingual,rlens_64p,german-family-aunt,sister,30,27684
multilingual,rlens_64p,german-family-aunt,aunt,30,26660
multilingual,rlens_64p,german-family-aunt,German,38,18816
multilingual,rlens_64p,german-family-aunt,family,38,9400
multilingual,rlens_64p,german-family-aunt,sister,38,4881
multilingual,rlens_64p,german-family-aunt,aunt,38,15223
multilingual,rlens_64p,german-family-aunt,German,45,22728
multilingual,rlens_64p,german-family-aunt,family,45,913
multilingual,rlens_64p,german-family-aunt,sister,45,17
multilingual,rlens_64p,german-family-aunt,aunt,45,6
multilingual,rlens_64p,german-family-aunt,German,52,9925
multilingual,rlens_64p,german-family-aunt,family,52,11402
multilingual,rlens_64p,german-family-aunt,sister,52,21
multilingual,rlens_64p,german-family-aunt,aunt,52,1
multilingual,jpp_64p,german-family-aunt,German,8,7521
multilingual,jpp_64p,german-family-aunt,family,8,218009
multilingual,jpp_64p,german-family-aunt,sister,8,192747
multilingual,jpp_64p,german-family-aunt,aunt,8,171555
multilingual,jpp_64p,german-family-aunt,German,15,3466
multilingual,jpp_64p,german-family-aunt,family,15,206197
multilingual,jpp_64p,german-family-aunt,sister,15,160274
multilingual,jpp_64p,german-family-aunt,aunt,15,159300
multilingual,jpp_64p,german-family-aunt,German,22,2207
multilingual,jpp_64p,german-family-aunt,family,22,72655
multilingual,jpp_64p,german-family-aunt,sister,22,72210
multilingual,jpp_64p,german-family-aunt,aunt,22,66337
multilingual,jpp_64p,german-family-aunt,German,30,10689
multilingual,jpp_64p,german-family-aunt,family,30,57977
multilingual,jpp_64p,german-family-aunt,sister,30,46408
multilingual,jpp_64p,german-family-aunt,aunt,30,22490
multilingual,jpp_64p,german-family-aunt,German,38,1289
multilingual,jpp_64p,german-family-aunt,family,38,1168
multilingual,jpp_64p,german-family-aunt,sister,38,432
multilingual,jpp_64p,german-family-aunt,aunt,38,3796
multilingual,jpp_64p,german-family-aunt,German,45,6176
multilingual,jpp_64p,german-family-aunt,family,45,167
multilingual,jpp_64p,german-family-aunt,sister,45,10
multilingual,jpp_64p,german-family-aunt,aunt,45,4
multilingual,jpp_64p,german-family-aunt,German,52,13488
multilingual,jpp_64p,german-family-aunt,family,52,8839
multilingual,jpp_64p,german-family-aunt,sister,52,19
multilingual,jpp_64p,german-family-aunt,aunt,52,1
multilingual,logit,french-family-nephew,French,8,132086
multilingual,logit,french-family-nephew,family,8,17057
multilingual,logit,french-family-nephew,son,8,604
multilingual,logit,french-family-nephew,nephew,8,64053
multilingual,logit,french-family-nephew,French,15,78861
multilingual,logit,french-family-nephew,family,15,45641
multilingual,logit,french-family-nephew,son,15,88
multilingual,logit,french-family-nephew,nephew,15,79430
multilingual,logit,french-family-nephew,French,22,52907
multilingual,logit,french-family-nephew,family,22,35625
multilingual,logit,french-family-nephew,son,22,2090
multilingual,logit,french-family-nephew,nephew,22,61241
multilingual,logit,french-family-nephew,French,30,1163
multilingual,logit,french-family-nephew,family,30,17823
multilingual,logit,french-family-nephew,son,30,4798
multilingual,logit,french-family-nephew,nephew,30,54940
multilingual,logit,french-family-nephew,French,38,1710
multilingual,logit,french-family-nephew,family,38,749
multilingual,logit,french-family-nephew,son,38,5324
multilingual,logit,french-family-nephew,nephew,38,53445
multilingual,logit,french-family-nephew,French,45,4025
multilingual,logit,french-family-nephew,family,45,233
multilingual,logit,french-family-nephew,son,45,153
multilingual,logit,french-family-nephew,nephew,45,6
multilingual,logit,french-family-nephew,French,52,5602
multilingual,logit,french-family-nephew,family,52,119146
multilingual,logit,french-family-nephew,son,52,2627
multilingual,logit,french-family-nephew,nephew,52,2
multilingual,jlens_16p,french-family-nephew,French,8,78921
multilingual,jlens_16p,french-family-nephew,family,8,23192
multilingual,jlens_16p,french-family-nephew,son,8,25024
multilingual,jlens_16p,french-family-nephew,nephew,8,80215
multilingual,jlens_16p,french-family-nephew,French,15,77227
multilingual,jlens_16p,french-family-nephew,family,15,88960
multilingual,jlens_16p,french-family-nephew,son,15,40672
multilingual,jlens_16p,french-family-nephew,nephew,15,172594
multilingual,jlens_16p,french-family-nephew,French,22,76540
multilingual,jlens_16p,french-family-nephew,family,22,88302
multilingual,jlens_16p,french-family-nephew,son,22,40902
multilingual,jlens_16p,french-family-nephew,nephew,22,172973
multilingual,jlens_16p,french-family-nephew,French,30,165172
multilingual,jlens_16p,french-family-nephew,family,30,113562
multilingual,jlens_16p,french-family-nephew,son,30,58
multilingual,jlens_16p,french-family-nephew,nephew,30,231360
multilingual,jlens_16p,french-family-nephew,French,38,187167
multilingual,jlens_16p,french-family-nephew,family,38,127410
multilingual,jlens_16p,french-family-nephew,son,38,159
multilingual,jlens_16p,french-family-nephew,nephew,38,165025
multilingual,jlens_16p,french-family-nephew,French,45,152191
multilingual,jlens_16p,french-family-nephew,family,45,68594
multilingual,jlens_16p,french-family-nephew,son,45,6
multilingual,jlens_16p,french-family-nephew,nephew,45,1417
multilingual,jlens_16p,french-family-nephew,French,52,82422
multilingual,jlens_16p,french-family-nephew,family,52,168106
multilingual,jlens_16p,french-family-nephew,son,52,39
multilingual,jlens_16p,french-family-nephew,nephew,52,1
multilingual,rlens_16p,french-family-nephew,French,8,211982
multilingual,rlens_16p,french-family-nephew,family,8,174067
multilingual,rlens_16p,french-family-nephew,son,8,752
multilingual,rlens_16p,french-family-nephew,nephew,8,206495
multilingual,rlens_16p,french-family-nephew,French,15,179236
multilingual,rlens_16p,french-family-nephew,family,15,133266
multilingual,rlens_16p,french-family-nephew,son,15,475
multilingual,rlens_16p,french-family-nephew,nephew,15,157654
multilingual,rlens_16p,french-family-nephew,French,22,186239
multilingual,rlens_16p,french-family-nephew,family,22,46775
multilingual,rlens_16p,french-family-nephew,son,22,1258
multilingual,rlens_16p,french-family-nephew,nephew,22,113018
multilingual,rlens_16p,french-family-nephew,French,30,114465
multilingual,rlens_16p,french-family-nephew,family,30,60415
multilingual,rlens_16p,french-family-nephew,son,30,493
multilingual,rlens_16p,french-family-nephew,nephew,30,150635
multilingual,rlens_16p,french-family-nephew,French,38,99572
multilingual,rlens_16p,french-family-nephew,family,38,2072
multilingual,rlens_16p,french-family-nephew,son,38,965
multilingual,rlens_16p,french-family-nephew,nephew,38,41739
multilingual,rlens_16p,french-family-nephew,French,45,82936
multilingual,rlens_16p,french-family-nephew,family,45,1475
multilingual,rlens_16p,french-family-nephew,son,45,8
multilingual,rlens_16p,french-family-nephew,nephew,45,69
multilingual,rlens_16p,french-family-nephew,French,52,32547
multilingual,rlens_16p,french-family-nephew,family,52,33859
multilingual,rlens_16p,french-family-nephew,son,52,82
multilingual,rlens_16p,french-family-nephew,nephew,52,1
multilingual,rlens_64p,french-family-nephew,French,8,209609
multilingual,rlens_64p,french-family-nephew,family,8,188120
multilingual,rlens_64p,french-family-nephew,son,8,786
multilingual,rlens_64p,french-family-nephew,nephew,8,206690
multilingual,rlens_64p,french-family-nephew,French,15,176475
multilingual,rlens_64p,french-family-nephew,family,15,142596
multilingual,rlens_64p,french-family-nephew,son,15,528
multilingual,rlens_64p,french-family-nephew,nephew,15,157989
multilingual,rlens_64p,french-family-nephew,French,22,178773
multilingual,rlens_64p,french-family-nephew,family,22,55858
multilingual,rlens_64p,french-family-nephew,son,22,1200
multilingual,rlens_64p,french-family-nephew,nephew,22,111824
multilingual,rlens_64p,french-family-nephew,French,30,95440
multilingual,rlens_64p,french-family-nephew,family,30,74787
multilingual,rlens_64p,french-family-nephew,son,30,789
multilingual,rlens_64p,french-family-nephew,nephew,30,147827
multilingual,rlens_64p,french-family-nephew,French,38,89869
multilingual,rlens_64p,french-family-nephew,family,38,5550
multilingual,rlens_64p,french-family-nephew,son,38,664
multilingual,rlens_64p,french-family-nephew,nephew,38,53973
multilingual,rlens_64p,french-family-nephew,French,45,88481
multilingual,rlens_64p,french-family-nephew,family,45,2075
multilingual,rlens_64p,french-family-nephew,son,45,9
multilingual,rlens_64p,french-family-nephew,nephew,45,57
multilingual,rlens_64p,french-family-nephew,French,52,41066
multilingual,rlens_64p,french-family-nephew,family,52,52700
multilingual,rlens_64p,french-family-nephew,son,52,73
multilingual,rlens_64p,french-family-nephew,nephew,52,1
multilingual,jpp_64p,french-family-nephew,French,8,78278
multilingual,jpp_64p,french-family-nephew,family,8,172372
multilingual,jpp_64p,french-family-nephew,son,8,1092
multilingual,jpp_64p,french-family-nephew,nephew,8,65141
multilingual,jpp_64p,french-family-nephew,French,15,131289
multilingual,jpp_64p,french-family-nephew,family,15,191674
multilingual,jpp_64p,french-family-nephew,son,15,387
multilingual,jpp_64p,french-family-nephew,nephew,15,127786
multilingual,jpp_64p,french-family-nephew,French,22,118509
multilingual,jpp_64p,french-family-nephew,family,22,66412
multilingual,jpp_64p,french-family-nephew,son,22,883
multilingual,jpp_64p,french-family-nephew,nephew,22,95615
multilingual,jpp_64p,french-family-nephew,French,30,42013
multilingual,jpp_64p,french-family-nephew,family,30,67295
multilingual,jpp_64p,french-family-nephew,son,30,619
multilingual,jpp_64p,french-family-nephew,nephew,30,98581
multilingual,jpp_64p,french-family-nephew,French,38,22669
multilingual,jpp_64p,french-family-nephew,family,38,216
multilingual,jpp_64p,french-family-nephew,son,38,1991
multilingual,jpp_64p,french-family-nephew,nephew,38,3061
multilingual,jpp_64p,french-family-nephew,French,45,68528
multilingual,jpp_64p,french-family-nephew,family,45,2647
multilingual,jpp_64p,french-family-nephew,son,45,18
multilingual,jpp_64p,french-family-nephew,nephew,45,13
multilingual,jpp_64p,french-family-nephew,French,52,25147
multilingual,jpp_64p,french-family-nephew,family,52,55364
multilingual,jpp_64p,french-family-nephew,son,52,67
multilingual,jpp_64p,french-family-nephew,nephew,52,1
multilingual,logit,ukrainian-opposite-day,Ukrainian,8,65961
multilingual,logit,ukrainian-opposite-day,opposite,8,19260
multilingual,logit,ukrainian-opposite-day,day,8,107399
multilingual,logit,ukrainian-opposite-day,night,8,68755
multilingual,logit,ukrainian-opposite-day,Ukrainian,15,109658
multilingual,logit,ukrainian-opposite-day,opposite,15,40600
multilingual,logit,ukrainian-opposite-day,day,15,191315
multilingual,logit,ukrainian-opposite-day,night,15,81375
multilingual,logit,ukrainian-opposite-day,Ukrainian,22,50710
multilingual,logit,ukrainian-opposite-day,opposite,22,23428
multilingual,logit,ukrainian-opposite-day,day,22,170973
multilingual,logit,ukrainian-opposite-day,night,22,57539
multilingual,logit,ukrainian-opposite-day,Ukrainian,30,17233
multilingual,logit,ukrainian-opposite-day,opposite,30,757
multilingual,logit,ukrainian-opposite-day,day,30,2019
multilingual,logit,ukrainian-opposite-day,night,30,1229
multilingual,logit,ukrainian-opposite-day,Ukrainian,38,7175
multilingual,logit,ukrainian-opposite-day,opposite,38,2927
multilingual,logit,ukrainian-opposite-day,day,38,4858
multilingual,logit,ukrainian-opposite-day,night,38,94
multilingual,logit,ukrainian-opposite-day,Ukrainian,45,2297
multilingual,logit,ukrainian-opposite-day,opposite,45,4687
multilingual,logit,ukrainian-opposite-day,day,45,41
multilingual,logit,ukrainian-opposite-day,night,45,2
multilingual,logit,ukrainian-opposite-day,Ukrainian,52,2387
multilingual,logit,ukrainian-opposite-day,opposite,52,17814
multilingual,logit,ukrainian-opposite-day,day,52,218
multilingual,logit,ukrainian-opposite-day,night,52,1
multilingual,jlens_16p,ukrainian-opposite-day,Ukrainian,8,248515
multilingual,jlens_16p,ukrainian-opposite-day,opposite,8,143181
multilingual,jlens_16p,ukrainian-opposite-day,day,8,150203
multilingual,jlens_16p,ukrainian-opposite-day,night,8,25043
multilingual,jlens_16p,ukrainian-opposite-day,Ukrainian,15,2892
multilingual,jlens_16p,ukrainian-opposite-day,opposite,15,25746
multilingual,jlens_16p,ukrainian-opposite-day,day,15,26417
multilingual,jlens_16p,ukrainian-opposite-day,night,15,79080
multilingual,jlens_16p,ukrainian-opposite-day,Ukrainian,22,2945
multilingual,jlens_16p,ukrainian-opposite-day,opposite,22,25805
multilingual,jlens_16p,ukrainian-opposite-day,day,22,25940
multilingual,jlens_16p,ukrainian-opposite-day,night,22,79533
multilingual,jlens_16p,ukrainian-opposite-day,Ukrainian,30,62342
multilingual,jlens_16p,ukrainian-opposite-day,opposite,30,57061
multilingual,jlens_16p,ukrainian-opposite-day,day,30,57061
multilingual,jlens_16p,ukrainian-opposite-day,night,30,66848
multilingual,jlens_16p,ukrainian-opposite-day,Ukrainian,38,161462
multilingual,jlens_16p,ukrainian-opposite-day,opposite,38,52381
multilingual,jlens_16p,ukrainian-opposite-day,day,38,40839
multilingual,jlens_16p,ukrainian-opposite-day,night,38,20268
multilingual,jlens_16p,ukrainian-opposite-day,Ukrainian,45,188890
multilingual,jlens_16p,ukrainian-opposite-day,opposite,45,42830
multilingual,jlens_16p,ukrainian-opposite-day,day,45,26617
multilingual,jlens_16p,ukrainian-opposite-day,night,45,19
multilingual,jlens_16p,ukrainian-opposite-day,Ukrainian,52,118021
multilingual,jlens_16p,ukrainian-opposite-day,opposite,52,64005
multilingual,jlens_16p,ukrainian-opposite-day,day,52,163
multilingual,jlens_16p,ukrainian-opposite-day,night,52,1
multilingual,rlens_16p,ukrainian-opposite-day,Ukrainian,8,62582
multilingual,rlens_16p,ukrainian-opposite-day,opposite,8,6254
multilingual,rlens_16p,ukrainian-opposite-day,day,8,202733
multilingual,rlens_16p,ukrainian-opposite-day,night,8,83621
multilingual,rlens_16p,ukrainian-opposite-day,Ukrainian,15,56167
multilingual,rlens_16p,ukrainian-opposite-day,opposite,15,10741
multilingual,rlens_16p,ukrainian-opposite-day,day,15,224279
multilingual,rlens_16p,ukrainian-opposite-day,night,15,117700
multilingual,rlens_16p,ukrainian-opposite-day,Ukrainian,22,32816
multilingual,rlens_16p,ukrainian-opposite-day,opposite,22,1020
multilingual,rlens_16p,ukrainian-opposite-day,day,22,197253
multilingual,rlens_16p,ukrainian-opposite-day,night,22,51419
multilingual,rlens_16p,ukrainian-opposite-day,Ukrainian,30,139142
multilingual,rlens_16p,ukrainian-opposite-day,opposite,30,338
multilingual,rlens_16p,ukrainian-opposite-day,day,30,106966
multilingual,rlens_16p,ukrainian-opposite-day,night,30,12788
multilingual,rlens_16p,ukrainian-opposite-day,Ukrainian,38,213293
multilingual,rlens_16p,ukrainian-opposite-day,opposite,38,58
multilingual,rlens_16p,ukrainian-opposite-day,day,38,12529
multilingual,rlens_16p,ukrainian-opposite-day,night,38,54
multilingual,rlens_16p,ukrainian-opposite-day,Ukrainian,45,225808
multilingual,rlens_16p,ukrainian-opposite-day,opposite,45,12521
multilingual,rlens_16p,ukrainian-opposite-day,day,45,1382
multilingual,rlens_16p,ukrainian-opposite-day,night,45,2
multilingual,rlens_16p,ukrainian-opposite-day,Ukrainian,52,76126
multilingual,rlens_16p,ukrainian-opposite-day,opposite,52,22158
multilingual,rlens_16p,ukrainian-opposite-day,day,52,159
multilingual,rlens_16p,ukrainian-opposite-day,night,52,1
multilingual,rlens_64p,ukrainian-opposite-day,Ukrainian,8,57948
multilingual,rlens_64p,ukrainian-opposite-day,opposite,8,9031
multilingual,rlens_64p,ukrainian-opposite-day,day,8,205794
multilingual,rlens_64p,ukrainian-opposite-day,night,8,91396
multilingual,rlens_64p,ukrainian-opposite-day,Ukrainian,15,46932
multilingual,rlens_64p,ukrainian-opposite-day,opposite,15,14981
multilingual,rlens_64p,ukrainian-opposite-day,day,15,229127
multilingual,rlens_64p,ukrainian-opposite-day,night,15,114745
multilingual,rlens_64p,ukrainian-opposite-day,Ukrainian,22,18966
multilingual,rlens_64p,ukrainian-opposite-day,opposite,22,1344
multilingual,rlens_64p,ukrainian-opposite-day,day,22,195734
multilingual,rlens_64p,ukrainian-opposite-day,night,22,52161
multilingual,rlens_64p,ukrainian-opposite-day,Ukrainian,30,118963
multilingual,rlens_64p,ukrainian-opposite-day,opposite,30,376
multilingual,rlens_64p,ukrainian-opposite-day,day,30,114361
multilingual,rlens_64p,ukrainian-opposite-day,night,30,5688
multilingual,rlens_64p,ukrainian-opposite-day,Ukrainian,38,203251
multilingual,rlens_64p,ukrainian-opposite-day,opposite,38,57
multilingual,rlens_64p,ukrainian-opposite-day,day,38,25227
multilingual,rlens_64p,ukrainian-opposite-day,night,38,33
multilingual,rlens_64p,ukrainian-opposite-day,Ukrainian,45,228077
multilingual,rlens_64p,ukrainian-opposite-day,opposite,45,10262
multilingual,rlens_64p,ukrainian-opposite-day,day,45,1459
multilingual,rlens_64p,ukrainian-opposite-day,night,45,2
multilingual,rlens_64p,ukrainian-opposite-day,Ukrainian,52,68917
multilingual,rlens_64p,ukrainian-opposite-day,opposite,52,18170
multilingual,rlens_64p,ukrainian-opposite-day,day,52,168
multilingual,rlens_64p,ukrainian-opposite-day,night,52,1
multilingual,jpp_64p,ukrainian-opposite-day,Ukrainian,8,117413
multilingual,jpp_64p,ukrainian-opposite-day,opposite,8,35799
multilingual,jpp_64p,ukrainian-opposite-day,day,8,129382
multilingual,jpp_64p,ukrainian-opposite-day,night,8,12480
multilingual,jpp_64p,ukrainian-opposite-day,Ukrainian,15,101111
multilingual,jpp_64p,ukrainian-opposite-day,opposite,15,53128
multilingual,jpp_64p,ukrainian-opposite-day,day,15,209864
multilingual,jpp_64p,ukrainian-opposite-day,night,15,44497
multilingual,jpp_64p,ukrainian-opposite-day,Ukrainian,22,61456
multilingual,jpp_64p,ukrainian-opposite-day,opposite,22,1472
multilingual,jpp_64p,ukrainian-opposite-day,day,22,180070
multilingual,jpp_64p,ukrainian-opposite-day,night,22,9981
multilingual,jpp_64p,ukrainian-opposite-day,Ukrainian,30,94371
multilingual,jpp_64p,ukrainian-opposite-day,opposite,30,25
multilingual,jpp_64p,ukrainian-opposite-day,day,30,51939
multilingual,jpp_64p,ukrainian-opposite-day,night,30,400
multilingual,jpp_64p,ukrainian-opposite-day,Ukrainian,38,123682
multilingual,jpp_64p,ukrainian-opposite-day,opposite,38,20
multilingual,jpp_64p,ukrainian-opposite-day,day,38,1075
multilingual,jpp_64p,ukrainian-opposite-day,night,38,1
multilingual,jpp_64p,ukrainian-opposite-day,Ukrainian,45,175755
multilingual,jpp_64p,ukrainian-opposite-day,opposite,45,914
multilingual,jpp_64p,ukrainian-opposite-day,day,45,53
multilingual,jpp_64p,ukrainian-opposite-day,night,45,1
multilingual,jpp_64p,ukrainian-opposite-day,Ukrainian,52,38866
multilingual,jpp_64p,ukrainian-opposite-day,opposite,52,23907
multilingual,jpp_64p,ukrainian-opposite-day,day,52,151
multilingual,jpp_64p,ukrainian-opposite-day,night,52,1
multilingual,logit,bulgarian-color-grass,Bulgarian,8,128597
multilingual,logit,bulgarian-color-grass,color,8,160447
multilingual,logit,bulgarian-color-grass,grass,8,57428
multilingual,logit,bulgarian-color-grass,green,8,142179
multilingual,logit,bulgarian-color-grass,Bulgarian,15,104025
multilingual,logit,bulgarian-color-grass,color,15,109456
multilingual,logit,bulgarian-color-grass,grass,15,49769
multilingual,logit,bulgarian-color-grass,green,15,100322
multilingual,logit,bulgarian-color-grass,Bulgarian,22,32189
multilingual,logit,bulgarian-color-grass,color,22,64849
multilingual,logit,bulgarian-color-grass,grass,22,18434
multilingual,logit,bulgarian-color-grass,green,22,26003
multilingual,logit,bulgarian-color-grass,Bulgarian,30,110304
multilingual,logit,bulgarian-color-grass,color,30,42867
multilingual,logit,bulgarian-color-grass,grass,30,34028
multilingual,logit,bulgarian-color-grass,green,30,6831
multilingual,logit,bulgarian-color-grass,Bulgarian,38,102137
multilingual,logit,bulgarian-color-grass,color,38,9694
multilingual,logit,bulgarian-color-grass,grass,38,112947
multilingual,logit,bulgarian-color-grass,green,38,3162
multilingual,logit,bulgarian-color-grass,Bulgarian,45,2198
multilingual,logit,bulgarian-color-grass,color,45,26
multilingual,logit,bulgarian-color-grass,grass,45,22369
multilingual,logit,bulgarian-color-grass,green,45,131
multilingual,logit,bulgarian-color-grass,Bulgarian,52,37533
multilingual,logit,bulgarian-color-grass,color,52,6175
multilingual,logit,bulgarian-color-grass,grass,52,97
multilingual,logit,bulgarian-color-grass,green,52,1
multilingual,jlens_16p,bulgarian-color-grass,Bulgarian,8,123146
multilingual,jlens_16p,bulgarian-color-grass,color,8,19884
multilingual,jlens_16p,bulgarian-color-grass,grass,8,5933
multilingual,jlens_16p,bulgarian-color-grass,green,8,1701
multilingual,jlens_16p,bulgarian-color-grass,Bulgarian,15,130828
multilingual,jlens_16p,bulgarian-color-grass,color,15,146978
multilingual,jlens_16p,bulgarian-color-grass,grass,15,135260
multilingual,jlens_16p,bulgarian-color-grass,green,15,224965
multilingual,jlens_16p,bulgarian-color-grass,Bulgarian,22,127946
multilingual,jlens_16p,bulgarian-color-grass,color,22,149407
multilingual,jlens_16p,bulgarian-color-grass,grass,22,130197
multilingual,jlens_16p,bulgarian-color-grass,green,22,223813
multilingual,jlens_16p,bulgarian-color-grass,Bulgarian,30,185985
multilingual,jlens_16p,bulgarian-color-grass,color,30,25871
multilingual,jlens_16p,bulgarian-color-grass,grass,30,156717
multilingual,jlens_16p,bulgarian-color-grass,green,30,212420
multilingual,jlens_16p,bulgarian-color-grass,Bulgarian,38,154026
multilingual,jlens_16p,bulgarian-color-grass,color,38,15983
multilingual,jlens_16p,bulgarian-color-grass,grass,38,178081
multilingual,jlens_16p,bulgarian-color-grass,green,38,179277
multilingual,jlens_16p,bulgarian-color-grass,Bulgarian,45,103603
multilingual,jlens_16p,bulgarian-color-grass,color,45,2288
multilingual,jlens_16p,bulgarian-color-grass,grass,45,143195
multilingual,jlens_16p,bulgarian-color-grass,green,45,93077
multilingual,jlens_16p,bulgarian-color-grass,Bulgarian,52,103062
multilingual,jlens_16p,bulgarian-color-grass,color,52,8881
multilingual,jlens_16p,bulgarian-color-grass,grass,52,11677
multilingual,jlens_16p,bulgarian-color-grass,green,52,3
multilingual,rlens_16p,bulgarian-color-grass,Bulgarian,8,150749
multilingual,rlens_16p,bulgarian-color-grass,color,8,75341
multilingual,rlens_16p,bulgarian-color-grass,grass,8,106558
multilingual,rlens_16p,bulgarian-color-grass,green,8,96811
multilingual,rlens_16p,bulgarian-color-grass,Bulgarian,15,159529
multilingual,rlens_16p,bulgarian-color-grass,color,15,24235
multilingual,rlens_16p,bulgarian-color-grass,grass,15,88022
multilingual,rlens_16p,bulgarian-color-grass,green,15,59678
multilingual,rlens_16p,bulgarian-color-grass,Bulgarian,22,161982
multilingual,rlens_16p,bulgarian-color-grass,color,22,1580
multilingual,rlens_16p,bulgarian-color-grass,grass,22,59526
multilingual,rlens_16p,bulgarian-color-grass,green,22,32075
multilingual,rlens_16p,bulgarian-color-grass,Bulgarian,30,187293
multilingual,rlens_16p,bulgarian-color-grass,color,30,1405
multilingual,rlens_16p,bulgarian-color-grass,grass,30,60960
multilingual,rlens_16p,bulgarian-color-grass,green,30,31118
multilingual,rlens_16p,bulgarian-color-grass,Bulgarian,38,187502
multilingual,rlens_16p,bulgarian-color-grass,color,38,3264
multilingual,rlens_16p,bulgarian-color-grass,grass,38,61421
multilingual,rlens_16p,bulgarian-color-grass,green,38,14263
multilingual,rlens_16p,bulgarian-color-grass,Bulgarian,45,81198
multilingual,rlens_16p,bulgarian-color-grass,color,45,25
multilingual,rlens_16p,bulgarian-color-grass,grass,45,6571
multilingual,rlens_16p,bulgarian-color-grass,green,45,854
multilingual,rlens_16p,bulgarian-color-grass,Bulgarian,52,75978
multilingual,rlens_16p,bulgarian-color-grass,color,52,235
multilingual,rlens_16p,bulgarian-color-grass,grass,52,115
multilingual,rlens_16p,bulgarian-color-grass,green,52,2
multilingual,rlens_64p,bulgarian-color-grass,Bulgarian,8,152144
multilingual,rlens_64p,bulgarian-color-grass,color,8,82548
multilingual,rlens_64p,bulgarian-color-grass,grass,8,112473
multilingual,rlens_64p,bulgarian-color-grass,green,8,100751
multilingual,rlens_64p,bulgarian-color-grass,Bulgarian,15,155506
multilingual,rlens_64p,bulgarian-color-grass,color,15,28702
multilingual,rlens_64p,bulgarian-color-grass,grass,15,86670
multilingual,rlens_64p,bulgarian-color-grass,green,15,65803
multilingual,rlens_64p,bulgarian-color-grass,Bulgarian,22,146278
multilingual,rlens_64p,bulgarian-color-grass,color,22,2031
multilingual,rlens_64p,bulgarian-color-grass,grass,22,58397
multilingual,rlens_64p,bulgarian-color-grass,green,22,30449
multilingual,rlens_64p,bulgarian-color-grass,Bulgarian,30,165102
multilingual,rlens_64p,bulgarian-color-grass,color,30,1847
multilingual,rlens_64p,bulgarian-color-grass,grass,30,74091
multilingual,rlens_64p,bulgarian-color-grass,green,30,40409
multilingual,rlens_64p,bulgarian-color-grass,Bulgarian,38,175746
multilingual,rlens_64p,bulgarian-color-grass,color,38,3989
multilingual,rlens_64p,bulgarian-color-grass,grass,38,58597
multilingual,rlens_64p,bulgarian-color-grass,green,38,15667
multilingual,rlens_64p,bulgarian-color-grass,Bulgarian,45,77542
multilingual,rlens_64p,bulgarian-color-grass,color,45,29
multilingual,rlens_64p,bulgarian-color-grass,grass,45,8908
multilingual,rlens_64p,bulgarian-color-grass,green,45,786
multilingual,rlens_64p,bulgarian-color-grass,Bulgarian,52,67961
multilingual,rlens_64p,bulgarian-color-grass,color,52,287
multilingual,rlens_64p,bulgarian-color-grass,grass,52,106
multilingual,rlens_64p,bulgarian-color-grass,green,52,2
multilingual,jpp_64p,bulgarian-color-grass,Bulgarian,8,103132
multilingual,jpp_64p,bulgarian-color-grass,color,8,15844
multilingual,jpp_64p,bulgarian-color-grass,grass,8,179635
multilingual,jpp_64p,bulgarian-color-grass,green,8,73373
multilingual,jpp_64p,bulgarian-color-grass,Bulgarian,15,165001
multilingual,jpp_64p,bulgarian-color-grass,color,15,25607
multilingual,jpp_64p,bulgarian-color-grass,grass,15,120520
multilingual,jpp_64p,bulgarian-color-grass,green,15,61805
multilingual,jpp_64p,bulgarian-color-grass,Bulgarian,22,154646
multilingual,jpp_64p,bulgarian-color-grass,color,22,3883
multilingual,jpp_64p,bulgarian-color-grass,grass,22,35664
multilingual,jpp_64p,bulgarian-color-grass,green,22,39676
multilingual,jpp_64p,bulgarian-color-grass,Bulgarian,30,112408
multilingual,jpp_64p,bulgarian-color-grass,color,30,274
multilingual,jpp_64p,bulgarian-color-grass,grass,30,49224
multilingual,jpp_64p,bulgarian-color-grass,green,30,9264
multilingual,jpp_64p,bulgarian-color-grass,Bulgarian,38,134745
multilingual,jpp_64p,bulgarian-color-grass,color,38,153
multilingual,jpp_64p,bulgarian-color-grass,grass,38,68438
multilingual,jpp_64p,bulgarian-color-grass,green,38,1284
multilingual,jpp_64p,bulgarian-color-grass,Bulgarian,45,71407
multilingual,jpp_64p,bulgarian-color-grass,color,45,6
multilingual,jpp_64p,bulgarian-color-grass,grass,45,3396
multilingual,jpp_64p,bulgarian-color-grass,green,45,22
multilingual,jpp_64p,bulgarian-color-grass,Bulgarian,52,74111
multilingual,jpp_64p,bulgarian-color-grass,color,52,161
multilingual,jpp_64p,bulgarian-color-grass,grass,52,87
multilingual,jpp_64p,bulgarian-color-grass,green,52,1
multilingual,logit,serbian-opposite-day,Serbian,8,72239
multilingual,logit,serbian-opposite-day,opposite,8,13977
multilingual,logit,serbian-opposite-day,day,8,97616
multilingual,logit,serbian-opposite-day,night,8,51374
multilingual,logit,serbian-opposite-day,Serbian,15,52072
multilingual,logit,serbian-opposite-day,opposite,15,19262
multilingual,logit,serbian-opposite-day,day,15,122045
multilingual,logit,serbian-opposite-day,night,15,58534
multilingual,logit,serbian-opposite-day,Serbian,22,20187
multilingual,logit,serbian-opposite-day,opposite,22,17211
multilingual,logit,serbian-opposite-day,day,22,129048
multilingual,logit,serbian-opposite-day,night,22,93742
multilingual,logit,serbian-opposite-day,Serbian,30,79720
multilingual,logit,serbian-opposite-day,opposite,30,715
multilingual,logit,serbian-opposite-day,day,30,2189
multilingual,logit,serbian-opposite-day,night,30,3023
multilingual,logit,serbian-opposite-day,Serbian,38,150820
multilingual,logit,serbian-opposite-day,opposite,38,199
multilingual,logit,serbian-opposite-day,day,38,2560
multilingual,logit,serbian-opposite-day,night,38,238
multilingual,logit,serbian-opposite-day,Serbian,45,3680
multilingual,logit,serbian-opposite-day,opposite,45,1349
multilingual,logit,serbian-opposite-day,day,45,82
multilingual,logit,serbian-opposite-day,night,45,3
multilingual,logit,serbian-opposite-day,Serbian,52,105316
multilingual,logit,serbian-opposite-day,opposite,52,31587
multilingual,logit,serbian-opposite-day,day,52,50
multilingual,logit,serbian-opposite-day,night,52,1
multilingual,jlens_16p,serbian-opposite-day,Serbian,8,130206
multilingual,jlens_16p,serbian-opposite-day,opposite,8,143330
multilingual,jlens_16p,serbian-opposite-day,day,8,150306
multilingual,jlens_16p,serbian-opposite-day,night,8,25194
multilingual,jlens_16p,serbian-opposite-day,Serbian,15,122916
multilingual,jlens_16p,serbian-opposite-day,opposite,15,25648
multilingual,jlens_16p,serbian-opposite-day,day,15,26445
multilingual,jlens_16p,serbian-opposite-day,night,15,78864
multilingual,jlens_16p,serbian-opposite-day,Serbian,22,122689
multilingual,jlens_16p,serbian-opposite-day,opposite,22,25795
multilingual,jlens_16p,serbian-opposite-day,day,22,25929
multilingual,jlens_16p,serbian-opposite-day,night,22,79350
multilingual,jlens_16p,serbian-opposite-day,Serbian,30,99855
multilingual,jlens_16p,serbian-opposite-day,opposite,30,79454
multilingual,jlens_16p,serbian-opposite-day,day,30,45719
multilingual,jlens_16p,serbian-opposite-day,night,30,87461
multilingual,jlens_16p,serbian-opposite-day,Serbian,38,51370
multilingual,jlens_16p,serbian-opposite-day,opposite,38,57547
multilingual,jlens_16p,serbian-opposite-day,day,38,33744
multilingual,jlens_16p,serbian-opposite-day,night,38,36947
multilingual,jlens_16p,serbian-opposite-day,Serbian,45,58371
multilingual,jlens_16p,serbian-opposite-day,opposite,45,20413
multilingual,jlens_16p,serbian-opposite-day,day,45,41300
multilingual,jlens_16p,serbian-opposite-day,night,45,182
multilingual,jlens_16p,serbian-opposite-day,Serbian,52,37102
multilingual,jlens_16p,serbian-opposite-day,opposite,52,102249
multilingual,jlens_16p,serbian-opposite-day,day,52,54
multilingual,jlens_16p,serbian-opposite-day,night,52,1
multilingual,rlens_16p,serbian-opposite-day,Serbian,8,74586
multilingual,rlens_16p,serbian-opposite-day,opposite,8,2962
multilingual,rlens_16p,serbian-opposite-day,day,8,206115
multilingual,rlens_16p,serbian-opposite-day,night,8,150724
multilingual,rlens_16p,serbian-opposite-day,Serbian,15,76321
multilingual,rlens_16p,serbian-opposite-day,opposite,15,9371
multilingual,rlens_16p,serbian-opposite-day,day,15,206009
multilingual,rlens_16p,serbian-opposite-day,night,15,172701
multilingual,rlens_16p,serbian-opposite-day,Serbian,22,65852
multilingual,rlens_16p,serbian-opposite-day,opposite,22,1166
multilingual,rlens_16p,serbian-opposite-day,day,22,200643
multilingual,rlens_16p,serbian-opposite-day,night,22,101622
multilingual,rlens_16p,serbian-opposite-day,Serbian,30,89325
multilingual,rlens_16p,serbian-opposite-day,opposite,30,428
multilingual,rlens_16p,serbian-opposite-day,day,30,124283
multilingual,rlens_16p,serbian-opposite-day,night,30,29788
multilingual,rlens_16p,serbian-opposite-day,Serbian,38,145806
multilingual,rlens_16p,serbian-opposite-day,opposite,38,55
multilingual,rlens_16p,serbian-opposite-day,day,38,32249
multilingual,rlens_16p,serbian-opposite-day,night,38,1671
multilingual,rlens_16p,serbian-opposite-day,Serbian,45,151440
multilingual,rlens_16p,serbian-opposite-day,opposite,45,1802
multilingual,rlens_16p,serbian-opposite-day,day,45,14325
multilingual,rlens_16p,serbian-opposite-day,night,45,10
multilingual,rlens_16p,serbian-opposite-day,Serbian,52,77972
multilingual,rlens_16p,serbian-opposite-day,opposite,52,86187
multilingual,rlens_16p,serbian-opposite-day,day,52,61
multilingual,rlens_16p,serbian-opposite-day,night,52,1
multilingual,rlens_64p,serbian-opposite-day,Serbian,8,66165
multilingual,rlens_64p,serbian-opposite-day,opposite,8,4591
multilingual,rlens_64p,serbian-opposite-day,day,8,216440
multilingual,rlens_64p,serbian-opposite-day,night,8,161299
multilingual,rlens_64p,serbian-opposite-day,Serbian,15,68768
multilingual,rlens_64p,serbian-opposite-day,opposite,15,12375
multilingual,rlens_64p,serbian-opposite-day,day,15,221447
multilingual,rlens_64p,serbian-opposite-day,night,15,173613
multilingual,rlens_64p,serbian-opposite-day,Serbian,22,50790
multilingual,rlens_64p,serbian-opposite-day,opposite,22,1898
multilingual,rlens_64p,serbian-opposite-day,day,22,212880
multilingual,rlens_64p,serbian-opposite-day,night,22,108873
multilingual,rlens_64p,serbian-opposite-day,Serbian,30,74222
multilingual,rlens_64p,serbian-opposite-day,opposite,30,482
multilingual,rlens_64p,serbian-opposite-day,day,30,138678
multilingual,rlens_64p,serbian-opposite-day,night,30,17290
multilingual,rlens_64p,serbian-opposite-day,Serbian,38,141887
multilingual,rlens_64p,serbian-opposite-day,opposite,38,57
multilingual,rlens_64p,serbian-opposite-day,day,38,42132
multilingual,rlens_64p,serbian-opposite-day,night,38,770
multilingual,rlens_64p,serbian-opposite-day,Serbian,45,155171
multilingual,rlens_64p,serbian-opposite-day,opposite,45,1884
multilingual,rlens_64p,serbian-opposite-day,day,45,14342
multilingual,rlens_64p,serbian-opposite-day,night,45,8
multilingual,rlens_64p,serbian-opposite-day,Serbian,52,84420
multilingual,rlens_64p,serbian-opposite-day,opposite,52,86122
multilingual,rlens_64p,serbian-opposite-day,day,52,62
multilingual,rlens_64p,serbian-opposite-day,night,52,1
multilingual,jpp_64p,serbian-opposite-day,Serbian,8,179248
multilingual,jpp_64p,serbian-opposite-day,opposite,8,25349
multilingual,jpp_64p,serbian-opposite-day,day,8,157716
multilingual,jpp_64p,serbian-opposite-day,night,8,39281
multilingual,jpp_64p,serbian-opposite-day,Serbian,15,89715
multilingual,jpp_64p,serbian-opposite-day,opposite,15,65056
multilingual,jpp_64p,serbian-opposite-day,day,15,200888
multilingual,jpp_64p,serbian-opposite-day,night,15,109045
multilingual,jpp_64p,serbian-opposite-day,Serbian,22,101094
multilingual,jpp_64p,serbian-opposite-day,opposite,22,1424
multilingual,jpp_64p,serbian-opposite-day,day,22,179189
multilingual,jpp_64p,serbian-opposite-day,night,22,55689
multilingual,jpp_64p,serbian-opposite-day,Serbian,30,49194
multilingual,jpp_64p,serbian-opposite-day,opposite,30,21
multilingual,jpp_64p,serbian-opposite-day,day,30,69554
multilingual,jpp_64p,serbian-opposite-day,night,30,3310
multilingual,jpp_64p,serbian-opposite-day,Serbian,38,59971
multilingual,jpp_64p,serbian-opposite-day,opposite,38,1
multilingual,jpp_64p,serbian-opposite-day,day,38,7869
multilingual,jpp_64p,serbian-opposite-day,night,38,6
multilingual,jpp_64p,serbian-opposite-day,Serbian,45,83235
multilingual,jpp_64p,serbian-opposite-day,opposite,45,2027
multilingual,jpp_64p,serbian-opposite-day,day,45,34
multilingual,jpp_64p,serbian-opposite-day,night,45,1
multilingual,jpp_64p,serbian-opposite-day,Serbian,52,44163
multilingual,jpp_64p,serbian-opposite-day,opposite,52,110518
multilingual,jpp_64p,serbian-opposite-day,day,52,59
multilingual,jpp_64p,serbian-opposite-day,night,52,1
multilingual,logit,croatian-opposite-big,Croatian,8,51222
multilingual,logit,croatian-opposite-big,opposite,8,22704
multilingual,logit,croatian-opposite-big,big,8,51222
multilingual,logit,croatian-opposite-big,small,8,87854
multilingual,logit,croatian-opposite-big,Croatian,15,43467
multilingual,logit,croatian-opposite-big,opposite,15,25369
multilingual,logit,croatian-opposite-big,big,15,53354
multilingual,logit,croatian-opposite-big,small,15,66959
multilingual,logit,croatian-opposite-big,Croatian,22,14915
multilingual,logit,croatian-opposite-big,opposite,22,18368
multilingual,logit,croatian-opposite-big,big,22,80724
multilingual,logit,croatian-opposite-big,small,22,56646
multilingual,logit,croatian-opposite-big,Croatian,30,64402
multilingual,logit,croatian-opposite-big,opposite,30,841
multilingual,logit,croatian-opposite-big,big,30,50863
multilingual,logit,croatian-opposite-big,small,30,7791
multilingual,logit,croatian-opposite-big,Croatian,38,106309
multilingual,logit,croatian-opposite-big,opposite,38,1811
multilingual,logit,croatian-opposite-big,big,38,41276
multilingual,logit,croatian-opposite-big,small,38,7047
multilingual,logit,croatian-opposite-big,Croatian,45,37105
multilingual,logit,croatian-opposite-big,opposite,45,591
multilingual,logit,croatian-opposite-big,big,45,1754
multilingual,logit,croatian-opposite-big,small,45,4
multilingual,logit,croatian-opposite-big,Croatian,52,178188
multilingual,logit,croatian-opposite-big,opposite,52,2715
multilingual,logit,croatian-opposite-big,big,52,34619
multilingual,logit,croatian-opposite-big,small,52,1
multilingual,jlens_16p,croatian-opposite-big,Croatian,8,161879
multilingual,jlens_16p,croatian-opposite-big,opposite,8,142495
multilingual,jlens_16p,croatian-opposite-big,big,8,121994
multilingual,jlens_16p,croatian-opposite-big,small,8,205176
multilingual,jlens_16p,croatian-opposite-big,Croatian,15,73241
multilingual,jlens_16p,croatian-opposite-big,opposite,15,25626
multilingual,jlens_16p,croatian-opposite-big,big,15,30916
multilingual,jlens_16p,croatian-opposite-big,small,15,6066
multilingual,jlens_16p,croatian-opposite-big,Croatian,22,73317
multilingual,jlens_16p,croatian-opposite-big,opposite,22,26029
multilingual,jlens_16p,croatian-opposite-big,big,22,30759
multilingual,jlens_16p,croatian-opposite-big,small,22,6064
multilingual,jlens_16p,croatian-opposite-big,Croatian,30,62473
multilingual,jlens_16p,croatian-opposite-big,opposite,30,97162
multilingual,jlens_16p,croatian-opposite-big,big,30,72306
multilingual,jlens_16p,croatian-opposite-big,small,30,97162
multilingual,jlens_16p,croatian-opposite-big,Croatian,38,88014
multilingual,jlens_16p,croatian-opposite-big,opposite,38,52761
multilingual,jlens_16p,croatian-opposite-big,big,38,39002
multilingual,jlens_16p,croatian-opposite-big,small,38,110998
multilingual,jlens_16p,croatian-opposite-big,Croatian,45,42729
multilingual,jlens_16p,croatian-opposite-big,opposite,45,14382
multilingual,jlens_16p,croatian-opposite-big,big,45,7457
multilingual,jlens_16p,croatian-opposite-big,small,45,4
multilingual,jlens_16p,croatian-opposite-big,Croatian,52,4823
multilingual,jlens_16p,croatian-opposite-big,opposite,52,14350
multilingual,jlens_16p,croatian-opposite-big,big,52,419
multilingual,jlens_16p,croatian-opposite-big,small,52,1
multilingual,rlens_16p,croatian-opposite-big,Croatian,8,31224
multilingual,rlens_16p,croatian-opposite-big,opposite,8,18826
multilingual,rlens_16p,croatian-opposite-big,big,8,26361
multilingual,rlens_16p,croatian-opposite-big,small,8,93633
multilingual,rlens_16p,croatian-opposite-big,Croatian,15,7090
multilingual,rlens_16p,croatian-opposite-big,opposite,15,38749
multilingual,rlens_16p,croatian-opposite-big,big,15,17787
multilingual,rlens_16p,croatian-opposite-big,small,15,53721
multilingual,rlens_16p,croatian-opposite-big,Croatian,22,2019
multilingual,rlens_16p,croatian-opposite-big,opposite,22,2896
multilingual,rlens_16p,croatian-opposite-big,big,22,13547
multilingual,rlens_16p,croatian-opposite-big,small,22,12997
multilingual,rlens_16p,croatian-opposite-big,Croatian,30,25508
multilingual,rlens_16p,croatian-opposite-big,opposite,30,1138
multilingual,rlens_16p,croatian-opposite-big,big,30,43185
multilingual,rlens_16p,croatian-opposite-big,small,30,84646
multilingual,rlens_16p,croatian-opposite-big,Croatian,38,40941
multilingual,rlens_16p,croatian-opposite-big,opposite,38,58
multilingual,rlens_16p,croatian-opposite-big,big,38,30940
multilingual,rlens_16p,croatian-opposite-big,small,38,77110
multilingual,rlens_16p,croatian-opposite-big,Croatian,45,43808
multilingual,rlens_16p,croatian-opposite-big,opposite,45,473
multilingual,rlens_16p,croatian-opposite-big,big,45,341
multilingual,rlens_16p,croatian-opposite-big,small,45,5
multilingual,rlens_16p,croatian-opposite-big,Croatian,52,5100
multilingual,rlens_16p,croatian-opposite-big,opposite,52,22401
multilingual,rlens_16p,croatian-opposite-big,big,52,390
multilingual,rlens_16p,croatian-opposite-big,small,52,1
multilingual,rlens_64p,croatian-opposite-big,Croatian,8,29867
multilingual,rlens_64p,croatian-opposite-big,opposite,8,23691
multilingual,rlens_64p,croatian-opposite-big,big,8,25762
multilingual,rlens_64p,croatian-opposite-big,small,8,106082
multilingual,rlens_64p,croatian-opposite-big,Croatian,15,6858
multilingual,rlens_64p,croatian-opposite-big,opposite,15,44443
multilingual,rlens_64p,croatian-opposite-big,big,15,19750
multilingual,rlens_64p,croatian-opposite-big,small,15,53471
multilingual,rlens_64p,croatian-opposite-big,Croatian,22,1781
multilingual,rlens_64p,croatian-opposite-big,opposite,22,4831
multilingual,rlens_64p,croatian-opposite-big,big,22,11366
multilingual,rlens_64p,croatian-opposite-big,small,22,14114
multilingual,rlens_64p,croatian-opposite-big,Croatian,30,11088
multilingual,rlens_64p,croatian-opposite-big,opposite,30,907
multilingual,rlens_64p,croatian-opposite-big,big,30,65212
multilingual,rlens_64p,croatian-opposite-big,small,30,95074
multilingual,rlens_64p,croatian-opposite-big,Croatian,38,26414
multilingual,rlens_64p,croatian-opposite-big,opposite,38,43
multilingual,rlens_64p,croatian-opposite-big,big,38,37651
multilingual,rlens_64p,croatian-opposite-big,small,38,71019
multilingual,rlens_64p,croatian-opposite-big,Croatian,45,33874
multilingual,rlens_64p,croatian-opposite-big,opposite,45,338
multilingual,rlens_64p,croatian-opposite-big,big,45,321
multilingual,rlens_64p,croatian-opposite-big,small,45,5
multilingual,rlens_64p,croatian-opposite-big,Croatian,52,5572
multilingual,rlens_64p,croatian-opposite-big,opposite,52,20266
multilingual,rlens_64p,croatian-opposite-big,big,52,301
multilingual,rlens_64p,croatian-opposite-big,small,52,1
multilingual,jpp_64p,croatian-opposite-big,Croatian,8,51692
multilingual,jpp_64p,croatian-opposite-big,opposite,8,33681
multilingual,jpp_64p,croatian-opposite-big,big,8,5897
multilingual,jpp_64p,croatian-opposite-big,small,8,84072
multilingual,jpp_64p,croatian-opposite-big,Croatian,15,17644
multilingual,jpp_64p,croatian-opposite-big,opposite,15,56392
multilingual,jpp_64p,croatian-opposite-big,big,15,27020
multilingual,jpp_64p,croatian-opposite-big,small,15,52880
multilingual,jpp_64p,croatian-opposite-big,Croatian,22,3291
multilingual,jpp_64p,croatian-opposite-big,opposite,22,1505
multilingual,jpp_64p,croatian-opposite-big,big,22,13407
multilingual,jpp_64p,croatian-opposite-big,small,22,18432
multilingual,jpp_64p,croatian-opposite-big,Croatian,30,10072
multilingual,jpp_64p,croatian-opposite-big,opposite,30,82
multilingual,jpp_64p,croatian-opposite-big,big,30,65302
multilingual,jpp_64p,croatian-opposite-big,small,30,66843
multilingual,jpp_64p,croatian-opposite-big,Croatian,38,1527
multilingual,jpp_64p,croatian-opposite-big,opposite,38,2
multilingual,jpp_64p,croatian-opposite-big,big,38,28344
multilingual,jpp_64p,croatian-opposite-big,small,38,8397
multilingual,jpp_64p,croatian-opposite-big,Croatian,45,2335
multilingual,jpp_64p,croatian-opposite-big,opposite,45,57
multilingual,jpp_64p,croatian-opposite-big,big,45,205
multilingual,jpp_64p,croatian-opposite-big,small,45,3
multilingual,jpp_64p,croatian-opposite-big,Croatian,52,4432
multilingual,jpp_64p,croatian-opposite-big,opposite,52,9916
multilingual,jpp_64p,croatian-opposite-big,big,52,429
multilingual,jpp_64p,croatian-opposite-big,small,52,1
multilingual,logit,estonian-opposite-open,Estonian,8,114299
multilingual,logit,estonian-opposite-open,opposite,8,30389
multilingual,logit,estonian-opposite-open,open,8,51660
multilingual,logit,estonian-opposite-open,closed,8,111397
multilingual,logit,estonian-opposite-open,Estonian,15,202297
multilingual,logit,estonian-opposite-open,opposite,15,30357
multilingual,logit,estonian-opposite-open,open,15,26712
multilingual,logit,estonian-opposite-open,closed,15,85381
multilingual,logit,estonian-opposite-open,Estonian,22,151049
multilingual,logit,estonian-opposite-open,opposite,22,15380
multilingual,logit,estonian-opposite-open,open,22,8356
multilingual,logit,estonian-opposite-open,closed,22,85065
multilingual,logit,estonian-opposite-open,Estonian,30,28565
multilingual,logit,estonian-opposite-open,opposite,30,267
multilingual,logit,estonian-opposite-open,open,30,3905
multilingual,logit,estonian-opposite-open,closed,30,4337
multilingual,logit,estonian-opposite-open,Estonian,38,50452
multilingual,logit,estonian-opposite-open,opposite,38,438
multilingual,logit,estonian-opposite-open,open,38,903
multilingual,logit,estonian-opposite-open,closed,38,2507
multilingual,logit,estonian-opposite-open,Estonian,45,705
multilingual,logit,estonian-opposite-open,opposite,45,611
multilingual,logit,estonian-opposite-open,open,45,122
multilingual,logit,estonian-opposite-open,closed,45,6
multilingual,logit,estonian-opposite-open,Estonian,52,2467
multilingual,logit,estonian-opposite-open,opposite,52,85465
multilingual,logit,estonian-opposite-open,open,52,101
multilingual,logit,estonian-opposite-open,closed,52,1
multilingual,jlens_16p,estonian-opposite-open,Estonian,8,167781
multilingual,jlens_16p,estonian-opposite-open,opposite,8,142904
multilingual,jlens_16p,estonian-opposite-open,open,8,24865
multilingual,jlens_16p,estonian-opposite-open,closed,8,123127
multilingual,jlens_16p,estonian-opposite-open,Estonian,15,85961
multilingual,jlens_16p,estonian-opposite-open,opposite,15,25704
multilingual,jlens_16p,estonian-opposite-open,open,15,59657
multilingual,jlens_16p,estonian-opposite-open,closed,15,30279
multilingual,jlens_16p,estonian-opposite-open,Estonian,22,86559
multilingual,jlens_16p,estonian-opposite-open,opposite,22,25727
multilingual,jlens_16p,estonian-opposite-open,open,22,58094
multilingual,jlens_16p,estonian-opposite-open,closed,22,30092
multilingual,jlens_16p,estonian-opposite-open,Estonian,30,59448
multilingual,jlens_16p,estonian-opposite-open,opposite,30,62731
multilingual,jlens_16p,estonian-opposite-open,open,30,177537
multilingual,jlens_16p,estonian-opposite-open,closed,30,144155
multilingual,jlens_16p,estonian-opposite-open,Estonian,38,106536
multilingual,jlens_16p,estonian-opposite-open,opposite,38,34781
multilingual,jlens_16p,estonian-opposite-open,open,38,147533
multilingual,jlens_16p,estonian-opposite-open,closed,38,123429
multilingual,jlens_16p,estonian-opposite-open,Estonian,45,79975
multilingual,jlens_16p,estonian-opposite-open,opposite,45,19855
multilingual,jlens_16p,estonian-opposite-open,open,45,38343
multilingual,jlens_16p,estonian-opposite-open,closed,45,8190
multilingual,jlens_16p,estonian-opposite-open,Estonian,52,23826
multilingual,jlens_16p,estonian-opposite-open,opposite,52,22782
multilingual,jlens_16p,estonian-opposite-open,open,52,91
multilingual,jlens_16p,estonian-opposite-open,closed,52,1
multilingual,rlens_16p,estonian-opposite-open,Estonian,8,76365
multilingual,rlens_16p,estonian-opposite-open,opposite,8,12376
multilingual,rlens_16p,estonian-opposite-open,open,8,194941
multilingual,rlens_16p,estonian-opposite-open,closed,8,139001
multilingual,rlens_16p,estonian-opposite-open,Estonian,15,85383
multilingual,rlens_16p,estonian-opposite-open,opposite,15,18103
multilingual,rlens_16p,estonian-opposite-open,open,15,149353
multilingual,rlens_16p,estonian-opposite-open,closed,15,145254
multilingual,rlens_16p,estonian-opposite-open,Estonian,22,68606
multilingual,rlens_16p,estonian-opposite-open,opposite,22,991
multilingual,rlens_16p,estonian-opposite-open,open,22,111956
multilingual,rlens_16p,estonian-opposite-open,closed,22,152599
multilingual,rlens_16p,estonian-opposite-open,Estonian,30,48129
multilingual,rlens_16p,estonian-opposite-open,opposite,30,745
multilingual,rlens_16p,estonian-opposite-open,open,30,94584
multilingual,rlens_16p,estonian-opposite-open,closed,30,65934
multilingual,rlens_16p,estonian-opposite-open,Estonian,38,139787
multilingual,rlens_16p,estonian-opposite-open,opposite,38,46
multilingual,rlens_16p,estonian-opposite-open,open,38,81934
multilingual,rlens_16p,estonian-opposite-open,closed,38,5236
multilingual,rlens_16p,estonian-opposite-open,Estonian,45,116008
multilingual,rlens_16p,estonian-opposite-open,opposite,45,193
multilingual,rlens_16p,estonian-opposite-open,open,45,482
multilingual,rlens_16p,estonian-opposite-open,closed,45,3
multilingual,rlens_16p,estonian-opposite-open,Estonian,52,50752
multilingual,rlens_16p,estonian-opposite-open,opposite,52,22692
multilingual,rlens_16p,estonian-opposite-open,open,52,106
multilingual,rlens_16p,estonian-opposite-open,closed,52,1
multilingual,rlens_64p,estonian-opposite-open,Estonian,8,71446
multilingual,rlens_64p,estonian-opposite-open,opposite,8,18615
multilingual,rlens_64p,estonian-opposite-open,open,8,203267
multilingual,rlens_64p,estonian-opposite-open,closed,8,139370
multilingual,rlens_64p,estonian-opposite-open,Estonian,15,69353
multilingual,rlens_64p,estonian-opposite-open,opposite,15,26107
multilingual,rlens_64p,estonian-opposite-open,open,15,166392
multilingual,rlens_64p,estonian-opposite-open,closed,15,134003
multilingual,rlens_64p,estonian-opposite-open,Estonian,22,49792
multilingual,rlens_64p,estonian-opposite-open,opposite,22,2330
multilingual,rlens_64p,estonian-opposite-open,open,22,111065
multilingual,rlens_64p,estonian-opposite-open,closed,22,147504
multilingual,rlens_64p,estonian-opposite-open,Estonian,30,37018
multilingual,rlens_64p,estonian-opposite-open,opposite,30,607
multilingual,rlens_64p,estonian-opposite-open,open,30,109257
multilingual,rlens_64p,estonian-opposite-open,closed,30,72425
multilingual,rlens_64p,estonian-opposite-open,Estonian,38,121758
multilingual,rlens_64p,estonian-opposite-open,opposite,38,45
multilingual,rlens_64p,estonian-opposite-open,open,38,61893
multilingual,rlens_64p,estonian-opposite-open,closed,38,5205
multilingual,rlens_64p,estonian-opposite-open,Estonian,45,113967
multilingual,rlens_64p,estonian-opposite-open,opposite,45,296
multilingual,rlens_64p,estonian-opposite-open,open,45,352
multilingual,rlens_64p,estonian-opposite-open,closed,45,5
multilingual,rlens_64p,estonian-opposite-open,Estonian,52,54718
multilingual,rlens_64p,estonian-opposite-open,opposite,52,21292
multilingual,rlens_64p,estonian-opposite-open,open,52,94
multilingual,rlens_64p,estonian-opposite-open,closed,52,1
multilingual,jpp_64p,estonian-opposite-open,Estonian,8,144329
multilingual,jpp_64p,estonian-opposite-open,opposite,8,23685
multilingual,jpp_64p,estonian-opposite-open,open,8,62792
multilingual,jpp_64p,estonian-opposite-open,closed,8,134896
multilingual,jpp_64p,estonian-opposite-open,Estonian,15,112059
multilingual,jpp_64p,estonian-opposite-open,opposite,15,30398
multilingual,jpp_64p,estonian-opposite-open,open,15,86392
multilingual,jpp_64p,estonian-opposite-open,closed,15,181990
multilingual,jpp_64p,estonian-opposite-open,Estonian,22,89098
multilingual,jpp_64p,estonian-opposite-open,opposite,22,467
multilingual,jpp_64p,estonian-opposite-open,open,22,27211
multilingual,jpp_64p,estonian-opposite-open,closed,22,176483
multilingual,jpp_64p,estonian-opposite-open,Estonian,30,27747
multilingual,jpp_64p,estonian-opposite-open,opposite,30,39
multilingual,jpp_64p,estonian-opposite-open,open,30,32677
multilingual,jpp_64p,estonian-opposite-open,closed,30,35846
multilingual,jpp_64p,estonian-opposite-open,Estonian,38,15460
multilingual,jpp_64p,estonian-opposite-open,opposite,38,4
multilingual,jpp_64p,estonian-opposite-open,open,38,29742
multilingual,jpp_64p,estonian-opposite-open,closed,38,304
multilingual,jpp_64p,estonian-opposite-open,Estonian,45,33104
multilingual,jpp_64p,estonian-opposite-open,opposite,45,45
multilingual,jpp_64p,estonian-opposite-open,open,45,58
multilingual,jpp_64p,estonian-opposite-open,closed,45,1
multilingual,jpp_64p,estonian-opposite-open,Estonian,52,37539
multilingual,jpp_64p,estonian-opposite-open,opposite,52,21853
multilingual,jpp_64p,estonian-opposite-open,open,52,97
multilingual,jpp_64p,estonian-opposite-open,closed,52,1
multilingual,logit,irish-opposite-big,Irish,8,104334
multilingual,logit,irish-opposite-big,opposite,8,17565
multilingual,logit,irish-opposite-big,big,8,47787
multilingual,logit,irish-opposite-big,small,8,88157
multilingual,logit,irish-opposite-big,Irish,15,58639
multilingual,logit,irish-opposite-big,opposite,15,32173
multilingual,logit,irish-opposite-big,big,15,65677
multilingual,logit,irish-opposite-big,small,15,131005
multilingual,logit,irish-opposite-big,Irish,22,64739
multilingual,logit,irish-opposite-big,opposite,22,16907
multilingual,logit,irish-opposite-big,big,22,37823
multilingual,logit,irish-opposite-big,small,22,55131
multilingual,logit,irish-opposite-big,Irish,30,7848
multilingual,logit,irish-opposite-big,opposite,30,233
multilingual,logit,irish-opposite-big,big,30,6350
multilingual,logit,irish-opposite-big,small,30,807
multilingual,logit,irish-opposite-big,Irish,38,1958
multilingual,logit,irish-opposite-big,opposite,38,649
multilingual,logit,irish-opposite-big,big,38,13987
multilingual,logit,irish-opposite-big,small,38,22
multilingual,logit,irish-opposite-big,Irish,45,144
multilingual,logit,irish-opposite-big,opposite,45,1556
multilingual,logit,irish-opposite-big,big,45,2870
multilingual,logit,irish-opposite-big,small,45,5
multilingual,logit,irish-opposite-big,Irish,52,78
multilingual,logit,irish-opposite-big,opposite,52,47712
multilingual,logit,irish-opposite-big,big,52,2387
multilingual,logit,irish-opposite-big,small,52,1
multilingual,jlens_16p,irish-opposite-big,Irish,8,37859
multilingual,jlens_16p,irish-opposite-big,opposite,8,142219
multilingual,jlens_16p,irish-opposite-big,big,8,121699
multilingual,jlens_16p,irish-opposite-big,small,8,205488
multilingual,jlens_16p,irish-opposite-big,Irish,15,101954
multilingual,jlens_16p,irish-opposite-big,opposite,15,25641
multilingual,jlens_16p,irish-opposite-big,big,15,30927
multilingual,jlens_16p,irish-opposite-big,small,15,6042
multilingual,jlens_16p,irish-opposite-big,Irish,22,101629
multilingual,jlens_16p,irish-opposite-big,opposite,22,25850
multilingual,jlens_16p,irish-opposite-big,big,22,31021
multilingual,jlens_16p,irish-opposite-big,small,22,6078
multilingual,jlens_16p,irish-opposite-big,Irish,30,143341
multilingual,jlens_16p,irish-opposite-big,opposite,30,55534
multilingual,jlens_16p,irish-opposite-big,big,30,36077
multilingual,jlens_16p,irish-opposite-big,small,30,25069
multilingual,jlens_16p,irish-opposite-big,Irish,38,56643
multilingual,jlens_16p,irish-opposite-big,opposite,38,22447
multilingual,jlens_16p,irish-opposite-big,big,38,2781
multilingual,jlens_16p,irish-opposite-big,small,38,21707
multilingual,jlens_16p,irish-opposite-big,Irish,45,9086
multilingual,jlens_16p,irish-opposite-big,opposite,45,9324
multilingual,jlens_16p,irish-opposite-big,big,45,1259
multilingual,jlens_16p,irish-opposite-big,small,45,6
multilingual,jlens_16p,irish-opposite-big,Irish,52,68
multilingual,jlens_16p,irish-opposite-big,opposite,52,13924
multilingual,jlens_16p,irish-opposite-big,big,52,134
multilingual,jlens_16p,irish-opposite-big,small,52,1
multilingual,rlens_16p,irish-opposite-big,Irish,8,79165
multilingual,rlens_16p,irish-opposite-big,opposite,8,19505
multilingual,rlens_16p,irish-opposite-big,big,8,14845
multilingual,rlens_16p,irish-opposite-big,small,8,33237
multilingual,rlens_16p,irish-opposite-big,Irish,15,68971
multilingual,rlens_16p,irish-opposite-big,opposite,15,26863
multilingual,rlens_16p,irish-opposite-big,big,15,4852
multilingual,rlens_16p,irish-opposite-big,small,15,8696
multilingual,rlens_16p,irish-opposite-big,Irish,22,28737
multilingual,rlens_16p,irish-opposite-big,opposite,22,1430
multilingual,rlens_16p,irish-opposite-big,big,22,4071
multilingual,rlens_16p,irish-opposite-big,small,22,1519
multilingual,rlens_16p,irish-opposite-big,Irish,30,59097
multilingual,rlens_16p,irish-opposite-big,opposite,30,601
multilingual,rlens_16p,irish-opposite-big,big,30,2576
multilingual,rlens_16p,irish-opposite-big,small,30,73673
multilingual,rlens_16p,irish-opposite-big,Irish,38,138675
multilingual,rlens_16p,irish-opposite-big,opposite,38,99
multilingual,rlens_16p,irish-opposite-big,big,38,4141
multilingual,rlens_16p,irish-opposite-big,small,38,6663
multilingual,rlens_16p,irish-opposite-big,Irish,45,34473
multilingual,rlens_16p,irish-opposite-big,opposite,45,265
multilingual,rlens_16p,irish-opposite-big,big,45,193
multilingual,rlens_16p,irish-opposite-big,small,45,6
multilingual,rlens_16p,irish-opposite-big,Irish,52,52
multilingual,rlens_16p,irish-opposite-big,opposite,52,9769
multilingual,rlens_16p,irish-opposite-big,big,52,99
multilingual,rlens_16p,irish-opposite-big,small,52,1
multilingual,rlens_64p,irish-opposite-big,Irish,8,65358
multilingual,rlens_64p,irish-opposite-big,opposite,8,27362
multilingual,rlens_64p,irish-opposite-big,big,8,19801
multilingual,rlens_64p,irish-opposite-big,small,8,55322
multilingual,rlens_64p,irish-opposite-big,Irish,15,54331
multilingual,rlens_64p,irish-opposite-big,opposite,15,42438
multilingual,rlens_64p,irish-opposite-big,big,15,5838
multilingual,rlens_64p,irish-opposite-big,small,15,11710
multilingual,rlens_64p,irish-opposite-big,Irish,22,18805
multilingual,rlens_64p,irish-opposite-big,opposite,22,2575
multilingual,rlens_64p,irish-opposite-big,big,22,3682
multilingual,rlens_64p,irish-opposite-big,small,22,1533
multilingual,rlens_64p,irish-opposite-big,Irish,30,56459
multilingual,rlens_64p,irish-opposite-big,opposite,30,740
multilingual,rlens_64p,irish-opposite-big,big,30,6777
multilingual,rlens_64p,irish-opposite-big,small,30,71511
multilingual,rlens_64p,irish-opposite-big,Irish,38,138339
multilingual,rlens_64p,irish-opposite-big,opposite,38,86
multilingual,rlens_64p,irish-opposite-big,big,38,7515
multilingual,rlens_64p,irish-opposite-big,small,38,9273
multilingual,rlens_64p,irish-opposite-big,Irish,45,40863
multilingual,rlens_64p,irish-opposite-big,opposite,45,317
multilingual,rlens_64p,irish-opposite-big,big,45,147
multilingual,rlens_64p,irish-opposite-big,small,45,5
multilingual,rlens_64p,irish-opposite-big,Irish,52,46
multilingual,rlens_64p,irish-opposite-big,opposite,52,12271
multilingual,rlens_64p,irish-opposite-big,big,52,76
multilingual,rlens_64p,irish-opposite-big,small,52,1
multilingual,jpp_64p,irish-opposite-big,Irish,8,81197
multilingual,jpp_64p,irish-opposite-big,opposite,8,31253
multilingual,jpp_64p,irish-opposite-big,big,8,6146
multilingual,jpp_64p,irish-opposite-big,small,8,50555
multilingual,jpp_64p,irish-opposite-big,Irish,15,52115
multilingual,jpp_64p,irish-opposite-big,opposite,15,28574
multilingual,jpp_64p,irish-opposite-big,big,15,10362
multilingual,jpp_64p,irish-opposite-big,small,15,10788
multilingual,jpp_64p,irish-opposite-big,Irish,22,30247
multilingual,jpp_64p,irish-opposite-big,opposite,22,2939
multilingual,jpp_64p,irish-opposite-big,big,22,8349
multilingual,jpp_64p,irish-opposite-big,small,22,3777
multilingual,jpp_64p,irish-opposite-big,Irish,30,27564
multilingual,jpp_64p,irish-opposite-big,opposite,30,60
multilingual,jpp_64p,irish-opposite-big,big,30,5290
multilingual,jpp_64p,irish-opposite-big,small,30,23054
multilingual,jpp_64p,irish-opposite-big,Irish,38,20632
multilingual,jpp_64p,irish-opposite-big,opposite,38,8
multilingual,jpp_64p,irish-opposite-big,big,38,11562
multilingual,jpp_64p,irish-opposite-big,small,38,85
multilingual,jpp_64p,irish-opposite-big,Irish,45,16196
multilingual,jpp_64p,irish-opposite-big,opposite,45,64
multilingual,jpp_64p,irish-opposite-big,big,45,112
multilingual,jpp_64p,irish-opposite-big,small,45,8
multilingual,jpp_64p,irish-opposite-big,Irish,52,22
multilingual,jpp_64p,irish-opposite-big,opposite,52,13361
multilingual,jpp_64p,irish-opposite-big,big,52,69
multilingual,jpp_64p,irish-opposite-big,small,52,1
multilingual,logit,filipino-opposite-up,Filipino,8,149711
multilingual,logit,filipino-opposite-up,opposite,8,18486
multilingual,logit,filipino-opposite-up,up,8,1
multilingual,logit,filipino-opposite-up,down,8,89219
multilingual,logit,filipino-opposite-up,Filipino,15,91130
multilingual,logit,filipino-opposite-up,opposite,15,21293
multilingual,logit,filipino-opposite-up,up,15,69
multilingual,logit,filipino-opposite-up,down,15,157531
multilingual,logit,filipino-opposite-up,Filipino,22,106335
multilingual,logit,filipino-opposite-up,opposite,22,24646
multilingual,logit,filipino-opposite-up,up,22,1061
multilingual,logit,filipino-opposite-up,down,22,180847
multilingual,logit,filipino-opposite-up,Filipino,30,9940
multilingual,logit,filipino-opposite-up,opposite,30,1198
multilingual,logit,filipino-opposite-up,up,30,698
multilingual,logit,filipino-opposite-up,down,30,2578
multilingual,logit,filipino-opposite-up,Filipino,38,23128
multilingual,logit,filipino-opposite-up,opposite,38,4694
multilingual,logit,filipino-opposite-up,up,38,8253
multilingual,logit,filipino-opposite-up,down,38,2252
multilingual,logit,filipino-opposite-up,Filipino,45,137
multilingual,logit,filipino-opposite-up,opposite,45,333
multilingual,logit,filipino-opposite-up,up,45,9
multilingual,logit,filipino-opposite-up,down,45,59
multilingual,logit,filipino-opposite-up,Filipino,52,413
multilingual,logit,filipino-opposite-up,opposite,52,70856
multilingual,logit,filipino-opposite-up,up,52,383
multilingual,logit,filipino-opposite-up,down,52,39
multilingual,jlens_16p,filipino-opposite-up,Filipino,8,119485
multilingual,jlens_16p,filipino-opposite-up,opposite,8,143608
multilingual,jlens_16p,filipino-opposite-up,up,8,99838
multilingual,jlens_16p,filipino-opposite-up,down,8,137090
multilingual,jlens_16p,filipino-opposite-up,Filipino,15,132395
multilingual,jlens_16p,filipino-opposite-up,opposite,15,25703
multilingual,jlens_16p,filipino-opposite-up,up,15,30348
multilingual,jlens_16p,filipino-opposite-up,down,15,56928
multilingual,jlens_16p,filipino-opposite-up,Filipino,22,132315
multilingual,jlens_16p,filipino-opposite-up,opposite,22,26243
multilingual,jlens_16p,filipino-opposite-up,up,22,30066
multilingual,jlens_16p,filipino-opposite-up,down,22,54652
multilingual,jlens_16p,filipino-opposite-up,Filipino,30,119639
multilingual,jlens_16p,filipino-opposite-up,opposite,30,136433
multilingual,jlens_16p,filipino-opposite-up,up,30,4
multilingual,jlens_16p,filipino-opposite-up,down,30,59880
multilingual,jlens_16p,filipino-opposite-up,Filipino,38,151022
multilingual,jlens_16p,filipino-opposite-up,opposite,38,114054
multilingual,jlens_16p,filipino-opposite-up,up,38,14
multilingual,jlens_16p,filipino-opposite-up,down,38,78264
multilingual,jlens_16p,filipino-opposite-up,Filipino,45,110198
multilingual,jlens_16p,filipino-opposite-up,opposite,45,16021
multilingual,jlens_16p,filipino-opposite-up,up,45,44
multilingual,jlens_16p,filipino-opposite-up,down,45,39418
multilingual,jlens_16p,filipino-opposite-up,Filipino,52,34486
multilingual,jlens_16p,filipino-opposite-up,opposite,52,33112
multilingual,jlens_16p,filipino-opposite-up,up,52,122097
multilingual,jlens_16p,filipino-opposite-up,down,52,90
multilingual,rlens_16p,filipino-opposite-up,Filipino,8,232197
multilingual,rlens_16p,filipino-opposite-up,opposite,8,28972
multilingual,rlens_16p,filipino-opposite-up,up,8,14
multilingual,rlens_16p,filipino-opposite-up,down,8,162285
multilingual,rlens_16p,filipino-opposite-up,Filipino,15,201372
multilingual,rlens_16p,filipino-opposite-up,opposite,15,36262
multilingual,rlens_16p,filipino-opposite-up,up,15,37
multilingual,rlens_16p,filipino-opposite-up,down,15,174518
multilingual,rlens_16p,filipino-opposite-up,Filipino,22,198676
multilingual,rlens_16p,filipino-opposite-up,opposite,22,8043
multilingual,rlens_16p,filipino-opposite-up,up,22,10
multilingual,rlens_16p,filipino-opposite-up,down,22,159701
multilingual,rlens_16p,filipino-opposite-up,Filipino,30,107543
multilingual,rlens_16p,filipino-opposite-up,opposite,30,1929
multilingual,rlens_16p,filipino-opposite-up,up,30,1
multilingual,rlens_16p,filipino-opposite-up,down,30,122815
multilingual,rlens_16p,filipino-opposite-up,Filipino,38,193475
multilingual,rlens_16p,filipino-opposite-up,opposite,38,875
multilingual,rlens_16p,filipino-opposite-up,up,38,1125
multilingual,rlens_16p,filipino-opposite-up,down,38,55539
multilingual,rlens_16p,filipino-opposite-up,Filipino,45,195443
multilingual,rlens_16p,filipino-opposite-up,opposite,45,699
multilingual,rlens_16p,filipino-opposite-up,up,45,632
multilingual,rlens_16p,filipino-opposite-up,down,45,509
multilingual,rlens_16p,filipino-opposite-up,Filipino,52,36200
multilingual,rlens_16p,filipino-opposite-up,opposite,52,46540
multilingual,rlens_16p,filipino-opposite-up,up,52,17144
multilingual,rlens_16p,filipino-opposite-up,down,52,68
multilingual,rlens_64p,filipino-opposite-up,Filipino,8,232342
multilingual,rlens_64p,filipino-opposite-up,opposite,8,44815
multilingual,rlens_64p,filipino-opposite-up,up,8,21
multilingual,rlens_64p,filipino-opposite-up,down,8,177726
multilingual,rlens_64p,filipino-opposite-up,Filipino,15,199817
multilingual,rlens_64p,filipino-opposite-up,opposite,15,50603
multilingual,rlens_64p,filipino-opposite-up,up,15,76
multilingual,rlens_64p,filipino-opposite-up,down,15,189125
multilingual,rlens_64p,filipino-opposite-up,Filipino,22,181952
multilingual,rlens_64p,filipino-opposite-up,opposite,22,11950
multilingual,rlens_64p,filipino-opposite-up,up,22,10
multilingual,rlens_64p,filipino-opposite-up,down,22,170332
multilingual,rlens_64p,filipino-opposite-up,Filipino,30,90551
multilingual,rlens_64p,filipino-opposite-up,opposite,30,1186
multilingual,rlens_64p,filipino-opposite-up,up,30,1
multilingual,rlens_64p,filipino-opposite-up,down,30,121448
multilingual,rlens_64p,filipino-opposite-up,Filipino,38,175056
multilingual,rlens_64p,filipino-opposite-up,opposite,38,528
multilingual,rlens_64p,filipino-opposite-up,up,38,2552
multilingual,rlens_64p,filipino-opposite-up,down,38,66612
multilingual,rlens_64p,filipino-opposite-up,Filipino,45,209281
multilingual,rlens_64p,filipino-opposite-up,opposite,45,437
multilingual,rlens_64p,filipino-opposite-up,up,45,1425
multilingual,rlens_64p,filipino-opposite-up,down,45,502
multilingual,rlens_64p,filipino-opposite-up,Filipino,52,37354
multilingual,rlens_64p,filipino-opposite-up,opposite,52,37354
multilingual,rlens_64p,filipino-opposite-up,up,52,13794
multilingual,rlens_64p,filipino-opposite-up,down,52,70
multilingual,jpp_64p,filipino-opposite-up,Filipino,8,46651
multilingual,jpp_64p,filipino-opposite-up,opposite,8,48632
multilingual,jpp_64p,filipino-opposite-up,up,8,424
multilingual,jpp_64p,filipino-opposite-up,down,8,90186
multilingual,jpp_64p,filipino-opposite-up,Filipino,15,74120
multilingual,jpp_64p,filipino-opposite-up,opposite,15,75346
multilingual,jpp_64p,filipino-opposite-up,up,15,1975
multilingual,jpp_64p,filipino-opposite-up,down,15,152570
multilingual,jpp_64p,filipino-opposite-up,Filipino,22,124388
multilingual,jpp_64p,filipino-opposite-up,opposite,22,4156
multilingual,jpp_64p,filipino-opposite-up,up,22,1110
multilingual,jpp_64p,filipino-opposite-up,down,22,141094
multilingual,jpp_64p,filipino-opposite-up,Filipino,30,26161
multilingual,jpp_64p,filipino-opposite-up,opposite,30,282
multilingual,jpp_64p,filipino-opposite-up,up,30,13
multilingual,jpp_64p,filipino-opposite-up,down,30,69661
multilingual,jpp_64p,filipino-opposite-up,Filipino,38,16861
multilingual,jpp_64p,filipino-opposite-up,opposite,38,26
multilingual,jpp_64p,filipino-opposite-up,up,38,533
multilingual,jpp_64p,filipino-opposite-up,down,38,15654
multilingual,jpp_64p,filipino-opposite-up,Filipino,45,24299
multilingual,jpp_64p,filipino-opposite-up,opposite,45,84
multilingual,jpp_64p,filipino-opposite-up,up,45,2789
multilingual,jpp_64p,filipino-opposite-up,down,45,22
multilingual,jpp_64p,filipino-opposite-up,Filipino,52,17026
multilingual,jpp_64p,filipino-opposite-up,opposite,52,28981
multilingual,jpp_64p,filipino-opposite-up,up,52,5584
multilingual,jpp_64p,filipino-opposite-up,down,52,55
multilingual,logit,fr-month-after-jan,French,8,124622
multilingual,logit,fr-month-after-jan,month,8,72547
multilingual,logit,fr-month-after-jan,January,8,191058
multilingual,logit,fr-month-after-jan,February,8,87311
multilingual,logit,fr-month-after-jan,French,15,71544
multilingual,logit,fr-month-after-jan,month,15,74493
multilingual,logit,fr-month-after-jan,January,15,193312
multilingual,logit,fr-month-after-jan,February,15,89207
multilingual,logit,fr-month-after-jan,French,22,44053
multilingual,logit,fr-month-after-jan,month,22,69357
multilingual,logit,fr-month-after-jan,January,22,143810
multilingual,logit,fr-month-after-jan,February,22,82871
multilingual,logit,fr-month-after-jan,French,30,7247
multilingual,logit,fr-month-after-jan,month,30,30769
multilingual,logit,fr-month-after-jan,January,30,55682
multilingual,logit,fr-month-after-jan,February,30,36932
multilingual,logit,fr-month-after-jan,French,38,4859
multilingual,logit,fr-month-after-jan,month,38,1794
multilingual,logit,fr-month-after-jan,January,38,13785
multilingual,logit,fr-month-after-jan,February,38,92112
multilingual,logit,fr-month-after-jan,French,45,4601
multilingual,logit,fr-month-after-jan,month,45,59
multilingual,logit,fr-month-after-jan,January,45,113
multilingual,logit,fr-month-after-jan,February,45,280
multilingual,logit,fr-month-after-jan,French,52,46319
multilingual,logit,fr-month-after-jan,month,52,56
multilingual,logit,fr-month-after-jan,January,52,26
multilingual,logit,fr-month-after-jan,February,52,2
multilingual,jlens_16p,fr-month-after-jan,French,8,78849
multilingual,jlens_16p,fr-month-after-jan,month,8,443
multilingual,jlens_16p,fr-month-after-jan,January,8,140932
multilingual,jlens_16p,fr-month-after-jan,February,8,126997
multilingual,jlens_16p,fr-month-after-jan,French,15,77338
multilingual,jlens_16p,fr-month-after-jan,month,15,136881
multilingual,jlens_16p,fr-month-after-jan,January,15,38002
multilingual,jlens_16p,fr-month-after-jan,February,15,3017
multilingual,jlens_16p,fr-month-after-jan,French,22,70272
multilingual,jlens_16p,fr-month-after-jan,month,22,128826
multilingual,jlens_16p,fr-month-after-jan,January,22,37150
multilingual,jlens_16p,fr-month-after-jan,February,22,2935
multilingual,jlens_16p,fr-month-after-jan,French,30,129232
multilingual,jlens_16p,fr-month-after-jan,month,30,201127
multilingual,jlens_16p,fr-month-after-jan,January,30,74463
multilingual,jlens_16p,fr-month-after-jan,February,30,112443
multilingual,jlens_16p,fr-month-after-jan,French,38,147938
multilingual,jlens_16p,fr-month-after-jan,month,38,158857
multilingual,jlens_16p,fr-month-after-jan,January,38,137997
multilingual,jlens_16p,fr-month-after-jan,February,38,98412
multilingual,jlens_16p,fr-month-after-jan,French,45,118711
multilingual,jlens_16p,fr-month-after-jan,month,45,64046
multilingual,jlens_16p,fr-month-after-jan,January,45,70122
multilingual,jlens_16p,fr-month-after-jan,February,45,41531
multilingual,jlens_16p,fr-month-after-jan,French,52,102729
multilingual,jlens_16p,fr-month-after-jan,month,52,55
multilingual,jlens_16p,fr-month-after-jan,January,52,23
multilingual,jlens_16p,fr-month-after-jan,February,52,5
multilingual,rlens_16p,fr-month-after-jan,French,8,186949
multilingual,rlens_16p,fr-month-after-jan,month,8,157600
multilingual,rlens_16p,fr-month-after-jan,January,8,230736
multilingual,rlens_16p,fr-month-after-jan,February,8,184253
multilingual,rlens_16p,fr-month-after-jan,French,15,136477
multilingual,rlens_16p,fr-month-after-jan,month,15,173315
multilingual,rlens_16p,fr-month-after-jan,January,15,233239
multilingual,rlens_16p,fr-month-after-jan,February,15,211080
multilingual,rlens_16p,fr-month-after-jan,French,22,101500
multilingual,rlens_16p,fr-month-after-jan,month,22,150843
multilingual,rlens_16p,fr-month-after-jan,January,22,226793
multilingual,rlens_16p,fr-month-after-jan,February,22,224826
multilingual,rlens_16p,fr-month-after-jan,French,30,52303
multilingual,rlens_16p,fr-month-after-jan,month,30,219735
multilingual,rlens_16p,fr-month-after-jan,January,30,186004
multilingual,rlens_16p,fr-month-after-jan,February,30,153143
multilingual,rlens_16p,fr-month-after-jan,French,38,48500
multilingual,rlens_16p,fr-month-after-jan,month,38,174344
multilingual,rlens_16p,fr-month-after-jan,January,38,138848
multilingual,rlens_16p,fr-month-after-jan,February,38,178549
multilingual,rlens_16p,fr-month-after-jan,French,45,89169
multilingual,rlens_16p,fr-month-after-jan,month,45,15646
multilingual,rlens_16p,fr-month-after-jan,January,45,18160
multilingual,rlens_16p,fr-month-after-jan,February,45,23095
multilingual,rlens_16p,fr-month-after-jan,French,52,84753
multilingual,rlens_16p,fr-month-after-jan,month,52,27
multilingual,rlens_16p,fr-month-after-jan,January,52,54
multilingual,rlens_16p,fr-month-after-jan,February,52,2
multilingual,rlens_64p,fr-month-after-jan,French,8,188179
multilingual,rlens_64p,fr-month-after-jan,month,8,162528
multilingual,rlens_64p,fr-month-after-jan,January,8,226489
multilingual,rlens_64p,fr-month-after-jan,February,8,182667
multilingual,rlens_64p,fr-month-after-jan,French,15,142609
multilingual,rlens_64p,fr-month-after-jan,month,15,177153
multilingual,rlens_64p,fr-month-after-jan,January,15,232165
multilingual,rlens_64p,fr-month-after-jan,February,15,210533
multilingual,rlens_64p,fr-month-after-jan,French,22,98573
multilingual,rlens_64p,fr-month-after-jan,month,22,162281
multilingual,rlens_64p,fr-month-after-jan,January,22,221051
multilingual,rlens_64p,fr-month-after-jan,February,22,224823
multilingual,rlens_64p,fr-month-after-jan,French,30,45885
multilingual,rlens_64p,fr-month-after-jan,month,30,214427
multilingual,rlens_64p,fr-month-after-jan,January,30,187268
multilingual,rlens_64p,fr-month-after-jan,February,30,148503
multilingual,rlens_64p,fr-month-after-jan,French,38,42914
multilingual,rlens_64p,fr-month-after-jan,month,38,161411
multilingual,rlens_64p,fr-month-after-jan,January,38,149315
multilingual,rlens_64p,fr-month-after-jan,February,38,173519
multilingual,rlens_64p,fr-month-after-jan,French,45,92160
multilingual,rlens_64p,fr-month-after-jan,month,45,12603
multilingual,rlens_64p,fr-month-after-jan,January,45,25052
multilingual,rlens_64p,fr-month-after-jan,February,45,27469
multilingual,rlens_64p,fr-month-after-jan,French,52,79141
multilingual,rlens_64p,fr-month-after-jan,month,52,29
multilingual,rlens_64p,fr-month-after-jan,January,52,62
multilingual,rlens_64p,fr-month-after-jan,February,52,2
multilingual,jpp_64p,fr-month-after-jan,French,8,103699
multilingual,jpp_64p,fr-month-after-jan,month,8,114563
multilingual,jpp_64p,fr-month-after-jan,January,8,228871
multilingual,jpp_64p,fr-month-after-jan,February,8,175034
multilingual,jpp_64p,fr-month-after-jan,French,15,105744
multilingual,jpp_64p,fr-month-after-jan,month,15,181415
multilingual,jpp_64p,fr-month-after-jan,January,15,242553
multilingual,jpp_64p,fr-month-after-jan,February,15,243700
multilingual,jpp_64p,fr-month-after-jan,French,22,77070
multilingual,jpp_64p,fr-month-after-jan,month,22,132442
multilingual,jpp_64p,fr-month-after-jan,January,22,226507
multilingual,jpp_64p,fr-month-after-jan,February,22,210417
multilingual,jpp_64p,fr-month-after-jan,French,30,37738
multilingual,jpp_64p,fr-month-after-jan,month,30,186911
multilingual,jpp_64p,fr-month-after-jan,January,30,199086
multilingual,jpp_64p,fr-month-after-jan,February,30,160368
multilingual,jpp_64p,fr-month-after-jan,French,38,7721
multilingual,jpp_64p,fr-month-after-jan,month,38,159997
multilingual,jpp_64p,fr-month-after-jan,January,38,69515
multilingual,jpp_64p,fr-month-after-jan,February,38,139562
multilingual,jpp_64p,fr-month-after-jan,French,45,34630
multilingual,jpp_64p,fr-month-after-jan,month,45,2458
multilingual,jpp_64p,fr-month-after-jan,January,45,20572
multilingual,jpp_64p,fr-month-after-jan,February,45,4881
multilingual,jpp_64p,fr-month-after-jan,French,52,48092
multilingual,jpp_64p,fr-month-after-jan,month,52,17
multilingual,jpp_64p,fr-month-after-jan,January,52,104
multilingual,jpp_64p,fr-month-after-jan,February,52,1
multilingual,logit,fr-month-after-may,French,8,119359
multilingual,logit,fr-month-after-may,month,8,70812
multilingual,logit,fr-month-after-may,May,8,105487
multilingual,logit,fr-month-after-may,June,8,200258
multilingual,logit,fr-month-after-may,French,15,68348
multilingual,logit,fr-month-after-may,month,15,73595
multilingual,logit,fr-month-after-may,May,15,123508
multilingual,logit,fr-month-after-may,June,15,206634
multilingual,logit,fr-month-after-may,French,22,40534
multilingual,logit,fr-month-after-may,month,22,71778
multilingual,logit,fr-month-after-may,May,22,127341
multilingual,logit,fr-month-after-may,June,22,157116
multilingual,logit,fr-month-after-may,French,30,11168
multilingual,logit,fr-month-after-may,month,30,38855
multilingual,logit,fr-month-after-may,May,30,1253
multilingual,logit,fr-month-after-may,June,30,10466
multilingual,logit,fr-month-after-may,French,38,10378
multilingual,logit,fr-month-after-may,month,38,6227
multilingual,logit,fr-month-after-may,May,38,12827
multilingual,logit,fr-month-after-may,June,38,6462
multilingual,logit,fr-month-after-may,French,45,3886
multilingual,logit,fr-month-after-may,month,45,61
multilingual,logit,fr-month-after-may,May,45,621
multilingual,logit,fr-month-after-may,June,45,8
multilingual,logit,fr-month-after-may,French,52,44507
multilingual,logit,fr-month-after-may,month,52,75
multilingual,logit,fr-month-after-may,May,52,15
multilingual,logit,fr-month-after-may,June,52,1
multilingual,jlens_16p,fr-month-after-may,French,8,78819
multilingual,jlens_16p,fr-month-after-may,month,8,445
multilingual,jlens_16p,fr-month-after-may,May,8,1335
multilingual,jlens_16p,fr-month-after-may,June,8,67644
multilingual,jlens_16p,fr-month-after-may,French,15,77090
multilingual,jlens_16p,fr-month-after-may,month,15,137271
multilingual,jlens_16p,fr-month-after-may,May,15,222682
multilingual,jlens_16p,fr-month-after-may,June,15,158974
multilingual,jlens_16p,fr-month-after-may,French,22,51771
multilingual,jlens_16p,fr-month-after-may,month,22,96211
multilingual,jlens_16p,fr-month-after-may,May,22,162966
multilingual,jlens_16p,fr-month-after-may,June,22,123925
multilingual,jlens_16p,fr-month-after-may,French,30,125355
multilingual,jlens_16p,fr-month-after-may,month,30,199268
multilingual,jlens_16p,fr-month-after-may,May,30,62358
multilingual,jlens_16p,fr-month-after-may,June,30,133808
multilingual,jlens_16p,fr-month-after-may,French,38,152551
multilingual,jlens_16p,fr-month-after-may,month,38,155117
multilingual,jlens_16p,fr-month-after-may,May,38,8809
multilingual,jlens_16p,fr-month-after-may,June,38,88315
multilingual,jlens_16p,fr-month-after-may,French,45,98730
multilingual,jlens_16p,fr-month-after-may,month,45,57578
multilingual,jlens_16p,fr-month-after-may,May,45,17519
multilingual,jlens_16p,fr-month-after-may,June,45,55863
multilingual,jlens_16p,fr-month-after-may,French,52,40495
multilingual,jlens_16p,fr-month-after-may,month,52,44
multilingual,jlens_16p,fr-month-after-may,May,52,25
multilingual,jlens_16p,fr-month-after-may,June,52,2
multilingual,rlens_16p,fr-month-after-may,French,8,183311
multilingual,rlens_16p,fr-month-after-may,month,8,161324
multilingual,rlens_16p,fr-month-after-may,May,8,119307
multilingual,rlens_16p,fr-month-after-may,June,8,205295
multilingual,rlens_16p,fr-month-after-may,French,15,129498
multilingual,rlens_16p,fr-month-after-may,month,15,172838
multilingual,rlens_16p,fr-month-after-may,May,15,75252
multilingual,rlens_16p,fr-month-after-may,June,15,199037
multilingual,rlens_16p,fr-month-after-may,French,22,95639
multilingual,rlens_16p,fr-month-after-may,month,22,139868
multilingual,rlens_16p,fr-month-after-may,May,22,41512
multilingual,rlens_16p,fr-month-after-may,June,22,174114
multilingual,rlens_16p,fr-month-after-may,French,30,43813
multilingual,rlens_16p,fr-month-after-may,month,30,211510
multilingual,rlens_16p,fr-month-after-may,May,30,11809
multilingual,rlens_16p,fr-month-after-may,June,30,110728
multilingual,rlens_16p,fr-month-after-may,French,38,45812
multilingual,rlens_16p,fr-month-after-may,month,38,167130
multilingual,rlens_16p,fr-month-after-may,May,38,13351
multilingual,rlens_16p,fr-month-after-may,June,38,116724
multilingual,rlens_16p,fr-month-after-may,French,45,48739
multilingual,rlens_16p,fr-month-after-may,month,45,12548
multilingual,rlens_16p,fr-month-after-may,May,45,30270
multilingual,rlens_16p,fr-month-after-may,June,45,1900
multilingual,rlens_16p,fr-month-after-may,French,52,26744
multilingual,rlens_16p,fr-month-after-may,month,52,28
multilingual,rlens_16p,fr-month-after-may,May,52,82
multilingual,rlens_16p,fr-month-after-may,June,52,1
multilingual,rlens_64p,fr-month-after-may,French,8,184248
multilingual,rlens_64p,fr-month-after-may,month,8,166250
multilingual,rlens_64p,fr-month-after-may,May,8,114514
multilingual,rlens_64p,fr-month-after-may,June,8,206217
multilingual,rlens_64p,fr-month-after-may,French,15,135377
multilingual,rlens_64p,fr-month-after-may,month,15,177625
multilingual,rlens_64p,fr-month-after-may,May,15,76824
multilingual,rlens_64p,fr-month-after-may,June,15,203381
multilingual,rlens_64p,fr-month-after-may,French,22,93107
multilingual,rlens_64p,fr-month-after-may,month,22,151731
multilingual,rlens_64p,fr-month-after-may,May,22,43220
multilingual,rlens_64p,fr-month-after-may,June,22,179993
multilingual,rlens_64p,fr-month-after-may,French,30,37507
multilingual,rlens_64p,fr-month-after-may,month,30,206387
multilingual,rlens_64p,fr-month-after-may,May,30,19012
multilingual,rlens_64p,fr-month-after-may,June,30,125463
multilingual,rlens_64p,fr-month-after-may,French,38,40190
multilingual,rlens_64p,fr-month-after-may,month,38,166580
multilingual,rlens_64p,fr-month-after-may,May,38,15973
multilingual,rlens_64p,fr-month-after-may,June,38,136734
multilingual,rlens_64p,fr-month-after-may,French,45,56065
multilingual,rlens_64p,fr-month-after-may,month,45,9737
multilingual,rlens_64p,fr-month-after-may,May,45,36181
multilingual,rlens_64p,fr-month-after-may,June,45,1666
multilingual,rlens_64p,fr-month-after-may,French,52,26576
multilingual,rlens_64p,fr-month-after-may,month,52,28
multilingual,rlens_64p,fr-month-after-may,May,52,74
multilingual,rlens_64p,fr-month-after-may,June,52,1
multilingual,jpp_64p,fr-month-after-may,French,8,102770
multilingual,jpp_64p,fr-month-after-may,month,8,111537
multilingual,jpp_64p,fr-month-after-may,May,8,169917
multilingual,jpp_64p,fr-month-after-may,June,8,237559
multilingual,jpp_64p,fr-month-after-may,French,15,110077
multilingual,jpp_64p,fr-month-after-may,month,15,178061
multilingual,jpp_64p,fr-month-after-may,May,15,132700
multilingual,jpp_64p,fr-month-after-may,June,15,232233
multilingual,jpp_64p,fr-month-after-may,French,22,79108
multilingual,jpp_64p,fr-month-after-may,month,22,122269
multilingual,jpp_64p,fr-month-after-may,May,22,73018
multilingual,jpp_64p,fr-month-after-may,June,22,196852
multilingual,jpp_64p,fr-month-after-may,French,30,27448
multilingual,jpp_64p,fr-month-after-may,month,30,174089
multilingual,jpp_64p,fr-month-after-may,May,30,18318
multilingual,jpp_64p,fr-month-after-may,June,30,145633
multilingual,jpp_64p,fr-month-after-may,French,38,7324
multilingual,jpp_64p,fr-month-after-may,month,38,158565
multilingual,jpp_64p,fr-month-after-may,May,38,14084
multilingual,jpp_64p,fr-month-after-may,June,38,140966
multilingual,jpp_64p,fr-month-after-may,French,45,18898
multilingual,jpp_64p,fr-month-after-may,month,45,1729
multilingual,jpp_64p,fr-month-after-may,May,45,29997
multilingual,jpp_64p,fr-month-after-may,June,45,3331
multilingual,jpp_64p,fr-month-after-may,French,52,18614
multilingual,jpp_64p,fr-month-after-may,month,52,19
multilingual,jpp_64p,fr-month-after-may,May,52,105
multilingual,jpp_64p,fr-month-after-may,June,52,1
multilingual,logit,fr-month-before-mar,French,8,114134
multilingual,logit,fr-month-before-mar,month,8,66492
multilingual,logit,fr-month-before-mar,March,8,26854
multilingual,logit,fr-month-before-mar,February,8,86269
multilingual,logit,fr-month-before-mar,French,15,65960
multilingual,logit,fr-month-before-mar,month,15,68123
multilingual,logit,fr-month-before-mar,March,15,7428
multilingual,logit,fr-month-before-mar,February,15,95854
multilingual,logit,fr-month-before-mar,French,22,41217
multilingual,logit,fr-month-before-mar,month,22,78806
multilingual,logit,fr-month-before-mar,March,22,25028
multilingual,logit,fr-month-before-mar,February,22,91637
multilingual,logit,fr-month-before-mar,French,30,6665
multilingual,logit,fr-month-before-mar,month,30,27346
multilingual,logit,fr-month-before-mar,March,30,12463
multilingual,logit,fr-month-before-mar,February,30,28689
multilingual,logit,fr-month-before-mar,French,38,4663
multilingual,logit,fr-month-before-mar,month,38,615
multilingual,logit,fr-month-before-mar,March,38,29720
multilingual,logit,fr-month-before-mar,February,38,31027
multilingual,logit,fr-month-before-mar,French,45,2543
multilingual,logit,fr-month-before-mar,month,45,22
multilingual,logit,fr-month-before-mar,March,45,80
multilingual,logit,fr-month-before-mar,February,45,7
multilingual,logit,fr-month-before-mar,French,52,33914
multilingual,logit,fr-month-before-mar,month,52,108
multilingual,logit,fr-month-before-mar,March,52,5
multilingual,logit,fr-month-before-mar,February,52,1
multilingual,jlens_16p,fr-month-before-mar,French,8,78680
multilingual,jlens_16p,fr-month-before-mar,month,8,443
multilingual,jlens_16p,fr-month-before-mar,March,8,19864
multilingual,jlens_16p,fr-month-before-mar,February,8,126842
multilingual,jlens_16p,fr-month-before-mar,French,15,77441
multilingual,jlens_16p,fr-month-before-mar,month,15,136621
multilingual,jlens_16p,fr-month-before-mar,March,15,92261
multilingual,jlens_16p,fr-month-before-mar,February,15,3055
multilingual,jlens_16p,fr-month-before-mar,French,22,78998
multilingual,jlens_16p,fr-month-before-mar,month,22,455
multilingual,jlens_16p,fr-month-before-mar,March,22,15187
multilingual,jlens_16p,fr-month-before-mar,February,22,124353
multilingual,jlens_16p,fr-month-before-mar,French,30,132223
multilingual,jlens_16p,fr-month-before-mar,month,30,184602
multilingual,jlens_16p,fr-month-before-mar,March,30,112427
multilingual,jlens_16p,fr-month-before-mar,February,30,115226
multilingual,jlens_16p,fr-month-before-mar,French,38,151116
multilingual,jlens_16p,fr-month-before-mar,month,38,129999
multilingual,jlens_16p,fr-month-before-mar,March,38,103973
multilingual,jlens_16p,fr-month-before-mar,February,38,67413
multilingual,jlens_16p,fr-month-before-mar,French,45,124933
multilingual,jlens_16p,fr-month-before-mar,month,45,49944
multilingual,jlens_16p,fr-month-before-mar,March,45,113489
multilingual,jlens_16p,fr-month-before-mar,February,45,5036
multilingual,jlens_16p,fr-month-before-mar,French,52,73672
multilingual,jlens_16p,fr-month-before-mar,month,52,99
multilingual,jlens_16p,fr-month-before-mar,March,52,16
multilingual,jlens_16p,fr-month-before-mar,February,52,1
multilingual,rlens_16p,fr-month-before-mar,French,8,188004
multilingual,rlens_16p,fr-month-before-mar,month,8,163667
multilingual,rlens_16p,fr-month-before-mar,March,8,245446
multilingual,rlens_16p,fr-month-before-mar,February,8,178158
multilingual,rlens_16p,fr-month-before-mar,French,15,138038
multilingual,rlens_16p,fr-month-before-mar,month,15,176906
multilingual,rlens_16p,fr-month-before-mar,March,15,248168
multilingual,rlens_16p,fr-month-before-mar,February,15,211170
multilingual,rlens_16p,fr-month-before-mar,French,22,93691
multilingual,rlens_16p,fr-month-before-mar,month,22,138198
multilingual,rlens_16p,fr-month-before-mar,March,22,244160
multilingual,rlens_16p,fr-month-before-mar,February,22,224094
multilingual,rlens_16p,fr-month-before-mar,French,30,70318
multilingual,rlens_16p,fr-month-before-mar,month,30,203335
multilingual,rlens_16p,fr-month-before-mar,March,30,225870
multilingual,rlens_16p,fr-month-before-mar,February,30,157886
multilingual,rlens_16p,fr-month-before-mar,French,38,66103
multilingual,rlens_16p,fr-month-before-mar,month,38,119682
multilingual,rlens_16p,fr-month-before-mar,March,38,122325
multilingual,rlens_16p,fr-month-before-mar,February,38,133008
multilingual,rlens_16p,fr-month-before-mar,French,45,72352
multilingual,rlens_16p,fr-month-before-mar,month,45,8272
multilingual,rlens_16p,fr-month-before-mar,March,45,63413
multilingual,rlens_16p,fr-month-before-mar,February,45,304
multilingual,rlens_16p,fr-month-before-mar,French,52,32261
multilingual,rlens_16p,fr-month-before-mar,month,52,77
multilingual,rlens_16p,fr-month-before-mar,March,52,26
multilingual,rlens_16p,fr-month-before-mar,February,52,1
multilingual,rlens_64p,fr-month-before-mar,French,8,189177
multilingual,rlens_64p,fr-month-before-mar,month,8,167842
multilingual,rlens_64p,fr-month-before-mar,March,8,246128
multilingual,rlens_64p,fr-month-before-mar,February,8,175940
multilingual,rlens_64p,fr-month-before-mar,French,15,144466
multilingual,rlens_64p,fr-month-before-mar,month,15,181208
multilingual,rlens_64p,fr-month-before-mar,March,15,247851
multilingual,rlens_64p,fr-month-before-mar,February,15,210343
multilingual,rlens_64p,fr-month-before-mar,French,22,92081
multilingual,rlens_64p,fr-month-before-mar,month,22,149232
multilingual,rlens_64p,fr-month-before-mar,March,22,244928
multilingual,rlens_64p,fr-month-before-mar,February,22,224031
multilingual,rlens_64p,fr-month-before-mar,French,30,61907
multilingual,rlens_64p,fr-month-before-mar,month,30,195995
multilingual,rlens_64p,fr-month-before-mar,March,30,222938
multilingual,rlens_64p,fr-month-before-mar,February,30,150403
multilingual,rlens_64p,fr-month-before-mar,French,38,62106
multilingual,rlens_64p,fr-month-before-mar,month,38,109334
multilingual,rlens_64p,fr-month-before-mar,March,38,109858
multilingual,rlens_64p,fr-month-before-mar,February,38,129830
multilingual,rlens_64p,fr-month-before-mar,French,45,69988
multilingual,rlens_64p,fr-month-before-mar,month,45,7629
multilingual,rlens_64p,fr-month-before-mar,March,45,55705
multilingual,rlens_64p,fr-month-before-mar,February,45,450
multilingual,rlens_64p,fr-month-before-mar,French,52,32582
multilingual,rlens_64p,fr-month-before-mar,month,52,86
multilingual,rlens_64p,fr-month-before-mar,March,52,26
multilingual,rlens_64p,fr-month-before-mar,February,52,1
multilingual,jpp_64p,fr-month-before-mar,French,8,102580
multilingual,jpp_64p,fr-month-before-mar,month,8,116016
multilingual,jpp_64p,fr-month-before-mar,March,8,176467
multilingual,jpp_64p,fr-month-before-mar,February,8,184111
multilingual,jpp_64p,fr-month-before-mar,French,15,106016
multilingual,jpp_64p,fr-month-before-mar,month,15,181346
multilingual,jpp_64p,fr-month-before-mar,March,15,247543
multilingual,jpp_64p,fr-month-before-mar,February,15,245679
multilingual,jpp_64p,fr-month-before-mar,French,22,72431
multilingual,jpp_64p,fr-month-before-mar,month,22,127229
multilingual,jpp_64p,fr-month-before-mar,March,22,234191
multilingual,jpp_64p,fr-month-before-mar,February,22,217098
multilingual,jpp_64p,fr-month-before-mar,French,30,40767
multilingual,jpp_64p,fr-month-before-mar,month,30,171049
multilingual,jpp_64p,fr-month-before-mar,March,30,176610
multilingual,jpp_64p,fr-month-before-mar,February,30,161209
multilingual,jpp_64p,fr-month-before-mar,French,38,12432
multilingual,jpp_64p,fr-month-before-mar,month,38,75620
multilingual,jpp_64p,fr-month-before-mar,March,38,35160
multilingual,jpp_64p,fr-month-before-mar,February,38,92371
multilingual,jpp_64p,fr-month-before-mar,French,45,43993
multilingual,jpp_64p,fr-month-before-mar,month,45,1209
multilingual,jpp_64p,fr-month-before-mar,March,45,23053
multilingual,jpp_64p,fr-month-before-mar,February,45,38
multilingual,jpp_64p,fr-month-before-mar,French,52,19208
multilingual,jpp_64p,fr-month-before-mar,month,52,60
multilingual,jpp_64p,fr-month-before-mar,March,52,27
multilingual,jpp_64p,fr-month-before-mar,February,52,1
multilingual,logit,de-month-after-jan,German,8,24330
multilingual,logit,de-month-after-jan,month,8,64965
multilingual,logit,de-month-after-jan,January,8,191209
multilingual,logit,de-month-after-jan,February,8,91380
multilingual,logit,de-month-after-jan,German,15,29526
multilingual,logit,de-month-after-jan,month,15,77394
multilingual,logit,de-month-after-jan,January,15,198354
multilingual,logit,de-month-after-jan,February,15,109693
multilingual,logit,de-month-after-jan,German,22,51350
multilingual,logit,de-month-after-jan,month,22,80993
multilingual,logit,de-month-after-jan,January,22,172825
multilingual,logit,de-month-after-jan,February,22,128520
multilingual,logit,de-month-after-jan,German,30,2144
multilingual,logit,de-month-after-jan,month,30,45690
multilingual,logit,de-month-after-jan,January,30,62811
multilingual,logit,de-month-after-jan,February,30,73862
multilingual,logit,de-month-after-jan,German,38,12792
multilingual,logit,de-month-after-jan,month,38,1856
multilingual,logit,de-month-after-jan,January,38,7156
multilingual,logit,de-month-after-jan,February,38,65416
multilingual,logit,de-month-after-jan,German,45,1755
multilingual,logit,de-month-after-jan,month,45,17
multilingual,logit,de-month-after-jan,January,45,6
multilingual,logit,de-month-after-jan,February,45,10
multilingual,logit,de-month-after-jan,German,52,64045
multilingual,logit,de-month-after-jan,month,52,235
multilingual,logit,de-month-after-jan,January,52,22
multilingual,logit,de-month-after-jan,February,52,1
multilingual,jlens_16p,de-month-after-jan,German,8,17951
multilingual,jlens_16p,de-month-after-jan,month,8,442
multilingual,jlens_16p,de-month-after-jan,January,8,140850
multilingual,jlens_16p,de-month-after-jan,February,8,126898
multilingual,jlens_16p,de-month-after-jan,German,15,91603
multilingual,jlens_16p,de-month-after-jan,month,15,137402
multilingual,jlens_16p,de-month-after-jan,January,15,37913
multilingual,jlens_16p,de-month-after-jan,February,15,3055
multilingual,jlens_16p,de-month-after-jan,German,22,19689
multilingual,jlens_16p,de-month-after-jan,month,22,431
multilingual,jlens_16p,de-month-after-jan,January,22,148837
multilingual,jlens_16p,de-month-after-jan,February,22,125423
multilingual,jlens_16p,de-month-after-jan,German,30,36634
multilingual,jlens_16p,de-month-after-jan,month,30,143926
multilingual,jlens_16p,de-month-after-jan,January,30,35184
multilingual,jlens_16p,de-month-after-jan,February,30,81431
multilingual,jlens_16p,de-month-after-jan,German,38,49005
multilingual,jlens_16p,de-month-after-jan,month,38,74615
multilingual,jlens_16p,de-month-after-jan,January,38,60913
multilingual,jlens_16p,de-month-after-jan,February,38,56859
multilingual,jlens_16p,de-month-after-jan,German,45,24145
multilingual,jlens_16p,de-month-after-jan,month,45,2533
multilingual,jlens_16p,de-month-after-jan,January,45,251
multilingual,jlens_16p,de-month-after-jan,February,45,616
multilingual,jlens_16p,de-month-after-jan,German,52,21020
multilingual,jlens_16p,de-month-after-jan,month,52,81
multilingual,jlens_16p,de-month-after-jan,January,52,5
multilingual,jlens_16p,de-month-after-jan,February,52,1
multilingual,rlens_16p,de-month-after-jan,German,8,13193
multilingual,rlens_16p,de-month-after-jan,month,8,169065
multilingual,rlens_16p,de-month-after-jan,January,8,222328
multilingual,rlens_16p,de-month-after-jan,February,8,167550
multilingual,rlens_16p,de-month-after-jan,German,15,14242
multilingual,rlens_16p,de-month-after-jan,month,15,174218
multilingual,rlens_16p,de-month-after-jan,January,15,216414
multilingual,rlens_16p,de-month-after-jan,February,15,189953
multilingual,rlens_16p,de-month-after-jan,German,22,9218
multilingual,rlens_16p,de-month-after-jan,month,22,152288
multilingual,rlens_16p,de-month-after-jan,January,22,218208
multilingual,rlens_16p,de-month-after-jan,February,22,206701
multilingual,rlens_16p,de-month-after-jan,German,30,27195
multilingual,rlens_16p,de-month-after-jan,month,30,211778
multilingual,rlens_16p,de-month-after-jan,January,30,188458
multilingual,rlens_16p,de-month-after-jan,February,30,169451
multilingual,rlens_16p,de-month-after-jan,German,38,25411
multilingual,rlens_16p,de-month-after-jan,month,38,119205
multilingual,rlens_16p,de-month-after-jan,January,38,108203
multilingual,rlens_16p,de-month-after-jan,February,38,116182
multilingual,rlens_16p,de-month-after-jan,German,45,26354
multilingual,rlens_16p,de-month-after-jan,month,45,1125
multilingual,rlens_16p,de-month-after-jan,January,45,85
multilingual,rlens_16p,de-month-after-jan,February,45,142
multilingual,rlens_16p,de-month-after-jan,German,52,45849
multilingual,rlens_16p,de-month-after-jan,month,52,67
multilingual,rlens_16p,de-month-after-jan,January,52,11
multilingual,rlens_16p,de-month-after-jan,February,52,1
multilingual,rlens_64p,de-month-after-jan,German,8,13489
multilingual,rlens_64p,de-month-after-jan,month,8,174107
multilingual,rlens_64p,de-month-after-jan,January,8,218254
multilingual,rlens_64p,de-month-after-jan,February,8,166647
multilingual,rlens_64p,de-month-after-jan,German,15,15072
multilingual,rlens_64p,de-month-after-jan,month,15,177590
multilingual,rlens_64p,de-month-after-jan,January,15,215858
multilingual,rlens_64p,de-month-after-jan,February,15,187889
multilingual,rlens_64p,de-month-after-jan,German,22,9496
multilingual,rlens_64p,de-month-after-jan,month,22,163033
multilingual,rlens_64p,de-month-after-jan,January,22,212447
multilingual,rlens_64p,de-month-after-jan,February,22,206713
multilingual,rlens_64p,de-month-after-jan,German,30,22821
multilingual,rlens_64p,de-month-after-jan,month,30,209416
multilingual,rlens_64p,de-month-after-jan,January,30,186364
multilingual,rlens_64p,de-month-after-jan,February,30,165139
multilingual,rlens_64p,de-month-after-jan,German,38,28455
multilingual,rlens_64p,de-month-after-jan,month,38,101036
multilingual,rlens_64p,de-month-after-jan,January,38,108410
multilingual,rlens_64p,de-month-after-jan,February,38,100528
multilingual,rlens_64p,de-month-after-jan,German,45,26982
multilingual,rlens_64p,de-month-after-jan,month,45,806
multilingual,rlens_64p,de-month-after-jan,January,45,103
multilingual,rlens_64p,de-month-after-jan,February,45,141
multilingual,rlens_64p,de-month-after-jan,German,52,47841
multilingual,rlens_64p,de-month-after-jan,month,52,69
multilingual,rlens_64p,de-month-after-jan,January,52,13
multilingual,rlens_64p,de-month-after-jan,February,52,1
multilingual,jpp_64p,de-month-after-jan,German,8,8973
multilingual,jpp_64p,de-month-after-jan,month,8,157185
multilingual,jpp_64p,de-month-after-jan,January,8,207271
multilingual,jpp_64p,de-month-after-jan,February,8,207271
multilingual,jpp_64p,de-month-after-jan,German,15,3466
multilingual,jpp_64p,de-month-after-jan,month,15,182827
multilingual,jpp_64p,de-month-after-jan,January,15,230150
multilingual,jpp_64p,de-month-after-jan,February,15,245106
multilingual,jpp_64p,de-month-after-jan,German,22,3531
multilingual,jpp_64p,de-month-after-jan,month,22,154578
multilingual,jpp_64p,de-month-after-jan,January,22,219447
multilingual,jpp_64p,de-month-after-jan,February,22,222192
multilingual,jpp_64p,de-month-after-jan,German,30,26560
multilingual,jpp_64p,de-month-after-jan,month,30,158592
multilingual,jpp_64p,de-month-after-jan,January,30,205852
multilingual,jpp_64p,de-month-after-jan,February,30,190592
multilingual,jpp_64p,de-month-after-jan,German,38,2022
multilingual,jpp_64p,de-month-after-jan,month,38,35099
multilingual,jpp_64p,de-month-after-jan,January,38,21442
multilingual,jpp_64p,de-month-after-jan,February,38,40870
multilingual,jpp_64p,de-month-after-jan,German,45,1678
multilingual,jpp_64p,de-month-after-jan,month,45,377
multilingual,jpp_64p,de-month-after-jan,January,45,120
multilingual,jpp_64p,de-month-after-jan,February,45,41
multilingual,jpp_64p,de-month-after-jan,German,52,68162
multilingual,jpp_64p,de-month-after-jan,month,52,58
multilingual,jpp_64p,de-month-after-jan,January,52,21
multilingual,jpp_64p,de-month-after-jan,February,52,1
multilingual,logit,de-month-before-dec,German,8,27457
multilingual,logit,de-month-before-dec,month,8,58314
multilingual,logit,de-month-before-dec,December,8,183659
multilingual,logit,de-month-before-dec,November,8,186164
multilingual,logit,de-month-before-dec,German,15,32062
multilingual,logit,de-month-before-dec,month,15,72670
multilingual,logit,de-month-before-dec,December,15,166380
multilingual,logit,de-month-before-dec,November,15,205939
multilingual,logit,de-month-before-dec,German,22,42810
multilingual,logit,de-month-before-dec,month,22,77163
multilingual,logit,de-month-before-dec,December,22,66638
multilingual,logit,de-month-before-dec,November,22,196747
multilingual,logit,de-month-before-dec,German,30,1728
multilingual,logit,de-month-before-dec,month,30,20006
multilingual,logit,de-month-before-dec,December,30,56635
multilingual,logit,de-month-before-dec,November,30,51376
multilingual,logit,de-month-before-dec,German,38,8950
multilingual,logit,de-month-before-dec,month,38,115
multilingual,logit,de-month-before-dec,December,38,268
multilingual,logit,de-month-before-dec,November,38,1793
multilingual,logit,de-month-before-dec,German,45,1867
multilingual,logit,de-month-before-dec,month,45,30
multilingual,logit,de-month-before-dec,December,45,8
multilingual,logit,de-month-before-dec,November,45,5
multilingual,logit,de-month-before-dec,German,52,56788
multilingual,logit,de-month-before-dec,month,52,251
multilingual,logit,de-month-before-dec,December,52,4
multilingual,logit,de-month-before-dec,November,52,1
multilingual,jlens_16p,de-month-before-dec,German,8,18076
multilingual,jlens_16p,de-month-before-dec,month,8,383
multilingual,jlens_16p,de-month-before-dec,December,8,142577
multilingual,jlens_16p,de-month-before-dec,November,8,34931
multilingual,jlens_16p,de-month-before-dec,German,15,91782
multilingual,jlens_16p,de-month-before-dec,month,15,136866
multilingual,jlens_16p,de-month-before-dec,December,15,96541
multilingual,jlens_16p,de-month-before-dec,November,15,45289
multilingual,jlens_16p,de-month-before-dec,German,22,34518
multilingual,jlens_16p,de-month-before-dec,month,22,1465
multilingual,jlens_16p,de-month-before-dec,December,22,81385
multilingual,jlens_16p,de-month-before-dec,November,22,113256
multilingual,jlens_16p,de-month-before-dec,German,30,29333
multilingual,jlens_16p,de-month-before-dec,month,30,124300
multilingual,jlens_16p,de-month-before-dec,December,30,154652
multilingual,jlens_16p,de-month-before-dec,November,30,86127
multilingual,jlens_16p,de-month-before-dec,German,38,49042
multilingual,jlens_16p,de-month-before-dec,month,38,63766
multilingual,jlens_16p,de-month-before-dec,December,38,49042
multilingual,jlens_16p,de-month-before-dec,November,38,49042
multilingual,jlens_16p,de-month-before-dec,German,45,30112
multilingual,jlens_16p,de-month-before-dec,month,45,3501
multilingual,jlens_16p,de-month-before-dec,December,45,313
multilingual,jlens_16p,de-month-before-dec,November,45,2228
multilingual,jlens_16p,de-month-before-dec,German,52,22440
multilingual,jlens_16p,de-month-before-dec,month,52,93
multilingual,jlens_16p,de-month-before-dec,December,52,3
multilingual,jlens_16p,de-month-before-dec,November,52,1
multilingual,rlens_16p,de-month-before-dec,German,8,15714
multilingual,rlens_16p,de-month-before-dec,month,8,166873
multilingual,rlens_16p,de-month-before-dec,December,8,188921
multilingual,rlens_16p,de-month-before-dec,November,8,155250
multilingual,rlens_16p,de-month-before-dec,German,15,15638
multilingual,rlens_16p,de-month-before-dec,month,15,172954
multilingual,rlens_16p,de-month-before-dec,December,15,195986
multilingual,rlens_16p,de-month-before-dec,November,15,171884
multilingual,rlens_16p,de-month-before-dec,German,22,9781
multilingual,rlens_16p,de-month-before-dec,month,22,146835
multilingual,rlens_16p,de-month-before-dec,December,22,227858
multilingual,rlens_16p,de-month-before-dec,November,22,143931
multilingual,rlens_16p,de-month-before-dec,German,30,22258
multilingual,rlens_16p,de-month-before-dec,month,30,192635
multilingual,rlens_16p,de-month-before-dec,December,30,232987
multilingual,rlens_16p,de-month-before-dec,November,30,161339
multilingual,rlens_16p,de-month-before-dec,German,38,19395
multilingual,rlens_16p,de-month-before-dec,month,38,23625
multilingual,rlens_16p,de-month-before-dec,December,38,88168
multilingual,rlens_16p,de-month-before-dec,November,38,44929
multilingual,rlens_16p,de-month-before-dec,German,45,15504
multilingual,rlens_16p,de-month-before-dec,month,45,379
multilingual,rlens_16p,de-month-before-dec,December,45,111
multilingual,rlens_16p,de-month-before-dec,November,45,624
multilingual,rlens_16p,de-month-before-dec,German,52,13155
multilingual,rlens_16p,de-month-before-dec,month,52,77
multilingual,rlens_16p,de-month-before-dec,December,52,4
multilingual,rlens_16p,de-month-before-dec,November,52,1
multilingual,rlens_64p,de-month-before-dec,German,8,15848
multilingual,rlens_64p,de-month-before-dec,month,8,172873
multilingual,rlens_64p,de-month-before-dec,December,8,181375
multilingual,rlens_64p,de-month-before-dec,November,8,136047
multilingual,rlens_64p,de-month-before-dec,German,15,16404
multilingual,rlens_64p,de-month-before-dec,month,15,176409
multilingual,rlens_64p,de-month-before-dec,December,15,184728
multilingual,rlens_64p,de-month-before-dec,November,15,167445
multilingual,rlens_64p,de-month-before-dec,German,22,10227
multilingual,rlens_64p,de-month-before-dec,month,22,157536
multilingual,rlens_64p,de-month-before-dec,December,22,223956
multilingual,rlens_64p,de-month-before-dec,November,22,135177
multilingual,rlens_64p,de-month-before-dec,German,30,21213
multilingual,rlens_64p,de-month-before-dec,month,30,192928
multilingual,rlens_64p,de-month-before-dec,December,30,229264
multilingual,rlens_64p,de-month-before-dec,November,30,162057
multilingual,rlens_64p,de-month-before-dec,German,38,21681
multilingual,rlens_64p,de-month-before-dec,month,38,20113
multilingual,rlens_64p,de-month-before-dec,December,38,91636
multilingual,rlens_64p,de-month-before-dec,November,38,50991
multilingual,rlens_64p,de-month-before-dec,German,45,15770
multilingual,rlens_64p,de-month-before-dec,month,45,218
multilingual,rlens_64p,de-month-before-dec,December,45,120
multilingual,rlens_64p,de-month-before-dec,November,45,603
multilingual,rlens_64p,de-month-before-dec,German,52,13088
multilingual,rlens_64p,de-month-before-dec,month,52,80
multilingual,rlens_64p,de-month-before-dec,December,52,4
multilingual,rlens_64p,de-month-before-dec,November,52,1
multilingual,jpp_64p,de-month-before-dec,German,8,9452
multilingual,jpp_64p,de-month-before-dec,month,8,153811
multilingual,jpp_64p,de-month-before-dec,December,8,71954
multilingual,jpp_64p,de-month-before-dec,November,8,146902
multilingual,jpp_64p,de-month-before-dec,German,15,3425
multilingual,jpp_64p,de-month-before-dec,month,15,183758
multilingual,jpp_64p,de-month-before-dec,December,15,171011
multilingual,jpp_64p,de-month-before-dec,November,15,188887
multilingual,jpp_64p,de-month-before-dec,German,22,3280
multilingual,jpp_64p,de-month-before-dec,month,22,153884
multilingual,jpp_64p,de-month-before-dec,December,22,209381
multilingual,jpp_64p,de-month-before-dec,November,22,152218
multilingual,jpp_64p,de-month-before-dec,German,30,19144
multilingual,jpp_64p,de-month-before-dec,month,30,135880
multilingual,jpp_64p,de-month-before-dec,December,30,224448
multilingual,jpp_64p,de-month-before-dec,November,30,143168
multilingual,jpp_64p,de-month-before-dec,German,38,4190
multilingual,jpp_64p,de-month-before-dec,month,38,4190
multilingual,jpp_64p,de-month-before-dec,December,38,12098
multilingual,jpp_64p,de-month-before-dec,November,38,16760
multilingual,jpp_64p,de-month-before-dec,German,45,3927
multilingual,jpp_64p,de-month-before-dec,month,45,130
multilingual,jpp_64p,de-month-before-dec,December,45,143
multilingual,jpp_64p,de-month-before-dec,November,45,1076
multilingual,jpp_64p,de-month-before-dec,German,52,16691
multilingual,jpp_64p,de-month-before-dec,month,52,64
multilingual,jpp_64p,de-month-before-dec,December,52,7
multilingual,jpp_64p,de-month-before-dec,November,52,1
multilingual,logit,es-month-after-mar,español,8,146787
multilingual,logit,es-month-after-mar,month,8,61454
multilingual,logit,es-month-after-mar,March,8,23306
multilingual,logit,es-month-after-mar,April,8,85247
multilingual,logit,es-month-after-mar,español,15,149932
multilingual,logit,es-month-after-mar,month,15,88849
multilingual,logit,es-month-after-mar,March,15,6207
multilingual,logit,es-month-after-mar,April,15,89542
multilingual,logit,es-month-after-mar,español,22,62299
multilingual,logit,es-month-after-mar,month,22,75106
multilingual,logit,es-month-after-mar,March,22,19458
multilingual,logit,es-month-after-mar,April,22,72519
multilingual,logit,es-month-after-mar,español,30,33200
multilingual,logit,es-month-after-mar,month,30,59545
multilingual,logit,es-month-after-mar,March,30,39787
multilingual,logit,es-month-after-mar,April,30,16214
multilingual,logit,es-month-after-mar,español,38,33734
multilingual,logit,es-month-after-mar,month,38,484
multilingual,logit,es-month-after-mar,March,38,56453
multilingual,logit,es-month-after-mar,April,38,5153
multilingual,logit,es-month-after-mar,español,45,20406
multilingual,logit,es-month-after-mar,month,45,25
multilingual,logit,es-month-after-mar,March,45,1578
multilingual,logit,es-month-after-mar,April,45,86
multilingual,logit,es-month-after-mar,español,52,58853
multilingual,logit,es-month-after-mar,month,52,61
multilingual,logit,es-month-after-mar,March,52,7
multilingual,logit,es-month-after-mar,April,52,1
multilingual,jlens_16p,es-month-after-mar,español,8,33171
multilingual,jlens_16p,es-month-after-mar,month,8,442
multilingual,jlens_16p,es-month-after-mar,March,8,19859
multilingual,jlens_16p,es-month-after-mar,April,8,50956
multilingual,jlens_16p,es-month-after-mar,español,15,180396
multilingual,jlens_16p,es-month-after-mar,month,15,137454
multilingual,jlens_16p,es-month-after-mar,March,15,92716
multilingual,jlens_16p,es-month-after-mar,April,15,86265
multilingual,jlens_16p,es-month-after-mar,español,22,18069
multilingual,jlens_16p,es-month-after-mar,month,22,1098
multilingual,jlens_16p,es-month-after-mar,March,22,6495
multilingual,jlens_16p,es-month-after-mar,April,22,70062
multilingual,jlens_16p,es-month-after-mar,español,30,114516
multilingual,jlens_16p,es-month-after-mar,month,30,188299
multilingual,jlens_16p,es-month-after-mar,March,30,121908
multilingual,jlens_16p,es-month-after-mar,April,30,101742
multilingual,jlens_16p,es-month-after-mar,español,38,90339
multilingual,jlens_16p,es-month-after-mar,month,38,123179
multilingual,jlens_16p,es-month-after-mar,March,38,84045
multilingual,jlens_16p,es-month-after-mar,April,38,43339
multilingual,jlens_16p,es-month-after-mar,español,45,72027
multilingual,jlens_16p,es-month-after-mar,month,45,62668
multilingual,jlens_16p,es-month-after-mar,March,45,141629
multilingual,jlens_16p,es-month-after-mar,April,45,26573
multilingual,jlens_16p,es-month-after-mar,español,52,102745
multilingual,jlens_16p,es-month-after-mar,month,52,43
multilingual,jlens_16p,es-month-after-mar,March,52,36
multilingual,jlens_16p,es-month-after-mar,April,52,1
multilingual,rlens_16p,es-month-after-mar,español,8,73923
multilingual,rlens_16p,es-month-after-mar,month,8,158954
multilingual,rlens_16p,es-month-after-mar,March,8,239539
multilingual,rlens_16p,es-month-after-mar,April,8,138458
multilingual,rlens_16p,es-month-after-mar,español,15,23041
multilingual,rlens_16p,es-month-after-mar,month,15,134776
multilingual,rlens_16p,es-month-after-mar,March,15,244002
multilingual,rlens_16p,es-month-after-mar,April,15,135425
multilingual,rlens_16p,es-month-after-mar,español,22,5791
multilingual,rlens_16p,es-month-after-mar,month,22,97497
multilingual,rlens_16p,es-month-after-mar,March,22,234801
multilingual,rlens_16p,es-month-after-mar,April,22,134365
multilingual,rlens_16p,es-month-after-mar,español,30,772
multilingual,rlens_16p,es-month-after-mar,month,30,189280
multilingual,rlens_16p,es-month-after-mar,March,30,220229
multilingual,rlens_16p,es-month-after-mar,April,30,59915
multilingual,rlens_16p,es-month-after-mar,español,38,3594
multilingual,rlens_16p,es-month-after-mar,month,38,122938
multilingual,rlens_16p,es-month-after-mar,March,38,91793
multilingual,rlens_16p,es-month-after-mar,April,38,37183
multilingual,rlens_16p,es-month-after-mar,español,45,6645
multilingual,rlens_16p,es-month-after-mar,month,45,18919
multilingual,rlens_16p,es-month-after-mar,March,45,99087
multilingual,rlens_16p,es-month-after-mar,April,45,3769
multilingual,rlens_16p,es-month-after-mar,español,52,1818
multilingual,rlens_16p,es-month-after-mar,month,52,31
multilingual,rlens_16p,es-month-after-mar,March,52,40
multilingual,rlens_16p,es-month-after-mar,April,52,1
multilingual,rlens_64p,es-month-after-mar,español,8,63294
multilingual,rlens_64p,es-month-after-mar,month,8,165259
multilingual,rlens_64p,es-month-after-mar,March,8,240707
multilingual,rlens_64p,es-month-after-mar,April,8,134454
multilingual,rlens_64p,es-month-after-mar,español,15,20141
multilingual,rlens_64p,es-month-after-mar,month,15,138599
multilingual,rlens_64p,es-month-after-mar,March,15,243227
multilingual,rlens_64p,es-month-after-mar,April,15,131375
multilingual,rlens_64p,es-month-after-mar,español,22,3848
multilingual,rlens_64p,es-month-after-mar,month,22,108696
multilingual,rlens_64p,es-month-after-mar,March,22,234841
multilingual,rlens_64p,es-month-after-mar,April,22,131579
multilingual,rlens_64p,es-month-after-mar,español,30,761
multilingual,rlens_64p,es-month-after-mar,month,30,180689
multilingual,rlens_64p,es-month-after-mar,March,30,209140
multilingual,rlens_64p,es-month-after-mar,April,30,63268
multilingual,rlens_64p,es-month-after-mar,español,38,3386
multilingual,rlens_64p,es-month-after-mar,month,38,112366
multilingual,rlens_64p,es-month-after-mar,March,38,76633
multilingual,rlens_64p,es-month-after-mar,April,38,47659
multilingual,rlens_64p,es-month-after-mar,español,45,7506
multilingual,rlens_64p,es-month-after-mar,month,45,18051
multilingual,rlens_64p,es-month-after-mar,March,45,79843
multilingual,rlens_64p,es-month-after-mar,April,45,3434
multilingual,rlens_64p,es-month-after-mar,español,52,2039
multilingual,rlens_64p,es-month-after-mar,month,52,33
multilingual,rlens_64p,es-month-after-mar,March,52,33
multilingual,rlens_64p,es-month-after-mar,April,52,1
multilingual,jpp_64p,es-month-after-mar,español,8,115380
multilingual,jpp_64p,es-month-after-mar,month,8,148117
multilingual,jpp_64p,es-month-after-mar,March,8,182473
multilingual,jpp_64p,es-month-after-mar,April,8,107950
multilingual,jpp_64p,es-month-after-mar,español,15,29241
multilingual,jpp_64p,es-month-after-mar,month,15,185734
multilingual,jpp_64p,es-month-after-mar,March,15,231974
multilingual,jpp_64p,es-month-after-mar,April,15,151068
multilingual,jpp_64p,es-month-after-mar,español,22,8845
multilingual,jpp_64p,es-month-after-mar,month,22,124016
multilingual,jpp_64p,es-month-after-mar,March,22,208203
multilingual,jpp_64p,es-month-after-mar,April,22,119259
multilingual,jpp_64p,es-month-after-mar,español,30,221
multilingual,jpp_64p,es-month-after-mar,month,30,157766
multilingual,jpp_64p,es-month-after-mar,March,30,151011
multilingual,jpp_64p,es-month-after-mar,April,30,71250
multilingual,jpp_64p,es-month-after-mar,español,38,83
multilingual,jpp_64p,es-month-after-mar,month,38,98060
multilingual,jpp_64p,es-month-after-mar,March,38,22419
multilingual,jpp_64p,es-month-after-mar,April,38,23649
multilingual,jpp_64p,es-month-after-mar,español,45,5384
multilingual,jpp_64p,es-month-after-mar,month,45,2413
multilingual,jpp_64p,es-month-after-mar,March,45,30644
multilingual,jpp_64p,es-month-after-mar,April,45,2152
multilingual,jpp_64p,es-month-after-mar,español,52,1554
multilingual,jpp_64p,es-month-after-mar,month,52,20
multilingual,jpp_64p,es-month-after-mar,March,52,37
multilingual,jpp_64p,es-month-after-mar,April,52,1
multilingual,logit,es-month-after-sep,español,8,146251
multilingual,logit,es-month-after-sep,month,8,68592
multilingual,logit,es-month-after-sep,September,8,69767
multilingual,logit,es-month-after-sep,October,8,153586
multilingual,logit,es-month-after-sep,español,15,146300
multilingual,logit,es-month-after-sep,month,15,97641
multilingual,logit,es-month-after-sep,September,15,59485
multilingual,logit,es-month-after-sep,October,15,150423
multilingual,logit,es-month-after-sep,español,22,56301
multilingual,logit,es-month-after-sep,month,22,70612
multilingual,logit,es-month-after-sep,September,22,47196
multilingual,logit,es-month-after-sep,October,22,101925
multilingual,logit,es-month-after-sep,español,30,32921
multilingual,logit,es-month-after-sep,month,30,57323
multilingual,logit,es-month-after-sep,September,30,123492
multilingual,logit,es-month-after-sep,October,30,37132
multilingual,logit,es-month-after-sep,español,38,37734
multilingual,logit,es-month-after-sep,month,38,745
multilingual,logit,es-month-after-sep,September,38,10182
multilingual,logit,es-month-after-sep,October,38,2691
multilingual,logit,es-month-after-sep,español,45,23840
multilingual,logit,es-month-after-sep,month,45,31
multilingual,logit,es-month-after-sep,September,45,42
multilingual,logit,es-month-after-sep,October,45,7
multilingual,logit,es-month-after-sep,español,52,80001
multilingual,logit,es-month-after-sep,month,52,67
multilingual,logit,es-month-after-sep,September,52,4
multilingual,logit,es-month-after-sep,October,52,1
multilingual,jlens_16p,es-month-after-sep,español,8,33166
multilingual,jlens_16p,es-month-after-sep,month,8,441
multilingual,jlens_16p,es-month-after-sep,September,8,184165
multilingual,jlens_16p,es-month-after-sep,October,8,108480
multilingual,jlens_16p,es-month-after-sep,español,15,180123
multilingual,jlens_16p,es-month-after-sep,month,15,137211
multilingual,jlens_16p,es-month-after-sep,September,15,59757
multilingual,jlens_16p,es-month-after-sep,October,15,124056
multilingual,jlens_16p,es-month-after-sep,español,22,167072
multilingual,jlens_16p,es-month-after-sep,month,22,123235
multilingual,jlens_16p,es-month-after-sep,September,22,56960
multilingual,jlens_16p,es-month-after-sep,October,22,127022
multilingual,jlens_16p,es-month-after-sep,español,30,104337
multilingual,jlens_16p,es-month-after-sep,month,30,190227
multilingual,jlens_16p,es-month-after-sep,September,30,197940
multilingual,jlens_16p,es-month-after-sep,October,30,238076
multilingual,jlens_16p,es-month-after-sep,español,38,85596
multilingual,jlens_16p,es-month-after-sep,month,38,124091
multilingual,jlens_16p,es-month-after-sep,September,38,210399
multilingual,jlens_16p,es-month-after-sep,October,38,207792
multilingual,jlens_16p,es-month-after-sep,español,45,71454
multilingual,jlens_16p,es-month-after-sep,month,45,55075
multilingual,jlens_16p,es-month-after-sep,September,45,122052
multilingual,jlens_16p,es-month-after-sep,October,45,142971
multilingual,jlens_16p,es-month-after-sep,español,52,104183
multilingual,jlens_16p,es-month-after-sep,month,52,32
multilingual,jlens_16p,es-month-after-sep,September,52,7
multilingual,jlens_16p,es-month-after-sep,October,52,1
multilingual,rlens_16p,es-month-after-sep,español,8,69455
multilingual,rlens_16p,es-month-after-sep,month,8,159516
multilingual,rlens_16p,es-month-after-sep,September,8,232121
multilingual,rlens_16p,es-month-after-sep,October,8,250027
multilingual,rlens_16p,es-month-after-sep,español,15,22674
multilingual,rlens_16p,es-month-after-sep,month,15,134157
multilingual,rlens_16p,es-month-after-sep,September,15,215170
multilingual,rlens_16p,es-month-after-sep,October,15,247475
multilingual,rlens_16p,es-month-after-sep,español,22,4476
multilingual,rlens_16p,es-month-after-sep,month,22,101017
multilingual,rlens_16p,es-month-after-sep,September,22,188813
multilingual,rlens_16p,es-month-after-sep,October,22,246134
multilingual,rlens_16p,es-month-after-sep,español,30,649
multilingual,rlens_16p,es-month-after-sep,month,30,185805
multilingual,rlens_16p,es-month-after-sep,September,30,214000
multilingual,rlens_16p,es-month-after-sep,October,30,244805
multilingual,rlens_16p,es-month-after-sep,español,38,2861
multilingual,rlens_16p,es-month-after-sep,month,38,122642
multilingual,rlens_16p,es-month-after-sep,September,38,170903
multilingual,rlens_16p,es-month-after-sep,October,38,192973
multilingual,rlens_16p,es-month-after-sep,español,45,6667
multilingual,rlens_16p,es-month-after-sep,month,45,15465
multilingual,rlens_16p,es-month-after-sep,September,45,8935
multilingual,rlens_16p,es-month-after-sep,October,45,25459
multilingual,rlens_16p,es-month-after-sep,español,52,2817
multilingual,rlens_16p,es-month-after-sep,month,52,31
multilingual,rlens_16p,es-month-after-sep,September,52,5
multilingual,rlens_16p,es-month-after-sep,October,52,1
multilingual,rlens_64p,es-month-after-sep,español,8,58158
multilingual,rlens_64p,es-month-after-sep,month,8,165575
multilingual,rlens_64p,es-month-after-sep,September,8,221721
multilingual,rlens_64p,es-month-after-sep,October,8,248727
multilingual,rlens_64p,es-month-after-sep,español,15,19642
multilingual,rlens_64p,es-month-after-sep,month,15,134990
multilingual,rlens_64p,es-month-after-sep,September,15,204784
multilingual,rlens_64p,es-month-after-sep,October,15,245535
multilingual,rlens_64p,es-month-after-sep,español,22,3102
multilingual,rlens_64p,es-month-after-sep,month,22,109953
multilingual,rlens_64p,es-month-after-sep,September,22,168808
multilingual,rlens_64p,es-month-after-sep,October,22,242480
multilingual,rlens_64p,es-month-after-sep,español,30,580
multilingual,rlens_64p,es-month-after-sep,month,30,176665
multilingual,rlens_64p,es-month-after-sep,September,30,210305
multilingual,rlens_64p,es-month-after-sep,October,30,243926
multilingual,rlens_64p,es-month-after-sep,español,38,2706
multilingual,rlens_64p,es-month-after-sep,month,38,109926
multilingual,rlens_64p,es-month-after-sep,September,38,178391
multilingual,rlens_64p,es-month-after-sep,October,38,193283
multilingual,rlens_64p,es-month-after-sep,español,45,7584
multilingual,rlens_64p,es-month-after-sep,month,45,13902
multilingual,rlens_64p,es-month-after-sep,September,45,11105
multilingual,rlens_64p,es-month-after-sep,October,45,34596
multilingual,rlens_64p,es-month-after-sep,español,52,3206
multilingual,rlens_64p,es-month-after-sep,month,52,32
multilingual,rlens_64p,es-month-after-sep,September,52,5
multilingual,rlens_64p,es-month-after-sep,October,52,1
multilingual,jpp_64p,es-month-after-sep,español,8,111025
multilingual,jpp_64p,es-month-after-sep,month,8,159174
multilingual,jpp_64p,es-month-after-sep,September,8,242639
multilingual,jpp_64p,es-month-after-sep,October,8,238907
multilingual,jpp_64p,es-month-after-sep,español,15,28268
multilingual,jpp_64p,es-month-after-sep,month,15,185683
multilingual,jpp_64p,es-month-after-sep,September,15,236659
multilingual,jpp_64p,es-month-after-sep,October,15,245548
multilingual,jpp_64p,es-month-after-sep,español,22,7433
multilingual,jpp_64p,es-month-after-sep,month,22,125661
multilingual,jpp_64p,es-month-after-sep,September,22,206851
multilingual,jpp_64p,es-month-after-sep,October,22,239892
multilingual,jpp_64p,es-month-after-sep,español,30,167
multilingual,jpp_64p,es-month-after-sep,month,30,149429
multilingual,jpp_64p,es-month-after-sep,September,30,197962
multilingual,jpp_64p,es-month-after-sep,October,30,229590
multilingual,jpp_64p,es-month-after-sep,español,38,76
multilingual,jpp_64p,es-month-after-sep,month,38,92533
multilingual,jpp_64p,es-month-after-sep,September,38,57403
multilingual,jpp_64p,es-month-after-sep,October,38,55088
multilingual,jpp_64p,es-month-after-sep,español,45,5285
multilingual,jpp_64p,es-month-after-sep,month,45,1729
multilingual,jpp_64p,es-month-after-sep,September,45,955
multilingual,jpp_64p,es-month-after-sep,October,45,4904
multilingual,jpp_64p,es-month-after-sep,español,52,2218
multilingual,jpp_64p,es-month-after-sep,month,52,31
multilingual,jpp_64p,es-month-after-sep,September,52,8
multilingual,jpp_64p,es-month-after-sep,October,52,1
multilingual,logit,es-month-before-jun,español,8,153891
multilingual,logit,es-month-before-jun,month,8,62028
multilingual,logit,es-month-before-jun,June,8,178662
multilingual,logit,es-month-before-jun,May,8,126023
multilingual,logit,es-month-before-jun,español,15,148283
multilingual,logit,es-month-before-jun,month,15,100553
multilingual,logit,es-month-before-jun,June,15,222131
multilingual,logit,es-month-before-jun,May,15,139801
multilingual,logit,es-month-before-jun,español,22,56938
multilingual,logit,es-month-before-jun,month,22,79023
multilingual,logit,es-month-before-jun,June,22,180020
multilingual,logit,es-month-before-jun,May,22,126151
multilingual,logit,es-month-before-jun,español,30,23961
multilingual,logit,es-month-before-jun,month,30,50266
multilingual,logit,es-month-before-jun,June,30,21417
multilingual,logit,es-month-before-jun,May,30,276
multilingual,logit,es-month-before-jun,español,38,41626
multilingual,logit,es-month-before-jun,month,38,257
multilingual,logit,es-month-before-jun,June,38,1636
multilingual,logit,es-month-before-jun,May,38,40317
multilingual,logit,es-month-before-jun,español,45,27905
multilingual,logit,es-month-before-jun,month,45,27
multilingual,logit,es-month-before-jun,June,45,10
multilingual,logit,es-month-before-jun,May,45,160
multilingual,logit,es-month-before-jun,español,52,66876
multilingual,logit,es-month-before-jun,month,52,53
multilingual,logit,es-month-before-jun,June,52,1
multilingual,logit,es-month-before-jun,May,52,2
multilingual,jlens_16p,es-month-before-jun,español,8,33087
multilingual,jlens_16p,es-month-before-jun,month,8,440
multilingual,jlens_16p,es-month-before-jun,June,8,67354
multilingual,jlens_16p,es-month-before-jun,May,8,1319
multilingual,jlens_16p,es-month-before-jun,español,15,180191
multilingual,jlens_16p,es-month-before-jun,month,15,137301
multilingual,jlens_16p,es-month-before-jun,June,15,159024
multilingual,jlens_16p,es-month-before-jun,May,15,222674
multilingual,jlens_16p,es-month-before-jun,español,22,156769
multilingual,jlens_16p,es-month-before-jun,month,22,114691
multilingual,jlens_16p,es-month-before-jun,June,22,156769
multilingual,jlens_16p,es-month-before-jun,May,22,199568
multilingual,jlens_16p,es-month-before-jun,español,30,118390
multilingual,jlens_16p,es-month-before-jun,month,30,192666
multilingual,jlens_16p,es-month-before-jun,June,30,86373
multilingual,jlens_16p,es-month-before-jun,May,30,61985
multilingual,jlens_16p,es-month-before-jun,español,38,93663
multilingual,jlens_16p,es-month-before-jun,month,38,110227
multilingual,jlens_16p,es-month-before-jun,June,38,48120
multilingual,jlens_16p,es-month-before-jun,May,38,6003
multilingual,jlens_16p,es-month-before-jun,español,45,72726
multilingual,jlens_16p,es-month-before-jun,month,45,60564
multilingual,jlens_16p,es-month-before-jun,June,45,52913
multilingual,jlens_16p,es-month-before-jun,May,45,21774
multilingual,jlens_16p,es-month-before-jun,español,52,101797
multilingual,jlens_16p,es-month-before-jun,month,52,30
multilingual,jlens_16p,es-month-before-jun,June,52,1
multilingual,jlens_16p,es-month-before-jun,May,52,2
multilingual,rlens_16p,es-month-before-jun,español,8,79685
multilingual,rlens_16p,es-month-before-jun,month,8,148500
multilingual,rlens_16p,es-month-before-jun,June,8,176512
multilingual,rlens_16p,es-month-before-jun,May,8,115056
multilingual,rlens_16p,es-month-before-jun,español,15,27518
multilingual,rlens_16p,es-month-before-jun,month,15,127581
multilingual,rlens_16p,es-month-before-jun,June,15,198896
multilingual,rlens_16p,es-month-before-jun,May,15,97548
multilingual,rlens_16p,es-month-before-jun,español,22,6477
multilingual,rlens_16p,es-month-before-jun,month,22,98447
multilingual,rlens_16p,es-month-before-jun,June,22,175760
multilingual,rlens_16p,es-month-before-jun,May,22,56265
multilingual,rlens_16p,es-month-before-jun,español,30,1214
multilingual,rlens_16p,es-month-before-jun,month,30,191365
multilingual,rlens_16p,es-month-before-jun,June,30,121116
multilingual,rlens_16p,es-month-before-jun,May,30,14447
multilingual,rlens_16p,es-month-before-jun,español,38,4503
multilingual,rlens_16p,es-month-before-jun,month,38,89667
multilingual,rlens_16p,es-month-before-jun,June,38,70146
multilingual,rlens_16p,es-month-before-jun,May,38,16900
multilingual,rlens_16p,es-month-before-jun,español,45,5600
multilingual,rlens_16p,es-month-before-jun,month,45,15242
multilingual,rlens_16p,es-month-before-jun,June,45,4904
multilingual,rlens_16p,es-month-before-jun,May,45,52911
multilingual,rlens_16p,es-month-before-jun,español,52,2468
multilingual,rlens_16p,es-month-before-jun,month,52,21
multilingual,rlens_16p,es-month-before-jun,June,52,1
multilingual,rlens_16p,es-month-before-jun,May,52,5
multilingual,rlens_64p,es-month-before-jun,español,8,68000
multilingual,rlens_64p,es-month-before-jun,month,8,155732
multilingual,rlens_64p,es-month-before-jun,June,8,177504
multilingual,rlens_64p,es-month-before-jun,May,8,111907
multilingual,rlens_64p,es-month-before-jun,español,15,24379
multilingual,rlens_64p,es-month-before-jun,month,15,131066
multilingual,rlens_64p,es-month-before-jun,June,15,199743
multilingual,rlens_64p,es-month-before-jun,May,15,91583
multilingual,rlens_64p,es-month-before-jun,español,22,4466
multilingual,rlens_64p,es-month-before-jun,month,22,106790
multilingual,rlens_64p,es-month-before-jun,June,22,178654
multilingual,rlens_64p,es-month-before-jun,May,22,64571
multilingual,rlens_64p,es-month-before-jun,español,30,1145
multilingual,rlens_64p,es-month-before-jun,month,30,180948
multilingual,rlens_64p,es-month-before-jun,June,30,128233
multilingual,rlens_64p,es-month-before-jun,May,30,23275
multilingual,rlens_64p,es-month-before-jun,español,38,4193
multilingual,rlens_64p,es-month-before-jun,month,38,74918
multilingual,rlens_64p,es-month-before-jun,June,38,87499
multilingual,rlens_64p,es-month-before-jun,May,38,19441
multilingual,rlens_64p,es-month-before-jun,español,45,6140
multilingual,rlens_64p,es-month-before-jun,month,45,13194
multilingual,rlens_64p,es-month-before-jun,June,45,5050
multilingual,rlens_64p,es-month-before-jun,May,45,57147
multilingual,rlens_64p,es-month-before-jun,español,52,2905
multilingual,rlens_64p,es-month-before-jun,month,52,24
multilingual,rlens_64p,es-month-before-jun,June,52,1
multilingual,rlens_64p,es-month-before-jun,May,52,5
multilingual,jpp_64p,es-month-before-jun,español,8,100978
multilingual,jpp_64p,es-month-before-jun,month,8,149829
multilingual,jpp_64p,es-month-before-jun,June,8,219179
multilingual,jpp_64p,es-month-before-jun,May,8,156207
multilingual,jpp_64p,es-month-before-jun,español,15,33279
multilingual,jpp_64p,es-month-before-jun,month,15,182280
multilingual,jpp_64p,es-month-before-jun,June,15,223206
multilingual,jpp_64p,es-month-before-jun,May,15,146724
multilingual,jpp_64p,es-month-before-jun,español,22,10165
multilingual,jpp_64p,es-month-before-jun,month,22,127631
multilingual,jpp_64p,es-month-before-jun,June,22,192318
multilingual,jpp_64p,es-month-before-jun,May,22,81137
multilingual,jpp_64p,es-month-before-jun,español,30,262
multilingual,jpp_64p,es-month-before-jun,month,30,150821
multilingual,jpp_64p,es-month-before-jun,June,30,148472
multilingual,jpp_64p,es-month-before-jun,May,30,26745
multilingual,jpp_64p,es-month-before-jun,español,38,111
multilingual,jpp_64p,es-month-before-jun,month,38,42927
multilingual,jpp_64p,es-month-before-jun,June,38,36938
multilingual,jpp_64p,es-month-before-jun,May,38,14757
multilingual,jpp_64p,es-month-before-jun,español,45,3285
multilingual,jpp_64p,es-month-before-jun,month,45,3826
multilingual,jpp_64p,es-month-before-jun,June,45,17506
multilingual,jpp_64p,es-month-before-jun,May,45,24789
multilingual,jpp_64p,es-month-before-jun,español,52,2503
multilingual,jpp_64p,es-month-before-jun,month,52,15
multilingual,jpp_64p,es-month-before-jun,June,52,1
multilingual,jpp_64p,es-month-before-jun,May,52,7
multilingual,logit,pt-month-after-apr,português,8,236701
multilingual,logit,pt-month-after-apr,month,8,68345
multilingual,logit,pt-month-after-apr,April,8,63026
multilingual,logit,pt-month-after-apr,May,8,105852
multilingual,logit,pt-month-after-apr,português,15,221748
multilingual,logit,pt-month-after-apr,month,15,87854
multilingual,logit,pt-month-after-apr,April,15,64438
multilingual,logit,pt-month-after-apr,May,15,96372
multilingual,logit,pt-month-after-apr,português,22,166276
multilingual,logit,pt-month-after-apr,month,22,61992
multilingual,logit,pt-month-after-apr,April,22,57832
multilingual,logit,pt-month-after-apr,May,22,92707
multilingual,logit,pt-month-after-apr,português,30,166027
multilingual,logit,pt-month-after-apr,month,30,19160
multilingual,logit,pt-month-after-apr,April,30,6524
multilingual,logit,pt-month-after-apr,May,30,304
multilingual,logit,pt-month-after-apr,português,38,88789
multilingual,logit,pt-month-after-apr,month,38,2032
multilingual,logit,pt-month-after-apr,April,38,6012
multilingual,logit,pt-month-after-apr,May,38,42598
multilingual,logit,pt-month-after-apr,português,45,11499
multilingual,logit,pt-month-after-apr,month,45,17
multilingual,logit,pt-month-after-apr,April,45,16
multilingual,logit,pt-month-after-apr,May,45,59
multilingual,logit,pt-month-after-apr,português,52,66934
multilingual,logit,pt-month-after-apr,month,52,285
multilingual,logit,pt-month-after-apr,April,52,27
multilingual,logit,pt-month-after-apr,May,52,1
multilingual,jlens_16p,pt-month-after-apr,português,8,133082
multilingual,jlens_16p,pt-month-after-apr,month,8,387
multilingual,jlens_16p,pt-month-after-apr,April,8,51294
multilingual,jlens_16p,pt-month-after-apr,May,8,1355
multilingual,jlens_16p,pt-month-after-apr,português,15,119855
multilingual,jlens_16p,pt-month-after-apr,month,15,137459
multilingual,jlens_16p,pt-month-after-apr,April,15,86935
multilingual,jlens_16p,pt-month-after-apr,May,15,222809
multilingual,jlens_16p,pt-month-after-apr,português,22,121243
multilingual,jlens_16p,pt-month-after-apr,month,22,133806
multilingual,jlens_16p,pt-month-after-apr,April,22,83641
multilingual,jlens_16p,pt-month-after-apr,May,22,220223
multilingual,jlens_16p,pt-month-after-apr,português,30,115852
multilingual,jlens_16p,pt-month-after-apr,month,30,201295
multilingual,jlens_16p,pt-month-after-apr,April,30,88660
multilingual,jlens_16p,pt-month-after-apr,May,30,101154
multilingual,jlens_16p,pt-month-after-apr,português,38,70321
multilingual,jlens_16p,pt-month-after-apr,month,38,111311
multilingual,jlens_16p,pt-month-after-apr,April,38,47091
multilingual,jlens_16p,pt-month-after-apr,May,38,4645
multilingual,jlens_16p,pt-month-after-apr,português,45,103627
multilingual,jlens_16p,pt-month-after-apr,month,45,36745
multilingual,jlens_16p,pt-month-after-apr,April,45,14173
multilingual,jlens_16p,pt-month-after-apr,May,45,13971
multilingual,jlens_16p,pt-month-after-apr,português,52,61632
multilingual,jlens_16p,pt-month-after-apr,month,52,636
multilingual,jlens_16p,pt-month-after-apr,April,52,38
multilingual,jlens_16p,pt-month-after-apr,May,52,3
multilingual,rlens_16p,pt-month-after-apr,português,8,75608
multilingual,rlens_16p,pt-month-after-apr,month,8,161750
multilingual,rlens_16p,pt-month-after-apr,April,8,123049
multilingual,rlens_16p,pt-month-after-apr,May,8,129322
multilingual,rlens_16p,pt-month-after-apr,português,15,16448
multilingual,rlens_16p,pt-month-after-apr,month,15,162367
multilingual,rlens_16p,pt-month-after-apr,April,15,122895
multilingual,rlens_16p,pt-month-after-apr,May,15,110205
multilingual,rlens_16p,pt-month-after-apr,português,22,4864
multilingual,rlens_16p,pt-month-after-apr,month,22,122000
multilingual,rlens_16p,pt-month-after-apr,April,22,125400
multilingual,rlens_16p,pt-month-after-apr,May,22,76152
multilingual,rlens_16p,pt-month-after-apr,português,30,6043
multilingual,rlens_16p,pt-month-after-apr,month,30,207247
multilingual,rlens_16p,pt-month-after-apr,April,30,57769
multilingual,rlens_16p,pt-month-after-apr,May,30,33159
multilingual,rlens_16p,pt-month-after-apr,português,38,3506
multilingual,rlens_16p,pt-month-after-apr,month,38,115042
multilingual,rlens_16p,pt-month-after-apr,April,38,33725
multilingual,rlens_16p,pt-month-after-apr,May,38,23112
multilingual,rlens_16p,pt-month-after-apr,português,45,53415
multilingual,rlens_16p,pt-month-after-apr,month,45,3489
multilingual,rlens_16p,pt-month-after-apr,April,45,109
multilingual,rlens_16p,pt-month-after-apr,May,45,26087
multilingual,rlens_16p,pt-month-after-apr,português,52,34642
multilingual,rlens_16p,pt-month-after-apr,month,52,155
multilingual,rlens_16p,pt-month-after-apr,April,52,27
multilingual,rlens_16p,pt-month-after-apr,May,52,2
multilingual,rlens_64p,pt-month-after-apr,português,8,78955
multilingual,rlens_64p,pt-month-after-apr,month,8,168849
multilingual,rlens_64p,pt-month-after-apr,April,8,124237
multilingual,rlens_64p,pt-month-after-apr,May,8,125277
multilingual,rlens_64p,pt-month-after-apr,português,15,14797
multilingual,rlens_64p,pt-month-after-apr,month,15,163191
multilingual,rlens_64p,pt-month-after-apr,April,15,126059
multilingual,rlens_64p,pt-month-after-apr,May,15,106429
multilingual,rlens_64p,pt-month-after-apr,português,22,3957
multilingual,rlens_64p,pt-month-after-apr,month,22,134267
multilingual,rlens_64p,pt-month-after-apr,April,22,125534
multilingual,rlens_64p,pt-month-after-apr,May,22,75895
multilingual,rlens_64p,pt-month-after-apr,português,30,4507
multilingual,rlens_64p,pt-month-after-apr,month,30,201102
multilingual,rlens_64p,pt-month-after-apr,April,30,66053
multilingual,rlens_64p,pt-month-after-apr,May,30,56161
multilingual,rlens_64p,pt-month-after-apr,português,38,3088
multilingual,rlens_64p,pt-month-after-apr,month,38,103269
multilingual,rlens_64p,pt-month-after-apr,April,38,48857
multilingual,rlens_64p,pt-month-after-apr,May,38,34265
multilingual,rlens_64p,pt-month-after-apr,português,45,41132
multilingual,rlens_64p,pt-month-after-apr,month,45,4362
multilingual,rlens_64p,pt-month-after-apr,April,45,103
multilingual,rlens_64p,pt-month-after-apr,May,45,33476
multilingual,rlens_64p,pt-month-after-apr,português,52,26910
multilingual,rlens_64p,pt-month-after-apr,month,52,170
multilingual,rlens_64p,pt-month-after-apr,April,52,26
multilingual,rlens_64p,pt-month-after-apr,May,52,2
multilingual,jpp_64p,pt-month-after-apr,português,8,114840
multilingual,jpp_64p,pt-month-after-apr,month,8,148877
multilingual,jpp_64p,pt-month-after-apr,April,8,98100
multilingual,jpp_64p,pt-month-after-apr,May,8,198228
multilingual,jpp_64p,pt-month-after-apr,português,15,17340
multilingual,jpp_64p,pt-month-after-apr,month,15,186502
multilingual,jpp_64p,pt-month-after-apr,April,15,118709
multilingual,jpp_64p,pt-month-after-apr,May,15,166406
multilingual,jpp_64p,pt-month-after-apr,português,22,4516
multilingual,jpp_64p,pt-month-after-apr,month,22,109783
multilingual,jpp_64p,pt-month-after-apr,April,22,97720
multilingual,jpp_64p,pt-month-after-apr,May,22,91796
multilingual,jpp_64p,pt-month-after-apr,português,30,10311
multilingual,jpp_64p,pt-month-after-apr,month,30,145931
multilingual,jpp_64p,pt-month-after-apr,April,30,50736
multilingual,jpp_64p,pt-month-after-apr,May,30,56108
multilingual,jpp_64p,pt-month-after-apr,português,38,1431
multilingual,jpp_64p,pt-month-after-apr,month,38,91938
multilingual,jpp_64p,pt-month-after-apr,April,38,14465
multilingual,jpp_64p,pt-month-after-apr,May,38,21965
multilingual,jpp_64p,pt-month-after-apr,português,45,56916
multilingual,jpp_64p,pt-month-after-apr,month,45,902
multilingual,jpp_64p,pt-month-after-apr,April,45,104
multilingual,jpp_64p,pt-month-after-apr,May,45,26341
multilingual,jpp_64p,pt-month-after-apr,português,52,31389
multilingual,jpp_64p,pt-month-after-apr,month,52,100
multilingual,jpp_64p,pt-month-after-apr,April,52,28
multilingual,jpp_64p,pt-month-after-apr,May,52,1
multilingual,logit,pt-month-before-aug,português,8,237723
multilingual,logit,pt-month-before-aug,month,8,71927
multilingual,logit,pt-month-before-aug,August,8,39996
multilingual,logit,pt-month-before-aug,July,8,182987
multilingual,logit,pt-month-before-aug,português,15,223653
multilingual,logit,pt-month-before-aug,month,15,99867
multilingual,logit,pt-month-before-aug,August,15,51207
multilingual,logit,pt-month-before-aug,July,15,202550
multilingual,logit,pt-month-before-aug,português,22,149694
multilingual,logit,pt-month-before-aug,month,22,66284
multilingual,logit,pt-month-before-aug,August,22,22049
multilingual,logit,pt-month-before-aug,July,22,145456
multilingual,logit,pt-month-before-aug,português,30,163822
multilingual,logit,pt-month-before-aug,month,30,10908
multilingual,logit,pt-month-before-aug,August,30,10231
multilingual,logit,pt-month-before-aug,July,30,20846
multilingual,logit,pt-month-before-aug,português,38,99352
multilingual,logit,pt-month-before-aug,month,38,736
multilingual,logit,pt-month-before-aug,August,38,18251
multilingual,logit,pt-month-before-aug,July,38,39550
multilingual,logit,pt-month-before-aug,português,45,17282
multilingual,logit,pt-month-before-aug,month,45,13
multilingual,logit,pt-month-before-aug,August,45,12
multilingual,logit,pt-month-before-aug,July,45,8
multilingual,logit,pt-month-before-aug,português,52,111418
multilingual,logit,pt-month-before-aug,month,52,194
multilingual,logit,pt-month-before-aug,August,52,3
multilingual,logit,pt-month-before-aug,July,52,1
multilingual,jlens_16p,pt-month-before-aug,português,8,133953
multilingual,jlens_16p,pt-month-before-aug,month,8,438
multilingual,jlens_16p,pt-month-before-aug,August,8,53891
multilingual,jlens_16p,pt-month-before-aug,July,8,37736
multilingual,jlens_16p,pt-month-before-aug,português,15,119136
multilingual,jlens_16p,pt-month-before-aug,month,15,136720
multilingual,jlens_16p,pt-month-before-aug,August,15,88668
multilingual,jlens_16p,pt-month-before-aug,July,15,88668
multilingual,jlens_16p,pt-month-before-aug,português,22,120981
multilingual,jlens_16p,pt-month-before-aug,month,22,132829
multilingual,jlens_16p,pt-month-before-aug,August,22,86003
multilingual,jlens_16p,pt-month-before-aug,July,22,85380
multilingual,jlens_16p,pt-month-before-aug,português,30,125519
multilingual,jlens_16p,pt-month-before-aug,month,30,200755
multilingual,jlens_16p,pt-month-before-aug,August,30,239862
multilingual,jlens_16p,pt-month-before-aug,July,30,248867
multilingual,jlens_16p,pt-month-before-aug,português,38,75693
multilingual,jlens_16p,pt-month-before-aug,month,38,119374
multilingual,jlens_16p,pt-month-before-aug,August,38,205866
multilingual,jlens_16p,pt-month-before-aug,July,38,198930
multilingual,jlens_16p,pt-month-before-aug,português,45,103984
multilingual,jlens_16p,pt-month-before-aug,month,45,45832
multilingual,jlens_16p,pt-month-before-aug,August,45,65074
multilingual,jlens_16p,pt-month-before-aug,July,45,35892
multilingual,jlens_16p,pt-month-before-aug,português,52,86604
multilingual,jlens_16p,pt-month-before-aug,month,52,923
multilingual,jlens_16p,pt-month-before-aug,August,52,15
multilingual,jlens_16p,pt-month-before-aug,July,52,1
multilingual,rlens_16p,pt-month-before-aug,português,8,77427
multilingual,rlens_16p,pt-month-before-aug,month,8,169780
multilingual,rlens_16p,pt-month-before-aug,August,8,216167
multilingual,rlens_16p,pt-month-before-aug,July,8,250429
multilingual,rlens_16p,pt-month-before-aug,português,15,16345
multilingual,rlens_16p,pt-month-before-aug,month,15,168124
multilingual,rlens_16p,pt-month-before-aug,August,15,243539
multilingual,rlens_16p,pt-month-before-aug,July,15,251895
multilingual,rlens_16p,pt-month-before-aug,português,22,3645
multilingual,rlens_16p,pt-month-before-aug,month,22,120030
multilingual,rlens_16p,pt-month-before-aug,August,22,238693
multilingual,rlens_16p,pt-month-before-aug,July,22,250513
multilingual,rlens_16p,pt-month-before-aug,português,30,4836
multilingual,rlens_16p,pt-month-before-aug,month,30,210415
multilingual,rlens_16p,pt-month-before-aug,August,30,201885
multilingual,rlens_16p,pt-month-before-aug,July,30,249177
multilingual,rlens_16p,pt-month-before-aug,português,38,2571
multilingual,rlens_16p,pt-month-before-aug,month,38,123589
multilingual,rlens_16p,pt-month-before-aug,August,38,119104
multilingual,rlens_16p,pt-month-before-aug,July,38,206646
multilingual,rlens_16p,pt-month-before-aug,português,45,49915
multilingual,rlens_16p,pt-month-before-aug,month,45,5067
multilingual,rlens_16p,pt-month-before-aug,August,45,671
multilingual,rlens_16p,pt-month-before-aug,July,45,744
multilingual,rlens_16p,pt-month-before-aug,português,52,70255
multilingual,rlens_16p,pt-month-before-aug,month,52,257
multilingual,rlens_16p,pt-month-before-aug,August,52,13
multilingual,rlens_16p,pt-month-before-aug,July,52,1
multilingual,rlens_64p,pt-month-before-aug,português,8,81434
multilingual,rlens_64p,pt-month-before-aug,month,8,175749
multilingual,rlens_64p,pt-month-before-aug,August,8,215660
multilingual,rlens_64p,pt-month-before-aug,July,8,250739
multilingual,rlens_64p,pt-month-before-aug,português,15,14645
multilingual,rlens_64p,pt-month-before-aug,month,15,168833
multilingual,rlens_64p,pt-month-before-aug,August,15,243666
multilingual,rlens_64p,pt-month-before-aug,July,15,251829
multilingual,rlens_64p,pt-month-before-aug,português,22,3035
multilingual,rlens_64p,pt-month-before-aug,month,22,130548
multilingual,rlens_64p,pt-month-before-aug,August,22,237521
multilingual,rlens_64p,pt-month-before-aug,July,22,249322
multilingual,rlens_64p,pt-month-before-aug,português,30,3670
multilingual,rlens_64p,pt-month-before-aug,month,30,204194
multilingual,rlens_64p,pt-month-before-aug,August,30,220507
multilingual,rlens_64p,pt-month-before-aug,July,30,249991
multilingual,rlens_64p,pt-month-before-aug,português,38,2461
multilingual,rlens_64p,pt-month-before-aug,month,38,109162
multilingual,rlens_64p,pt-month-before-aug,August,38,153975
multilingual,rlens_64p,pt-month-before-aug,July,38,226198
multilingual,rlens_64p,pt-month-before-aug,português,45,39276
multilingual,rlens_64p,pt-month-before-aug,month,45,5841
multilingual,rlens_64p,pt-month-before-aug,August,45,1328
multilingual,rlens_64p,pt-month-before-aug,July,45,1204
multilingual,rlens_64p,pt-month-before-aug,português,52,55816
multilingual,rlens_64p,pt-month-before-aug,month,52,285
multilingual,rlens_64p,pt-month-before-aug,August,52,13
multilingual,rlens_64p,pt-month-before-aug,July,52,1
multilingual,jpp_64p,pt-month-before-aug,português,8,114774
multilingual,jpp_64p,pt-month-before-aug,month,8,152712
multilingual,jpp_64p,pt-month-before-aug,August,8,116156
multilingual,jpp_64p,pt-month-before-aug,July,8,251282
multilingual,jpp_64p,pt-month-before-aug,português,15,17414
multilingual,jpp_64p,pt-month-before-aug,month,15,197276
multilingual,jpp_64p,pt-month-before-aug,August,15,244110
multilingual,jpp_64p,pt-month-before-aug,July,15,252320
multilingual,jpp_64p,pt-month-before-aug,português,22,3872
multilingual,jpp_64p,pt-month-before-aug,month,22,113363
multilingual,jpp_64p,pt-month-before-aug,August,22,240709
multilingual,jpp_64p,pt-month-before-aug,July,22,251193
multilingual,jpp_64p,pt-month-before-aug,português,30,7289
multilingual,jpp_64p,pt-month-before-aug,month,30,150928
multilingual,jpp_64p,pt-month-before-aug,August,30,191691
multilingual,jpp_64p,pt-month-before-aug,July,30,245175
multilingual,jpp_64p,pt-month-before-aug,português,38,1001
multilingual,jpp_64p,pt-month-before-aug,month,38,118074
multilingual,jpp_64p,pt-month-before-aug,August,38,84246
multilingual,jpp_64p,pt-month-before-aug,July,38,110556
multilingual,jpp_64p,pt-month-before-aug,português,45,55001
multilingual,jpp_64p,pt-month-before-aug,month,45,1878
multilingual,jpp_64p,pt-month-before-aug,August,45,507
multilingual,jpp_64p,pt-month-before-aug,July,45,507
multilingual,jpp_64p,pt-month-before-aug,português,52,66714
multilingual,jpp_64p,pt-month-before-aug,month,52,216
multilingual,jpp_64p,pt-month-before-aug,August,52,20
multilingual,jpp_64p,pt-month-before-aug,July,52,1
multilingual,logit,fr-half-six,French,8,97718
multilingual,logit,fr-half-six,half,8,54341
multilingual,logit,fr-half-six,six,8,96872
multilingual,logit,fr-half-six,three,8,41359
multilingual,logit,fr-half-six,French,15,79687
multilingual,logit,fr-half-six,half,15,70878
multilingual,logit,fr-half-six,six,15,70244
multilingual,logit,fr-half-six,three,15,44391
multilingual,logit,fr-half-six,French,22,51504
multilingual,logit,fr-half-six,half,22,30464
multilingual,logit,fr-half-six,six,22,43538
multilingual,logit,fr-half-six,three,22,38284
multilingual,logit,fr-half-six,French,30,13529
multilingual,logit,fr-half-six,half,30,5542
multilingual,logit,fr-half-six,six,30,3561
multilingual,logit,fr-half-six,three,30,5934
multilingual,logit,fr-half-six,French,38,9267
multilingual,logit,fr-half-six,half,38,1073
multilingual,logit,fr-half-six,six,38,195
multilingual,logit,fr-half-six,three,38,30
multilingual,logit,fr-half-six,French,45,6582
multilingual,logit,fr-half-six,half,45,114
multilingual,logit,fr-half-six,six,45,22
multilingual,logit,fr-half-six,three,45,7
multilingual,logit,fr-half-six,French,52,72637
multilingual,logit,fr-half-six,half,52,4960
multilingual,logit,fr-half-six,six,52,39
multilingual,logit,fr-half-six,three,52,3
multilingual,jlens_16p,fr-half-six,French,8,78857
multilingual,jlens_16p,fr-half-six,half,8,25018
multilingual,jlens_16p,fr-half-six,six,8,25018
multilingual,jlens_16p,fr-half-six,three,8,22642
multilingual,jlens_16p,fr-half-six,French,15,77216
multilingual,jlens_16p,fr-half-six,half,15,82377
multilingual,jlens_16p,fr-half-six,six,15,59237
multilingual,jlens_16p,fr-half-six,three,15,85607
multilingual,jlens_16p,fr-half-six,French,22,76150
multilingual,jlens_16p,fr-half-six,half,22,82264
multilingual,jlens_16p,fr-half-six,six,22,58956
multilingual,jlens_16p,fr-half-six,three,22,85777
multilingual,jlens_16p,fr-half-six,French,30,179610
multilingual,jlens_16p,fr-half-six,half,30,209554
multilingual,jlens_16p,fr-half-six,six,30,227245
multilingual,jlens_16p,fr-half-six,three,30,195477
multilingual,jlens_16p,fr-half-six,French,38,127198
multilingual,jlens_16p,fr-half-six,half,38,157457
multilingual,jlens_16p,fr-half-six,six,38,107237
multilingual,jlens_16p,fr-half-six,three,38,25192
multilingual,jlens_16p,fr-half-six,French,45,87260
multilingual,jlens_16p,fr-half-six,half,45,36219
multilingual,jlens_16p,fr-half-six,six,45,1780
multilingual,jlens_16p,fr-half-six,three,45,42
multilingual,jlens_16p,fr-half-six,French,52,63474
multilingual,jlens_16p,fr-half-six,half,52,4585
multilingual,jlens_16p,fr-half-six,six,52,23
multilingual,jlens_16p,fr-half-six,three,52,2
multilingual,rlens_16p,fr-half-six,French,8,202607
multilingual,rlens_16p,fr-half-six,half,8,55480
multilingual,rlens_16p,fr-half-six,six,8,53381
multilingual,rlens_16p,fr-half-six,three,8,155333
multilingual,rlens_16p,fr-half-six,French,15,189383
multilingual,rlens_16p,fr-half-six,half,15,89379
multilingual,rlens_16p,fr-half-six,six,15,81536
multilingual,rlens_16p,fr-half-six,three,15,156253
multilingual,rlens_16p,fr-half-six,French,22,156552
multilingual,rlens_16p,fr-half-six,half,22,108490
multilingual,rlens_16p,fr-half-six,six,22,91990
multilingual,rlens_16p,fr-half-six,three,22,145554
multilingual,rlens_16p,fr-half-six,French,30,143091
multilingual,rlens_16p,fr-half-six,half,30,86364
multilingual,rlens_16p,fr-half-six,six,30,74296
multilingual,rlens_16p,fr-half-six,three,30,87390
multilingual,rlens_16p,fr-half-six,French,38,33644
multilingual,rlens_16p,fr-half-six,half,38,23244
multilingual,rlens_16p,fr-half-six,six,38,9092
multilingual,rlens_16p,fr-half-six,three,38,3277
multilingual,rlens_16p,fr-half-six,French,45,44918
multilingual,rlens_16p,fr-half-six,half,45,1795
multilingual,rlens_16p,fr-half-six,six,45,41
multilingual,rlens_16p,fr-half-six,three,45,1
multilingual,rlens_16p,fr-half-six,French,52,27852
multilingual,rlens_16p,fr-half-six,half,52,1296
multilingual,rlens_16p,fr-half-six,six,52,46
multilingual,rlens_16p,fr-half-six,three,52,1
multilingual,rlens_64p,fr-half-six,French,8,203856
multilingual,rlens_64p,fr-half-six,half,8,66386
multilingual,rlens_64p,fr-half-six,six,8,59541
multilingual,rlens_64p,fr-half-six,three,8,152545
multilingual,rlens_64p,fr-half-six,French,15,196274
multilingual,rlens_64p,fr-half-six,half,15,87785
multilingual,rlens_64p,fr-half-six,six,15,93895
multilingual,rlens_64p,fr-half-six,three,15,158137
multilingual,rlens_64p,fr-half-six,French,22,163731
multilingual,rlens_64p,fr-half-six,half,22,110966
multilingual,rlens_64p,fr-half-six,six,22,103428
multilingual,rlens_64p,fr-half-six,three,22,150342
multilingual,rlens_64p,fr-half-six,French,30,131748
multilingual,rlens_64p,fr-half-six,half,30,97369
multilingual,rlens_64p,fr-half-six,six,30,89868
multilingual,rlens_64p,fr-half-six,three,30,97369
multilingual,rlens_64p,fr-half-six,French,38,25663
multilingual,rlens_64p,fr-half-six,half,38,25663
multilingual,rlens_64p,fr-half-six,six,38,11903
multilingual,rlens_64p,fr-half-six,three,38,4041
multilingual,rlens_64p,fr-half-six,French,45,47315
multilingual,rlens_64p,fr-half-six,half,45,2690
multilingual,rlens_64p,fr-half-six,six,45,38
multilingual,rlens_64p,fr-half-six,three,45,1
multilingual,rlens_64p,fr-half-six,French,52,28469
multilingual,rlens_64p,fr-half-six,half,52,1218
multilingual,rlens_64p,fr-half-six,six,52,46
multilingual,rlens_64p,fr-half-six,three,52,1
multilingual,jpp_64p,fr-half-six,French,8,77126
multilingual,jpp_64p,fr-half-six,half,8,171190
multilingual,jpp_64p,fr-half-six,six,8,83179
multilingual,jpp_64p,fr-half-six,three,8,208857
multilingual,jpp_64p,fr-half-six,French,15,136478
multilingual,jpp_64p,fr-half-six,half,15,136606
multilingual,jpp_64p,fr-half-six,six,15,102600
multilingual,jpp_64p,fr-half-six,three,15,194340
multilingual,jpp_64p,fr-half-six,French,22,133121
multilingual,jpp_64p,fr-half-six,half,22,96509
multilingual,jpp_64p,fr-half-six,six,22,114462
multilingual,jpp_64p,fr-half-six,three,22,165866
multilingual,jpp_64p,fr-half-six,French,30,94745
multilingual,jpp_64p,fr-half-six,half,30,76640
multilingual,jpp_64p,fr-half-six,six,30,73671
multilingual,jpp_64p,fr-half-six,three,30,90654
multilingual,jpp_64p,fr-half-six,French,38,6128
multilingual,jpp_64p,fr-half-six,half,38,12479
multilingual,jpp_64p,fr-half-six,six,38,3176
multilingual,jpp_64p,fr-half-six,three,38,1876
multilingual,jpp_64p,fr-half-six,French,45,40068
multilingual,jpp_64p,fr-half-six,half,45,14372
multilingual,jpp_64p,fr-half-six,six,45,33
multilingual,jpp_64p,fr-half-six,three,45,5
multilingual,jpp_64p,fr-half-six,French,52,20343
multilingual,jpp_64p,fr-half-six,half,52,2803
multilingual,jpp_64p,fr-half-six,six,52,41
multilingual,jpp_64p,fr-half-six,three,52,1
multilingual,logit,fr-double-three,French,8,98019
multilingual,logit,fr-double-three,double,8,113979
multilingual,logit,fr-double-three,three,8,24775
multilingual,logit,fr-double-three,six,8,53166
multilingual,logit,fr-double-three,French,15,64629
multilingual,logit,fr-double-three,double,15,175802
multilingual,logit,fr-double-three,three,15,27057
multilingual,logit,fr-double-three,six,15,34969
multilingual,logit,fr-double-three,French,22,45495
multilingual,logit,fr-double-three,double,22,152280
multilingual,logit,fr-double-three,three,22,16914
multilingual,logit,fr-double-three,six,22,15765
multilingual,logit,fr-double-three,French,30,5743
multilingual,logit,fr-double-three,double,30,744
multilingual,logit,fr-double-three,three,30,14144
multilingual,logit,fr-double-three,six,30,56585
multilingual,logit,fr-double-three,French,38,4804
multilingual,logit,fr-double-three,double,38,240
multilingual,logit,fr-double-three,three,38,316
multilingual,logit,fr-double-three,six,38,1546
multilingual,logit,fr-double-three,French,45,1041
multilingual,logit,fr-double-three,double,45,21
multilingual,logit,fr-double-three,three,45,37
multilingual,logit,fr-double-three,six,45,7
multilingual,logit,fr-double-three,French,52,41358
multilingual,logit,fr-double-three,double,52,4521
multilingual,logit,fr-double-three,three,52,30
multilingual,logit,fr-double-three,six,52,4
multilingual,jlens_16p,fr-double-three,French,8,78975
multilingual,jlens_16p,fr-double-three,double,8,63641
multilingual,jlens_16p,fr-double-three,three,8,22706
multilingual,jlens_16p,fr-double-three,six,8,25111
multilingual,jlens_16p,fr-double-three,French,15,77611
multilingual,jlens_16p,fr-double-three,double,15,64370
multilingual,jlens_16p,fr-double-three,three,15,86021
multilingual,jlens_16p,fr-double-three,six,15,59185
multilingual,jlens_16p,fr-double-three,French,22,76282
multilingual,jlens_16p,fr-double-three,double,22,63887
multilingual,jlens_16p,fr-double-three,three,22,85328
multilingual,jlens_16p,fr-double-three,six,22,58798
multilingual,jlens_16p,fr-double-three,French,30,129201
multilingual,jlens_16p,fr-double-three,double,30,201461
multilingual,jlens_16p,fr-double-three,three,30,208389
multilingual,jlens_16p,fr-double-three,six,30,244629
multilingual,jlens_16p,fr-double-three,French,38,114017
multilingual,jlens_16p,fr-double-three,double,38,71533
multilingual,jlens_16p,fr-double-three,three,38,118340
multilingual,jlens_16p,fr-double-three,six,38,204073
multilingual,jlens_16p,fr-double-three,French,45,64464
multilingual,jlens_16p,fr-double-three,double,45,28073
multilingual,jlens_16p,fr-double-three,three,45,20131
multilingual,jlens_16p,fr-double-three,six,45,14168
multilingual,jlens_16p,fr-double-three,French,52,53533
multilingual,jlens_16p,fr-double-three,double,52,10602
multilingual,jlens_16p,fr-double-three,three,52,9
multilingual,jlens_16p,fr-double-three,six,52,1
multilingual,rlens_16p,fr-double-three,French,8,208333
multilingual,rlens_16p,fr-double-three,double,8,59775
multilingual,rlens_16p,fr-double-three,three,8,116038
multilingual,rlens_16p,fr-double-three,six,8,47559
multilingual,rlens_16p,fr-double-three,French,15,153910
multilingual,rlens_16p,fr-double-three,double,15,35450
multilingual,rlens_16p,fr-double-three,three,15,131011
multilingual,rlens_16p,fr-double-three,six,15,77141
multilingual,rlens_16p,fr-double-three,French,22,99082
multilingual,rlens_16p,fr-double-three,double,22,24794
multilingual,rlens_16p,fr-double-three,three,22,93812
multilingual,rlens_16p,fr-double-three,six,22,79127
multilingual,rlens_16p,fr-double-three,French,30,72164
multilingual,rlens_16p,fr-double-three,double,30,14730
multilingual,rlens_16p,fr-double-three,three,30,102732
multilingual,rlens_16p,fr-double-three,six,30,110992
multilingual,rlens_16p,fr-double-three,French,38,40184
multilingual,rlens_16p,fr-double-three,double,38,4026
multilingual,rlens_16p,fr-double-three,three,38,58723
multilingual,rlens_16p,fr-double-three,six,38,40184
multilingual,rlens_16p,fr-double-three,French,45,17303
multilingual,rlens_16p,fr-double-three,double,45,364
multilingual,rlens_16p,fr-double-three,three,45,137
multilingual,rlens_16p,fr-double-three,six,45,25
multilingual,rlens_16p,fr-double-three,French,52,12197
multilingual,rlens_16p,fr-double-three,double,52,1420
multilingual,rlens_16p,fr-double-three,three,52,5
multilingual,rlens_16p,fr-double-three,six,52,1
multilingual,rlens_64p,fr-double-three,French,8,207359
multilingual,rlens_64p,fr-double-three,double,8,68353
multilingual,rlens_64p,fr-double-three,three,8,116067
multilingual,rlens_64p,fr-double-three,six,8,52833
multilingual,rlens_64p,fr-double-three,French,15,161664
multilingual,rlens_64p,fr-double-three,double,15,35026
multilingual,rlens_64p,fr-double-three,three,15,135565
multilingual,rlens_64p,fr-double-three,six,15,93615
multilingual,rlens_64p,fr-double-three,French,22,100791
multilingual,rlens_64p,fr-double-three,double,22,23396
multilingual,rlens_64p,fr-double-three,three,22,98056
multilingual,rlens_64p,fr-double-three,six,22,86345
multilingual,rlens_64p,fr-double-three,French,30,63627
multilingual,rlens_64p,fr-double-three,double,30,14096
multilingual,rlens_64p,fr-double-three,three,30,111339
multilingual,rlens_64p,fr-double-three,six,30,111339
multilingual,rlens_64p,fr-double-three,French,38,36570
multilingual,rlens_64p,fr-double-three,double,38,4354
multilingual,rlens_64p,fr-double-three,three,38,92086
multilingual,rlens_64p,fr-double-three,six,38,56761
multilingual,rlens_64p,fr-double-three,French,45,18472
multilingual,rlens_64p,fr-double-three,double,45,391
multilingual,rlens_64p,fr-double-three,three,45,222
multilingual,rlens_64p,fr-double-three,six,45,27
multilingual,rlens_64p,fr-double-three,French,52,12646
multilingual,rlens_64p,fr-double-three,double,52,1318
multilingual,rlens_64p,fr-double-three,three,52,6
multilingual,rlens_64p,fr-double-three,six,52,1
multilingual,jpp_64p,fr-double-three,French,8,97977
multilingual,jpp_64p,fr-double-three,double,8,70154
multilingual,jpp_64p,fr-double-three,three,8,183745
multilingual,jpp_64p,fr-double-three,six,8,105678
multilingual,jpp_64p,fr-double-three,French,15,122198
multilingual,jpp_64p,fr-double-three,double,15,32755
multilingual,jpp_64p,fr-double-three,three,15,163653
multilingual,jpp_64p,fr-double-three,six,15,83239
multilingual,jpp_64p,fr-double-three,French,22,76079
multilingual,jpp_64p,fr-double-three,double,22,9434
multilingual,jpp_64p,fr-double-three,three,22,111435
multilingual,jpp_64p,fr-double-three,six,22,72916
multilingual,jpp_64p,fr-double-three,French,30,69747
multilingual,jpp_64p,fr-double-three,double,30,10031
multilingual,jpp_64p,fr-double-three,three,30,109327
multilingual,jpp_64p,fr-double-three,six,30,78604
multilingual,jpp_64p,fr-double-three,French,38,14018
multilingual,jpp_64p,fr-double-three,double,38,1674
multilingual,jpp_64p,fr-double-three,three,38,33077
multilingual,jpp_64p,fr-double-three,six,38,15061
multilingual,jpp_64p,fr-double-three,French,45,16991
multilingual,jpp_64p,fr-double-three,double,45,300
multilingual,jpp_64p,fr-double-three,three,45,411
multilingual,jpp_64p,fr-double-three,six,45,14
multilingual,jpp_64p,fr-double-three,French,52,10580
multilingual,jpp_64p,fr-double-three,double,52,831
multilingual,jpp_64p,fr-double-three,three,52,6
multilingual,jpp_64p,fr-double-three,six,52,1
multilingual,logit,de-half-six,German,8,10065
multilingual,logit,de-half-six,half,8,59921
multilingual,logit,de-half-six,six,8,78911
multilingual,logit,de-half-six,three,8,53117
multilingual,logit,de-half-six,German,15,25682
multilingual,logit,de-half-six,half,15,35434
multilingual,logit,de-half-six,six,15,33889
multilingual,logit,de-half-six,three,15,44488
multilingual,logit,de-half-six,German,22,53848
multilingual,logit,de-half-six,half,22,10933
multilingual,logit,de-half-six,six,22,14949
multilingual,logit,de-half-six,three,22,27668
multilingual,logit,de-half-six,German,30,6787
multilingual,logit,de-half-six,half,30,3755
multilingual,logit,de-half-six,six,30,7265
multilingual,logit,de-half-six,three,30,6689
multilingual,logit,de-half-six,German,38,9174
multilingual,logit,de-half-six,half,38,3104
multilingual,logit,de-half-six,six,38,465
multilingual,logit,de-half-six,three,38,153
multilingual,logit,de-half-six,German,45,1031
multilingual,logit,de-half-six,half,45,37
multilingual,logit,de-half-six,six,45,24
multilingual,logit,de-half-six,three,45,4
multilingual,logit,de-half-six,German,52,69434
multilingual,logit,de-half-six,half,52,28373
multilingual,logit,de-half-six,six,52,182
multilingual,logit,de-half-six,three,52,3
multilingual,jlens_16p,de-half-six,German,8,18013
multilingual,jlens_16p,de-half-six,half,8,24984
multilingual,jlens_16p,de-half-six,six,8,24984
multilingual,jlens_16p,de-half-six,three,8,22602
multilingual,jlens_16p,de-half-six,German,15,91760
multilingual,jlens_16p,de-half-six,half,15,82443
multilingual,jlens_16p,de-half-six,six,15,59135
multilingual,jlens_16p,de-half-six,three,15,85336
multilingual,jlens_16p,de-half-six,German,22,91001
multilingual,jlens_16p,de-half-six,half,22,82387
multilingual,jlens_16p,de-half-six,six,22,58550
multilingual,jlens_16p,de-half-six,three,22,85272
multilingual,jlens_16p,de-half-six,German,30,95349
multilingual,jlens_16p,de-half-six,half,30,231791
multilingual,jlens_16p,de-half-six,six,30,240685
multilingual,jlens_16p,de-half-six,three,30,232162
multilingual,jlens_16p,de-half-six,German,38,109079
multilingual,jlens_16p,de-half-six,half,38,230339
multilingual,jlens_16p,de-half-six,six,38,198537
multilingual,jlens_16p,de-half-six,three,38,134967
multilingual,jlens_16p,de-half-six,German,45,103803
multilingual,jlens_16p,de-half-six,half,45,113357
multilingual,jlens_16p,de-half-six,six,45,56417
multilingual,jlens_16p,de-half-six,three,45,3331
multilingual,jlens_16p,de-half-six,German,52,58710
multilingual,jlens_16p,de-half-six,half,52,45045
multilingual,jlens_16p,de-half-six,six,52,94
multilingual,jlens_16p,de-half-six,three,52,1
multilingual,rlens_16p,de-half-six,German,8,13739
multilingual,rlens_16p,de-half-six,half,8,75483
multilingual,rlens_16p,de-half-six,six,8,58826
multilingual,rlens_16p,de-half-six,three,8,170167
multilingual,rlens_16p,de-half-six,German,15,14874
multilingual,rlens_16p,de-half-six,half,15,45318
multilingual,rlens_16p,de-half-six,six,15,80600
multilingual,rlens_16p,de-half-six,three,15,179764
multilingual,rlens_16p,de-half-six,German,22,11174
multilingual,rlens_16p,de-half-six,half,22,69105
multilingual,rlens_16p,de-half-six,six,22,103066
multilingual,rlens_16p,de-half-six,three,22,176350
multilingual,rlens_16p,de-half-six,German,30,48006
multilingual,rlens_16p,de-half-six,half,30,98398
multilingual,rlens_16p,de-half-six,six,30,119667
multilingual,rlens_16p,de-half-six,three,30,142547
multilingual,rlens_16p,de-half-six,German,38,36986
multilingual,rlens_16p,de-half-six,half,38,65912
multilingual,rlens_16p,de-half-six,six,38,85288
multilingual,rlens_16p,de-half-six,three,38,124434
multilingual,rlens_16p,de-half-six,German,45,49727
multilingual,rlens_16p,de-half-six,half,45,13312
multilingual,rlens_16p,de-half-six,six,45,556
multilingual,rlens_16p,de-half-six,three,45,6
multilingual,rlens_16p,de-half-six,German,52,31320
multilingual,rlens_16p,de-half-six,half,52,23329
multilingual,rlens_16p,de-half-six,six,52,104
multilingual,rlens_16p,de-half-six,three,52,1
multilingual,rlens_64p,de-half-six,German,8,14531
multilingual,rlens_64p,de-half-six,half,8,78957
multilingual,rlens_64p,de-half-six,six,8,66822
multilingual,rlens_64p,de-half-six,three,8,166525
multilingual,rlens_64p,de-half-six,German,15,15348
multilingual,rlens_64p,de-half-six,half,15,46942
multilingual,rlens_64p,de-half-six,six,15,92010
multilingual,rlens_64p,de-half-six,three,15,180090
multilingual,rlens_64p,de-half-six,German,22,10091
multilingual,rlens_64p,de-half-six,half,22,69133
multilingual,rlens_64p,de-half-six,six,22,111888
multilingual,rlens_64p,de-half-six,three,22,181003
multilingual,rlens_64p,de-half-six,German,30,33914
multilingual,rlens_64p,de-half-six,half,30,96802
multilingual,rlens_64p,de-half-six,six,30,129874
multilingual,rlens_64p,de-half-six,three,30,157015
multilingual,rlens_64p,de-half-six,German,38,35593
multilingual,rlens_64p,de-half-six,half,38,70546
multilingual,rlens_64p,de-half-six,six,38,103351
multilingual,rlens_64p,de-half-six,three,38,145875
multilingual,rlens_64p,de-half-six,German,45,49773
multilingual,rlens_64p,de-half-six,half,45,11939
multilingual,rlens_64p,de-half-six,six,45,284
multilingual,rlens_64p,de-half-six,three,45,8
multilingual,rlens_64p,de-half-six,German,52,34226
multilingual,rlens_64p,de-half-six,half,52,24016
multilingual,rlens_64p,de-half-six,six,52,99
multilingual,rlens_64p,de-half-six,three,52,1
multilingual,jpp_64p,de-half-six,German,8,20012
multilingual,jpp_64p,de-half-six,half,8,175263
multilingual,jpp_64p,de-half-six,six,8,81313
multilingual,jpp_64p,de-half-six,three,8,214695
multilingual,jpp_64p,de-half-six,German,15,4670
multilingual,jpp_64p,de-half-six,half,15,98911
multilingual,jpp_64p,de-half-six,six,15,91777
multilingual,jpp_64p,de-half-six,three,15,206262
multilingual,jpp_64p,de-half-six,German,22,3874
multilingual,jpp_64p,de-half-six,half,22,60900
multilingual,jpp_64p,de-half-six,six,22,99627
multilingual,jpp_64p,de-half-six,three,22,197561
multilingual,jpp_64p,de-half-six,German,30,41973
multilingual,jpp_64p,de-half-six,half,30,79928
multilingual,jpp_64p,de-half-six,six,30,84044
multilingual,jpp_64p,de-half-six,three,30,155710
multilingual,jpp_64p,de-half-six,German,38,4537
multilingual,jpp_64p,de-half-six,half,38,96519
multilingual,jpp_64p,de-half-six,six,38,23803
multilingual,jpp_64p,de-half-six,three,38,109843
multilingual,jpp_64p,de-half-six,German,45,28698
multilingual,jpp_64p,de-half-six,half,45,5879
multilingual,jpp_64p,de-half-six,six,45,219
multilingual,jpp_64p,de-half-six,three,45,10
multilingual,jpp_64p,de-half-six,German,52,42388
multilingual,jpp_64p,de-half-six,half,52,36065
multilingual,jpp_64p,de-half-six,six,52,102
multilingual,jpp_64p,de-half-six,three,52,1
multilingual,logit,fr-number-after-four,French,8,110670
multilingual,logit,fr-number-after-four,number,8,20040
multilingual,logit,fr-number-after-four,four,8,39414
multilingual,logit,fr-number-after-four,five,8,60218
multilingual,logit,fr-number-after-four,French,15,78259
multilingual,logit,fr-number-after-four,number,15,21246
multilingual,logit,fr-number-after-four,four,15,72858
multilingual,logit,fr-number-after-four,five,15,119169
multilingual,logit,fr-number-after-four,French,22,51582
multilingual,logit,fr-number-after-four,number,22,21236
multilingual,logit,fr-number-after-four,four,22,112335
multilingual,logit,fr-number-after-four,five,22,60408
multilingual,logit,fr-number-after-four,French,30,6518
multilingual,logit,fr-number-after-four,number,30,9090
multilingual,logit,fr-number-after-four,four,30,13656
multilingual,logit,fr-number-after-four,five,30,21546
multilingual,logit,fr-number-after-four,French,38,16020
multilingual,logit,fr-number-after-four,number,38,463
multilingual,logit,fr-number-after-four,four,38,198
multilingual,logit,fr-number-after-four,five,38,481
multilingual,logit,fr-number-after-four,French,45,2406
multilingual,logit,fr-number-after-four,number,45,164
multilingual,logit,fr-number-after-four,four,45,50
multilingual,logit,fr-number-after-four,five,45,14
multilingual,logit,fr-number-after-four,French,52,50424
multilingual,logit,fr-number-after-four,number,52,449
multilingual,logit,fr-number-after-four,four,52,33
multilingual,logit,fr-number-after-four,five,52,2
multilingual,jlens_16p,fr-number-after-four,French,8,78713
multilingual,jlens_16p,fr-number-after-four,number,8,78713
multilingual,jlens_16p,fr-number-after-four,four,8,105628
multilingual,jlens_16p,fr-number-after-four,five,8,17966
multilingual,jlens_16p,fr-number-after-four,French,15,77448
multilingual,jlens_16p,fr-number-after-four,number,15,89546
multilingual,jlens_16p,fr-number-after-four,four,15,22740
multilingual,jlens_16p,fr-number-after-four,five,15,55467
multilingual,jlens_16p,fr-number-after-four,French,22,75563
multilingual,jlens_16p,fr-number-after-four,number,22,87548
multilingual,jlens_16p,fr-number-after-four,four,22,22010
multilingual,jlens_16p,fr-number-after-four,five,22,54626
multilingual,jlens_16p,fr-number-after-four,French,30,133226
multilingual,jlens_16p,fr-number-after-four,number,30,65441
multilingual,jlens_16p,fr-number-after-four,four,30,214737
multilingual,jlens_16p,fr-number-after-four,five,30,242274
multilingual,jlens_16p,fr-number-after-four,French,38,164996
multilingual,jlens_16p,fr-number-after-four,number,38,65533
multilingual,jlens_16p,fr-number-after-four,four,38,219706
multilingual,jlens_16p,fr-number-after-four,five,38,233736
multilingual,jlens_16p,fr-number-after-four,French,45,168947
multilingual,jlens_16p,fr-number-after-four,number,45,60831
multilingual,jlens_16p,fr-number-after-four,four,45,157358
multilingual,jlens_16p,fr-number-after-four,five,45,170812
multilingual,jlens_16p,fr-number-after-four,French,52,186486
multilingual,jlens_16p,fr-number-after-four,number,52,10579
multilingual,jlens_16p,fr-number-after-four,four,52,41
multilingual,jlens_16p,fr-number-after-four,five,52,3
multilingual,rlens_16p,fr-number-after-four,French,8,216150
multilingual,rlens_16p,fr-number-after-four,number,8,119879
multilingual,rlens_16p,fr-number-after-four,four,8,85626
multilingual,rlens_16p,fr-number-after-four,five,8,102933
multilingual,rlens_16p,fr-number-after-four,French,15,165650
multilingual,rlens_16p,fr-number-after-four,number,15,81016
multilingual,rlens_16p,fr-number-after-four,four,15,78929
multilingual,rlens_16p,fr-number-after-four,five,15,105679
multilingual,rlens_16p,fr-number-after-four,French,22,104217
multilingual,rlens_16p,fr-number-after-four,number,22,16347
multilingual,rlens_16p,fr-number-after-four,four,22,26392
multilingual,rlens_16p,fr-number-after-four,five,22,36198
multilingual,rlens_16p,fr-number-after-four,French,30,79221
multilingual,rlens_16p,fr-number-after-four,number,30,12871
multilingual,rlens_16p,fr-number-after-four,four,30,68472
multilingual,rlens_16p,fr-number-after-four,five,30,112942
multilingual,rlens_16p,fr-number-after-four,French,38,103657
multilingual,rlens_16p,fr-number-after-four,number,38,9594
multilingual,rlens_16p,fr-number-after-four,four,38,87434
multilingual,rlens_16p,fr-number-after-four,five,38,95779
multilingual,rlens_16p,fr-number-after-four,French,45,131048
multilingual,rlens_16p,fr-number-after-four,number,45,3183
multilingual,rlens_16p,fr-number-after-four,four,45,19496
multilingual,rlens_16p,fr-number-after-four,five,45,18128
multilingual,rlens_16p,fr-number-after-four,French,52,115557
multilingual,rlens_16p,fr-number-after-four,number,52,2313
multilingual,rlens_16p,fr-number-after-four,four,52,30
multilingual,rlens_16p,fr-number-after-four,five,52,2
multilingual,rlens_64p,fr-number-after-four,French,8,215126
multilingual,rlens_64p,fr-number-after-four,number,8,126107
multilingual,rlens_64p,fr-number-after-four,four,8,99341
multilingual,rlens_64p,fr-number-after-four,five,8,106273
multilingual,rlens_64p,fr-number-after-four,French,15,171375
multilingual,rlens_64p,fr-number-after-four,number,15,98014
multilingual,rlens_64p,fr-number-after-four,four,15,88930
multilingual,rlens_64p,fr-number-after-four,five,15,109389
multilingual,rlens_64p,fr-number-after-four,French,22,97904
multilingual,rlens_64p,fr-number-after-four,number,22,19337
multilingual,rlens_64p,fr-number-after-four,four,22,27751
multilingual,rlens_64p,fr-number-after-four,five,22,34848
multilingual,rlens_64p,fr-number-after-four,French,30,71546
multilingual,rlens_64p,fr-number-after-four,number,30,12947
multilingual,rlens_64p,fr-number-after-four,four,30,93870
multilingual,rlens_64p,fr-number-after-four,five,30,134342
multilingual,rlens_64p,fr-number-after-four,French,38,96489
multilingual,rlens_64p,fr-number-after-four,number,38,8238
multilingual,rlens_64p,fr-number-after-four,four,38,114275
multilingual,rlens_64p,fr-number-after-four,five,38,113773
multilingual,rlens_64p,fr-number-after-four,French,45,126335
multilingual,rlens_64p,fr-number-after-four,number,45,2053
multilingual,rlens_64p,fr-number-after-four,four,45,17372
multilingual,rlens_64p,fr-number-after-four,five,45,15541
multilingual,rlens_64p,fr-number-after-four,French,52,114222
multilingual,rlens_64p,fr-number-after-four,number,52,2168
multilingual,rlens_64p,fr-number-after-four,four,52,28
multilingual,rlens_64p,fr-number-after-four,five,52,2
multilingual,jpp_64p,fr-number-after-four,French,8,105399
multilingual,jpp_64p,fr-number-after-four,number,8,108049
multilingual,jpp_64p,fr-number-after-four,four,8,144431
multilingual,jpp_64p,fr-number-after-four,five,8,201160
multilingual,jpp_64p,fr-number-after-four,French,15,111627
multilingual,jpp_64p,fr-number-after-four,number,15,85608
multilingual,jpp_64p,fr-number-after-four,four,15,104264
multilingual,jpp_64p,fr-number-after-four,five,15,157235
multilingual,jpp_64p,fr-number-after-four,French,22,87357
multilingual,jpp_64p,fr-number-after-four,number,22,10096
multilingual,jpp_64p,fr-number-after-four,four,22,66437
multilingual,jpp_64p,fr-number-after-four,five,22,92553
multilingual,jpp_64p,fr-number-after-four,French,30,52472
multilingual,jpp_64p,fr-number-after-four,number,30,22897
multilingual,jpp_64p,fr-number-after-four,four,30,69232
multilingual,jpp_64p,fr-number-after-four,five,30,168403
multilingual,jpp_64p,fr-number-after-four,French,38,28170
multilingual,jpp_64p,fr-number-after-four,number,38,24123
multilingual,jpp_64p,fr-number-after-four,four,38,22917
multilingual,jpp_64p,fr-number-after-four,five,38,107326
multilingual,jpp_64p,fr-number-after-four,French,45,54721
multilingual,jpp_64p,fr-number-after-four,number,45,15790
multilingual,jpp_64p,fr-number-after-four,four,45,10813
multilingual,jpp_64p,fr-number-after-four,five,45,3612
multilingual,jpp_64p,fr-number-after-four,French,52,85405
multilingual,jpp_64p,fr-number-after-four,number,52,3754
multilingual,jpp_64p,fr-number-after-four,four,52,25
multilingual,jpp_64p,fr-number-after-four,five,52,2
multilingual,logit,de-number-after-three,German,8,14874
multilingual,logit,de-number-after-three,number,8,19853
multilingual,logit,de-number-after-three,three,8,66823
multilingual,logit,de-number-after-three,four,8,60785
multilingual,logit,de-number-after-three,German,15,27410
multilingual,logit,de-number-after-three,number,15,21155
multilingual,logit,de-number-after-three,three,15,56671
multilingual,logit,de-number-after-three,four,15,87543
multilingual,logit,de-number-after-three,German,22,36401
multilingual,logit,de-number-after-three,number,22,19032
multilingual,logit,de-number-after-three,three,22,57853
multilingual,logit,de-number-after-three,four,22,137752
multilingual,logit,de-number-after-three,German,30,1063
multilingual,logit,de-number-after-three,number,30,10490
multilingual,logit,de-number-after-three,three,30,34437
multilingual,logit,de-number-after-three,four,30,25040
multilingual,logit,de-number-after-three,German,38,2889
multilingual,logit,de-number-after-three,number,38,520
multilingual,logit,de-number-after-three,three,38,105
multilingual,logit,de-number-after-three,four,38,119
multilingual,logit,de-number-after-three,German,45,1624
multilingual,logit,de-number-after-three,number,45,74
multilingual,logit,de-number-after-three,three,45,54
multilingual,logit,de-number-after-three,four,45,7
multilingual,logit,de-number-after-three,German,52,43281
multilingual,logit,de-number-after-three,number,52,1945
multilingual,logit,de-number-after-three,three,52,118
multilingual,logit,de-number-after-three,four,52,2
multilingual,jlens_16p,de-number-after-three,German,8,16660
multilingual,jlens_16p,de-number-after-three,number,8,78190
multilingual,jlens_16p,de-number-after-three,three,8,22645
multilingual,jlens_16p,de-number-after-three,four,8,106483
multilingual,jlens_16p,de-number-after-three,German,15,91964
multilingual,jlens_16p,de-number-after-three,number,15,89598
multilingual,jlens_16p,de-number-after-three,three,15,85196
multilingual,jlens_16p,de-number-after-three,four,15,22809
multilingual,jlens_16p,de-number-after-three,German,22,19706
multilingual,jlens_16p,de-number-after-three,number,22,74553
multilingual,jlens_16p,de-number-after-three,three,22,24137
multilingual,jlens_16p,de-number-after-three,four,22,104301
multilingual,jlens_16p,de-number-after-three,German,30,62871
multilingual,jlens_16p,de-number-after-three,number,30,94731
multilingual,jlens_16p,de-number-after-three,three,30,240593
multilingual,jlens_16p,de-number-after-three,four,30,212939
multilingual,jlens_16p,de-number-after-three,German,38,64246
multilingual,jlens_16p,de-number-after-three,number,38,58399
multilingual,jlens_16p,de-number-after-three,three,38,135761
multilingual,jlens_16p,de-number-after-three,four,38,174757
multilingual,jlens_16p,de-number-after-three,German,45,96204
multilingual,jlens_16p,de-number-after-three,number,45,34603
multilingual,jlens_16p,de-number-after-three,three,45,54113
multilingual,jlens_16p,de-number-after-three,four,45,3627
multilingual,jlens_16p,de-number-after-three,German,52,57093
multilingual,jlens_16p,de-number-after-three,number,52,16543
multilingual,jlens_16p,de-number-after-three,three,52,53
multilingual,jlens_16p,de-number-after-three,four,52,1
multilingual,rlens_16p,de-number-after-three,German,8,16352
multilingual,rlens_16p,de-number-after-three,number,8,114588
multilingual,rlens_16p,de-number-after-three,three,8,156595
multilingual,rlens_16p,de-number-after-three,four,8,109200
multilingual,rlens_16p,de-number-after-three,German,15,16915
multilingual,rlens_16p,de-number-after-three,number,15,90352
multilingual,rlens_16p,de-number-after-three,three,15,166955
multilingual,rlens_16p,de-number-after-three,four,15,102623
multilingual,rlens_16p,de-number-after-three,German,22,16061
multilingual,rlens_16p,de-number-after-three,number,22,10985
multilingual,rlens_16p,de-number-after-three,three,22,116836
multilingual,rlens_16p,de-number-after-three,four,22,52338
multilingual,rlens_16p,de-number-after-three,German,30,32221
multilingual,rlens_16p,de-number-after-three,number,30,11135
multilingual,rlens_16p,de-number-after-three,three,30,151555
multilingual,rlens_16p,de-number-after-three,four,30,104259
multilingual,rlens_16p,de-number-after-three,German,38,9429
multilingual,rlens_16p,de-number-after-three,number,38,26058
multilingual,rlens_16p,de-number-after-three,three,38,86525
multilingual,rlens_16p,de-number-after-three,four,38,51397
multilingual,rlens_16p,de-number-after-three,German,45,29611
multilingual,rlens_16p,de-number-after-three,number,45,708
multilingual,rlens_16p,de-number-after-three,three,45,708
multilingual,rlens_16p,de-number-after-three,four,45,22
multilingual,rlens_16p,de-number-after-three,German,52,42722
multilingual,rlens_16p,de-number-after-three,number,52,2136
multilingual,rlens_16p,de-number-after-three,three,52,48
multilingual,rlens_16p,de-number-after-three,four,52,1
multilingual,rlens_64p,de-number-after-three,German,8,16585
multilingual,rlens_64p,de-number-after-three,number,8,120495
multilingual,rlens_64p,de-number-after-three,three,8,155933
multilingual,rlens_64p,de-number-after-three,four,8,122005
multilingual,rlens_64p,de-number-after-three,German,15,18264
multilingual,rlens_64p,de-number-after-three,number,15,105091
multilingual,rlens_64p,de-number-after-three,three,15,171200
multilingual,rlens_64p,de-number-after-three,four,15,108127
multilingual,rlens_64p,de-number-after-three,German,22,17340
multilingual,rlens_64p,de-number-after-three,number,22,14674
multilingual,rlens_64p,de-number-after-three,three,22,121293
multilingual,rlens_64p,de-number-after-three,four,22,54786
multilingual,rlens_64p,de-number-after-three,German,30,24433
multilingual,rlens_64p,de-number-after-three,number,30,10096
multilingual,rlens_64p,de-number-after-three,three,30,165546
multilingual,rlens_64p,de-number-after-three,four,30,123795
multilingual,rlens_64p,de-number-after-three,German,38,8485
multilingual,rlens_64p,de-number-after-three,number,38,20467
multilingual,rlens_64p,de-number-after-three,three,38,111160
multilingual,rlens_64p,de-number-after-three,four,38,74227
multilingual,rlens_64p,de-number-after-three,German,45,27376
multilingual,rlens_64p,de-number-after-three,number,45,407
multilingual,rlens_64p,de-number-after-three,three,45,725
multilingual,rlens_64p,de-number-after-three,four,45,19
multilingual,rlens_64p,de-number-after-three,German,52,42101
multilingual,rlens_64p,de-number-after-three,number,52,2023
multilingual,rlens_64p,de-number-after-three,three,52,50
multilingual,rlens_64p,de-number-after-three,four,52,1
multilingual,jpp_64p,de-number-after-three,German,8,12358
multilingual,jpp_64p,de-number-after-three,number,8,112527
multilingual,jpp_64p,de-number-after-three,three,8,218247
multilingual,jpp_64p,de-number-after-three,four,8,153677
multilingual,jpp_64p,de-number-after-three,German,15,4596
multilingual,jpp_64p,de-number-after-three,number,15,81289
multilingual,jpp_64p,de-number-after-three,three,15,198727
multilingual,jpp_64p,de-number-after-three,four,15,146758
multilingual,jpp_64p,de-number-after-three,German,22,7799
multilingual,jpp_64p,de-number-after-three,number,22,9903
multilingual,jpp_64p,de-number-after-three,three,22,152812
multilingual,jpp_64p,de-number-after-three,four,22,89770
multilingual,jpp_64p,de-number-after-three,German,30,23029
multilingual,jpp_64p,de-number-after-three,number,30,19220
multilingual,jpp_64p,de-number-after-three,three,30,164314
multilingual,jpp_64p,de-number-after-three,four,30,106693
multilingual,jpp_64p,de-number-after-three,German,38,419
multilingual,jpp_64p,de-number-after-three,number,38,41123
multilingual,jpp_64p,de-number-after-three,three,38,50276
multilingual,jpp_64p,de-number-after-three,four,38,9050
multilingual,jpp_64p,de-number-after-three,German,45,10082
multilingual,jpp_64p,de-number-after-three,number,45,3660
multilingual,jpp_64p,de-number-after-three,three,45,555
multilingual,jpp_64p,de-number-after-three,four,45,10
multilingual,jpp_64p,de-number-after-three,German,52,29769
multilingual,jpp_64p,de-number-after-three,number,52,3736
multilingual,jpp_64p,de-number-after-three,three,52,59
multilingual,jpp_64p,de-number-after-three,four,52,1
multilingual,logit,es-number-after-two,español,8,154908
multilingual,logit,es-number-after-two,number,8,27937
multilingual,logit,es-number-after-two,two,8,54546
multilingual,logit,es-number-after-two,three,8,60677
multilingual,logit,es-number-after-two,español,15,148635
multilingual,logit,es-number-after-two,number,15,26997
multilingual,logit,es-number-after-two,two,15,23010
multilingual,logit,es-number-after-two,three,15,53685
multilingual,logit,es-number-after-two,español,22,77042
multilingual,logit,es-number-after-two,number,22,19685
multilingual,logit,es-number-after-two,two,22,23318
multilingual,logit,es-number-after-two,three,22,49904
multilingual,logit,es-number-after-two,español,30,18352
multilingual,logit,es-number-after-two,number,30,2862
multilingual,logit,es-number-after-two,two,30,7328
multilingual,logit,es-number-after-two,three,30,7562
multilingual,logit,es-number-after-two,español,38,30197
multilingual,logit,es-number-after-two,number,38,302
multilingual,logit,es-number-after-two,two,38,2197
multilingual,logit,es-number-after-two,three,38,438
multilingual,logit,es-number-after-two,español,45,57858
multilingual,logit,es-number-after-two,number,45,64
multilingual,logit,es-number-after-two,two,45,386
multilingual,logit,es-number-after-two,three,45,5
multilingual,logit,es-number-after-two,español,52,67266
multilingual,logit,es-number-after-two,number,52,241
multilingual,logit,es-number-after-two,two,52,52
multilingual,logit,es-number-after-two,three,52,2
multilingual,jlens_16p,es-number-after-two,español,8,33219
multilingual,jlens_16p,es-number-after-two,number,8,78706
multilingual,jlens_16p,es-number-after-two,two,8,31051
multilingual,jlens_16p,es-number-after-two,three,8,22572
multilingual,jlens_16p,es-number-after-two,español,15,180180
multilingual,jlens_16p,es-number-after-two,number,15,89824
multilingual,jlens_16p,es-number-after-two,two,15,80592
multilingual,jlens_16p,es-number-after-two,three,15,85440
multilingual,jlens_16p,es-number-after-two,español,22,179028
multilingual,jlens_16p,es-number-after-two,number,22,88997
multilingual,jlens_16p,es-number-after-two,two,22,79799
multilingual,jlens_16p,es-number-after-two,three,22,85906
multilingual,jlens_16p,es-number-after-two,español,30,112368
multilingual,jlens_16p,es-number-after-two,number,30,73639
multilingual,jlens_16p,es-number-after-two,two,30,233588
multilingual,jlens_16p,es-number-after-two,three,30,239960
multilingual,jlens_16p,es-number-after-two,español,38,85081
multilingual,jlens_16p,es-number-after-two,number,38,65440
multilingual,jlens_16p,es-number-after-two,two,38,176742
multilingual,jlens_16p,es-number-after-two,three,38,142927
multilingual,jlens_16p,es-number-after-two,español,45,78180
multilingual,jlens_16p,es-number-after-two,number,45,50526
multilingual,jlens_16p,es-number-after-two,two,45,162867
multilingual,jlens_16p,es-number-after-two,three,45,58265
multilingual,jlens_16p,es-number-after-two,español,52,154323
multilingual,jlens_16p,es-number-after-two,number,52,11763
multilingual,jlens_16p,es-number-after-two,two,52,78
multilingual,jlens_16p,es-number-after-two,three,52,2
multilingual,rlens_16p,es-number-after-two,español,8,108781
multilingual,rlens_16p,es-number-after-two,number,8,117500
multilingual,rlens_16p,es-number-after-two,two,8,34909
multilingual,rlens_16p,es-number-after-two,three,8,141692
multilingual,rlens_16p,es-number-after-two,español,15,41074
multilingual,rlens_16p,es-number-after-two,number,15,92251
multilingual,rlens_16p,es-number-after-two,two,15,34399
multilingual,rlens_16p,es-number-after-two,three,15,154053
multilingual,rlens_16p,es-number-after-two,español,22,8328
multilingual,rlens_16p,es-number-after-two,number,22,15507
multilingual,rlens_16p,es-number-after-two,two,22,28712
multilingual,rlens_16p,es-number-after-two,three,22,119288
multilingual,rlens_16p,es-number-after-two,español,30,1140
multilingual,rlens_16p,es-number-after-two,number,30,9161
multilingual,rlens_16p,es-number-after-two,two,30,52600
multilingual,rlens_16p,es-number-after-two,three,30,119879
multilingual,rlens_16p,es-number-after-two,español,38,1974
multilingual,rlens_16p,es-number-after-two,number,38,7953
multilingual,rlens_16p,es-number-after-two,two,38,75040
multilingual,rlens_16p,es-number-after-two,three,38,46492
multilingual,rlens_16p,es-number-after-two,español,45,7434
multilingual,rlens_16p,es-number-after-two,number,45,1593
multilingual,rlens_16p,es-number-after-two,two,45,7285
multilingual,rlens_16p,es-number-after-two,three,45,297
multilingual,rlens_16p,es-number-after-two,español,52,11593
multilingual,rlens_16p,es-number-after-two,number,52,1570
multilingual,rlens_16p,es-number-after-two,two,52,24
multilingual,rlens_16p,es-number-after-two,three,52,1
multilingual,rlens_64p,es-number-after-two,español,8,93032
multilingual,rlens_64p,es-number-after-two,number,8,123905
multilingual,rlens_64p,es-number-after-two,two,8,46796
multilingual,rlens_64p,es-number-after-two,three,8,141932
multilingual,rlens_64p,es-number-after-two,español,15,34363
multilingual,rlens_64p,es-number-after-two,number,15,106077
multilingual,rlens_64p,es-number-after-two,two,15,43096
multilingual,rlens_64p,es-number-after-two,three,15,160949
multilingual,rlens_64p,es-number-after-two,español,22,5425
multilingual,rlens_64p,es-number-after-two,number,22,18284
multilingual,rlens_64p,es-number-after-two,two,22,33492
multilingual,rlens_64p,es-number-after-two,three,22,129568
multilingual,rlens_64p,es-number-after-two,español,30,942
multilingual,rlens_64p,es-number-after-two,number,30,9451
multilingual,rlens_64p,es-number-after-two,two,30,68164
multilingual,rlens_64p,es-number-after-two,three,30,139132
multilingual,rlens_64p,es-number-after-two,español,38,2012
multilingual,rlens_64p,es-number-after-two,number,38,6246
multilingual,rlens_64p,es-number-after-two,two,38,104315
multilingual,rlens_64p,es-number-after-two,three,38,83167
multilingual,rlens_64p,es-number-after-two,español,45,8135
multilingual,rlens_64p,es-number-after-two,number,45,1004
multilingual,rlens_64p,es-number-after-two,two,45,6023
multilingual,rlens_64p,es-number-after-two,three,45,361
multilingual,rlens_64p,es-number-after-two,español,52,11177
multilingual,rlens_64p,es-number-after-two,number,52,1379
multilingual,rlens_64p,es-number-after-two,two,52,20
multilingual,rlens_64p,es-number-after-two,three,52,1
multilingual,jpp_64p,es-number-after-two,español,8,119993
multilingual,jpp_64p,es-number-after-two,number,8,122539
multilingual,jpp_64p,es-number-after-two,two,8,73832
multilingual,jpp_64p,es-number-after-two,three,8,207328
multilingual,jpp_64p,es-number-after-two,español,15,37827
multilingual,jpp_64p,es-number-after-two,number,15,79416
multilingual,jpp_64p,es-number-after-two,two,15,62508
multilingual,jpp_64p,es-number-after-two,three,15,188897
multilingual,jpp_64p,es-number-after-two,español,22,7995
multilingual,jpp_64p,es-number-after-two,number,22,9537
multilingual,jpp_64p,es-number-after-two,two,22,32895
multilingual,jpp_64p,es-number-after-two,three,22,168985
multilingual,jpp_64p,es-number-after-two,español,30,231
multilingual,jpp_64p,es-number-after-two,number,30,18458
multilingual,jpp_64p,es-number-after-two,two,30,72500
multilingual,jpp_64p,es-number-after-two,three,30,157242
multilingual,jpp_64p,es-number-after-two,español,38,56
multilingual,jpp_64p,es-number-after-two,number,38,17931
multilingual,jpp_64p,es-number-after-two,two,38,129545
multilingual,jpp_64p,es-number-after-two,three,38,115838
multilingual,jpp_64p,es-number-after-two,español,45,7056
multilingual,jpp_64p,es-number-after-two,number,45,9776
multilingual,jpp_64p,es-number-after-two,two,45,8524
multilingual,jpp_64p,es-number-after-two,three,45,399
multilingual,jpp_64p,es-number-after-two,español,52,7228
multilingual,jpp_64p,es-number-after-two,number,52,2071
multilingual,jpp_64p,es-number-after-two,two,52,29
multilingual,jpp_64p,es-number-after-two,three,52,1
multilingual,logit,es-time-after-day,español,8,121109
multilingual,logit,es-time-after-day,time,8,196729
multilingual,logit,es-time-after-day,day,8,108688
multilingual,logit,es-time-after-day,night,8,106361
multilingual,logit,es-time-after-day,español,15,113780
multilingual,logit,es-time-after-day,time,15,147292
multilingual,logit,es-time-after-day,day,15,193258
multilingual,logit,es-time-after-day,night,15,69312
multilingual,logit,es-time-after-day,español,22,34524
multilingual,logit,es-time-after-day,time,22,120475
multilingual,logit,es-time-after-day,day,22,152590
multilingual,logit,es-time-after-day,night,22,44352
multilingual,logit,es-time-after-day,español,30,51253
multilingual,logit,es-time-after-day,time,30,49085
multilingual,logit,es-time-after-day,day,30,44688
multilingual,logit,es-time-after-day,night,30,1598
multilingual,logit,es-time-after-day,español,38,70918
multilingual,logit,es-time-after-day,time,38,1266
multilingual,logit,es-time-after-day,day,38,14766
multilingual,logit,es-time-after-day,night,38,2446
multilingual,logit,es-time-after-day,español,45,79163
multilingual,logit,es-time-after-day,time,45,1929
multilingual,logit,es-time-after-day,day,45,53
multilingual,logit,es-time-after-day,night,45,4
multilingual,logit,es-time-after-day,español,52,183512
multilingual,logit,es-time-after-day,time,52,64869
multilingual,logit,es-time-after-day,day,52,236
multilingual,logit,es-time-after-day,night,52,1
multilingual,jlens_16p,es-time-after-day,español,8,32693
multilingual,jlens_16p,es-time-after-day,time,8,29822
multilingual,jlens_16p,es-time-after-day,day,8,149967
multilingual,jlens_16p,es-time-after-day,night,8,25137
multilingual,jlens_16p,es-time-after-day,español,15,180264
multilingual,jlens_16p,es-time-after-day,time,15,65355
multilingual,jlens_16p,es-time-after-day,day,15,26453
multilingual,jlens_16p,es-time-after-day,night,15,78715
multilingual,jlens_16p,es-time-after-day,español,22,179796
multilingual,jlens_16p,es-time-after-day,time,22,65366
multilingual,jlens_16p,es-time-after-day,day,22,26093
multilingual,jlens_16p,es-time-after-day,night,22,79351
multilingual,jlens_16p,es-time-after-day,español,30,140380
multilingual,jlens_16p,es-time-after-day,time,30,32698
multilingual,jlens_16p,es-time-after-day,day,30,28482
multilingual,jlens_16p,es-time-after-day,night,30,24403
multilingual,jlens_16p,es-time-after-day,español,38,96706
multilingual,jlens_16p,es-time-after-day,time,38,34590
multilingual,jlens_16p,es-time-after-day,day,38,6849
multilingual,jlens_16p,es-time-after-day,night,38,4655
multilingual,jlens_16p,es-time-after-day,español,45,135610
multilingual,jlens_16p,es-time-after-day,time,45,35567
multilingual,jlens_16p,es-time-after-day,day,45,16202
multilingual,jlens_16p,es-time-after-day,night,45,9268
multilingual,jlens_16p,es-time-after-day,español,52,210201
multilingual,jlens_16p,es-time-after-day,time,52,9371
multilingual,jlens_16p,es-time-after-day,day,52,1361
multilingual,jlens_16p,es-time-after-day,night,52,1
multilingual,rlens_16p,es-time-after-day,español,8,107353
multilingual,rlens_16p,es-time-after-day,time,8,92421
multilingual,rlens_16p,es-time-after-day,day,8,169148
multilingual,rlens_16p,es-time-after-day,night,8,56411
multilingual,rlens_16p,es-time-after-day,español,15,76548
multilingual,rlens_16p,es-time-after-day,time,15,65043
multilingual,rlens_16p,es-time-after-day,day,15,195050
multilingual,rlens_16p,es-time-after-day,night,15,45557
multilingual,rlens_16p,es-time-after-day,español,22,25931
multilingual,rlens_16p,es-time-after-day,time,22,54800
multilingual,rlens_16p,es-time-after-day,day,22,158620
multilingual,rlens_16p,es-time-after-day,night,22,14013
multilingual,rlens_16p,es-time-after-day,español,30,22540
multilingual,rlens_16p,es-time-after-day,time,30,15032
multilingual,rlens_16p,es-time-after-day,day,30,102250
multilingual,rlens_16p,es-time-after-day,night,30,14188
multilingual,rlens_16p,es-time-after-day,español,38,19956
multilingual,rlens_16p,es-time-after-day,time,38,8762
multilingual,rlens_16p,es-time-after-day,day,38,79423
multilingual,rlens_16p,es-time-after-day,night,38,8397
multilingual,rlens_16p,es-time-after-day,español,45,55265
multilingual,rlens_16p,es-time-after-day,time,45,2596
multilingual,rlens_16p,es-time-after-day,day,45,25733
multilingual,rlens_16p,es-time-after-day,night,45,36
multilingual,rlens_16p,es-time-after-day,español,52,84669
multilingual,rlens_16p,es-time-after-day,time,52,618
multilingual,rlens_16p,es-time-after-day,day,52,618
multilingual,rlens_16p,es-time-after-day,night,52,1
multilingual,rlens_64p,es-time-after-day,español,8,91712
multilingual,rlens_64p,es-time-after-day,time,8,83300
multilingual,rlens_64p,es-time-after-day,day,8,184469
multilingual,rlens_64p,es-time-after-day,night,8,54511
multilingual,rlens_64p,es-time-after-day,español,15,70199
multilingual,rlens_64p,es-time-after-day,time,15,73550
multilingual,rlens_64p,es-time-after-day,day,15,207406
multilingual,rlens_64p,es-time-after-day,night,15,47331
multilingual,rlens_64p,es-time-after-day,español,22,19847
multilingual,rlens_64p,es-time-after-day,time,22,58347
multilingual,rlens_64p,es-time-after-day,day,22,155802
multilingual,rlens_64p,es-time-after-day,night,22,13855
multilingual,rlens_64p,es-time-after-day,español,30,17824
multilingual,rlens_64p,es-time-after-day,time,30,23530
multilingual,rlens_64p,es-time-after-day,day,30,112723
multilingual,rlens_64p,es-time-after-day,night,30,9174
multilingual,rlens_64p,es-time-after-day,español,38,19143
multilingual,rlens_64p,es-time-after-day,time,38,12168
multilingual,rlens_64p,es-time-after-day,day,38,92998
multilingual,rlens_64p,es-time-after-day,night,38,4513
multilingual,rlens_64p,es-time-after-day,español,45,57626
multilingual,rlens_64p,es-time-after-day,time,45,3037
multilingual,rlens_64p,es-time-after-day,day,45,26740
multilingual,rlens_64p,es-time-after-day,night,45,21
multilingual,rlens_64p,es-time-after-day,español,52,87529
multilingual,rlens_64p,es-time-after-day,time,52,668
multilingual,rlens_64p,es-time-after-day,day,52,810
multilingual,rlens_64p,es-time-after-day,night,52,1
multilingual,jpp_64p,es-time-after-day,español,8,113221
multilingual,jpp_64p,es-time-after-day,time,8,36355
multilingual,jpp_64p,es-time-after-day,day,8,101128
multilingual,jpp_64p,es-time-after-day,night,8,8581
multilingual,jpp_64p,es-time-after-day,español,15,92736
multilingual,jpp_64p,es-time-after-day,time,15,82796
multilingual,jpp_64p,es-time-after-day,day,15,147608
multilingual,jpp_64p,es-time-after-day,night,15,19081
multilingual,jpp_64p,es-time-after-day,español,22,24121
multilingual,jpp_64p,es-time-after-day,time,22,37360
multilingual,jpp_64p,es-time-after-day,day,22,93800
multilingual,jpp_64p,es-time-after-day,night,22,1789
multilingual,jpp_64p,es-time-after-day,español,30,7188
multilingual,jpp_64p,es-time-after-day,time,30,12435
multilingual,jpp_64p,es-time-after-day,day,30,70024
multilingual,jpp_64p,es-time-after-day,night,30,2643
multilingual,jpp_64p,es-time-after-day,español,38,9736
multilingual,jpp_64p,es-time-after-day,time,38,48749
multilingual,jpp_64p,es-time-after-day,day,38,34428
multilingual,jpp_64p,es-time-after-day,night,38,113
multilingual,jpp_64p,es-time-after-day,español,45,57532
multilingual,jpp_64p,es-time-after-day,time,45,14911
multilingual,jpp_64p,es-time-after-day,day,45,2491
multilingual,jpp_64p,es-time-after-day,night,45,4
multilingual,jpp_64p,es-time-after-day,español,52,77732
multilingual,jpp_64p,es-time-after-day,time,52,1116
multilingual,jpp_64p,es-time-after-day,day,52,292
multilingual,jpp_64p,es-time-after-day,night,52,1
multilingual,logit,pt-time-after-night,português,8,224522
multilingual,logit,pt-time-after-night,time,8,181468
multilingual,logit,pt-time-after-night,night,8,89641
multilingual,logit,pt-time-after-night,day,8,146971
multilingual,logit,pt-time-after-night,português,15,211902
multilingual,logit,pt-time-after-night,time,15,114870
multilingual,logit,pt-time-after-night,night,15,64441
multilingual,logit,pt-time-after-night,day,15,193569
multilingual,logit,pt-time-after-night,português,22,166661
multilingual,logit,pt-time-after-night,time,22,119229
multilingual,logit,pt-time-after-night,night,22,67253
multilingual,logit,pt-time-after-night,day,22,172674
multilingual,logit,pt-time-after-night,português,30,118309
multilingual,logit,pt-time-after-night,time,30,9065
multilingual,logit,pt-time-after-night,night,30,4239
multilingual,logit,pt-time-after-night,day,30,32333
multilingual,logit,pt-time-after-night,português,38,26415
multilingual,logit,pt-time-after-night,time,38,2169
multilingual,logit,pt-time-after-night,night,38,2673
multilingual,logit,pt-time-after-night,day,38,5741
multilingual,logit,pt-time-after-night,português,45,6426
multilingual,logit,pt-time-after-night,time,45,2038
multilingual,logit,pt-time-after-night,night,45,148
multilingual,logit,pt-time-after-night,day,45,13
multilingual,logit,pt-time-after-night,português,52,7230
multilingual,logit,pt-time-after-night,time,52,31057
multilingual,logit,pt-time-after-night,night,52,209
multilingual,logit,pt-time-after-night,day,52,1
multilingual,jlens_16p,pt-time-after-night,português,8,132991
multilingual,jlens_16p,pt-time-after-night,time,8,29679
multilingual,jlens_16p,pt-time-after-night,night,8,25015
multilingual,jlens_16p,pt-time-after-night,day,8,149801
multilingual,jlens_16p,pt-time-after-night,português,15,119834
multilingual,jlens_16p,pt-time-after-night,time,15,65247
multilingual,jlens_16p,pt-time-after-night,night,15,79417
multilingual,jlens_16p,pt-time-after-night,day,15,26427
multilingual,jlens_16p,pt-time-after-night,português,22,120278
multilingual,jlens_16p,pt-time-after-night,time,22,64917
multilingual,jlens_16p,pt-time-after-night,night,22,78967
multilingual,jlens_16p,pt-time-after-night,day,22,25840
multilingual,jlens_16p,pt-time-after-night,português,30,172108
multilingual,jlens_16p,pt-time-after-night,time,30,47128
multilingual,jlens_16p,pt-time-after-night,night,30,43902
multilingual,jlens_16p,pt-time-after-night,day,30,43138
multilingual,jlens_16p,pt-time-after-night,português,38,123737
multilingual,jlens_16p,pt-time-after-night,time,38,55774
multilingual,jlens_16p,pt-time-after-night,night,38,14684
multilingual,jlens_16p,pt-time-after-night,day,38,10387
multilingual,jlens_16p,pt-time-after-night,português,45,163302
multilingual,jlens_16p,pt-time-after-night,time,45,37019
multilingual,jlens_16p,pt-time-after-night,night,45,22663
multilingual,jlens_16p,pt-time-after-night,day,45,19184
multilingual,jlens_16p,pt-time-after-night,português,52,137596
multilingual,jlens_16p,pt-time-after-night,time,52,1605
multilingual,jlens_16p,pt-time-after-night,night,52,875
multilingual,jlens_16p,pt-time-after-night,day,52,2
multilingual,rlens_16p,pt-time-after-night,português,8,113368
multilingual,rlens_16p,pt-time-after-night,time,8,100461
multilingual,rlens_16p,pt-time-after-night,night,8,63534
multilingual,rlens_16p,pt-time-after-night,day,8,165472
multilingual,rlens_16p,pt-time-after-night,português,15,83487
multilingual,rlens_16p,pt-time-after-night,time,15,76245
multilingual,rlens_16p,pt-time-after-night,night,15,120537
multilingual,rlens_16p,pt-time-after-night,day,15,199807
multilingual,rlens_16p,pt-time-after-night,português,22,59125
multilingual,rlens_16p,pt-time-after-night,time,22,51111
multilingual,rlens_16p,pt-time-after-night,night,22,35620
multilingual,rlens_16p,pt-time-after-night,day,22,142788
multilingual,rlens_16p,pt-time-after-night,português,30,73288
multilingual,rlens_16p,pt-time-after-night,time,30,15519
multilingual,rlens_16p,pt-time-after-night,night,30,74921
multilingual,rlens_16p,pt-time-after-night,day,30,105003
multilingual,rlens_16p,pt-time-after-night,português,38,34513
multilingual,rlens_16p,pt-time-after-night,time,38,11829
multilingual,rlens_16p,pt-time-after-night,night,38,86468
multilingual,rlens_16p,pt-time-after-night,day,38,84185
multilingual,rlens_16p,pt-time-after-night,português,45,117984
multilingual,rlens_16p,pt-time-after-night,time,45,1344
multilingual,rlens_16p,pt-time-after-night,night,45,5837
multilingual,rlens_16p,pt-time-after-night,day,45,20704
multilingual,rlens_16p,pt-time-after-night,português,52,97126
multilingual,rlens_16p,pt-time-after-night,time,52,282
multilingual,rlens_16p,pt-time-after-night,night,52,587
multilingual,rlens_16p,pt-time-after-night,day,52,1
multilingual,rlens_64p,pt-time-after-night,português,8,118658
multilingual,rlens_64p,pt-time-after-night,time,8,90438
multilingual,rlens_64p,pt-time-after-night,night,8,74619
multilingual,rlens_64p,pt-time-after-night,day,8,176359
multilingual,rlens_64p,pt-time-after-night,português,15,80802
multilingual,rlens_64p,pt-time-after-night,time,15,81633
multilingual,rlens_64p,pt-time-after-night,night,15,115668
multilingual,rlens_64p,pt-time-after-night,day,15,210007
multilingual,rlens_64p,pt-time-after-night,português,22,55148
multilingual,rlens_64p,pt-time-after-night,time,22,50873
multilingual,rlens_64p,pt-time-after-night,night,22,31914
multilingual,rlens_64p,pt-time-after-night,day,22,163122
multilingual,rlens_64p,pt-time-after-night,português,30,58712
multilingual,rlens_64p,pt-time-after-night,time,30,22236
multilingual,rlens_64p,pt-time-after-night,night,30,46122
multilingual,rlens_64p,pt-time-after-night,day,30,120778
multilingual,rlens_64p,pt-time-after-night,português,38,27488
multilingual,rlens_64p,pt-time-after-night,time,38,16180
multilingual,rlens_64p,pt-time-after-night,night,38,49085
multilingual,rlens_64p,pt-time-after-night,day,38,100333
multilingual,rlens_64p,pt-time-after-night,português,45,95978
multilingual,rlens_64p,pt-time-after-night,time,45,1464
multilingual,rlens_64p,pt-time-after-night,night,45,2029
multilingual,rlens_64p,pt-time-after-night,day,45,21364
multilingual,rlens_64p,pt-time-after-night,português,52,84892
multilingual,rlens_64p,pt-time-after-night,time,52,318
multilingual,rlens_64p,pt-time-after-night,night,52,382
multilingual,rlens_64p,pt-time-after-night,day,52,1
multilingual,jpp_64p,pt-time-after-night,português,8,110347
multilingual,jpp_64p,pt-time-after-night,time,8,25809
multilingual,jpp_64p,pt-time-after-night,night,8,10437
multilingual,jpp_64p,pt-time-after-night,day,8,105552
multilingual,jpp_64p,pt-time-after-night,português,15,73907
multilingual,jpp_64p,pt-time-after-night,time,15,91821
multilingual,jpp_64p,pt-time-after-night,night,15,57379
multilingual,jpp_64p,pt-time-after-night,day,15,195416
multilingual,jpp_64p,pt-time-after-night,português,22,46707
multilingual,jpp_64p,pt-time-after-night,time,22,32591
multilingual,jpp_64p,pt-time-after-night,night,22,6622
multilingual,jpp_64p,pt-time-after-night,day,22,129084
multilingual,jpp_64p,pt-time-after-night,português,30,72717
multilingual,jpp_64p,pt-time-after-night,time,30,16262
multilingual,jpp_64p,pt-time-after-night,night,30,17449
multilingual,jpp_64p,pt-time-after-night,day,30,44755
multilingual,jpp_64p,pt-time-after-night,português,38,5892
multilingual,jpp_64p,pt-time-after-night,time,38,58456
multilingual,jpp_64p,pt-time-after-night,night,38,5892
multilingual,jpp_64p,pt-time-after-night,day,38,26068
multilingual,jpp_64p,pt-time-after-night,português,45,136099
multilingual,jpp_64p,pt-time-after-night,time,45,13368
multilingual,jpp_64p,pt-time-after-night,night,45,467
multilingual,jpp_64p,pt-time-after-night,day,45,1046
multilingual,jpp_64p,pt-time-after-night,português,52,86976
multilingual,jpp_64p,pt-time-after-night,time,52,444
multilingual,jpp_64p,pt-time-after-night,night,52,287
multilingual,jpp_64p,pt-time-after-night,day,52,1
multilingual,logit,fr-size-big-small,French,8,113217
multilingual,logit,fr-size-big-small,size,8,147796
multilingual,logit,fr-size-big-small,big,8,94817
multilingual,logit,fr-size-big-small,small,8,107002
multilingual,logit,fr-size-big-small,French,15,67325
multilingual,logit,fr-size-big-small,size,15,101996
multilingual,logit,fr-size-big-small,big,15,96726
multilingual,logit,fr-size-big-small,small,15,88268
multilingual,logit,fr-size-big-small,French,22,35277
multilingual,logit,fr-size-big-small,size,22,92824
multilingual,logit,fr-size-big-small,big,22,95393
multilingual,logit,fr-size-big-small,small,22,43411
multilingual,logit,fr-size-big-small,French,30,3359
multilingual,logit,fr-size-big-small,size,30,31993
multilingual,logit,fr-size-big-small,big,30,14779
multilingual,logit,fr-size-big-small,small,30,1925
multilingual,logit,fr-size-big-small,French,38,4114
multilingual,logit,fr-size-big-small,size,38,2880
multilingual,logit,fr-size-big-small,big,38,37444
multilingual,logit,fr-size-big-small,small,38,729
multilingual,logit,fr-size-big-small,French,45,4404
multilingual,logit,fr-size-big-small,size,45,93
multilingual,logit,fr-size-big-small,big,45,1305
multilingual,logit,fr-size-big-small,small,45,10
multilingual,logit,fr-size-big-small,French,52,122190
multilingual,logit,fr-size-big-small,size,52,1936
multilingual,logit,fr-size-big-small,big,52,17933
multilingual,logit,fr-size-big-small,small,52,2
multilingual,jlens_16p,fr-size-big-small,French,8,78822
multilingual,jlens_16p,fr-size-big-small,size,8,63478
multilingual,jlens_16p,fr-size-big-small,big,8,121851
multilingual,jlens_16p,fr-size-big-small,small,8,205915
multilingual,jlens_16p,fr-size-big-small,French,15,77601
multilingual,jlens_16p,fr-size-big-small,size,15,92820
multilingual,jlens_16p,fr-size-big-small,big,15,31064
multilingual,jlens_16p,fr-size-big-small,small,15,6063
multilingual,jlens_16p,fr-size-big-small,French,22,74985
multilingual,jlens_16p,fr-size-big-small,size,22,91828
multilingual,jlens_16p,fr-size-big-small,big,22,30378
multilingual,jlens_16p,fr-size-big-small,small,22,5850
multilingual,jlens_16p,fr-size-big-small,French,30,130200
multilingual,jlens_16p,fr-size-big-small,size,30,150508
multilingual,jlens_16p,fr-size-big-small,big,30,63595
multilingual,jlens_16p,fr-size-big-small,small,30,35891
multilingual,jlens_16p,fr-size-big-small,French,38,121492
multilingual,jlens_16p,fr-size-big-small,size,38,80887
multilingual,jlens_16p,fr-size-big-small,big,38,22242
multilingual,jlens_16p,fr-size-big-small,small,38,24135
multilingual,jlens_16p,fr-size-big-small,French,45,135519
multilingual,jlens_16p,fr-size-big-small,size,45,21821
multilingual,jlens_16p,fr-size-big-small,big,45,10538
multilingual,jlens_16p,fr-size-big-small,small,45,12
multilingual,jlens_16p,fr-size-big-small,French,52,31810
multilingual,jlens_16p,fr-size-big-small,size,52,5376
multilingual,jlens_16p,fr-size-big-small,big,52,1147
multilingual,jlens_16p,fr-size-big-small,small,52,1
multilingual,rlens_16p,fr-size-big-small,French,8,205776
multilingual,rlens_16p,fr-size-big-small,size,8,187973
multilingual,rlens_16p,fr-size-big-small,big,8,19784
multilingual,rlens_16p,fr-size-big-small,small,8,30769
multilingual,rlens_16p,fr-size-big-small,French,15,158921
multilingual,rlens_16p,fr-size-big-small,size,15,146410
multilingual,rlens_16p,fr-size-big-small,big,15,22256
multilingual,rlens_16p,fr-size-big-small,small,15,17191
multilingual,rlens_16p,fr-size-big-small,French,22,111117
multilingual,rlens_16p,fr-size-big-small,size,22,139206
multilingual,rlens_16p,fr-size-big-small,big,22,22501
multilingual,rlens_16p,fr-size-big-small,small,22,3460
multilingual,rlens_16p,fr-size-big-small,French,30,17327
multilingual,rlens_16p,fr-size-big-small,size,30,56540
multilingual,rlens_16p,fr-size-big-small,big,30,18168
multilingual,rlens_16p,fr-size-big-small,small,30,8398
multilingual,rlens_16p,fr-size-big-small,French,38,22702
multilingual,rlens_16p,fr-size-big-small,size,38,36694
multilingual,rlens_16p,fr-size-big-small,big,38,7375
multilingual,rlens_16p,fr-size-big-small,small,38,9606
multilingual,rlens_16p,fr-size-big-small,French,45,38048
multilingual,rlens_16p,fr-size-big-small,size,45,3834
multilingual,rlens_16p,fr-size-big-small,big,45,902
multilingual,rlens_16p,fr-size-big-small,small,45,7
multilingual,rlens_16p,fr-size-big-small,French,52,35440
multilingual,rlens_16p,fr-size-big-small,size,52,1104
multilingual,rlens_16p,fr-size-big-small,big,52,3253
multilingual,rlens_16p,fr-size-big-small,small,52,1
multilingual,rlens_64p,fr-size-big-small,French,8,205810
multilingual,rlens_64p,fr-size-big-small,size,8,182227
multilingual,rlens_64p,fr-size-big-small,big,8,16101
multilingual,rlens_64p,fr-size-big-small,small,8,45849
multilingual,rlens_64p,fr-size-big-small,French,15,165053
multilingual,rlens_64p,fr-size-big-small,size,15,151806
multilingual,rlens_64p,fr-size-big-small,big,15,17779
multilingual,rlens_64p,fr-size-big-small,small,15,20245
multilingual,rlens_64p,fr-size-big-small,French,22,98010
multilingual,rlens_64p,fr-size-big-small,size,22,149335
multilingual,rlens_64p,fr-size-big-small,big,22,17720
multilingual,rlens_64p,fr-size-big-small,small,22,2970
multilingual,rlens_64p,fr-size-big-small,French,30,15761
multilingual,rlens_64p,fr-size-big-small,size,30,70371
multilingual,rlens_64p,fr-size-big-small,big,30,18640
multilingual,rlens_64p,fr-size-big-small,small,30,6963
multilingual,rlens_64p,fr-size-big-small,French,38,19389
multilingual,rlens_64p,fr-size-big-small,size,38,54683
multilingual,rlens_64p,fr-size-big-small,big,38,10769
multilingual,rlens_64p,fr-size-big-small,small,38,10544
multilingual,rlens_64p,fr-size-big-small,French,45,58385
multilingual,rlens_64p,fr-size-big-small,size,45,4256
multilingual,rlens_64p,fr-size-big-small,big,45,929
multilingual,rlens_64p,fr-size-big-small,small,45,8
multilingual,rlens_64p,fr-size-big-small,French,52,50633
multilingual,rlens_64p,fr-size-big-small,size,52,1194
multilingual,rlens_64p,fr-size-big-small,big,52,2309
multilingual,rlens_64p,fr-size-big-small,small,52,1
multilingual,jpp_64p,fr-size-big-small,French,8,132188
multilingual,jpp_64p,fr-size-big-small,size,8,161074
multilingual,jpp_64p,fr-size-big-small,big,8,5540
multilingual,jpp_64p,fr-size-big-small,small,8,19718
multilingual,jpp_64p,fr-size-big-small,French,15,137000
multilingual,jpp_64p,fr-size-big-small,size,15,130984
multilingual,jpp_64p,fr-size-big-small,big,15,61668
multilingual,jpp_64p,fr-size-big-small,small,15,24567
multilingual,jpp_64p,fr-size-big-small,French,22,78654
multilingual,jpp_64p,fr-size-big-small,size,22,81704
multilingual,jpp_64p,fr-size-big-small,big,22,42232
multilingual,jpp_64p,fr-size-big-small,small,22,8097
multilingual,jpp_64p,fr-size-big-small,French,30,21724
multilingual,jpp_64p,fr-size-big-small,size,30,46771
multilingual,jpp_64p,fr-size-big-small,big,30,19059
multilingual,jpp_64p,fr-size-big-small,small,30,3347
multilingual,jpp_64p,fr-size-big-small,French,38,879
multilingual,jpp_64p,fr-size-big-small,size,38,64531
multilingual,jpp_64p,fr-size-big-small,big,38,15176
multilingual,jpp_64p,fr-size-big-small,small,38,655
multilingual,jpp_64p,fr-size-big-small,French,45,14204
multilingual,jpp_64p,fr-size-big-small,size,45,2711
multilingual,jpp_64p,fr-size-big-small,big,45,280
multilingual,jpp_64p,fr-size-big-small,small,45,7
multilingual,jpp_64p,fr-size-big-small,French,52,38869
multilingual,jpp_64p,fr-size-big-small,size,52,390
multilingual,jpp_64p,fr-size-big-small,big,52,3527
multilingual,jpp_64p,fr-size-big-small,small,52,1
multilingual,logit,de-size-big-small,German,8,4421
multilingual,logit,de-size-big-small,size,8,151908
multilingual,logit,de-size-big-small,big,8,82253
multilingual,logit,de-size-big-small,small,8,142431
multilingual,logit,de-size-big-small,German,15,4545
multilingual,logit,de-size-big-small,size,15,116070
multilingual,logit,de-size-big-small,big,15,97694
multilingual,logit,de-size-big-small,small,15,122289
multilingual,logit,de-size-big-small,German,22,6116
multilingual,logit,de-size-big-small,size,22,114850
multilingual,logit,de-size-big-small,big,22,129167
multilingual,logit,de-size-big-small,small,22,62239
multilingual,logit,de-size-big-small,German,30,25175
multilingual,logit,de-size-big-small,size,30,18984
multilingual,logit,de-size-big-small,big,30,63687
multilingual,logit,de-size-big-small,small,30,31257
multilingual,logit,de-size-big-small,German,38,7977
multilingual,logit,de-size-big-small,size,38,11543
multilingual,logit,de-size-big-small,big,38,9501
multilingual,logit,de-size-big-small,small,38,3787
multilingual,logit,de-size-big-small,German,45,3785
multilingual,logit,de-size-big-small,size,45,53
multilingual,logit,de-size-big-small,big,45,1846
multilingual,logit,de-size-big-small,small,45,3
multilingual,logit,de-size-big-small,German,52,103390
multilingual,logit,de-size-big-small,size,52,16705
multilingual,logit,de-size-big-small,big,52,4743
multilingual,logit,de-size-big-small,small,52,1
multilingual,jlens_16p,de-size-big-small,German,8,18078
multilingual,jlens_16p,de-size-big-small,size,8,63605
multilingual,jlens_16p,de-size-big-small,big,8,122716
multilingual,jlens_16p,de-size-big-small,small,8,205960
multilingual,jlens_16p,de-size-big-small,German,15,92159
multilingual,jlens_16p,de-size-big-small,size,15,92875
multilingual,jlens_16p,de-size-big-small,big,15,30885
multilingual,jlens_16p,de-size-big-small,small,15,6079
multilingual,jlens_16p,de-size-big-small,German,22,85080
multilingual,jlens_16p,de-size-big-small,size,22,88902
multilingual,jlens_16p,de-size-big-small,big,22,28789
multilingual,jlens_16p,de-size-big-small,small,22,5249
multilingual,jlens_16p,de-size-big-small,German,30,76578
multilingual,jlens_16p,de-size-big-small,size,30,121926
multilingual,jlens_16p,de-size-big-small,big,30,47739
multilingual,jlens_16p,de-size-big-small,small,30,102604
multilingual,jlens_16p,de-size-big-small,German,38,89442
multilingual,jlens_16p,de-size-big-small,size,38,87496
multilingual,jlens_16p,de-size-big-small,big,38,43412
multilingual,jlens_16p,de-size-big-small,small,38,97657
multilingual,jlens_16p,de-size-big-small,German,45,116337
multilingual,jlens_16p,de-size-big-small,size,45,18649
multilingual,jlens_16p,de-size-big-small,big,45,25973
multilingual,jlens_16p,de-size-big-small,small,45,9
multilingual,jlens_16p,de-size-big-small,German,52,24719
multilingual,jlens_16p,de-size-big-small,size,52,2748
multilingual,jlens_16p,de-size-big-small,big,52,499
multilingual,jlens_16p,de-size-big-small,small,52,1
multilingual,rlens_16p,de-size-big-small,German,8,11240
multilingual,rlens_16p,de-size-big-small,size,8,188990
multilingual,rlens_16p,de-size-big-small,big,8,17465
multilingual,rlens_16p,de-size-big-small,small,8,55383
multilingual,rlens_16p,de-size-big-small,German,15,8207
multilingual,rlens_16p,de-size-big-small,size,15,155123
multilingual,rlens_16p,de-size-big-small,big,15,13962
multilingual,rlens_16p,de-size-big-small,small,15,22574
multilingual,rlens_16p,de-size-big-small,German,22,13869
multilingual,rlens_16p,de-size-big-small,size,22,126318
multilingual,rlens_16p,de-size-big-small,big,22,16176
multilingual,rlens_16p,de-size-big-small,small,22,5459
multilingual,rlens_16p,de-size-big-small,German,30,27417
multilingual,rlens_16p,de-size-big-small,size,30,96235
multilingual,rlens_16p,de-size-big-small,big,30,27417
multilingual,rlens_16p,de-size-big-small,small,30,65476
multilingual,rlens_16p,de-size-big-small,German,38,15482
multilingual,rlens_16p,de-size-big-small,size,38,85073
multilingual,rlens_16p,de-size-big-small,big,38,11242
multilingual,rlens_16p,de-size-big-small,small,38,73387
multilingual,rlens_16p,de-size-big-small,German,45,71415
multilingual,rlens_16p,de-size-big-small,size,45,778
multilingual,rlens_16p,de-size-big-small,big,45,829
multilingual,rlens_16p,de-size-big-small,small,45,15
multilingual,rlens_16p,de-size-big-small,German,52,43908
multilingual,rlens_16p,de-size-big-small,size,52,1651
multilingual,rlens_16p,de-size-big-small,big,52,620
multilingual,rlens_16p,de-size-big-small,small,52,1
multilingual,rlens_64p,de-size-big-small,German,8,11774
multilingual,rlens_64p,de-size-big-small,size,8,180516
multilingual,rlens_64p,de-size-big-small,big,8,15063
multilingual,rlens_64p,de-size-big-small,small,8,73418
multilingual,rlens_64p,de-size-big-small,German,15,9634
multilingual,rlens_64p,de-size-big-small,size,15,156014
multilingual,rlens_64p,de-size-big-small,big,15,11808
multilingual,rlens_64p,de-size-big-small,small,15,25603
multilingual,rlens_64p,de-size-big-small,German,22,11085
multilingual,rlens_64p,de-size-big-small,size,22,124669
multilingual,rlens_64p,de-size-big-small,big,22,12468
multilingual,rlens_64p,de-size-big-small,small,22,5087
multilingual,rlens_64p,de-size-big-small,German,30,14943
multilingual,rlens_64p,de-size-big-small,size,30,104545
multilingual,rlens_64p,de-size-big-small,big,30,39424
multilingual,rlens_64p,de-size-big-small,small,30,62021
multilingual,rlens_64p,de-size-big-small,German,38,16088
multilingual,rlens_64p,de-size-big-small,size,38,91909
multilingual,rlens_64p,de-size-big-small,big,38,15160
multilingual,rlens_64p,de-size-big-small,small,38,64170
multilingual,rlens_64p,de-size-big-small,German,45,72414
multilingual,rlens_64p,de-size-big-small,size,45,772
multilingual,rlens_64p,de-size-big-small,big,45,800
multilingual,rlens_64p,de-size-big-small,small,45,17
multilingual,rlens_64p,de-size-big-small,German,52,40981
multilingual,rlens_64p,de-size-big-small,size,52,1841
multilingual,rlens_64p,de-size-big-small,big,52,386
multilingual,rlens_64p,de-size-big-small,small,52,1
multilingual,jpp_64p,de-size-big-small,German,8,9578
multilingual,jpp_64p,de-size-big-small,size,8,184111
multilingual,jpp_64p,de-size-big-small,big,8,2616
multilingual,jpp_64p,de-size-big-small,small,8,38403
multilingual,jpp_64p,de-size-big-small,German,15,2456
multilingual,jpp_64p,de-size-big-small,size,15,103868
multilingual,jpp_64p,de-size-big-small,big,15,29621
multilingual,jpp_64p,de-size-big-small,small,15,32393
multilingual,jpp_64p,de-size-big-small,German,22,4878
multilingual,jpp_64p,de-size-big-small,size,22,62901
multilingual,jpp_64p,de-size-big-small,big,22,19946
multilingual,jpp_64p,de-size-big-small,small,22,10957
multilingual,jpp_64p,de-size-big-small,German,30,10329
multilingual,jpp_64p,de-size-big-small,size,30,68925
multilingual,jpp_64p,de-size-big-small,big,30,41430
multilingual,jpp_64p,de-size-big-small,small,30,43716
multilingual,jpp_64p,de-size-big-small,German,38,70
multilingual,jpp_64p,de-size-big-small,size,38,126153
multilingual,jpp_64p,de-size-big-small,big,38,18843
multilingual,jpp_64p,de-size-big-small,small,38,20590
multilingual,jpp_64p,de-size-big-small,German,45,14525
multilingual,jpp_64p,de-size-big-small,size,45,459
multilingual,jpp_64p,de-size-big-small,big,45,459
multilingual,jpp_64p,de-size-big-small,small,45,2
multilingual,jpp_64p,de-size-big-small,German,52,29142
multilingual,jpp_64p,de-size-big-small,size,52,408
multilingual,jpp_64p,de-size-big-small,big,52,570
multilingual,jpp_64p,de-size-big-small,small,52,1
multilingual,logit,es-size-big-small,español,8,90988
multilingual,logit,es-size-big-small,size,8,167658
multilingual,logit,es-size-big-small,big,8,93099
multilingual,logit,es-size-big-small,small,8,122202
multilingual,logit,es-size-big-small,español,15,122344
multilingual,logit,es-size-big-small,size,15,139800
multilingual,logit,es-size-big-small,big,15,79131
multilingual,logit,es-size-big-small,small,15,122760
multilingual,logit,es-size-big-small,español,22,28814
multilingual,logit,es-size-big-small,size,22,110374
multilingual,logit,es-size-big-small,big,22,93867
multilingual,logit,es-size-big-small,small,22,51817
multilingual,logit,es-size-big-small,español,30,24959
multilingual,logit,es-size-big-small,size,30,37145
multilingual,logit,es-size-big-small,big,30,39529
multilingual,logit,es-size-big-small,small,30,3194
multilingual,logit,es-size-big-small,español,38,43667
multilingual,logit,es-size-big-small,size,38,18429
multilingual,logit,es-size-big-small,big,38,19007
multilingual,logit,es-size-big-small,small,38,873
multilingual,logit,es-size-big-small,español,45,97972
multilingual,logit,es-size-big-small,size,45,37
multilingual,logit,es-size-big-small,big,45,1805
multilingual,logit,es-size-big-small,small,45,3
multilingual,logit,es-size-big-small,español,52,65894
multilingual,logit,es-size-big-small,size,52,2636
multilingual,logit,es-size-big-small,big,52,28145
multilingual,logit,es-size-big-small,small,52,3
multilingual,jlens_16p,es-size-big-small,español,8,33163
multilingual,jlens_16p,es-size-big-small,size,8,63336
multilingual,jlens_16p,es-size-big-small,big,8,122431
multilingual,jlens_16p,es-size-big-small,small,8,205735
multilingual,jlens_16p,es-size-big-small,español,15,180658
multilingual,jlens_16p,es-size-big-small,size,15,92953
multilingual,jlens_16p,es-size-big-small,big,15,31091
multilingual,jlens_16p,es-size-big-small,small,15,6081
multilingual,jlens_16p,es-size-big-small,español,22,179195
multilingual,jlens_16p,es-size-big-small,size,22,92297
multilingual,jlens_16p,es-size-big-small,big,22,30705
multilingual,jlens_16p,es-size-big-small,small,22,5957
multilingual,jlens_16p,es-size-big-small,español,30,150045
multilingual,jlens_16p,es-size-big-small,size,30,135435
multilingual,jlens_16p,es-size-big-small,big,30,56408
multilingual,jlens_16p,es-size-big-small,small,30,51468
multilingual,jlens_16p,es-size-big-small,español,38,108722
multilingual,jlens_16p,es-size-big-small,size,38,95408
multilingual,jlens_16p,es-size-big-small,big,38,16351
multilingual,jlens_16p,es-size-big-small,small,38,63261
multilingual,jlens_16p,es-size-big-small,español,45,50606
multilingual,jlens_16p,es-size-big-small,size,45,7133
multilingual,jlens_16p,es-size-big-small,big,45,27415
multilingual,jlens_16p,es-size-big-small,small,45,8
multilingual,jlens_16p,es-size-big-small,español,52,89138
multilingual,jlens_16p,es-size-big-small,size,52,3162
multilingual,jlens_16p,es-size-big-small,big,52,3510
multilingual,jlens_16p,es-size-big-small,small,52,1
multilingual,rlens_16p,es-size-big-small,español,8,185609
multilingual,rlens_16p,es-size-big-small,size,8,200124
multilingual,rlens_16p,es-size-big-small,big,8,10060
multilingual,rlens_16p,es-size-big-small,small,8,40234
multilingual,rlens_16p,es-size-big-small,español,15,96674
multilingual,rlens_16p,es-size-big-small,size,15,171113
multilingual,rlens_16p,es-size-big-small,big,15,7910
multilingual,rlens_16p,es-size-big-small,small,15,23079
multilingual,rlens_16p,es-size-big-small,español,22,40395
multilingual,rlens_16p,es-size-big-small,size,22,145327
multilingual,rlens_16p,es-size-big-small,big,22,11036
multilingual,rlens_16p,es-size-big-small,small,22,5394
multilingual,rlens_16p,es-size-big-small,español,30,14331
multilingual,rlens_16p,es-size-big-small,size,30,61620
multilingual,rlens_16p,es-size-big-small,big,30,3998
multilingual,rlens_16p,es-size-big-small,small,30,10480
multilingual,rlens_16p,es-size-big-small,español,38,10666
multilingual,rlens_16p,es-size-big-small,size,38,36139
multilingual,rlens_16p,es-size-big-small,big,38,879
multilingual,rlens_16p,es-size-big-small,small,38,1713
multilingual,rlens_16p,es-size-big-small,español,45,6134
multilingual,rlens_16p,es-size-big-small,size,45,385
multilingual,rlens_16p,es-size-big-small,big,45,684
multilingual,rlens_16p,es-size-big-small,small,45,6
multilingual,rlens_16p,es-size-big-small,español,52,3382
multilingual,rlens_16p,es-size-big-small,size,52,426
multilingual,rlens_16p,es-size-big-small,big,52,972
multilingual,rlens_16p,es-size-big-small,small,52,1
multilingual,rlens_64p,es-size-big-small,español,8,174217
multilingual,rlens_64p,es-size-big-small,size,8,197367
multilingual,rlens_64p,es-size-big-small,big,8,8681
multilingual,rlens_64p,es-size-big-small,small,8,64356
multilingual,rlens_64p,es-size-big-small,español,15,90305
multilingual,rlens_64p,es-size-big-small,size,15,175204
multilingual,rlens_64p,es-size-big-small,big,15,6790
multilingual,rlens_64p,es-size-big-small,small,15,26971
multilingual,rlens_64p,es-size-big-small,español,22,28344
multilingual,rlens_64p,es-size-big-small,size,22,154242
multilingual,rlens_64p,es-size-big-small,big,22,6714
multilingual,rlens_64p,es-size-big-small,small,22,4978
multilingual,rlens_64p,es-size-big-small,español,30,11518
multilingual,rlens_64p,es-size-big-small,size,30,80354
multilingual,rlens_64p,es-size-big-small,big,30,6728
multilingual,rlens_64p,es-size-big-small,small,30,10438
multilingual,rlens_64p,es-size-big-small,español,38,6361
multilingual,rlens_64p,es-size-big-small,size,38,41303
multilingual,rlens_64p,es-size-big-small,big,38,1420
multilingual,rlens_64p,es-size-big-small,small,38,1500
multilingual,rlens_64p,es-size-big-small,español,45,6509
multilingual,rlens_64p,es-size-big-small,size,45,442
multilingual,rlens_64p,es-size-big-small,big,45,685
multilingual,rlens_64p,es-size-big-small,small,45,6
multilingual,rlens_64p,es-size-big-small,español,52,4201
multilingual,rlens_64p,es-size-big-small,size,52,441
multilingual,rlens_64p,es-size-big-small,big,52,670
multilingual,rlens_64p,es-size-big-small,small,52,1
multilingual,jpp_64p,es-size-big-small,español,8,188519
multilingual,jpp_64p,es-size-big-small,size,8,170736
multilingual,jpp_64p,es-size-big-small,big,8,4006
multilingual,jpp_64p,es-size-big-small,small,8,38195
multilingual,jpp_64p,es-size-big-small,español,15,95984
multilingual,jpp_64p,es-size-big-small,size,15,95519
multilingual,jpp_64p,es-size-big-small,big,15,30043
multilingual,jpp_64p,es-size-big-small,small,15,35059
multilingual,jpp_64p,es-size-big-small,español,22,45703
multilingual,jpp_64p,es-size-big-small,size,22,65946
multilingual,jpp_64p,es-size-big-small,big,22,18822
multilingual,jpp_64p,es-size-big-small,small,22,12781
multilingual,jpp_64p,es-size-big-small,español,30,4587
multilingual,jpp_64p,es-size-big-small,size,30,55185
multilingual,jpp_64p,es-size-big-small,big,30,7258
multilingual,jpp_64p,es-size-big-small,small,30,8735
multilingual,jpp_64p,es-size-big-small,español,38,4258
multilingual,jpp_64p,es-size-big-small,size,38,97052
multilingual,jpp_64p,es-size-big-small,big,38,6036
multilingual,jpp_64p,es-size-big-small,small,38,1230
multilingual,jpp_64p,es-size-big-small,español,45,8104
multilingual,jpp_64p,es-size-big-small,size,45,161
multilingual,jpp_64p,es-size-big-small,big,45,241
multilingual,jpp_64p,es-size-big-small,small,45,4
multilingual,jpp_64p,es-size-big-small,español,52,9179
multilingual,jpp_64p,es-size-big-small,size,52,178
multilingual,jpp_64p,es-size-big-small,big,52,816
multilingual,jpp_64p,es-size-big-small,small,52,1
multilingual,logit,pt-size-big-small,português,8,206558
multilingual,logit,pt-size-big-small,size,8,134360
multilingual,logit,pt-size-big-small,big,8,71853
multilingual,logit,pt-size-big-small,small,8,100259
multilingual,logit,pt-size-big-small,português,15,213229
multilingual,logit,pt-size-big-small,size,15,111735
multilingual,logit,pt-size-big-small,big,15,44977
multilingual,logit,pt-size-big-small,small,15,57578
multilingual,logit,pt-size-big-small,português,22,88500
multilingual,logit,pt-size-big-small,size,22,84014
multilingual,logit,pt-size-big-small,big,22,85461
multilingual,logit,pt-size-big-small,small,22,36026
multilingual,logit,pt-size-big-small,português,30,118588
multilingual,logit,pt-size-big-small,size,30,18456
multilingual,logit,pt-size-big-small,big,30,12647
multilingual,logit,pt-size-big-small,small,30,6802
multilingual,logit,pt-size-big-small,português,38,70819
multilingual,logit,pt-size-big-small,size,38,2830
multilingual,logit,pt-size-big-small,big,38,24232
multilingual,logit,pt-size-big-small,small,38,2489
multilingual,logit,pt-size-big-small,português,45,63280
multilingual,logit,pt-size-big-small,size,45,60
multilingual,logit,pt-size-big-small,big,45,1426
multilingual,logit,pt-size-big-small,small,45,1
multilingual,logit,pt-size-big-small,português,52,55859
multilingual,logit,pt-size-big-small,size,52,2210
multilingual,logit,pt-size-big-small,big,52,11075
multilingual,logit,pt-size-big-small,small,52,1
multilingual,jlens_16p,pt-size-big-small,português,8,133537
multilingual,jlens_16p,pt-size-big-small,size,8,63474
multilingual,jlens_16p,pt-size-big-small,big,8,121779
multilingual,jlens_16p,pt-size-big-small,small,8,205843
multilingual,jlens_16p,pt-size-big-small,português,15,119823
multilingual,jlens_16p,pt-size-big-small,size,15,93068
multilingual,jlens_16p,pt-size-big-small,big,15,30996
multilingual,jlens_16p,pt-size-big-small,small,15,6049
multilingual,jlens_16p,pt-size-big-small,português,22,119875
multilingual,jlens_16p,pt-size-big-small,size,22,92986
multilingual,jlens_16p,pt-size-big-small,big,22,30818
multilingual,jlens_16p,pt-size-big-small,small,22,5972
multilingual,jlens_16p,pt-size-big-small,português,30,89078
multilingual,jlens_16p,pt-size-big-small,size,30,163521
multilingual,jlens_16p,pt-size-big-small,big,30,44576
multilingual,jlens_16p,pt-size-big-small,small,30,32773
multilingual,jlens_16p,pt-size-big-small,português,38,85590
multilingual,jlens_16p,pt-size-big-small,size,38,81465
multilingual,jlens_16p,pt-size-big-small,big,38,28404
multilingual,jlens_16p,pt-size-big-small,small,38,57013
multilingual,jlens_16p,pt-size-big-small,português,45,158838
multilingual,jlens_16p,pt-size-big-small,size,45,12915
multilingual,jlens_16p,pt-size-big-small,big,45,27882
multilingual,jlens_16p,pt-size-big-small,small,45,6
multilingual,jlens_16p,pt-size-big-small,português,52,119980
multilingual,jlens_16p,pt-size-big-small,size,52,5025
multilingual,jlens_16p,pt-size-big-small,big,52,1903
multilingual,jlens_16p,pt-size-big-small,small,52,1
multilingual,rlens_16p,pt-size-big-small,português,8,63858
multilingual,rlens_16p,pt-size-big-small,size,8,193994
multilingual,rlens_16p,pt-size-big-small,big,8,14537
multilingual,rlens_16p,pt-size-big-small,small,8,28303
multilingual,rlens_16p,pt-size-big-small,português,15,11737
multilingual,rlens_16p,pt-size-big-small,size,15,150738
multilingual,rlens_16p,pt-size-big-small,big,15,11503
multilingual,rlens_16p,pt-size-big-small,small,15,17274
multilingual,rlens_16p,pt-size-big-small,português,22,1776
multilingual,rlens_16p,pt-size-big-small,size,22,111858
multilingual,rlens_16p,pt-size-big-small,big,22,10958
multilingual,rlens_16p,pt-size-big-small,small,22,2239
multilingual,rlens_16p,pt-size-big-small,português,30,10198
multilingual,rlens_16p,pt-size-big-small,size,30,129544
multilingual,rlens_16p,pt-size-big-small,big,30,8890
multilingual,rlens_16p,pt-size-big-small,small,30,43635
multilingual,rlens_16p,pt-size-big-small,português,38,6523
multilingual,rlens_16p,pt-size-big-small,size,38,41566
multilingual,rlens_16p,pt-size-big-small,big,38,6228
multilingual,rlens_16p,pt-size-big-small,small,38,9027
multilingual,rlens_16p,pt-size-big-small,português,45,74019
multilingual,rlens_16p,pt-size-big-small,size,45,614
multilingual,rlens_16p,pt-size-big-small,big,45,753
multilingual,rlens_16p,pt-size-big-small,small,45,4
multilingual,rlens_16p,pt-size-big-small,português,52,67741
multilingual,rlens_16p,pt-size-big-small,size,52,912
multilingual,rlens_16p,pt-size-big-small,big,52,1126
multilingual,rlens_16p,pt-size-big-small,small,52,1
multilingual,rlens_64p,pt-size-big-small,português,8,68652
multilingual,rlens_64p,pt-size-big-small,size,8,188466
multilingual,rlens_64p,pt-size-big-small,big,8,12120
multilingual,rlens_64p,pt-size-big-small,small,8,48790
multilingual,rlens_64p,pt-size-big-small,português,15,9703
multilingual,rlens_64p,pt-size-big-small,size,15,157335
multilingual,rlens_64p,pt-size-big-small,big,15,10770
multilingual,rlens_64p,pt-size-big-small,small,15,19318
multilingual,rlens_64p,pt-size-big-small,português,22,1213
multilingual,rlens_64p,pt-size-big-small,size,22,119608
multilingual,rlens_64p,pt-size-big-small,big,22,7876
multilingual,rlens_64p,pt-size-big-small,small,22,1910
multilingual,rlens_64p,pt-size-big-small,português,30,7917
multilingual,rlens_64p,pt-size-big-small,size,30,150788
multilingual,rlens_64p,pt-size-big-small,big,30,19497
multilingual,rlens_64p,pt-size-big-small,small,30,46759
multilingual,rlens_64p,pt-size-big-small,português,38,5372
multilingual,rlens_64p,pt-size-big-small,size,38,58684
multilingual,rlens_64p,pt-size-big-small,big,38,20137
multilingual,rlens_64p,pt-size-big-small,small,38,19827
multilingual,rlens_64p,pt-size-big-small,português,45,66257
multilingual,rlens_64p,pt-size-big-small,size,45,698
multilingual,rlens_64p,pt-size-big-small,big,45,822
multilingual,rlens_64p,pt-size-big-small,small,45,3
multilingual,rlens_64p,pt-size-big-small,português,52,60539
multilingual,rlens_64p,pt-size-big-small,size,52,981
multilingual,rlens_64p,pt-size-big-small,big,52,981
multilingual,rlens_64p,pt-size-big-small,small,52,1
multilingual,jpp_64p,pt-size-big-small,português,8,103478
multilingual,jpp_64p,pt-size-big-small,size,8,144464
multilingual,jpp_64p,pt-size-big-small,big,8,5590
multilingual,jpp_64p,pt-size-big-small,small,8,20675
multilingual,jpp_64p,pt-size-big-small,português,15,13859
multilingual,jpp_64p,pt-size-big-small,size,15,104595
multilingual,jpp_64p,pt-size-big-small,big,15,35372
multilingual,jpp_64p,pt-size-big-small,small,15,24130
multilingual,jpp_64p,pt-size-big-small,português,22,1896
multilingual,jpp_64p,pt-size-big-small,size,22,50687
multilingual,jpp_64p,pt-size-big-small,big,22,18985
multilingual,jpp_64p,pt-size-big-small,small,22,6730
multilingual,jpp_64p,pt-size-big-small,português,30,11706
multilingual,jpp_64p,pt-size-big-small,size,30,105144
multilingual,jpp_64p,pt-size-big-small,big,30,22583
multilingual,jpp_64p,pt-size-big-small,small,30,20557
multilingual,jpp_64p,pt-size-big-small,português,38,2417
multilingual,jpp_64p,pt-size-big-small,size,38,24265
multilingual,jpp_64p,pt-size-big-small,big,38,13391
multilingual,jpp_64p,pt-size-big-small,small,38,3844
multilingual,jpp_64p,pt-size-big-small,português,45,30927
multilingual,jpp_64p,pt-size-big-small,size,45,124
multilingual,jpp_64p,pt-size-big-small,big,45,300
multilingual,jpp_64p,pt-size-big-small,small,45,5
multilingual,jpp_64p,pt-size-big-small,português,52,86858
multilingual,jpp_64p,pt-size-big-small,size,52,300
multilingual,jpp_64p,pt-size-big-small,big,52,1112
multilingual,jpp_64p,pt-size-big-small,small,52,1
multilingual,logit,fr-place-up-down,French,8,103814
multilingual,logit,fr-place-up-down,place,8,42101
multilingual,logit,fr-place-up-down,up,8,1
multilingual,logit,fr-place-up-down,down,8,98563
multilingual,logit,fr-place-up-down,French,15,60092
multilingual,logit,fr-place-up-down,place,15,52677
multilingual,logit,fr-place-up-down,up,15,354
multilingual,logit,fr-place-up-down,down,15,184367
multilingual,logit,fr-place-up-down,French,22,38455
multilingual,logit,fr-place-up-down,place,22,32584
multilingual,logit,fr-place-up-down,up,22,4988
multilingual,logit,fr-place-up-down,down,22,157557
multilingual,logit,fr-place-up-down,French,30,2604
multilingual,logit,fr-place-up-down,place,30,29036
multilingual,logit,fr-place-up-down,up,30,857
multilingual,logit,fr-place-up-down,down,30,22098
multilingual,logit,fr-place-up-down,French,38,12423
multilingual,logit,fr-place-up-down,place,38,46608
multilingual,logit,fr-place-up-down,up,38,12324
multilingual,logit,fr-place-up-down,down,38,13388
multilingual,logit,fr-place-up-down,French,45,13761
multilingual,logit,fr-place-up-down,place,45,20099
multilingual,logit,fr-place-up-down,up,45,25
multilingual,logit,fr-place-up-down,down,45,103
multilingual,logit,fr-place-up-down,French,52,115782
multilingual,logit,fr-place-up-down,place,52,57100
multilingual,logit,fr-place-up-down,up,52,335
multilingual,logit,fr-place-up-down,down,52,27
multilingual,jlens_16p,fr-place-up-down,French,8,78173
multilingual,jlens_16p,fr-place-up-down,place,8,16193
multilingual,jlens_16p,fr-place-up-down,up,8,97828
multilingual,jlens_16p,fr-place-up-down,down,8,137210
multilingual,jlens_16p,fr-place-up-down,French,15,77790
multilingual,jlens_16p,fr-place-up-down,place,15,150846
multilingual,jlens_16p,fr-place-up-down,up,15,30266
multilingual,jlens_16p,fr-place-up-down,down,15,56981
multilingual,jlens_16p,fr-place-up-down,French,22,75788
multilingual,jlens_16p,fr-place-up-down,place,22,148785
multilingual,jlens_16p,fr-place-up-down,up,22,29858
multilingual,jlens_16p,fr-place-up-down,down,22,54099
multilingual,jlens_16p,fr-place-up-down,French,30,147591
multilingual,jlens_16p,fr-place-up-down,place,30,44033
multilingual,jlens_16p,fr-place-up-down,up,30,2
multilingual,jlens_16p,fr-place-up-down,down,30,104545
multilingual,jlens_16p,fr-place-up-down,French,38,161371
multilingual,jlens_16p,fr-place-up-down,place,38,65276
multilingual,jlens_16p,fr-place-up-down,up,38,3
multilingual,jlens_16p,fr-place-up-down,down,38,60434
multilingual,jlens_16p,fr-place-up-down,French,45,151897
multilingual,jlens_16p,fr-place-up-down,place,45,97326
multilingual,jlens_16p,fr-place-up-down,up,45,1
multilingual,jlens_16p,fr-place-up-down,down,45,8556
multilingual,jlens_16p,fr-place-up-down,French,52,10791
multilingual,jlens_16p,fr-place-up-down,place,52,96495
multilingual,jlens_16p,fr-place-up-down,up,52,297
multilingual,jlens_16p,fr-place-up-down,down,52,41
multilingual,rlens_16p,fr-place-up-down,French,8,208950
multilingual,rlens_16p,fr-place-up-down,place,8,44424
multilingual,rlens_16p,fr-place-up-down,up,8,2
multilingual,rlens_16p,fr-place-up-down,down,8,162499
multilingual,rlens_16p,fr-place-up-down,French,15,163680
multilingual,rlens_16p,fr-place-up-down,place,15,28246
multilingual,rlens_16p,fr-place-up-down,up,15,3
multilingual,rlens_16p,fr-place-up-down,down,15,153801
multilingual,rlens_16p,fr-place-up-down,French,22,130663
multilingual,rlens_16p,fr-place-up-down,place,22,11229
multilingual,rlens_16p,fr-place-up-down,up,22,6
multilingual,rlens_16p,fr-place-up-down,down,22,179933
multilingual,rlens_16p,fr-place-up-down,French,30,19539
multilingual,rlens_16p,fr-place-up-down,place,30,17448
multilingual,rlens_16p,fr-place-up-down,up,30,1
multilingual,rlens_16p,fr-place-up-down,down,30,96846
multilingual,rlens_16p,fr-place-up-down,French,38,47425
multilingual,rlens_16p,fr-place-up-down,place,38,72051
multilingual,rlens_16p,fr-place-up-down,up,38,3
multilingual,rlens_16p,fr-place-up-down,down,38,5495
multilingual,rlens_16p,fr-place-up-down,French,45,48086
multilingual,rlens_16p,fr-place-up-down,place,45,16879
multilingual,rlens_16p,fr-place-up-down,up,45,70
multilingual,rlens_16p,fr-place-up-down,down,45,149
multilingual,rlens_16p,fr-place-up-down,French,52,7907
multilingual,rlens_16p,fr-place-up-down,place,52,5864
multilingual,rlens_16p,fr-place-up-down,up,52,446
multilingual,rlens_16p,fr-place-up-down,down,52,44
multilingual,rlens_64p,fr-place-up-down,French,8,208600
multilingual,rlens_64p,fr-place-up-down,place,8,53809
multilingual,rlens_64p,fr-place-up-down,up,8,3
multilingual,rlens_64p,fr-place-up-down,down,8,180677
multilingual,rlens_64p,fr-place-up-down,French,15,170533
multilingual,rlens_64p,fr-place-up-down,place,15,27643
multilingual,rlens_64p,fr-place-up-down,up,15,5
multilingual,rlens_64p,fr-place-up-down,down,15,189951
multilingual,rlens_64p,fr-place-up-down,French,22,114741
multilingual,rlens_64p,fr-place-up-down,place,22,12419
multilingual,rlens_64p,fr-place-up-down,up,22,3
multilingual,rlens_64p,fr-place-up-down,down,22,186242
multilingual,rlens_64p,fr-place-up-down,French,30,18259
multilingual,rlens_64p,fr-place-up-down,place,30,21401
multilingual,rlens_64p,fr-place-up-down,up,30,1
multilingual,rlens_64p,fr-place-up-down,down,30,107402
multilingual,rlens_64p,fr-place-up-down,French,38,43458
multilingual,rlens_64p,fr-place-up-down,place,38,95030
multilingual,rlens_64p,fr-place-up-down,up,38,3
multilingual,rlens_64p,fr-place-up-down,down,38,7084
multilingual,rlens_64p,fr-place-up-down,French,45,62656
multilingual,rlens_64p,fr-place-up-down,place,45,17730
multilingual,rlens_64p,fr-place-up-down,up,45,110
multilingual,rlens_64p,fr-place-up-down,down,45,224
multilingual,rlens_64p,fr-place-up-down,French,52,12697
multilingual,rlens_64p,fr-place-up-down,place,52,4890
multilingual,rlens_64p,fr-place-up-down,up,52,509
multilingual,rlens_64p,fr-place-up-down,down,52,48
multilingual,jpp_64p,fr-place-up-down,French,8,132453
multilingual,jpp_64p,fr-place-up-down,place,8,11834
multilingual,jpp_64p,fr-place-up-down,up,8,319
multilingual,jpp_64p,fr-place-up-down,down,8,55273
multilingual,jpp_64p,fr-place-up-down,French,15,133925
multilingual,jpp_64p,fr-place-up-down,place,15,25645
multilingual,jpp_64p,fr-place-up-down,up,15,1322
multilingual,jpp_64p,fr-place-up-down,down,15,136368
multilingual,jpp_64p,fr-place-up-down,French,22,88936
multilingual,jpp_64p,fr-place-up-down,place,22,9235
multilingual,jpp_64p,fr-place-up-down,up,22,213
multilingual,jpp_64p,fr-place-up-down,down,22,142523
multilingual,jpp_64p,fr-place-up-down,French,30,25939
multilingual,jpp_64p,fr-place-up-down,place,30,18395
multilingual,jpp_64p,fr-place-up-down,up,30,2
multilingual,jpp_64p,fr-place-up-down,down,30,62933
multilingual,jpp_64p,fr-place-up-down,French,38,4390
multilingual,jpp_64p,fr-place-up-down,place,38,39481
multilingual,jpp_64p,fr-place-up-down,up,38,22
multilingual,jpp_64p,fr-place-up-down,down,38,5294
multilingual,jpp_64p,fr-place-up-down,French,45,34172
multilingual,jpp_64p,fr-place-up-down,place,45,9467
multilingual,jpp_64p,fr-place-up-down,up,45,14714
multilingual,jpp_64p,fr-place-up-down,down,45,62
multilingual,jpp_64p,fr-place-up-down,French,52,13074
multilingual,jpp_64p,fr-place-up-down,place,52,3774
multilingual,jpp_64p,fr-place-up-down,up,52,3194
multilingual,jpp_64p,fr-place-up-down,down,52,46
multilingual,logit,de-place-up-down,German,8,4580
multilingual,logit,de-place-up-down,place,8,27355
multilingual,logit,de-place-up-down,up,8,233
multilingual,logit,de-place-up-down,down,8,127814
multilingual,logit,de-place-up-down,German,15,5219
multilingual,logit,de-place-up-down,place,15,35588
multilingual,logit,de-place-up-down,up,15,941
multilingual,logit,de-place-up-down,down,15,203554
multilingual,logit,de-place-up-down,German,22,12880
multilingual,logit,de-place-up-down,place,22,28496
multilingual,logit,de-place-up-down,up,22,12273
multilingual,logit,de-place-up-down,down,22,189529
multilingual,logit,de-place-up-down,German,30,29201
multilingual,logit,de-place-up-down,place,30,32916
multilingual,logit,de-place-up-down,up,30,2077
multilingual,logit,de-place-up-down,down,30,10161
multilingual,logit,de-place-up-down,German,38,15390
multilingual,logit,de-place-up-down,place,38,75961
multilingual,logit,de-place-up-down,up,38,13541
multilingual,logit,de-place-up-down,down,38,7092
multilingual,logit,de-place-up-down,German,45,5908
multilingual,logit,de-place-up-down,place,45,6638
multilingual,logit,de-place-up-down,up,45,3
multilingual,logit,de-place-up-down,down,45,17
multilingual,logit,de-place-up-down,German,52,116102
multilingual,logit,de-place-up-down,place,52,102384
multilingual,logit,de-place-up-down,up,52,5634
multilingual,logit,de-place-up-down,down,52,33
multilingual,jlens_16p,de-place-up-down,German,8,17941
multilingual,jlens_16p,de-place-up-down,place,8,16564
multilingual,jlens_16p,de-place-up-down,up,8,99095
multilingual,jlens_16p,de-place-up-down,down,8,137044
multilingual,jlens_16p,de-place-up-down,German,15,92600
multilingual,jlens_16p,de-place-up-down,place,15,151547
multilingual,jlens_16p,de-place-up-down,up,15,30164
multilingual,jlens_16p,de-place-up-down,down,15,56571
multilingual,jlens_16p,de-place-up-down,German,22,89274
multilingual,jlens_16p,de-place-up-down,place,22,148031
multilingual,jlens_16p,de-place-up-down,up,22,29374
multilingual,jlens_16p,de-place-up-down,down,22,52929
multilingual,jlens_16p,de-place-up-down,German,30,132930
multilingual,jlens_16p,de-place-up-down,place,30,35289
multilingual,jlens_16p,de-place-up-down,up,30,4
multilingual,jlens_16p,de-place-up-down,down,30,68890
multilingual,jlens_16p,de-place-up-down,German,38,103381
multilingual,jlens_16p,de-place-up-down,place,38,71278
multilingual,jlens_16p,de-place-up-down,up,38,2
multilingual,jlens_16p,de-place-up-down,down,38,117010
multilingual,jlens_16p,de-place-up-down,German,45,140775
multilingual,jlens_16p,de-place-up-down,place,45,51184
multilingual,jlens_16p,de-place-up-down,up,45,9
multilingual,jlens_16p,de-place-up-down,down,45,12752
multilingual,jlens_16p,de-place-up-down,German,52,109721
multilingual,jlens_16p,de-place-up-down,place,52,62175
multilingual,jlens_16p,de-place-up-down,up,52,1212
multilingual,jlens_16p,de-place-up-down,down,52,54
multilingual,rlens_16p,de-place-up-down,German,8,14526
multilingual,rlens_16p,de-place-up-down,place,8,71198
multilingual,rlens_16p,de-place-up-down,up,8,4
multilingual,rlens_16p,de-place-up-down,down,8,154209
multilingual,rlens_16p,de-place-up-down,German,15,10178
multilingual,rlens_16p,de-place-up-down,place,15,47495
multilingual,rlens_16p,de-place-up-down,up,15,8
multilingual,rlens_16p,de-place-up-down,down,15,135926
multilingual,rlens_16p,de-place-up-down,German,22,14848
multilingual,rlens_16p,de-place-up-down,place,22,18678
multilingual,rlens_16p,de-place-up-down,up,22,18
multilingual,rlens_16p,de-place-up-down,down,22,128702
multilingual,rlens_16p,de-place-up-down,German,30,37232
multilingual,rlens_16p,de-place-up-down,place,30,31396
multilingual,rlens_16p,de-place-up-down,up,30,1
multilingual,rlens_16p,de-place-up-down,down,30,85852
multilingual,rlens_16p,de-place-up-down,German,38,52351
multilingual,rlens_16p,de-place-up-down,place,38,77776
multilingual,rlens_16p,de-place-up-down,up,38,17
multilingual,rlens_16p,de-place-up-down,down,38,24285
multilingual,rlens_16p,de-place-up-down,German,45,103711
multilingual,rlens_16p,de-place-up-down,place,45,4325
multilingual,rlens_16p,de-place-up-down,up,45,121
multilingual,rlens_16p,de-place-up-down,down,45,137
multilingual,rlens_16p,de-place-up-down,German,52,132282
multilingual,rlens_16p,de-place-up-down,place,52,28443
multilingual,rlens_16p,de-place-up-down,up,52,5103
multilingual,rlens_16p,de-place-up-down,down,52,69
multilingual,rlens_64p,de-place-up-down,German,8,15060
multilingual,rlens_64p,de-place-up-down,place,8,80213
multilingual,rlens_64p,de-place-up-down,up,8,5
multilingual,rlens_64p,de-place-up-down,down,8,171918
multilingual,rlens_64p,de-place-up-down,German,15,11049
multilingual,rlens_64p,de-place-up-down,place,15,50077
multilingual,rlens_64p,de-place-up-down,up,15,10
multilingual,rlens_64p,de-place-up-down,down,15,174681
multilingual,rlens_64p,de-place-up-down,German,22,11436
multilingual,rlens_64p,de-place-up-down,place,22,28038
multilingual,rlens_64p,de-place-up-down,up,22,9
multilingual,rlens_64p,de-place-up-down,down,22,168405
multilingual,rlens_64p,de-place-up-down,German,30,29998
multilingual,rlens_64p,de-place-up-down,place,30,35675
multilingual,rlens_64p,de-place-up-down,up,30,1
multilingual,rlens_64p,de-place-up-down,down,30,89657
multilingual,rlens_64p,de-place-up-down,German,38,56655
multilingual,rlens_64p,de-place-up-down,place,38,87646
multilingual,rlens_64p,de-place-up-down,up,38,37
multilingual,rlens_64p,de-place-up-down,down,38,29731
multilingual,rlens_64p,de-place-up-down,German,45,103956
multilingual,rlens_64p,de-place-up-down,place,45,5672
multilingual,rlens_64p,de-place-up-down,up,45,196
multilingual,rlens_64p,de-place-up-down,down,45,207
multilingual,rlens_64p,de-place-up-down,German,52,128199
multilingual,rlens_64p,de-place-up-down,place,52,29632
multilingual,rlens_64p,de-place-up-down,up,52,6038
multilingual,rlens_64p,de-place-up-down,down,52,73
multilingual,jpp_64p,de-place-up-down,German,8,13486
multilingual,jpp_64p,de-place-up-down,place,8,16587
multilingual,jpp_64p,de-place-up-down,up,8,75
multilingual,jpp_64p,de-place-up-down,down,8,47327
multilingual,jpp_64p,de-place-up-down,German,15,3357
multilingual,jpp_64p,de-place-up-down,place,15,36675
multilingual,jpp_64p,de-place-up-down,up,15,486
multilingual,jpp_64p,de-place-up-down,down,15,119629
multilingual,jpp_64p,de-place-up-down,German,22,5863
multilingual,jpp_64p,de-place-up-down,place,22,9050
multilingual,jpp_64p,de-place-up-down,up,22,225
multilingual,jpp_64p,de-place-up-down,down,22,113416
multilingual,jpp_64p,de-place-up-down,German,30,20497
multilingual,jpp_64p,de-place-up-down,place,30,12677
multilingual,jpp_64p,de-place-up-down,up,30,44
multilingual,jpp_64p,de-place-up-down,down,30,37576
multilingual,jpp_64p,de-place-up-down,German,38,2371
multilingual,jpp_64p,de-place-up-down,place,38,21186
multilingual,jpp_64p,de-place-up-down,up,38,157
multilingual,jpp_64p,de-place-up-down,down,38,5673
multilingual,jpp_64p,de-place-up-down,German,45,61530
multilingual,jpp_64p,de-place-up-down,place,45,1212
multilingual,jpp_64p,de-place-up-down,up,45,5253
multilingual,jpp_64p,de-place-up-down,down,45,26
multilingual,jpp_64p,de-place-up-down,German,52,125031
multilingual,jpp_64p,de-place-up-down,place,52,10904
multilingual,jpp_64p,de-place-up-down,up,52,10756
multilingual,jpp_64p,de-place-up-down,down,52,57
multilingual,logit,es-place-up-down,español,8,114492
multilingual,logit,es-place-up-down,place,8,24253
multilingual,logit,es-place-up-down,up,8,210
multilingual,logit,es-place-up-down,down,8,158924
multilingual,logit,es-place-up-down,español,15,125684
multilingual,logit,es-place-up-down,place,15,20109
multilingual,logit,es-place-up-down,up,15,1860
multilingual,logit,es-place-up-down,down,15,191511
multilingual,logit,es-place-up-down,español,22,42248
multilingual,logit,es-place-up-down,place,22,19159
multilingual,logit,es-place-up-down,up,22,8499
multilingual,logit,es-place-up-down,down,22,161396
multilingual,logit,es-place-up-down,español,30,48425
multilingual,logit,es-place-up-down,place,30,26603
multilingual,logit,es-place-up-down,up,30,468
multilingual,logit,es-place-up-down,down,30,11815
multilingual,logit,es-place-up-down,español,38,70861
multilingual,logit,es-place-up-down,place,38,20570
multilingual,logit,es-place-up-down,up,38,1929
multilingual,logit,es-place-up-down,down,38,1938
multilingual,logit,es-place-up-down,español,45,59327
multilingual,logit,es-place-up-down,place,45,4801
multilingual,logit,es-place-up-down,up,45,2
multilingual,logit,es-place-up-down,down,45,9
multilingual,logit,es-place-up-down,español,52,48366
multilingual,logit,es-place-up-down,place,52,127821
multilingual,logit,es-place-up-down,up,52,175
multilingual,logit,es-place-up-down,down,52,7
multilingual,jlens_16p,es-place-up-down,español,8,33175
multilingual,jlens_16p,es-place-up-down,place,8,16570
multilingual,jlens_16p,es-place-up-down,up,8,99080
multilingual,jlens_16p,es-place-up-down,down,8,137038
multilingual,jlens_16p,es-place-up-down,español,15,180421
multilingual,jlens_16p,es-place-up-down,place,15,151392
multilingual,jlens_16p,es-place-up-down,up,15,30145
multilingual,jlens_16p,es-place-up-down,down,15,56704
multilingual,jlens_16p,es-place-up-down,español,22,179997
multilingual,jlens_16p,es-place-up-down,place,22,149241
multilingual,jlens_16p,es-place-up-down,up,22,30036
multilingual,jlens_16p,es-place-up-down,down,22,54616
multilingual,jlens_16p,es-place-up-down,español,30,160950
multilingual,jlens_16p,es-place-up-down,place,30,37726
multilingual,jlens_16p,es-place-up-down,up,30,4
multilingual,jlens_16p,es-place-up-down,down,30,80680
multilingual,jlens_16p,es-place-up-down,español,38,150225
multilingual,jlens_16p,es-place-up-down,place,38,90959
multilingual,jlens_16p,es-place-up-down,up,38,2
multilingual,jlens_16p,es-place-up-down,down,38,100976
multilingual,jlens_16p,es-place-up-down,español,45,50370
multilingual,jlens_16p,es-place-up-down,place,45,30745
multilingual,jlens_16p,es-place-up-down,up,45,3
multilingual,jlens_16p,es-place-up-down,down,45,1855
multilingual,jlens_16p,es-place-up-down,español,52,105562
multilingual,jlens_16p,es-place-up-down,place,52,52646
multilingual,jlens_16p,es-place-up-down,up,52,322
multilingual,jlens_16p,es-place-up-down,down,52,13
multilingual,rlens_16p,es-place-up-down,español,8,175048
multilingual,rlens_16p,es-place-up-down,place,8,51631
multilingual,rlens_16p,es-place-up-down,up,8,3
multilingual,rlens_16p,es-place-up-down,down,8,156332
multilingual,rlens_16p,es-place-up-down,español,15,83377
multilingual,rlens_16p,es-place-up-down,place,15,30947
multilingual,rlens_16p,es-place-up-down,up,15,2
multilingual,rlens_16p,es-place-up-down,down,15,151953
multilingual,rlens_16p,es-place-up-down,español,22,37661
multilingual,rlens_16p,es-place-up-down,place,22,20178
multilingual,rlens_16p,es-place-up-down,up,22,5
multilingual,rlens_16p,es-place-up-down,down,22,155724
multilingual,rlens_16p,es-place-up-down,español,30,6386
multilingual,rlens_16p,es-place-up-down,place,30,19745
multilingual,rlens_16p,es-place-up-down,up,30,1
multilingual,rlens_16p,es-place-up-down,down,30,73309
multilingual,rlens_16p,es-place-up-down,español,38,10630
multilingual,rlens_16p,es-place-up-down,place,38,57160
multilingual,rlens_16p,es-place-up-down,up,38,4
multilingual,rlens_16p,es-place-up-down,down,38,8573
multilingual,rlens_16p,es-place-up-down,español,45,8380
multilingual,rlens_16p,es-place-up-down,place,45,1087
multilingual,rlens_16p,es-place-up-down,up,45,35
multilingual,rlens_16p,es-place-up-down,down,45,38
multilingual,rlens_16p,es-place-up-down,español,52,6681
multilingual,rlens_16p,es-place-up-down,place,52,2687
multilingual,rlens_16p,es-place-up-down,up,52,2451
multilingual,rlens_16p,es-place-up-down,down,52,21
multilingual,rlens_64p,es-place-up-down,español,8,163278
multilingual,rlens_64p,es-place-up-down,place,8,60452
multilingual,rlens_64p,es-place-up-down,up,8,4
multilingual,rlens_64p,es-place-up-down,down,8,172920
multilingual,rlens_64p,es-place-up-down,español,15,76834
multilingual,rlens_64p,es-place-up-down,place,15,30436
multilingual,rlens_64p,es-place-up-down,up,15,5
multilingual,rlens_64p,es-place-up-down,down,15,184904
multilingual,rlens_64p,es-place-up-down,español,22,24795
multilingual,rlens_64p,es-place-up-down,place,22,20649
multilingual,rlens_64p,es-place-up-down,up,22,2
multilingual,rlens_64p,es-place-up-down,down,22,187445
multilingual,rlens_64p,es-place-up-down,español,30,4949
multilingual,rlens_64p,es-place-up-down,place,30,21100
multilingual,rlens_64p,es-place-up-down,up,30,1
multilingual,rlens_64p,es-place-up-down,down,30,87761
multilingual,rlens_64p,es-place-up-down,español,38,6971
multilingual,rlens_64p,es-place-up-down,place,38,85159
multilingual,rlens_64p,es-place-up-down,up,38,4
multilingual,rlens_64p,es-place-up-down,down,38,12590
multilingual,rlens_64p,es-place-up-down,español,45,8776
multilingual,rlens_64p,es-place-up-down,place,45,1380
multilingual,rlens_64p,es-place-up-down,up,45,60
multilingual,rlens_64p,es-place-up-down,down,45,56
multilingual,rlens_64p,es-place-up-down,español,52,7297
multilingual,rlens_64p,es-place-up-down,place,52,2773
multilingual,rlens_64p,es-place-up-down,up,52,2444
multilingual,rlens_64p,es-place-up-down,down,52,22
multilingual,jpp_64p,es-place-up-down,español,8,185296
multilingual,jpp_64p,es-place-up-down,place,8,9348
multilingual,jpp_64p,es-place-up-down,up,8,145
multilingual,jpp_64p,es-place-up-down,down,8,72940
multilingual,jpp_64p,es-place-up-down,español,15,87221
multilingual,jpp_64p,es-place-up-down,place,15,21108
multilingual,jpp_64p,es-place-up-down,up,15,755
multilingual,jpp_64p,es-place-up-down,down,15,142827
multilingual,jpp_64p,es-place-up-down,español,22,40556
multilingual,jpp_64p,es-place-up-down,place,22,4959
multilingual,jpp_64p,es-place-up-down,up,22,214
multilingual,jpp_64p,es-place-up-down,down,22,137991
multilingual,jpp_64p,es-place-up-down,español,30,1912
multilingual,jpp_64p,es-place-up-down,place,30,12821
multilingual,jpp_64p,es-place-up-down,up,30,3
multilingual,jpp_64p,es-place-up-down,down,30,42207
multilingual,jpp_64p,es-place-up-down,español,38,4076
multilingual,jpp_64p,es-place-up-down,place,38,22911
multilingual,jpp_64p,es-place-up-down,up,38,66
multilingual,jpp_64p,es-place-up-down,down,38,4076
multilingual,jpp_64p,es-place-up-down,español,45,20162
multilingual,jpp_64p,es-place-up-down,place,45,647
multilingual,jpp_64p,es-place-up-down,up,45,734
multilingual,jpp_64p,es-place-up-down,down,45,10
multilingual,jpp_64p,es-place-up-down,español,52,12854
multilingual,jpp_64p,es-place-up-down,place,52,1432
multilingual,jpp_64p,es-place-up-down,up,52,7990
multilingual,jpp_64p,es-place-up-down,down,52,16
multilingual,logit,fr-place-near-far,French,8,116019
multilingual,logit,fr-place-near-far,place,8,35231
multilingual,logit,fr-place-near-far,near,8,121189
multilingual,logit,fr-place-near-far,far,8,46787
multilingual,logit,fr-place-near-far,French,15,64364
multilingual,logit,fr-place-near-far,place,15,43618
multilingual,logit,fr-place-near-far,near,15,111716
multilingual,logit,fr-place-near-far,far,15,88766
multilingual,logit,fr-place-near-far,French,22,34427
multilingual,logit,fr-place-near-far,place,22,21079
multilingual,logit,fr-place-near-far,near,22,119990
multilingual,logit,fr-place-near-far,far,22,126146
multilingual,logit,fr-place-near-far,French,30,3395
multilingual,logit,fr-place-near-far,place,30,11598
multilingual,logit,fr-place-near-far,near,30,2178
multilingual,logit,fr-place-near-far,far,30,20423
multilingual,logit,fr-place-near-far,French,38,4656
multilingual,logit,fr-place-near-far,place,38,32936
multilingual,logit,fr-place-near-far,near,38,3469
multilingual,logit,fr-place-near-far,far,38,17886
multilingual,logit,fr-place-near-far,French,45,11251
multilingual,logit,fr-place-near-far,place,45,7013
multilingual,logit,fr-place-near-far,near,45,3101
multilingual,logit,fr-place-near-far,far,45,13
multilingual,logit,fr-place-near-far,French,52,15478
multilingual,logit,fr-place-near-far,place,52,46739
multilingual,logit,fr-place-near-far,near,52,2464
multilingual,logit,fr-place-near-far,far,52,1
multilingual,jlens_16p,fr-place-near-far,French,8,78833
multilingual,jlens_16p,fr-place-near-far,place,8,16628
multilingual,jlens_16p,fr-place-near-far,near,8,79489
multilingual,jlens_16p,fr-place-near-far,far,8,39734
multilingual,jlens_16p,fr-place-near-far,French,15,77177
multilingual,jlens_16p,fr-place-near-far,place,15,151579
multilingual,jlens_16p,fr-place-near-far,near,15,96060
multilingual,jlens_16p,fr-place-near-far,far,15,85549
multilingual,jlens_16p,fr-place-near-far,French,22,75839
multilingual,jlens_16p,fr-place-near-far,place,22,149579
multilingual,jlens_16p,fr-place-near-far,near,22,94793
multilingual,jlens_16p,fr-place-near-far,far,22,85576
multilingual,jlens_16p,fr-place-near-far,French,30,139990
multilingual,jlens_16p,fr-place-near-far,place,30,49979
multilingual,jlens_16p,fr-place-near-far,near,30,198132
multilingual,jlens_16p,fr-place-near-far,far,30,16008
multilingual,jlens_16p,fr-place-near-far,French,38,143753
multilingual,jlens_16p,fr-place-near-far,place,38,80605
multilingual,jlens_16p,fr-place-near-far,near,38,164923
multilingual,jlens_16p,fr-place-near-far,far,38,5582
multilingual,jlens_16p,fr-place-near-far,French,45,157270
multilingual,jlens_16p,fr-place-near-far,place,45,61117
multilingual,jlens_16p,fr-place-near-far,near,45,30551
multilingual,jlens_16p,fr-place-near-far,far,45,12
multilingual,jlens_16p,fr-place-near-far,French,52,10253
multilingual,jlens_16p,fr-place-near-far,place,52,90121
multilingual,jlens_16p,fr-place-near-far,near,52,141
multilingual,jlens_16p,fr-place-near-far,far,52,1
multilingual,rlens_16p,fr-place-near-far,French,8,202536
multilingual,rlens_16p,fr-place-near-far,place,8,43128
multilingual,rlens_16p,fr-place-near-far,near,8,155525
multilingual,rlens_16p,fr-place-near-far,far,8,118367
multilingual,rlens_16p,fr-place-near-far,French,15,153826
multilingual,rlens_16p,fr-place-near-far,place,15,23282
multilingual,rlens_16p,fr-place-near-far,near,15,141710
multilingual,rlens_16p,fr-place-near-far,far,15,86508
multilingual,rlens_16p,fr-place-near-far,French,22,108840
multilingual,rlens_16p,fr-place-near-far,place,22,9572
multilingual,rlens_16p,fr-place-near-far,near,22,89680
multilingual,rlens_16p,fr-place-near-far,far,22,80173
multilingual,rlens_16p,fr-place-near-far,French,30,21963
multilingual,rlens_16p,fr-place-near-far,place,30,13048
multilingual,rlens_16p,fr-place-near-far,near,30,137472
multilingual,rlens_16p,fr-place-near-far,far,30,5483
multilingual,rlens_16p,fr-place-near-far,French,38,45395
multilingual,rlens_16p,fr-place-near-far,place,38,54721
multilingual,rlens_16p,fr-place-near-far,near,38,46129
multilingual,rlens_16p,fr-place-near-far,far,38,2856
multilingual,rlens_16p,fr-place-near-far,French,45,54237
multilingual,rlens_16p,fr-place-near-far,place,45,7853
multilingual,rlens_16p,fr-place-near-far,near,45,435
multilingual,rlens_16p,fr-place-near-far,far,45,7
multilingual,rlens_16p,fr-place-near-far,French,52,13371
multilingual,rlens_16p,fr-place-near-far,place,52,9732
multilingual,rlens_16p,fr-place-near-far,near,52,140
multilingual,rlens_16p,fr-place-near-far,far,52,2
multilingual,rlens_64p,fr-place-near-far,French,8,203459
multilingual,rlens_64p,fr-place-near-far,place,8,49655
multilingual,rlens_64p,fr-place-near-far,near,8,156046
multilingual,rlens_64p,fr-place-near-far,far,8,125019
multilingual,rlens_64p,fr-place-near-far,French,15,161004
multilingual,rlens_64p,fr-place-near-far,place,15,23541
multilingual,rlens_64p,fr-place-near-far,near,15,145830
multilingual,rlens_64p,fr-place-near-far,far,15,91686
multilingual,rlens_64p,fr-place-near-far,French,22,92037
multilingual,rlens_64p,fr-place-near-far,place,22,10819
multilingual,rlens_64p,fr-place-near-far,near,22,81776
multilingual,rlens_64p,fr-place-near-far,far,22,78747
multilingual,rlens_64p,fr-place-near-far,French,30,19936
multilingual,rlens_64p,fr-place-near-far,place,30,16974
multilingual,rlens_64p,fr-place-near-far,near,30,149598
multilingual,rlens_64p,fr-place-near-far,far,30,6744
multilingual,rlens_64p,fr-place-near-far,French,38,38782
multilingual,rlens_64p,fr-place-near-far,place,38,82477
multilingual,rlens_64p,fr-place-near-far,near,38,83411
multilingual,rlens_64p,fr-place-near-far,far,38,5181
multilingual,rlens_64p,fr-place-near-far,French,45,70259
multilingual,rlens_64p,fr-place-near-far,place,45,9579
multilingual,rlens_64p,fr-place-near-far,near,45,546
multilingual,rlens_64p,fr-place-near-far,far,45,7
multilingual,rlens_64p,fr-place-near-far,French,52,19815
multilingual,rlens_64p,fr-place-near-far,place,52,10145
multilingual,rlens_64p,fr-place-near-far,near,52,134
multilingual,rlens_64p,fr-place-near-far,far,52,2
multilingual,jpp_64p,fr-place-near-far,French,8,136666
multilingual,jpp_64p,fr-place-near-far,place,8,13960
multilingual,jpp_64p,fr-place-near-far,near,8,121890
multilingual,jpp_64p,fr-place-near-far,far,8,130683
multilingual,jpp_64p,fr-place-near-far,French,15,122146
multilingual,jpp_64p,fr-place-near-far,place,15,25477
multilingual,jpp_64p,fr-place-near-far,near,15,134582
multilingual,jpp_64p,fr-place-near-far,far,15,117910
multilingual,jpp_64p,fr-place-near-far,French,22,78621
multilingual,jpp_64p,fr-place-near-far,place,22,8402
multilingual,jpp_64p,fr-place-near-far,near,22,54725
multilingual,jpp_64p,fr-place-near-far,far,22,60059
multilingual,jpp_64p,fr-place-near-far,French,30,23411
multilingual,jpp_64p,fr-place-near-far,place,30,11895
multilingual,jpp_64p,fr-place-near-far,near,30,183756
multilingual,jpp_64p,fr-place-near-far,far,30,2567
multilingual,jpp_64p,fr-place-near-far,French,38,1154
multilingual,jpp_64p,fr-place-near-far,place,38,46879
multilingual,jpp_64p,fr-place-near-far,near,38,105021
multilingual,jpp_64p,fr-place-near-far,far,38,1542
multilingual,jpp_64p,fr-place-near-far,French,45,26105
multilingual,jpp_64p,fr-place-near-far,place,45,3547
multilingual,jpp_64p,fr-place-near-far,near,45,555
multilingual,jpp_64p,fr-place-near-far,far,45,8
multilingual,jpp_64p,fr-place-near-far,French,52,19712
multilingual,jpp_64p,fr-place-near-far,place,52,9487
multilingual,jpp_64p,fr-place-near-far,near,52,161
multilingual,jpp_64p,fr-place-near-far,far,52,2
multilingual,logit,de-place-near-far,German,8,5337
multilingual,logit,de-place-near-far,place,8,25479
multilingual,logit,de-place-near-far,near,8,113269
multilingual,logit,de-place-near-far,far,8,49260
multilingual,logit,de-place-near-far,German,15,4949
multilingual,logit,de-place-near-far,place,15,51682
multilingual,logit,de-place-near-far,near,15,75338
multilingual,logit,de-place-near-far,far,15,96871
multilingual,logit,de-place-near-far,German,22,10041
multilingual,logit,de-place-near-far,place,22,37353
multilingual,logit,de-place-near-far,near,22,95380
multilingual,logit,de-place-near-far,far,22,138182
multilingual,logit,de-place-near-far,German,30,22671
multilingual,logit,de-place-near-far,place,30,28700
multilingual,logit,de-place-near-far,near,30,2247
multilingual,logit,de-place-near-far,far,30,49692
multilingual,logit,de-place-near-far,German,38,11258
multilingual,logit,de-place-near-far,place,38,60432
multilingual,logit,de-place-near-far,near,38,9749
multilingual,logit,de-place-near-far,far,38,3848
multilingual,logit,de-place-near-far,German,45,2166
multilingual,logit,de-place-near-far,place,45,11235
multilingual,logit,de-place-near-far,near,45,16179
multilingual,logit,de-place-near-far,far,45,25
multilingual,logit,de-place-near-far,German,52,48949
multilingual,logit,de-place-near-far,place,52,37298
multilingual,logit,de-place-near-far,near,52,4741
multilingual,logit,de-place-near-far,far,52,1
multilingual,jlens_16p,de-place-near-far,German,8,18044
multilingual,jlens_16p,de-place-near-far,place,8,16218
multilingual,jlens_16p,de-place-near-far,near,8,79533
multilingual,jlens_16p,de-place-near-far,far,8,39814
multilingual,jlens_16p,de-place-near-far,German,15,91697
multilingual,jlens_16p,de-place-near-far,place,15,151242
multilingual,jlens_16p,de-place-near-far,near,15,96126
multilingual,jlens_16p,de-place-near-far,far,15,85274
multilingual,jlens_16p,de-place-near-far,German,22,89636
multilingual,jlens_16p,de-place-near-far,place,22,149355
multilingual,jlens_16p,de-place-near-far,near,22,94802
multilingual,jlens_16p,de-place-near-far,far,22,85231
multilingual,jlens_16p,de-place-near-far,German,30,107776
multilingual,jlens_16p,de-place-near-far,place,30,46731
multilingual,jlens_16p,de-place-near-far,near,30,198642
multilingual,jlens_16p,de-place-near-far,far,30,19981
multilingual,jlens_16p,de-place-near-far,German,38,107061
multilingual,jlens_16p,de-place-near-far,place,38,95531
multilingual,jlens_16p,de-place-near-far,near,38,203893
multilingual,jlens_16p,de-place-near-far,far,38,3453
multilingual,jlens_16p,de-place-near-far,German,45,147547
multilingual,jlens_16p,de-place-near-far,place,45,89654
multilingual,jlens_16p,de-place-near-far,near,45,53292
multilingual,jlens_16p,de-place-near-far,far,45,13
multilingual,jlens_16p,de-place-near-far,German,52,91787
multilingual,jlens_16p,de-place-near-far,place,52,51403
multilingual,jlens_16p,de-place-near-far,near,52,199
multilingual,jlens_16p,de-place-near-far,far,52,1
multilingual,rlens_16p,de-place-near-far,German,8,16699
multilingual,rlens_16p,de-place-near-far,place,8,74054
multilingual,rlens_16p,de-place-near-far,near,8,146286
multilingual,rlens_16p,de-place-near-far,far,8,105364
multilingual,rlens_16p,de-place-near-far,German,15,9577
multilingual,rlens_16p,de-place-near-far,place,15,42766
multilingual,rlens_16p,de-place-near-far,near,15,132147
multilingual,rlens_16p,de-place-near-far,far,15,86366
multilingual,rlens_16p,de-place-near-far,German,22,14636
multilingual,rlens_16p,de-place-near-far,place,22,19302
multilingual,rlens_16p,de-place-near-far,near,22,74831
multilingual,rlens_16p,de-place-near-far,far,22,78171
multilingual,rlens_16p,de-place-near-far,German,30,27330
multilingual,rlens_16p,de-place-near-far,place,30,46102
multilingual,rlens_16p,de-place-near-far,near,30,168594
multilingual,rlens_16p,de-place-near-far,far,30,30460
multilingual,rlens_16p,de-place-near-far,German,38,40698
multilingual,rlens_16p,de-place-near-far,place,38,123715
multilingual,rlens_16p,de-place-near-far,near,38,56808
multilingual,rlens_16p,de-place-near-far,far,38,2553
multilingual,rlens_16p,de-place-near-far,German,45,118991
multilingual,rlens_16p,de-place-near-far,place,45,22151
multilingual,rlens_16p,de-place-near-far,near,45,1381
multilingual,rlens_16p,de-place-near-far,far,45,10
multilingual,rlens_16p,de-place-near-far,German,52,128996
multilingual,rlens_16p,de-place-near-far,place,52,8239
multilingual,rlens_16p,de-place-near-far,near,52,186
multilingual,rlens_16p,de-place-near-far,far,52,3
multilingual,rlens_64p,de-place-near-far,German,8,18217
multilingual,rlens_64p,de-place-near-far,place,8,82269
multilingual,rlens_64p,de-place-near-far,near,8,146827
multilingual,rlens_64p,de-place-near-far,far,8,120437
multilingual,rlens_64p,de-place-near-far,German,15,11077
multilingual,rlens_64p,de-place-near-far,place,15,48556
multilingual,rlens_64p,de-place-near-far,near,15,137193
multilingual,rlens_64p,de-place-near-far,far,15,86176
multilingual,rlens_64p,de-place-near-far,German,22,10625
multilingual,rlens_64p,de-place-near-far,place,22,21241
multilingual,rlens_64p,de-place-near-far,near,22,71827
multilingual,rlens_64p,de-place-near-far,far,22,75433
multilingual,rlens_64p,de-place-near-far,German,30,14264
multilingual,rlens_64p,de-place-near-far,place,30,54575
multilingual,rlens_64p,de-place-near-far,near,30,185995
multilingual,rlens_64p,de-place-near-far,far,30,37363
multilingual,rlens_64p,de-place-near-far,German,38,42253
multilingual,rlens_64p,de-place-near-far,place,38,136862
multilingual,rlens_64p,de-place-near-far,near,38,78198
multilingual,rlens_64p,de-place-near-far,far,38,4583
multilingual,rlens_64p,de-place-near-far,German,45,112560
multilingual,rlens_64p,de-place-near-far,place,45,25600
multilingual,rlens_64p,de-place-near-far,near,45,1082
multilingual,rlens_64p,de-place-near-far,far,45,10
multilingual,rlens_64p,de-place-near-far,German,52,135344
multilingual,rlens_64p,de-place-near-far,place,52,9233
multilingual,rlens_64p,de-place-near-far,near,52,169
multilingual,rlens_64p,de-place-near-far,far,52,3
multilingual,jpp_64p,de-place-near-far,German,8,13565
multilingual,jpp_64p,de-place-near-far,place,8,16637
multilingual,jpp_64p,de-place-near-far,near,8,119805
multilingual,jpp_64p,de-place-near-far,far,8,136685
multilingual,jpp_64p,de-place-near-far,German,15,3777
multilingual,jpp_64p,de-place-near-far,place,15,33616
multilingual,jpp_64p,de-place-near-far,near,15,120413
multilingual,jpp_64p,de-place-near-far,far,15,110883
multilingual,jpp_64p,de-place-near-far,German,22,6661
multilingual,jpp_64p,de-place-near-far,place,22,11485
multilingual,jpp_64p,de-place-near-far,near,22,38364
multilingual,jpp_64p,de-place-near-far,far,22,54080
multilingual,jpp_64p,de-place-near-far,German,30,11632
multilingual,jpp_64p,de-place-near-far,place,30,21301
multilingual,jpp_64p,de-place-near-far,near,30,161112
multilingual,jpp_64p,de-place-near-far,far,30,14946
multilingual,jpp_64p,de-place-near-far,German,38,734
multilingual,jpp_64p,de-place-near-far,place,38,48283
multilingual,jpp_64p,de-place-near-far,near,38,104413
multilingual,jpp_64p,de-place-near-far,far,38,1128
multilingual,jpp_64p,de-place-near-far,German,45,35275
multilingual,jpp_64p,de-place-near-far,place,45,6001
multilingual,jpp_64p,de-place-near-far,near,45,562
multilingual,jpp_64p,de-place-near-far,far,45,6
multilingual,jpp_64p,de-place-near-far,German,52,112226
multilingual,jpp_64p,de-place-near-far,place,52,10419
multilingual,jpp_64p,de-place-near-far,near,52,191
multilingual,jpp_64p,de-place-near-far,far,52,3
multilingual,logit,es-place-near-far,español,8,109650
multilingual,logit,es-place-near-far,place,8,26358
multilingual,logit,es-place-near-far,near,8,138664
multilingual,logit,es-place-near-far,far,8,39850
multilingual,logit,es-place-near-far,español,15,128728
multilingual,logit,es-place-near-far,place,15,23983
multilingual,logit,es-place-near-far,near,15,107690
multilingual,logit,es-place-near-far,far,15,78138
multilingual,logit,es-place-near-far,español,22,30110
multilingual,logit,es-place-near-far,place,22,21920
multilingual,logit,es-place-near-far,near,22,105365
multilingual,logit,es-place-near-far,far,22,117121
multilingual,logit,es-place-near-far,español,30,36739
multilingual,logit,es-place-near-far,place,30,35345
multilingual,logit,es-place-near-far,near,30,912
multilingual,logit,es-place-near-far,far,30,41288
multilingual,logit,es-place-near-far,español,38,51417
multilingual,logit,es-place-near-far,place,38,28504
multilingual,logit,es-place-near-far,near,38,6761
multilingual,logit,es-place-near-far,far,38,7989
multilingual,logit,es-place-near-far,español,45,95455
multilingual,logit,es-place-near-far,place,45,2692
multilingual,logit,es-place-near-far,near,45,4056
multilingual,logit,es-place-near-far,far,45,11
multilingual,logit,es-place-near-far,español,52,174439
multilingual,logit,es-place-near-far,place,52,56259
multilingual,logit,es-place-near-far,near,52,572
multilingual,logit,es-place-near-far,far,52,1
multilingual,jlens_16p,es-place-near-far,español,8,33329
multilingual,jlens_16p,es-place-near-far,place,8,16671
multilingual,jlens_16p,es-place-near-far,near,8,79559
multilingual,jlens_16p,es-place-near-far,far,8,39823
multilingual,jlens_16p,es-place-near-far,español,15,180567
multilingual,jlens_16p,es-place-near-far,place,15,150832
multilingual,jlens_16p,es-place-near-far,near,15,95953
multilingual,jlens_16p,es-place-near-far,far,15,85414
multilingual,jlens_16p,es-place-near-far,español,22,179124
multilingual,jlens_16p,es-place-near-far,place,22,149725
multilingual,jlens_16p,es-place-near-far,near,22,94600
multilingual,jlens_16p,es-place-near-far,far,22,85368
multilingual,jlens_16p,es-place-near-far,español,30,174270
multilingual,jlens_16p,es-place-near-far,place,30,38394
multilingual,jlens_16p,es-place-near-far,near,30,195504
multilingual,jlens_16p,es-place-near-far,far,30,8293
multilingual,jlens_16p,es-place-near-far,español,38,169022
multilingual,jlens_16p,es-place-near-far,place,38,170167
multilingual,jlens_16p,es-place-near-far,near,38,231031
multilingual,jlens_16p,es-place-near-far,far,38,3561
multilingual,jlens_16p,es-place-near-far,español,45,73084
multilingual,jlens_16p,es-place-near-far,place,45,39004
multilingual,jlens_16p,es-place-near-far,near,45,32757
multilingual,jlens_16p,es-place-near-far,far,45,13
multilingual,jlens_16p,es-place-near-far,español,52,169151
multilingual,jlens_16p,es-place-near-far,place,52,62376
multilingual,jlens_16p,es-place-near-far,near,52,142
multilingual,jlens_16p,es-place-near-far,far,52,1
multilingual,rlens_16p,es-place-near-far,español,8,177757
multilingual,rlens_16p,es-place-near-far,place,8,53564
multilingual,rlens_16p,es-place-near-far,near,8,145548
multilingual,rlens_16p,es-place-near-far,far,8,109545
multilingual,rlens_16p,es-place-near-far,español,15,89258
multilingual,rlens_16p,es-place-near-far,place,15,30234
multilingual,rlens_16p,es-place-near-far,near,15,154108
multilingual,rlens_16p,es-place-near-far,far,15,79252
multilingual,rlens_16p,es-place-near-far,español,22,33008
multilingual,rlens_16p,es-place-near-far,place,22,21350
multilingual,rlens_16p,es-place-near-far,near,22,105597
multilingual,rlens_16p,es-place-near-far,far,22,71676
multilingual,rlens_16p,es-place-near-far,español,30,9341
multilingual,rlens_16p,es-place-near-far,place,30,40108
multilingual,rlens_16p,es-place-near-far,near,30,170584
multilingual,rlens_16p,es-place-near-far,far,30,8717
multilingual,rlens_16p,es-place-near-far,español,38,20126
multilingual,rlens_16p,es-place-near-far,place,38,111744
multilingual,rlens_16p,es-place-near-far,near,38,146496
multilingual,rlens_16p,es-place-near-far,far,38,1892
multilingual,rlens_16p,es-place-near-far,español,45,13308
multilingual,rlens_16p,es-place-near-far,place,45,1194
multilingual,rlens_16p,es-place-near-far,near,45,352
multilingual,rlens_16p,es-place-near-far,far,45,13
multilingual,rlens_16p,es-place-near-far,español,52,25484
multilingual,rlens_16p,es-place-near-far,place,52,3757
multilingual,rlens_16p,es-place-near-far,near,52,108
multilingual,rlens_16p,es-place-near-far,far,52,2
multilingual,rlens_64p,es-place-near-far,español,8,165380
multilingual,rlens_64p,es-place-near-far,place,8,63120
multilingual,rlens_64p,es-place-near-far,near,8,145169
multilingual,rlens_64p,es-place-near-far,far,8,122172
multilingual,rlens_64p,es-place-near-far,español,15,82653
multilingual,rlens_64p,es-place-near-far,place,15,30011
multilingual,rlens_64p,es-place-near-far,near,15,155632
multilingual,rlens_64p,es-place-near-far,far,15,82236
multilingual,rlens_64p,es-place-near-far,español,22,22539
multilingual,rlens_64p,es-place-near-far,place,22,22539
multilingual,rlens_64p,es-place-near-far,near,22,99070
multilingual,rlens_64p,es-place-near-far,far,22,71423
multilingual,rlens_64p,es-place-near-far,español,30,7854
multilingual,rlens_64p,es-place-near-far,place,30,41521
multilingual,rlens_64p,es-place-near-far,near,30,187163
multilingual,rlens_64p,es-place-near-far,far,30,15404
multilingual,rlens_64p,es-place-near-far,español,38,17395
multilingual,rlens_64p,es-place-near-far,place,38,128944
multilingual,rlens_64p,es-place-near-far,near,38,165497
multilingual,rlens_64p,es-place-near-far,far,38,2600
multilingual,rlens_64p,es-place-near-far,español,45,21022
multilingual,rlens_64p,es-place-near-far,place,45,1487
multilingual,rlens_64p,es-place-near-far,near,45,283
multilingual,rlens_64p,es-place-near-far,far,45,9
multilingual,rlens_64p,es-place-near-far,español,52,28469
multilingual,rlens_64p,es-place-near-far,place,52,4262
multilingual,rlens_64p,es-place-near-far,near,52,100
multilingual,rlens_64p,es-place-near-far,far,52,2
multilingual,jpp_64p,es-place-near-far,español,8,187415
multilingual,jpp_64p,es-place-near-far,place,8,11277
multilingual,jpp_64p,es-place-near-far,near,8,112817
multilingual,jpp_64p,es-place-near-far,far,8,116094
multilingual,jpp_64p,es-place-near-far,español,15,91776
multilingual,jpp_64p,es-place-near-far,place,15,20519
multilingual,jpp_64p,es-place-near-far,near,15,166698
multilingual,jpp_64p,es-place-near-far,far,15,118125
multilingual,jpp_64p,es-place-near-far,español,22,38772
multilingual,jpp_64p,es-place-near-far,place,22,6138
multilingual,jpp_64p,es-place-near-far,near,22,69304
multilingual,jpp_64p,es-place-near-far,far,22,68409
multilingual,jpp_64p,es-place-near-far,español,30,2520
multilingual,jpp_64p,es-place-near-far,place,30,21950
multilingual,jpp_64p,es-place-near-far,near,30,189309
multilingual,jpp_64p,es-place-near-far,far,30,13895
multilingual,jpp_64p,es-place-near-far,español,38,2347
multilingual,jpp_64p,es-place-near-far,place,38,43721
multilingual,jpp_64p,es-place-near-far,near,38,173208
multilingual,jpp_64p,es-place-near-far,far,38,1096
multilingual,jpp_64p,es-place-near-far,español,45,28180
multilingual,jpp_64p,es-place-near-far,place,45,580
multilingual,jpp_64p,es-place-near-far,near,45,283
multilingual,jpp_64p,es-place-near-far,far,45,6
multilingual,jpp_64p,es-place-near-far,español,52,46315
multilingual,jpp_64p,es-place-near-far,place,52,4856
multilingual,jpp_64p,es-place-near-far,near,52,115
multilingual,jpp_64p,es-place-near-far,far,52,2
multilingual,logit,pt-place-near-far,português,8,208478
multilingual,logit,pt-place-near-far,place,8,26091
multilingual,logit,pt-place-near-far,near,8,131153
multilingual,logit,pt-place-near-far,far,8,42002
multilingual,logit,pt-place-near-far,português,15,210539
multilingual,logit,pt-place-near-far,place,15,19348
multilingual,logit,pt-place-near-far,near,15,107158
multilingual,logit,pt-place-near-far,far,15,49295
multilingual,logit,pt-place-near-far,português,22,103788
multilingual,logit,pt-place-near-far,place,22,23972
multilingual,logit,pt-place-near-far,near,22,113272
multilingual,logit,pt-place-near-far,far,22,108500
multilingual,logit,pt-place-near-far,português,30,140764
multilingual,logit,pt-place-near-far,place,30,5469
multilingual,logit,pt-place-near-far,near,30,290
multilingual,logit,pt-place-near-far,far,30,6874
multilingual,logit,pt-place-near-far,português,38,84368
multilingual,logit,pt-place-near-far,place,38,4748
multilingual,logit,pt-place-near-far,near,38,3087
multilingual,logit,pt-place-near-far,far,38,485
multilingual,logit,pt-place-near-far,português,45,57918
multilingual,logit,pt-place-near-far,place,45,3085
multilingual,logit,pt-place-near-far,near,45,908
multilingual,logit,pt-place-near-far,far,45,12
multilingual,logit,pt-place-near-far,português,52,23570
multilingual,logit,pt-place-near-far,place,52,93694
multilingual,logit,pt-place-near-far,near,52,1392
multilingual,logit,pt-place-near-far,far,52,1
multilingual,jlens_16p,pt-place-near-far,português,8,133496
multilingual,jlens_16p,pt-place-near-far,place,8,16617
multilingual,jlens_16p,pt-place-near-far,near,8,79367
multilingual,jlens_16p,pt-place-near-far,far,8,39712
multilingual,jlens_16p,pt-place-near-far,português,15,119982
multilingual,jlens_16p,pt-place-near-far,place,15,151466
multilingual,jlens_16p,pt-place-near-far,near,15,95542
multilingual,jlens_16p,pt-place-near-far,far,15,85365
multilingual,jlens_16p,pt-place-near-far,português,22,119242
multilingual,jlens_16p,pt-place-near-far,place,22,149426
multilingual,jlens_16p,pt-place-near-far,near,22,94438
multilingual,jlens_16p,pt-place-near-far,far,22,85518
multilingual,jlens_16p,pt-place-near-far,português,30,98056
multilingual,jlens_16p,pt-place-near-far,place,30,36401
multilingual,jlens_16p,pt-place-near-far,near,30,198413
multilingual,jlens_16p,pt-place-near-far,far,30,22249
multilingual,jlens_16p,pt-place-near-far,português,38,116837
multilingual,jlens_16p,pt-place-near-far,place,38,108996
multilingual,jlens_16p,pt-place-near-far,near,38,206482
multilingual,jlens_16p,pt-place-near-far,far,38,1584
multilingual,jlens_16p,pt-place-near-far,português,45,146478
multilingual,jlens_16p,pt-place-near-far,place,45,37588
multilingual,jlens_16p,pt-place-near-far,near,45,20297
multilingual,jlens_16p,pt-place-near-far,far,45,8
multilingual,jlens_16p,pt-place-near-far,português,52,67318
multilingual,jlens_16p,pt-place-near-far,place,52,70237
multilingual,jlens_16p,pt-place-near-far,near,52,158
multilingual,jlens_16p,pt-place-near-far,far,52,1
multilingual,rlens_16p,pt-place-near-far,português,8,74583
multilingual,rlens_16p,pt-place-near-far,place,8,74583
multilingual,rlens_16p,pt-place-near-far,near,8,156800
multilingual,rlens_16p,pt-place-near-far,far,8,104256
multilingual,rlens_16p,pt-place-near-far,português,15,14669
multilingual,rlens_16p,pt-place-near-far,place,15,41830
multilingual,rlens_16p,pt-place-near-far,near,15,155788
multilingual,rlens_16p,pt-place-near-far,far,15,82705
multilingual,rlens_16p,pt-place-near-far,português,22,3240
multilingual,rlens_16p,pt-place-near-far,place,22,20485
multilingual,rlens_16p,pt-place-near-far,near,22,84597
multilingual,rlens_16p,pt-place-near-far,far,22,69785
multilingual,rlens_16p,pt-place-near-far,português,30,15327
multilingual,rlens_16p,pt-place-near-far,place,30,42582
multilingual,rlens_16p,pt-place-near-far,near,30,104793
multilingual,rlens_16p,pt-place-near-far,far,30,15327
multilingual,rlens_16p,pt-place-near-far,português,38,28382
multilingual,rlens_16p,pt-place-near-far,place,38,59406
multilingual,rlens_16p,pt-place-near-far,near,38,30319
multilingual,rlens_16p,pt-place-near-far,far,38,565
multilingual,rlens_16p,pt-place-near-far,português,45,67175
multilingual,rlens_16p,pt-place-near-far,place,45,2130
multilingual,rlens_16p,pt-place-near-far,near,45,249
multilingual,rlens_16p,pt-place-near-far,far,45,14
multilingual,rlens_16p,pt-place-near-far,português,52,46200
multilingual,rlens_16p,pt-place-near-far,place,52,11063
multilingual,rlens_16p,pt-place-near-far,near,52,132
multilingual,rlens_16p,pt-place-near-far,far,52,2
multilingual,rlens_64p,pt-place-near-far,português,8,80660
multilingual,rlens_64p,pt-place-near-far,place,8,77993
multilingual,rlens_64p,pt-place-near-far,near,8,156381
multilingual,rlens_64p,pt-place-near-far,far,8,120382
multilingual,rlens_64p,pt-place-near-far,português,15,12598
multilingual,rlens_64p,pt-place-near-far,place,15,49013
multilingual,rlens_64p,pt-place-near-far,near,15,162728
multilingual,rlens_64p,pt-place-near-far,far,15,86352
multilingual,rlens_64p,pt-place-near-far,português,22,2358
multilingual,rlens_64p,pt-place-near-far,place,22,24927
multilingual,rlens_64p,pt-place-near-far,near,22,81308
multilingual,rlens_64p,pt-place-near-far,far,22,72093
multilingual,rlens_64p,pt-place-near-far,português,30,11752
multilingual,rlens_64p,pt-place-near-far,place,30,68211
multilingual,rlens_64p,pt-place-near-far,near,30,139866
multilingual,rlens_64p,pt-place-near-far,far,30,38946
multilingual,rlens_64p,pt-place-near-far,português,38,23831
multilingual,rlens_64p,pt-place-near-far,place,38,97181
multilingual,rlens_64p,pt-place-near-far,near,38,38819
multilingual,rlens_64p,pt-place-near-far,far,38,1133
multilingual,rlens_64p,pt-place-near-far,português,45,58744
multilingual,rlens_64p,pt-place-near-far,place,45,2678
multilingual,rlens_64p,pt-place-near-far,near,45,194
multilingual,rlens_64p,pt-place-near-far,far,45,14
multilingual,rlens_64p,pt-place-near-far,português,52,40106
multilingual,rlens_64p,pt-place-near-far,place,52,12790
multilingual,rlens_64p,pt-place-near-far,near,52,129
multilingual,rlens_64p,pt-place-near-far,far,52,2
multilingual,jpp_64p,pt-place-near-far,português,8,118255
multilingual,jpp_64p,pt-place-near-far,place,8,17549
multilingual,jpp_64p,pt-place-near-far,near,8,94222
multilingual,jpp_64p,pt-place-near-far,far,8,134213
multilingual,jpp_64p,pt-place-near-far,português,15,16620
multilingual,jpp_64p,pt-place-near-far,place,15,29126
multilingual,jpp_64p,pt-place-near-far,near,15,139896
multilingual,jpp_64p,pt-place-near-far,far,15,108990
multilingual,jpp_64p,pt-place-near-far,português,22,3140
multilingual,jpp_64p,pt-place-near-far,place,22,7547
multilingual,jpp_64p,pt-place-near-far,near,22,54068
multilingual,jpp_64p,pt-place-near-far,far,22,66480
multilingual,jpp_64p,pt-place-near-far,português,30,14799
multilingual,jpp_64p,pt-place-near-far,place,30,25799
multilingual,jpp_64p,pt-place-near-far,near,30,119930
multilingual,jpp_64p,pt-place-near-far,far,30,12016
multilingual,jpp_64p,pt-place-near-far,português,38,6569
multilingual,jpp_64p,pt-place-near-far,place,38,26710
multilingual,jpp_64p,pt-place-near-far,near,38,40841
multilingual,jpp_64p,pt-place-near-far,far,38,50
multilingual,jpp_64p,pt-place-near-far,português,45,8828
multilingual,jpp_64p,pt-place-near-far,place,45,629
multilingual,jpp_64p,pt-place-near-far,near,45,159
multilingual,jpp_64p,pt-place-near-far,far,45,13
multilingual,jpp_64p,pt-place-near-far,português,52,41713
multilingual,jpp_64p,pt-place-near-far,place,52,10321
multilingual,jpp_64p,pt-place-near-far,near,52,149
multilingual,jpp_64p,pt-place-near-far,far,52,2
multilingual,logit,fr-time-old-young,French,8,108484
multilingual,logit,fr-time-old-young,time,8,200599
multilingual,logit,fr-time-old-young,old,8,46118
multilingual,logit,fr-time-old-young,young,8,13040
multilingual,logit,fr-time-old-young,French,15,59108
multilingual,logit,fr-time-old-young,time,15,186815
multilingual,logit,fr-time-old-young,old,15,68507
multilingual,logit,fr-time-old-young,young,15,5568
multilingual,logit,fr-time-old-young,French,22,26822
multilingual,logit,fr-time-old-young,time,22,152954
multilingual,logit,fr-time-old-young,old,22,51003
multilingual,logit,fr-time-old-young,young,22,2069
multilingual,logit,fr-time-old-young,French,30,901
multilingual,logit,fr-time-old-young,time,30,94326
multilingual,logit,fr-time-old-young,old,30,1105
multilingual,logit,fr-time-old-young,young,30,25004
multilingual,logit,fr-time-old-young,French,38,5133
multilingual,logit,fr-time-old-young,time,38,5270
multilingual,logit,fr-time-old-young,old,38,1700
multilingual,logit,fr-time-old-young,young,38,1220
multilingual,logit,fr-time-old-young,French,45,7221
multilingual,logit,fr-time-old-young,time,45,1638
multilingual,logit,fr-time-old-young,old,45,54
multilingual,logit,fr-time-old-young,young,45,7
multilingual,logit,fr-time-old-young,French,52,37096
multilingual,logit,fr-time-old-young,time,52,30737
multilingual,logit,fr-time-old-young,old,52,201
multilingual,logit,fr-time-old-young,young,52,1
multilingual,jlens_16p,fr-time-old-young,French,8,78820
multilingual,jlens_16p,fr-time-old-young,time,8,29656
multilingual,jlens_16p,fr-time-old-young,old,8,42392
multilingual,jlens_16p,fr-time-old-young,young,8,39747
multilingual,jlens_16p,fr-time-old-young,French,15,77694
multilingual,jlens_16p,fr-time-old-young,time,15,65302
multilingual,jlens_16p,fr-time-old-young,old,15,26972
multilingual,jlens_16p,fr-time-old-young,young,15,50523
multilingual,jlens_16p,fr-time-old-young,French,22,75871
multilingual,jlens_16p,fr-time-old-young,time,22,65267
multilingual,jlens_16p,fr-time-old-young,old,22,27007
multilingual,jlens_16p,fr-time-old-young,young,22,50539
multilingual,jlens_16p,fr-time-old-young,French,30,106307
multilingual,jlens_16p,fr-time-old-young,time,30,66264
multilingual,jlens_16p,fr-time-old-young,old,30,100773
multilingual,jlens_16p,fr-time-old-young,young,30,57124
multilingual,jlens_16p,fr-time-old-young,French,38,137364
multilingual,jlens_16p,fr-time-old-young,time,38,90867
multilingual,jlens_16p,fr-time-old-young,old,38,80862
multilingual,jlens_16p,fr-time-old-young,young,38,7413
multilingual,jlens_16p,fr-time-old-young,French,45,173371
multilingual,jlens_16p,fr-time-old-young,time,45,99164
multilingual,jlens_16p,fr-time-old-young,old,45,1381
multilingual,jlens_16p,fr-time-old-young,young,45,211
multilingual,jlens_16p,fr-time-old-young,French,52,10256
multilingual,jlens_16p,fr-time-old-young,time,52,34874
multilingual,jlens_16p,fr-time-old-young,old,52,74
multilingual,jlens_16p,fr-time-old-young,young,52,1
multilingual,rlens_16p,fr-time-old-young,French,8,207495
multilingual,rlens_16p,fr-time-old-young,time,8,136913
multilingual,rlens_16p,fr-time-old-young,old,8,10936
multilingual,rlens_16p,fr-time-old-young,young,8,60108
multilingual,rlens_16p,fr-time-old-young,French,15,161065
multilingual,rlens_16p,fr-time-old-young,time,15,81763
multilingual,rlens_16p,fr-time-old-young,old,15,5114
multilingual,rlens_16p,fr-time-old-young,young,15,40127
multilingual,rlens_16p,fr-time-old-young,French,22,127644
multilingual,rlens_16p,fr-time-old-young,time,22,97684
multilingual,rlens_16p,fr-time-old-young,old,22,5861
multilingual,rlens_16p,fr-time-old-young,young,22,15454
multilingual,rlens_16p,fr-time-old-young,French,30,11047
multilingual,rlens_16p,fr-time-old-young,time,30,117499
multilingual,rlens_16p,fr-time-old-young,old,30,5544
multilingual,rlens_16p,fr-time-old-young,young,30,10787
multilingual,rlens_16p,fr-time-old-young,French,38,22400
multilingual,rlens_16p,fr-time-old-young,time,38,94916
multilingual,rlens_16p,fr-time-old-young,old,38,82486
multilingual,rlens_16p,fr-time-old-young,young,38,4928
multilingual,rlens_16p,fr-time-old-young,French,45,62655
multilingual,rlens_16p,fr-time-old-young,time,45,12825
multilingual,rlens_16p,fr-time-old-young,old,45,147
multilingual,rlens_16p,fr-time-old-young,young,45,36
multilingual,rlens_16p,fr-time-old-young,French,52,4748
multilingual,rlens_16p,fr-time-old-young,time,52,10241
multilingual,rlens_16p,fr-time-old-young,old,52,125
multilingual,rlens_16p,fr-time-old-young,young,52,1
multilingual,rlens_64p,fr-time-old-young,French,8,207425
multilingual,rlens_64p,fr-time-old-young,time,8,123633
multilingual,rlens_64p,fr-time-old-young,old,8,12024
multilingual,rlens_64p,fr-time-old-young,young,8,59684
multilingual,rlens_64p,fr-time-old-young,French,15,166637
multilingual,rlens_64p,fr-time-old-young,time,15,81319
multilingual,rlens_64p,fr-time-old-young,old,15,4870
multilingual,rlens_64p,fr-time-old-young,young,15,46798
multilingual,rlens_64p,fr-time-old-young,French,22,108744
multilingual,rlens_64p,fr-time-old-young,time,22,100598
multilingual,rlens_64p,fr-time-old-young,old,22,4485
multilingual,rlens_64p,fr-time-old-young,young,22,14148
multilingual,rlens_64p,fr-time-old-young,French,30,10213
multilingual,rlens_64p,fr-time-old-young,time,30,125168
multilingual,rlens_64p,fr-time-old-young,old,30,6197
multilingual,rlens_64p,fr-time-old-young,young,30,16632
multilingual,rlens_64p,fr-time-old-young,French,38,21521
multilingual,rlens_64p,fr-time-old-young,time,38,104574
multilingual,rlens_64p,fr-time-old-young,old,38,78078
multilingual,rlens_64p,fr-time-old-young,young,38,4862
multilingual,rlens_64p,fr-time-old-young,French,45,77881
multilingual,rlens_64p,fr-time-old-young,time,45,10619
multilingual,rlens_64p,fr-time-old-young,old,45,152
multilingual,rlens_64p,fr-time-old-young,young,45,22
multilingual,rlens_64p,fr-time-old-young,French,52,6481
multilingual,rlens_64p,fr-time-old-young,time,52,9097
multilingual,rlens_64p,fr-time-old-young,old,52,124
multilingual,rlens_64p,fr-time-old-young,young,52,1
multilingual,jpp_64p,fr-time-old-young,French,8,135732
multilingual,jpp_64p,fr-time-old-young,time,8,28267
multilingual,jpp_64p,fr-time-old-young,old,8,4567
multilingual,jpp_64p,fr-time-old-young,young,8,41219
multilingual,jpp_64p,fr-time-old-young,French,15,134248
multilingual,jpp_64p,fr-time-old-young,time,15,64591
multilingual,jpp_64p,fr-time-old-young,old,15,15133
multilingual,jpp_64p,fr-time-old-young,young,15,44300
multilingual,jpp_64p,fr-time-old-young,French,22,84287
multilingual,jpp_64p,fr-time-old-young,time,22,62931
multilingual,jpp_64p,fr-time-old-young,old,22,9020
multilingual,jpp_64p,fr-time-old-young,young,22,28091
multilingual,jpp_64p,fr-time-old-young,French,30,7411
multilingual,jpp_64p,fr-time-old-young,time,30,90055
multilingual,jpp_64p,fr-time-old-young,old,30,3579
multilingual,jpp_64p,fr-time-old-young,young,30,12424
multilingual,jpp_64p,fr-time-old-young,French,38,488
multilingual,jpp_64p,fr-time-old-young,time,38,137999
multilingual,jpp_64p,fr-time-old-young,old,38,18782
multilingual,jpp_64p,fr-time-old-young,young,38,1060
multilingual,jpp_64p,fr-time-old-young,French,45,30384
multilingual,jpp_64p,fr-time-old-young,time,45,8361
multilingual,jpp_64p,fr-time-old-young,old,45,15
multilingual,jpp_64p,fr-time-old-young,young,45,5
multilingual,jpp_64p,fr-time-old-young,French,52,5213
multilingual,jpp_64p,fr-time-old-young,time,52,6530
multilingual,jpp_64p,fr-time-old-young,old,52,104
multilingual,jpp_64p,fr-time-old-young,young,52,1
multilingual,logit,pt-time-old-new,português,8,197751
multilingual,logit,pt-time-old-new,time,8,205333
multilingual,logit,pt-time-old-new,old,8,43051
multilingual,logit,pt-time-old-new,new,8,91072
multilingual,logit,pt-time-old-new,português,15,203626
multilingual,logit,pt-time-old-new,time,15,153637
multilingual,logit,pt-time-old-new,old,15,43339
multilingual,logit,pt-time-old-new,new,15,66946
multilingual,logit,pt-time-old-new,português,22,82894
multilingual,logit,pt-time-old-new,time,22,157776
multilingual,logit,pt-time-old-new,old,22,44782
multilingual,logit,pt-time-old-new,new,22,55320
multilingual,logit,pt-time-old-new,português,30,128943
multilingual,logit,pt-time-old-new,time,30,49396
multilingual,logit,pt-time-old-new,old,30,1381
multilingual,logit,pt-time-old-new,new,30,210
multilingual,logit,pt-time-old-new,português,38,72288
multilingual,logit,pt-time-old-new,time,38,3727
multilingual,logit,pt-time-old-new,old,38,617
multilingual,logit,pt-time-old-new,new,38,107
multilingual,logit,pt-time-old-new,português,45,43238
multilingual,logit,pt-time-old-new,time,45,1162
multilingual,logit,pt-time-old-new,old,45,190
multilingual,logit,pt-time-old-new,new,45,6
multilingual,logit,pt-time-old-new,português,52,18934
multilingual,logit,pt-time-old-new,time,52,21838
multilingual,logit,pt-time-old-new,old,52,254
multilingual,logit,pt-time-old-new,new,52,66
multilingual,jlens_16p,pt-time-old-new,português,8,133643
multilingual,jlens_16p,pt-time-old-new,time,8,29636
multilingual,jlens_16p,pt-time-old-new,old,8,42390
multilingual,jlens_16p,pt-time-old-new,new,8,61150
multilingual,jlens_16p,pt-time-old-new,português,15,120046
multilingual,jlens_16p,pt-time-old-new,time,15,65508
multilingual,jlens_16p,pt-time-old-new,old,15,26919
multilingual,jlens_16p,pt-time-old-new,new,15,121534
multilingual,jlens_16p,pt-time-old-new,português,22,119739
multilingual,jlens_16p,pt-time-old-new,time,22,65163
multilingual,jlens_16p,pt-time-old-new,old,22,26845
multilingual,jlens_16p,pt-time-old-new,new,22,121156
multilingual,jlens_16p,pt-time-old-new,português,30,76509
multilingual,jlens_16p,pt-time-old-new,time,30,71409
multilingual,jlens_16p,pt-time-old-new,old,30,106774
multilingual,jlens_16p,pt-time-old-new,new,30,175280
multilingual,jlens_16p,pt-time-old-new,português,38,104752
multilingual,jlens_16p,pt-time-old-new,time,38,133369
multilingual,jlens_16p,pt-time-old-new,old,38,44177
multilingual,jlens_16p,pt-time-old-new,new,38,78717
multilingual,jlens_16p,pt-time-old-new,português,45,156989
multilingual,jlens_16p,pt-time-old-new,time,45,165608
multilingual,jlens_16p,pt-time-old-new,old,45,20581
multilingual,jlens_16p,pt-time-old-new,new,45,2368
multilingual,jlens_16p,pt-time-old-new,português,52,90486
multilingual,jlens_16p,pt-time-old-new,time,52,73566
multilingual,jlens_16p,pt-time-old-new,old,52,98
multilingual,jlens_16p,pt-time-old-new,new,52,62
multilingual,rlens_16p,pt-time-old-new,português,8,68069
multilingual,rlens_16p,pt-time-old-new,time,8,133078
multilingual,rlens_16p,pt-time-old-new,old,8,16756
multilingual,rlens_16p,pt-time-old-new,new,8,125821
multilingual,rlens_16p,pt-time-old-new,português,15,12522
multilingual,rlens_16p,pt-time-old-new,time,15,67875
multilingual,rlens_16p,pt-time-old-new,old,15,9411
multilingual,rlens_16p,pt-time-old-new,new,15,68280
multilingual,rlens_16p,pt-time-old-new,português,22,2749
multilingual,rlens_16p,pt-time-old-new,time,22,69789
multilingual,rlens_16p,pt-time-old-new,old,22,8198
multilingual,rlens_16p,pt-time-old-new,new,22,70601
multilingual,rlens_16p,pt-time-old-new,português,30,10091
multilingual,rlens_16p,pt-time-old-new,time,30,66259
multilingual,rlens_16p,pt-time-old-new,old,30,8880
multilingual,rlens_16p,pt-time-old-new,new,30,18222
multilingual,rlens_16p,pt-time-old-new,português,38,22947
multilingual,rlens_16p,pt-time-old-new,time,38,53031
multilingual,rlens_16p,pt-time-old-new,old,38,43433
multilingual,rlens_16p,pt-time-old-new,new,38,3438
multilingual,rlens_16p,pt-time-old-new,português,45,98958
multilingual,rlens_16p,pt-time-old-new,time,45,33327
multilingual,rlens_16p,pt-time-old-new,old,45,767
multilingual,rlens_16p,pt-time-old-new,new,45,12
multilingual,rlens_16p,pt-time-old-new,português,52,64756
multilingual,rlens_16p,pt-time-old-new,time,52,9011
multilingual,rlens_16p,pt-time-old-new,old,52,201
multilingual,rlens_16p,pt-time-old-new,new,52,32
multilingual,rlens_64p,pt-time-old-new,português,8,73328
multilingual,rlens_64p,pt-time-old-new,time,8,117544
multilingual,rlens_64p,pt-time-old-new,old,8,18889
multilingual,rlens_64p,pt-time-old-new,new,8,127188
multilingual,rlens_64p,pt-time-old-new,português,15,10630
multilingual,rlens_64p,pt-time-old-new,time,15,66884
multilingual,rlens_64p,pt-time-old-new,old,15,8844
multilingual,rlens_64p,pt-time-old-new,new,15,76874
multilingual,rlens_64p,pt-time-old-new,português,22,1867
multilingual,rlens_64p,pt-time-old-new,time,22,72425
multilingual,rlens_64p,pt-time-old-new,old,22,7042
multilingual,rlens_64p,pt-time-old-new,new,22,68343
multilingual,rlens_64p,pt-time-old-new,português,30,7644
multilingual,rlens_64p,pt-time-old-new,time,30,64413
multilingual,rlens_64p,pt-time-old-new,old,30,13682
multilingual,rlens_64p,pt-time-old-new,new,30,24228
multilingual,rlens_64p,pt-time-old-new,português,38,15936
multilingual,rlens_64p,pt-time-old-new,time,38,51933
multilingual,rlens_64p,pt-time-old-new,old,38,37579
multilingual,rlens_64p,pt-time-old-new,new,38,2940
multilingual,rlens_64p,pt-time-old-new,português,45,87577
multilingual,rlens_64p,pt-time-old-new,time,45,32112
multilingual,rlens_64p,pt-time-old-new,old,45,1039
multilingual,rlens_64p,pt-time-old-new,new,45,9
multilingual,rlens_64p,pt-time-old-new,português,52,59933
multilingual,rlens_64p,pt-time-old-new,time,52,7894
multilingual,rlens_64p,pt-time-old-new,old,52,194
multilingual,rlens_64p,pt-time-old-new,new,52,32
multilingual,jpp_64p,pt-time-old-new,português,8,104424
multilingual,jpp_64p,pt-time-old-new,time,8,38584
multilingual,jpp_64p,pt-time-old-new,old,8,7538
multilingual,jpp_64p,pt-time-old-new,new,8,121977
multilingual,jpp_64p,pt-time-old-new,português,15,13990
multilingual,jpp_64p,pt-time-old-new,time,15,62237
multilingual,jpp_64p,pt-time-old-new,old,15,21221
multilingual,jpp_64p,pt-time-old-new,new,15,98661
multilingual,jpp_64p,pt-time-old-new,português,22,2620
multilingual,jpp_64p,pt-time-old-new,time,22,48692
multilingual,jpp_64p,pt-time-old-new,old,22,11295
multilingual,jpp_64p,pt-time-old-new,new,22,84024
multilingual,jpp_64p,pt-time-old-new,português,30,7933
multilingual,jpp_64p,pt-time-old-new,time,30,30401
multilingual,jpp_64p,pt-time-old-new,old,30,3886
multilingual,jpp_64p,pt-time-old-new,new,30,22415
multilingual,jpp_64p,pt-time-old-new,português,38,2514
multilingual,jpp_64p,pt-time-old-new,time,38,64374
multilingual,jpp_64p,pt-time-old-new,old,38,5130
multilingual,jpp_64p,pt-time-old-new,new,38,352
multilingual,jpp_64p,pt-time-old-new,português,45,17098
multilingual,jpp_64p,pt-time-old-new,time,45,27205
multilingual,jpp_64p,pt-time-old-new,old,45,59
multilingual,jpp_64p,pt-time-old-new,new,45,1
multilingual,jpp_64p,pt-time-old-new,português,52,78210
multilingual,jpp_64p,pt-time-old-new,time,52,6853
multilingual,jpp_64p,pt-time-old-new,old,52,139
multilingual,jpp_64p,pt-time-old-new,new,52,46
multilingual,logit,fr-order-first-last,French,8,113623
multilingual,logit,fr-order-first-last,order,8,44642
multilingual,logit,fr-order-first-last,first,8,50588
multilingual,logit,fr-order-first-last,last,8,81213
multilingual,logit,fr-order-first-last,French,15,64354
multilingual,logit,fr-order-first-last,order,15,45599
multilingual,logit,fr-order-first-last,first,15,102920
multilingual,logit,fr-order-first-last,last,15,99685
multilingual,logit,fr-order-first-last,French,22,34120
multilingual,logit,fr-order-first-last,order,22,47931
multilingual,logit,fr-order-first-last,first,22,65885
multilingual,logit,fr-order-first-last,last,22,121989
multilingual,logit,fr-order-first-last,French,30,5869
multilingual,logit,fr-order-first-last,order,30,8871
multilingual,logit,fr-order-first-last,first,30,60
multilingual,logit,fr-order-first-last,last,30,1088
multilingual,logit,fr-order-first-last,French,38,24066
multilingual,logit,fr-order-first-last,order,38,6167
multilingual,logit,fr-order-first-last,first,38,308
multilingual,logit,fr-order-first-last,last,38,107
multilingual,logit,fr-order-first-last,French,45,6037
multilingual,logit,fr-order-first-last,order,45,20415
multilingual,logit,fr-order-first-last,first,45,9
multilingual,logit,fr-order-first-last,last,45,4
multilingual,logit,fr-order-first-last,French,52,130347
multilingual,logit,fr-order-first-last,order,52,24574
multilingual,logit,fr-order-first-last,first,52,462
multilingual,logit,fr-order-first-last,last,52,1
multilingual,jlens_16p,fr-order-first-last,French,8,78398
multilingual,jlens_16p,fr-order-first-last,order,8,63057
multilingual,jlens_16p,fr-order-first-last,first,8,24740
multilingual,jlens_16p,fr-order-first-last,last,8,7925
multilingual,jlens_16p,fr-order-first-last,French,15,77287
multilingual,jlens_16p,fr-order-first-last,order,15,89402
multilingual,jlens_16p,fr-order-first-last,first,15,100408
multilingual,jlens_16p,fr-order-first-last,last,15,207922
multilingual,jlens_16p,fr-order-first-last,French,22,75728
multilingual,jlens_16p,fr-order-first-last,order,22,88154
multilingual,jlens_16p,fr-order-first-last,first,22,97451
multilingual,jlens_16p,fr-order-first-last,last,22,206704
multilingual,jlens_16p,fr-order-first-last,French,30,166105
multilingual,jlens_16p,fr-order-first-last,order,30,204398
multilingual,jlens_16p,fr-order-first-last,first,30,156323
multilingual,jlens_16p,fr-order-first-last,last,30,111665
multilingual,jlens_16p,fr-order-first-last,French,38,201956
multilingual,jlens_16p,fr-order-first-last,order,38,152063
multilingual,jlens_16p,fr-order-first-last,first,38,76833
multilingual,jlens_16p,fr-order-first-last,last,38,11370
multilingual,jlens_16p,fr-order-first-last,French,45,154843
multilingual,jlens_16p,fr-order-first-last,order,45,82617
multilingual,jlens_16p,fr-order-first-last,first,45,129
multilingual,jlens_16p,fr-order-first-last,last,45,15
multilingual,jlens_16p,fr-order-first-last,French,52,125026
multilingual,jlens_16p,fr-order-first-last,order,52,95763
multilingual,jlens_16p,fr-order-first-last,first,52,206
multilingual,jlens_16p,fr-order-first-last,last,52,1
multilingual,rlens_16p,fr-order-first-last,French,8,205834
multilingual,rlens_16p,fr-order-first-last,order,8,209440
multilingual,rlens_16p,fr-order-first-last,first,8,159339
multilingual,rlens_16p,fr-order-first-last,last,8,39311
multilingual,rlens_16p,fr-order-first-last,French,15,160899
multilingual,rlens_16p,fr-order-first-last,order,15,170454
multilingual,rlens_16p,fr-order-first-last,first,15,91974
multilingual,rlens_16p,fr-order-first-last,last,15,54492
multilingual,rlens_16p,fr-order-first-last,French,22,138142
multilingual,rlens_16p,fr-order-first-last,order,22,159391
multilingual,rlens_16p,fr-order-first-last,first,22,60747
multilingual,rlens_16p,fr-order-first-last,last,22,39955
multilingual,rlens_16p,fr-order-first-last,French,30,101871
multilingual,rlens_16p,fr-order-first-last,order,30,120730
multilingual,rlens_16p,fr-order-first-last,first,30,10837
multilingual,rlens_16p,fr-order-first-last,last,30,42001
multilingual,rlens_16p,fr-order-first-last,French,38,144640
multilingual,rlens_16p,fr-order-first-last,order,38,78072
multilingual,rlens_16p,fr-order-first-last,first,38,12789
multilingual,rlens_16p,fr-order-first-last,last,38,373
multilingual,rlens_16p,fr-order-first-last,French,45,53565
multilingual,rlens_16p,fr-order-first-last,order,45,79433
multilingual,rlens_16p,fr-order-first-last,first,45,18
multilingual,rlens_16p,fr-order-first-last,last,45,2
multilingual,rlens_16p,fr-order-first-last,French,52,83636
multilingual,rlens_16p,fr-order-first-last,order,52,110089
multilingual,rlens_16p,fr-order-first-last,first,52,306
multilingual,rlens_16p,fr-order-first-last,last,52,1
multilingual,rlens_64p,fr-order-first-last,French,8,206330
multilingual,rlens_64p,fr-order-first-last,order,8,202844
multilingual,rlens_64p,fr-order-first-last,first,8,173255
multilingual,rlens_64p,fr-order-first-last,last,8,53892
multilingual,rlens_64p,fr-order-first-last,French,15,167910
multilingual,rlens_64p,fr-order-first-last,order,15,173690
multilingual,rlens_64p,fr-order-first-last,first,15,104841
multilingual,rlens_64p,fr-order-first-last,last,15,64269
multilingual,rlens_64p,fr-order-first-last,French,22,117276
multilingual,rlens_64p,fr-order-first-last,order,22,156771
multilingual,rlens_64p,fr-order-first-last,first,22,56698
multilingual,rlens_64p,fr-order-first-last,last,22,51568
multilingual,rlens_64p,fr-order-first-last,French,30,91804
multilingual,rlens_64p,fr-order-first-last,order,30,118231
multilingual,rlens_64p,fr-order-first-last,first,30,6827
multilingual,rlens_64p,fr-order-first-last,last,30,42693
multilingual,rlens_64p,fr-order-first-last,French,38,150998
multilingual,rlens_64p,fr-order-first-last,order,38,58728
multilingual,rlens_64p,fr-order-first-last,first,38,8984
multilingual,rlens_64p,fr-order-first-last,last,38,456
multilingual,rlens_64p,fr-order-first-last,French,45,66707
multilingual,rlens_64p,fr-order-first-last,order,45,59246
multilingual,rlens_64p,fr-order-first-last,first,45,22
multilingual,rlens_64p,fr-order-first-last,last,45,3
multilingual,rlens_64p,fr-order-first-last,French,52,98173
multilingual,rlens_64p,fr-order-first-last,order,52,98808
multilingual,rlens_64p,fr-order-first-last,first,52,325
multilingual,rlens_64p,fr-order-first-last,last,52,1
multilingual,jpp_64p,fr-order-first-last,French,8,137709
multilingual,jpp_64p,fr-order-first-last,order,8,173335
multilingual,jpp_64p,fr-order-first-last,first,8,144944
multilingual,jpp_64p,fr-order-first-last,last,8,54056
multilingual,jpp_64p,fr-order-first-last,French,15,132166
multilingual,jpp_64p,fr-order-first-last,order,15,165776
multilingual,jpp_64p,fr-order-first-last,first,15,108539
multilingual,jpp_64p,fr-order-first-last,last,15,33757
multilingual,jpp_64p,fr-order-first-last,French,22,86230
multilingual,jpp_64p,fr-order-first-last,order,22,142689
multilingual,jpp_64p,fr-order-first-last,first,22,51497
multilingual,jpp_64p,fr-order-first-last,last,22,27778
multilingual,jpp_64p,fr-order-first-last,French,30,113521
multilingual,jpp_64p,fr-order-first-last,order,30,148192
multilingual,jpp_64p,fr-order-first-last,first,30,9595
multilingual,jpp_64p,fr-order-first-last,last,30,34653
multilingual,jpp_64p,fr-order-first-last,French,38,24189
multilingual,jpp_64p,fr-order-first-last,order,38,43645
multilingual,jpp_64p,fr-order-first-last,first,38,6777
multilingual,jpp_64p,fr-order-first-last,last,38,30
multilingual,jpp_64p,fr-order-first-last,French,45,14304
multilingual,jpp_64p,fr-order-first-last,order,45,27677
multilingual,jpp_64p,fr-order-first-last,first,45,15
multilingual,jpp_64p,fr-order-first-last,last,45,1
multilingual,jpp_64p,fr-order-first-last,French,52,41387
multilingual,jpp_64p,fr-order-first-last,order,52,78818
multilingual,jpp_64p,fr-order-first-last,first,52,344
multilingual,jpp_64p,fr-order-first-last,last,52,1
multilingual,logit,de-order-first-last,German,8,6263
multilingual,logit,de-order-first-last,order,8,46843
multilingual,logit,de-order-first-last,first,8,66119
multilingual,logit,de-order-first-last,last,8,64757
multilingual,logit,de-order-first-last,German,15,5593
multilingual,logit,de-order-first-last,order,15,57405
multilingual,logit,de-order-first-last,first,15,112425
multilingual,logit,de-order-first-last,last,15,90928
multilingual,logit,de-order-first-last,German,22,7650
multilingual,logit,de-order-first-last,order,22,61831
multilingual,logit,de-order-first-last,first,22,86251
multilingual,logit,de-order-first-last,last,22,106478
multilingual,logit,de-order-first-last,German,30,7971
multilingual,logit,de-order-first-last,order,30,10809
multilingual,logit,de-order-first-last,first,30,1023
multilingual,logit,de-order-first-last,last,30,27924
multilingual,logit,de-order-first-last,German,38,9797
multilingual,logit,de-order-first-last,order,38,11286
multilingual,logit,de-order-first-last,first,38,216
multilingual,logit,de-order-first-last,last,38,586
multilingual,logit,de-order-first-last,German,45,4169
multilingual,logit,de-order-first-last,order,45,14846
multilingual,logit,de-order-first-last,first,45,24
multilingual,logit,de-order-first-last,last,45,4
multilingual,logit,de-order-first-last,German,52,86616
multilingual,logit,de-order-first-last,order,52,48439
multilingual,logit,de-order-first-last,first,52,406
multilingual,logit,de-order-first-last,last,52,1
multilingual,jlens_16p,de-order-first-last,German,8,16761
multilingual,jlens_16p,de-order-first-last,order,8,63713
multilingual,jlens_16p,de-order-first-last,first,8,24535
multilingual,jlens_16p,de-order-first-last,last,8,7869
multilingual,jlens_16p,de-order-first-last,German,15,92258
multilingual,jlens_16p,de-order-first-last,order,15,89876
multilingual,jlens_16p,de-order-first-last,first,15,100185
multilingual,jlens_16p,de-order-first-last,last,15,207927
multilingual,jlens_16p,de-order-first-last,German,22,88858
multilingual,jlens_16p,de-order-first-last,order,22,87098
multilingual,jlens_16p,de-order-first-last,first,22,93368
multilingual,jlens_16p,de-order-first-last,last,22,204850
multilingual,jlens_16p,de-order-first-last,German,30,148731
multilingual,jlens_16p,de-order-first-last,order,30,201703
multilingual,jlens_16p,de-order-first-last,first,30,104996
multilingual,jlens_16p,de-order-first-last,last,30,79775
multilingual,jlens_16p,de-order-first-last,German,38,107527
multilingual,jlens_16p,de-order-first-last,order,38,180619
multilingual,jlens_16p,de-order-first-last,first,38,93752
multilingual,jlens_16p,de-order-first-last,last,38,71914
multilingual,jlens_16p,de-order-first-last,German,45,125940
multilingual,jlens_16p,de-order-first-last,order,45,130544
multilingual,jlens_16p,de-order-first-last,first,45,191
multilingual,jlens_16p,de-order-first-last,last,45,14
multilingual,jlens_16p,de-order-first-last,German,52,50788
multilingual,jlens_16p,de-order-first-last,order,52,63213
multilingual,jlens_16p,de-order-first-last,first,52,149
multilingual,jlens_16p,de-order-first-last,last,52,1
multilingual,rlens_16p,de-order-first-last,German,8,13093
multilingual,rlens_16p,de-order-first-last,order,8,200942
multilingual,rlens_16p,de-order-first-last,first,8,175407
multilingual,rlens_16p,de-order-first-last,last,8,36460
multilingual,rlens_16p,de-order-first-last,German,15,9300
multilingual,rlens_16p,de-order-first-last,order,15,169484
multilingual,rlens_16p,de-order-first-last,first,15,106469
multilingual,rlens_16p,de-order-first-last,last,15,64477
multilingual,rlens_16p,de-order-first-last,German,22,12884
multilingual,rlens_16p,de-order-first-last,order,22,143083
multilingual,rlens_16p,de-order-first-last,first,22,69193
multilingual,rlens_16p,de-order-first-last,last,22,53041
multilingual,rlens_16p,de-order-first-last,German,30,37547
multilingual,rlens_16p,de-order-first-last,order,30,157132
multilingual,rlens_16p,de-order-first-last,first,30,32286
multilingual,rlens_16p,de-order-first-last,last,30,74310
multilingual,rlens_16p,de-order-first-last,German,38,75812
multilingual,rlens_16p,de-order-first-last,order,38,107455
multilingual,rlens_16p,de-order-first-last,first,38,4549
multilingual,rlens_16p,de-order-first-last,last,38,10140
multilingual,rlens_16p,de-order-first-last,German,45,89148
multilingual,rlens_16p,de-order-first-last,order,45,81516
multilingual,rlens_16p,de-order-first-last,first,45,33
multilingual,rlens_16p,de-order-first-last,last,45,4
multilingual,rlens_16p,de-order-first-last,German,52,27187
multilingual,rlens_16p,de-order-first-last,order,52,90896
multilingual,rlens_16p,de-order-first-last,first,52,160
multilingual,rlens_16p,de-order-first-last,last,52,1
multilingual,rlens_64p,de-order-first-last,German,8,14008
multilingual,rlens_64p,de-order-first-last,order,8,195144
multilingual,rlens_64p,de-order-first-last,first,8,191672
multilingual,rlens_64p,de-order-first-last,last,8,52886
multilingual,rlens_64p,de-order-first-last,German,15,10820
multilingual,rlens_64p,de-order-first-last,order,15,173681
multilingual,rlens_64p,de-order-first-last,first,15,123054
multilingual,rlens_64p,de-order-first-last,last,15,70773
multilingual,rlens_64p,de-order-first-last,German,22,9834
multilingual,rlens_64p,de-order-first-last,order,22,143692
multilingual,rlens_64p,de-order-first-last,first,22,66613
multilingual,rlens_64p,de-order-first-last,last,22,57244
multilingual,rlens_64p,de-order-first-last,German,30,30933
multilingual,rlens_64p,de-order-first-last,order,30,146450
multilingual,rlens_64p,de-order-first-last,first,30,24606
multilingual,rlens_64p,de-order-first-last,last,30,75134
multilingual,rlens_64p,de-order-first-last,German,38,67899
multilingual,rlens_64p,de-order-first-last,order,38,82012
multilingual,rlens_64p,de-order-first-last,first,38,3097
multilingual,rlens_64p,de-order-first-last,last,38,12309
multilingual,rlens_64p,de-order-first-last,German,45,81608
multilingual,rlens_64p,de-order-first-last,order,45,68308
multilingual,rlens_64p,de-order-first-last,first,45,34
multilingual,rlens_64p,de-order-first-last,last,45,5
multilingual,rlens_64p,de-order-first-last,German,52,27891
multilingual,rlens_64p,de-order-first-last,order,52,77584
multilingual,rlens_64p,de-order-first-last,first,52,150
multilingual,rlens_64p,de-order-first-last,last,52,1
multilingual,jpp_64p,de-order-first-last,German,8,12756
multilingual,jpp_64p,de-order-first-last,order,8,163487
multilingual,jpp_64p,de-order-first-last,first,8,178694
multilingual,jpp_64p,de-order-first-last,last,8,52331
multilingual,jpp_64p,de-order-first-last,German,15,3557
multilingual,jpp_64p,de-order-first-last,order,15,154687
multilingual,jpp_64p,de-order-first-last,first,15,123369
multilingual,jpp_64p,de-order-first-last,last,15,26734
multilingual,jpp_64p,de-order-first-last,German,22,5185
multilingual,jpp_64p,de-order-first-last,order,22,123661
multilingual,jpp_64p,de-order-first-last,first,22,61681
multilingual,jpp_64p,de-order-first-last,last,22,35620
multilingual,jpp_64p,de-order-first-last,German,30,26160
multilingual,jpp_64p,de-order-first-last,order,30,132296
multilingual,jpp_64p,de-order-first-last,first,30,37054
multilingual,jpp_64p,de-order-first-last,last,30,43372
multilingual,jpp_64p,de-order-first-last,German,38,10708
multilingual,jpp_64p,de-order-first-last,order,38,108447
multilingual,jpp_64p,de-order-first-last,first,38,3401
multilingual,jpp_64p,de-order-first-last,last,38,1455
multilingual,jpp_64p,de-order-first-last,German,45,38240
multilingual,jpp_64p,de-order-first-last,order,45,48844
multilingual,jpp_64p,de-order-first-last,first,45,22
multilingual,jpp_64p,de-order-first-last,last,45,1
multilingual,jpp_64p,de-order-first-last,German,52,23077
multilingual,jpp_64p,de-order-first-last,order,52,60007
multilingual,jpp_64p,de-order-first-last,first,52,166
multilingual,jpp_64p,de-order-first-last,last,52,1
multilingual,logit,es-order-first-last,español,8,98447
multilingual,logit,es-order-first-last,order,8,56481
multilingual,logit,es-order-first-last,first,8,49584
multilingual,logit,es-order-first-last,last,8,84171
multilingual,logit,es-order-first-last,español,15,119293
multilingual,logit,es-order-first-last,order,15,57814
multilingual,logit,es-order-first-last,first,15,93052
multilingual,logit,es-order-first-last,last,15,108628
multilingual,logit,es-order-first-last,español,22,23757
multilingual,logit,es-order-first-last,order,22,49541
multilingual,logit,es-order-first-last,first,22,89654
multilingual,logit,es-order-first-last,last,22,117570
multilingual,logit,es-order-first-last,español,30,87376
multilingual,logit,es-order-first-last,order,30,2037
multilingual,logit,es-order-first-last,first,30,48
multilingual,logit,es-order-first-last,last,30,983
multilingual,logit,es-order-first-last,español,38,77093
multilingual,logit,es-order-first-last,order,38,11160
multilingual,logit,es-order-first-last,first,38,43
multilingual,logit,es-order-first-last,last,38,624
multilingual,logit,es-order-first-last,español,45,106956
multilingual,logit,es-order-first-last,order,45,11704
multilingual,logit,es-order-first-last,first,45,3
multilingual,logit,es-order-first-last,last,45,4
multilingual,logit,es-order-first-last,español,52,154103
multilingual,logit,es-order-first-last,order,52,37920
multilingual,logit,es-order-first-last,first,52,95
multilingual,logit,es-order-first-last,last,52,1
multilingual,jlens_16p,es-order-first-last,español,8,33077
multilingual,jlens_16p,es-order-first-last,order,8,63205
multilingual,jlens_16p,es-order-first-last,first,8,24822
multilingual,jlens_16p,es-order-first-last,last,8,7957
multilingual,jlens_16p,es-order-first-last,español,15,180681
multilingual,jlens_16p,es-order-first-last,order,15,89560
multilingual,jlens_16p,es-order-first-last,first,15,100577
multilingual,jlens_16p,es-order-first-last,last,15,207189
multilingual,jlens_16p,es-order-first-last,español,22,179332
multilingual,jlens_16p,es-order-first-last,order,22,87063
multilingual,jlens_16p,es-order-first-last,first,22,95740
multilingual,jlens_16p,es-order-first-last,last,22,204845
multilingual,jlens_16p,es-order-first-last,español,30,154610
multilingual,jlens_16p,es-order-first-last,order,30,194137
multilingual,jlens_16p,es-order-first-last,first,30,94590
multilingual,jlens_16p,es-order-first-last,last,30,86679
multilingual,jlens_16p,es-order-first-last,español,38,212703
multilingual,jlens_16p,es-order-first-last,order,38,164319
multilingual,jlens_16p,es-order-first-last,first,38,25913
multilingual,jlens_16p,es-order-first-last,last,38,19384
multilingual,jlens_16p,es-order-first-last,español,45,135512
multilingual,jlens_16p,es-order-first-last,order,45,75367
multilingual,jlens_16p,es-order-first-last,first,45,6
multilingual,jlens_16p,es-order-first-last,last,45,23
multilingual,jlens_16p,es-order-first-last,español,52,192999
multilingual,jlens_16p,es-order-first-last,order,52,40264
multilingual,jlens_16p,es-order-first-last,first,52,49
multilingual,jlens_16p,es-order-first-last,last,52,1
multilingual,rlens_16p,es-order-first-last,español,8,184593
multilingual,rlens_16p,es-order-first-last,order,8,218783
multilingual,rlens_16p,es-order-first-last,first,8,167460
multilingual,rlens_16p,es-order-first-last,last,8,34536
multilingual,rlens_16p,es-order-first-last,español,15,97248
multilingual,rlens_16p,es-order-first-last,order,15,197907
multilingual,rlens_16p,es-order-first-last,first,15,99564
multilingual,rlens_16p,es-order-first-last,last,15,62223
multilingual,rlens_16p,es-order-first-last,español,22,49028
multilingual,rlens_16p,es-order-first-last,order,22,178956
multilingual,rlens_16p,es-order-first-last,first,22,55570
multilingual,rlens_16p,es-order-first-last,last,22,41022
multilingual,rlens_16p,es-order-first-last,español,30,56684
multilingual,rlens_16p,es-order-first-last,order,30,130504
multilingual,rlens_16p,es-order-first-last,first,30,5904
multilingual,rlens_16p,es-order-first-last,last,30,26296
multilingual,rlens_16p,es-order-first-last,español,38,71785
multilingual,rlens_16p,es-order-first-last,order,38,106054
multilingual,rlens_16p,es-order-first-last,first,38,590
multilingual,rlens_16p,es-order-first-last,last,38,1740
multilingual,rlens_16p,es-order-first-last,español,45,25288
multilingual,rlens_16p,es-order-first-last,order,45,44589
multilingual,rlens_16p,es-order-first-last,first,45,2
multilingual,rlens_16p,es-order-first-last,last,45,6
multilingual,rlens_16p,es-order-first-last,español,52,33555
multilingual,rlens_16p,es-order-first-last,order,52,59336
multilingual,rlens_16p,es-order-first-last,first,52,59
multilingual,rlens_16p,es-order-first-last,last,52,1
multilingual,rlens_64p,es-order-first-last,español,8,172815
multilingual,rlens_64p,es-order-first-last,order,8,214297
multilingual,rlens_64p,es-order-first-last,first,8,185356
multilingual,rlens_64p,es-order-first-last,last,8,42437
multilingual,rlens_64p,es-order-first-last,español,15,90021
multilingual,rlens_64p,es-order-first-last,order,15,200608
multilingual,rlens_64p,es-order-first-last,first,15,116461
multilingual,rlens_64p,es-order-first-last,last,15,66676
multilingual,rlens_64p,es-order-first-last,español,22,31722
multilingual,rlens_64p,es-order-first-last,order,22,176375
multilingual,rlens_64p,es-order-first-last,first,22,59316
multilingual,rlens_64p,es-order-first-last,last,22,50823
multilingual,rlens_64p,es-order-first-last,español,30,41779
multilingual,rlens_64p,es-order-first-last,order,30,124486
multilingual,rlens_64p,es-order-first-last,first,30,5050
multilingual,rlens_64p,es-order-first-last,last,30,35152
multilingual,rlens_64p,es-order-first-last,español,38,64041
multilingual,rlens_64p,es-order-first-last,order,38,83932
multilingual,rlens_64p,es-order-first-last,first,38,430
multilingual,rlens_64p,es-order-first-last,last,38,2056
multilingual,rlens_64p,es-order-first-last,español,45,31432
multilingual,rlens_64p,es-order-first-last,order,45,31686
multilingual,rlens_64p,es-order-first-last,first,45,1
multilingual,rlens_64p,es-order-first-last,last,45,15
multilingual,rlens_64p,es-order-first-last,español,52,44932
multilingual,rlens_64p,es-order-first-last,order,52,47642
multilingual,rlens_64p,es-order-first-last,first,52,63
multilingual,rlens_64p,es-order-first-last,last,52,1
multilingual,jpp_64p,es-order-first-last,español,8,190979
multilingual,jpp_64p,es-order-first-last,order,8,195850
multilingual,jpp_64p,es-order-first-last,first,8,175798
multilingual,jpp_64p,es-order-first-last,last,8,52381
multilingual,jpp_64p,es-order-first-last,español,15,97954
multilingual,jpp_64p,es-order-first-last,order,15,186905
multilingual,jpp_64p,es-order-first-last,first,15,112363
multilingual,jpp_64p,es-order-first-last,last,15,31424
multilingual,jpp_64p,es-order-first-last,español,22,43762
multilingual,jpp_64p,es-order-first-last,order,22,164633
multilingual,jpp_64p,es-order-first-last,first,22,74553
multilingual,jpp_64p,es-order-first-last,last,22,32122
multilingual,jpp_64p,es-order-first-last,español,30,15210
multilingual,jpp_64p,es-order-first-last,order,30,109864
multilingual,jpp_64p,es-order-first-last,first,30,9417
multilingual,jpp_64p,es-order-first-last,last,30,16523
multilingual,jpp_64p,es-order-first-last,español,38,18744
multilingual,jpp_64p,es-order-first-last,order,38,84772
multilingual,jpp_64p,es-order-first-last,first,38,528
multilingual,jpp_64p,es-order-first-last,last,38,110
multilingual,jpp_64p,es-order-first-last,español,45,28176
multilingual,jpp_64p,es-order-first-last,order,45,10294
multilingual,jpp_64p,es-order-first-last,first,45,1
multilingual,jpp_64p,es-order-first-last,last,45,4
multilingual,jpp_64p,es-order-first-last,español,52,46671
multilingual,jpp_64p,es-order-first-last,order,52,37016
multilingual,jpp_64p,es-order-first-last,first,52,64
multilingual,jpp_64p,es-order-first-last,last,52,1
multilingual,logit,pt-order-first-last,português,8,215439
multilingual,logit,pt-order-first-last,order,8,42235
multilingual,logit,pt-order-first-last,first,8,54961
multilingual,logit,pt-order-first-last,last,8,72089
multilingual,logit,pt-order-first-last,português,15,212466
multilingual,logit,pt-order-first-last,order,15,32921
multilingual,logit,pt-order-first-last,first,15,63252
multilingual,logit,pt-order-first-last,last,15,82356
multilingual,logit,pt-order-first-last,português,22,92467
multilingual,logit,pt-order-first-last,order,22,39997
multilingual,logit,pt-order-first-last,first,22,77353
multilingual,logit,pt-order-first-last,last,22,122994
multilingual,logit,pt-order-first-last,português,30,180306
multilingual,logit,pt-order-first-last,order,30,1823
multilingual,logit,pt-order-first-last,first,30,23
multilingual,logit,pt-order-first-last,last,30,276
multilingual,logit,pt-order-first-last,português,38,116547
multilingual,logit,pt-order-first-last,order,38,6657
multilingual,logit,pt-order-first-last,first,38,69
multilingual,logit,pt-order-first-last,last,38,93
multilingual,logit,pt-order-first-last,português,45,85259
multilingual,logit,pt-order-first-last,order,45,8611
multilingual,logit,pt-order-first-last,first,45,6
multilingual,logit,pt-order-first-last,last,45,3
multilingual,logit,pt-order-first-last,português,52,45919
multilingual,logit,pt-order-first-last,order,52,20747
multilingual,logit,pt-order-first-last,first,52,256
multilingual,logit,pt-order-first-last,last,52,1
multilingual,jlens_16p,pt-order-first-last,português,8,133686
multilingual,jlens_16p,pt-order-first-last,order,8,64628
multilingual,jlens_16p,pt-order-first-last,first,8,24988
multilingual,jlens_16p,pt-order-first-last,last,8,7801
multilingual,jlens_16p,pt-order-first-last,português,15,119071
multilingual,jlens_16p,pt-order-first-last,order,15,89302
multilingual,jlens_16p,pt-order-first-last,first,15,100285
multilingual,jlens_16p,pt-order-first-last,last,15,207783
multilingual,jlens_16p,pt-order-first-last,português,22,119984
multilingual,jlens_16p,pt-order-first-last,order,22,88581
multilingual,jlens_16p,pt-order-first-last,first,22,97832
multilingual,jlens_16p,pt-order-first-last,last,22,206403
multilingual,jlens_16p,pt-order-first-last,português,30,65564
multilingual,jlens_16p,pt-order-first-last,order,30,184515
multilingual,jlens_16p,pt-order-first-last,first,30,113184
multilingual,jlens_16p,pt-order-first-last,last,30,93552
multilingual,jlens_16p,pt-order-first-last,português,38,103279
multilingual,jlens_16p,pt-order-first-last,order,38,179060
multilingual,jlens_16p,pt-order-first-last,first,38,72931
multilingual,jlens_16p,pt-order-first-last,last,38,15485
multilingual,jlens_16p,pt-order-first-last,português,45,185552
multilingual,jlens_16p,pt-order-first-last,order,45,100407
multilingual,jlens_16p,pt-order-first-last,first,45,9
multilingual,jlens_16p,pt-order-first-last,last,45,7
multilingual,jlens_16p,pt-order-first-last,português,52,153165
multilingual,jlens_16p,pt-order-first-last,order,52,61704
multilingual,jlens_16p,pt-order-first-last,first,52,141
multilingual,jlens_16p,pt-order-first-last,last,52,1
multilingual,rlens_16p,pt-order-first-last,português,8,73742
multilingual,rlens_16p,pt-order-first-last,order,8,220958
multilingual,rlens_16p,pt-order-first-last,first,8,187578
multilingual,rlens_16p,pt-order-first-last,last,8,68771
multilingual,rlens_16p,pt-order-first-last,português,15,14045
multilingual,rlens_16p,pt-order-first-last,order,15,201295
multilingual,rlens_16p,pt-order-first-last,first,15,125112
multilingual,rlens_16p,pt-order-first-last,last,15,93255
multilingual,rlens_16p,pt-order-first-last,português,22,3337
multilingual,rlens_16p,pt-order-first-last,order,22,173583
multilingual,rlens_16p,pt-order-first-last,first,22,63143
multilingual,rlens_16p,pt-order-first-last,last,22,67777
multilingual,rlens_16p,pt-order-first-last,português,30,17264
multilingual,rlens_16p,pt-order-first-last,order,30,147922
multilingual,rlens_16p,pt-order-first-last,first,30,7635
multilingual,rlens_16p,pt-order-first-last,last,30,59506
multilingual,rlens_16p,pt-order-first-last,português,38,37427
multilingual,rlens_16p,pt-order-first-last,order,38,94694
multilingual,rlens_16p,pt-order-first-last,first,38,4185
multilingual,rlens_16p,pt-order-first-last,last,38,382
multilingual,rlens_16p,pt-order-first-last,português,45,103631
multilingual,rlens_16p,pt-order-first-last,order,45,64821
multilingual,rlens_16p,pt-order-first-last,first,45,4
multilingual,rlens_16p,pt-order-first-last,last,45,1
multilingual,rlens_16p,pt-order-first-last,português,52,87396
multilingual,rlens_16p,pt-order-first-last,order,52,92561
multilingual,rlens_16p,pt-order-first-last,first,52,231
multilingual,rlens_16p,pt-order-first-last,last,52,1
multilingual,rlens_64p,pt-order-first-last,português,8,80365
multilingual,rlens_64p,pt-order-first-last,order,8,217856
multilingual,rlens_64p,pt-order-first-last,first,8,203375
multilingual,rlens_64p,pt-order-first-last,last,8,79554
multilingual,rlens_64p,pt-order-first-last,português,15,12499
multilingual,rlens_64p,pt-order-first-last,order,15,206855
multilingual,rlens_64p,pt-order-first-last,first,15,134422
multilingual,rlens_64p,pt-order-first-last,last,15,103114
multilingual,rlens_64p,pt-order-first-last,português,22,2470
multilingual,rlens_64p,pt-order-first-last,order,22,174894
multilingual,rlens_64p,pt-order-first-last,first,22,71385
multilingual,rlens_64p,pt-order-first-last,last,22,74602
multilingual,rlens_64p,pt-order-first-last,português,30,15235
multilingual,rlens_64p,pt-order-first-last,order,30,133917
multilingual,rlens_64p,pt-order-first-last,first,30,7425
multilingual,rlens_64p,pt-order-first-last,last,30,62043
multilingual,rlens_64p,pt-order-first-last,português,38,31848
multilingual,rlens_64p,pt-order-first-last,order,38,71852
multilingual,rlens_64p,pt-order-first-last,first,38,3651
multilingual,rlens_64p,pt-order-first-last,last,38,457
multilingual,rlens_64p,pt-order-first-last,português,45,92026
multilingual,rlens_64p,pt-order-first-last,order,45,45291
multilingual,rlens_64p,pt-order-first-last,first,45,4
multilingual,rlens_64p,pt-order-first-last,last,45,1
multilingual,rlens_64p,pt-order-first-last,português,52,78049
multilingual,rlens_64p,pt-order-first-last,order,52,77209
multilingual,rlens_64p,pt-order-first-last,first,52,258
multilingual,rlens_64p,pt-order-first-last,last,52,1
multilingual,jpp_64p,pt-order-first-last,português,8,107521
multilingual,jpp_64p,pt-order-first-last,order,8,200497
multilingual,jpp_64p,pt-order-first-last,first,8,186756
multilingual,jpp_64p,pt-order-first-last,last,8,61328
multilingual,jpp_64p,pt-order-first-last,português,15,15746
multilingual,jpp_64p,pt-order-first-last,order,15,186893
multilingual,jpp_64p,pt-order-first-last,first,15,126443
multilingual,jpp_64p,pt-order-first-last,last,15,77628
multilingual,jpp_64p,pt-order-first-last,português,22,3204
multilingual,jpp_64p,pt-order-first-last,order,22,158646
multilingual,jpp_64p,pt-order-first-last,first,22,84814
multilingual,jpp_64p,pt-order-first-last,last,22,63196
multilingual,jpp_64p,pt-order-first-last,português,30,25627
multilingual,jpp_64p,pt-order-first-last,order,30,122594
multilingual,jpp_64p,pt-order-first-last,first,30,13641
multilingual,jpp_64p,pt-order-first-last,last,30,26962
multilingual,jpp_64p,pt-order-first-last,português,38,5249
multilingual,jpp_64p,pt-order-first-last,order,38,82530
multilingual,jpp_64p,pt-order-first-last,first,38,5733
multilingual,jpp_64p,pt-order-first-last,last,38,10
multilingual,jpp_64p,pt-order-first-last,português,45,34582
multilingual,jpp_64p,pt-order-first-last,order,45,8691
multilingual,jpp_64p,pt-order-first-last,first,45,3
multilingual,jpp_64p,pt-order-first-last,last,45,1
multilingual,jpp_64p,pt-order-first-last,português,52,114169
multilingual,jpp_64p,pt-order-first-last,order,52,56477
multilingual,jpp_64p,pt-order-first-last,first,52,293
multilingual,jpp_64p,pt-order-first-last,last,52,1
multilingual,logit,frn-month-after-jun,français,8,110308
multilingual,logit,frn-month-after-jun,month,8,69825
multilingual,logit,frn-month-after-jun,June,8,198766
multilingual,logit,frn-month-after-jun,July,8,175401
multilingual,logit,frn-month-after-jun,français,15,121520
multilingual,logit,frn-month-after-jun,month,15,76685
multilingual,logit,frn-month-after-jun,June,15,206180
multilingual,logit,frn-month-after-jun,July,15,204720
multilingual,logit,frn-month-after-jun,français,22,87181
multilingual,logit,frn-month-after-jun,month,22,77356
multilingual,logit,frn-month-after-jun,June,22,158162
multilingual,logit,frn-month-after-jun,July,22,138846
multilingual,logit,frn-month-after-jun,français,30,11882
multilingual,logit,frn-month-after-jun,month,30,27872
multilingual,logit,frn-month-after-jun,June,30,9038
multilingual,logit,frn-month-after-jun,July,30,46876
multilingual,logit,frn-month-after-jun,français,38,1748
multilingual,logit,frn-month-after-jun,month,38,3487
multilingual,logit,frn-month-after-jun,June,38,5639
multilingual,logit,frn-month-after-jun,July,38,71034
multilingual,logit,frn-month-after-jun,français,45,8026
multilingual,logit,frn-month-after-jun,month,45,73
multilingual,logit,frn-month-after-jun,June,45,38
multilingual,logit,frn-month-after-jun,July,45,76
multilingual,logit,frn-month-after-jun,français,52,30126
multilingual,logit,frn-month-after-jun,month,52,101
multilingual,logit,frn-month-after-jun,June,52,5
multilingual,logit,frn-month-after-jun,July,52,2
multilingual,jlens_16p,frn-month-after-jun,français,8,37778
multilingual,jlens_16p,frn-month-after-jun,month,8,438
multilingual,jlens_16p,frn-month-after-jun,June,8,67327
multilingual,jlens_16p,frn-month-after-jun,July,8,37778
multilingual,jlens_16p,frn-month-after-jun,français,15,126673
multilingual,jlens_16p,frn-month-after-jun,month,15,137615
multilingual,jlens_16p,frn-month-after-jun,June,15,159336
multilingual,jlens_16p,frn-month-after-jun,July,15,88809
multilingual,jlens_16p,frn-month-after-jun,français,22,108793
multilingual,jlens_16p,frn-month-after-jun,month,22,117393
multilingual,jlens_16p,frn-month-after-jun,June,22,157987
multilingual,jlens_16p,frn-month-after-jun,July,22,71691
multilingual,jlens_16p,frn-month-after-jun,français,30,49570
multilingual,jlens_16p,frn-month-after-jun,month,30,202414
multilingual,jlens_16p,frn-month-after-jun,June,30,107960
multilingual,jlens_16p,frn-month-after-jun,July,30,250252
multilingual,jlens_16p,frn-month-after-jun,français,38,26635
multilingual,jlens_16p,frn-month-after-jun,month,38,157299
multilingual,jlens_16p,frn-month-after-jun,June,38,64279
multilingual,jlens_16p,frn-month-after-jun,July,38,223792
multilingual,jlens_16p,frn-month-after-jun,français,45,74504
multilingual,jlens_16p,frn-month-after-jun,month,45,69628
multilingual,jlens_16p,frn-month-after-jun,June,45,57863
multilingual,jlens_16p,frn-month-after-jun,July,45,140486
multilingual,jlens_16p,frn-month-after-jun,français,52,36874
multilingual,jlens_16p,frn-month-after-jun,month,52,392
multilingual,jlens_16p,frn-month-after-jun,June,52,13
multilingual,jlens_16p,frn-month-after-jun,July,52,2
multilingual,rlens_16p,frn-month-after-jun,français,8,107050
multilingual,rlens_16p,frn-month-after-jun,month,8,164685
multilingual,rlens_16p,frn-month-after-jun,June,8,196523
multilingual,rlens_16p,frn-month-after-jun,July,8,251638
multilingual,rlens_16p,frn-month-after-jun,français,15,33114
multilingual,rlens_16p,frn-month-after-jun,month,15,175681
multilingual,rlens_16p,frn-month-after-jun,June,15,196779
multilingual,rlens_16p,frn-month-after-jun,July,15,251944
multilingual,rlens_16p,frn-month-after-jun,français,22,16070
multilingual,rlens_16p,frn-month-after-jun,month,22,151173
multilingual,rlens_16p,frn-month-after-jun,June,22,175364
multilingual,rlens_16p,frn-month-after-jun,July,22,252029
multilingual,rlens_16p,frn-month-after-jun,français,30,8363
multilingual,rlens_16p,frn-month-after-jun,month,30,207884
multilingual,rlens_16p,frn-month-after-jun,June,30,94253
multilingual,rlens_16p,frn-month-after-jun,July,30,247588
multilingual,rlens_16p,frn-month-after-jun,français,38,2337
multilingual,rlens_16p,frn-month-after-jun,month,38,175347
multilingual,rlens_16p,frn-month-after-jun,June,38,85282
multilingual,rlens_16p,frn-month-after-jun,July,38,241982
multilingual,rlens_16p,frn-month-after-jun,français,45,15355
multilingual,rlens_16p,frn-month-after-jun,month,45,25356
multilingual,rlens_16p,frn-month-after-jun,June,45,5564
multilingual,rlens_16p,frn-month-after-jun,July,45,58478
multilingual,rlens_16p,frn-month-after-jun,français,52,18216
multilingual,rlens_16p,frn-month-after-jun,month,52,88
multilingual,rlens_16p,frn-month-after-jun,June,52,12
multilingual,rlens_16p,frn-month-after-jun,July,52,3
multilingual,rlens_64p,frn-month-after-jun,français,8,101943
multilingual,rlens_64p,frn-month-after-jun,month,8,168848
multilingual,rlens_64p,frn-month-after-jun,June,8,197531
multilingual,rlens_64p,frn-month-after-jun,July,8,251579
multilingual,rlens_64p,frn-month-after-jun,français,15,33973
multilingual,rlens_64p,frn-month-after-jun,month,15,180186
multilingual,rlens_64p,frn-month-after-jun,June,15,201268
multilingual,rlens_64p,frn-month-after-jun,July,15,251853
multilingual,rlens_64p,frn-month-after-jun,français,22,16015
multilingual,rlens_64p,frn-month-after-jun,month,22,161642
multilingual,rlens_64p,frn-month-after-jun,June,22,181300
multilingual,rlens_64p,frn-month-after-jun,July,22,251767
multilingual,rlens_64p,frn-month-after-jun,français,30,7420
multilingual,rlens_64p,frn-month-after-jun,month,30,203615
multilingual,rlens_64p,frn-month-after-jun,June,30,107099
multilingual,rlens_64p,frn-month-after-jun,July,30,248254
multilingual,rlens_64p,frn-month-after-jun,français,38,2345
multilingual,rlens_64p,frn-month-after-jun,month,38,175639
multilingual,rlens_64p,frn-month-after-jun,June,38,106085
multilingual,rlens_64p,frn-month-after-jun,July,38,245618
multilingual,rlens_64p,frn-month-after-jun,français,45,14850
multilingual,rlens_64p,frn-month-after-jun,month,45,22785
multilingual,rlens_64p,frn-month-after-jun,June,45,5440
multilingual,rlens_64p,frn-month-after-jun,July,45,74581
multilingual,rlens_64p,frn-month-after-jun,français,52,19426
multilingual,rlens_64p,frn-month-after-jun,month,52,98
multilingual,rlens_64p,frn-month-after-jun,June,52,13
multilingual,rlens_64p,frn-month-after-jun,July,52,3
multilingual,jpp_64p,frn-month-after-jun,français,8,103018
multilingual,jpp_64p,frn-month-after-jun,month,8,117260
multilingual,jpp_64p,frn-month-after-jun,June,8,232042
multilingual,jpp_64p,frn-month-after-jun,July,8,251629
multilingual,jpp_64p,frn-month-after-jun,français,15,22818
multilingual,jpp_64p,frn-month-after-jun,month,15,183371
multilingual,jpp_64p,frn-month-after-jun,June,15,228913
multilingual,jpp_64p,frn-month-after-jun,July,15,252580
multilingual,jpp_64p,frn-month-after-jun,français,22,12918
multilingual,jpp_64p,frn-month-after-jun,month,22,135391
multilingual,jpp_64p,frn-month-after-jun,June,22,194406
multilingual,jpp_64p,frn-month-after-jun,July,22,251507
multilingual,jpp_64p,frn-month-after-jun,français,30,7150
multilingual,jpp_64p,frn-month-after-jun,month,30,173626
multilingual,jpp_64p,frn-month-after-jun,June,30,121863
multilingual,jpp_64p,frn-month-after-jun,July,30,244566
multilingual,jpp_64p,frn-month-after-jun,français,38,47
multilingual,jpp_64p,frn-month-after-jun,month,38,160063
multilingual,jpp_64p,frn-month-after-jun,June,38,107168
multilingual,jpp_64p,frn-month-after-jun,July,38,160994
multilingual,jpp_64p,frn-month-after-jun,français,45,4256
multilingual,jpp_64p,frn-month-after-jun,month,45,3826
multilingual,jpp_64p,frn-month-after-jun,June,45,19493
multilingual,jpp_64p,frn-month-after-jun,July,45,27842
multilingual,jpp_64p,frn-month-after-jun,français,52,11462
multilingual,jpp_64p,frn-month-after-jun,month,52,67
multilingual,jpp_64p,frn-month-after-jun,June,52,9
multilingual,jpp_64p,frn-month-after-jun,July,52,1
typo,logit,typo-language,language,8,6404
typo,logit,typo-language,language,15,7285
typo,logit,typo-language,language,22,3463
typo,logit,typo-language,language,30,4258
typo,logit,typo-language,language,38,2845
typo,logit,typo-language,language,45,39
typo,logit,typo-language,language,52,3
typo,jlens_16p,typo-language,language,8,52907
typo,jlens_16p,typo-language,language,15,103674
typo,jlens_16p,typo-language,language,22,104833
typo,jlens_16p,typo-language,language,30,31343
typo,jlens_16p,typo-language,language,38,11605
typo,jlens_16p,typo-language,language,45,392
typo,jlens_16p,typo-language,language,52,3
typo,rlens_16p,typo-language,language,8,2037
typo,rlens_16p,typo-language,language,15,15
typo,rlens_16p,typo-language,language,22,5
typo,rlens_16p,typo-language,language,30,5
typo,rlens_16p,typo-language,language,38,13
typo,rlens_16p,typo-language,language,45,6
typo,rlens_16p,typo-language,language,52,1
typo,rlens_64p,typo-language,language,8,3817
typo,rlens_64p,typo-language,language,15,38
typo,rlens_64p,typo-language,language,22,8
typo,rlens_64p,typo-language,language,30,11
typo,rlens_64p,typo-language,language,38,17
typo,rlens_64p,typo-language,language,45,7
typo,rlens_64p,typo-language,language,52,1
typo,jpp_64p,typo-language,language,8,11
typo,jpp_64p,typo-language,language,15,3
typo,jpp_64p,typo-language,language,22,3
typo,jpp_64p,typo-language,language,30,3
typo,jpp_64p,typo-language,language,38,5
typo,jpp_64p,typo-language,language,45,2
typo,jpp_64p,typo-language,language,52,1
typo,logit,typo-government,government,8,34809
typo,logit,typo-government,government,15,24812
typo,logit,typo-government,government,22,38915
typo,logit,typo-government,government,30,547
typo,logit,typo-government,government,38,714
typo,logit,typo-government,government,45,15
typo,logit,typo-government,government,52,5
typo,jlens_16p,typo-government,government,8,16532
typo,jlens_16p,typo-government,government,15,113632
typo,jlens_16p,typo-government,government,22,112095
typo,jlens_16p,typo-government,government,30,36476
typo,jlens_16p,typo-government,government,38,44961
typo,jlens_16p,typo-government,government,45,195
typo,jlens_16p,typo-government,government,52,2
typo,rlens_16p,typo-government,government,8,403
typo,rlens_16p,typo-government,government,15,3
typo,rlens_16p,typo-government,government,22,2
typo,rlens_16p,typo-government,government,30,105
typo,rlens_16p,typo-government,government,38,1952
typo,rlens_16p,typo-government,government,45,5
typo,rlens_16p,typo-government,government,52,1
typo,rlens_64p,typo-government,government,8,612
typo,rlens_64p,typo-government,government,15,4
typo,rlens_64p,typo-government,government,22,2
typo,rlens_64p,typo-government,government,30,192
typo,rlens_64p,typo-government,government,38,2411
typo,rlens_64p,typo-government,government,45,5
typo,rlens_64p,typo-government,government,52,1
typo,jpp_64p,typo-government,government,8,4
typo,jpp_64p,typo-government,government,15,1
typo,jpp_64p,typo-government,government,22,1
typo,jpp_64p,typo-government,government,30,1
typo,jpp_64p,typo-government,government,38,280
typo,jpp_64p,typo-government,government,45,3
typo,jpp_64p,typo-government,government,52,1
typo,logit,typo-across,across,8,42710
typo,logit,typo-across,across,15,44562
typo,logit,typo-across,across,22,77301
typo,logit,typo-across,across,30,31141
typo,logit,typo-across,across,38,1127
typo,logit,typo-across,across,45,9
typo,logit,typo-across,across,52,3
typo,jlens_16p,typo-across,across,8,28031
typo,jlens_16p,typo-across,across,15,204887
typo,jlens_16p,typo-across,across,22,204306
typo,jlens_16p,typo-across,across,30,1215
typo,jlens_16p,typo-across,across,38,1958
typo,jlens_16p,typo-across,across,45,45
typo,jlens_16p,typo-across,across,52,1
typo,rlens_16p,typo-across,across,8,69
typo,rlens_16p,typo-across,across,15,3
typo,rlens_16p,typo-across,across,22,3
typo,rlens_16p,typo-across,across,30,45
typo,rlens_16p,typo-across,across,38,7
typo,rlens_16p,typo-across,across,45,2
typo,rlens_16p,typo-across,across,52,1
typo,rlens_64p,typo-across,across,8,27
typo,rlens_64p,typo-across,across,15,3
typo,rlens_64p,typo-across,across,22,3
typo,rlens_64p,typo-across,across,30,27
typo,rlens_64p,typo-across,across,38,5
typo,rlens_64p,typo-across,across,45,1
typo,rlens_64p,typo-across,across,52,1
typo,jpp_64p,typo-across,across,8,1
typo,jpp_64p,typo-across,across,15,1
typo,jpp_64p,typo-across,across,22,1
typo,jpp_64p,typo-across,across,30,3
typo,jpp_64p,typo-across,across,38,2
typo,jpp_64p,typo-across,across,45,2
typo,jpp_64p,typo-across,across,52,1
typo,logit,typo-address,address,8,65808
typo,logit,typo-address,address,15,49385
typo,logit,typo-address,address,22,13533
typo,logit,typo-address,address,30,330
typo,logit,typo-address,address,38,184
typo,logit,typo-address,address,45,3
typo,logit,typo-address,address,52,1
typo,jlens_16p,typo-address,address,8,7995
typo,jlens_16p,typo-address,address,15,98698
typo,jlens_16p,typo-address,address,22,99051
typo,jlens_16p,typo-address,address,30,73823
typo,jlens_16p,typo-address,address,38,28099
typo,jlens_16p,typo-address,address,45,151
typo,jlens_16p,typo-address,address,52,1
typo,rlens_16p,typo-address,address,8,33945
typo,rlens_16p,typo-address,address,15,10988
typo,rlens_16p,typo-address,address,22,1894
typo,rlens_16p,typo-address,address,30,290
typo,rlens_16p,typo-address,address,38,24
typo,rlens_16p,typo-address,address,45,1
typo,rlens_16p,typo-address,address,52,1
typo,rlens_64p,typo-address,address,8,40986
typo,rlens_64p,typo-address,address,15,8567
typo,rlens_64p,typo-address,address,22,1220
typo,rlens_64p,typo-address,address,30,475
typo,rlens_64p,typo-address,address,38,32
typo,rlens_64p,typo-address,address,45,1
typo,rlens_64p,typo-address,address,52,1
typo,jpp_64p,typo-address,address,8,2
typo,jpp_64p,typo-address,address,15,11
typo,jpp_64p,typo-address,address,22,4
typo,jpp_64p,typo-address,address,30,24
typo,jpp_64p,typo-address,address,38,5
typo,jpp_64p,typo-address,address,45,1
typo,jpp_64p,typo-address,address,52,1
typo,logit,typo-until,until,8,1
typo,logit,typo-until,until,15,148
typo,logit,typo-until,until,22,405
typo,logit,typo-until,until,30,7915
typo,logit,typo-until,until,38,276
typo,logit,typo-until,until,45,5
typo,logit,typo-until,until,52,3
typo,jlens_16p,typo-until,until,8,68901
typo,jlens_16p,typo-until,until,15,89793
typo,jlens_16p,typo-until,until,22,87279
typo,jlens_16p,typo-until,until,30,17693
typo,jlens_16p,typo-until,until,38,13721
typo,jlens_16p,typo-until,until,45,70
typo,jlens_16p,typo-until,until,52,3
typo,rlens_16p,typo-until,until,8,39
typo,rlens_16p,typo-until,until,15,1
typo,rlens_16p,typo-until,until,22,1
typo,rlens_16p,typo-until,until,30,4
typo,rlens_16p,typo-until,until,38,23
typo,rlens_16p,typo-until,until,45,5
typo,rlens_16p,typo-until,until,52,1
typo,rlens_64p,typo-until,until,8,52
typo,rlens_64p,typo-until,until,15,3
typo,rlens_64p,typo-until,until,22,2
typo,rlens_64p,typo-until,until,30,4
typo,rlens_64p,typo-until,until,38,11
typo,rlens_64p,typo-until,until,45,3
typo,rlens_64p,typo-until,until,52,1
typo,jpp_64p,typo-until,until,8,1
typo,jpp_64p,typo-until,until,15,1
typo,jpp_64p,typo-until,until,22,1
typo,jpp_64p,typo-until,until,30,2
typo,jpp_64p,typo-until,until,38,3
typo,jpp_64p,typo-until,until,45,1
typo,jpp_64p,typo-until,until,52,1
typo,logit,typo-people,people,8,24557
typo,logit,typo-people,people,15,15046
typo,logit,typo-people,people,22,12539
typo,logit,typo-people,people,30,17790
typo,logit,typo-people,people,38,8015
typo,logit,typo-people,people,45,72
typo,logit,typo-people,people,52,1
typo,jlens_16p,typo-people,people,8,87989
typo,jlens_16p,typo-people,people,15,117568
typo,jlens_16p,typo-people,people,22,117354
typo,jlens_16p,typo-people,people,30,7153
typo,jlens_16p,typo-people,people,38,27640
typo,jlens_16p,typo-people,people,45,1822
typo,jlens_16p,typo-people,people,52,1
typo,rlens_16p,typo-people,people,8,653
typo,rlens_16p,typo-people,people,15,2
typo,rlens_16p,typo-people,people,22,2
typo,rlens_16p,typo-people,people,30,115
typo,rlens_16p,typo-people,people,38,3777
typo,rlens_16p,typo-people,people,45,367
typo,rlens_16p,typo-people,people,52,1
typo,rlens_64p,typo-people,people,8,1327
typo,rlens_64p,typo-people,people,15,15
typo,rlens_64p,typo-people,people,22,6
typo,rlens_64p,typo-people,people,30,252
typo,rlens_64p,typo-people,people,38,5759
typo,rlens_64p,typo-people,people,45,364
typo,rlens_64p,typo-people,people,52,1
typo,jpp_64p,typo-people,people,8,1
typo,jpp_64p,typo-people,people,15,2
typo,jpp_64p,typo-people,people,22,1
typo,jpp_64p,typo-people,people,30,20
typo,jpp_64p,typo-people,people,38,117
typo,jpp_64p,typo-people,people,45,11
typo,jpp_64p,typo-people,people,52,1
typo,logit,typo-something,something,8,5004
typo,logit,typo-something,something,15,35563
typo,logit,typo-something,something,22,27946
typo,logit,typo-something,something,30,3340
typo,logit,typo-something,something,38,328
typo,logit,typo-something,something,45,69
typo,logit,typo-something,something,52,3
typo,jlens_16p,typo-something,something,8,111466
typo,jlens_16p,typo-something,something,15,20484
typo,jlens_16p,typo-something,something,22,19270
typo,jlens_16p,typo-something,something,30,13557
typo,jlens_16p,typo-something,something,38,310
typo,jlens_16p,typo-something,something,45,43
typo,jlens_16p,typo-something,something,52,1
typo,rlens_16p,typo-something,something,8,17
typo,rlens_16p,typo-something,something,15,5
typo,rlens_16p,typo-something,something,22,3
typo,rlens_16p,typo-something,something,30,3
typo,rlens_16p,typo-something,something,38,3
typo,rlens_16p,typo-something,something,45,12
typo,rlens_16p,typo-something,something,52,1
typo,rlens_64p,typo-something,something,8,18
typo,rlens_64p,typo-something,something,15,5
typo,rlens_64p,typo-something,something,22,2
typo,rlens_64p,typo-something,something,30,5
typo,rlens_64p,typo-something,something,38,4
typo,rlens_64p,typo-something,something,45,10
typo,rlens_64p,typo-something,something,52,1
typo,jpp_64p,typo-something,something,8,3
typo,jpp_64p,typo-something,something,15,1
typo,jpp_64p,typo-something,something,22,1
typo,jpp_64p,typo-something,something,30,1
typo,jpp_64p,typo-something,something,38,5
typo,jpp_64p,typo-something,something,45,1
typo,jpp_64p,typo-something,something,52,1
typo,logit,typo-business,business,8,26523
typo,logit,typo-business,business,15,22665
typo,logit,typo-business,business,22,34635
typo,logit,typo-business,business,30,152
typo,logit,typo-business,business,38,56
typo,logit,typo-business,business,45,6
typo,logit,typo-business,business,52,13
typo,jlens_16p,typo-business,business,8,71286
typo,jlens_16p,typo-business,business,15,56760
typo,jlens_16p,typo-business,business,22,59351
typo,jlens_16p,typo-business,business,30,34929
typo,jlens_16p,typo-business,business,38,740
typo,jlens_16p,typo-business,business,45,10
typo,jlens_16p,typo-business,business,52,2
typo,rlens_16p,typo-business,business,8,891
typo,rlens_16p,typo-business,business,15,23
typo,rlens_16p,typo-business,business,22,4
typo,rlens_16p,typo-business,business,30,15
typo,rlens_16p,typo-business,business,38,9
typo,rlens_16p,typo-business,business,45,3
typo,rlens_16p,typo-business,business,52,2
typo,rlens_64p,typo-business,business,8,1632
typo,rlens_64p,typo-business,business,15,37
typo,rlens_64p,typo-business,business,22,7
typo,rlens_64p,typo-business,business,30,38
typo,rlens_64p,typo-business,business,38,21
typo,rlens_64p,typo-business,business,45,5
typo,rlens_64p,typo-business,business,52,2
typo,jpp_64p,typo-business,business,8,1
typo,jpp_64p,typo-business,business,15,1
typo,jpp_64p,typo-business,business,22,1
typo,jpp_64p,typo-business,business,30,1
typo,jpp_64p,typo-business,business,38,1
typo,jpp_64p,typo-business,business,45,1
typo,jpp_64p,typo-business,business,52,2
typo,logit,typo-different,different,8,59637
typo,logit,typo-different,different,15,77960
typo,logit,typo-different,different,22,79577
typo,logit,typo-different,different,30,64727
typo,logit,typo-different,different,38,31
typo,logit,typo-different,different,45,154
typo,logit,typo-different,different,52,32
typo,jlens_16p,typo-different,different,8,45859
typo,jlens_16p,typo-different,different,15,156400
typo,jlens_16p,typo-different,different,22,156321
typo,jlens_16p,typo-different,different,30,1876
typo,jlens_16p,typo-different,different,38,94
typo,jlens_16p,typo-different,different,45,598
typo,jlens_16p,typo-different,different,52,18
typo,rlens_16p,typo-different,different,8,32
typo,rlens_16p,typo-different,different,15,1
typo,rlens_16p,typo-different,different,22,1
typo,rlens_16p,typo-different,different,30,3
typo,rlens_16p,typo-different,different,38,1
typo,rlens_16p,typo-different,different,45,26
typo,rlens_16p,typo-different,different,52,5
typo,rlens_64p,typo-different,different,8,90
typo,rlens_64p,typo-different,different,15,1
typo,rlens_64p,typo-different,different,22,2
typo,rlens_64p,typo-different,different,30,12
typo,rlens_64p,typo-different,different,38,1
typo,rlens_64p,typo-different,different,45,27
typo,rlens_64p,typo-different,different,52,5
typo,jpp_64p,typo-different,different,8,1
typo,jpp_64p,typo-different,different,15,1
typo,jpp_64p,typo-different,different,22,1
typo,jpp_64p,typo-different,different,30,1
typo,jpp_64p,typo-different,different,38,1
typo,jpp_64p,typo-different,different,45,20
typo,jpp_64p,typo-different,different,52,9
typo,logit,typo-really,really,8,1088
typo,logit,typo-really,really,15,30711
typo,logit,typo-really,really,22,45129
typo,logit,typo-really,really,30,410
typo,logit,typo-really,really,38,616
typo,logit,typo-really,really,45,781
typo,logit,typo-really,really,52,4
typo,jlens_16p,typo-really,really,8,44906
typo,jlens_16p,typo-really,really,15,60282
typo,jlens_16p,typo-really,really,22,60938
typo,jlens_16p,typo-really,really,30,2063
typo,jlens_16p,typo-really,really,38,1932
typo,jlens_16p,typo-really,really,45,10178
typo,jlens_16p,typo-really,really,52,2
typo,rlens_16p,typo-really,really,8,1481
typo,rlens_16p,typo-really,really,15,6
typo,rlens_16p,typo-really,really,22,6
typo,rlens_16p,typo-really,really,30,35
typo,rlens_16p,typo-really,really,38,53
typo,rlens_16p,typo-really,really,45,82
typo,rlens_16p,typo-really,really,52,2
typo,rlens_64p,typo-really,really,8,2198
typo,rlens_64p,typo-really,really,15,8
typo,rlens_64p,typo-really,really,22,11
typo,rlens_64p,typo-really,really,30,81
typo,rlens_64p,typo-really,really,38,123
typo,rlens_64p,typo-really,really,45,105
typo,rlens_64p,typo-really,really,52,2
typo,jpp_64p,typo-really,really,8,8
typo,jpp_64p,typo-really,really,15,2
typo,jpp_64p,typo-really,really,22,4
typo,jpp_64p,typo-really,really,30,27
typo,jpp_64p,typo-really,really,38,25
typo,jpp_64p,typo-really,really,45,7
typo,jpp_64p,typo-really,really,52,2
typo,logit,typo-field,field,8,128952
typo,logit,typo-field,field,15,164240
typo,logit,typo-field,field,22,172676
typo,logit,typo-field,field,30,928
typo,logit,typo-field,field,38,1160
typo,logit,typo-field,field,45,7
typo,logit,typo-field,field,52,1
typo,jlens_16p,typo-field,field,8,79138
typo,jlens_16p,typo-field,field,15,18178
typo,jlens_16p,typo-field,field,22,18169
typo,jlens_16p,typo-field,field,30,22269
typo,jlens_16p,typo-field,field,38,50956
typo,jlens_16p,typo-field,field,45,173
typo,jlens_16p,typo-field,field,52,1
typo,rlens_16p,typo-field,field,8,2112
typo,rlens_16p,typo-field,field,15,394
typo,rlens_16p,typo-field,field,22,218
typo,rlens_16p,typo-field,field,30,2142
typo,rlens_16p,typo-field,field,38,19697
typo,rlens_16p,typo-field,field,45,6
typo,rlens_16p,typo-field,field,52,1
typo,rlens_64p,typo-field,field,8,1709
typo,rlens_64p,typo-field,field,15,376
typo,rlens_64p,typo-field,field,22,276
typo,rlens_64p,typo-field,field,30,2056
typo,rlens_64p,typo-field,field,38,25656
typo,rlens_64p,typo-field,field,45,7
typo,rlens_64p,typo-field,field,52,1
typo,jpp_64p,typo-field,field,8,1
typo,jpp_64p,typo-field,field,15,2
typo,jpp_64p,typo-field,field,22,3
typo,jpp_64p,typo-field,field,30,359
typo,jpp_64p,typo-field,field,38,151
typo,jpp_64p,typo-field,field,45,1
typo,jpp_64p,typo-field,field,52,1
typo,logit,typo-review,review,8,15828
typo,logit,typo-review,review,15,45295
typo,logit,typo-review,review,22,34410
typo,logit,typo-review,review,30,68952
typo,logit,typo-review,review,38,3573
typo,logit,typo-review,review,45,51
typo,logit,typo-review,review,52,3
typo,jlens_16p,typo-review,review,8,20390
typo,jlens_16p,typo-review,review,15,82909
typo,jlens_16p,typo-review,review,22,82553
typo,jlens_16p,typo-review,review,30,22932
typo,jlens_16p,typo-review,review,38,3411
typo,jlens_16p,typo-review,review,45,68
typo,jlens_16p,typo-review,review,52,3
typo,rlens_16p,typo-review,review,8,6790
typo,rlens_16p,typo-review,review,15,99
typo,rlens_16p,typo-review,review,22,24
typo,rlens_16p,typo-review,review,30,94
typo,rlens_16p,typo-review,review,38,102
typo,rlens_16p,typo-review,review,45,4
typo,rlens_16p,typo-review,review,52,1
typo,rlens_64p,typo-review,review,8,9416
typo,rlens_64p,typo-review,review,15,194
typo,rlens_64p,typo-review,review,22,46
typo,rlens_64p,typo-review,review,30,171
typo,rlens_64p,typo-review,review,38,109
typo,rlens_64p,typo-review,review,45,4
typo,rlens_64p,typo-review,review,52,1
typo,jpp_64p,typo-review,review,8,1
typo,jpp_64p,typo-review,review,15,1
typo,jpp_64p,typo-review,review,22,2
typo,jpp_64p,typo-review,review,30,5
typo,jpp_64p,typo-review,review,38,2
typo,jpp_64p,typo-review,review,45,1
typo,jpp_64p,typo-review,review,52,1
typo,logit,typo-science,science,8,48446
typo,logit,typo-science,science,15,21613
typo,logit,typo-science,science,22,7459
typo,logit,typo-science,science,30,67734
typo,logit,typo-science,science,38,30615
typo,logit,typo-science,science,45,6
typo,logit,typo-science,science,52,1
typo,jlens_16p,typo-science,science,8,63398
typo,jlens_16p,typo-science,science,15,81922
typo,jlens_16p,typo-science,science,22,89462
typo,jlens_16p,typo-science,science,30,9570
typo,jlens_16p,typo-science,science,38,2900
typo,jlens_16p,typo-science,science,45,17
typo,jlens_16p,typo-science,science,52,1
typo,rlens_16p,typo-science,science,8,199
typo,rlens_16p,typo-science,science,15,2
typo,rlens_16p,typo-science,science,22,1
typo,rlens_16p,typo-science,science,30,2
typo,rlens_16p,typo-science,science,38,13
typo,rlens_16p,typo-science,science,45,1
typo,rlens_16p,typo-science,science,52,1
typo,rlens_64p,typo-science,science,8,503
typo,rlens_64p,typo-science,science,15,2
typo,rlens_64p,typo-science,science,22,2
typo,rlens_64p,typo-science,science,30,3
typo,rlens_64p,typo-science,science,38,17
typo,rlens_64p,typo-science,science,45,1
typo,rlens_64p,typo-science,science,52,1
typo,jpp_64p,typo-science,science,8,1
typo,jpp_64p,typo-science,science,15,1
typo,jpp_64p,typo-science,science,22,1
typo,jpp_64p,typo-science,science,30,2
typo,jpp_64p,typo-science,science,38,4
typo,jpp_64p,typo-science,science,45,1
typo,jpp_64p,typo-science,science,52,1
typo,logit,typo-library,library,8,104681
typo,logit,typo-library,library,15,69679
typo,logit,typo-library,library,22,72018
typo,logit,typo-library,library,30,21653
typo,logit,typo-library,library,38,27023
typo,logit,typo-library,library,45,24
typo,logit,typo-library,library,52,1
typo,jlens_16p,typo-library,library,8,82886
typo,jlens_16p,typo-library,library,15,73088
typo,jlens_16p,typo-library,library,22,76074
typo,jlens_16p,typo-library,library,30,3618
typo,jlens_16p,typo-library,library,38,3212
typo,jlens_16p,typo-library,library,45,41
typo,jlens_16p,typo-library,library,52,1
typo,rlens_16p,typo-library,library,8,363
typo,rlens_16p,typo-library,library,15,25
typo,rlens_16p,typo-library,library,22,16
typo,rlens_16p,typo-library,library,30,117
typo,rlens_16p,typo-library,library,38,1554
typo,rlens_16p,typo-library,library,45,4
typo,rlens_16p,typo-library,library,52,1
typo,rlens_64p,typo-library,library,8,433
typo,rlens_64p,typo-library,library,15,26
typo,rlens_64p,typo-library,library,22,16
typo,rlens_64p,typo-library,library,30,122
typo,rlens_64p,typo-library,library,38,1283
typo,rlens_64p,typo-library,library,45,6
typo,rlens_64p,typo-library,library,52,1
typo,jpp_64p,typo-library,library,8,2
typo,jpp_64p,typo-library,library,15,2
typo,jpp_64p,typo-library,library,22,3
typo,jpp_64p,typo-library,library,30,9
typo,jpp_64p,typo-library,library,38,423
typo,jpp_64p,typo-library,library,45,3
typo,jpp_64p,typo-library,library,52,1
typo,logit,typo-February,February,8,56168
typo,logit,typo-February,February,15,64550
typo,logit,typo-February,February,22,64114
typo,logit,typo-February,February,30,15338
typo,logit,typo-February,February,38,4764
typo,logit,typo-February,February,45,20
typo,logit,typo-February,February,52,1
typo,jlens_16p,typo-February,February,8,126203
typo,jlens_16p,typo-February,February,15,3018
typo,jlens_16p,typo-February,February,22,3028
typo,jlens_16p,typo-February,February,30,920
typo,jlens_16p,typo-February,February,38,1111
typo,jlens_16p,typo-February,February,45,357
typo,jlens_16p,typo-February,February,52,1
typo,rlens_16p,typo-February,February,8,1421
typo,rlens_16p,typo-February,February,15,15
typo,rlens_16p,typo-February,February,22,24
typo,rlens_16p,typo-February,February,30,125
typo,rlens_16p,typo-February,February,38,217
typo,rlens_16p,typo-February,February,45,2
typo,rlens_16p,typo-February,February,52,1
typo,rlens_64p,typo-February,February,8,1854
typo,rlens_64p,typo-February,February,15,28
typo,rlens_64p,typo-February,February,22,61
typo,rlens_64p,typo-February,February,30,429
typo,rlens_64p,typo-February,February,38,336
typo,rlens_64p,typo-February,February,45,4
typo,rlens_64p,typo-February,February,52,1
typo,jpp_64p,typo-February,February,8,849
typo,jpp_64p,typo-February,February,15,5
typo,jpp_64p,typo-February,February,22,2
typo,jpp_64p,typo-February,February,30,94
typo,jpp_64p,typo-February,February,38,7
typo,jpp_64p,typo-February,February,45,1
typo,jpp_64p,typo-February,February,52,1
typo,logit,typo-together,together,8,32852
typo,logit,typo-together,together,15,56815
typo,logit,typo-together,together,22,13504
typo,logit,typo-together,together,30,437
typo,logit,typo-together,together,38,197
typo,logit,typo-together,together,45,6
typo,logit,typo-together,together,52,5
typo,jlens_16p,typo-together,together,8,10700
typo,jlens_16p,typo-together,together,15,167688
typo,jlens_16p,typo-together,together,22,168365
typo,jlens_16p,typo-together,together,30,7768
typo,jlens_16p,typo-together,together,38,41909
typo,jlens_16p,typo-together,together,45,84
typo,jlens_16p,typo-together,together,52,3
typo,rlens_16p,typo-together,together,8,1288
typo,rlens_16p,typo-together,together,15,4
typo,rlens_16p,typo-together,together,22,3
typo,rlens_16p,typo-together,together,30,4
typo,rlens_16p,typo-together,together,38,19
typo,rlens_16p,typo-together,together,45,3
typo,rlens_16p,typo-together,together,52,2
typo,rlens_64p,typo-together,together,8,1548
typo,rlens_64p,typo-together,together,15,7
typo,rlens_64p,typo-together,together,22,4
typo,rlens_64p,typo-together,together,30,9
typo,rlens_64p,typo-together,together,38,56
typo,rlens_64p,typo-together,together,45,3
typo,rlens_64p,typo-together,together,52,2
typo,jpp_64p,typo-together,together,8,1
typo,jpp_64p,typo-together,together,15,1
typo,jpp_64p,typo-together,together,22,1
typo,jpp_64p,typo-together,together,30,2
typo,jpp_64p,typo-together,together,38,4
typo,jpp_64p,typo-together,together,45,1
typo,jpp_64p,typo-together,together,52,2
typo,logit,typo-against,against,8,7709
typo,logit,typo-against,against,15,39336
typo,logit,typo-against,against,22,33443
typo,logit,typo-against,against,30,2407
typo,logit,typo-against,against,38,2972
typo,logit,typo-against,against,45,19
typo,logit,typo-against,against,52,1
typo,jlens_16p,typo-against,against,8,14423
typo,jlens_16p,typo-against,against,15,167912
typo,jlens_16p,typo-against,against,22,170053
typo,jlens_16p,typo-against,against,30,9657
typo,jlens_16p,typo-against,against,38,421
typo,jlens_16p,typo-against,against,45,5
typo,jlens_16p,typo-against,against,52,1
typo,rlens_16p,typo-against,against,8,494
typo,rlens_16p,typo-against,against,15,4
typo,rlens_16p,typo-against,against,22,2
typo,rlens_16p,typo-against,against,30,3
typo,rlens_16p,typo-against,against,38,6
typo,rlens_16p,typo-against,against,45,2
typo,rlens_16p,typo-against,against,52,1
typo,rlens_64p,typo-against,against,8,510
typo,rlens_64p,typo-against,against,15,2
typo,rlens_64p,typo-against,against,22,2
typo,rlens_64p,typo-against,against,30,2
typo,rlens_64p,typo-against,against,38,6
typo,rlens_64p,typo-against,against,45,1
typo,rlens_64p,typo-against,against,52,1
typo,jpp_64p,typo-against,against,8,1
typo,jpp_64p,typo-against,against,15,1
typo,jpp_64p,typo-against,against,22,1
typo,jpp_64p,typo-against,against,30,1
typo,jpp_64p,typo-against,against,38,1
typo,jpp_64p,typo-against,against,45,1
typo,jpp_64p,typo-against,against,52,1
typo,logit,typo-building,building,8,147977
typo,logit,typo-building,building,15,135518
typo,logit,typo-building,building,22,106375
typo,logit,typo-building,building,30,8533
typo,logit,typo-building,building,38,18476
typo,logit,typo-building,building,45,81
typo,logit,typo-building,building,52,3
typo,jlens_16p,typo-building,building,8,122150
typo,jlens_16p,typo-building,building,15,30392
typo,jlens_16p,typo-building,building,22,31016
typo,jlens_16p,typo-building,building,30,35422
typo,jlens_16p,typo-building,building,38,39362
typo,jlens_16p,typo-building,building,45,16125
typo,jlens_16p,typo-building,building,52,1
typo,rlens_16p,typo-building,building,8,32890
typo,rlens_16p,typo-building,building,15,1472
typo,rlens_16p,typo-building,building,22,319
typo,rlens_16p,typo-building,building,30,5653
typo,rlens_16p,typo-building,building,38,14430
typo,rlens_16p,typo-building,building,45,1317
typo,rlens_16p,typo-building,building,52,3
typo,rlens_64p,typo-building,building,8,27289
typo,rlens_64p,typo-building,building,15,1026
typo,rlens_64p,typo-building,building,22,224
typo,rlens_64p,typo-building,building,30,5519
typo,rlens_64p,typo-building,building,38,12642
typo,rlens_64p,typo-building,building,45,1211
typo,rlens_64p,typo-building,building,52,3
typo,jpp_64p,typo-building,building,8,23
typo,jpp_64p,typo-building,building,15,1
typo,jpp_64p,typo-building,building,22,3
typo,jpp_64p,typo-building,building,30,49
typo,jpp_64p,typo-building,building,38,40
typo,jpp_64p,typo-building,building,45,6
typo,jpp_64p,typo-building,building,52,1
typo,logit,typo-without,without,8,45177
typo,logit,typo-without,without,15,13000
typo,logit,typo-without,without,22,9106
typo,logit,typo-without,without,30,13
typo,logit,typo-without,without,38,41
typo,logit,typo-without,without,45,6
typo,logit,typo-without,without,52,1
typo,jlens_16p,typo-without,without,8,81609
typo,jlens_16p,typo-without,without,15,57587
typo,jlens_16p,typo-without,without,22,57766
typo,jlens_16p,typo-without,without,30,74252
typo,jlens_16p,typo-without,without,38,2453
typo,jlens_16p,typo-without,without,45,80
typo,jlens_16p,typo-without,without,52,1
typo,rlens_16p,typo-without,without,8,4935
typo,rlens_16p,typo-without,without,15,18
typo,rlens_16p,typo-without,without,22,12
typo,rlens_16p,typo-without,without,30,122
typo,rlens_16p,typo-without,without,38,21
typo,rlens_16p,typo-without,without,45,4
typo,rlens_16p,typo-without,without,52,1
typo,rlens_64p,typo-without,without,8,4590
typo,rlens_64p,typo-without,without,15,22
typo,rlens_64p,typo-without,without,22,18
typo,rlens_64p,typo-without,without,30,132
typo,rlens_64p,typo-without,without,38,20
typo,rlens_64p,typo-without,without,45,4
typo,rlens_64p,typo-without,without,52,1
typo,jpp_64p,typo-without,without,8,66
typo,jpp_64p,typo-without,without,15,8
typo,jpp_64p,typo-without,without,22,6
typo,jpp_64p,typo-without,without,30,29
typo,jpp_64p,typo-without,without,38,14
typo,jpp_64p,typo-without,without,45,1
typo,jpp_64p,typo-without,without,52,1
typo,logit,typo-another,another,8,179844
typo,logit,typo-another,another,15,156194
typo,logit,typo-another,another,22,70162
typo,logit,typo-another,another,30,18664
typo,logit,typo-another,another,38,28
typo,logit,typo-another,another,45,6
typo,logit,typo-another,another,52,1
typo,jlens_16p,typo-another,another,8,16071
typo,jlens_16p,typo-another,another,15,183229
typo,jlens_16p,typo-another,another,22,183474
typo,jlens_16p,typo-another,another,30,46720
typo,jlens_16p,typo-another,another,38,592
typo,jlens_16p,typo-another,another,45,60
typo,jlens_16p,typo-another,another,52,3
typo,rlens_16p,typo-another,another,8,1625
typo,rlens_16p,typo-another,another,15,11
typo,rlens_16p,typo-another,another,22,8
typo,rlens_16p,typo-another,another,30,2
typo,rlens_16p,typo-another,another,38,2
typo,rlens_16p,typo-another,another,45,1
typo,rlens_16p,typo-another,another,52,1
typo,rlens_64p,typo-another,another,8,2345
typo,rlens_64p,typo-another,another,15,17
typo,rlens_64p,typo-another,another,22,11
typo,rlens_64p,typo-another,another,30,12
typo,rlens_64p,typo-another,another,38,2
typo,rlens_64p,typo-another,another,45,2
typo,rlens_64p,typo-another,another,52,1
typo,jpp_64p,typo-another,another,8,30
typo,jpp_64p,typo-another,another,15,2
typo,jpp_64p,typo-another,another,22,3
typo,jpp_64p,typo-another,another,30,1
typo,jpp_64p,typo-another,another,38,1
typo,jpp_64p,typo-another,another,45,1
typo,jpp_64p,typo-another,another,52,1
typo,logit,typo-between,between,8,1
typo,logit,typo-between,between,15,257
typo,logit,typo-between,between,22,41
typo,logit,typo-between,between,30,7914
typo,logit,typo-between,between,38,45
typo,logit,typo-between,between,45,7
typo,logit,typo-between,between,52,5
typo,jlens_16p,typo-between,between,8,12641
typo,jlens_16p,typo-between,between,15,95768
typo,jlens_16p,typo-between,between,22,96528
typo,jlens_16p,typo-between,between,30,18419
typo,jlens_16p,typo-between,between,38,3957
typo,jlens_16p,typo-between,between,45,64
typo,jlens_16p,typo-between,between,52,2
typo,rlens_16p,typo-between,between,8,31
typo,rlens_16p,typo-between,between,15,3
typo,rlens_16p,typo-between,between,22,3
typo,rlens_16p,typo-between,between,30,16
typo,rlens_16p,typo-between,between,38,5
typo,rlens_16p,typo-between,between,45,2
typo,rlens_16p,typo-between,between,52,2
typo,rlens_64p,typo-between,between,8,32
typo,rlens_64p,typo-between,between,15,3
typo,rlens_64p,typo-between,between,22,3
typo,rlens_64p,typo-between,between,30,21
typo,rlens_64p,typo-between,between,38,4
typo,rlens_64p,typo-between,between,45,3
typo,rlens_64p,typo-between,between,52,2
typo,jpp_64p,typo-between,between,8,3
typo,jpp_64p,typo-between,between,15,1
typo,jpp_64p,typo-between,between,22,1
typo,jpp_64p,typo-between,between,30,7
typo,jpp_64p,typo-between,between,38,2
typo,jpp_64p,typo-between,between,45,2
typo,jpp_64p,typo-between,between,52,4
typo,logit,typo-several,several,8,62200
typo,logit,typo-several,several,15,47812
typo,logit,typo-several,several,22,67535
typo,logit,typo-several,several,30,185
typo,logit,typo-several,several,38,90
typo,logit,typo-several,several,45,6
typo,logit,typo-several,several,52,1
typo,jlens_16p,typo-several,several,8,42204
typo,jlens_16p,typo-several,several,15,170872
typo,jlens_16p,typo-several,several,22,170778
typo,jlens_16p,typo-several,several,30,79877
typo,jlens_16p,typo-several,several,38,65983
typo,jlens_16p,typo-several,several,45,38726
typo,jlens_16p,typo-several,several,52,1
typo,rlens_16p,typo-several,several,8,39901
typo,rlens_16p,typo-several,several,15,134
typo,rlens_16p,typo-several,several,22,64
typo,rlens_16p,typo-several,several,30,3038
typo,rlens_16p,typo-several,several,38,870
typo,rlens_16p,typo-several,several,45,282
typo,rlens_16p,typo-several,several,52,1
typo,rlens_64p,typo-several,several,8,41566
typo,rlens_64p,typo-several,several,15,163
typo,rlens_64p,typo-several,several,22,76
typo,rlens_64p,typo-several,several,30,2966
typo,rlens_64p,typo-several,several,38,731
typo,rlens_64p,typo-several,several,45,227
typo,rlens_64p,typo-several,several,52,1
typo,jpp_64p,typo-several,several,8,4
typo,jpp_64p,typo-several,several,15,1
typo,jpp_64p,typo-several,several,22,1
typo,jpp_64p,typo-several,several,30,44
typo,jpp_64p,typo-several,several,38,45
typo,jpp_64p,typo-several,several,45,4
typo,jpp_64p,typo-several,several,52,1
typo,logit,typo-special,special,8,38390
typo,logit,typo-special,special,15,38426
typo,logit,typo-special,special,22,27694
typo,logit,typo-special,special,30,36572
typo,logit,typo-special,special,38,31538
typo,logit,typo-special,special,45,10
typo,logit,typo-special,special,52,1
typo,jlens_16p,typo-special,special,8,59634
typo,jlens_16p,typo-special,special,15,87873
typo,jlens_16p,typo-special,special,22,88284
typo,jlens_16p,typo-special,special,30,77651
typo,jlens_16p,typo-special,special,38,64428
typo,jlens_16p,typo-special,special,45,2632
typo,jlens_16p,typo-special,special,52,1
typo,rlens_16p,typo-special,special,8,3696
typo,rlens_16p,typo-special,special,15,22
typo,rlens_16p,typo-special,special,22,15
typo,rlens_16p,typo-special,special,30,269
typo,rlens_16p,typo-special,special,38,1089
typo,rlens_16p,typo-special,special,45,3
typo,rlens_16p,typo-special,special,52,1
typo,rlens_64p,typo-special,special,8,8616
typo,rlens_64p,typo-special,special,15,65
typo,rlens_64p,typo-special,special,22,32
typo,rlens_64p,typo-special,special,30,1026
typo,rlens_64p,typo-special,special,38,2017
typo,rlens_64p,typo-special,special,45,7
typo,rlens_64p,typo-special,special,52,1
typo,jpp_64p,typo-special,special,8,1
typo,jpp_64p,typo-special,special,15,1
typo,jpp_64p,typo-special,special,22,1
typo,jpp_64p,typo-special,special,30,13
typo,jpp_64p,typo-special,special,38,739
typo,jpp_64p,typo-special,special,45,2
typo,jpp_64p,typo-special,special,52,1
typo,logit,typo-country,country,8,61892
typo,logit,typo-country,country,15,73888
typo,logit,typo-country,country,22,42862
typo,logit,typo-country,country,30,10375
typo,logit,typo-country,country,38,32756
typo,logit,typo-country,country,45,10
typo,logit,typo-country,country,52,1
typo,jlens_16p,typo-country,country,8,32907
typo,jlens_16p,typo-country,country,15,127281
typo,jlens_16p,typo-country,country,22,127650
typo,jlens_16p,typo-country,country,30,1665
typo,jlens_16p,typo-country,country,38,3367
typo,jlens_16p,typo-country,country,45,129
typo,jlens_16p,typo-country,country,52,1
typo,rlens_16p,typo-country,country,8,784
typo,rlens_16p,typo-country,country,15,3
typo,rlens_16p,typo-country,country,22,2
typo,rlens_16p,typo-country,country,30,6
typo,rlens_16p,typo-country,country,38,29
typo,rlens_16p,typo-country,country,45,3
typo,rlens_16p,typo-country,country,52,1
typo,rlens_64p,typo-country,country,8,615
typo,rlens_64p,typo-country,country,15,4
typo,rlens_64p,typo-country,country,22,4
typo,rlens_64p,typo-country,country,30,8
typo,rlens_64p,typo-country,country,38,38
typo,rlens_64p,typo-country,country,45,3
typo,rlens_64p,typo-country,country,52,1
typo,jpp_64p,typo-country,country,8,2
typo,jpp_64p,typo-country,country,15,1
typo,jpp_64p,typo-country,country,22,1
typo,jpp_64p,typo-country,country,30,2
typo,jpp_64p,typo-country,country,38,2
typo,jpp_64p,typo-country,country,45,1
typo,jpp_64p,typo-country,country,52,1
typo,logit,typo-company,company,8,154389
typo,logit,typo-company,company,15,139245
typo,logit,typo-company,company,22,57738
typo,logit,typo-company,company,30,8885
typo,logit,typo-company,company,38,1109
typo,logit,typo-company,company,45,106
typo,logit,typo-company,company,52,1
typo,jlens_16p,typo-company,company,8,178686
typo,jlens_16p,typo-company,company,15,4396
typo,jlens_16p,typo-company,company,22,4423
typo,jlens_16p,typo-company,company,30,48526
typo,jlens_16p,typo-company,company,38,117179
typo,jlens_16p,typo-company,company,45,21877
typo,jlens_16p,typo-company,company,52,2
typo,rlens_16p,typo-company,company,8,5628
typo,rlens_16p,typo-company,company,15,10
typo,rlens_16p,typo-company,company,22,5
typo,rlens_16p,typo-company,company,30,805
typo,rlens_16p,typo-company,company,38,19737
typo,rlens_16p,typo-company,company,45,33
typo,rlens_16p,typo-company,company,52,1
typo,rlens_64p,typo-company,company,8,7886
typo,rlens_64p,typo-company,company,15,14
typo,rlens_64p,typo-company,company,22,7
typo,rlens_64p,typo-company,company,30,1348
typo,rlens_64p,typo-company,company,38,20315
typo,rlens_64p,typo-company,company,45,35
typo,rlens_64p,typo-company,company,52,1
typo,jpp_64p,typo-company,company,8,3
typo,jpp_64p,typo-company,company,15,1
typo,jpp_64p,typo-company,company,22,1
typo,jpp_64p,typo-company,company,30,110
typo,jpp_64p,typo-company,company,38,921
typo,jpp_64p,typo-company,company,45,6
typo,jpp_64p,typo-company,company,52,1
typo,logit,typo-which,which,8,18550
typo,logit,typo-which,which,15,8151
typo,logit,typo-which,which,22,29699
typo,logit,typo-which,which,30,68
typo,logit,typo-which,which,38,52
typo,logit,typo-which,which,45,678
typo,logit,typo-which,which,52,19
typo,jlens_16p,typo-which,which,8,14044
typo,jlens_16p,typo-which,which,15,34084
typo,jlens_16p,typo-which,which,22,32768
typo,jlens_16p,typo-which,which,30,710
typo,jlens_16p,typo-which,which,38,66
typo,jlens_16p,typo-which,which,45,144
typo,jlens_16p,typo-which,which,52,7
typo,rlens_16p,typo-which,which,8,9
typo,rlens_16p,typo-which,which,15,2
typo,rlens_16p,typo-which,which,22,5
typo,rlens_16p,typo-which,which,30,4
typo,rlens_16p,typo-which,which,38,10
typo,rlens_16p,typo-which,which,45,94
typo,rlens_16p,typo-which,which,52,4
typo,rlens_64p,typo-which,which,8,6
typo,rlens_64p,typo-which,which,15,1
typo,rlens_64p,typo-which,which,22,4
typo,rlens_64p,typo-which,which,30,5
typo,rlens_64p,typo-which,which,38,10
typo,rlens_64p,typo-which,which,45,48
typo,rlens_64p,typo-which,which,52,4
typo,jpp_64p,typo-which,which,8,2
typo,jpp_64p,typo-which,which,15,2
typo,jpp_64p,typo-which,which,22,4
typo,jpp_64p,typo-which,which,30,2
typo,jpp_64p,typo-which,which,38,1
typo,jpp_64p,typo-which,which,45,12
typo,jpp_64p,typo-which,which,52,3
typo,logit,typo-running,running,8,62176
typo,logit,typo-running,running,15,149199
typo,logit,typo-running,running,22,124822
typo,logit,typo-running,running,30,3308
typo,logit,typo-running,running,38,12352
typo,logit,typo-running,running,45,252
typo,logit,typo-running,running,52,3
typo,jlens_16p,typo-running,running,8,45057
typo,jlens_16p,typo-running,running,15,152838
typo,jlens_16p,typo-running,running,22,152167
typo,jlens_16p,typo-running,running,30,64433
typo,jlens_16p,typo-running,running,38,62878
typo,jlens_16p,typo-running,running,45,31065
typo,jlens_16p,typo-running,running,52,8
typo,rlens_16p,typo-running,running,8,99709
typo,rlens_16p,typo-running,running,15,37951
typo,rlens_16p,typo-running,running,22,39270
typo,rlens_16p,typo-running,running,30,46315
typo,rlens_16p,typo-running,running,38,32257
typo,rlens_16p,typo-running,running,45,2169
typo,rlens_16p,typo-running,running,52,7
typo,rlens_64p,typo-running,running,8,124300
typo,rlens_64p,typo-running,running,15,64729
typo,rlens_64p,typo-running,running,22,65325
typo,rlens_64p,typo-running,running,30,68399
typo,rlens_64p,typo-running,running,38,50987
typo,rlens_64p,typo-running,running,45,2854
typo,rlens_64p,typo-running,running,52,8
typo,jpp_64p,typo-running,running,8,17
typo,jpp_64p,typo-running,running,15,8
typo,jpp_64p,typo-running,running,22,45
typo,jpp_64p,typo-running,running,30,10925
typo,jpp_64p,typo-running,running,38,5805
typo,jpp_64p,typo-running,running,45,27
typo,jpp_64p,typo-running,running,52,8
typo,logit,typo-million,million,8,37695
typo,logit,typo-million,million,15,47529
typo,logit,typo-million,million,22,33781
typo,logit,typo-million,million,30,11758
typo,logit,typo-million,million,38,1681
typo,logit,typo-million,million,45,32
typo,logit,typo-million,million,52,15
typo,jlens_16p,typo-million,million,8,12030
typo,jlens_16p,typo-million,million,15,186790
typo,jlens_16p,typo-million,million,22,184494
typo,jlens_16p,typo-million,million,30,23818
typo,jlens_16p,typo-million,million,38,19242
typo,jlens_16p,typo-million,million,45,535
typo,jlens_16p,typo-million,million,52,4
typo,rlens_16p,typo-million,million,8,26
typo,rlens_16p,typo-million,million,15,2
typo,rlens_16p,typo-million,million,22,2
typo,rlens_16p,typo-million,million,30,10
typo,rlens_16p,typo-million,million,38,27
typo,rlens_16p,typo-million,million,45,22
typo,rlens_16p,typo-million,million,52,1
typo,rlens_64p,typo-million,million,8,47
typo,rlens_64p,typo-million,million,15,2
typo,rlens_64p,typo-million,million,22,2
typo,rlens_64p,typo-million,million,30,10
typo,rlens_64p,typo-million,million,38,52
typo,rlens_64p,typo-million,million,45,20
typo,rlens_64p,typo-million,million,52,2
typo,jpp_64p,typo-million,million,8,2
typo,jpp_64p,typo-million,million,15,1
typo,jpp_64p,typo-million,million,22,1
typo,jpp_64p,typo-million,million,30,1
typo,jpp_64p,typo-million,million,38,1
typo,jpp_64p,typo-million,million,45,1
typo,jpp_64p,typo-million,million,52,1
typo,logit,typo-village,village,8,61197
typo,logit,typo-village,village,15,85326
typo,logit,typo-village,village,22,70219
typo,logit,typo-village,village,30,113506
typo,logit,typo-village,village,38,54226
typo,logit,typo-village,village,45,212
typo,logit,typo-village,village,52,3
typo,jlens_16p,typo-village,village,8,5316
typo,jlens_16p,typo-village,village,15,192821
typo,jlens_16p,typo-village,village,22,192260
typo,jlens_16p,typo-village,village,30,37489
typo,jlens_16p,typo-village,village,38,26659
typo,jlens_16p,typo-village,village,45,3077
typo,jlens_16p,typo-village,village,52,27
typo,rlens_16p,typo-village,village,8,13
typo,rlens_16p,typo-village,village,15,5
typo,rlens_16p,typo-village,village,22,3
typo,rlens_16p,typo-village,village,30,27
typo,rlens_16p,typo-village,village,38,989
typo,rlens_16p,typo-village,village,45,94
typo,rlens_16p,typo-village,village,52,3
typo,rlens_64p,typo-village,village,8,16
typo,rlens_64p,typo-village,village,15,8
typo,rlens_64p,typo-village,village,22,3
typo,rlens_64p,typo-village,village,30,56
typo,rlens_64p,typo-village,village,38,1296
typo,rlens_64p,typo-village,village,45,80
typo,rlens_64p,typo-village,village,52,3
typo,jpp_64p,typo-village,village,8,3
typo,jpp_64p,typo-village,village,15,1
typo,jpp_64p,typo-village,village,22,1
typo,jpp_64p,typo-village,village,30,4
typo,jpp_64p,typo-village,village,38,2
typo,jpp_64p,typo-village,village,45,3
typo,jpp_64p,typo-village,village,52,1
typo,logit,typo-message,message,8,72040
typo,logit,typo-message,message,15,39992
typo,logit,typo-message,message,22,76178
typo,logit,typo-message,message,30,16067
typo,logit,typo-message,message,38,5317
typo,logit,typo-message,message,45,18
typo,logit,typo-message,message,52,1
typo,jlens_16p,typo-message,message,8,12428
typo,jlens_16p,typo-message,message,15,140983
typo,jlens_16p,typo-message,message,22,136388
typo,jlens_16p,typo-message,message,30,35971
typo,jlens_16p,typo-message,message,38,4051
typo,jlens_16p,typo-message,message,45,195
typo,jlens_16p,typo-message,message,52,1
typo,rlens_16p,typo-message,message,8,37227
typo,rlens_16p,typo-message,message,15,1727
typo,rlens_16p,typo-message,message,22,107
typo,rlens_16p,typo-message,message,30,1351
typo,rlens_16p,typo-message,message,38,1960
typo,rlens_16p,typo-message,message,45,29
typo,rlens_16p,typo-message,message,52,1
typo,rlens_64p,typo-message,message,8,59862
typo,rlens_64p,typo-message,message,15,4380
typo,rlens_64p,typo-message,message,22,367
typo,rlens_64p,typo-message,message,30,3816
typo,rlens_64p,typo-message,message,38,3872
typo,rlens_64p,typo-message,message,45,35
typo,rlens_64p,typo-message,message,52,1
typo,jpp_64p,typo-message,message,8,5
typo,jpp_64p,typo-message,message,15,2
typo,jpp_64p,typo-message,message,22,1
typo,jpp_64p,typo-message,message,30,166
typo,jpp_64p,typo-message,message,38,129
typo,jpp_64p,typo-message,message,45,1
typo,jpp_64p,typo-message,message,52,1
typo,logit,typo-change,change,8,1951
typo,logit,typo-change,change,15,4990
typo,logit,typo-change,change,22,13955
typo,logit,typo-change,change,30,84046
typo,logit,typo-change,change,38,11526
typo,logit,typo-change,change,45,89
typo,logit,typo-change,change,52,1
typo,jlens_16p,typo-change,change,8,9299
typo,jlens_16p,typo-change,change,15,221429
typo,jlens_16p,typo-change,change,22,221118
typo,jlens_16p,typo-change,change,30,111492
typo,jlens_16p,typo-change,change,38,61480
typo,jlens_16p,typo-change,change,45,28760
typo,jlens_16p,typo-change,change,52,1
typo,rlens_16p,typo-change,change,8,101967
typo,rlens_16p,typo-change,change,15,10995
typo,rlens_16p,typo-change,change,22,23943
typo,rlens_16p,typo-change,change,30,54701
typo,rlens_16p,typo-change,change,38,79192
typo,rlens_16p,typo-change,change,45,11166
typo,rlens_16p,typo-change,change,52,1
typo,rlens_64p,typo-change,change,8,99951
typo,rlens_64p,typo-change,change,15,16221
typo,rlens_64p,typo-change,change,22,26993
typo,rlens_64p,typo-change,change,30,75487
typo,rlens_64p,typo-change,change,38,83082
typo,rlens_64p,typo-change,change,45,10230
typo,rlens_64p,typo-change,change,52,1
typo,jpp_64p,typo-change,change,8,26
typo,jpp_64p,typo-change,change,15,11
typo,jpp_64p,typo-change,change,22,68
typo,jpp_64p,typo-change,change,30,14578
typo,jpp_64p,typo-change,change,38,426
typo,jpp_64p,typo-change,change,45,111
typo,jpp_64p,typo-change,change,52,1
typo,logit,typo-always,always,8,27063
typo,logit,typo-always,always,15,49675
typo,logit,typo-always,always,22,32752
typo,logit,typo-always,always,30,82
typo,logit,typo-always,always,38,7
typo,logit,typo-always,always,45,62
typo,logit,typo-always,always,52,203
typo,jlens_16p,typo-always,always,8,71441
typo,jlens_16p,typo-always,always,15,122014
typo,jlens_16p,typo-always,always,22,122266
typo,jlens_16p,typo-always,always,30,5528
typo,jlens_16p,typo-always,always,38,48
typo,jlens_16p,typo-always,always,45,52
typo,jlens_16p,typo-always,always,52,93
typo,rlens_16p,typo-always,always,8,5583
typo,rlens_16p,typo-always,always,15,5
typo,rlens_16p,typo-always,always,22,2
typo,rlens_16p,typo-always,always,30,2
typo,rlens_16p,typo-always,always,38,1
typo,rlens_16p,typo-always,always,45,4
typo,rlens_16p,typo-always,always,52,56
typo,rlens_64p,typo-always,always,8,6510
typo,rlens_64p,typo-always,always,15,10
typo,rlens_64p,typo-always,always,22,4
typo,rlens_64p,typo-always,always,30,3
typo,rlens_64p,typo-always,always,38,1
typo,rlens_64p,typo-always,always,45,4
typo,rlens_64p,typo-always,always,52,60
typo,jpp_64p,typo-always,always,8,19
typo,jpp_64p,typo-always,always,15,2
typo,jpp_64p,typo-always,always,22,6
typo,jpp_64p,typo-always,always,30,2
typo,jpp_64p,typo-always,always,38,1
typo,jpp_64p,typo-always,always,45,5
typo,jpp_64p,typo-always,always,52,140
typo,logit,typo-island,island,8,14113
typo,logit,typo-island,island,15,28798
typo,logit,typo-island,island,22,21070
typo,logit,typo-island,island,30,4543
typo,logit,typo-island,island,38,353
typo,logit,typo-island,island,45,16
typo,logit,typo-island,island,52,1
typo,jlens_16p,typo-island,island,8,50904
typo,jlens_16p,typo-island,island,15,117596
typo,jlens_16p,typo-island,island,22,116117
typo,jlens_16p,typo-island,island,30,21694
typo,jlens_16p,typo-island,island,38,4970
typo,jlens_16p,typo-island,island,45,24
typo,jlens_16p,typo-island,island,52,1
typo,rlens_16p,typo-island,island,8,6
typo,rlens_16p,typo-island,island,15,1
typo,rlens_16p,typo-island,island,22,1
typo,rlens_16p,typo-island,island,30,2
typo,rlens_16p,typo-island,island,38,1
typo,rlens_16p,typo-island,island,45,1
typo,rlens_16p,typo-island,island,52,1
typo,rlens_64p,typo-island,island,8,9
typo,rlens_64p,typo-island,island,15,1
typo,rlens_64p,typo-island,island,22,1
typo,rlens_64p,typo-island,island,30,4
typo,rlens_64p,typo-island,island,38,2
typo,rlens_64p,typo-island,island,45,1
typo,rlens_64p,typo-island,island,52,1
typo,jpp_64p,typo-island,island,8,3
typo,jpp_64p,typo-island,island,15,1
typo,jpp_64p,typo-island,island,22,2
typo,jpp_64p,typo-island,island,30,2
typo,jpp_64p,typo-island,island,38,1
typo,jpp_64p,typo-island,island,45,1
typo,jpp_64p,typo-island,island,52,1
typo,logit,typo-single,single,8,22087
typo,logit,typo-single,single,15,11270
typo,logit,typo-single,single,22,12681
typo,logit,typo-single,single,30,61018
typo,logit,typo-single,single,38,2217
typo,logit,typo-single,single,45,4
typo,logit,typo-single,single,52,2
typo,jlens_16p,typo-single,single,8,21968
typo,jlens_16p,typo-single,single,15,144515
typo,jlens_16p,typo-single,single,22,145877
typo,jlens_16p,typo-single,single,30,2
typo,jlens_16p,typo-single,single,38,3
typo,jlens_16p,typo-single,single,45,2
typo,jlens_16p,typo-single,single,52,1
typo,rlens_16p,typo-single,single,8,278
typo,rlens_16p,typo-single,single,15,28
typo,rlens_16p,typo-single,single,22,10
typo,rlens_16p,typo-single,single,30,7
typo,rlens_16p,typo-single,single,38,209
typo,rlens_16p,typo-single,single,45,1
typo,rlens_16p,typo-single,single,52,1
typo,rlens_64p,typo-single,single,8,200
typo,rlens_64p,typo-single,single,15,24
typo,rlens_64p,typo-single,single,22,7
typo,rlens_64p,typo-single,single,30,5
typo,rlens_64p,typo-single,single,38,132
typo,rlens_64p,typo-single,single,45,1
typo,rlens_64p,typo-single,single,52,1
typo,jpp_64p,typo-single,single,8,10
typo,jpp_64p,typo-single,single,15,3
typo,jpp_64p,typo-single,single,22,2
typo,jpp_64p,typo-single,single,30,10
typo,jpp_64p,typo-single,single,38,102
typo,jpp_64p,typo-single,single,45,4
typo,jpp_64p,typo-single,single,52,1
typo,logit,typo-little,little,8,33969
typo,logit,typo-little,little,15,39890
typo,logit,typo-little,little,22,79870
typo,logit,typo-little,little,30,34816
typo,logit,typo-little,little,38,2653
typo,logit,typo-little,little,45,15
typo,logit,typo-little,little,52,4
typo,jlens_16p,typo-little,little,8,210917
typo,jlens_16p,typo-little,little,15,2403
typo,jlens_16p,typo-little,little,22,2468
typo,jlens_16p,typo-little,little,30,4644
typo,jlens_16p,typo-little,little,38,1747
typo,jlens_16p,typo-little,little,45,40
typo,jlens_16p,typo-little,little,52,2
typo,rlens_16p,typo-little,little,8,786
typo,rlens_16p,typo-little,little,15,5
typo,rlens_16p,typo-little,little,22,3
typo,rlens_16p,typo-little,little,30,15
typo,rlens_16p,typo-little,little,38,78
typo,rlens_16p,typo-little,little,45,5
typo,rlens_16p,typo-little,little,52,3
typo,rlens_64p,typo-little,little,8,880
typo,rlens_64p,typo-little,little,15,7
typo,rlens_64p,typo-little,little,22,4
typo,rlens_64p,typo-little,little,30,70
typo,rlens_64p,typo-little,little,38,120
typo,rlens_64p,typo-little,little,45,11
typo,rlens_64p,typo-little,little,52,4
typo,jpp_64p,typo-little,little,8,1
typo,jpp_64p,typo-little,little,15,1
typo,jpp_64p,typo-little,little,22,1
typo,jpp_64p,typo-little,little,30,1
typo,jpp_64p,typo-little,little,38,1
typo,jpp_64p,typo-little,little,45,1
typo,jpp_64p,typo-little,little,52,5
typo,logit,typo-although,although,8,116316
typo,logit,typo-although,although,15,54237
typo,logit,typo-although,although,22,102906
typo,logit,typo-although,although,30,18
typo,logit,typo-although,although,38,41
typo,logit,typo-although,although,45,30
typo,logit,typo-although,although,52,1
typo,jlens_16p,typo-although,although,8,34067
typo,jlens_16p,typo-although,although,15,147913
typo,jlens_16p,typo-although,although,22,147864
typo,jlens_16p,typo-although,although,30,15178
typo,jlens_16p,typo-although,although,38,13145
typo,jlens_16p,typo-although,although,45,117
typo,jlens_16p,typo-although,although,52,5
typo,rlens_16p,typo-although,although,8,55583
typo,rlens_16p,typo-although,although,15,9277
typo,rlens_16p,typo-although,although,22,5001
typo,rlens_16p,typo-although,although,30,3766
typo,rlens_16p,typo-although,although,38,6745
typo,rlens_16p,typo-although,although,45,180
typo,rlens_16p,typo-although,although,52,2
typo,rlens_64p,typo-although,although,8,47706
typo,rlens_64p,typo-although,although,15,7566
typo,rlens_64p,typo-although,although,22,4410
typo,rlens_64p,typo-although,although,30,3274
typo,rlens_64p,typo-although,although,38,7149
typo,rlens_64p,typo-although,although,45,146
typo,rlens_64p,typo-although,although,52,2
typo,jpp_64p,typo-although,although,8,48
typo,jpp_64p,typo-although,although,15,81
typo,jpp_64p,typo-although,although,22,25
typo,jpp_64p,typo-although,although,30,203
typo,jpp_64p,typo-although,although,38,126
typo,jpp_64p,typo-although,although,45,25
typo,jpp_64p,typo-although,although,52,2
typo,logit,typo-again,again,8,78234
typo,logit,typo-again,again,15,146051
typo,logit,typo-again,again,22,50543
typo,logit,typo-again,again,30,142769
typo,logit,typo-again,again,38,6009
typo,logit,typo-again,again,45,166
typo,logit,typo-again,again,52,2
typo,jlens_16p,typo-again,again,8,22800
typo,jlens_16p,typo-again,again,15,143804
typo,jlens_16p,typo-again,again,22,142639
typo,jlens_16p,typo-again,again,30,83607
typo,jlens_16p,typo-again,again,38,29998
typo,jlens_16p,typo-again,again,45,2805
typo,jlens_16p,typo-again,again,52,4
typo,rlens_16p,typo-again,again,8,11065
typo,rlens_16p,typo-again,again,15,26
typo,rlens_16p,typo-again,again,22,14
typo,rlens_16p,typo-again,again,30,564
typo,rlens_16p,typo-again,again,38,506
typo,rlens_16p,typo-again,again,45,1629
typo,rlens_16p,typo-again,again,52,3
typo,rlens_64p,typo-again,again,8,10885
typo,rlens_64p,typo-again,again,15,36
typo,rlens_64p,typo-again,again,22,19
typo,rlens_64p,typo-again,again,30,853
typo,rlens_64p,typo-again,again,38,464
typo,rlens_64p,typo-again,again,45,955
typo,rlens_64p,typo-again,again,52,3
typo,jpp_64p,typo-again,again,8,41
typo,jpp_64p,typo-again,again,15,2
typo,jpp_64p,typo-again,again,22,1
typo,jpp_64p,typo-again,again,30,67
typo,jpp_64p,typo-again,again,38,13
typo,jpp_64p,typo-again,again,45,7
typo,jpp_64p,typo-again,again,52,4
typo,logit,typo-program,program,8,143802
typo,logit,typo-program,program,15,166013
typo,logit,typo-program,program,22,154254
typo,logit,typo-program,program,30,41350
typo,logit,typo-program,program,38,510
typo,logit,typo-program,program,45,16
typo,logit,typo-program,program,52,6
typo,jlens_16p,typo-program,program,8,92734
typo,jlens_16p,typo-program,program,15,124763
typo,jlens_16p,typo-program,program,22,123203
typo,jlens_16p,typo-program,program,30,49171
typo,jlens_16p,typo-program,program,38,17266
typo,jlens_16p,typo-program,program,45,25110
typo,jlens_16p,typo-program,program,52,6
typo,rlens_16p,typo-program,program,8,47572
typo,rlens_16p,typo-program,program,15,1393
typo,rlens_16p,typo-program,program,22,73
typo,rlens_16p,typo-program,program,30,517
typo,rlens_16p,typo-program,program,38,57
typo,rlens_16p,typo-program,program,45,437
typo,rlens_16p,typo-program,program,52,2
typo,rlens_64p,typo-program,program,8,54561
typo,rlens_64p,typo-program,program,15,1678
typo,rlens_64p,typo-program,program,22,56
typo,rlens_64p,typo-program,program,30,530
typo,rlens_64p,typo-program,program,38,35
typo,rlens_64p,typo-program,program,45,359
typo,rlens_64p,typo-program,program,52,2
typo,jpp_64p,typo-program,program,8,28
typo,jpp_64p,typo-program,program,15,1
typo,jpp_64p,typo-program,program,22,2
typo,jpp_64p,typo-program,program,30,6
typo,jpp_64p,typo-program,program,38,60
typo,jpp_64p,typo-program,program,45,34
typo,jpp_64p,typo-program,program,52,1
typo,logit,typo-model,model,8,47205
typo,logit,typo-model,model,15,62809
typo,logit,typo-model,model,22,104142
typo,logit,typo-model,model,30,871
typo,logit,typo-model,model,38,14003
typo,logit,typo-model,model,45,34
typo,logit,typo-model,model,52,1
typo,jlens_16p,typo-model,model,8,1540
typo,jlens_16p,typo-model,model,15,166120
typo,jlens_16p,typo-model,model,22,166944
typo,jlens_16p,typo-model,model,30,78044
typo,jlens_16p,typo-model,model,38,98024
typo,jlens_16p,typo-model,model,45,30796
typo,jlens_16p,typo-model,model,52,4
typo,rlens_16p,typo-model,model,8,122220
typo,rlens_16p,typo-model,model,15,6159
typo,rlens_16p,typo-model,model,22,1469
typo,rlens_16p,typo-model,model,30,118086
typo,rlens_16p,typo-model,model,38,163868
typo,rlens_16p,typo-model,model,45,7661
typo,rlens_16p,typo-model,model,52,3
typo,rlens_64p,typo-model,model,8,149199
typo,rlens_64p,typo-model,model,15,9846
typo,rlens_64p,typo-model,model,22,2941
typo,rlens_64p,typo-model,model,30,140531
typo,rlens_64p,typo-model,model,38,171273
typo,rlens_64p,typo-model,model,45,9520
typo,rlens_64p,typo-model,model,52,6
typo,jpp_64p,typo-model,model,8,26
typo,jpp_64p,typo-model,model,15,3
typo,jpp_64p,typo-model,model,22,5
typo,jpp_64p,typo-model,model,30,25424
typo,jpp_64p,typo-model,model,38,16960
typo,jpp_64p,typo-model,model,45,64
typo,jpp_64p,typo-model,model,52,3
typo,logit,typo-family,family,8,22323
typo,logit,typo-family,family,15,60057
typo,logit,typo-family,family,22,52982
typo,logit,typo-family,family,30,34194
typo,logit,typo-family,family,38,4554
typo,logit,typo-family,family,45,11
typo,logit,typo-family,family,52,5
typo,jlens_16p,typo-family,family,8,22856
typo,jlens_16p,typo-family,family,15,88296
typo,jlens_16p,typo-family,family,22,88496
typo,jlens_16p,typo-family,family,30,4282
typo,jlens_16p,typo-family,family,38,102301
typo,jlens_16p,typo-family,family,45,30959
typo,jlens_16p,typo-family,family,52,8
typo,rlens_16p,typo-family,family,8,3073
typo,rlens_16p,typo-family,family,15,9
typo,rlens_16p,typo-family,family,22,10
typo,rlens_16p,typo-family,family,30,2854
typo,rlens_16p,typo-family,family,38,87430
typo,rlens_16p,typo-family,family,45,1292
typo,rlens_16p,typo-family,family,52,4
typo,rlens_64p,typo-family,family,8,5327
typo,rlens_64p,typo-family,family,15,28
typo,rlens_64p,typo-family,family,22,20
typo,rlens_64p,typo-family,family,30,5009
typo,rlens_64p,typo-family,family,38,109608
typo,rlens_64p,typo-family,family,45,1779
typo,rlens_64p,typo-family,family,52,6
typo,jpp_64p,typo-family,family,8,56
typo,jpp_64p,typo-family,family,15,1
typo,jpp_64p,typo-family,family,22,2
typo,jpp_64p,typo-family,family,30,1018
typo,jpp_64p,typo-family,family,38,2392
typo,jpp_64p,typo-family,family,45,58
typo,jpp_64p,typo-family,family,52,3
typo,logit,typo-future,future,8,18014
typo,logit,typo-future,future,15,20665
typo,logit,typo-future,future,22,36503
typo,logit,typo-future,future,30,46183
typo,logit,typo-future,future,38,3037
typo,logit,typo-future,future,45,28
typo,logit,typo-future,future,52,2
typo,jlens_16p,typo-future,future,8,97281
typo,jlens_16p,typo-future,future,15,78106
typo,jlens_16p,typo-future,future,22,78327
typo,jlens_16p,typo-future,future,30,64167
typo,jlens_16p,typo-future,future,38,16726
typo,jlens_16p,typo-future,future,45,732
typo,jlens_16p,typo-future,future,52,1
typo,rlens_16p,typo-future,future,8,5082
typo,rlens_16p,typo-future,future,15,19
typo,rlens_16p,typo-future,future,22,2
typo,rlens_16p,typo-future,future,30,64
typo,rlens_16p,typo-future,future,38,152
typo,rlens_16p,typo-future,future,45,48
typo,rlens_16p,typo-future,future,52,1
typo,rlens_64p,typo-future,future,8,5274
typo,rlens_64p,typo-future,future,15,40
typo,rlens_64p,typo-future,future,22,10
typo,rlens_64p,typo-future,future,30,200
typo,rlens_64p,typo-future,future,38,190
typo,rlens_64p,typo-future,future,45,47
typo,rlens_64p,typo-future,future,52,1
typo,jpp_64p,typo-future,future,8,4
typo,jpp_64p,typo-future,future,15,2
typo,jpp_64p,typo-future,future,22,1
typo,jpp_64p,typo-future,future,30,1
typo,jpp_64p,typo-future,future,38,4
typo,jpp_64p,typo-future,future,45,15
typo,jpp_64p,typo-future,future,52,1
typo,logit,typo-level,level,8,133890
typo,logit,typo-level,level,15,123142
typo,logit,typo-level,level,22,106827
typo,logit,typo-level,level,30,19248
typo,logit,typo-level,level,38,6745
typo,logit,typo-level,level,45,12
typo,logit,typo-level,level,52,12
typo,jlens_16p,typo-level,level,8,28907
typo,jlens_16p,typo-level,level,15,89195
typo,jlens_16p,typo-level,level,22,89486
typo,jlens_16p,typo-level,level,30,2180
typo,jlens_16p,typo-level,level,38,7186
typo,jlens_16p,typo-level,level,45,842
typo,jlens_16p,typo-level,level,52,15
typo,rlens_16p,typo-level,level,8,8152
typo,rlens_16p,typo-level,level,15,14
typo,rlens_16p,typo-level,level,22,1
typo,rlens_16p,typo-level,level,30,8
typo,rlens_16p,typo-level,level,38,927
typo,rlens_16p,typo-level,level,45,6
typo,rlens_16p,typo-level,level,52,3
typo,rlens_64p,typo-level,level,8,11622
typo,rlens_64p,typo-level,level,15,28
typo,rlens_64p,typo-level,level,22,1
typo,rlens_64p,typo-level,level,30,14
typo,rlens_64p,typo-level,level,38,797
typo,rlens_64p,typo-level,level,45,5
typo,rlens_64p,typo-level,level,52,4
typo,jpp_64p,typo-level,level,8,2
typo,jpp_64p,typo-level,level,15,1
typo,jpp_64p,typo-level,level,22,1
typo,jpp_64p,typo-level,level,30,1
typo,jpp_64p,typo-level,level,38,1
typo,jpp_64p,typo-level,level,45,18
typo,jpp_64p,typo-level,level,52,1
typo,logit,typo-local,local,8,191378
typo,logit,typo-local,local,15,163027
typo,logit,typo-local,local,22,147620
typo,logit,typo-local,local,30,1979
typo,logit,typo-local,local,38,465
typo,logit,typo-local,local,45,12
typo,logit,typo-local,local,52,67
typo,jlens_16p,typo-local,local,8,23104
typo,jlens_16p,typo-local,local,15,163142
typo,jlens_16p,typo-local,local,22,161409
typo,jlens_16p,typo-local,local,30,19187
typo,jlens_16p,typo-local,local,38,12738
typo,jlens_16p,typo-local,local,45,3405
typo,jlens_16p,typo-local,local,52,23
typo,rlens_16p,typo-local,local,8,4826
typo,rlens_16p,typo-local,local,15,294
typo,rlens_16p,typo-local,local,22,97
typo,rlens_16p,typo-local,local,30,118
typo,rlens_16p,typo-local,local,38,18
typo,rlens_16p,typo-local,local,45,2
typo,rlens_16p,typo-local,local,52,9
typo,rlens_64p,typo-local,local,8,7523
typo,rlens_64p,typo-local,local,15,468
typo,rlens_64p,typo-local,local,22,93
typo,rlens_64p,typo-local,local,30,171
typo,rlens_64p,typo-local,local,38,16
typo,rlens_64p,typo-local,local,45,2
typo,rlens_64p,typo-local,local,52,9
typo,jpp_64p,typo-local,local,8,5
typo,jpp_64p,typo-local,local,15,3
typo,jpp_64p,typo-local,local,22,5
typo,jpp_64p,typo-local,local,30,3
typo,jpp_64p,typo-local,local,38,2
typo,jpp_64p,typo-local,local,45,1
typo,jpp_64p,typo-local,local,52,20
typo,logit,typo-order,order,8,90809
typo,logit,typo-order,order,15,97528
typo,logit,typo-order,order,22,45788
typo,logit,typo-order,order,30,3231
typo,logit,typo-order,order,38,3968
typo,logit,typo-order,order,45,30
typo,logit,typo-order,order,52,1
typo,jlens_16p,typo-order,order,8,64313
typo,jlens_16p,typo-order,order,15,89528
typo,jlens_16p,typo-order,order,22,83932
typo,jlens_16p,typo-order,order,30,136389
typo,jlens_16p,typo-order,order,38,24049
typo,jlens_16p,typo-order,order,45,385
typo,jlens_16p,typo-order,order,52,3
typo,rlens_16p,typo-order,order,8,99563
typo,rlens_16p,typo-order,order,15,8907
typo,rlens_16p,typo-order,order,22,10112
typo,rlens_16p,typo-order,order,30,51866
typo,rlens_16p,typo-order,order,38,17802
typo,rlens_16p,typo-order,order,45,160
typo,rlens_16p,typo-order,order,52,1
typo,rlens_64p,typo-order,order,8,115954
typo,rlens_64p,typo-order,order,15,21190
typo,rlens_64p,typo-order,order,22,21948
typo,rlens_64p,typo-order,order,30,60805
typo,rlens_64p,typo-order,order,38,15157
typo,rlens_64p,typo-order,order,45,156
typo,rlens_64p,typo-order,order,52,1
typo,jpp_64p,typo-order,order,8,17
typo,jpp_64p,typo-order,order,15,5
typo,jpp_64p,typo-order,order,22,13
typo,jpp_64p,typo-order,order,30,20283
typo,jpp_64p,typo-order,order,38,5925
typo,jpp_64p,typo-order,order,45,8
typo,jpp_64p,typo-order,order,52,1
typo,logit,typo-study,study,8,69572
typo,logit,typo-study,study,15,60611
typo,logit,typo-study,study,22,59166
typo,logit,typo-study,study,30,81024
typo,logit,typo-study,study,38,20751
typo,logit,typo-study,study,45,140
typo,logit,typo-study,study,52,4
typo,jlens_16p,typo-study,study,8,124688
typo,jlens_16p,typo-study,study,15,13058
typo,jlens_16p,typo-study,study,22,16386
typo,jlens_16p,typo-study,study,30,48355
typo,jlens_16p,typo-study,study,38,38426
typo,jlens_16p,typo-study,study,45,2084
typo,jlens_16p,typo-study,study,52,4
typo,rlens_16p,typo-study,study,8,66108
typo,rlens_16p,typo-study,study,15,7677
typo,rlens_16p,typo-study,study,22,2378
typo,rlens_16p,typo-study,study,30,23798
typo,rlens_16p,typo-study,study,38,33380
typo,rlens_16p,typo-study,study,45,163
typo,rlens_16p,typo-study,study,52,4
typo,rlens_64p,typo-study,study,8,78822
typo,rlens_64p,typo-study,study,15,12979
typo,rlens_64p,typo-study,study,22,3599
typo,rlens_64p,typo-study,study,30,28877
typo,rlens_64p,typo-study,study,38,48017
typo,rlens_64p,typo-study,study,45,159
typo,rlens_64p,typo-study,study,52,5
typo,jpp_64p,typo-study,study,8,6
typo,jpp_64p,typo-study,study,15,3
typo,jpp_64p,typo-study,study,22,5
typo,jpp_64p,typo-study,study,30,954
typo,jpp_64p,typo-study,study,38,47
typo,jpp_64p,typo-study,study,45,17
typo,jpp_64p,typo-study,study,52,4
typo,logit,typo-write,write,8,86749
typo,logit,typo-write,write,15,37490
typo,logit,typo-write,write,22,28607
typo,logit,typo-write,write,30,68314
typo,logit,typo-write,write,38,4053
typo,logit,typo-write,write,45,30
typo,logit,typo-write,write,52,9
typo,jlens_16p,typo-write,write,8,68653
typo,jlens_16p,typo-write,write,15,15445
typo,jlens_16p,typo-write,write,22,15562
typo,jlens_16p,typo-write,write,30,623
typo,jlens_16p,typo-write,write,38,104
typo,jlens_16p,typo-write,write,45,17
typo,jlens_16p,typo-write,write,52,4
typo,rlens_16p,typo-write,write,8,713
typo,rlens_16p,typo-write,write,15,18
typo,rlens_16p,typo-write,write,22,11
typo,rlens_16p,typo-write,write,30,20
typo,rlens_16p,typo-write,write,38,37
typo,rlens_16p,typo-write,write,45,3
typo,rlens_16p,typo-write,write,52,1
typo,rlens_64p,typo-write,write,8,930
typo,rlens_64p,typo-write,write,15,30
typo,rlens_64p,typo-write,write,22,11
typo,rlens_64p,typo-write,write,30,26
typo,rlens_64p,typo-write,write,38,30
typo,rlens_64p,typo-write,write,45,4
typo,rlens_64p,typo-write,write,52,1
typo,jpp_64p,typo-write,write,8,2
typo,jpp_64p,typo-write,write,15,1
typo,jpp_64p,typo-write,write,22,1
typo,jpp_64p,typo-write,write,30,3
typo,jpp_64p,typo-write,write,38,2
typo,jpp_64p,typo-write,write,45,1
typo,jpp_64p,typo-write,write,52,1
typo,logit,typo-young,young,8,8473
typo,logit,typo-young,young,15,16738
typo,logit,typo-young,young,22,7171
typo,logit,typo-young,young,30,11867
typo,logit,typo-young,young,38,7181
typo,logit,typo-young,young,45,178
typo,logit,typo-young,young,52,2
typo,jlens_16p,typo-young,young,8,39313
typo,jlens_16p,typo-young,young,15,50658
typo,jlens_16p,typo-young,young,22,50350
typo,jlens_16p,typo-young,young,30,3320
typo,jlens_16p,typo-young,young,38,22122
typo,jlens_16p,typo-young,young,45,10409
typo,jlens_16p,typo-young,young,52,1
typo,rlens_16p,typo-young,young,8,406
typo,rlens_16p,typo-young,young,15,4
typo,rlens_16p,typo-young,young,22,3
typo,rlens_16p,typo-young,young,30,61
typo,rlens_16p,typo-young,young,38,4379
typo,rlens_16p,typo-young,young,45,14
typo,rlens_16p,typo-young,young,52,1
typo,rlens_64p,typo-young,young,8,682
typo,rlens_64p,typo-young,young,15,4
typo,rlens_64p,typo-young,young,22,3
typo,rlens_64p,typo-young,young,30,149
typo,rlens_64p,typo-young,young,38,4852
typo,rlens_64p,typo-young,young,45,13
typo,rlens_64p,typo-young,young,52,1
typo,jpp_64p,typo-young,young,8,7
typo,jpp_64p,typo-young,young,15,3
typo,jpp_64p,typo-young,young,22,3
typo,jpp_64p,typo-young,young,30,33
typo,jpp_64p,typo-young,young,38,903
typo,jpp_64p,typo-young,young,45,29
typo,jpp_64p,typo-young,young,52,2
typo,logit,typo-human,human,8,134169
typo,logit,typo-human,human,15,46215
typo,logit,typo-human,human,22,23459
typo,logit,typo-human,human,30,4071
typo,logit,typo-human,human,38,1293
typo,logit,typo-human,human,45,83
typo,logit,typo-human,human,52,8
typo,jlens_16p,typo-human,human,8,30884
typo,jlens_16p,typo-human,human,15,145688
typo,jlens_16p,typo-human,human,22,145094
typo,jlens_16p,typo-human,human,30,4445
typo,jlens_16p,typo-human,human,38,7882
typo,jlens_16p,typo-human,human,45,11017
typo,jlens_16p,typo-human,human,52,5
typo,rlens_16p,typo-human,human,8,1042
typo,rlens_16p,typo-human,human,15,20
typo,rlens_16p,typo-human,human,22,11
typo,rlens_16p,typo-human,human,30,90
typo,rlens_16p,typo-human,human,38,877
typo,rlens_16p,typo-human,human,45,15
typo,rlens_16p,typo-human,human,52,1
typo,rlens_64p,typo-human,human,8,2038
typo,rlens_64p,typo-human,human,15,113
typo,rlens_64p,typo-human,human,22,53
typo,rlens_64p,typo-human,human,30,197
typo,rlens_64p,typo-human,human,38,746
typo,rlens_64p,typo-human,human,45,14
typo,rlens_64p,typo-human,human,52,3
typo,jpp_64p,typo-human,human,8,7
typo,jpp_64p,typo-human,human,15,1
typo,jpp_64p,typo-human,human,22,3
typo,jpp_64p,typo-human,human,30,29
typo,jpp_64p,typo-human,human,38,26
typo,jpp_64p,typo-human,human,45,8
typo,jpp_64p,typo-human,human,52,1
typo,logit,typo-major,major,8,95249
typo,logit,typo-major,major,15,71322
typo,logit,typo-major,major,22,174460
typo,logit,typo-major,major,30,73295
typo,logit,typo-major,major,38,75071
typo,logit,typo-major,major,45,36
typo,logit,typo-major,major,52,2
typo,jlens_16p,typo-major,major,8,20990
typo,jlens_16p,typo-major,major,15,149854
typo,jlens_16p,typo-major,major,22,147899
typo,jlens_16p,typo-major,major,30,90184
typo,jlens_16p,typo-major,major,38,70918
typo,jlens_16p,typo-major,major,45,22595
typo,jlens_16p,typo-major,major,52,3
typo,rlens_16p,typo-major,major,8,15381
typo,rlens_16p,typo-major,major,15,184
typo,rlens_16p,typo-major,major,22,318
typo,rlens_16p,typo-major,major,30,24341
typo,rlens_16p,typo-major,major,38,662
typo,rlens_16p,typo-major,major,45,739
typo,rlens_16p,typo-major,major,52,2
typo,rlens_64p,typo-major,major,8,17928
typo,rlens_64p,typo-major,major,15,259
typo,rlens_64p,typo-major,major,22,351
typo,rlens_64p,typo-major,major,30,30509
typo,rlens_64p,typo-major,major,38,1882
typo,rlens_64p,typo-major,major,45,865
typo,rlens_64p,typo-major,major,52,2
typo,jpp_64p,typo-major,major,8,84
typo,jpp_64p,typo-major,major,15,2
typo,jpp_64p,typo-major,major,22,6
typo,jpp_64p,typo-major,major,30,2921
typo,jpp_64p,typo-major,major,38,80
typo,jpp_64p,typo-major,major,45,7
typo,jpp_64p,typo-major,major,52,2
typo,logit,typo-often,often,8,128355
typo,logit,typo-often,often,15,96397
typo,logit,typo-often,often,22,97247
typo,logit,typo-often,often,30,115
typo,logit,typo-often,often,38,132
typo,logit,typo-often,often,45,243
typo,logit,typo-often,often,52,3
typo,jlens_16p,typo-often,often,8,37786
typo,jlens_16p,typo-often,often,15,153271
typo,jlens_16p,typo-often,often,22,150400
typo,jlens_16p,typo-often,often,30,22840
typo,jlens_16p,typo-often,often,38,3937
typo,jlens_16p,typo-often,often,45,7455
typo,jlens_16p,typo-often,often,52,4
typo,rlens_16p,typo-often,often,8,13446
typo,rlens_16p,typo-often,often,15,26
typo,rlens_16p,typo-often,often,22,11
typo,rlens_16p,typo-often,often,30,11
typo,rlens_16p,typo-often,often,38,10
typo,rlens_16p,typo-often,often,45,117
typo,rlens_16p,typo-often,often,52,1
typo,rlens_64p,typo-often,often,8,17469
typo,rlens_64p,typo-often,often,15,41
typo,rlens_64p,typo-often,often,22,18
typo,rlens_64p,typo-often,often,30,17
typo,rlens_64p,typo-often,often,38,10
typo,rlens_64p,typo-often,often,45,110
typo,rlens_64p,typo-often,often,52,1
typo,jpp_64p,typo-often,often,8,2
typo,jpp_64p,typo-often,often,15,4
typo,jpp_64p,typo-often,often,22,4
typo,jpp_64p,typo-often,often,30,5
typo,jpp_64p,typo-often,often,38,10
typo,jpp_64p,typo-often,often,45,7
typo,jpp_64p,typo-often,often,52,1
typo,logit,typo-present,present,8,46472
typo,logit,typo-present,present,15,103047
typo,logit,typo-present,present,22,68657
typo,logit,typo-present,present,30,41697
typo,logit,typo-present,present,38,54285
typo,logit,typo-present,present,45,944
typo,logit,typo-present,present,52,7
typo,jlens_16p,typo-present,present,8,132836
typo,jlens_16p,typo-present,present,15,100326
typo,jlens_16p,typo-present,present,22,97512
typo,jlens_16p,typo-present,present,30,115443
typo,jlens_16p,typo-present,present,38,90821
typo,jlens_16p,typo-present,present,45,35740
typo,jlens_16p,typo-present,present,52,2
typo,rlens_16p,typo-present,present,8,159681
typo,rlens_16p,typo-present,present,15,136173
typo,rlens_16p,typo-present,present,22,90591
typo,rlens_16p,typo-present,present,30,88149
typo,rlens_16p,typo-present,present,38,81267
typo,rlens_16p,typo-present,present,45,10883
typo,rlens_16p,typo-present,present,52,6
typo,rlens_64p,typo-present,present,8,152173
typo,rlens_64p,typo-present,present,15,126897
typo,rlens_64p,typo-present,present,22,84574
typo,rlens_64p,typo-present,present,30,106862
typo,rlens_64p,typo-present,present,38,86894
typo,rlens_64p,typo-present,present,45,11624
typo,rlens_64p,typo-present,present,52,6
typo,jpp_64p,typo-present,present,8,5
typo,jpp_64p,typo-present,present,15,261
typo,jpp_64p,typo-present,present,22,428
typo,jpp_64p,typo-present,present,30,30221
typo,jpp_64p,typo-present,present,38,523
typo,jpp_64p,typo-present,present,45,47
typo,jpp_64p,typo-present,present,52,8
typo,logit,typo-product,product,8,98748
typo,logit,typo-product,product,15,153686
typo,logit,typo-product,product,22,114420
typo,logit,typo-product,product,30,8305
typo,logit,typo-product,product,38,34863
typo,logit,typo-product,product,45,8
typo,logit,typo-product,product,52,1
typo,jlens_16p,typo-product,product,8,134963
typo,jlens_16p,typo-product,product,15,55444
typo,jlens_16p,typo-product,product,22,55711
typo,jlens_16p,typo-product,product,30,138726
typo,jlens_16p,typo-product,product,38,126262
typo,jlens_16p,typo-product,product,45,412
typo,jlens_16p,typo-product,product,52,2
typo,rlens_16p,typo-product,product,8,55182
typo,rlens_16p,typo-product,product,15,4082
typo,rlens_16p,typo-product,product,22,613
typo,rlens_16p,typo-product,product,30,7981
typo,rlens_16p,typo-product,product,38,53164
typo,rlens_16p,typo-product,product,45,8
typo,rlens_16p,typo-product,product,52,1
typo,rlens_64p,typo-product,product,8,56490
typo,rlens_64p,typo-product,product,15,8948
typo,rlens_64p,typo-product,product,22,1757
typo,rlens_64p,typo-product,product,30,14806
typo,rlens_64p,typo-product,product,38,46890
typo,rlens_64p,typo-product,product,45,9
typo,rlens_64p,typo-product,product,52,1
typo,jpp_64p,typo-product,product,8,44
typo,jpp_64p,typo-product,product,15,2
typo,jpp_64p,typo-product,product,22,6
typo,jpp_64p,typo-product,product,30,2712
typo,jpp_64p,typo-product,product,38,1195
typo,jpp_64p,typo-product,product,45,2
typo,jpp_64p,typo-product,product,52,1
typo,logit,typo-project,project,8,59330
typo,logit,typo-project,project,15,30299
typo,logit,typo-project,project,22,12500
typo,logit,typo-project,project,30,6224
typo,logit,typo-project,project,38,1103
typo,logit,typo-project,project,45,62
typo,logit,typo-project,project,52,2
typo,jlens_16p,typo-project,project,8,174876
typo,jlens_16p,typo-project,project,15,20807
typo,jlens_16p,typo-project,project,22,21112
typo,jlens_16p,typo-project,project,30,68886
typo,jlens_16p,typo-project,project,38,40043
typo,jlens_16p,typo-project,project,45,27587
typo,jlens_16p,typo-project,project,52,3
typo,rlens_16p,typo-project,project,8,9801
typo,rlens_16p,typo-project,project,15,2358
typo,rlens_16p,typo-project,project,22,1653
typo,rlens_16p,typo-project,project,30,13426
typo,rlens_16p,typo-project,project,38,31945
typo,rlens_16p,typo-project,project,45,5936
typo,rlens_16p,typo-project,project,52,2
typo,rlens_64p,typo-project,project,8,10488
typo,rlens_64p,typo-project,project,15,3597
typo,rlens_64p,typo-project,project,22,2233
typo,rlens_64p,typo-project,project,30,16496
typo,rlens_64p,typo-project,project,38,30703
typo,rlens_64p,typo-project,project,45,3087
typo,rlens_64p,typo-project,project,52,2
typo,jpp_64p,typo-project,project,8,4
typo,jpp_64p,typo-project,project,15,2
typo,jpp_64p,typo-project,project,22,4
typo,jpp_64p,typo-project,project,30,3647
typo,jpp_64p,typo-project,project,38,23569
typo,jpp_64p,typo-project,project,45,492
typo,jpp_64p,typo-project,project,52,1
typo,logit,typo-support,support,8,10114
typo,logit,typo-support,support,15,13899
typo,logit,typo-support,support,22,18986
typo,logit,typo-support,support,30,31684
typo,logit,typo-support,support,38,6675
typo,logit,typo-support,support,45,35
typo,logit,typo-support,support,52,9
typo,jlens_16p,typo-support,support,8,53825
typo,jlens_16p,typo-support,support,15,92578
typo,jlens_16p,typo-support,support,22,90566
typo,jlens_16p,typo-support,support,30,37785
typo,jlens_16p,typo-support,support,38,32733
typo,jlens_16p,typo-support,support,45,337
typo,jlens_16p,typo-support,support,52,4
typo,rlens_16p,typo-support,support,8,5180
typo,rlens_16p,typo-support,support,15,158
typo,rlens_16p,typo-support,support,22,48
typo,rlens_16p,typo-support,support,30,363
typo,rlens_16p,typo-support,support,38,623
typo,rlens_16p,typo-support,support,45,8
typo,rlens_16p,typo-support,support,52,2
typo,rlens_64p,typo-support,support,8,8626
typo,rlens_64p,typo-support,support,15,503
typo,rlens_64p,typo-support,support,22,212
typo,rlens_64p,typo-support,support,30,1565
typo,rlens_64p,typo-support,support,38,1423
typo,rlens_64p,typo-support,support,45,7
typo,rlens_64p,typo-support,support,52,2
typo,jpp_64p,typo-support,support,8,1
typo,jpp_64p,typo-support,support,15,1
typo,jpp_64p,typo-support,support,22,1
typo,jpp_64p,typo-support,support,30,42
typo,jpp_64p,typo-support,support,38,13
typo,jpp_64p,typo-support,support,45,3
typo,jpp_64p,typo-support,support,52,3
typo,logit,typo-division,division,8,43992
typo,logit,typo-division,division,15,18447
typo,logit,typo-division,division,22,21000
typo,logit,typo-division,division,30,83521
typo,logit,typo-division,division,38,19012
typo,logit,typo-division,division,45,39
typo,logit,typo-division,division,52,1
typo,jlens_16p,typo-division,division,8,150885
typo,jlens_16p,typo-division,division,15,60474
typo,jlens_16p,typo-division,division,22,58553
typo,jlens_16p,typo-division,division,30,43012
typo,jlens_16p,typo-division,division,38,38611
typo,jlens_16p,typo-division,division,45,508
typo,jlens_16p,typo-division,division,52,1
typo,rlens_16p,typo-division,division,8,1918
typo,rlens_16p,typo-division,division,15,87
typo,rlens_16p,typo-division,division,22,37
typo,rlens_16p,typo-division,division,30,138
typo,rlens_16p,typo-division,division,38,420
typo,rlens_16p,typo-division,division,45,4
typo,rlens_16p,typo-division,division,52,1
typo,rlens_64p,typo-division,division,8,4105
typo,rlens_64p,typo-division,division,15,240
typo,rlens_64p,typo-division,division,22,124
typo,rlens_64p,typo-division,division,30,330
typo,rlens_64p,typo-division,division,38,630
typo,rlens_64p,typo-division,division,45,5
typo,rlens_64p,typo-division,division,52,1
typo,jpp_64p,typo-division,division,8,3
typo,jpp_64p,typo-division,division,15,3
typo,jpp_64p,typo-division,division,22,3
typo,jpp_64p,typo-division,division,30,21
typo,jpp_64p,typo-division,division,38,14
typo,jpp_64p,typo-division,division,45,2
typo,jpp_64p,typo-division,division,52,1
typo,logit,typo-original,original,8,51595
typo,logit,typo-original,original,15,110263
typo,logit,typo-original,original,22,95401
typo,logit,typo-original,original,30,1703
typo,logit,typo-original,original,38,206
typo,logit,typo-original,original,45,4
typo,logit,typo-original,original,52,3
typo,jlens_16p,typo-original,original,8,72555
typo,jlens_16p,typo-original,original,15,32828
typo,jlens_16p,typo-original,original,22,33086
typo,jlens_16p,typo-original,original,30,5553
typo,jlens_16p,typo-original,original,38,554
typo,jlens_16p,typo-original,original,45,17
typo,jlens_16p,typo-original,original,52,1
typo,rlens_16p,typo-original,original,8,361
typo,rlens_16p,typo-original,original,15,1
typo,rlens_16p,typo-original,original,22,1
typo,rlens_16p,typo-original,original,30,20
typo,rlens_16p,typo-original,original,38,3
typo,rlens_16p,typo-original,original,45,2
typo,rlens_16p,typo-original,original,52,1
typo,rlens_64p,typo-original,original,8,459
typo,rlens_64p,typo-original,original,15,6
typo,rlens_64p,typo-original,original,22,2
typo,rlens_64p,typo-original,original,30,20
typo,rlens_64p,typo-original,original,38,3
typo,rlens_64p,typo-original,original,45,1
typo,rlens_64p,typo-original,original,52,1
typo,jpp_64p,typo-original,original,8,1
typo,jpp_64p,typo-original,original,15,2
typo,jpp_64p,typo-original,original,22,2
typo,jpp_64p,typo-original,original,30,1
typo,jpp_64p,typo-original,original,38,3
typo,jpp_64p,typo-original,original,45,1
typo,jpp_64p,typo-original,original,52,1
typo,logit,typo-position,position,8,11226
typo,logit,typo-position,position,15,7480
typo,logit,typo-position,position,22,4827
typo,logit,typo-position,position,30,11296
typo,logit,typo-position,position,38,3327
typo,logit,typo-position,position,45,92
typo,logit,typo-position,position,52,929
typo,jlens_16p,typo-position,position,8,48962
typo,jlens_16p,typo-position,position,15,112597
typo,jlens_16p,typo-position,position,22,68854
typo,jlens_16p,typo-position,position,30,48799
typo,jlens_16p,typo-position,position,38,48160
typo,jlens_16p,typo-position,position,45,2443
typo,jlens_16p,typo-position,position,52,2298
typo,rlens_16p,typo-position,position,8,104857
typo,rlens_16p,typo-position,position,15,9350
typo,rlens_16p,typo-position,position,22,4318
typo,rlens_16p,typo-position,position,30,9400
typo,rlens_16p,typo-position,position,38,1558
typo,rlens_16p,typo-position,position,45,1141
typo,rlens_16p,typo-position,position,52,727
typo,rlens_64p,typo-position,position,8,127845
typo,rlens_64p,typo-position,position,15,15664
typo,rlens_64p,typo-position,position,22,7912
typo,rlens_64p,typo-position,position,30,17194
typo,rlens_64p,typo-position,position,38,3272
typo,rlens_64p,typo-position,position,45,1278
typo,rlens_64p,typo-position,position,52,1079
typo,jpp_64p,typo-position,position,8,2
typo,jpp_64p,typo-position,position,15,1
typo,jpp_64p,typo-position,position,22,2
typo,jpp_64p,typo-position,position,30,170
typo,jpp_64p,typo-position,position,38,20
typo,jpp_64p,typo-position,position,45,692
typo,jpp_64p,typo-position,position,52,186
typo,logit,typo-material,material,8,172864
typo,logit,typo-material,material,15,172914
typo,logit,typo-material,material,22,176149
typo,logit,typo-material,material,30,21398
typo,logit,typo-material,material,38,19629
typo,logit,typo-material,material,45,214
typo,logit,typo-material,material,52,7
typo,jlens_16p,typo-material,material,8,12497
typo,jlens_16p,typo-material,material,15,127591
typo,jlens_16p,typo-material,material,22,127021
typo,jlens_16p,typo-material,material,30,58163
typo,jlens_16p,typo-material,material,38,14030
typo,jlens_16p,typo-material,material,45,1341
typo,jlens_16p,typo-material,material,52,1
typo,rlens_16p,typo-material,material,8,19488
typo,rlens_16p,typo-material,material,15,193
typo,rlens_16p,typo-material,material,22,225
typo,rlens_16p,typo-material,material,30,2961
typo,rlens_16p,typo-material,material,38,8135
typo,rlens_16p,typo-material,material,45,21
typo,rlens_16p,typo-material,material,52,1
typo,rlens_64p,typo-material,material,8,27990
typo,rlens_64p,typo-material,material,15,701
typo,rlens_64p,typo-material,material,22,586
typo,rlens_64p,typo-material,material,30,4038
typo,rlens_64p,typo-material,material,38,7819
typo,rlens_64p,typo-material,material,45,20
typo,rlens_64p,typo-material,material,52,1
typo,jpp_64p,typo-material,material,8,3
typo,jpp_64p,typo-material,material,15,1
typo,jpp_64p,typo-material,material,22,3
typo,jpp_64p,typo-material,material,30,51
typo,jpp_64p,typo-material,material,38,3
typo,jpp_64p,typo-material,material,45,4
typo,jpp_64p,typo-material,material,52,1
typo,logit,typo-security,security,8,72311
typo,logit,typo-security,security,15,62341
typo,logit,typo-security,security,22,39705
typo,logit,typo-security,security,30,2238
typo,logit,typo-security,security,38,493
typo,logit,typo-security,security,45,12
typo,logit,typo-security,security,52,9
typo,jlens_16p,typo-security,security,8,76708
typo,jlens_16p,typo-security,security,15,37644
typo,jlens_16p,typo-security,security,22,38142
typo,jlens_16p,typo-security,security,30,77679
typo,jlens_16p,typo-security,security,38,4553
typo,jlens_16p,typo-security,security,45,46
typo,jlens_16p,typo-security,security,52,4
typo,rlens_16p,typo-security,security,8,1642
typo,rlens_16p,typo-security,security,15,11
typo,rlens_16p,typo-security,security,22,4
typo,rlens_16p,typo-security,security,30,28
typo,rlens_16p,typo-security,security,38,5
typo,rlens_16p,typo-security,security,45,3
typo,rlens_16p,typo-security,security,52,3
typo,rlens_64p,typo-security,security,8,2813
typo,rlens_64p,typo-security,security,15,22
typo,rlens_64p,typo-security,security,22,9
typo,rlens_64p,typo-security,security,30,117
typo,rlens_64p,typo-security,security,38,12
typo,rlens_64p,typo-security,security,45,6
typo,rlens_64p,typo-security,security,52,3
typo,jpp_64p,typo-security,security,8,2
typo,jpp_64p,typo-security,security,15,1
typo,jpp_64p,typo-security,security,22,1
typo,jpp_64p,typo-security,security,30,1
typo,jpp_64p,typo-security,security,38,1
typo,jpp_64p,typo-security,security,45,4
typo,jpp_64p,typo-security,security,52,3
typo,logit,typo-training,training,8,3007
typo,logit,typo-training,training,15,6336
typo,logit,typo-training,training,22,13601
typo,logit,typo-training,training,30,15905
typo,logit,typo-training,training,38,72080
typo,logit,typo-training,training,45,35
typo,logit,typo-training,training,52,1
typo,jlens_16p,typo-training,training,8,37958
typo,jlens_16p,typo-training,training,15,167449
typo,jlens_16p,typo-training,training,22,169581
typo,jlens_16p,typo-training,training,30,22232
typo,jlens_16p,typo-training,training,38,6632
typo,jlens_16p,typo-training,training,45,529
typo,jlens_16p,typo-training,training,52,2
typo,rlens_16p,typo-training,training,8,27300
typo,rlens_16p,typo-training,training,15,290
typo,rlens_16p,typo-training,training,22,39
typo,rlens_16p,typo-training,training,30,280
typo,rlens_16p,typo-training,training,38,1330
typo,rlens_16p,typo-training,training,45,25
typo,rlens_16p,typo-training,training,52,1
typo,rlens_64p,typo-training,training,8,32658
typo,rlens_64p,typo-training,training,15,513
typo,rlens_64p,typo-training,training,22,76
typo,rlens_64p,typo-training,training,30,460
typo,rlens_64p,typo-training,training,38,2476
typo,rlens_64p,typo-training,training,45,27
typo,rlens_64p,typo-training,training,52,1
typo,jpp_64p,typo-training,training,8,2230
typo,jpp_64p,typo-training,training,15,2
typo,jpp_64p,typo-training,training,22,2
typo,jpp_64p,typo-training,training,30,125
typo,jpp_64p,typo-training,training,38,51
typo,jpp_64p,typo-training,training,45,7
typo,jpp_64p,typo-training,training,52,1
typo,logit,typo-football,football,8,95704
typo,logit,typo-football,football,15,71036
typo,logit,typo-football,football,22,61456
typo,logit,typo-football,football,30,4331
typo,logit,typo-football,football,38,5828
typo,logit,typo-football,football,45,170
typo,logit,typo-football,football,52,147
typo,jlens_16p,typo-football,football,8,89495
typo,jlens_16p,typo-football,football,15,75534
typo,jlens_16p,typo-football,football,22,111361
typo,jlens_16p,typo-football,football,30,16867
typo,jlens_16p,typo-football,football,38,10464
typo,jlens_16p,typo-football,football,45,1757
typo,jlens_16p,typo-football,football,52,27
typo,rlens_16p,typo-football,football,8,156
typo,rlens_16p,typo-football,football,15,5
typo,rlens_16p,typo-football,football,22,1
typo,rlens_16p,typo-football,football,30,7
typo,rlens_16p,typo-football,football,38,71
typo,rlens_16p,typo-football,football,45,320
typo,rlens_16p,typo-football,football,52,23
typo,rlens_64p,typo-football,football,8,224
typo,rlens_64p,typo-football,football,15,5
typo,rlens_64p,typo-football,football,22,2
typo,rlens_64p,typo-football,football,30,13
typo,rlens_64p,typo-football,football,38,170
typo,rlens_64p,typo-football,football,45,229
typo,rlens_64p,typo-football,football,52,18
typo,jpp_64p,typo-football,football,8,495
typo,jpp_64p,typo-football,football,15,1
typo,jpp_64p,typo-football,football,22,1
typo,jpp_64p,typo-football,football,30,1
typo,jpp_64p,typo-football,football,38,2
typo,jpp_64p,typo-football,football,45,26
typo,jpp_64p,typo-football,football,52,2
typo,logit,typo-course,course,8,89125
typo,logit,typo-course,course,15,26925
typo,logit,typo-course,course,22,31053
typo,logit,typo-course,course,30,6087
typo,logit,typo-course,course,38,1020
typo,logit,typo-course,course,45,5
typo,logit,typo-course,course,52,1
typo,jlens_16p,typo-course,course,8,32906
typo,jlens_16p,typo-course,course,15,167440
typo,jlens_16p,typo-course,course,22,168754
typo,jlens_16p,typo-course,course,30,77576
typo,jlens_16p,typo-course,course,38,117541
typo,jlens_16p,typo-course,course,45,10499
typo,jlens_16p,typo-course,course,52,1
typo,rlens_16p,typo-course,course,8,242418
typo,rlens_16p,typo-course,course,15,129432
typo,rlens_16p,typo-course,course,22,33041
typo,rlens_16p,typo-course,course,30,78365
typo,rlens_16p,typo-course,course,38,22291
typo,rlens_16p,typo-course,course,45,71
typo,rlens_16p,typo-course,course,52,1
typo,rlens_64p,typo-course,course,8,244139
typo,rlens_64p,typo-course,course,15,155095
typo,rlens_64p,typo-course,course,22,45736
typo,rlens_64p,typo-course,course,30,104298
typo,rlens_64p,typo-course,course,38,29807
typo,rlens_64p,typo-course,course,45,83
typo,rlens_64p,typo-course,course,52,1
typo,jpp_64p,typo-course,course,8,631
typo,jpp_64p,typo-course,course,15,16
typo,jpp_64p,typo-course,course,22,29
typo,jpp_64p,typo-course,course,30,1260
typo,jpp_64p,typo-course,course,38,28
typo,jpp_64p,typo-course,course,45,3
typo,jpp_64p,typo-course,course,52,1
typo,logit,typo-great,great,8,169917
typo,logit,typo-great,great,15,133750
typo,logit,typo-great,great,22,104435
typo,logit,typo-great,great,30,29289
typo,logit,typo-great,great,38,4730
typo,logit,typo-great,great,45,38
typo,logit,typo-great,great,52,2
typo,jlens_16p,typo-great,great,8,16496
typo,jlens_16p,typo-great,great,15,155961
typo,jlens_16p,typo-great,great,22,154951
typo,jlens_16p,typo-great,great,30,43155
typo,jlens_16p,typo-great,great,38,15398
typo,jlens_16p,typo-great,great,45,2774
typo,jlens_16p,typo-great,great,52,2
typo,rlens_16p,typo-great,great,8,12571
typo,rlens_16p,typo-great,great,15,109
typo,rlens_16p,typo-great,great,22,54
typo,rlens_16p,typo-great,great,30,371
typo,rlens_16p,typo-great,great,38,750
typo,rlens_16p,typo-great,great,45,79
typo,rlens_16p,typo-great,great,52,1
typo,rlens_64p,typo-great,great,8,10562
typo,rlens_64p,typo-great,great,15,152
typo,rlens_64p,typo-great,great,22,55
typo,rlens_64p,typo-great,great,30,835
typo,rlens_64p,typo-great,great,38,1227
typo,rlens_64p,typo-great,great,45,55
typo,rlens_64p,typo-great,great,52,1
typo,jpp_64p,typo-great,great,8,4
typo,jpp_64p,typo-great,great,15,1
typo,jpp_64p,typo-great,great,22,1
typo,jpp_64p,typo-great,great,30,25
typo,jpp_64p,typo-great,great,38,34
typo,jpp_64p,typo-great,great,45,2
typo,jpp_64p,typo-great,great,52,1
typo,logit,typo-light,light,8,49106
typo,logit,typo-light,light,15,52654
typo,logit,typo-light,light,22,36836
typo,logit,typo-light,light,30,6684
typo,logit,typo-light,light,38,1690
typo,logit,typo-light,light,45,51
typo,logit,typo-light,light,52,15
typo,jlens_16p,typo-light,light,8,54149
typo,jlens_16p,typo-light,light,15,55510
typo,jlens_16p,typo-light,light,22,55549
typo,jlens_16p,typo-light,light,30,14805
typo,jlens_16p,typo-light,light,38,35945
typo,jlens_16p,typo-light,light,45,1960
typo,jlens_16p,typo-light,light,52,5
typo,rlens_16p,typo-light,light,8,1550
typo,rlens_16p,typo-light,light,15,20
typo,rlens_16p,typo-light,light,22,15
typo,rlens_16p,typo-light,light,30,1032
typo,rlens_16p,typo-light,light,38,3644
typo,rlens_16p,typo-light,light,45,71
typo,rlens_16p,typo-light,light,52,4
typo,rlens_64p,typo-light,light,8,2375
typo,rlens_64p,typo-light,light,15,39
typo,rlens_64p,typo-light,light,22,29
typo,rlens_64p,typo-light,light,30,1658
typo,rlens_64p,typo-light,light,38,5372
typo,rlens_64p,typo-light,light,45,69
typo,rlens_64p,typo-light,light,52,3
typo,jpp_64p,typo-light,light,8,2
typo,jpp_64p,typo-light,light,15,1
typo,jpp_64p,typo-light,light,22,2
typo,jpp_64p,typo-light,light,30,108
typo,jpp_64p,typo-light,light,38,51
typo,jpp_64p,typo-light,light,45,8
typo,jpp_64p,typo-light,light,52,3
typo,logit,typo-night,night,8,75191
typo,logit,typo-night,night,15,129136
typo,logit,typo-night,night,22,101291
typo,logit,typo-night,night,30,10584
typo,logit,typo-night,night,38,16363
typo,logit,typo-night,night,45,6
typo,logit,typo-night,night,52,1
typo,jlens_16p,typo-night,night,8,24815
typo,jlens_16p,typo-night,night,15,79257
typo,jlens_16p,typo-night,night,22,78180
typo,jlens_16p,typo-night,night,30,4807
typo,jlens_16p,typo-night,night,38,3522
typo,jlens_16p,typo-night,night,45,36
typo,jlens_16p,typo-night,night,52,2
typo,rlens_16p,typo-night,night,8,11
typo,rlens_16p,typo-night,night,15,3
typo,rlens_16p,typo-night,night,22,3
typo,rlens_16p,typo-night,night,30,28
typo,rlens_16p,typo-night,night,38,868
typo,rlens_16p,typo-night,night,45,1
typo,rlens_16p,typo-night,night,52,1
typo,rlens_64p,typo-night,night,8,12
typo,rlens_64p,typo-night,night,15,3
typo,rlens_64p,typo-night,night,22,4
typo,rlens_64p,typo-night,night,30,27
typo,rlens_64p,typo-night,night,38,854
typo,rlens_64p,typo-night,night,45,1
typo,rlens_64p,typo-night,night,52,1
typo,jpp_64p,typo-night,night,8,3
typo,jpp_64p,typo-night,night,15,1
typo,jpp_64p,typo-night,night,22,1
typo,jpp_64p,typo-night,night,30,21
typo,jpp_64p,typo-night,night,38,77
typo,jpp_64p,typo-night,night,45,2
typo,jpp_64p,typo-night,night,52,1
typo,logit,typo-control,control,8,49280
typo,logit,typo-control,control,15,16234
typo,logit,typo-control,control,22,14146
typo,logit,typo-control,control,30,44480
typo,logit,typo-control,control,38,91981
typo,logit,typo-control,control,45,1102
typo,logit,typo-control,control,52,1728
typo,jlens_16p,typo-control,control,8,74831
typo,jlens_16p,typo-control,control,15,64424
typo,jlens_16p,typo-control,control,22,63841
typo,jlens_16p,typo-control,control,30,25319
typo,jlens_16p,typo-control,control,38,50312
typo,jlens_16p,typo-control,control,45,2998
typo,jlens_16p,typo-control,control,52,4
typo,rlens_16p,typo-control,control,8,19715
typo,rlens_16p,typo-control,control,15,204
typo,rlens_16p,typo-control,control,22,33
typo,rlens_16p,typo-control,control,30,1674
typo,rlens_16p,typo-control,control,38,41965
typo,rlens_16p,typo-control,control,45,187
typo,rlens_16p,typo-control,control,52,5
typo,rlens_64p,typo-control,control,8,23493
typo,rlens_64p,typo-control,control,15,595
typo,rlens_64p,typo-control,control,22,72
typo,rlens_64p,typo-control,control,30,4730
typo,rlens_64p,typo-control,control,38,57337
typo,rlens_64p,typo-control,control,45,287
typo,rlens_64p,typo-control,control,52,6
typo,jpp_64p,typo-control,control,8,29
typo,jpp_64p,typo-control,control,15,1
typo,jpp_64p,typo-control,control,22,2
typo,jpp_64p,typo-control,control,30,1455
typo,jpp_64p,typo-control,control,38,1579
typo,jpp_64p,typo-control,control,45,7
typo,jpp_64p,typo-control,control,52,4
typo,logit,typo-world,world,8,121208
typo,logit,typo-world,world,15,132457
typo,logit,typo-world,world,22,114265
typo,logit,typo-world,world,30,1207
typo,logit,typo-world,world,38,274
typo,logit,typo-world,world,45,12
typo,logit,typo-world,world,52,1
typo,jlens_16p,typo-world,world,8,99701
typo,jlens_16p,typo-world,world,15,68182
typo,jlens_16p,typo-world,world,22,67556
typo,jlens_16p,typo-world,world,30,16998
typo,jlens_16p,typo-world,world,38,33487
typo,jlens_16p,typo-world,world,45,7568
typo,jlens_16p,typo-world,world,52,1
typo,rlens_16p,typo-world,world,8,857
typo,rlens_16p,typo-world,world,15,12
typo,rlens_16p,typo-world,world,22,7
typo,rlens_16p,typo-world,world,30,62
typo,rlens_16p,typo-world,world,38,3410
typo,rlens_16p,typo-world,world,45,78
typo,rlens_16p,typo-world,world,52,1
typo,rlens_64p,typo-world,world,8,1136
typo,rlens_64p,typo-world,world,15,15
typo,rlens_64p,typo-world,world,22,8
typo,rlens_64p,typo-world,world,30,119
typo,rlens_64p,typo-world,world,38,3543
typo,rlens_64p,typo-world,world,45,79
typo,rlens_64p,typo-world,world,52,1
typo,jpp_64p,typo-world,world,8,1
typo,jpp_64p,typo-world,world,15,1
typo,jpp_64p,typo-world,world,22,1
typo,jpp_64p,typo-world,world,30,6
typo,jpp_64p,typo-world,world,38,4
typo,jpp_64p,typo-world,world,45,4
typo,jpp_64p,typo-world,world,52,1
typo,logit,typo-market,market,8,7121
typo,logit,typo-market,market,15,52761
typo,logit,typo-market,market,22,33812
typo,logit,typo-market,market,30,33070
typo,logit,typo-market,market,38,11282
typo,logit,typo-market,market,45,39
typo,logit,typo-market,market,52,14
typo,jlens_16p,typo-market,market,8,28844
typo,jlens_16p,typo-market,market,15,181645
typo,jlens_16p,typo-market,market,22,184097
typo,jlens_16p,typo-market,market,30,3743
typo,jlens_16p,typo-market,market,38,8263
typo,jlens_16p,typo-market,market,45,5296
typo,jlens_16p,typo-market,market,52,42
typo,rlens_16p,typo-market,market,8,18251
typo,rlens_16p,typo-market,market,15,4
typo,rlens_16p,typo-market,market,22,3
typo,rlens_16p,typo-market,market,30,508
typo,rlens_16p,typo-market,market,38,2233
typo,rlens_16p,typo-market,market,45,718
typo,rlens_16p,typo-market,market,52,29
typo,rlens_64p,typo-market,market,8,25800
typo,rlens_64p,typo-market,market,15,24
typo,rlens_64p,typo-market,market,22,3
typo,rlens_64p,typo-market,market,30,748
typo,rlens_64p,typo-market,market,38,3784
typo,rlens_64p,typo-market,market,45,1109
typo,rlens_64p,typo-market,market,52,31
typo,jpp_64p,typo-market,market,8,676
typo,jpp_64p,typo-market,market,15,1
typo,jpp_64p,typo-market,market,22,1
typo,jpp_64p,typo-market,market,30,89
typo,jpp_64p,typo-market,market,38,75
typo,jpp_64p,typo-market,market,45,274
typo,jpp_64p,typo-market,market,52,5
typo,logit,typo-person,person,8,175679
typo,logit,typo-person,person,15,110273
typo,logit,typo-person,person,22,130871
typo,logit,typo-person,person,30,35163
typo,logit,typo-person,person,38,411
typo,logit,typo-person,person,45,36
typo,logit,typo-person,person,52,106
typo,jlens_16p,typo-person,person,8,33648
typo,jlens_16p,typo-person,person,15,74168
typo,jlens_16p,typo-person,person,22,74206
typo,jlens_16p,typo-person,person,30,9
typo,jlens_16p,typo-person,person,38,5
typo,jlens_16p,typo-person,person,45,7
typo,jlens_16p,typo-person,person,52,26
typo,rlens_16p,typo-person,person,8,3579
typo,rlens_16p,typo-person,person,15,4
typo,rlens_16p,typo-person,person,22,2
typo,rlens_16p,typo-person,person,30,5
typo,rlens_16p,typo-person,person,38,2
typo,rlens_16p,typo-person,person,45,7
typo,rlens_16p,typo-person,person,52,21
typo,rlens_64p,typo-person,person,8,6416
typo,rlens_64p,typo-person,person,15,8
typo,rlens_64p,typo-person,person,22,3
typo,rlens_64p,typo-person,person,30,6
typo,rlens_64p,typo-person,person,38,2
typo,rlens_64p,typo-person,person,45,7
typo,rlens_64p,typo-person,person,52,21
typo,jpp_64p,typo-person,person,8,7
typo,jpp_64p,typo-person,person,15,1
typo,jpp_64p,typo-person,person,22,1
typo,jpp_64p,typo-person,person,30,1
typo,jpp_64p,typo-person,person,38,1
typo,jpp_64p,typo-person,person,45,3
typo,jpp_64p,typo-person,person,52,13
typo,logit,typo-number,number,8,151440
typo,logit,typo-number,number,15,75550
typo,logit,typo-number,number,22,37405
typo,logit,typo-number,number,30,373
typo,logit,typo-number,number,38,19067
typo,logit,typo-number,number,45,588
typo,logit,typo-number,number,52,4
typo,jlens_16p,typo-number,number,8,78423
typo,jlens_16p,typo-number,number,15,91843
typo,jlens_16p,typo-number,number,22,87855
typo,jlens_16p,typo-number,number,30,101797
typo,jlens_16p,typo-number,number,38,100980
typo,jlens_16p,typo-number,number,45,62131
typo,jlens_16p,typo-number,number,52,16
typo,rlens_16p,typo-number,number,8,16666
typo,rlens_16p,typo-number,number,15,6034
typo,rlens_16p,typo-number,number,22,8516
typo,rlens_16p,typo-number,number,30,13842
typo,rlens_16p,typo-number,number,38,48297
typo,rlens_16p,typo-number,number,45,5794
typo,rlens_16p,typo-number,number,52,2
typo,rlens_64p,typo-number,number,8,20068
typo,rlens_64p,typo-number,number,15,10155
typo,rlens_64p,typo-number,number,22,11144
typo,rlens_64p,typo-number,number,30,11622
typo,rlens_64p,typo-number,number,38,45443
typo,rlens_64p,typo-number,number,45,3182
typo,rlens_64p,typo-number,number,52,2
typo,jpp_64p,typo-number,number,8,4
typo,jpp_64p,typo-number,number,15,5
typo,jpp_64p,typo-number,number,22,34
typo,jpp_64p,typo-number,number,30,1050
typo,jpp_64p,typo-number,number,38,1923
typo,jpp_64p,typo-number,number,45,862
typo,jpp_64p,typo-number,number,52,2
typo,logit,typo-within,within,8,99294
typo,logit,typo-within,within,15,19111
typo,logit,typo-within,within,22,66167
typo,logit,typo-within,within,30,2473
typo,logit,typo-within,within,38,29
typo,logit,typo-within,within,45,45
typo,logit,typo-within,within,52,130
typo,jlens_16p,typo-within,within,8,84592
typo,jlens_16p,typo-within,within,15,57250
typo,jlens_16p,typo-within,within,22,56457
typo,jlens_16p,typo-within,within,30,81697
typo,jlens_16p,typo-within,within,38,3324
typo,jlens_16p,typo-within,within,45,15331
typo,jlens_16p,typo-within,within,52,1165
typo,rlens_16p,typo-within,within,8,83497
typo,rlens_16p,typo-within,within,15,875
typo,rlens_16p,typo-within,within,22,1797
typo,rlens_16p,typo-within,within,30,14037
typo,rlens_16p,typo-within,within,38,76
typo,rlens_16p,typo-within,within,45,249
typo,rlens_16p,typo-within,within,52,2236
typo,rlens_64p,typo-within,within,8,67995
typo,rlens_64p,typo-within,within,15,635
typo,rlens_64p,typo-within,within,22,1161
typo,rlens_64p,typo-within,within,30,11112
typo,rlens_64p,typo-within,within,38,64
typo,rlens_64p,typo-within,within,45,149
typo,rlens_64p,typo-within,within,52,1937
typo,jpp_64p,typo-within,within,8,44
typo,jpp_64p,typo-within,within,15,2
typo,jpp_64p,typo-within,within,22,28
typo,jpp_64p,typo-within,within,30,2674
typo,jpp_64p,typo-within,within,38,22
typo,jpp_64p,typo-within,within,45,87
typo,jpp_64p,typo-within,within,52,13215
typo,logit,typo-second,second,8,124037
typo,logit,typo-second,second,15,202358
typo,logit,typo-second,second,22,165280
typo,logit,typo-second,second,30,177
typo,logit,typo-second,second,38,243
typo,logit,typo-second,second,45,12
typo,logit,typo-second,second,52,1
typo,jlens_16p,typo-second,second,8,19274
typo,jlens_16p,typo-second,second,15,158397
typo,jlens_16p,typo-second,second,22,159121
typo,jlens_16p,typo-second,second,30,203261
typo,jlens_16p,typo-second,second,38,54298
typo,jlens_16p,typo-second,second,45,13068
typo,jlens_16p,typo-second,second,52,1
typo,rlens_16p,typo-second,second,8,52737
typo,rlens_16p,typo-second,second,15,112
typo,rlens_16p,typo-second,second,22,44
typo,rlens_16p,typo-second,second,30,798
typo,rlens_16p,typo-second,second,38,717
typo,rlens_16p,typo-second,second,45,23
typo,rlens_16p,typo-second,second,52,1
typo,rlens_64p,typo-second,second,8,55700
typo,rlens_64p,typo-second,second,15,163
typo,rlens_64p,typo-second,second,22,44
typo,rlens_64p,typo-second,second,30,703
typo,rlens_64p,typo-second,second,38,904
typo,rlens_64p,typo-second,second,45,24
typo,rlens_64p,typo-second,second,52,1
typo,jpp_64p,typo-second,second,8,125
typo,jpp_64p,typo-second,second,15,1
typo,jpp_64p,typo-second,second,22,3
typo,jpp_64p,typo-second,second,30,161
typo,jpp_64p,typo-second,second,38,226
typo,jpp_64p,typo-second,second,45,5
typo,jpp_64p,typo-second,second,52,1
typo,logit,typo-source,source,8,130258
typo,logit,typo-source,source,15,136692
typo,logit,typo-source,source,22,85849
typo,logit,typo-source,source,30,52847
typo,logit,typo-source,source,38,4173
typo,logit,typo-source,source,45,5
typo,logit,typo-source,source,52,2
typo,jlens_16p,typo-source,source,8,136976
typo,jlens_16p,typo-source,source,15,23098
typo,jlens_16p,typo-source,source,22,23517
typo,jlens_16p,typo-source,source,30,41487
typo,jlens_16p,typo-source,source,38,26450
typo,jlens_16p,typo-source,source,45,4863
typo,jlens_16p,typo-source,source,52,2
typo,rlens_16p,typo-source,source,8,128835
typo,rlens_16p,typo-source,source,15,14769
typo,rlens_16p,typo-source,source,22,4613
typo,rlens_16p,typo-source,source,30,14099
typo,rlens_16p,typo-source,source,38,9459
typo,rlens_16p,typo-source,source,45,190
typo,rlens_16p,typo-source,source,52,3
typo,rlens_64p,typo-source,source,8,146431
typo,rlens_64p,typo-source,source,15,24038
typo,rlens_64p,typo-source,source,22,7830
typo,rlens_64p,typo-source,source,30,20080
typo,rlens_64p,typo-source,source,38,9954
typo,rlens_64p,typo-source,source,45,188
typo,rlens_64p,typo-source,source,52,2
typo,jpp_64p,typo-source,source,8,97
typo,jpp_64p,typo-source,source,15,5
typo,jpp_64p,typo-source,source,22,9
typo,jpp_64p,typo-source,source,30,190
typo,jpp_64p,typo-source,source,38,16
typo,jpp_64p,typo-source,source,45,7
typo,jpp_64p,typo-source,source,52,1
typo,logit,typo-action,action,8,39075
typo,logit,typo-action,action,15,45197
typo,logit,typo-action,action,22,47890
typo,logit,typo-action,action,30,35353
typo,logit,typo-action,action,38,10357
typo,logit,typo-action,action,45,15
typo,logit,typo-action,action,52,5
typo,jlens_16p,typo-action,action,8,1831
typo,jlens_16p,typo-action,action,15,135786
typo,jlens_16p,typo-action,action,22,134682
typo,jlens_16p,typo-action,action,30,17393
typo,jlens_16p,typo-action,action,38,4142
typo,jlens_16p,typo-action,action,45,20
typo,jlens_16p,typo-action,action,52,4
typo,rlens_16p,typo-action,action,8,1701
typo,rlens_16p,typo-action,action,15,66
typo,rlens_16p,typo-action,action,22,18
typo,rlens_16p,typo-action,action,30,166
typo,rlens_16p,typo-action,action,38,903
typo,rlens_16p,typo-action,action,45,1
typo,rlens_16p,typo-action,action,52,1
typo,rlens_64p,typo-action,action,8,3803
typo,rlens_64p,typo-action,action,15,288
typo,rlens_64p,typo-action,action,22,62
typo,rlens_64p,typo-action,action,30,508
typo,rlens_64p,typo-action,action,38,961
typo,rlens_64p,typo-action,action,45,1
typo,rlens_64p,typo-action,action,52,1
typo,jpp_64p,typo-action,action,8,3
typo,jpp_64p,typo-action,action,15,1
typo,jpp_64p,typo-action,action,22,1
typo,jpp_64p,typo-action,action,30,4
typo,jpp_64p,typo-action,action,38,19
typo,jpp_64p,typo-action,action,45,1
typo,jpp_64p,typo-action,action,52,1
typo,logit,typo-since,since,8,14769
typo,logit,typo-since,since,15,44250
typo,logit,typo-since,since,22,59320
typo,logit,typo-since,since,30,1496
typo,logit,typo-since,since,38,19
typo,logit,typo-since,since,45,10
typo,logit,typo-since,since,52,1
typo,jlens_16p,typo-since,since,8,67818
typo,jlens_16p,typo-since,since,15,105116
typo,jlens_16p,typo-since,since,22,58427
typo,jlens_16p,typo-since,since,30,47106
typo,jlens_16p,typo-since,since,38,1814
typo,jlens_16p,typo-since,since,45,80
typo,jlens_16p,typo-since,since,52,4
typo,rlens_16p,typo-since,since,8,5970
typo,rlens_16p,typo-since,since,15,43
typo,rlens_16p,typo-since,since,22,39
typo,rlens_16p,typo-since,since,30,29
typo,rlens_16p,typo-since,since,38,9
typo,rlens_16p,typo-since,since,45,8
typo,rlens_16p,typo-since,since,52,4
typo,rlens_64p,typo-since,since,8,6720
typo,rlens_64p,typo-since,since,15,41
typo,rlens_64p,typo-since,since,22,29
typo,rlens_64p,typo-since,since,30,35
typo,rlens_64p,typo-since,since,38,10
typo,rlens_64p,typo-since,since,45,7
typo,rlens_64p,typo-since,since,52,4
typo,jpp_64p,typo-since,since,8,7
typo,jpp_64p,typo-since,since,15,2
typo,jpp_64p,typo-since,since,22,2
typo,jpp_64p,typo-since,since,30,5
typo,jpp_64p,typo-since,since,38,50
typo,jpp_64p,typo-since,since,45,5
typo,jpp_64p,typo-since,since,52,7
typo,logit,typo-first,first,8,67998
typo,logit,typo-first,first,15,114907
typo,logit,typo-first,first,22,88470
typo,logit,typo-first,first,30,252
typo,logit,typo-first,first,38,55
typo,logit,typo-first,first,45,1154
typo,logit,typo-first,first,52,27
typo,jlens_16p,typo-first,first,8,24779
typo,jlens_16p,typo-first,first,15,100336
typo,jlens_16p,typo-first,first,22,98498
typo,jlens_16p,typo-first,first,30,497
typo,jlens_16p,typo-first,first,38,218
typo,jlens_16p,typo-first,first,45,2791
typo,jlens_16p,typo-first,first,52,8
typo,rlens_16p,typo-first,first,8,53
typo,rlens_16p,typo-first,first,15,1
typo,rlens_16p,typo-first,first,22,1
typo,rlens_16p,typo-first,first,30,1
typo,rlens_16p,typo-first,first,38,1
typo,rlens_16p,typo-first,first,45,16
typo,rlens_16p,typo-first,first,52,1
typo,rlens_64p,typo-first,first,8,54
typo,rlens_64p,typo-first,first,15,1
typo,rlens_64p,typo-first,first,22,1
typo,rlens_64p,typo-first,first,30,1
typo,rlens_64p,typo-first,first,38,1
typo,rlens_64p,typo-first,first,45,12
typo,rlens_64p,typo-first,first,52,1
typo,jpp_64p,typo-first,first,8,1
typo,jpp_64p,typo-first,first,15,1
typo,jpp_64p,typo-first,first,22,1
typo,jpp_64p,typo-first,first,30,1
typo,jpp_64p,typo-first,first,38,1
typo,jpp_64p,typo-first,first,45,4
typo,jpp_64p,typo-first,first,52,2
typo,logit,typo-short,short,8,152846
typo,logit,typo-short,short,15,142289
typo,logit,typo-short,short,22,135996
typo,logit,typo-short,short,30,1595
typo,logit,typo-short,short,38,672
typo,logit,typo-short,short,45,12
typo,logit,typo-short,short,52,1
typo,jlens_16p,typo-short,short,8,112954
typo,jlens_16p,typo-short,short,15,66368
typo,jlens_16p,typo-short,short,22,65251
typo,jlens_16p,typo-short,short,30,63656
typo,jlens_16p,typo-short,short,38,9973
typo,jlens_16p,typo-short,short,45,239
typo,jlens_16p,typo-short,short,52,1
typo,rlens_16p,typo-short,short,8,16749
typo,rlens_16p,typo-short,short,15,1010
typo,rlens_16p,typo-short,short,22,206
typo,rlens_16p,typo-short,short,30,140
typo,rlens_16p,typo-short,short,38,38
typo,rlens_16p,typo-short,short,45,5
typo,rlens_16p,typo-short,short,52,1
typo,rlens_64p,typo-short,short,8,19846
typo,rlens_64p,typo-short,short,15,1814
typo,rlens_64p,typo-short,short,22,416
typo,rlens_64p,typo-short,short,30,206
typo,rlens_64p,typo-short,short,38,56
typo,rlens_64p,typo-short,short,45,5
typo,rlens_64p,typo-short,short,52,1
typo,jpp_64p,typo-short,short,8,12
typo,jpp_64p,typo-short,short,15,3
typo,jpp_64p,typo-short,short,22,5
typo,jpp_64p,typo-short,short,30,5
typo,jpp_64p,typo-short,short,38,3
typo,jpp_64p,typo-short,short,45,3
typo,jpp_64p,typo-short,short,52,1
association,logit,grief,grief,8,712
association,logit,grief,grief,15,740
association,logit,grief,grief,22,603
association,logit,grief,grief,30,26715
association,logit,grief,grief,38,17422
association,logit,grief,grief,45,1369
association,logit,grief,grief,52,215
association,jlens_16p,grief,grief,8,71752
association,jlens_16p,grief,grief,15,114909
association,jlens_16p,grief,grief,22,73408
association,jlens_16p,grief,grief,30,5932
association,jlens_16p,grief,grief,38,1701
association,jlens_16p,grief,grief,45,79
association,jlens_16p,grief,grief,52,33
association,rlens_16p,grief,grief,8,35102
association,rlens_16p,grief,grief,15,36348
association,rlens_16p,grief,grief,22,60033
association,rlens_16p,grief,grief,30,12714
association,rlens_16p,grief,grief,38,12912
association,rlens_16p,grief,grief,45,1831
association,rlens_16p,grief,grief,52,152
association,rlens_64p,grief,grief,8,37716
association,rlens_64p,grief,grief,15,35540
association,rlens_64p,grief,grief,22,59832
association,rlens_64p,grief,grief,30,11349
association,rlens_64p,grief,grief,38,12940
association,rlens_64p,grief,grief,45,1759
association,rlens_64p,grief,grief,52,151
association,jpp_64p,grief,grief,8,177004
association,jpp_64p,grief,grief,15,169203
association,jpp_64p,grief,grief,22,153252
association,jpp_64p,grief,grief,30,16904
association,jpp_64p,grief,grief,38,4182
association,jpp_64p,grief,grief,45,412
association,jpp_64p,grief,grief,52,171
association,logit,pregnant,pregnant,8,28004
association,logit,pregnant,pregnant,15,31162
association,logit,pregnant,pregnant,22,43138
association,logit,pregnant,pregnant,30,206890
association,logit,pregnant,pregnant,38,164485
association,logit,pregnant,pregnant,45,14908
association,logit,pregnant,pregnant,52,49324
association,jlens_16p,pregnant,pregnant,8,100535
association,jlens_16p,pregnant,pregnant,15,44956
association,jlens_16p,pregnant,pregnant,22,47599
association,jlens_16p,pregnant,pregnant,30,75474
association,jlens_16p,pregnant,pregnant,38,16337
association,jlens_16p,pregnant,pregnant,45,2511
association,jlens_16p,pregnant,pregnant,52,11678
association,rlens_16p,pregnant,pregnant,8,78468
association,rlens_16p,pregnant,pregnant,15,92075
association,rlens_16p,pregnant,pregnant,22,38846
association,rlens_16p,pregnant,pregnant,30,22396
association,rlens_16p,pregnant,pregnant,38,6921
association,rlens_16p,pregnant,pregnant,45,4479
association,rlens_16p,pregnant,pregnant,52,20399
association,rlens_64p,pregnant,pregnant,8,66877
association,rlens_64p,pregnant,pregnant,15,75889
association,rlens_64p,pregnant,pregnant,22,28176
association,rlens_64p,pregnant,pregnant,30,26723
association,rlens_64p,pregnant,pregnant,38,8904
association,rlens_64p,pregnant,pregnant,45,4495
association,rlens_64p,pregnant,pregnant,52,17389
association,jpp_64p,pregnant,pregnant,8,76618
association,jpp_64p,pregnant,pregnant,15,85031
association,jpp_64p,pregnant,pregnant,22,31367
association,jpp_64p,pregnant,pregnant,30,22521
association,jpp_64p,pregnant,pregnant,38,3574
association,jpp_64p,pregnant,pregnant,45,3746
association,jpp_64p,pregnant,pregnant,52,16262
association,logit,lie,lie,8,40800
association,logit,lie,lie,15,61902
association,logit,lie,lie,22,83760
association,logit,lie,lie,30,11155
association,logit,lie,lie,38,1064
association,logit,lie,lie,45,3752
association,logit,lie,lie,52,411
association,jlens_16p,lie,lie,8,1061
association,jlens_16p,lie,lie,15,221570
association,jlens_16p,lie,lie,22,1171
association,jlens_16p,lie,lie,30,49558
association,jlens_16p,lie,lie,38,57987
association,jlens_16p,lie,lie,45,10755
association,jlens_16p,lie,lie,52,1693
association,rlens_16p,lie,lie,8,91728
association,rlens_16p,lie,lie,15,49122
association,rlens_16p,lie,lie,22,39978
association,rlens_16p,lie,lie,30,47146
association,rlens_16p,lie,lie,38,15233
association,rlens_16p,lie,lie,45,14006
association,rlens_16p,lie,lie,52,1383
association,rlens_64p,lie,lie,8,91713
association,rlens_64p,lie,lie,15,55384
association,rlens_64p,lie,lie,22,45101
association,rlens_64p,lie,lie,30,62251
association,rlens_64p,lie,lie,38,20089
association,rlens_64p,lie,lie,45,12347
association,rlens_64p,lie,lie,52,1666
association,jpp_64p,lie,lie,8,47030
association,jpp_64p,lie,lie,15,93316
association,jpp_64p,lie,lie,22,105174
association,jpp_64p,lie,lie,30,62157
association,jpp_64p,lie,lie,38,20775
association,jpp_64p,lie,lie,45,24083
association,jpp_64p,lie,lie,52,832
association,logit,poverty,poverty,8,39033
association,logit,poverty,poverty,15,14367
association,logit,poverty,poverty,22,25431
association,logit,poverty,poverty,30,105418
association,logit,poverty,poverty,38,84793
association,logit,poverty,poverty,45,17497
association,logit,poverty,poverty,52,86948
association,jlens_16p,poverty,poverty,8,16263
association,jlens_16p,poverty,poverty,15,207075
association,jlens_16p,poverty,poverty,22,207563
association,jlens_16p,poverty,poverty,30,41379
association,jlens_16p,poverty,poverty,38,63673
association,jlens_16p,poverty,poverty,45,58159
association,jlens_16p,poverty,poverty,52,77766
association,rlens_16p,poverty,poverty,8,12923
association,rlens_16p,poverty,poverty,15,16795
association,rlens_16p,poverty,poverty,22,16514
association,rlens_16p,poverty,poverty,30,50399
association,rlens_16p,poverty,poverty,38,68636
association,rlens_16p,poverty,poverty,45,49941
association,rlens_16p,poverty,poverty,52,72923
association,rlens_64p,poverty,poverty,8,12713
association,rlens_64p,poverty,poverty,15,9499
association,rlens_64p,poverty,poverty,22,10439
association,rlens_64p,poverty,poverty,30,53475
association,rlens_64p,poverty,poverty,38,98156
association,rlens_64p,poverty,poverty,45,57966
association,rlens_64p,poverty,poverty,52,65825
association,jpp_64p,poverty,poverty,8,97266
association,jpp_64p,poverty,poverty,15,38788
association,jpp_64p,poverty,poverty,22,37093
association,jpp_64p,poverty,poverty,30,104820
association,jpp_64p,poverty,poverty,38,59477
association,jpp_64p,poverty,poverty,45,22053
association,jpp_64p,poverty,poverty,52,39941
association,logit,proposal,proposal,8,16432
association,logit,proposal,proposal,15,13492
association,logit,proposal,proposal,22,1021
association,logit,proposal,proposal,30,65310
association,logit,proposal,proposal,38,41199
association,logit,proposal,proposal,45,113191
association,logit,proposal,proposal,52,49136
association,jlens_16p,proposal,proposal,8,76307
association,jlens_16p,proposal,proposal,15,50926
association,jlens_16p,proposal,proposal,22,51706
association,jlens_16p,proposal,proposal,30,211021
association,jlens_16p,proposal,proposal,38,208744
association,jlens_16p,proposal,proposal,45,229628
association,jlens_16p,proposal,proposal,52,178494
association,rlens_16p,proposal,proposal,8,224471
association,rlens_16p,proposal,proposal,15,173637
association,rlens_16p,proposal,proposal,22,204757
association,rlens_16p,proposal,proposal,30,206295
association,rlens_16p,proposal,proposal,38,158158
association,rlens_16p,proposal,proposal,45,241149
association,rlens_16p,proposal,proposal,52,184612
association,rlens_64p,proposal,proposal,8,213451
association,rlens_64p,proposal,proposal,15,175053
association,rlens_64p,proposal,proposal,22,197075
association,rlens_64p,proposal,proposal,30,193492
association,rlens_64p,proposal,proposal,38,137538
association,rlens_64p,proposal,proposal,45,237557
association,rlens_64p,proposal,proposal,52,176793
association,jpp_64p,proposal,proposal,8,197662
association,jpp_64p,proposal,proposal,15,219382
association,jpp_64p,proposal,proposal,22,225646
association,jpp_64p,proposal,proposal,30,209285
association,jpp_64p,proposal,proposal,38,56315
association,jpp_64p,proposal,proposal,45,166176
association,jpp_64p,proposal,proposal,52,142600
association,logit,divorce,divorce,8,23114
association,logit,divorce,divorce,15,20997
association,logit,divorce,divorce,22,21263
association,logit,divorce,divorce,30,36617
association,logit,divorce,divorce,38,57854
association,logit,divorce,divorce,45,18050
association,logit,divorce,divorce,52,4011
association,jlens_16p,divorce,divorce,8,56555
association,jlens_16p,divorce,divorce,15,128180
association,jlens_16p,divorce,divorce,22,121103
association,jlens_16p,divorce,divorce,30,4894
association,jlens_16p,divorce,divorce,38,817
association,jlens_16p,divorce,divorce,45,620
association,jlens_16p,divorce,divorce,52,1262
association,rlens_16p,divorce,divorce,8,2607
association,rlens_16p,divorce,divorce,15,3224
association,rlens_16p,divorce,divorce,22,4163
association,rlens_16p,divorce,divorce,30,2592
association,rlens_16p,divorce,divorce,38,455
association,rlens_16p,divorce,divorce,45,278
association,rlens_16p,divorce,divorce,52,316
association,rlens_64p,divorce,divorce,8,3072
association,rlens_64p,divorce,divorce,15,3643
association,rlens_64p,divorce,divorce,22,4114
association,rlens_64p,divorce,divorce,30,3920
association,rlens_64p,divorce,divorce,38,719
association,rlens_64p,divorce,divorce,45,279
association,rlens_64p,divorce,divorce,52,279
association,jpp_64p,divorce,divorce,8,61925
association,jpp_64p,divorce,divorce,15,2685
association,jpp_64p,divorce,divorce,22,4806
association,jpp_64p,divorce,divorce,30,1207
association,jpp_64p,divorce,divorce,38,82
association,jpp_64p,divorce,divorce,45,105
association,jpp_64p,divorce,divorce,52,168
association,logit,relief,relief,8,5449
association,logit,relief,relief,15,5111
association,logit,relief,relief,22,3618
association,logit,relief,relief,30,29977
association,logit,relief,relief,38,30487
association,logit,relief,relief,45,1662
association,logit,relief,relief,52,57
association,jlens_16p,relief,relief,8,114378
association,jlens_16p,relief,relief,15,32336
association,jlens_16p,relief,relief,22,32747
association,jlens_16p,relief,relief,30,17312
association,jlens_16p,relief,relief,38,18914
association,jlens_16p,relief,relief,45,7967
association,jlens_16p,relief,relief,52,85
association,rlens_16p,relief,relief,8,88415
association,rlens_16p,relief,relief,15,32846
association,rlens_16p,relief,relief,22,13646
association,rlens_16p,relief,relief,30,29883
association,rlens_16p,relief,relief,38,10362
association,rlens_16p,relief,relief,45,146
association,rlens_16p,relief,relief,52,26
association,rlens_64p,relief,relief,8,84285
association,rlens_64p,relief,relief,15,26616
association,rlens_64p,relief,relief,22,9417
association,rlens_64p,relief,relief,30,30546
association,rlens_64p,relief,relief,38,16658
association,rlens_64p,relief,relief,45,169
association,rlens_64p,relief,relief,52,32
association,jpp_64p,relief,relief,8,127988
association,jpp_64p,relief,relief,15,138180
association,jpp_64p,relief,relief,22,61353
association,jpp_64p,relief,relief,30,51664
association,jpp_64p,relief,relief,38,3614
association,jpp_64p,relief,relief,45,183
association,jpp_64p,relief,relief,52,45
association,logit,darwin,Darwin,8,210
association,logit,darwin,Darwin,15,567
association,logit,darwin,Darwin,22,551
association,logit,darwin,Darwin,30,24206
association,logit,darwin,Darwin,38,15434
association,logit,darwin,Darwin,45,129436
association,logit,darwin,Darwin,52,195581
association,jlens_16p,darwin,Darwin,8,167117
association,jlens_16p,darwin,Darwin,15,25677
association,jlens_16p,darwin,Darwin,22,153256
association,jlens_16p,darwin,Darwin,30,3383
association,jlens_16p,darwin,Darwin,38,21797
association,jlens_16p,darwin,Darwin,45,10353
association,jlens_16p,darwin,Darwin,52,30127
association,rlens_16p,darwin,Darwin,8,35620
association,rlens_16p,darwin,Darwin,15,24419
association,rlens_16p,darwin,Darwin,22,56683
association,rlens_16p,darwin,Darwin,30,30384
association,rlens_16p,darwin,Darwin,38,45586
association,rlens_16p,darwin,Darwin,45,20448
association,rlens_16p,darwin,Darwin,52,26219
association,rlens_64p,darwin,Darwin,8,42016
association,rlens_64p,darwin,Darwin,15,33809
association,rlens_64p,darwin,Darwin,22,55385
association,rlens_64p,darwin,Darwin,30,30946
association,rlens_64p,darwin,Darwin,38,36899
association,rlens_64p,darwin,Darwin,45,22070
association,rlens_64p,darwin,Darwin,52,26221
association,jpp_64p,darwin,Darwin,8,177689
association,jpp_64p,darwin,Darwin,15,102582
association,jpp_64p,darwin,Darwin,22,100076
association,jpp_64p,darwin,Darwin,30,30619
association,jpp_64p,darwin,Darwin,38,35399
association,jpp_64p,darwin,Darwin,45,22991
association,jpp_64p,darwin,Darwin,52,22378
association,logit,lincoln,Lincoln,8,13265
association,logit,lincoln,Lincoln,15,13907
association,logit,lincoln,Lincoln,22,2056
association,logit,lincoln,Lincoln,30,121963
association,logit,lincoln,Lincoln,38,122186
association,logit,lincoln,Lincoln,45,61280
association,logit,lincoln,Lincoln,52,102562
association,jlens_16p,lincoln,Lincoln,8,127867
association,jlens_16p,lincoln,Lincoln,15,90462
association,jlens_16p,lincoln,Lincoln,22,87558
association,jlens_16p,lincoln,Lincoln,30,5603
association,jlens_16p,lincoln,Lincoln,38,119870
association,jlens_16p,lincoln,Lincoln,45,88967
association,jlens_16p,lincoln,Lincoln,52,33448
association,rlens_16p,lincoln,Lincoln,8,70569
association,rlens_16p,lincoln,Lincoln,15,49850
association,rlens_16p,lincoln,Lincoln,22,60556
association,rlens_16p,lincoln,Lincoln,30,12586
association,rlens_16p,lincoln,Lincoln,38,17275
association,rlens_16p,lincoln,Lincoln,45,86428
association,rlens_16p,lincoln,Lincoln,52,35455
association,rlens_64p,lincoln,Lincoln,8,77279
association,rlens_64p,lincoln,Lincoln,15,38422
association,rlens_64p,lincoln,Lincoln,22,51627
association,rlens_64p,lincoln,Lincoln,30,10723
association,rlens_64p,lincoln,Lincoln,38,25372
association,rlens_64p,lincoln,Lincoln,45,87122
association,rlens_64p,lincoln,Lincoln,52,28183
association,jpp_64p,lincoln,Lincoln,8,101351
association,jpp_64p,lincoln,Lincoln,15,36126
association,jpp_64p,lincoln,Lincoln,22,70004
association,jpp_64p,lincoln,Lincoln,30,5085
association,jpp_64p,lincoln,Lincoln,38,17557
association,jpp_64p,lincoln,Lincoln,45,56143
association,jpp_64p,lincoln,Lincoln,52,24868
association,logit,obama,Obama,8,49453
association,logit,obama,Obama,15,37609
association,logit,obama,Obama,22,6263
association,logit,obama,Obama,30,144161
association,logit,obama,Obama,38,115868
association,logit,obama,Obama,45,19514
association,logit,obama,Obama,52,19266
association,jlens_16p,obama,Obama,8,184937
association,jlens_16p,obama,Obama,15,65426
association,jlens_16p,obama,Obama,22,64707
association,jlens_16p,obama,Obama,30,87158
association,jlens_16p,obama,Obama,38,12147
association,jlens_16p,obama,Obama,45,81
association,jlens_16p,obama,Obama,52,3185
association,rlens_16p,obama,Obama,8,173193
association,rlens_16p,obama,Obama,15,91738
association,rlens_16p,obama,Obama,22,31000
association,rlens_16p,obama,Obama,30,125136
association,rlens_16p,obama,Obama,38,8218
association,rlens_16p,obama,Obama,45,733
association,rlens_16p,obama,Obama,52,1343
association,rlens_64p,obama,Obama,8,191281
association,rlens_64p,obama,Obama,15,103309
association,rlens_64p,obama,Obama,22,45521
association,rlens_64p,obama,Obama,30,137107
association,rlens_64p,obama,Obama,38,11457
association,rlens_64p,obama,Obama,45,1050
association,rlens_64p,obama,Obama,52,1389
association,jpp_64p,obama,Obama,8,46371
association,jpp_64p,obama,Obama,15,126999
association,jpp_64p,obama,Obama,22,52328
association,jpp_64p,obama,Obama,30,67272
association,jpp_64p,obama,Obama,38,15467
association,jpp_64p,obama,Obama,45,1248
association,jpp_64p,obama,Obama,52,1163
association,logit,churchill,Churchill,8,8649
association,logit,churchill,Churchill,15,24426
association,logit,churchill,Churchill,22,15369
association,logit,churchill,Churchill,30,155094
association,logit,churchill,Churchill,38,19824
association,logit,churchill,Churchill,45,1482
association,logit,churchill,Churchill,52,8817
association,jlens_16p,churchill,Churchill,8,232413
association,jlens_16p,churchill,Churchill,15,22100
association,jlens_16p,churchill,Churchill,22,20847
association,jlens_16p,churchill,Churchill,30,17912
association,jlens_16p,churchill,Churchill,38,69240
association,jlens_16p,churchill,Churchill,45,24366
association,jlens_16p,churchill,Churchill,52,50411
association,rlens_16p,churchill,Churchill,8,57179
association,rlens_16p,churchill,Churchill,15,63367
association,rlens_16p,churchill,Churchill,22,18605
association,rlens_16p,churchill,Churchill,30,27630
association,rlens_16p,churchill,Churchill,38,90789
association,rlens_16p,churchill,Churchill,45,7514
association,rlens_16p,churchill,Churchill,52,35722
association,rlens_64p,churchill,Churchill,8,46911
association,rlens_64p,churchill,Churchill,15,49353
association,rlens_64p,churchill,Churchill,22,12651
association,rlens_64p,churchill,Churchill,30,25888
association,rlens_64p,churchill,Churchill,38,88903
association,rlens_64p,churchill,Churchill,45,6842
association,rlens_64p,churchill,Churchill,52,32702
association,jpp_64p,churchill,Churchill,8,209418
association,jpp_64p,churchill,Churchill,15,153032
association,jpp_64p,churchill,Churchill,22,47577
association,jpp_64p,churchill,Churchill,30,33806
association,jpp_64p,churchill,Churchill,38,30986
association,jpp_64p,churchill,Churchill,45,2461
association,jpp_64p,churchill,Churchill,52,23249
association,logit,newton,Newton,8,19606
association,logit,newton,Newton,15,15937
association,logit,newton,Newton,22,34336
association,logit,newton,Newton,30,120374
association,logit,newton,Newton,38,128195
association,logit,newton,Newton,45,87638
association,logit,newton,Newton,52,12493
association,jlens_16p,newton,Newton,8,36369
association,jlens_16p,newton,Newton,15,197122
association,jlens_16p,newton,Newton,22,197353
association,jlens_16p,newton,Newton,30,12616
association,jlens_16p,newton,Newton,38,40795
association,jlens_16p,newton,Newton,45,51380
association,jlens_16p,newton,Newton,52,20548
association,rlens_16p,newton,Newton,8,98819
association,rlens_16p,newton,Newton,15,42564
association,rlens_16p,newton,Newton,22,59639
association,rlens_16p,newton,Newton,30,44125
association,rlens_16p,newton,Newton,38,6642
association,rlens_16p,newton,Newton,45,16104
association,rlens_16p,newton,Newton,52,2341
association,rlens_64p,newton,Newton,8,96345
association,rlens_64p,newton,Newton,15,37317
association,rlens_64p,newton,Newton,22,41851
association,rlens_64p,newton,Newton,30,33131
association,rlens_64p,newton,Newton,38,5272
association,rlens_64p,newton,Newton,45,16140
association,rlens_64p,newton,Newton,52,1982
association,jpp_64p,newton,Newton,8,66201
association,jpp_64p,newton,Newton,15,85668
association,jpp_64p,newton,Newton,22,99046
association,jpp_64p,newton,Newton,30,37398
association,jpp_64p,newton,Newton,38,4115
association,jpp_64p,newton,Newton,45,46536
association,jpp_64p,newton,Newton,52,8388
association,logit,mozart,Mozart,8,26358
association,logit,mozart,Mozart,15,52445
association,logit,mozart,Mozart,22,44475
association,logit,mozart,Mozart,30,38485
association,logit,mozart,Mozart,38,33499
association,logit,mozart,Mozart,45,12517
association,logit,mozart,Mozart,52,74897
association,jlens_16p,mozart,Mozart,8,188155
association,jlens_16p,mozart,Mozart,15,65537
association,jlens_16p,mozart,Mozart,22,61832
association,jlens_16p,mozart,Mozart,30,37577
association,jlens_16p,mozart,Mozart,38,6805
association,jlens_16p,mozart,Mozart,45,4910
association,jlens_16p,mozart,Mozart,52,7910
association,rlens_16p,mozart,Mozart,8,55171
association,rlens_16p,mozart,Mozart,15,37264
association,rlens_16p,mozart,Mozart,22,9088
association,rlens_16p,mozart,Mozart,30,10809
association,rlens_16p,mozart,Mozart,38,2895
association,rlens_16p,mozart,Mozart,45,4476
association,rlens_16p,mozart,Mozart,52,6244
association,rlens_64p,mozart,Mozart,8,62186
association,rlens_64p,mozart,Mozart,15,42116
association,rlens_64p,mozart,Mozart,22,14243
association,rlens_64p,mozart,Mozart,30,10105
association,rlens_64p,mozart,Mozart,38,3211
association,rlens_64p,mozart,Mozart,45,3519
association,rlens_64p,mozart,Mozart,52,7428
association,jpp_64p,mozart,Mozart,8,187778
association,jpp_64p,mozart,Mozart,15,157284
association,jpp_64p,mozart,Mozart,22,59699
association,jpp_64p,mozart,Mozart,30,7884
association,jpp_64p,mozart,Mozart,38,27
association,jpp_64p,mozart,Mozart,45,606
association,jpp_64p,mozart,Mozart,52,6028
association,logit,armstrong,Armstrong,8,21014
association,logit,armstrong,Armstrong,15,38282
association,logit,armstrong,Armstrong,22,27853
association,logit,armstrong,Armstrong,30,81324
association,logit,armstrong,Armstrong,38,123292
association,logit,armstrong,Armstrong,45,33209
association,logit,armstrong,Armstrong,52,191656
association,jlens_16p,armstrong,Armstrong,8,24571
association,jlens_16p,armstrong,Armstrong,15,205160
association,jlens_16p,armstrong,Armstrong,22,204818
association,jlens_16p,armstrong,Armstrong,30,86429
association,jlens_16p,armstrong,Armstrong,38,31596
association,jlens_16p,armstrong,Armstrong,45,109479
association,jlens_16p,armstrong,Armstrong,52,186687
association,rlens_16p,armstrong,Armstrong,8,108354
association,rlens_16p,armstrong,Armstrong,15,94287
association,rlens_16p,armstrong,Armstrong,22,132327
association,rlens_16p,armstrong,Armstrong,30,153019
association,rlens_16p,armstrong,Armstrong,38,64279
association,rlens_16p,armstrong,Armstrong,45,230091
association,rlens_16p,armstrong,Armstrong,52,209493
association,rlens_64p,armstrong,Armstrong,8,108379
association,rlens_64p,armstrong,Armstrong,15,75859
association,rlens_64p,armstrong,Armstrong,22,111537
association,rlens_64p,armstrong,Armstrong,30,146732
association,rlens_64p,armstrong,Armstrong,38,57072
association,rlens_64p,armstrong,Armstrong,45,220870
association,rlens_64p,armstrong,Armstrong,52,203510
association,jpp_64p,armstrong,Armstrong,8,110204
association,jpp_64p,armstrong,Armstrong,15,151580
association,jpp_64p,armstrong,Armstrong,22,187537
association,jpp_64p,armstrong,Armstrong,30,72571
association,jpp_64p,armstrong,Armstrong,38,38060
association,jpp_64p,armstrong,Armstrong,45,192072
association,jpp_64p,armstrong,Armstrong,52,154752
association,logit,wright,Wright,8,70078
association,logit,wright,Wright,15,36139
association,logit,wright,Wright,22,60268
association,logit,wright,Wright,30,182948
association,logit,wright,Wright,38,132311
association,logit,wright,Wright,45,42033
association,logit,wright,Wright,52,101360
association,jlens_16p,wright,Wright,8,82209
association,jlens_16p,wright,Wright,15,107899
association,jlens_16p,wright,Wright,22,107150
association,jlens_16p,wright,Wright,30,1503
association,jlens_16p,wright,Wright,38,3697
association,jlens_16p,wright,Wright,45,163816
association,jlens_16p,wright,Wright,52,200183
association,rlens_16p,wright,Wright,8,17361
association,rlens_16p,wright,Wright,15,15143
association,rlens_16p,wright,Wright,22,10116
association,rlens_16p,wright,Wright,30,25132
association,rlens_16p,wright,Wright,38,59406
association,rlens_16p,wright,Wright,45,215164
association,rlens_16p,wright,Wright,52,157135
association,rlens_64p,wright,Wright,8,19732
association,rlens_64p,wright,Wright,15,23513
association,rlens_64p,wright,Wright,22,12705
association,rlens_64p,wright,Wright,30,21521
association,rlens_64p,wright,Wright,38,53312
association,rlens_64p,wright,Wright,45,208300
association,rlens_64p,wright,Wright,52,146905
association,jpp_64p,wright,Wright,8,84964
association,jpp_64p,wright,Wright,15,15693
association,jpp_64p,wright,Wright,22,2731
association,jpp_64p,wright,Wright,30,29111
association,jpp_64p,wright,Wright,38,93700
association,jpp_64p,wright,Wright,45,242469
association,jpp_64p,wright,Wright,52,149899
association,logit,gandhi,Gandhi,8,72322
association,logit,gandhi,Gandhi,15,151477
association,logit,gandhi,Gandhi,22,102689
association,logit,gandhi,Gandhi,30,191855
association,logit,gandhi,Gandhi,38,140118
association,logit,gandhi,Gandhi,45,127601
association,logit,gandhi,Gandhi,52,151612
association,jlens_16p,gandhi,Gandhi,8,5435
association,jlens_16p,gandhi,Gandhi,15,246443
association,jlens_16p,gandhi,Gandhi,22,246664
association,jlens_16p,gandhi,Gandhi,30,100665
association,jlens_16p,gandhi,Gandhi,38,118767
association,jlens_16p,gandhi,Gandhi,45,139076
association,jlens_16p,gandhi,Gandhi,52,206474
association,rlens_16p,gandhi,Gandhi,8,76701
association,rlens_16p,gandhi,Gandhi,15,83920
association,rlens_16p,gandhi,Gandhi,22,114070
association,rlens_16p,gandhi,Gandhi,30,157691
association,rlens_16p,gandhi,Gandhi,38,56189
association,rlens_16p,gandhi,Gandhi,45,131131
association,rlens_16p,gandhi,Gandhi,52,122608
association,rlens_64p,gandhi,Gandhi,8,90769
association,rlens_64p,gandhi,Gandhi,15,90583
association,rlens_64p,gandhi,Gandhi,22,114783
association,rlens_64p,gandhi,Gandhi,30,156405
association,rlens_64p,gandhi,Gandhi,38,76751
association,rlens_64p,gandhi,Gandhi,45,132941
association,rlens_64p,gandhi,Gandhi,52,106248
association,jpp_64p,gandhi,Gandhi,8,147139
association,jpp_64p,gandhi,Gandhi,15,183217
association,jpp_64p,gandhi,Gandhi,22,181633
association,jpp_64p,gandhi,Gandhi,30,118388
association,jpp_64p,gandhi,Gandhi,38,28300
association,jpp_64p,gandhi,Gandhi,45,162377
association,jpp_64p,gandhi,Gandhi,52,166902
association,logit,edison,Edison,8,47765
association,logit,edison,Edison,15,91535
association,logit,edison,Edison,22,62097
association,logit,edison,Edison,30,80301
association,logit,edison,Edison,38,70344
association,logit,edison,Edison,45,56980
association,logit,edison,Edison,52,45684
association,jlens_16p,edison,Edison,8,147187
association,jlens_16p,edison,Edison,15,107573
association,jlens_16p,edison,Edison,22,106854
association,jlens_16p,edison,Edison,30,36990
association,jlens_16p,edison,Edison,38,58824
association,jlens_16p,edison,Edison,45,58342
association,jlens_16p,edison,Edison,52,14459
association,rlens_16p,edison,Edison,8,73022
association,rlens_16p,edison,Edison,15,61528
association,rlens_16p,edison,Edison,22,34667
association,rlens_16p,edison,Edison,30,40662
association,rlens_16p,edison,Edison,38,26281
association,rlens_16p,edison,Edison,45,8023
association,rlens_16p,edison,Edison,52,3231
association,rlens_64p,edison,Edison,8,91560
association,rlens_64p,edison,Edison,15,71748
association,rlens_64p,edison,Edison,22,31207
association,rlens_64p,edison,Edison,30,47958
association,rlens_64p,edison,Edison,38,38032
association,rlens_64p,edison,Edison,45,8683
association,rlens_64p,edison,Edison,52,2551
association,jpp_64p,edison,Edison,8,133262
association,jpp_64p,edison,Edison,15,149447
association,jpp_64p,edison,Edison,22,75199
association,jpp_64p,edison,Edison,30,27425
association,jpp_64p,edison,Edison,38,29742
association,jpp_64p,edison,Edison,45,8292
association,jpp_64p,edison,Edison,52,655
association,logit,cia,CIA,8,17725
association,logit,cia,CIA,15,11662
association,logit,cia,CIA,22,11530
association,logit,cia,CIA,30,2141
association,logit,cia,CIA,38,55425
association,logit,cia,CIA,45,5935
association,logit,cia,CIA,52,4849
association,jlens_16p,cia,CIA,8,166711
association,jlens_16p,cia,CIA,15,18114
association,jlens_16p,cia,CIA,22,17822
association,jlens_16p,cia,CIA,30,4220
association,jlens_16p,cia,CIA,38,24150
association,jlens_16p,cia,CIA,45,14371
association,jlens_16p,cia,CIA,52,2103
association,rlens_16p,cia,CIA,8,31548
association,rlens_16p,cia,CIA,15,22241
association,rlens_16p,cia,CIA,22,16457
association,rlens_16p,cia,CIA,30,14517
association,rlens_16p,cia,CIA,38,4032
association,rlens_16p,cia,CIA,45,12798
association,rlens_16p,cia,CIA,52,1771
association,rlens_64p,cia,CIA,8,36485
association,rlens_64p,cia,CIA,15,32154
association,rlens_64p,cia,CIA,22,32847
association,rlens_64p,cia,CIA,30,25510
association,rlens_64p,cia,CIA,38,5101
association,rlens_64p,cia,CIA,45,25215
association,rlens_64p,cia,CIA,52,2175
association,jpp_64p,cia,CIA,8,44000
association,jpp_64p,cia,CIA,15,53985
association,jpp_64p,cia,CIA,22,23655
association,jpp_64p,cia,CIA,30,13917
association,jpp_64p,cia,CIA,38,2696
association,jpp_64p,cia,CIA,45,8292
association,jpp_64p,cia,CIA,52,1328
association,logit,vatican,Vatican,8,82184
association,logit,vatican,Vatican,15,110459
association,logit,vatican,Vatican,22,51616
association,logit,vatican,Vatican,30,76336
association,logit,vatican,Vatican,38,64691
association,logit,vatican,Vatican,45,130790
association,logit,vatican,Vatican,52,31877
association,jlens_16p,vatican,Vatican,8,161245
association,jlens_16p,vatican,Vatican,15,90731
association,jlens_16p,vatican,Vatican,22,91673
association,jlens_16p,vatican,Vatican,30,55044
association,jlens_16p,vatican,Vatican,38,34893
association,jlens_16p,vatican,Vatican,45,25334
association,jlens_16p,vatican,Vatican,52,31038
association,rlens_16p,vatican,Vatican,8,172051
association,rlens_16p,vatican,Vatican,15,149885
association,rlens_16p,vatican,Vatican,22,127370
association,rlens_16p,vatican,Vatican,30,132921
association,rlens_16p,vatican,Vatican,38,94192
association,rlens_16p,vatican,Vatican,45,60818
association,rlens_16p,vatican,Vatican,52,34840
association,rlens_64p,vatican,Vatican,8,160218
association,rlens_64p,vatican,Vatican,15,143562
association,rlens_64p,vatican,Vatican,22,109447
association,rlens_64p,vatican,Vatican,30,110992
association,rlens_64p,vatican,Vatican,38,85976
association,rlens_64p,vatican,Vatican,45,61942
association,rlens_64p,vatican,Vatican,52,39053
association,jpp_64p,vatican,Vatican,8,219273
association,jpp_64p,vatican,Vatican,15,140566
association,jpp_64p,vatican,Vatican,22,109837
association,jpp_64p,vatican,Vatican,30,165575
association,jpp_64p,vatican,Vatican,38,107985
association,jpp_64p,vatican,Vatican,45,46666
association,jpp_64p,vatican,Vatican,52,23985
association,logit,pentagon,Pentagon,8,65487
association,logit,pentagon,Pentagon,15,44202
association,logit,pentagon,Pentagon,22,13456
association,logit,pentagon,Pentagon,30,50069
association,logit,pentagon,Pentagon,38,28104
association,logit,pentagon,Pentagon,45,43097
association,logit,pentagon,Pentagon,52,20137
association,jlens_16p,pentagon,Pentagon,8,66586
association,jlens_16p,pentagon,Pentagon,15,185481
association,jlens_16p,pentagon,Pentagon,22,70698
association,jlens_16p,pentagon,Pentagon,30,199830
association,jlens_16p,pentagon,Pentagon,38,213658
association,jlens_16p,pentagon,Pentagon,45,180895
association,jlens_16p,pentagon,Pentagon,52,219432
association,rlens_16p,pentagon,Pentagon,8,167176
association,rlens_16p,pentagon,Pentagon,15,121356
association,rlens_16p,pentagon,Pentagon,22,134464
association,rlens_16p,pentagon,Pentagon,30,184452
association,rlens_16p,pentagon,Pentagon,38,176967
association,rlens_16p,pentagon,Pentagon,45,167353
association,rlens_16p,pentagon,Pentagon,52,161102
association,rlens_64p,pentagon,Pentagon,8,156422
association,rlens_64p,pentagon,Pentagon,15,115684
association,rlens_64p,pentagon,Pentagon,22,103650
association,rlens_64p,pentagon,Pentagon,30,137034
association,rlens_64p,pentagon,Pentagon,38,144616
association,rlens_64p,pentagon,Pentagon,45,154928
association,rlens_64p,pentagon,Pentagon,52,153402
association,jpp_64p,pentagon,Pentagon,8,111937
association,jpp_64p,pentagon,Pentagon,15,116409
association,jpp_64p,pentagon,Pentagon,22,148677
association,jpp_64p,pentagon,Pentagon,30,75620
association,jpp_64p,pentagon,Pentagon,38,65493
association,jpp_64p,pentagon,Pentagon,45,139425
association,jpp_64p,pentagon,Pentagon,52,129464
association,logit,unesco,UNESCO,8,8757
association,logit,unesco,UNESCO,15,19526
association,logit,unesco,UNESCO,22,26451
association,logit,unesco,UNESCO,30,12263
association,logit,unesco,UNESCO,38,34304
association,logit,unesco,UNESCO,45,8
association,logit,unesco,UNESCO,52,31
association,jlens_16p,unesco,UNESCO,8,116344
association,jlens_16p,unesco,UNESCO,15,67981
association,jlens_16p,unesco,UNESCO,22,68033
association,jlens_16p,unesco,UNESCO,30,141042
association,jlens_16p,unesco,UNESCO,38,72438
association,jlens_16p,unesco,UNESCO,45,200
association,jlens_16p,unesco,UNESCO,52,7
association,rlens_16p,unesco,UNESCO,8,167136
association,rlens_16p,unesco,UNESCO,15,165481
association,rlens_16p,unesco,UNESCO,22,109866
association,rlens_16p,unesco,UNESCO,30,33241
association,rlens_16p,unesco,UNESCO,38,355
association,rlens_16p,unesco,UNESCO,45,5
association,rlens_16p,unesco,UNESCO,52,6
association,rlens_64p,unesco,UNESCO,8,167318
association,rlens_64p,unesco,UNESCO,15,160307
association,rlens_64p,unesco,UNESCO,22,108000
association,rlens_64p,unesco,UNESCO,30,33714
association,rlens_64p,unesco,UNESCO,38,615
association,rlens_64p,unesco,UNESCO,45,5
association,rlens_64p,unesco,UNESCO,52,4
association,jpp_64p,unesco,UNESCO,8,184980
association,jpp_64p,unesco,UNESCO,15,202223
association,jpp_64p,unesco,UNESCO,22,154292
association,jpp_64p,unesco,UNESCO,30,37614
association,jpp_64p,unesco,UNESCO,38,41
association,jpp_64p,unesco,UNESCO,45,32
association,jpp_64p,unesco,UNESCO,52,5
association,logit,anger,anger,8,9197
association,logit,anger,anger,15,13794
association,logit,anger,anger,22,19422
association,logit,anger,anger,30,2220
association,logit,anger,anger,38,28682
association,logit,anger,anger,45,55379
association,logit,anger,anger,52,44257
association,jlens_16p,anger,anger,8,450
association,jlens_16p,anger,anger,15,170052
association,jlens_16p,anger,anger,22,167234
association,jlens_16p,anger,anger,30,50248
association,jlens_16p,anger,anger,38,27461
association,jlens_16p,anger,anger,45,74142
association,jlens_16p,anger,anger,52,38893
association,rlens_16p,anger,anger,8,17658
association,rlens_16p,anger,anger,15,17930
association,rlens_16p,anger,anger,22,39919
association,rlens_16p,anger,anger,30,6662
association,rlens_16p,anger,anger,38,10021
association,rlens_16p,anger,anger,45,35864
association,rlens_16p,anger,anger,52,31670
association,rlens_64p,anger,anger,8,17628
association,rlens_64p,anger,anger,15,15602
association,rlens_64p,anger,anger,22,33976
association,rlens_64p,anger,anger,30,5930
association,rlens_64p,anger,anger,38,7717
association,rlens_64p,anger,anger,45,28459
association,rlens_64p,anger,anger,52,27424
association,jpp_64p,anger,anger,8,14481
association,jpp_64p,anger,anger,15,10582
association,jpp_64p,anger,anger,22,30656
association,jpp_64p,anger,anger,30,2598
association,jpp_64p,anger,anger,38,24536
association,jpp_64p,anger,anger,45,28472
association,jpp_64p,anger,anger,52,18842
association,logit,frustrated,frustrated,8,18695
association,logit,frustrated,frustrated,15,4201
association,logit,frustrated,frustrated,22,4886
association,logit,frustrated,frustrated,30,15057
association,logit,frustrated,frustrated,38,7079
association,logit,frustrated,frustrated,45,1660
association,logit,frustrated,frustrated,52,53
association,jlens_16p,frustrated,frustrated,8,226424
association,jlens_16p,frustrated,frustrated,15,27262
association,jlens_16p,frustrated,frustrated,22,21765
association,jlens_16p,frustrated,frustrated,30,31476
association,jlens_16p,frustrated,frustrated,38,32621
association,jlens_16p,frustrated,frustrated,45,70424
association,jlens_16p,frustrated,frustrated,52,23328
association,rlens_16p,frustrated,frustrated,8,171283
association,rlens_16p,frustrated,frustrated,15,133098
association,rlens_16p,frustrated,frustrated,22,117016
association,rlens_16p,frustrated,frustrated,30,152448
association,rlens_16p,frustrated,frustrated,38,43881
association,rlens_16p,frustrated,frustrated,45,56581
association,rlens_16p,frustrated,frustrated,52,5372
association,rlens_64p,frustrated,frustrated,8,160633
association,rlens_64p,frustrated,frustrated,15,121523
association,rlens_64p,frustrated,frustrated,22,105250
association,rlens_64p,frustrated,frustrated,30,166074
association,rlens_64p,frustrated,frustrated,38,67075
association,rlens_64p,frustrated,frustrated,45,73272
association,rlens_64p,frustrated,frustrated,52,6946
association,jpp_64p,frustrated,frustrated,8,195020
association,jpp_64p,frustrated,frustrated,15,104601
association,jpp_64p,frustrated,frustrated,22,101697
association,jpp_64p,frustrated,frustrated,30,74049
association,jpp_64p,frustrated,frustrated,38,13097
association,jpp_64p,frustrated,frustrated,45,47175
association,jpp_64p,frustrated,frustrated,52,1593
association,logit,lonely,lonely,8,10765
association,logit,lonely,lonely,15,16009
association,logit,lonely,lonely,22,21468
association,logit,lonely,lonely,30,28176
association,logit,lonely,lonely,38,34272
association,logit,lonely,lonely,45,28433
association,logit,lonely,lonely,52,10494
association,jlens_16p,lonely,lonely,8,49167
association,jlens_16p,lonely,lonely,15,46797
association,jlens_16p,lonely,lonely,22,46511
association,jlens_16p,lonely,lonely,30,201553
association,jlens_16p,lonely,lonely,38,33866
association,jlens_16p,lonely,lonely,45,6262
association,jlens_16p,lonely,lonely,52,1130
association,rlens_16p,lonely,lonely,8,128600
association,rlens_16p,lonely,lonely,15,136728
association,rlens_16p,lonely,lonely,22,148889
association,rlens_16p,lonely,lonely,30,147747
association,rlens_16p,lonely,lonely,38,12706
association,rlens_16p,lonely,lonely,45,16046
association,rlens_16p,lonely,lonely,52,12736
association,rlens_64p,lonely,lonely,8,138374
association,rlens_64p,lonely,lonely,15,144874
association,rlens_64p,lonely,lonely,22,167095
association,rlens_64p,lonely,lonely,30,177686
association,rlens_64p,lonely,lonely,38,31271
association,rlens_64p,lonely,lonely,45,27131
association,rlens_64p,lonely,lonely,52,24397
association,jpp_64p,lonely,lonely,8,40779
association,jpp_64p,lonely,lonely,15,153097
association,jpp_64p,lonely,lonely,22,180393
association,jpp_64p,lonely,lonely,30,102978
association,jpp_64p,lonely,lonely,38,9072
association,jpp_64p,lonely,lonely,45,53586
association,jpp_64p,lonely,lonely,52,47981
association,logit,shame,shame,8,11089
association,logit,shame,shame,15,7013
association,logit,shame,shame,22,15084
association,logit,shame,shame,30,99523
association,logit,shame,shame,38,138203
association,logit,shame,shame,45,105893
association,logit,shame,shame,52,197653
association,jlens_16p,shame,shame,8,66781
association,jlens_16p,shame,shame,15,179159
association,jlens_16p,shame,shame,22,178026
association,jlens_16p,shame,shame,30,37802
association,jlens_16p,shame,shame,38,59652
association,jlens_16p,shame,shame,45,64589
association,jlens_16p,shame,shame,52,63790
association,rlens_16p,shame,shame,8,2377
association,rlens_16p,shame,shame,15,2702
association,rlens_16p,shame,shame,22,6810
association,rlens_16p,shame,shame,30,21260
association,rlens_16p,shame,shame,38,20979
association,rlens_16p,shame,shame,45,47758
association,rlens_16p,shame,shame,52,35041
association,rlens_64p,shame,shame,8,2423
association,rlens_64p,shame,shame,15,3152
association,rlens_64p,shame,shame,22,5932
association,rlens_64p,shame,shame,30,21251
association,rlens_64p,shame,shame,38,20548
association,rlens_64p,shame,shame,45,43864
association,rlens_64p,shame,shame,52,32533
association,jpp_64p,shame,shame,8,55601
association,jpp_64p,shame,shame,15,26817
association,jpp_64p,shame,shame,22,16082
association,jpp_64p,shame,shame,30,10546
association,jpp_64p,shame,shame,38,26725
association,jpp_64p,shame,shame,45,59013
association,jpp_64p,shame,shame,52,18983
association,logit,noir,noir,8,1171
association,logit,noir,noir,15,969
association,logit,noir,noir,22,875
association,logit,noir,noir,30,6167
association,logit,noir,noir,38,7280
association,logit,noir,noir,45,210
association,logit,noir,noir,52,595
association,jlens_16p,noir,noir,8,32814
association,jlens_16p,noir,noir,15,122483
association,jlens_16p,noir,noir,22,124256
association,jlens_16p,noir,noir,30,3491
association,jlens_16p,noir,noir,38,899
association,jlens_16p,noir,noir,45,2425
association,jlens_16p,noir,noir,52,357
association,rlens_16p,noir,noir,8,8508
association,rlens_16p,noir,noir,15,13902
association,rlens_16p,noir,noir,22,630
association,rlens_16p,noir,noir,30,95
association,rlens_16p,noir,noir,38,34
association,rlens_16p,noir,noir,45,214
association,rlens_16p,noir,noir,52,240
association,rlens_64p,noir,noir,8,8418
association,rlens_64p,noir,noir,15,14171
association,rlens_64p,noir,noir,22,1005
association,rlens_64p,noir,noir,30,93
association,rlens_64p,noir,noir,38,32
association,rlens_64p,noir,noir,45,244
association,rlens_64p,noir,noir,52,261
association,jpp_64p,noir,noir,8,120869
association,jpp_64p,noir,noir,15,32027
association,jpp_64p,noir,noir,22,9036
association,jpp_64p,noir,noir,30,21
association,jpp_64p,noir,noir,38,2
association,jpp_64p,noir,noir,45,152
association,jpp_64p,noir,noir,52,163
association,logit,horror,horror,8,16129
association,logit,horror,horror,15,6355
association,logit,horror,horror,22,17430
association,logit,horror,horror,30,14584
association,logit,horror,horror,38,6876
association,logit,horror,horror,45,3588
association,logit,horror,horror,52,137953
association,jlens_16p,horror,horror,8,93716
association,jlens_16p,horror,horror,15,66919
association,jlens_16p,horror,horror,22,68645
association,jlens_16p,horror,horror,30,40470
association,jlens_16p,horror,horror,38,4834
association,jlens_16p,horror,horror,45,9895
association,jlens_16p,horror,horror,52,34322
association,rlens_16p,horror,horror,8,2060
association,rlens_16p,horror,horror,15,5227
association,rlens_16p,horror,horror,22,1620
association,rlens_16p,horror,horror,30,658
association,rlens_16p,horror,horror,38,251
association,rlens_16p,horror,horror,45,1422
association,rlens_16p,horror,horror,52,36477
association,rlens_64p,horror,horror,8,2925
association,rlens_64p,horror,horror,15,7215
association,rlens_64p,horror,horror,22,3391
association,rlens_64p,horror,horror,30,379
association,rlens_64p,horror,horror,38,120
association,rlens_64p,horror,horror,45,1563
association,rlens_64p,horror,horror,52,40218
association,jpp_64p,horror,horror,8,30944
association,jpp_64p,horror,horror,15,6522
association,jpp_64p,horror,horror,22,3178
association,jpp_64p,horror,horror,30,254
association,jpp_64p,horror,horror,38,14
association,jpp_64p,horror,horror,45,13455
association,jpp_64p,horror,horror,52,66113
association,logit,rivals,rivals,8,15951
association,logit,rivals,rivals,15,35251
association,logit,rivals,rivals,22,40464
association,logit,rivals,rivals,30,81137
association,logit,rivals,rivals,38,55094
association,logit,rivals,rivals,45,10302
association,logit,rivals,rivals,52,1036
association,jlens_16p,rivals,rivals,8,117003
association,jlens_16p,rivals,rivals,15,81729
association,jlens_16p,rivals,rivals,22,82989
association,jlens_16p,rivals,rivals,30,51172
association,jlens_16p,rivals,rivals,38,21491
association,jlens_16p,rivals,rivals,45,14739
association,jlens_16p,rivals,rivals,52,856
association,rlens_16p,rivals,rivals,8,1976
association,rlens_16p,rivals,rivals,15,4550
association,rlens_16p,rivals,rivals,22,520
association,rlens_16p,rivals,rivals,30,1915
association,rlens_16p,rivals,rivals,38,7545
association,rlens_16p,rivals,rivals,45,628
association,rlens_16p,rivals,rivals,52,149
association,rlens_64p,rivals,rivals,8,3545
association,rlens_64p,rivals,rivals,15,7350
association,rlens_64p,rivals,rivals,22,1029
association,rlens_64p,rivals,rivals,30,2765
association,rlens_64p,rivals,rivals,38,10273
association,rlens_64p,rivals,rivals,45,669
association,rlens_64p,rivals,rivals,52,147
association,jpp_64p,rivals,rivals,8,83956
association,jpp_64p,rivals,rivals,15,47411
association,jpp_64p,rivals,rivals,22,6969
association,jpp_64p,rivals,rivals,30,6256
association,jpp_64p,rivals,rivals,38,9112
association,jpp_64p,rivals,rivals,45,1527
association,jpp_64p,rivals,rivals,52,52
association,logit,boss,boss,8,29382
association,logit,boss,boss,15,36229
association,logit,boss,boss,22,31660
association,logit,boss,boss,30,50127
association,logit,boss,boss,38,24369
association,logit,boss,boss,45,41332
association,logit,boss,boss,52,26206
association,jlens_16p,boss,boss,8,93210
association,jlens_16p,boss,boss,15,30956
association,jlens_16p,boss,boss,22,31042
association,jlens_16p,boss,boss,30,44025
association,jlens_16p,boss,boss,38,122701
association,jlens_16p,boss,boss,45,60156
association,jlens_16p,boss,boss,52,27069
association,rlens_16p,boss,boss,8,43840
association,rlens_16p,boss,boss,15,17385
association,rlens_16p,boss,boss,22,18656
association,rlens_16p,boss,boss,30,70765
association,rlens_16p,boss,boss,38,30414
association,rlens_16p,boss,boss,45,7111
association,rlens_16p,boss,boss,52,7666
association,rlens_64p,boss,boss,8,36355
association,rlens_64p,boss,boss,15,14837
association,rlens_64p,boss,boss,22,22148
association,rlens_64p,boss,boss,30,76598
association,rlens_64p,boss,boss,38,29904
association,rlens_64p,boss,boss,45,7225
association,rlens_64p,boss,boss,52,7212
association,jpp_64p,boss,boss,8,3750
association,jpp_64p,boss,boss,15,5987
association,jpp_64p,boss,boss,22,16329
association,jpp_64p,boss,boss,30,14207
association,jpp_64p,boss,boss,38,8061
association,jpp_64p,boss,boss,45,9838
association,jpp_64p,boss,boss,52,13517
association,logit,neighbors,neighbors,8,60923
association,logit,neighbors,neighbors,15,92479
association,logit,neighbors,neighbors,22,97836
association,logit,neighbors,neighbors,30,83795
association,logit,neighbors,neighbors,38,22701
association,logit,neighbors,neighbors,45,656
association,logit,neighbors,neighbors,52,29
association,jlens_16p,neighbors,neighbors,8,131699
association,jlens_16p,neighbors,neighbors,15,63171
association,jlens_16p,neighbors,neighbors,22,64647
association,jlens_16p,neighbors,neighbors,30,30960
association,jlens_16p,neighbors,neighbors,38,47397
association,jlens_16p,neighbors,neighbors,45,14436
association,jlens_16p,neighbors,neighbors,52,23
association,rlens_16p,neighbors,neighbors,8,57230
association,rlens_16p,neighbors,neighbors,15,37398
association,rlens_16p,neighbors,neighbors,22,6090
association,rlens_16p,neighbors,neighbors,30,35875
association,rlens_16p,neighbors,neighbors,38,25064
association,rlens_16p,neighbors,neighbors,45,745
association,rlens_16p,neighbors,neighbors,52,16
association,rlens_64p,neighbors,neighbors,8,63686
association,rlens_64p,neighbors,neighbors,15,32582
association,rlens_64p,neighbors,neighbors,22,6235
association,rlens_64p,neighbors,neighbors,30,37585
association,rlens_64p,neighbors,neighbors,38,38093
association,rlens_64p,neighbors,neighbors,45,1266
association,rlens_64p,neighbors,neighbors,52,13
association,jpp_64p,neighbors,neighbors,8,62552
association,jpp_64p,neighbors,neighbors,15,69404
association,jpp_64p,neighbors,neighbors,22,15670
association,jpp_64p,neighbors,neighbors,30,53159
association,jpp_64p,neighbors,neighbors,38,28129
association,jpp_64p,neighbors,neighbors,45,1309
association,jpp_64p,neighbors,neighbors,52,15
association,logit,teacher,teacher,8,25231
association,logit,teacher,teacher,15,19279
association,logit,teacher,teacher,22,33532
association,logit,teacher,teacher,30,44384
association,logit,teacher,teacher,38,4918
association,logit,teacher,teacher,45,104
association,logit,teacher,teacher,52,224
association,jlens_16p,teacher,teacher,8,37890
association,jlens_16p,teacher,teacher,15,153027
association,jlens_16p,teacher,teacher,22,154160
association,jlens_16p,teacher,teacher,30,138049
association,jlens_16p,teacher,teacher,38,126331
association,jlens_16p,teacher,teacher,45,22416
association,jlens_16p,teacher,teacher,52,3279
association,rlens_16p,teacher,teacher,8,102730
association,rlens_16p,teacher,teacher,15,49994
association,rlens_16p,teacher,teacher,22,37362
association,rlens_16p,teacher,teacher,30,81910
association,rlens_16p,teacher,teacher,38,19551
association,rlens_16p,teacher,teacher,45,533
association,rlens_16p,teacher,teacher,52,267
association,rlens_64p,teacher,teacher,8,115724
association,rlens_64p,teacher,teacher,15,54331
association,rlens_64p,teacher,teacher,22,29093
association,rlens_64p,teacher,teacher,30,74156
association,rlens_64p,teacher,teacher,38,23717
association,rlens_64p,teacher,teacher,45,430
association,rlens_64p,teacher,teacher,52,322
association,jpp_64p,teacher,teacher,8,197758
association,jpp_64p,teacher,teacher,15,176603
association,jpp_64p,teacher,teacher,22,97464
association,jpp_64p,teacher,teacher,30,159276
association,jpp_64p,teacher,teacher,38,7707
association,jpp_64p,teacher,teacher,45,101
association,jpp_64p,teacher,teacher,52,289
association,logit,underwater,underwater,8,7350
association,logit,underwater,underwater,15,8837
association,logit,underwater,underwater,22,16555
association,logit,underwater,underwater,30,7817
association,logit,underwater,underwater,38,3030
association,logit,underwater,underwater,45,31
association,logit,underwater,underwater,52,278
association,jlens_16p,underwater,underwater,8,192202
association,jlens_16p,underwater,underwater,15,21792
association,jlens_16p,underwater,underwater,22,21671
association,jlens_16p,underwater,underwater,30,121084
association,jlens_16p,underwater,underwater,38,81653
association,jlens_16p,underwater,underwater,45,848
association,jlens_16p,underwater,underwater,52,65
association,rlens_16p,underwater,underwater,8,117149
association,rlens_16p,underwater,underwater,15,80040
association,rlens_16p,underwater,underwater,22,27945
association,rlens_16p,underwater,underwater,30,47396
association,rlens_16p,underwater,underwater,38,954
association,rlens_16p,underwater,underwater,45,17
association,rlens_16p,underwater,underwater,52,79
association,rlens_64p,underwater,underwater,8,124383
association,rlens_64p,underwater,underwater,15,79135
association,rlens_64p,underwater,underwater,22,27331
association,rlens_64p,underwater,underwater,30,68732
association,rlens_64p,underwater,underwater,38,1709
association,rlens_64p,underwater,underwater,45,26
association,rlens_64p,underwater,underwater,52,77
association,jpp_64p,underwater,underwater,8,118871
association,jpp_64p,underwater,underwater,15,98816
association,jpp_64p,underwater,underwater,22,72356
association,jpp_64p,underwater,underwater,30,46362
association,jpp_64p,underwater,underwater,38,482
association,jpp_64p,underwater,underwater,45,26
association,jpp_64p,underwater,underwater,52,77
association,logit,desert,desert,8,3186
association,logit,desert,desert,15,1954
association,logit,desert,desert,22,1391
association,logit,desert,desert,30,33889
association,logit,desert,desert,38,32280
association,logit,desert,desert,45,1699
association,logit,desert,desert,52,851
association,jlens_16p,desert,desert,8,136561
association,jlens_16p,desert,desert,15,45958
association,jlens_16p,desert,desert,22,45562
association,jlens_16p,desert,desert,30,76789
association,jlens_16p,desert,desert,38,22186
association,jlens_16p,desert,desert,45,5871
association,jlens_16p,desert,desert,52,2013
association,rlens_16p,desert,desert,8,107366
association,rlens_16p,desert,desert,15,95514
association,rlens_16p,desert,desert,22,23134
association,rlens_16p,desert,desert,30,50110
association,rlens_16p,desert,desert,38,7578
association,rlens_16p,desert,desert,45,3770
association,rlens_16p,desert,desert,52,536
association,rlens_64p,desert,desert,8,109082
association,rlens_64p,desert,desert,15,97888
association,rlens_64p,desert,desert,22,30250
association,rlens_64p,desert,desert,30,54301
association,rlens_64p,desert,desert,38,9499
association,rlens_64p,desert,desert,45,3653
association,rlens_64p,desert,desert,52,474
association,jpp_64p,desert,desert,8,101720
association,jpp_64p,desert,desert,15,119820
association,jpp_64p,desert,desert,22,67779
association,jpp_64p,desert,desert,30,19759
association,jpp_64p,desert,desert,38,954
association,jpp_64p,desert,desert,45,3312
association,jpp_64p,desert,desert,52,178
association,logit,chess,chess,8,16344
association,logit,chess,chess,15,11583
association,logit,chess,chess,22,11225
association,logit,chess,chess,30,44238
association,logit,chess,chess,38,81473
association,logit,chess,chess,45,817
association,logit,chess,chess,52,7559
association,jlens_16p,chess,chess,8,27638
association,jlens_16p,chess,chess,15,108436
association,jlens_16p,chess,chess,22,28661
association,jlens_16p,chess,chess,30,24668
association,jlens_16p,chess,chess,38,112925
association,jlens_16p,chess,chess,45,10584
association,jlens_16p,chess,chess,52,5282
association,rlens_16p,chess,chess,8,57344
association,rlens_16p,chess,chess,15,43633
association,rlens_16p,chess,chess,22,15740
association,rlens_16p,chess,chess,30,26212
association,rlens_16p,chess,chess,38,11352
association,rlens_16p,chess,chess,45,952
association,rlens_16p,chess,chess,52,2518
association,rlens_64p,chess,chess,8,55787
association,rlens_64p,chess,chess,15,40691
association,rlens_64p,chess,chess,22,18772
association,rlens_64p,chess,chess,30,25208
association,rlens_64p,chess,chess,38,14731
association,rlens_64p,chess,chess,45,1409
association,rlens_64p,chess,chess,52,2482
association,jpp_64p,chess,chess,8,59705
association,jpp_64p,chess,chess,15,98904
association,jpp_64p,chess,chess,22,53541
association,jpp_64p,chess,chess,30,9639
association,jpp_64p,chess,chess,38,342
association,jpp_64p,chess,chess,45,21531
association,jpp_64p,chess,chess,52,1976
association,logit,poker,poker,8,42077
association,logit,poker,poker,15,9762
association,logit,poker,poker,22,5348
association,logit,poker,poker,30,31031
association,logit,poker,poker,38,23821
association,logit,poker,poker,45,320
association,logit,poker,poker,52,126
association,jlens_16p,poker,poker,8,214548
association,jlens_16p,poker,poker,15,18063
association,jlens_16p,poker,poker,22,18070
association,jlens_16p,poker,poker,30,123628
association,jlens_16p,poker,poker,38,206616
association,jlens_16p,poker,poker,45,170077
association,jlens_16p,poker,poker,52,1786
association,rlens_16p,poker,poker,8,119383
association,rlens_16p,poker,poker,15,41952
association,rlens_16p,poker,poker,22,14757
association,rlens_16p,poker,poker,30,46024
association,rlens_16p,poker,poker,38,6906
association,rlens_16p,poker,poker,45,1749
association,rlens_16p,poker,poker,52,140
association,rlens_64p,poker,poker,8,115536
association,rlens_64p,poker,poker,15,44938
association,rlens_64p,poker,poker,22,16890
association,rlens_64p,poker,poker,30,40390
association,rlens_64p,poker,poker,38,4026
association,rlens_64p,poker,poker,45,1784
association,rlens_64p,poker,poker,52,132
association,jpp_64p,poker,poker,8,53175
association,jpp_64p,poker,poker,15,66379
association,jpp_64p,poker,poker,22,29140
association,jpp_64p,poker,poker,30,30118
association,jpp_64p,poker,poker,38,17700
association,jpp_64p,poker,poker,45,2268
association,jpp_64p,poker,poker,52,159
association,logit,interview,interview,8,13852
association,logit,interview,interview,15,10479
association,logit,interview,interview,22,18285
association,logit,interview,interview,30,28404
association,logit,interview,interview,38,57345
association,logit,interview,interview,45,36722
association,logit,interview,interview,52,10032
association,jlens_16p,interview,interview,8,144812
association,jlens_16p,interview,interview,15,9612
association,jlens_16p,interview,interview,22,16688
association,jlens_16p,interview,interview,30,66863
association,jlens_16p,interview,interview,38,4639
association,jlens_16p,interview,interview,45,110847
association,jlens_16p,interview,interview,52,61786
association,rlens_16p,interview,interview,8,73068
association,rlens_16p,interview,interview,15,55016
association,rlens_16p,interview,interview,22,17939
association,rlens_16p,interview,interview,30,2366
association,rlens_16p,interview,interview,38,1622
association,rlens_16p,interview,interview,45,27126
association,rlens_16p,interview,interview,52,25097
association,rlens_64p,interview,interview,8,88520
association,rlens_64p,interview,interview,15,76310
association,rlens_64p,interview,interview,22,33334
association,rlens_64p,interview,interview,30,2457
association,rlens_64p,interview,interview,38,865
association,rlens_64p,interview,interview,45,22976
association,rlens_64p,interview,interview,52,27986
association,jpp_64p,interview,interview,8,24336
association,jpp_64p,interview,interview,15,48488
association,jpp_64p,interview,interview,22,45968
association,jpp_64p,interview,interview,30,1348
association,jpp_64p,interview,interview,38,3548
association,jpp_64p,interview,interview,45,7790
association,jpp_64p,interview,interview,52,21089
association,logit,dawn,dawn,8,7648
association,logit,dawn,dawn,15,7875
association,logit,dawn,dawn,22,3966
association,logit,dawn,dawn,30,17844
association,logit,dawn,dawn,38,4610
association,logit,dawn,dawn,45,202
association,logit,dawn,dawn,52,936
association,jlens_16p,dawn,dawn,8,29068
association,jlens_16p,dawn,dawn,15,121765
association,jlens_16p,dawn,dawn,22,119652
association,jlens_16p,dawn,dawn,30,37632
association,jlens_16p,dawn,dawn,38,5744
association,jlens_16p,dawn,dawn,45,280
association,jlens_16p,dawn,dawn,52,115
association,rlens_16p,dawn,dawn,8,2248
association,rlens_16p,dawn,dawn,15,1325
association,rlens_16p,dawn,dawn,22,316
association,rlens_16p,dawn,dawn,30,21251
association,rlens_16p,dawn,dawn,38,10109
association,rlens_16p,dawn,dawn,45,2509
association,rlens_16p,dawn,dawn,52,194
association,rlens_64p,dawn,dawn,8,2828
association,rlens_64p,dawn,dawn,15,2866
association,rlens_64p,dawn,dawn,22,841
association,rlens_64p,dawn,dawn,30,23211
association,rlens_64p,dawn,dawn,38,11050
association,rlens_64p,dawn,dawn,45,2927
association,rlens_64p,dawn,dawn,52,225
association,jpp_64p,dawn,dawn,8,119642
association,jpp_64p,dawn,dawn,15,41699
association,jpp_64p,dawn,dawn,22,2897
association,jpp_64p,dawn,dawn,30,18107
association,jpp_64p,dawn,dawn,38,320
association,jpp_64p,dawn,dawn,45,390
association,jpp_64p,dawn,dawn,52,106
association,logit,winter,winter,8,2522
association,logit,winter,winter,15,5164
association,logit,winter,winter,22,2321
association,logit,winter,winter,30,2767
association,logit,winter,winter,38,175
association,logit,winter,winter,45,3711
association,logit,winter,winter,52,2359
association,jlens_16p,winter,winter,8,7513
association,jlens_16p,winter,winter,15,169389
association,jlens_16p,winter,winter,22,167608
association,jlens_16p,winter,winter,30,135667
association,jlens_16p,winter,winter,38,4783
association,jlens_16p,winter,winter,45,1073
association,jlens_16p,winter,winter,52,795
association,rlens_16p,winter,winter,8,90307
association,rlens_16p,winter,winter,15,101934
association,rlens_16p,winter,winter,22,118234
association,rlens_16p,winter,winter,30,107123
association,rlens_16p,winter,winter,38,4017
association,rlens_16p,winter,winter,45,1738
association,rlens_16p,winter,winter,52,599
association,rlens_64p,winter,winter,8,109139
association,rlens_64p,winter,winter,15,98256
association,rlens_64p,winter,winter,22,126749
association,rlens_64p,winter,winter,30,123650
association,rlens_64p,winter,winter,38,4868
association,rlens_64p,winter,winter,45,2605
association,rlens_64p,winter,winter,52,755
association,jpp_64p,winter,winter,8,174266
association,jpp_64p,winter,winter,15,187208
association,jpp_64p,winter,winter,22,149379
association,jpp_64p,winter,winter,30,65719
association,jpp_64p,winter,winter,38,173
association,jpp_64p,winter,winter,45,2654
association,jpp_64p,winter,winter,52,629
association,logit,death-h,death,8,17
association,logit,death-h,death,15,45
association,logit,death-h,death,22,1919
association,logit,death-h,death,30,34527
association,logit,death-h,death,38,35087
association,logit,death-h,death,45,4243
association,logit,death-h,death,52,15579
association,jlens_16p,death-h,death,8,38024
association,jlens_16p,death-h,death,15,167577
association,jlens_16p,death-h,death,22,38492
association,jlens_16p,death-h,death,30,45414
association,jlens_16p,death-h,death,38,58502
association,jlens_16p,death-h,death,45,9678
association,jlens_16p,death-h,death,52,1301
association,rlens_16p,death-h,death,8,13005
association,rlens_16p,death-h,death,15,11061
association,rlens_16p,death-h,death,22,13566
association,rlens_16p,death-h,death,30,53515
association,rlens_16p,death-h,death,38,42950
association,rlens_16p,death-h,death,45,262
association,rlens_16p,death-h,death,52,116
association,rlens_64p,death-h,death,8,17791
association,rlens_64p,death-h,death,15,14427
association,rlens_64p,death-h,death,22,14720
association,rlens_64p,death-h,death,30,38333
association,rlens_64p,death-h,death,38,22449
association,rlens_64p,death-h,death,45,394
association,rlens_64p,death-h,death,52,165
association,jpp_64p,death-h,death,8,2894
association,jpp_64p,death-h,death,15,43897
association,jpp_64p,death-h,death,22,42575
association,jpp_64p,death-h,death,30,50233
association,jpp_64p,death-h,death,38,17589
association,jpp_64p,death-h,death,45,881
association,jpp_64p,death-h,death,52,211
association,logit,war-h,war,8,22383
association,logit,war-h,war,15,14902
association,logit,war-h,war,22,23385
association,logit,war-h,war,30,93288
association,logit,war-h,war,38,36638
association,logit,war-h,war,45,16035
association,logit,war-h,war,52,90823
association,jlens_16p,war-h,war,8,150696
association,jlens_16p,war-h,war,15,6529
association,jlens_16p,war-h,war,22,11842
association,jlens_16p,war-h,war,30,38726
association,jlens_16p,war-h,war,38,21340
association,jlens_16p,war-h,war,45,6250
association,jlens_16p,war-h,war,52,1929
association,rlens_16p,war-h,war,8,9573
association,rlens_16p,war-h,war,15,4794
association,rlens_16p,war-h,war,22,9337
association,rlens_16p,war-h,war,30,32408
association,rlens_16p,war-h,war,38,9405
association,rlens_16p,war-h,war,45,2997
association,rlens_16p,war-h,war,52,3053
association,rlens_64p,war-h,war,8,10099
association,rlens_64p,war-h,war,15,4662
association,rlens_64p,war-h,war,22,7821
association,rlens_64p,war-h,war,30,18609
association,rlens_64p,war-h,war,38,2200
association,rlens_64p,war-h,war,45,3901
association,rlens_64p,war-h,war,52,6585
association,jpp_64p,war-h,war,8,857
association,jpp_64p,war-h,war,15,17128
association,jpp_64p,war-h,war,22,33607
association,jpp_64p,war-h,war,30,26006
association,jpp_64p,war-h,war,38,27099
association,jpp_64p,war-h,war,45,9208
association,jpp_64p,war-h,war,52,5590
association,logit,love-h,love,8,376
association,logit,love-h,love,15,1030
association,logit,love-h,love,22,3688
association,logit,love-h,love,30,20731
association,logit,love-h,love,38,979
association,logit,love-h,love,45,1206
association,logit,love-h,love,52,8022
association,jlens_16p,love-h,love,8,101767
association,jlens_16p,love-h,love,15,75267
association,jlens_16p,love-h,love,22,73216
association,jlens_16p,love-h,love,30,30722
association,jlens_16p,love-h,love,38,81662
association,jlens_16p,love-h,love,45,21151
association,jlens_16p,love-h,love,52,32356
association,rlens_16p,love-h,love,8,97258
association,rlens_16p,love-h,love,15,88732
association,rlens_16p,love-h,love,22,69980
association,rlens_16p,love-h,love,30,108710
association,rlens_16p,love-h,love,38,35699
association,rlens_16p,love-h,love,45,30939
association,rlens_16p,love-h,love,52,38744
association,rlens_64p,love-h,love,8,111701
association,rlens_64p,love-h,love,15,101371
association,rlens_64p,love-h,love,22,86687
association,rlens_64p,love-h,love,30,126607
association,rlens_64p,love-h,love,38,30477
association,rlens_64p,love-h,love,45,39637
association,rlens_64p,love-h,love,52,47108
association,jpp_64p,love-h,love,8,49567
association,jpp_64p,love-h,love,15,125978
association,jpp_64p,love-h,love,22,145732
association,jpp_64p,love-h,love,30,87633
association,jpp_64p,love-h,love,38,1024
association,jpp_64p,love-h,love,45,8546
association,jpp_64p,love-h,love,52,20648
association,logit,home-h,home,8,2628
association,logit,home-h,home,15,9133
association,logit,home-h,home,22,17944
association,logit,home-h,home,30,25654
association,logit,home-h,home,38,8158
association,logit,home-h,home,45,82
association,logit,home-h,home,52,838
association,jlens_16p,home-h,home,8,66551
association,jlens_16p,home-h,home,15,59248
association,jlens_16p,home-h,home,22,58683
association,jlens_16p,home-h,home,30,68998
association,jlens_16p,home-h,home,38,122875
association,jlens_16p,home-h,home,45,9699
association,jlens_16p,home-h,home,52,1117
association,rlens_16p,home-h,home,8,6394
association,rlens_16p,home-h,home,15,3531
association,rlens_16p,home-h,home,22,228
association,rlens_16p,home-h,home,30,10688
association,rlens_16p,home-h,home,38,24880
association,rlens_16p,home-h,home,45,1137
association,rlens_16p,home-h,home,52,503
association,rlens_64p,home-h,home,8,9595
association,rlens_64p,home-h,home,15,2998
association,rlens_64p,home-h,home,22,121
association,rlens_64p,home-h,home,30,12748
association,rlens_64p,home-h,home,38,40232
association,rlens_64p,home-h,home,45,1463
association,rlens_64p,home-h,home,52,488
association,jpp_64p,home-h,home,8,22241
association,jpp_64p,home-h,home,15,52814
association,jpp_64p,home-h,home,22,2964
association,jpp_64p,home-h,home,30,20011
association,jpp_64p,home-h,home,38,26411
association,jpp_64p,home-h,home,45,182
association,jpp_64p,home-h,home,52,400
association,logit,school-h,school,8,6085
association,logit,school-h,school,15,12898
association,logit,school-h,school,22,17997
association,logit,school-h,school,30,120
association,logit,school-h,school,38,448
association,logit,school-h,school,45,351
association,logit,school-h,school,52,17869
association,jlens_16p,school-h,school,8,22697
association,jlens_16p,school-h,school,15,125384
association,jlens_16p,school-h,school,22,126242
association,jlens_16p,school-h,school,30,62849
association,jlens_16p,school-h,school,38,20511
association,jlens_16p,school-h,school,45,16500
association,jlens_16p,school-h,school,52,59283
association,rlens_16p,school-h,school,8,111565
association,rlens_16p,school-h,school,15,85829
association,rlens_16p,school-h,school,22,49253
association,rlens_16p,school-h,school,30,14510
association,rlens_16p,school-h,school,38,24283
association,rlens_16p,school-h,school,45,34471
association,rlens_16p,school-h,school,52,41544
association,rlens_64p,school-h,school,8,112966
association,rlens_64p,school-h,school,15,74749
association,rlens_64p,school-h,school,22,39659
association,rlens_64p,school-h,school,30,14409
association,rlens_64p,school-h,school,38,20432
association,rlens_64p,school-h,school,45,30327
association,rlens_64p,school-h,school,52,44386
association,jpp_64p,school-h,school,8,87975
association,jpp_64p,school-h,school,15,190716
association,jpp_64p,school-h,school,22,154181
association,jpp_64p,school-h,school,30,8772
association,jpp_64p,school-h,school,38,3957
association,jpp_64p,school-h,school,45,28639
association,jpp_64p,school-h,school,52,14613
association,logit,office-h,office,8,67
association,logit,office-h,office,15,589
association,logit,office-h,office,22,645
association,logit,office-h,office,30,1156
association,logit,office-h,office,38,14400
association,logit,office-h,office,45,956
association,logit,office-h,office,52,2641
association,jlens_16p,office-h,office,8,68003
association,jlens_16p,office-h,office,15,83316
association,jlens_16p,office-h,office,22,80955
association,jlens_16p,office-h,office,30,137126
association,jlens_16p,office-h,office,38,85556
association,jlens_16p,office-h,office,45,34231
association,jlens_16p,office-h,office,52,22591
association,rlens_16p,office-h,office,8,98764
association,rlens_16p,office-h,office,15,103231
association,rlens_16p,office-h,office,22,75859
association,rlens_16p,office-h,office,30,106289
association,rlens_16p,office-h,office,38,65671
association,rlens_16p,office-h,office,45,30686
association,rlens_16p,office-h,office,52,22661
association,rlens_64p,office-h,office,8,110435
association,rlens_64p,office-h,office,15,97518
association,rlens_64p,office-h,office,22,68833
association,rlens_64p,office-h,office,30,94111
association,rlens_64p,office-h,office,38,66269
association,rlens_64p,office-h,office,45,29151
association,rlens_64p,office-h,office,52,17544
association,jpp_64p,office-h,office,8,41227
association,jpp_64p,office-h,office,15,91638
association,jpp_64p,office-h,office,22,104996
association,jpp_64p,office-h,office,30,41974
association,jpp_64p,office-h,office,38,16012
association,jpp_64p,office-h,office,45,4195
association,jpp_64p,office-h,office,52,11810
association,logit,court-h,court,8,9782
association,logit,court-h,court,15,8611
association,logit,court-h,court,22,18468
association,logit,court-h,court,30,41690
association,logit,court-h,court,38,29453
association,logit,court-h,court,45,679
association,logit,court-h,court,52,24234
association,jlens_16p,court-h,court,8,30498
association,jlens_16p,court-h,court,15,155025
association,jlens_16p,court-h,court,22,34257
association,jlens_16p,court-h,court,30,4021
association,jlens_16p,court-h,court,38,10122
association,jlens_16p,court-h,court,45,10978
association,jlens_16p,court-h,court,52,1833
association,rlens_16p,court-h,court,8,42831
association,rlens_16p,court-h,court,15,11486
association,rlens_16p,court-h,court,22,1658
association,rlens_16p,court-h,court,30,21696
association,rlens_16p,court-h,court,38,3325
association,rlens_16p,court-h,court,45,6405
association,rlens_16p,court-h,court,52,1336
association,rlens_64p,court-h,court,8,37362
association,rlens_64p,court-h,court,15,10947
association,rlens_64p,court-h,court,22,1531
association,rlens_64p,court-h,court,30,26108
association,rlens_64p,court-h,court,38,5766
association,rlens_64p,court-h,court,45,6951
association,rlens_64p,court-h,court,52,924
association,jpp_64p,court-h,court,8,22971
association,jpp_64p,court-h,court,15,18059
association,jpp_64p,court-h,court,22,5802
association,jpp_64p,court-h,court,30,7883
association,jpp_64p,court-h,court,38,1845
association,jpp_64p,court-h,court,45,7342
association,jpp_64p,court-h,court,52,476
association,logit,park-h,park,8,36814
association,logit,park-h,park,15,14742
association,logit,park-h,park,22,42377
association,logit,park-h,park,30,46098
association,logit,park-h,park,38,13776
association,logit,park-h,park,45,1725
association,logit,park-h,park,52,10318
association,jlens_16p,park-h,park,8,113891
association,jlens_16p,park-h,park,15,12864
association,jlens_16p,park-h,park,22,15591
association,jlens_16p,park-h,park,30,26876
association,jlens_16p,park-h,park,38,25929
association,jlens_16p,park-h,park,45,10338
association,jlens_16p,park-h,park,52,19899
association,rlens_16p,park-h,park,8,124478
association,rlens_16p,park-h,park,15,69430
association,rlens_16p,park-h,park,22,41746
association,rlens_16p,park-h,park,30,131301
association,rlens_16p,park-h,park,38,51325
association,rlens_16p,park-h,park,45,3100
association,rlens_16p,park-h,park,52,6171
association,rlens_64p,park-h,park,8,126523
association,rlens_64p,park-h,park,15,61497
association,rlens_64p,park-h,park,22,26192
association,rlens_64p,park-h,park,30,129142
association,rlens_64p,park-h,park,38,72952
association,rlens_64p,park-h,park,45,5596
association,rlens_64p,park-h,park,52,6961
association,jpp_64p,park-h,park,8,191593
association,jpp_64p,park-h,park,15,100261
association,jpp_64p,park-h,park,22,59313
association,jpp_64p,park-h,park,30,25552
association,jpp_64p,park-h,park,38,25310
association,jpp_64p,park-h,park,45,15200
association,jpp_64p,park-h,park,52,6177
association,logit,city-h,city,8,2091
association,logit,city-h,city,15,1367
association,logit,city-h,city,22,3815
association,logit,city-h,city,30,839
association,logit,city-h,city,38,342
association,logit,city-h,city,45,49
association,logit,city-h,city,52,12
association,jlens_16p,city-h,city,8,126351
association,jlens_16p,city-h,city,15,48460
association,jlens_16p,city-h,city,22,50003
association,jlens_16p,city-h,city,30,39383
association,jlens_16p,city-h,city,38,51538
association,jlens_16p,city-h,city,45,34560
association,jlens_16p,city-h,city,52,1117
association,rlens_16p,city-h,city,8,119070
association,rlens_16p,city-h,city,15,142585
association,rlens_16p,city-h,city,22,110667
association,rlens_16p,city-h,city,30,57460
association,rlens_16p,city-h,city,38,119
association,rlens_16p,city-h,city,45,286
association,rlens_16p,city-h,city,52,242
association,rlens_64p,city-h,city,8,125148
association,rlens_64p,city-h,city,15,133698
association,rlens_64p,city-h,city,22,84688
association,rlens_64p,city-h,city,30,74136
association,rlens_64p,city-h,city,38,333
association,rlens_64p,city-h,city,45,416
association,rlens_64p,city-h,city,52,173
association,jpp_64p,city-h,city,8,121452
association,jpp_64p,city-h,city,15,112082
association,jpp_64p,city-h,city,22,142552
association,jpp_64p,city-h,city,30,20196
association,jpp_64p,city-h,city,38,6
association,jpp_64p,city-h,city,45,83
association,jpp_64p,city-h,city,52,56
association,logit,town-h,town,8,7063
association,logit,town-h,town,15,30206
association,logit,town-h,town,22,77602
association,logit,town-h,town,30,44804
association,logit,town-h,town,38,34255
association,logit,town-h,town,45,4224
association,logit,town-h,town,52,19083
association,jlens_16p,town-h,town,8,22783
association,jlens_16p,town-h,town,15,124824
association,jlens_16p,town-h,town,22,124010
association,jlens_16p,town-h,town,30,52837
association,jlens_16p,town-h,town,38,124357
association,jlens_16p,town-h,town,45,105978
association,jlens_16p,town-h,town,52,122583
association,rlens_16p,town-h,town,8,81283
association,rlens_16p,town-h,town,15,106195
association,rlens_16p,town-h,town,22,31561
association,rlens_16p,town-h,town,30,104105
association,rlens_16p,town-h,town,38,97539
association,rlens_16p,town-h,town,45,74423
association,rlens_16p,town-h,town,52,90435
association,rlens_64p,town-h,town,8,76228
association,rlens_64p,town-h,town,15,81812
association,rlens_64p,town-h,town,22,21587
association,rlens_64p,town-h,town,30,101212
association,rlens_64p,town-h,town,38,131329
association,rlens_64p,town-h,town,45,92671
association,rlens_64p,town-h,town,52,72126
association,jpp_64p,town-h,town,8,169552
association,jpp_64p,town-h,town,15,146570
association,jpp_64p,town-h,town,22,45461
association,jpp_64p,town-h,town,30,68327
association,jpp_64p,town-h,town,38,106224
association,jpp_64p,town-h,town,45,71649
association,jpp_64p,town-h,town,52,60981
association,logit,field-h,field,8,7093
association,logit,field-h,field,15,7840
association,logit,field-h,field,22,7000
association,logit,field-h,field,30,12497
association,logit,field-h,field,38,28596
association,logit,field-h,field,45,6809
association,logit,field-h,field,52,69949
association,jlens_16p,field-h,field,8,78782
association,jlens_16p,field-h,field,15,18284
association,jlens_16p,field-h,field,22,18250
association,jlens_16p,field-h,field,30,26393
association,jlens_16p,field-h,field,38,67553
association,jlens_16p,field-h,field,45,5185
association,jlens_16p,field-h,field,52,12382
association,rlens_16p,field-h,field,8,144866
association,rlens_16p,field-h,field,15,131060
association,rlens_16p,field-h,field,22,79629
association,rlens_16p,field-h,field,30,35304
association,rlens_16p,field-h,field,38,25759
association,rlens_16p,field-h,field,45,5824
association,rlens_16p,field-h,field,52,39202
association,rlens_64p,field-h,field,8,147089
association,rlens_64p,field-h,field,15,129592
association,rlens_64p,field-h,field,22,72575
association,rlens_64p,field-h,field,30,46283
association,rlens_64p,field-h,field,38,36743
association,rlens_64p,field-h,field,45,4576
association,rlens_64p,field-h,field,52,38890
association,jpp_64p,field-h,field,8,26741
association,jpp_64p,field-h,field,15,130194
association,jpp_64p,field-h,field,22,78693
association,jpp_64p,field-h,field,30,18895
association,jpp_64p,field-h,field,38,27765
association,jpp_64p,field-h,field,45,8896
association,jpp_64p,field-h,field,52,11192
association,logit,store-h,store,8,342
association,logit,store-h,store,15,4136
association,logit,store-h,store,22,21500
association,logit,store-h,store,30,82235
association,logit,store-h,store,38,138625
association,logit,store-h,store,45,92542
association,logit,store-h,store,52,83333
association,jlens_16p,store-h,store,8,212948
association,jlens_16p,store-h,store,15,5953
association,jlens_16p,store-h,store,22,6454
association,jlens_16p,store-h,store,30,48490
association,jlens_16p,store-h,store,38,53531
association,jlens_16p,store-h,store,45,85388
association,jlens_16p,store-h,store,52,150406
association,rlens_16p,store-h,store,8,110757
association,rlens_16p,store-h,store,15,80405
association,rlens_16p,store-h,store,22,77713
association,rlens_16p,store-h,store,30,156961
association,rlens_16p,store-h,store,38,62392
association,rlens_16p,store-h,store,45,142380
association,rlens_16p,store-h,store,52,82977
association,rlens_64p,store-h,store,8,93496
association,rlens_64p,store-h,store,15,66884
association,rlens_64p,store-h,store,22,66905
association,rlens_64p,store-h,store,30,157306
association,rlens_64p,store-h,store,38,51221
association,rlens_64p,store-h,store,45,125332
association,rlens_64p,store-h,store,52,75598
association,jpp_64p,store-h,store,8,193276
association,jpp_64p,store-h,store,15,120769
association,jpp_64p,store-h,store,22,59159
association,jpp_64p,store-h,store,30,147742
association,jpp_64p,store-h,store,38,46833
association,jpp_64p,store-h,store,45,85586
association,jpp_64p,store-h,store,52,66509
association,logit,art-h,art,8,280
association,logit,art-h,art,15,5650
association,logit,art-h,art,22,15777
association,logit,art-h,art,30,4798
association,logit,art-h,art,38,7337
association,logit,art-h,art,45,3725
association,logit,art-h,art,52,15338
association,jlens_16p,art-h,art,8,149018
association,jlens_16p,art-h,art,15,7114
association,jlens_16p,art-h,art,22,7246
association,jlens_16p,art-h,art,30,33366
association,jlens_16p,art-h,art,38,11460
association,jlens_16p,art-h,art,45,1383
association,jlens_16p,art-h,art,52,8755
association,rlens_16p,art-h,art,8,62550
association,rlens_16p,art-h,art,15,12537
association,rlens_16p,art-h,art,22,6228
association,rlens_16p,art-h,art,30,15162
association,rlens_16p,art-h,art,38,4201
association,rlens_16p,art-h,art,45,16163
association,rlens_16p,art-h,art,52,8585
association,rlens_64p,art-h,art,8,66982
association,rlens_64p,art-h,art,15,18531
association,rlens_64p,art-h,art,22,6941
association,rlens_64p,art-h,art,30,12544
association,rlens_64p,art-h,art,38,3901
association,rlens_64p,art-h,art,45,18949
association,rlens_64p,art-h,art,52,8455
association,jpp_64p,art-h,art,8,50744
association,jpp_64p,art-h,art,15,24935
association,jpp_64p,art-h,art,22,11109
association,jpp_64p,art-h,art,30,16712
association,jpp_64p,art-h,art,38,8538
association,jpp_64p,art-h,art,45,29661
association,jpp_64p,art-h,art,52,4828
association,logit,music-h,music,8,18476
association,logit,music-h,music,15,12551
association,logit,music-h,music,22,19689
association,logit,music-h,music,30,170
association,logit,music-h,music,38,2481
association,logit,music-h,music,45,58714
association,logit,music-h,music,52,69220
association,jlens_16p,music-h,music,8,45263
association,jlens_16p,music-h,music,15,172932
association,jlens_16p,music-h,music,22,169946
association,jlens_16p,music-h,music,30,180555
association,jlens_16p,music-h,music,38,85751
association,jlens_16p,music-h,music,45,7944
association,jlens_16p,music-h,music,52,25444
association,rlens_16p,music-h,music,8,118730
association,rlens_16p,music-h,music,15,101480
association,rlens_16p,music-h,music,22,43086
association,rlens_16p,music-h,music,30,170326
association,rlens_16p,music-h,music,38,50995
association,rlens_16p,music-h,music,45,4293
association,rlens_16p,music-h,music,52,2766
association,rlens_64p,music-h,music,8,118667
association,rlens_64p,music-h,music,15,101928
association,rlens_64p,music-h,music,22,41500
association,rlens_64p,music-h,music,30,152640
association,rlens_64p,music-h,music,38,39027
association,rlens_64p,music-h,music,45,5499
association,rlens_64p,music-h,music,52,4414
association,jpp_64p,music-h,music,8,60856
association,jpp_64p,music-h,music,15,142328
association,jpp_64p,music-h,music,22,73548
association,jpp_64p,music-h,music,30,174942
association,jpp_64p,music-h,music,38,9847
association,jpp_64p,music-h,music,45,15695
association,jpp_64p,music-h,music,52,4404
association,logit,math-h,math,8,16477
association,logit,math-h,math,15,16119
association,logit,math-h,math,22,19950
association,logit,math-h,math,30,10150
association,logit,math-h,math,38,8834
association,logit,math-h,math,45,9690
association,logit,math-h,math,52,20569
association,jlens_16p,math-h,math,8,252
association,jlens_16p,math-h,math,15,248769
association,jlens_16p,math-h,math,22,248307
association,jlens_16p,math-h,math,30,22573
association,jlens_16p,math-h,math,38,987
association,jlens_16p,math-h,math,45,20366
association,jlens_16p,math-h,math,52,25199
association,rlens_16p,math-h,math,8,27843
association,rlens_16p,math-h,math,15,19035
association,rlens_16p,math-h,math,22,19745
association,rlens_16p,math-h,math,30,9937
association,rlens_16p,math-h,math,38,855
association,rlens_16p,math-h,math,45,2576
association,rlens_16p,math-h,math,52,14960
association,rlens_64p,math-h,math,8,32816
association,rlens_64p,math-h,math,15,19917
association,rlens_64p,math-h,math,22,16544
association,rlens_64p,math-h,math,30,11138
association,rlens_64p,math-h,math,38,803
association,rlens_64p,math-h,math,45,2292
association,rlens_64p,math-h,math,52,17822
association,jpp_64p,math-h,math,8,875
association,jpp_64p,math-h,math,15,7408
association,jpp_64p,math-h,math,22,14319
association,jpp_64p,math-h,math,30,393
association,jpp_64p,math-h,math,38,8
association,jpp_64p,math-h,math,45,164
association,jpp_64p,math-h,math,52,5030
association,logit,science-h,science,8,12302
association,logit,science-h,science,15,6475
association,logit,science-h,science,22,15341
association,logit,science-h,science,30,10137
association,logit,science-h,science,38,6355
association,logit,science-h,science,45,205
association,logit,science-h,science,52,131
association,jlens_16p,science-h,science,8,63562
association,jlens_16p,science-h,science,15,88524
association,jlens_16p,science-h,science,22,88964
association,jlens_16p,science-h,science,30,12977
association,jlens_16p,science-h,science,38,11337
association,jlens_16p,science-h,science,45,4656
association,jlens_16p,science-h,science,52,380
association,rlens_16p,science-h,science,8,89853
association,rlens_16p,science-h,science,15,52317
association,rlens_16p,science-h,science,22,5997
association,rlens_16p,science-h,science,30,3089
association,rlens_16p,science-h,science,38,214
association,rlens_16p,science-h,science,45,216
association,rlens_16p,science-h,science,52,160
association,rlens_64p,science-h,science,8,103924
association,rlens_64p,science-h,science,15,56952
association,rlens_64p,science-h,science,22,6390
association,rlens_64p,science-h,science,30,5052
association,rlens_64p,science-h,science,38,350
association,rlens_64p,science-h,science,45,274
association,rlens_64p,science-h,science,52,144
association,jpp_64p,science-h,science,8,167500
association,jpp_64p,science-h,science,15,116169
association,jpp_64p,science-h,science,22,20888
association,jpp_64p,science-h,science,30,3261
association,jpp_64p,science-h,science,38,14
association,jpp_64p,science-h,science,45,136
association,jpp_64p,science-h,science,52,151
association,logit,law-h,law,8,2419
association,logit,law-h,law,15,2545
association,logit,law-h,law,22,6560
association,logit,law-h,law,30,12443
association,logit,law-h,law,38,10784
association,logit,law-h,law,45,12107
association,logit,law-h,law,52,660
association,jlens_16p,law-h,law,8,50878
association,jlens_16p,law-h,law,15,122514
association,jlens_16p,law-h,law,22,122443
association,jlens_16p,law-h,law,30,371
association,jlens_16p,law-h,law,38,680
association,jlens_16p,law-h,law,45,4964
association,jlens_16p,law-h,law,52,23756
association,rlens_16p,law-h,law,8,9866
association,rlens_16p,law-h,law,15,5647
association,rlens_16p,law-h,law,22,9485
association,rlens_16p,law-h,law,30,7619
association,rlens_16p,law-h,law,38,13235
association,rlens_16p,law-h,law,45,4608
association,rlens_16p,law-h,law,52,4643
association,rlens_64p,law-h,law,8,14027
association,rlens_64p,law-h,law,15,7296
association,rlens_64p,law-h,law,22,10648
association,rlens_64p,law-h,law,30,5676
association,rlens_64p,law-h,law,38,10972
association,rlens_64p,law-h,law,45,3604
association,rlens_64p,law-h,law,52,3840
association,jpp_64p,law-h,law,8,76008
association,jpp_64p,law-h,law,15,17539
association,jpp_64p,law-h,law,22,17122
association,jpp_64p,law-h,law,30,7169
association,jpp_64p,law-h,law,38,2046
association,jpp_64p,law-h,law,45,2726
association,jpp_64p,law-h,law,52,2749
association,logit,film-h,film,8,64148
association,logit,film-h,film,15,75186
association,logit,film-h,film,22,39531
association,logit,film-h,film,30,11092
association,logit,film-h,film,38,2914
association,logit,film-h,film,45,1563
association,logit,film-h,film,52,14873
association,jlens_16p,film-h,film,8,10983
association,jlens_16p,film-h,film,15,228423
association,jlens_16p,film-h,film,22,229670
association,jlens_16p,film-h,film,30,67483
association,jlens_16p,film-h,film,38,16433
association,jlens_16p,film-h,film,45,8224
association,jlens_16p,film-h,film,52,3986
association,rlens_16p,film-h,film,8,91854
association,rlens_16p,film-h,film,15,39457
association,rlens_16p,film-h,film,22,17579
association,rlens_16p,film-h,film,30,88394
association,rlens_16p,film-h,film,38,5858
association,rlens_16p,film-h,film,45,2751
association,rlens_16p,film-h,film,52,349
association,rlens_64p,film-h,film,8,96464
association,rlens_64p,film-h,film,15,41284
association,rlens_64p,film-h,film,22,17279
association,rlens_64p,film-h,film,30,73401
association,rlens_64p,film-h,film,38,2272
association,rlens_64p,film-h,film,45,3012
association,rlens_64p,film-h,film,52,370
association,jpp_64p,film-h,film,8,78540
association,jpp_64p,film-h,film,15,82864
association,jpp_64p,film-h,film,22,40175
association,jpp_64p,film-h,film,30,39044
association,jpp_64p,film-h,film,38,1343
association,jpp_64p,film-h,film,45,10263
association,jpp_64p,film-h,film,52,169
association,logit,code-h,code,8,13219
association,logit,code-h,code,15,20046
association,logit,code-h,code,22,37723
association,logit,code-h,code,30,493
association,logit,code-h,code,38,2950
association,logit,code-h,code,45,3639
association,logit,code-h,code,52,13872
association,jlens_16p,code-h,code,8,31321
association,jlens_16p,code-h,code,15,141675
association,jlens_16p,code-h,code,22,138341
association,jlens_16p,code-h,code,30,9210
association,jlens_16p,code-h,code,38,16186
association,jlens_16p,code-h,code,45,11198
association,jlens_16p,code-h,code,52,55813
association,rlens_16p,code-h,code,8,25825
association,rlens_16p,code-h,code,15,23134
association,rlens_16p,code-h,code,22,28860
association,rlens_16p,code-h,code,30,31000
association,rlens_16p,code-h,code,38,36441
association,rlens_16p,code-h,code,45,8754
association,rlens_16p,code-h,code,52,61682
association,rlens_64p,code-h,code,8,36576
association,rlens_64p,code-h,code,15,36200
association,rlens_64p,code-h,code,22,38828
association,rlens_64p,code-h,code,30,32923
association,rlens_64p,code-h,code,38,27679
association,rlens_64p,code-h,code,45,9312
association,rlens_64p,code-h,code,52,77669
association,jpp_64p,code-h,code,8,12602
association,jpp_64p,code-h,code,15,109538
association,jpp_64p,code-h,code,22,132552
association,jpp_64p,code-h,code,30,10089
association,jpp_64p,code-h,code,38,19703
association,jpp_64p,code-h,code,45,2140
association,jpp_64p,code-h,code,52,61294
association,logit,news-h,news,8,172
association,logit,news-h,news,15,359
association,logit,news-h,news,22,877
association,logit,news-h,news,30,2244
association,logit,news-h,news,38,684
association,logit,news-h,news,45,190
association,logit,news-h,news,52,25649
association,jlens_16p,news-h,news,8,67872
association,jlens_16p,news-h,news,15,108850
association,jlens_16p,news-h,news,22,107308
association,jlens_16p,news-h,news,30,38238
association,jlens_16p,news-h,news,38,7605
association,jlens_16p,news-h,news,45,3988
association,jlens_16p,news-h,news,52,12517
association,rlens_16p,news-h,news,8,96327
association,rlens_16p,news-h,news,15,48980
association,rlens_16p,news-h,news,22,3151
association,rlens_16p,news-h,news,30,8410
association,rlens_16p,news-h,news,38,194
association,rlens_16p,news-h,news,45,146
association,rlens_16p,news-h,news,52,11044
association,rlens_64p,news-h,news,8,96566
association,rlens_64p,news-h,news,15,53130
association,rlens_64p,news-h,news,22,3059
association,rlens_64p,news-h,news,30,11885
association,rlens_64p,news-h,news,38,158
association,rlens_64p,news-h,news,45,314
association,rlens_64p,news-h,news,52,9257
association,jpp_64p,news-h,news,8,77689
association,jpp_64p,news-h,news,15,54024
association,jpp_64p,news-h,news,22,5778
association,jpp_64p,news-h,news,30,2534
association,jpp_64p,news-h,news,38,15
association,jpp_64p,news-h,news,45,355
association,jpp_64p,news-h,news,52,7587
association,logit,night-h,night,8,1255
association,logit,night-h,night,15,1198
association,logit,night-h,night,22,13765
association,logit,night-h,night,30,6027
association,logit,night-h,night,38,119
association,logit,night-h,night,45,21
association,logit,night-h,night,52,1032
association,jlens_16p,night-h,night,8,25225
association,jlens_16p,night-h,night,15,78517
association,jlens_16p,night-h,night,22,79622
association,jlens_16p,night-h,night,30,26887
association,jlens_16p,night-h,night,38,3329
association,jlens_16p,night-h,night,45,27
association,jlens_16p,night-h,night,52,55
association,rlens_16p,night-h,night,8,3278
association,rlens_16p,night-h,night,15,3003
association,rlens_16p,night-h,night,22,74
association,rlens_16p,night-h,night,30,177
association,rlens_16p,night-h,night,38,8
association,rlens_16p,night-h,night,45,14
association,rlens_16p,night-h,night,52,57
association,rlens_64p,night-h,night,8,3093
association,rlens_64p,night-h,night,15,2666
association,rlens_64p,night-h,night,22,65
association,rlens_64p,night-h,night,30,97
association,rlens_64p,night-h,night,38,4
association,rlens_64p,night-h,night,45,12
association,rlens_64p,night-h,night,52,58
association,jpp_64p,night-h,night,8,24236
association,jpp_64p,night-h,night,15,13574
association,jpp_64p,night-h,night,22,82
association,jpp_64p,night-h,night,30,165
association,jpp_64p,night-h,night,38,1
association,jpp_64p,night-h,night,45,7
association,jpp_64p,night-h,night,52,65
association,logit,past-h,past,8,737
association,logit,past-h,past,15,1730
association,logit,past-h,past,22,16737
association,logit,past-h,past,30,26467
association,logit,past-h,past,38,18156
association,logit,past-h,past,45,3761
association,logit,past-h,past,52,51129
association,jlens_16p,past-h,past,8,153865
association,jlens_16p,past-h,past,15,65616
association,jlens_16p,past-h,past,22,64804
association,jlens_16p,past-h,past,30,203992
association,jlens_16p,past-h,past,38,194547
association,jlens_16p,past-h,past,45,25908
association,jlens_16p,past-h,past,52,11521
association,rlens_16p,past-h,past,8,162902
association,rlens_16p,past-h,past,15,173134
association,rlens_16p,past-h,past,22,156797
association,rlens_16p,past-h,past,30,193277
association,rlens_16p,past-h,past,38,51293
association,rlens_16p,past-h,past,45,52420
association,rlens_16p,past-h,past,52,51394
association,rlens_64p,past-h,past,8,159453
association,rlens_64p,past-h,past,15,172746
association,rlens_64p,past-h,past,22,157308
association,rlens_64p,past-h,past,30,193777
association,rlens_64p,past-h,past,38,43254
association,rlens_64p,past-h,past,45,33483
association,rlens_64p,past-h,past,52,51485
association,jpp_64p,past-h,past,8,97202
association,jpp_64p,past-h,past,15,199976
association,jpp_64p,past-h,past,22,191258
association,jpp_64p,past-h,past,30,103930
association,jpp_64p,past-h,past,38,84004
association,jpp_64p,past-h,past,45,38085
association,jpp_64p,past-h,past,52,56873
association,logit,future-h,future,8,3683
association,logit,future-h,future,15,6523
association,logit,future-h,future,22,10260
association,logit,future-h,future,30,26117
association,logit,future-h,future,38,26942
association,logit,future-h,future,45,10407
association,logit,future-h,future,52,30846
association,jlens_16p,future-h,future,8,97200
association,jlens_16p,future-h,future,15,78215
association,jlens_16p,future-h,future,22,78557
association,jlens_16p,future-h,future,30,239771
association,jlens_16p,future-h,future,38,208178
association,jlens_16p,future-h,future,45,97668
association,jlens_16p,future-h,future,52,115151
association,rlens_16p,future-h,future,8,171264
association,rlens_16p,future-h,future,15,168338
association,rlens_16p,future-h,future,22,145903
association,rlens_16p,future-h,future,30,206990
association,rlens_16p,future-h,future,38,136651
association,rlens_16p,future-h,future,45,173196
association,rlens_16p,future-h,future,52,121896
association,rlens_64p,future-h,future,8,172315
association,rlens_64p,future-h,future,15,169968
association,rlens_64p,future-h,future,22,146543
association,rlens_64p,future-h,future,30,197509
association,rlens_64p,future-h,future,38,120730
association,rlens_64p,future-h,future,45,175161
association,rlens_64p,future-h,future,52,127649
association,jpp_64p,future-h,future,8,96132
association,jpp_64p,future-h,future,15,175639
association,jpp_64p,future-h,future,22,163294
association,jpp_64p,future-h,future,30,131159
association,jpp_64p,future-h,future,38,58677
association,jpp_64p,future-h,future,45,88010
association,jpp_64p,future-h,future,52,108967
association,logit,race-h,race,8,1599
association,logit,race-h,race,15,1276
association,logit,race-h,race,22,4110
association,logit,race-h,race,30,26431
association,logit,race-h,race,38,2488
association,logit,race-h,race,45,2022
association,logit,race-h,race,52,26762
association,jlens_16p,race-h,race,8,51166
association,jlens_16p,race-h,race,15,136470
association,jlens_16p,race-h,race,22,124481
association,jlens_16p,race-h,race,30,60980
association,jlens_16p,race-h,race,38,24939
association,jlens_16p,race-h,race,45,14744
association,jlens_16p,race-h,race,52,36431
association,rlens_16p,race-h,race,8,55671
association,rlens_16p,race-h,race,15,30706
association,rlens_16p,race-h,race,22,18974
association,rlens_16p,race-h,race,30,28956
association,rlens_16p,race-h,race,38,1930
association,rlens_16p,race-h,race,45,1949
association,rlens_16p,race-h,race,52,21665
association,rlens_64p,race-h,race,8,68095
association,rlens_64p,race-h,race,15,38755
association,rlens_64p,race-h,race,22,20000
association,rlens_64p,race-h,race,30,27646
association,rlens_64p,race-h,race,38,2478
association,rlens_64p,race-h,race,45,2839
association,rlens_64p,race-h,race,52,25302
association,jpp_64p,race-h,race,8,6695
association,jpp_64p,race-h,race,15,7912
association,jpp_64p,race-h,race,22,15521
association,jpp_64p,race-h,race,30,6076
association,jpp_64p,race-h,race,38,189
association,jpp_64p,race-h,race,45,974
association,jpp_64p,race-h,race,52,20388
association,logit,game-h,game,8,48573
association,logit,game-h,game,15,106303
association,logit,game-h,game,22,137653
association,logit,game-h,game,30,23561
association,logit,game-h,game,38,13488
association,logit,game-h,game,45,991
association,logit,game-h,game,52,8305
association,jlens_16p,game-h,game,8,4523
association,jlens_16p,game-h,game,15,118901
association,jlens_16p,game-h,game,22,4697
association,jlens_16p,game-h,game,30,85333
association,jlens_16p,game-h,game,38,92126
association,jlens_16p,game-h,game,45,94759
association,jlens_16p,game-h,game,52,39043
association,rlens_16p,game-h,game,8,46625
association,rlens_16p,game-h,game,15,59403
association,rlens_16p,game-h,game,22,37497
association,rlens_16p,game-h,game,30,120450
association,rlens_16p,game-h,game,38,136050
association,rlens_16p,game-h,game,45,66459
association,rlens_16p,game-h,game,52,47479
association,rlens_64p,game-h,game,8,26165
association,rlens_64p,game-h,game,15,41999
association,rlens_64p,game-h,game,22,19264
association,rlens_64p,game-h,game,30,92786
association,rlens_64p,game-h,game,38,80087
association,rlens_64p,game-h,game,45,44198
association,rlens_64p,game-h,game,52,49709
association,jpp_64p,game-h,game,8,13646
association,jpp_64p,game-h,game,15,25252
association,jpp_64p,game-h,game,22,20116
association,jpp_64p,game-h,game,30,12616
association,jpp_64p,game-h,game,38,23596
association,jpp_64p,game-h,game,45,3530
association,jpp_64p,game-h,game,52,13622
association,logit,test-h,test,8,22025
association,logit,test-h,test,15,34803
association,logit,test-h,test,22,18274
association,logit,test-h,test,30,105849
association,logit,test-h,test,38,35610
association,logit,test-h,test,45,88806
association,logit,test-h,test,52,69771
association,jlens_16p,test-h,test,8,11040
association,jlens_16p,test-h,test,15,176337
association,jlens_16p,test-h,test,22,176613
association,jlens_16p,test-h,test,30,19315
association,jlens_16p,test-h,test,38,62270
association,jlens_16p,test-h,test,45,191341
association,jlens_16p,test-h,test,52,60702
association,rlens_16p,test-h,test,8,106915
association,rlens_16p,test-h,test,15,88962
association,rlens_16p,test-h,test,22,63399
association,rlens_16p,test-h,test,30,116109
association,rlens_16p,test-h,test,38,95141
association,rlens_16p,test-h,test,45,114293
association,rlens_16p,test-h,test,52,76231
association,rlens_64p,test-h,test,8,114071
association,rlens_64p,test-h,test,15,80955
association,rlens_64p,test-h,test,22,47897
association,rlens_64p,test-h,test,30,112064
association,rlens_64p,test-h,test,38,119210
association,rlens_64p,test-h,test,45,129851
association,rlens_64p,test-h,test,52,74914
association,jpp_64p,test-h,test,8,179333
association,jpp_64p,test-h,test,15,173314
association,jpp_64p,test-h,test,22,89715
association,jpp_64p,test-h,test,30,99545
association,jpp_64p,test-h,test,38,93816
association,jpp_64p,test-h,test,45,157870
association,jpp_64p,test-h,test,52,78888
association,logit,search-h,search,8,1052
association,logit,search-h,search,15,901
association,logit,search-h,search,22,3893
association,logit,search-h,search,30,3525
association,logit,search-h,search,38,3118
association,logit,search-h,search,45,3013
association,logit,search-h,search,52,52949
association,jlens_16p,search-h,search,8,96693
association,jlens_16p,search-h,search,15,100470
association,jlens_16p,search-h,search,22,101098
association,jlens_16p,search-h,search,30,133251
association,jlens_16p,search-h,search,38,21823
association,jlens_16p,search-h,search,45,16249
association,jlens_16p,search-h,search,52,65277
association,rlens_16p,search-h,search,8,129098
association,rlens_16p,search-h,search,15,110082
association,rlens_16p,search-h,search,22,65267
association,rlens_16p,search-h,search,30,162783
association,rlens_16p,search-h,search,38,71442
association,rlens_16p,search-h,search,45,20790
association,rlens_16p,search-h,search,52,34609
association,rlens_64p,search-h,search,8,126221
association,rlens_64p,search-h,search,15,112205
association,rlens_64p,search-h,search,22,66803
association,rlens_64p,search-h,search,30,183124
association,rlens_64p,search-h,search,38,82730
association,rlens_64p,search-h,search,45,17950
association,rlens_64p,search-h,search,52,40052
association,jpp_64p,search-h,search,8,146387
association,jpp_64p,search-h,search,15,198385
association,jpp_64p,search-h,search,22,129194
association,jpp_64p,search-h,search,30,163705
association,jpp_64p,search-h,search,38,43012
association,jpp_64p,search-h,search,45,36686
association,jpp_64p,search-h,search,52,46366
association,logit,free-h,free,8,1164
association,logit,free-h,free,15,7111
association,logit,free-h,free,22,16034
association,logit,free-h,free,30,12304
association,logit,free-h,free,38,1111
association,logit,free-h,free,45,910
association,logit,free-h,free,52,45791
association,jlens_16p,free-h,free,8,146135
association,jlens_16p,free-h,free,15,31641
association,jlens_16p,free-h,free,22,30221
association,jlens_16p,free-h,free,30,26336
association,jlens_16p,free-h,free,38,36678
association,jlens_16p,free-h,free,45,681
association,jlens_16p,free-h,free,52,521
association,rlens_16p,free-h,free,8,105419
association,rlens_16p,free-h,free,15,40694
association,rlens_16p,free-h,free,22,8939
association,rlens_16p,free-h,free,30,7257
association,rlens_16p,free-h,free,38,4369
association,rlens_16p,free-h,free,45,360
association,rlens_16p,free-h,free,52,1922
association,rlens_64p,free-h,free,8,112300
association,rlens_64p,free-h,free,15,49920
association,rlens_64p,free-h,free,22,13435
association,rlens_64p,free-h,free,30,13387
association,rlens_64p,free-h,free,38,5583
association,rlens_64p,free-h,free,45,327
association,rlens_64p,free-h,free,52,2408
association,jpp_64p,free-h,free,8,132123
association,jpp_64p,free-h,free,15,96585
association,jpp_64p,free-h,free,22,35400
association,jpp_64p,free-h,free,30,14780
association,jpp_64p,free-h,free,38,1359
association,jpp_64p,free-h,free,45,116
association,jpp_64p,free-h,free,52,1368
association,logit,found-h,found,8,19715
association,logit,found-h,found,15,46175
association,logit,found-h,found,22,35566
association,logit,found-h,found,30,3062
association,logit,found-h,found,38,726
association,logit,found-h,found,45,10
association,logit,found-h,found,52,1
association,jlens_16p,found-h,found,8,55390
association,jlens_16p,found-h,found,15,131843
association,jlens_16p,found-h,found,22,132722
association,jlens_16p,found-h,found,30,3045
association,jlens_16p,found-h,found,38,4518
association,jlens_16p,found-h,found,45,60
association,jlens_16p,found-h,found,52,7
association,rlens_16p,found-h,found,8,106595
association,rlens_16p,found-h,found,15,109879
association,rlens_16p,found-h,found,22,101311
association,rlens_16p,found-h,found,30,13218
association,rlens_16p,found-h,found,38,21197
association,rlens_16p,found-h,found,45,943
association,rlens_16p,found-h,found,52,2
association,rlens_64p,found-h,found,8,130963
association,rlens_64p,found-h,found,15,125101
association,rlens_64p,found-h,found,22,108189
association,rlens_64p,found-h,found,30,16410
association,rlens_64p,found-h,found,38,25728
association,rlens_64p,found-h,found,45,922
association,rlens_64p,found-h,found,52,2
association,jpp_64p,found-h,found,8,68327
association,jpp_64p,found-h,found,15,77643
association,jpp_64p,found-h,found,22,37652
association,jpp_64p,found-h,found,30,5052
association,jpp_64p,found-h,found,38,827
association,jpp_64p,found-h,found,45,185
association,jpp_64p,found-h,found,52,3
association,logit,king-h,king,8,821
association,logit,king-h,king,15,163
association,logit,king-h,king,22,375
association,logit,king-h,king,30,18420
association,logit,king-h,king,38,32718
association,logit,king-h,king,45,39736
association,logit,king-h,king,52,1108
association,jlens_16p,king-h,king,8,69432
association,jlens_16p,king-h,king,15,74040
association,jlens_16p,king-h,king,22,73556
association,jlens_16p,king-h,king,30,64321
association,jlens_16p,king-h,king,38,141539
association,jlens_16p,king-h,king,45,27969
association,jlens_16p,king-h,king,52,621
association,rlens_16p,king-h,king,8,169174
association,rlens_16p,king-h,king,15,122359
association,rlens_16p,king-h,king,22,103261
association,rlens_16p,king-h,king,30,96799
association,rlens_16p,king-h,king,38,33986
association,rlens_16p,king-h,king,45,12361
association,rlens_16p,king-h,king,52,155
association,rlens_64p,king-h,king,8,162639
association,rlens_64p,king-h,king,15,113862
association,rlens_64p,king-h,king,22,93923
association,rlens_64p,king-h,king,30,100888
association,rlens_64p,king-h,king,38,37922
association,rlens_64p,king-h,king,45,13234
association,rlens_64p,king-h,king,52,127
association,jpp_64p,king-h,king,8,87217
association,jpp_64p,king-h,king,15,182253
association,jpp_64p,king-h,king,22,170124
association,jpp_64p,king-h,king,30,32696
association,jpp_64p,king-h,king,38,52456
association,jpp_64p,king-h,king,45,11354
association,jpp_64p,king-h,king,52,72
association,logit,child-h,child,8,2219
association,logit,child-h,child,15,1289
association,logit,child-h,child,22,5408
association,logit,child-h,child,30,409
association,logit,child-h,child,38,1215
association,logit,child-h,child,45,2456
association,logit,child-h,child,52,83271
association,jlens_16p,child-h,child,8,180705
association,jlens_16p,child-h,child,15,26860
association,jlens_16p,child-h,child,22,27378
association,jlens_16p,child-h,child,30,118146
association,jlens_16p,child-h,child,38,25778
association,jlens_16p,child-h,child,45,31683
association,jlens_16p,child-h,child,52,126367
association,rlens_16p,child-h,child,8,83000
association,rlens_16p,child-h,child,15,73174
association,rlens_16p,child-h,child,22,93123
association,rlens_16p,child-h,child,30,40440
association,rlens_16p,child-h,child,38,11728
association,rlens_16p,child-h,child,45,33398
association,rlens_16p,child-h,child,52,125490
association,rlens_64p,child-h,child,8,109981
association,rlens_64p,child-h,child,15,91516
association,rlens_64p,child-h,child,22,121216
association,rlens_64p,child-h,child,30,53880
association,rlens_64p,child-h,child,38,17808
association,rlens_64p,child-h,child,45,26480
association,rlens_64p,child-h,child,52,127417
association,jpp_64p,child-h,child,8,171685
association,jpp_64p,child-h,child,15,165231
association,jpp_64p,child-h,child,22,218610
association,jpp_64p,child-h,child,30,57343
association,jpp_64p,child-h,child,38,2516
association,jpp_64p,child-h,child,45,5321
association,jpp_64p,child-h,child,52,84008
association,logit,air-h,air,8,4572
association,logit,air-h,air,15,5235
association,logit,air-h,air,22,11522
association,logit,air-h,air,30,2373
association,logit,air-h,air,38,24569
association,logit,air-h,air,45,12241
association,logit,air-h,air,52,50835
association,jlens_16p,air-h,air,8,114277
association,jlens_16p,air-h,air,15,28502
association,jlens_16p,air-h,air,22,28706
association,jlens_16p,air-h,air,30,107540
association,jlens_16p,air-h,air,38,48523
association,jlens_16p,air-h,air,45,1156
association,jlens_16p,air-h,air,52,344
association,rlens_16p,air-h,air,8,128452
association,rlens_16p,air-h,air,15,122212
association,rlens_16p,air-h,air,22,70079
association,rlens_16p,air-h,air,30,103411
association,rlens_16p,air-h,air,38,88089
association,rlens_16p,air-h,air,45,1429
association,rlens_16p,air-h,air,52,239
association,rlens_64p,air-h,air,8,141864
association,rlens_64p,air-h,air,15,135018
association,rlens_64p,air-h,air,22,83557
association,rlens_64p,air-h,air,30,118162
association,rlens_64p,air-h,air,38,79629
association,rlens_64p,air-h,air,45,1175
association,rlens_64p,air-h,air,52,288
association,jpp_64p,air-h,air,8,137454
association,jpp_64p,air-h,air,15,132773
association,jpp_64p,air-h,air,22,93887
association,jpp_64p,air-h,air,30,60654
association,jpp_64p,air-h,air,38,23566
association,jpp_64p,air-h,air,45,267
association,jpp_64p,air-h,air,52,190
association,logit,france-h,France,8,19990
association,logit,france-h,France,15,13549
association,logit,france-h,France,22,17603
association,logit,france-h,France,30,17012
association,logit,france-h,France,38,25314
association,logit,france-h,France,45,7639
association,logit,france-h,France,52,57698
association,jlens_16p,france-h,France,8,137249
association,jlens_16p,france-h,France,15,29621
association,jlens_16p,france-h,France,22,138528
association,jlens_16p,france-h,France,30,11318
association,jlens_16p,france-h,France,38,7287
association,jlens_16p,france-h,France,45,1031
association,jlens_16p,france-h,France,52,39693
association,rlens_16p,france-h,France,8,17080
association,rlens_16p,france-h,France,15,16081
association,rlens_16p,france-h,France,22,22787
association,rlens_16p,france-h,France,30,30346
association,rlens_16p,france-h,France,38,16332
association,rlens_16p,france-h,France,45,2572
association,rlens_16p,france-h,France,52,56527
association,rlens_64p,france-h,France,8,15197
association,rlens_64p,france-h,France,15,16769
association,rlens_64p,france-h,France,22,34368
association,rlens_64p,france-h,France,30,35611
association,rlens_64p,france-h,France,38,24202
association,rlens_64p,france-h,France,45,4426
association,rlens_64p,france-h,France,52,58737
association,jpp_64p,france-h,France,8,11556
association,jpp_64p,france-h,France,15,6583
association,jpp_64p,france-h,France,22,25876
association,jpp_64p,france-h,France,30,25233
association,jpp_64p,france-h,France,38,6600
association,jpp_64p,france-h,France,45,4200
association,jpp_64p,france-h,France,52,52369
association,logit,china-h,China,8,4442
association,logit,china-h,China,15,12525
association,logit,china-h,China,22,23270
association,logit,china-h,China,30,21705
association,logit,china-h,China,38,87134
association,logit,china-h,China,45,15757
association,logit,china-h,China,52,52516
association,jlens_16p,china-h,China,8,149924
association,jlens_16p,china-h,China,15,6223
association,jlens_16p,china-h,China,22,6009
association,jlens_16p,china-h,China,30,11489
association,jlens_16p,china-h,China,38,48683
association,jlens_16p,china-h,China,45,69740
association,jlens_16p,china-h,China,52,91246
association,rlens_16p,china-h,China,8,30934
association,rlens_16p,china-h,China,15,30709
association,rlens_16p,china-h,China,22,67632
association,rlens_16p,china-h,China,30,184478
association,rlens_16p,china-h,China,38,115730
association,rlens_16p,china-h,China,45,19897
association,rlens_16p,china-h,China,52,30939
association,rlens_64p,china-h,China,8,28200
association,rlens_64p,china-h,China,15,22307
association,rlens_64p,china-h,China,22,54850
association,rlens_64p,china-h,China,30,167611
association,rlens_64p,china-h,China,38,130372
association,rlens_64p,china-h,China,45,21719
association,rlens_64p,china-h,China,52,23553
association,jpp_64p,china-h,China,8,9806
association,jpp_64p,china-h,China,15,20571
association,jpp_64p,china-h,China,22,44383
association,jpp_64p,china-h,China,30,105921
association,jpp_64p,china-h,China,38,111185
association,jpp_64p,china-h,China,45,8043
association,jpp_64p,china-h,China,52,7449
association,logit,london-h,London,8,1473
association,logit,london-h,London,15,1289
association,logit,london-h,London,22,13372
association,logit,london-h,London,30,2287
association,logit,london-h,London,38,8540
association,logit,london-h,London,45,36739
association,logit,london-h,London,52,24497
association,jlens_16p,london-h,London,8,25012
association,jlens_16p,london-h,London,15,116701
association,jlens_16p,london-h,London,22,114847
association,jlens_16p,london-h,London,30,47369
association,jlens_16p,london-h,London,38,7915
association,jlens_16p,london-h,London,45,7686
association,jlens_16p,london-h,London,52,21463
association,rlens_16p,london-h,London,8,54354
association,rlens_16p,london-h,London,15,78797
association,rlens_16p,london-h,London,22,93007
association,rlens_16p,london-h,London,30,133528
association,rlens_16p,london-h,London,38,62326
association,rlens_16p,london-h,London,45,80400
association,rlens_16p,london-h,London,52,98017
association,rlens_64p,london-h,London,8,68933
association,rlens_64p,london-h,London,15,69429
association,rlens_64p,london-h,London,22,67657
association,rlens_64p,london-h,London,30,150834
association,rlens_64p,london-h,London,38,89117
association,rlens_64p,london-h,London,45,94355
association,rlens_64p,london-h,London,52,89119
association,jpp_64p,london-h,London,8,127964
association,jpp_64p,london-h,London,15,92149
association,jpp_64p,london-h,London,22,106190
association,jpp_64p,london-h,London,30,106488
association,jpp_64p,london-h,London,38,15399
association,jpp_64p,london-h,London,45,96148
association,jpp_64p,london-h,London,52,91922
association,logit,book-h,book,8,902
association,logit,book-h,book,15,1083
association,logit,book-h,book,22,2870
association,logit,book-h,book,30,16546
association,logit,book-h,book,38,5644
association,logit,book-h,book,45,980
association,logit,book-h,book,52,60452
association,jlens_16p,book-h,book,8,150250
association,jlens_16p,book-h,book,15,30414
association,jlens_16p,book-h,book,22,30885
association,jlens_16p,book-h,book,30,20779
association,jlens_16p,book-h,book,38,14430
association,jlens_16p,book-h,book,45,14589
association,jlens_16p,book-h,book,52,53706
association,rlens_16p,book-h,book,8,51923
association,rlens_16p,book-h,book,15,68527
association,rlens_16p,book-h,book,22,57995
association,rlens_16p,book-h,book,30,104800
association,rlens_16p,book-h,book,38,28691
association,rlens_16p,book-h,book,45,1769
association,rlens_16p,book-h,book,52,30863
association,rlens_64p,book-h,book,8,62800
association,rlens_64p,book-h,book,15,74712
association,rlens_64p,book-h,book,22,71597
association,rlens_64p,book-h,book,30,106740
association,rlens_64p,book-h,book,38,23799
association,rlens_64p,book-h,book,45,1945
association,rlens_64p,book-h,book,52,28546
association,jpp_64p,book-h,book,8,70633
association,jpp_64p,book-h,book,15,55172
association,jpp_64p,book-h,book,22,79907
association,jpp_64p,book-h,book,30,51203
association,jpp_64p,book-h,book,38,14199
association,jpp_64p,book-h,book,45,2842
association,jpp_64p,book-h,book,52,30849
association,logit,time-h,time,8,1280
association,logit,time-h,time,15,5515
association,logit,time-h,time,22,13946
association,logit,time-h,time,30,18002
association,logit,time-h,time,38,1629
association,logit,time-h,time,45,523
association,logit,time-h,time,52,1353
association,jlens_16p,time-h,time,8,29799
association,jlens_16p,time-h,time,15,65669
association,jlens_16p,time-h,time,22,65212
association,jlens_16p,time-h,time,30,14356
association,jlens_16p,time-h,time,38,61937
association,jlens_16p,time-h,time,45,22699
association,jlens_16p,time-h,time,52,4029
association,rlens_16p,time-h,time,8,71979
association,rlens_16p,time-h,time,15,24797
association,rlens_16p,time-h,time,22,5623
association,rlens_16p,time-h,time,30,25481
association,rlens_16p,time-h,time,38,14538
association,rlens_16p,time-h,time,45,22994
association,rlens_16p,time-h,time,52,6997
association,rlens_64p,time-h,time,8,83455
association,rlens_64p,time-h,time,15,36330
association,rlens_64p,time-h,time,22,11185
association,rlens_64p,time-h,time,30,33678
association,rlens_64p,time-h,time,38,19106
association,rlens_64p,time-h,time,45,27072
association,rlens_64p,time-h,time,52,9822
association,jpp_64p,time-h,time,8,66865
association,jpp_64p,time-h,time,15,64618
association,jpp_64p,time-h,time,22,14917
association,jpp_64p,time-h,time,30,18043
association,jpp_64p,time-h,time,38,2465
association,jpp_64p,time-h,time,45,4903
association,jpp_64p,time-h,time,52,1146
association,logit,fr-ecole,école,8,5415
association,logit,fr-ecole,école,15,12793
association,logit,fr-ecole,école,22,57424
association,logit,fr-ecole,école,30,4329
association,logit,fr-ecole,école,38,10619
association,logit,fr-ecole,école,45,2610
association,logit,fr-ecole,école,52,9400
association,jlens_16p,fr-ecole,école,8,25154
association,jlens_16p,fr-ecole,école,15,127120
association,jlens_16p,fr-ecole,école,22,129632
association,jlens_16p,fr-ecole,école,30,42807
association,jlens_16p,fr-ecole,école,38,6545
association,jlens_16p,fr-ecole,école,45,17069
association,jlens_16p,fr-ecole,école,52,1595
association,rlens_16p,fr-ecole,école,8,10243
association,rlens_16p,fr-ecole,école,15,22399
association,rlens_16p,fr-ecole,école,22,20251
association,rlens_16p,fr-ecole,école,30,20553
association,rlens_16p,fr-ecole,école,38,37217
association,rlens_16p,fr-ecole,école,45,13381
association,rlens_16p,fr-ecole,école,52,445
association,rlens_64p,fr-ecole,école,8,13657
association,rlens_64p,fr-ecole,école,15,29861
association,rlens_64p,fr-ecole,école,22,36874
association,rlens_64p,fr-ecole,école,30,33794
association,rlens_64p,fr-ecole,école,38,45811
association,rlens_64p,fr-ecole,école,45,11937
association,rlens_64p,fr-ecole,école,52,341
association,jpp_64p,fr-ecole,école,8,92535
association,jpp_64p,fr-ecole,école,15,79352
association,jpp_64p,fr-ecole,école,22,69100
association,jpp_64p,fr-ecole,école,30,34002
association,jpp_64p,fr-ecole,école,38,85011
association,jpp_64p,fr-ecole,école,45,55139
association,jpp_64p,fr-ecole,école,52,580
association,logit,fr-eglise,église,8,85328
association,logit,fr-eglise,église,15,81963
association,logit,fr-eglise,église,22,67325
association,logit,fr-eglise,église,30,37144
association,logit,fr-eglise,église,38,42627
association,logit,fr-eglise,église,45,12987
association,logit,fr-eglise,église,52,31515
association,jlens_16p,fr-eglise,église,8,30493
association,jlens_16p,fr-eglise,église,15,119310
association,jlens_16p,fr-eglise,église,22,118832
association,jlens_16p,fr-eglise,église,30,75134
association,jlens_16p,fr-eglise,église,38,31974
association,jlens_16p,fr-eglise,église,45,62723
association,jlens_16p,fr-eglise,église,52,123264
association,rlens_16p,fr-eglise,église,8,29941
association,rlens_16p,fr-eglise,église,15,68731
association,rlens_16p,fr-eglise,église,22,63308
association,rlens_16p,fr-eglise,église,30,28662
association,rlens_16p,fr-eglise,église,38,17706
association,rlens_16p,fr-eglise,église,45,73977
association,rlens_16p,fr-eglise,église,52,163290
association,rlens_64p,fr-eglise,église,8,35297
association,rlens_64p,fr-eglise,église,15,79219
association,rlens_64p,fr-eglise,église,22,76651
association,rlens_64p,fr-eglise,église,30,23207
association,rlens_64p,fr-eglise,église,38,12150
association,rlens_64p,fr-eglise,église,45,62834
association,rlens_64p,fr-eglise,église,52,161385
association,jpp_64p,fr-eglise,église,8,32074
association,jpp_64p,fr-eglise,église,15,44632
association,jpp_64p,fr-eglise,église,22,74296
association,jpp_64p,fr-eglise,église,30,99343
association,jpp_64p,fr-eglise,église,38,16705
association,jpp_64p,fr-eglise,église,45,34185
association,jpp_64p,fr-eglise,église,52,176311
association,logit,fr-pere,père,8,61145
association,logit,fr-pere,père,15,60773
association,logit,fr-pere,père,22,24827
association,logit,fr-pere,père,30,67111
association,logit,fr-pere,père,38,185062
association,logit,fr-pere,père,45,167154
association,logit,fr-pere,père,52,136127
association,jlens_16p,fr-pere,père,8,167939
association,jlens_16p,fr-pere,père,15,52348
association,jlens_16p,fr-pere,père,22,53562
association,jlens_16p,fr-pere,père,30,134465
association,jlens_16p,fr-pere,père,38,139626
association,jlens_16p,fr-pere,père,45,156883
association,jlens_16p,fr-pere,père,52,52319
association,rlens_16p,fr-pere,père,8,133322
association,rlens_16p,fr-pere,père,15,186106
association,rlens_16p,fr-pere,père,22,215630
association,rlens_16p,fr-pere,père,30,230349
association,rlens_16p,fr-pere,père,38,179011
association,rlens_16p,fr-pere,père,45,75599
association,rlens_16p,fr-pere,père,52,41304
association,rlens_64p,fr-pere,père,8,125139
association,rlens_64p,fr-pere,père,15,188687
association,rlens_64p,fr-pere,père,22,219523
association,rlens_64p,fr-pere,père,30,233639
association,rlens_64p,fr-pere,père,38,169239
association,rlens_64p,fr-pere,père,45,74108
association,rlens_64p,fr-pere,père,52,39328
association,jpp_64p,fr-pere,père,8,163367
association,jpp_64p,fr-pere,père,15,124843
association,jpp_64p,fr-pere,père,22,232146
association,jpp_64p,fr-pere,père,30,236025
association,jpp_64p,fr-pere,père,38,107355
association,jpp_64p,fr-pere,père,45,35982
association,jpp_64p,fr-pere,père,52,31526
association,logit,de-konig,König,8,68466
association,logit,de-konig,König,15,39302
association,logit,de-konig,König,22,37281
association,logit,de-konig,König,30,192841
association,logit,de-konig,König,38,149729
association,logit,de-konig,König,45,143483
association,logit,de-konig,König,52,53547
association,jlens_16p,de-konig,König,8,18668
association,jlens_16p,de-konig,König,15,234944
association,jlens_16p,de-konig,König,22,235274
association,jlens_16p,de-konig,König,30,89170
association,jlens_16p,de-konig,König,38,103935
association,jlens_16p,de-konig,König,45,64538
association,jlens_16p,de-konig,König,52,27682
association,rlens_16p,de-konig,König,8,178524
association,rlens_16p,de-konig,König,15,189110
association,rlens_16p,de-konig,König,22,165797
association,rlens_16p,de-konig,König,30,178075
association,rlens_16p,de-konig,König,38,190046
association,rlens_16p,de-konig,König,45,62566
association,rlens_16p,de-konig,König,52,8342
association,rlens_64p,de-konig,König,8,170711
association,rlens_64p,de-konig,König,15,183397
association,rlens_64p,de-konig,König,22,170262
association,rlens_64p,de-konig,König,30,167348
association,rlens_64p,de-konig,König,38,176438
association,rlens_64p,de-konig,König,45,71594
association,rlens_64p,de-konig,König,52,10439
association,jpp_64p,de-konig,König,8,101645
association,jpp_64p,de-konig,König,15,214117
association,jpp_64p,de-konig,König,22,197448
association,jpp_64p,de-konig,König,30,172120
association,jpp_64p,de-konig,König,38,67940
association,jpp_64p,de-konig,König,45,27819
association,jpp_64p,de-konig,König,52,11287
association,logit,es-dia,día,8,16227
association,logit,es-dia,día,15,15339
association,logit,es-dia,día,22,18211
association,logit,es-dia,día,30,14251
association,logit,es-dia,día,38,10606
association,logit,es-dia,día,45,23471
association,logit,es-dia,día,52,20541
association,jlens_16p,es-dia,día,8,54458
association,jlens_16p,es-dia,día,15,94760
association,jlens_16p,es-dia,día,22,95612
association,jlens_16p,es-dia,día,30,88009
association,jlens_16p,es-dia,día,38,72123
association,jlens_16p,es-dia,día,45,25268
association,jlens_16p,es-dia,día,52,14067
association,rlens_16p,es-dia,día,8,10784
association,rlens_16p,es-dia,día,15,14043
association,rlens_16p,es-dia,día,22,7579
association,rlens_16p,es-dia,día,30,43188
association,rlens_16p,es-dia,día,38,5112
association,rlens_16p,es-dia,día,45,2086
association,rlens_16p,es-dia,día,52,5355
association,rlens_64p,es-dia,día,8,16251
association,rlens_64p,es-dia,día,15,21517
association,rlens_64p,es-dia,día,22,13293
association,rlens_64p,es-dia,día,30,52489
association,rlens_64p,es-dia,día,38,6153
association,rlens_64p,es-dia,día,45,3243
association,rlens_64p,es-dia,día,52,9665
association,jpp_64p,es-dia,día,8,44552
association,jpp_64p,es-dia,día,15,106208
association,jpp_64p,es-dia,día,22,41820
association,jpp_64p,es-dia,día,30,35303
association,jpp_64p,es-dia,día,38,6920
association,jpp_64p,es-dia,día,45,433
association,jpp_64p,es-dia,día,52,6284
association,logit,pt-agua,água,8,75749
association,logit,pt-agua,água,15,44737
association,logit,pt-agua,água,22,30926
association,logit,pt-agua,água,30,7081
association,logit,pt-agua,água,38,67645
association,logit,pt-agua,água,45,20056
association,logit,pt-agua,água,52,32269
association,jlens_16p,pt-agua,água,8,171718
association,jlens_16p,pt-agua,água,15,80011
association,jlens_16p,pt-agua,água,22,83044
association,jlens_16p,pt-agua,água,30,196467
association,jlens_16p,pt-agua,água,38,86672
association,jlens_16p,pt-agua,água,45,43331
association,jlens_16p,pt-agua,água,52,29846
association,rlens_16p,pt-agua,água,8,197851
association,rlens_16p,pt-agua,água,15,201103
association,rlens_16p,pt-agua,água,22,225579
association,rlens_16p,pt-agua,água,30,189237
association,rlens_16p,pt-agua,água,38,142486
association,rlens_16p,pt-agua,água,45,8886
association,rlens_16p,pt-agua,água,52,7177
association,rlens_64p,pt-agua,água,8,191133
association,rlens_64p,pt-agua,água,15,197029
association,rlens_64p,pt-agua,água,22,223990
association,rlens_64p,pt-agua,água,30,190952
association,rlens_64p,pt-agua,água,38,147382
association,rlens_64p,pt-agua,água,45,9821
association,rlens_64p,pt-agua,água,52,10331
association,jpp_64p,pt-agua,água,8,218514
association,jpp_64p,pt-agua,água,15,191720
association,jpp_64p,pt-agua,água,22,193952
association,jpp_64p,pt-agua,água,30,177348
association,jpp_64p,pt-agua,água,38,45288
association,jpp_64p,pt-agua,água,45,2508
association,jpp_64p,pt-agua,água,52,7780
association,logit,es-musica,música,8,143658
association,logit,es-musica,música,15,84557
association,logit,es-musica,música,22,38204
association,logit,es-musica,música,30,48894
association,logit,es-musica,música,38,35616
association,logit,es-musica,música,45,139478
association,logit,es-musica,música,52,60517
association,jlens_16p,es-musica,música,8,87161
association,jlens_16p,es-musica,música,15,74622
association,jlens_16p,es-musica,música,22,76640
association,jlens_16p,es-musica,música,30,62038
association,jlens_16p,es-musica,música,38,26396
association,jlens_16p,es-musica,música,45,53804
association,jlens_16p,es-musica,música,52,98964
association,rlens_16p,es-musica,música,8,106367
association,rlens_16p,es-musica,música,15,88546
association,rlens_16p,es-musica,música,22,65953
association,rlens_16p,es-musica,música,30,217610
association,rlens_16p,es-musica,música,38,114099
association,rlens_16p,es-musica,música,45,107124
association,rlens_16p,es-musica,música,52,44208
association,rlens_64p,es-musica,música,8,95795
association,rlens_64p,es-musica,música,15,75906
association,rlens_64p,es-musica,música,22,56274
association,rlens_64p,es-musica,música,30,215200
association,rlens_64p,es-musica,música,38,112281
association,rlens_64p,es-musica,música,45,92465
association,rlens_64p,es-musica,música,52,45192
association,jpp_64p,es-musica,música,8,174819
association,jpp_64p,es-musica,música,15,155282
association,jpp_64p,es-musica,música,22,127684
association,jpp_64p,es-musica,música,30,233106
association,jpp_64p,es-musica,música,38,30559
association,jpp_64p,es-musica,música,45,47406
association,jpp_64p,es-musica,música,52,55563
poetry,logit,couplet-snow-grow,grow,8,54892
poetry,logit,couplet-snow-grow,grow,15,72628
poetry,logit,couplet-snow-grow,grow,22,42429
poetry,logit,couplet-snow-grow,grow,30,15656
poetry,logit,couplet-snow-grow,grow,38,1029
poetry,logit,couplet-snow-grow,grow,45,45
poetry,logit,couplet-snow-grow,grow,52,5307
poetry,jlens_16p,couplet-snow-grow,grow,8,107923
poetry,jlens_16p,couplet-snow-grow,grow,15,79745
poetry,jlens_16p,couplet-snow-grow,grow,22,79834
poetry,jlens_16p,couplet-snow-grow,grow,30,1876
poetry,jlens_16p,couplet-snow-grow,grow,38,1298
poetry,jlens_16p,couplet-snow-grow,grow,45,216
poetry,jlens_16p,couplet-snow-grow,grow,52,907
poetry,rlens_16p,couplet-snow-grow,grow,8,18962
poetry,rlens_16p,couplet-snow-grow,grow,15,8238
poetry,rlens_16p,couplet-snow-grow,grow,22,7204
poetry,rlens_16p,couplet-snow-grow,grow,30,1715
poetry,rlens_16p,couplet-snow-grow,grow,38,465
poetry,rlens_16p,couplet-snow-grow,grow,45,39
poetry,rlens_16p,couplet-snow-grow,grow,52,468
poetry,rlens_64p,couplet-snow-grow,grow,8,23454
poetry,rlens_64p,couplet-snow-grow,grow,15,11369
poetry,rlens_64p,couplet-snow-grow,grow,22,8021
poetry,rlens_64p,couplet-snow-grow,grow,30,2547
poetry,rlens_64p,couplet-snow-grow,grow,38,618
poetry,rlens_64p,couplet-snow-grow,grow,45,29
poetry,rlens_64p,couplet-snow-grow,grow,52,406
poetry,jpp_64p,couplet-snow-grow,grow,8,57
poetry,jpp_64p,couplet-snow-grow,grow,15,7
poetry,jpp_64p,couplet-snow-grow,grow,22,13
poetry,jpp_64p,couplet-snow-grow,grow,30,36
poetry,jpp_64p,couplet-snow-grow,grow,38,7
poetry,jpp_64p,couplet-snow-grow,grow,45,8
poetry,jpp_64p,couplet-snow-grow,grow,52,48
poetry,logit,couplet-time-climb,climb,8,144701
poetry,logit,couplet-time-climb,climb,15,118989
poetry,logit,couplet-time-climb,climb,22,44587
poetry,logit,couplet-time-climb,climb,30,25284
poetry,logit,couplet-time-climb,climb,38,14856
poetry,logit,couplet-time-climb,climb,45,34
poetry,logit,couplet-time-climb,climb,52,20
poetry,jlens_16p,couplet-time-climb,climb,8,25018
poetry,jlens_16p,couplet-time-climb,climb,15,33656
poetry,jlens_16p,couplet-time-climb,climb,22,33783
poetry,jlens_16p,couplet-time-climb,climb,30,11356
poetry,jlens_16p,couplet-time-climb,climb,38,17256
poetry,jlens_16p,couplet-time-climb,climb,45,84
poetry,jlens_16p,couplet-time-climb,climb,52,3
poetry,rlens_16p,couplet-time-climb,climb,8,81305
poetry,rlens_16p,couplet-time-climb,climb,15,5721
poetry,rlens_16p,couplet-time-climb,climb,22,1548
poetry,rlens_16p,couplet-time-climb,climb,30,406
poetry,rlens_16p,couplet-time-climb,climb,38,141
poetry,rlens_16p,couplet-time-climb,climb,45,4
poetry,rlens_16p,couplet-time-climb,climb,52,2
poetry,rlens_64p,couplet-time-climb,climb,8,106449
poetry,rlens_64p,couplet-time-climb,climb,15,8187
poetry,rlens_64p,couplet-time-climb,climb,22,1692
poetry,rlens_64p,couplet-time-climb,climb,30,518
poetry,rlens_64p,couplet-time-climb,climb,38,276
poetry,rlens_64p,couplet-time-climb,climb,45,4
poetry,rlens_64p,couplet-time-climb,climb,52,2
poetry,jpp_64p,couplet-time-climb,climb,8,4256
poetry,jpp_64p,couplet-time-climb,climb,15,7
poetry,jpp_64p,couplet-time-climb,climb,22,3
poetry,jpp_64p,couplet-time-climb,climb,30,13
poetry,jpp_64p,couplet-time-climb,climb,38,2
poetry,jpp_64p,couplet-time-climb,climb,45,1
poetry,jpp_64p,couplet-time-climb,climb,52,1
poetry,logit,couplet-known-grown,grown,8,47662
poetry,logit,couplet-known-grown,grown,15,97150
poetry,logit,couplet-known-grown,grown,22,137125
poetry,logit,couplet-known-grown,grown,30,59619
poetry,logit,couplet-known-grown,grown,38,29163
poetry,logit,couplet-known-grown,grown,45,271
poetry,logit,couplet-known-grown,grown,52,160
poetry,jlens_16p,couplet-known-grown,grown,8,126053
poetry,jlens_16p,couplet-known-grown,grown,15,39513
poetry,jlens_16p,couplet-known-grown,grown,22,39459
poetry,jlens_16p,couplet-known-grown,grown,30,496
poetry,jlens_16p,couplet-known-grown,grown,38,3780
poetry,jlens_16p,couplet-known-grown,grown,45,884
poetry,jlens_16p,couplet-known-grown,grown,52,45
poetry,rlens_16p,couplet-known-grown,grown,8,76854
poetry,rlens_16p,couplet-known-grown,grown,15,7090
poetry,rlens_16p,couplet-known-grown,grown,22,1440
poetry,rlens_16p,couplet-known-grown,grown,30,1432
poetry,rlens_16p,couplet-known-grown,grown,38,490
poetry,rlens_16p,couplet-known-grown,grown,45,216
poetry,rlens_16p,couplet-known-grown,grown,52,50
poetry,rlens_64p,couplet-known-grown,grown,8,76222
poetry,rlens_64p,couplet-known-grown,grown,15,5674
poetry,rlens_64p,couplet-known-grown,grown,22,2398
poetry,rlens_64p,couplet-known-grown,grown,30,2902
poetry,rlens_64p,couplet-known-grown,grown,38,1067
poetry,rlens_64p,couplet-known-grown,grown,45,225
poetry,rlens_64p,couplet-known-grown,grown,52,49
poetry,jpp_64p,couplet-known-grown,grown,8,2650
poetry,jpp_64p,couplet-known-grown,grown,15,13
poetry,jpp_64p,couplet-known-grown,grown,22,5
poetry,jpp_64p,couplet-known-grown,grown,30,45
poetry,jpp_64p,couplet-known-grown,grown,38,9
poetry,jpp_64p,couplet-known-grown,grown,45,30
poetry,jpp_64p,couplet-known-grown,grown,52,19
poetry,logit,couplet-star-far,far,8,67907
poetry,logit,couplet-star-far,far,15,112138
poetry,logit,couplet-star-far,far,22,181584
poetry,logit,couplet-star-far,far,30,171
poetry,logit,couplet-star-far,far,38,165
poetry,logit,couplet-star-far,far,45,41
poetry,logit,couplet-star-far,far,52,1073
poetry,jlens_16p,couplet-star-far,far,8,39746
poetry,jlens_16p,couplet-star-far,far,15,85738
poetry,jlens_16p,couplet-star-far,far,22,85265
poetry,jlens_16p,couplet-star-far,far,30,857
poetry,jlens_16p,couplet-star-far,far,38,94
poetry,jlens_16p,couplet-star-far,far,45,9
poetry,jlens_16p,couplet-star-far,far,52,48
poetry,rlens_16p,couplet-star-far,far,8,8576
poetry,rlens_16p,couplet-star-far,far,15,18
poetry,rlens_16p,couplet-star-far,far,22,38
poetry,rlens_16p,couplet-star-far,far,30,22
poetry,rlens_16p,couplet-star-far,far,38,6
poetry,rlens_16p,couplet-star-far,far,45,6
poetry,rlens_16p,couplet-star-far,far,52,70
poetry,rlens_64p,couplet-star-far,far,8,13366
poetry,rlens_64p,couplet-star-far,far,15,31
poetry,rlens_64p,couplet-star-far,far,22,88
poetry,rlens_64p,couplet-star-far,far,30,30
poetry,rlens_64p,couplet-star-far,far,38,7
poetry,rlens_64p,couplet-star-far,far,45,7
poetry,rlens_64p,couplet-star-far,far,52,81
poetry,jpp_64p,couplet-star-far,far,8,56
poetry,jpp_64p,couplet-star-far,far,15,2
poetry,jpp_64p,couplet-star-far,far,22,5
poetry,jpp_64p,couplet-star-far,far,30,1
poetry,jpp_64p,couplet-star-far,far,38,1
poetry,jpp_64p,couplet-star-far,far,45,2
poetry,jpp_64p,couplet-star-far,far,52,15
poetry,logit,couplet-bend-end,end,8,40294
poetry,logit,couplet-bend-end,end,15,57713
poetry,logit,couplet-bend-end,end,22,86024
poetry,logit,couplet-bend-end,end,30,803
poetry,logit,couplet-bend-end,end,38,219
poetry,logit,couplet-bend-end,end,45,41
poetry,logit,couplet-bend-end,end,52,212
poetry,jlens_16p,couplet-bend-end,end,8,14881
poetry,jlens_16p,couplet-bend-end,end,15,161358
poetry,jlens_16p,couplet-bend-end,end,22,159838
poetry,jlens_16p,couplet-bend-end,end,30,26212
poetry,jlens_16p,couplet-bend-end,end,38,8140
poetry,jlens_16p,couplet-bend-end,end,45,781
poetry,jlens_16p,couplet-bend-end,end,52,154
poetry,rlens_16p,couplet-bend-end,end,8,1663
poetry,rlens_16p,couplet-bend-end,end,15,4
poetry,rlens_16p,couplet-bend-end,end,22,6
poetry,rlens_16p,couplet-bend-end,end,30,60
poetry,rlens_16p,couplet-bend-end,end,38,11
poetry,rlens_16p,couplet-bend-end,end,45,13
poetry,rlens_16p,couplet-bend-end,end,52,37
poetry,rlens_64p,couplet-bend-end,end,8,1732
poetry,rlens_64p,couplet-bend-end,end,15,2
poetry,rlens_64p,couplet-bend-end,end,22,7
poetry,rlens_64p,couplet-bend-end,end,30,50
poetry,rlens_64p,couplet-bend-end,end,38,9
poetry,rlens_64p,couplet-bend-end,end,45,10
poetry,rlens_64p,couplet-bend-end,end,52,33
poetry,jpp_64p,couplet-bend-end,end,8,2
poetry,jpp_64p,couplet-bend-end,end,15,1
poetry,jpp_64p,couplet-bend-end,end,22,1
poetry,jpp_64p,couplet-bend-end,end,30,5
poetry,jpp_64p,couplet-bend-end,end,38,6
poetry,jpp_64p,couplet-bend-end,end,45,6
poetry,jpp_64p,couplet-bend-end,end,52,22
poetry,logit,couplet-white-write,write,8,171483
poetry,logit,couplet-white-write,write,15,153106
poetry,logit,couplet-white-write,write,22,71049
poetry,logit,couplet-white-write,write,30,14322
poetry,logit,couplet-white-write,write,38,5702
poetry,logit,couplet-white-write,write,45,23406
poetry,logit,couplet-white-write,write,52,113922
poetry,jlens_16p,couplet-white-write,write,8,69018
poetry,jlens_16p,couplet-white-write,write,15,15663
poetry,jlens_16p,couplet-white-write,write,22,16009
poetry,jlens_16p,couplet-white-write,write,30,17109
poetry,jlens_16p,couplet-white-write,write,38,6889
poetry,jlens_16p,couplet-white-write,write,45,13930
poetry,jlens_16p,couplet-white-write,write,52,13011
poetry,rlens_16p,couplet-white-write,write,8,27501
poetry,rlens_16p,couplet-white-write,write,15,22096
poetry,rlens_16p,couplet-white-write,write,22,10565
poetry,rlens_16p,couplet-white-write,write,30,26864
poetry,rlens_16p,couplet-white-write,write,38,18281
poetry,rlens_16p,couplet-white-write,write,45,16448
poetry,rlens_16p,couplet-white-write,write,52,15830
poetry,rlens_64p,couplet-white-write,write,8,29960
poetry,rlens_64p,couplet-white-write,write,15,22803
poetry,rlens_64p,couplet-white-write,write,22,9717
poetry,rlens_64p,couplet-white-write,write,30,25621
poetry,rlens_64p,couplet-white-write,write,38,15227
poetry,rlens_64p,couplet-white-write,write,45,14870
poetry,rlens_64p,couplet-white-write,write,52,14381
poetry,jpp_64p,couplet-white-write,write,8,198
poetry,jpp_64p,couplet-white-write,write,15,133
poetry,jpp_64p,couplet-white-write,write,22,125
poetry,jpp_64p,couplet-white-write,write,30,5083
poetry,jpp_64p,couplet-white-write,write,38,1340
poetry,jpp_64p,couplet-white-write,write,45,2820
poetry,jpp_64p,couplet-white-write,write,52,2996
poetry,logit,couplet-sold-told,told,8,114805
poetry,logit,couplet-sold-told,told,15,46929
poetry,logit,couplet-sold-told,told,22,31066
poetry,logit,couplet-sold-told,told,30,10187
poetry,logit,couplet-sold-told,told,38,17701
poetry,logit,couplet-sold-told,told,45,1659
poetry,logit,couplet-sold-told,told,52,305
poetry,jlens_16p,couplet-sold-told,told,8,37948
poetry,jlens_16p,couplet-sold-told,told,15,128746
poetry,jlens_16p,couplet-sold-told,told,22,128823
poetry,jlens_16p,couplet-sold-told,told,30,21690
poetry,jlens_16p,couplet-sold-told,told,38,39027
poetry,jlens_16p,couplet-sold-told,told,45,65496
poetry,jlens_16p,couplet-sold-told,told,52,3439
poetry,rlens_16p,couplet-sold-told,told,8,84330
poetry,rlens_16p,couplet-sold-told,told,15,572
poetry,rlens_16p,couplet-sold-told,told,22,295
poetry,rlens_16p,couplet-sold-told,told,30,5247
poetry,rlens_16p,couplet-sold-told,told,38,4748
poetry,rlens_16p,couplet-sold-told,told,45,9171
poetry,rlens_16p,couplet-sold-told,told,52,1048
poetry,rlens_64p,couplet-sold-told,told,8,94799
poetry,rlens_64p,couplet-sold-told,told,15,1887
poetry,rlens_64p,couplet-sold-told,told,22,849
poetry,rlens_64p,couplet-sold-told,told,30,8470
poetry,rlens_64p,couplet-sold-told,told,38,7235
poetry,rlens_64p,couplet-sold-told,told,45,10241
poetry,rlens_64p,couplet-sold-told,told,52,1367
poetry,jpp_64p,couplet-sold-told,told,8,38
poetry,jpp_64p,couplet-sold-told,told,15,5
poetry,jpp_64p,couplet-sold-told,told,22,6
poetry,jpp_64p,couplet-sold-told,told,30,515
poetry,jpp_64p,couplet-sold-told,told,38,213
poetry,jpp_64p,couplet-sold-told,told,45,630
poetry,jpp_64p,couplet-sold-told,told,52,305
poetry,logit,couplet-threat-set,set,8,10573
poetry,logit,couplet-threat-set,set,15,4718
poetry,logit,couplet-threat-set,set,22,1950
poetry,logit,couplet-threat-set,set,30,3391
poetry,logit,couplet-threat-set,set,38,120
poetry,logit,couplet-threat-set,set,45,166
poetry,logit,couplet-threat-set,set,52,222
poetry,jlens_16p,couplet-threat-set,set,8,9345
poetry,jlens_16p,couplet-threat-set,set,15,33457
poetry,jlens_16p,couplet-threat-set,set,22,33097
poetry,jlens_16p,couplet-threat-set,set,30,140799
poetry,jlens_16p,couplet-threat-set,set,38,28841
poetry,jlens_16p,couplet-threat-set,set,45,72
poetry,jlens_16p,couplet-threat-set,set,52,85
poetry,rlens_16p,couplet-threat-set,set,8,231179
poetry,rlens_16p,couplet-threat-set,set,15,121083
poetry,rlens_16p,couplet-threat-set,set,22,143691
poetry,rlens_16p,couplet-threat-set,set,30,111255
poetry,rlens_16p,couplet-threat-set,set,38,4126
poetry,rlens_16p,couplet-threat-set,set,45,15
poetry,rlens_16p,couplet-threat-set,set,52,20
poetry,rlens_64p,couplet-threat-set,set,8,226543
poetry,rlens_64p,couplet-threat-set,set,15,116982
poetry,rlens_64p,couplet-threat-set,set,22,154193
poetry,rlens_64p,couplet-threat-set,set,30,125439
poetry,rlens_64p,couplet-threat-set,set,38,3873
poetry,rlens_64p,couplet-threat-set,set,45,9
poetry,rlens_64p,couplet-threat-set,set,52,20
poetry,jpp_64p,couplet-threat-set,set,8,10243
poetry,jpp_64p,couplet-threat-set,set,15,785
poetry,jpp_64p,couplet-threat-set,set,22,14751
poetry,jpp_64p,couplet-threat-set,set,30,38509
poetry,jpp_64p,couplet-threat-set,set,38,143
poetry,jpp_64p,couplet-threat-set,set,45,9
poetry,jpp_64p,couplet-threat-set,set,52,11
