eval,lens,item,layer,top_tokens
multihop,logit,rhyme-door-doubled,8,"[""iz"", "" de"", ""ina"", "" own"", "" l""]"
multihop,logit,rhyme-door-doubled,15,"["" l"", "" de"", "" la"", ""ina"", ""iz""]"
multihop,logit,rhyme-door-doubled,22,"["" l"", "" de"", "" own"", ""ina"", ""iz""]"
multihop,logit,rhyme-door-doubled,30,"["" l"", "" own"", ""e"", "" a"", ""to""]"
multihop,logit,rhyme-door-doubled,38,"[""-"", ""C"", ""s"", ""t"", ""four""]"
multihop,logit,rhyme-door-doubled,45,"["" l"", "" a"", ""ed"", "" what"", ""y""]"
multihop,logit,rhyme-door-doubled,52,"["" l"", "" eight"", "" Eight"", "" \u0432\u043e\u0441\u0435\u043c"", ""Eight""]"
multihop,jlens_16p,rhyme-door-doubled,8,"[""y"", ""yeri"", ""ness"", ""\u094d\u092f"", ""mett""]"
multihop,jlens_16p,rhyme-door-doubled,15,"[""\u0420\u0410"", ""UKA"", "" PRP"", "" own"", "" la""]"
multihop,jlens_16p,rhyme-door-doubled,22,"[""UKA"", ""\u0420\u0410"", "" own"", "" PRP"", "" la""]"
multihop,jlens_16p,rhyme-door-doubled,30,"["" uma"", "" own"", ""\u0941\u0915"", ""akov"", ""mente""]"
multihop,jlens_16p,rhyme-door-doubled,38,"["" uma"", ""ist"", "" able"", ""idy"", ""mente""]"
multihop,jlens_16p,rhyme-door-doubled,45,"["" rest"", ""ization"", "" ability"", "" able"", ""\u0647""]"
multihop,jlens_16p,rhyme-door-doubled,52,"["" eight"", ""\u56db\u5341"", "" sixteen"", "" twenty"", ""four""]"
multihop,rlens_16p,rhyme-door-doubled,8,"[""\u5f88\u591a"", ""lose"", ""\u064b\u0627"", ""\u062a\u0628\u0639"", ""\ucad3""]"
multihop,rlens_16p,rhyme-door-doubled,15,"["" l"", "" able"", ""\u5f88\u591a"", ""osion"", ""lets""]"
multihop,rlens_16p,rhyme-door-doubled,22,"["" l"", "" \uad49\uc7a5\ud788"", ""\u4e2a\u6570"", ""tson"", ""riting""]"
multihop,rlens_16p,rhyme-door-doubled,30,"["" \u0915\u094b\u0923\u0924\u093e"", "" able"", ""\u0e43\u0e14"", ""tson"", ""\u0631\u0628\u0639""]"
multihop,rlens_16p,rhyme-door-doubled,38,"[""\u7684\u4e24"", ""two"", ""\u0631\u0628\u0639"", "" \ub4ef"", "" keduanya""]"
multihop,rlens_16p,rhyme-door-doubled,45,"[""-"", ""\u0e2a\u0e2d\u0e07"", ""two"", ""\u6709\u4e24\u4e2a"", ""\u4e24\u4f4d""]"
multihop,rlens_16p,rhyme-door-doubled,52,"["" sixteen"", "" eight"", "" twenty"", "" fourteen"", ""four""]"
multihop,rlens_64p,rhyme-door-doubled,8,"[""lose"", ""\u064b\u0627"", ""\u5f88\u591a"", ""\u062a\u0628\u0639"", "" able""]"
multihop,rlens_64p,rhyme-door-doubled,15,"["" l"", "" able"", ""\u5f88\u591a"", ""olve"", ""ale""]"
multihop,rlens_64p,rhyme-door-doubled,22,"["" l"", "" \uad49\uc7a5\ud788"", "" whopping"", "" tantal"", ""riting""]"
multihop,rlens_64p,rhyme-door-doubled,30,"["" \u0915\u094b\u0923\u0924\u093e"", ""\u0e43\u0e14"", ""tson"", ""\u0631\u0628\u0639"", "" able""]"
multihop,rlens_64p,rhyme-door-doubled,38,"[""two"", ""\u7684\u4e24"", "" l"", ""\u0631\u0628\u0639"", "" \ub4ef""]"
multihop,rlens_64p,rhyme-door-doubled,45,"[""two"", ""\u0e2a\u0e2d\u0e07"", ""-"", ""\u6709\u4e24\u4e2a"", ""\u4e24\u4f4d""]"
multihop,rlens_64p,rhyme-door-doubled,52,"["" sixteen"", "" eight"", "" twenty"", "" fourteen"", ""four""]"
multihop,jpp_64p,rhyme-door-doubled,8,"[""\u0926\u093e\u0936\u094d\u0924"", "" n\u00e6r"", "" que"", ""ning"", ""ne""]"
multihop,jpp_64p,rhyme-door-doubled,15,"["" l"", "" la"", ""y"", "" progeny"", ""ye""]"
multihop,jpp_64p,rhyme-door-doubled,22,"["" l"", "" number"", ""tson"", ""\u6570"", ""\u6570\u7684""]"
multihop,jpp_64p,rhyme-door-doubled,30,"["" \u0915\u094b\u0923\u0924\u093e"", ""\u0e43\u0e14"", "" whopping"", ""\u306e\u5024"", ""fri""]"
multihop,jpp_64p,rhyme-door-doubled,38,"[""two"", ""\u0647\u0645\u0627"", ""Two"", "" both"", "" two""]"
multihop,jpp_64p,rhyme-door-doubled,45,"[""two"", "" la"", ""four"", "" quatre"", ""\u0e2a\u0e2d\u0e07""]"
multihop,jpp_64p,rhyme-door-doubled,52,"["" eight"", "" sixteen"", "" four"", "" fourteen"", ""four""]"
multihop,logit,etym-wargod-month,8,"[""en"", "" l"", ""iz"", ""\u043d\u0430"", "" de""]"
multihop,logit,etym-wargod-month,15,"[""s"", ""en"", "" l"", ""\u0ba4\u0bc1"", ""ina""]"
multihop,logit,etym-wargod-month,22,"["" l"", "" own"", "" uma"", "" de"", ""\u0644\u064a""]"
multihop,logit,etym-wargod-month,30,"["" own"", "" l"", ""e"", ""y"", ""ed""]"
multihop,logit,etym-wargod-month,38,"["" l"", ""-"", "" que"", ""K"", "" a""]"
multihop,logit,etym-wargod-month,45,"["" l"", ""C"", ""ed"", "" month"", "" a""]"
multihop,logit,etym-wargod-month,52,"["" March"", ""March"", "" l"", "" \u092e\u093e\u0930\u094d\u091a"", "" march""]"
multihop,jlens_16p,etym-wargod-month,8,"[""y"", ""yeri"", ""ness"", ""\u094d\u092f"", ""mett""]"
multihop,jlens_16p,etym-wargod-month,15,"[""\u0420\u0410"", ""UKA"", "" PRP"", "" own"", "" la""]"
multihop,jlens_16p,etym-wargod-month,22,"[""UKA"", ""\u0420\u0410"", "" own"", "" PRP"", ""\u043a\u0438\u043d\u0430""]"
multihop,jlens_16p,etym-wargod-month,30,"["" up"", "" fact"", ""mente"", ""OCS"", ""croft""]"
multihop,jlens_16p,etym-wargod-month,38,"[""I"", "" fact"", ""ly"", ""ities"", ""Iy""]"
multihop,jlens_16p,etym-wargod-month,45,"["" th\u00e1ng"", "" able"", ""\u0647"", ""\u6708\u4efd"", "" month""]"
multihop,jlens_16p,etym-wargod-month,52,"["" March"", ""March"", ""3"", "" mar\u00e7o"", ""three""]"
multihop,rlens_16p,etym-wargod-month,8,"[""\uc9c0\uc694"", ""cnf"", ""\u062a\u0628\u0639"", "" able"", ""\u307b\u3046\u304c""]"
multihop,rlens_16p,etym-wargod-month,15,"[""\u0434\u0435\u044f"", "" l"", ""\u0432\u043b\u0435"", ""\u0e2b\u0e4c"", "" la""]"
multihop,rlens_16p,etym-wargod-month,22,"["" own"", ""\u4f73"", ""\u4e2a\u6570"", "" l"", ""exus""]"
multihop,rlens_16p,etym-wargod-month,30,"[""L"", "" own"", ""resti"", ""\u6b63\u662f"", ""ninger""]"
multihop,rlens_16p,etym-wargod-month,38,"["" own"", ""S"", ""answer"", "" answer"", "" trivia""]"
multihop,rlens_16p,etym-wargod-month,45,"["" th\u00e1ng"", "" month"", ""\u6708\u4efd"", ""s"", "" September""]"
multihop,rlens_16p,etym-wargod-month,52,"[""March"", "" March"", "" mar\u00e7o"", ""march"", "" \u092e\u093e\u0930\u094d\u091a""]"
multihop,rlens_64p,etym-wargod-month,8,"[""\uc9c0\uc694"", "" able"", ""cnf"", ""\u062a\u0628\u0639"", ""\u0432\u043b\u0435""]"
multihop,rlens_64p,etym-wargod-month,15,"["" l"", ""\u0432\u043b\u0435"", "" able"", ""\u0434\u0435\u044f"", "" la""]"
multihop,rlens_64p,etym-wargod-month,22,"["" own"", "" l"", ""\u4f73"", ""exus"", ""\u4e2a\u6570""]"
multihop,rlens_64p,etym-wargod-month,30,"["" own"", "" same"", ""L"", ""ninger"", ""resti""]"
multihop,rlens_64p,etym-wargod-month,38,"["" own"", ""S"", ""answer"", "" answer"", "" trivia""]"
multihop,rlens_64p,etym-wargod-month,45,"["" month"", "" th\u00e1ng"", ""\u6708\u4efd"", ""s"", ""\u0e40\u0e14\u0e37\u0e2d\u0e19""]"
multihop,rlens_64p,etym-wargod-month,52,"["" March"", ""March"", "" mar\u00e7o"", ""march"", "" \u092e\u093e\u0930\u094d\u091a""]"
multihop,jpp_64p,etym-wargod-month,8,"["" number"", "" own"", "" diantaranya"", ""\u985e"", ""ning""]"
multihop,jpp_64p,etym-wargod-month,15,"["" la"", "" own"", "" l"", "" number"", ""\u3076\u308a""]"
multihop,jpp_64p,etym-wargod-month,22,"["" own"", "" l"", ""\u0dad\u0dca"", ""\u062a\u0628\u0639"", ""tson""]"
multihop,jpp_64p,etym-wargod-month,30,"[""L"", ""S"", "" own"", "" fact"", "" same""]"
multihop,jpp_64p,etym-wargod-month,38,"["" or"", ""Trivia"", ""answer"", "" trivia"", "" answer""]"
multihop,jpp_64p,etym-wargod-month,45,"["" month"", "" th\u00e1ng"", ""\u6708\u4efd"", "" Month"", ""month""]"
multihop,jpp_64p,etym-wargod-month,52,"["" March"", ""March"", "" mar\u00e7o"", ""march"", "" \u092e\u093e\u0930\u094d\u091a""]"
multihop,logit,chem-atmosphere-Z,8,"[""iz"", "" l"", "" own"", "" de"", ""ina""]"
multihop,logit,chem-atmosphere-Z,15,"["" l"", "" la"", ""en"", ""iz"", "" de""]"
multihop,logit,chem-atmosphere-Z,22,"["" l"", "" la"", "" own"", ""T"", ""\u0644\u064a""]"
multihop,logit,chem-atmosphere-Z,30,"["" l"", "" a"", ""that"", ""T"", ""would""]"
multihop,logit,chem-atmosphere-Z,38,"["" a"", ""K"", ""C"", "" l"", ""en""]"
multihop,logit,chem-atmosphere-Z,45,"["" nitrogen"", "" a"", "" l"", ""nitrogen"", "" Nitrogen""]"
multihop,logit,chem-atmosphere-Z,52,"[""\u539f\u5b50"", "" atomic"", ""atomic"", ""Atomic"", "" seven""]"
multihop,jlens_16p,chem-atmosphere-Z,8,"[""y"", ""yeri"", ""ness"", ""\u094d\u092f"", ""mett""]"
multihop,jlens_16p,chem-atmosphere-Z,15,"[""UKA"", ""\u0420\u0410"", "" PRP"", "" own"", "" la""]"
multihop,jlens_16p,chem-atmosphere-Z,22,"[""UKA"", ""\u0420\u0410"", "" PRP"", "" own"", "" la""]"
multihop,jlens_16p,chem-atmosphere-Z,30,"["" own"", "" fact"", ""\u6027"", "" uma"", ""mente""]"
multihop,jlens_16p,chem-atmosphere-Z,38,"["" own"", "" able"", "" fact"", "" uma"", "" up""]"
multihop,jlens_16p,chem-atmosphere-Z,45,"["" own"", "" able"", ""\u0647"", "" kind"", "" **""]"
multihop,jlens_16p,chem-atmosphere-Z,52,"[""7"", "" seventh"", "" atomic"", ""atomic"", ""Atomic""]"
multihop,rlens_16p,chem-atmosphere-Z,8,"["" l"", ""dolphin"", "" able"", ""\u5f3a"", ""\u5f88\u591a""]"
multihop,rlens_16p,chem-atmosphere-Z,15,"["" l"", "" able"", ""ity"", "" fewest"", "" phare""]"
multihop,rlens_16p,chem-atmosphere-Z,22,"["" l"", "" number"", ""\u7ea7"", "" level"", ""\u6570\u7684""]"
multihop,rlens_16p,chem-atmosphere-Z,30,"["" whopping"", ""\u7684\u662f"", ""\u0e32\u0e15\u0e38"", ""\u4e2a"", ""0""]"
multihop,rlens_16p,chem-atmosphere-Z,38,"[""S"", ""H"", ""\u2080"", "" f\u00f3s"", ""\u2076""]"
multihop,rlens_16p,chem-atmosphere-Z,45,"[""s"", ""S"", ""\u6c2e"", "" nitrogen"", "" Nitrogen""]"
multihop,rlens_16p,chem-atmosphere-Z,52,"[""7"", ""s"", "" seven"", "" seventh"", ""Atomic""]"
multihop,rlens_64p,chem-atmosphere-Z,8,"["" l"", "" able"", ""dolphin"", ""\u5f3a"", ""\u5f88\u591a""]"
multihop,rlens_64p,chem-atmosphere-Z,15,"["" l"", "" able"", "" few"", "" fewest"", ""ity""]"
multihop,rlens_64p,chem-atmosphere-Z,22,"["" l"", "" own"", "" number"", ""\u7ea7"", "" whopping""]"
multihop,rlens_64p,chem-atmosphere-Z,30,"["" whopping"", ""\u7684\u662f"", ""\u4e2a"", ""\u0e32\u0e15\u0e38"", ""0""]"
multihop,rlens_64p,chem-atmosphere-Z,38,"[""S"", ""H"", ""\u2080"", "" f\u00f3s"", ""\u6216\u8005\u662f""]"
multihop,rlens_64p,chem-atmosphere-Z,45,"[""S"", ""s"", ""\u6c2e"", "" nitrogen"", "" Nitrogen""]"
multihop,rlens_64p,chem-atmosphere-Z,52,"[""7"", ""s"", "" seven"", "" seventh"", ""Atomic""]"
multihop,jpp_64p,chem-atmosphere-Z,8,"["" own"", "" Davy"", ""vdots"", ""ning"", ""ation""]"
multihop,jpp_64p,chem-atmosphere-Z,15,"["" l"", "" la"", "" nucleus"", ""\u76f8\u5f53"", ""otal""]"
multihop,jpp_64p,chem-atmosphere-Z,22,"["" l"", "" own"", "" number"", ""\u6570\u7684"", "" level""]"
multihop,jpp_64p,chem-atmosphere-Z,30,"[""S"", "" ^"", "" whopping"", ""\u6709\u7684"", "" l""]"
multihop,jpp_64p,chem-atmosphere-Z,38,"[""S"", "" f\u00f3s"", ""\u2080"", "" n\u00famero"", "" number""]"
multihop,jpp_64p,chem-atmosphere-Z,45,"["" nitrogen"", ""\u6c2e"", ""nitrogen"", "" Nitrogen"", "" argon""]"
multihop,jpp_64p,chem-atmosphere-Z,52,"[""7"", "" seven"", ""Atomic"", "" atomic"", "" Atomic""]"
multihop,logit,chem-bones-Z,8,"[""se"", "" l"", "" own"", ""mente"", "" de""]"
multihop,logit,chem-bones-Z,15,"["" l"", ""chitz"", ""\ubd80\ud130"", "" \u090f\u0916\u093e\u0926\u094d\u092f\u093e"", ""\u0ba4\u0bc1""]"
multihop,logit,chem-bones-Z,22,"[""T"", "" l"", ""H"", ""P"", ""\u099c\u09be\u09af\u09bc""]"
multihop,logit,chem-bones-Z,30,"["" l"", "" a"", "" own"", "" it"", ""that""]"
multihop,logit,chem-bones-Z,38,"["" a"", ""-"", "" l"", ""C"", "" the""]"
multihop,logit,chem-bones-Z,45,"["" l"", "" a"", ""C"", "" either"", ""-""]"
multihop,logit,chem-bones-Z,52,"[""-"", "" atomic"", ""Atomic"", ""atomic"", "" Atomic""]"
multihop,jlens_16p,chem-bones-Z,8,"[""y"", ""yeri"", ""ness"", ""\u094d\u092f"", ""mett""]"
multihop,jlens_16p,chem-bones-Z,15,"[""\u0420\u0410"", ""UKA"", "" PRP"", "" own"", "" la""]"
multihop,jlens_16p,chem-bones-Z,22,"[""UKA"", ""\u0420\u0410"", "" own"", "" PRP"", "" la""]"
multihop,jlens_16p,chem-bones-Z,30,"["" uma"", "" fav"", "" able"", "" own"", ""cki""]"
multihop,jlens_16p,chem-bones-Z,38,"["" uma"", "" able"", "" own"", "" **"", ""s""]"
multihop,jlens_16p,chem-bones-Z,45,"["" **"", "" own"", ""\u0647\u0627"", ""\u7684\u662f"", ""**""]"
multihop,jlens_16p,chem-bones-Z,52,"[""atomic"", "" atomic"", "" Atomic"", ""Atomic"", "" \u0430\u0442\u043e\u043c""]"
multihop,rlens_16p,chem-bones-Z,8,"[""Biblioteca"", "" silic"", "" disgrace"", "" up"", ""\ub284""]"
multihop,rlens_16p,chem-bones-Z,15,"["" landmark"", "" \u539f\u5b50"", ""\ub284"", ""abilis"", ""osion""]"
multihop,rlens_16p,chem-bones-Z,22,"[""osion"", ""\ud2ac"", "" number"", ""\ub284"", ""actyl""]"
multihop,rlens_16p,chem-bones-Z,30,"[""\u4e2a"", ""\u7684\u662f"", ""\u6570\u4e3a"", ""S"", ""\u6570\u503c""]"
multihop,rlens_16p,chem-bones-Z,38,"[""B"", ""S"", "" uma"", "" \u0928\u0902\u092c\u0930"", "" n\u00famero""]"
multihop,rlens_16p,chem-bones-Z,45,"[""s"", ""\u5143\u7d20"", "" **"", ""\u4e00\u4e2a\u662f"", "" element""]"
multihop,rlens_16p,chem-bones-Z,52,"[""Atomic"", "" Atomic"", "" atomic"", ""atomic"", "" \u0430\u0442\u043e\u043c""]"
multihop,rlens_64p,chem-bones-Z,8,"[""Biblioteca"", "" up"", "" silic"", "" nucleus"", "" bevy""]"
multihop,rlens_64p,chem-bones-Z,15,"["" \u539f\u5b50"", "" landmark"", ""ity"", ""abilis"", "" nucleus""]"
multihop,rlens_64p,chem-bones-Z,22,"[""osion"", "" number"", ""\ud2ac"", ""\ub284"", "" whopping""]"
multihop,rlens_64p,chem-bones-Z,30,"[""\u4e2a"", ""\u6570\u4e3a"", ""\u306e\u5024"", ""\u7684\u662f"", ""S""]"
multihop,rlens_64p,chem-bones-Z,38,"[""S"", ""B"", "" \u0928\u0902\u092c\u0930"", "" uma"", "" n\u00famero""]"
multihop,rlens_64p,chem-bones-Z,45,"[""\u5143\u7d20"", ""s"", "" **"", ""\u4e00\u4e2a\u662f"", "" element""]"
multihop,rlens_64p,chem-bones-Z,52,"[""Atomic"", "" Atomic"", "" atomic"", ""atomic"", "" \u0430\u0442\u043e\u043c""]"
multihop,jpp_64p,chem-bones-Z,8,"["" own"", ""\u00e1tico"", ""\u1798\u17b6"", ""ization"", ""\u8f96""]"
multihop,jpp_64p,chem-bones-Z,15,"[""atomic"", "" own"", "" nucleus"", "" atomic"", ""\u30c8\u30e0""]"
multihop,jpp_64p,chem-bones-Z,22,"["" own"", "" number"", "" numeric"", ""\u5b57\u7b26"", "" nuclear""]"
multihop,jpp_64p,chem-bones-Z,30,"[""S"", ""L"", ""B"", ""K"", "" \u0928\u0902\u092c\u0930""]"
multihop,jpp_64p,chem-bones-Z,38,"[""B"", ""K"", ""S"", "" number"", "" \u0928\u0902\u092c\u0930""]"
multihop,jpp_64p,chem-bones-Z,45,"[""\u5143\u7d20"", ""S"", ""atomic"", "" \u0430\u0442\u043e\u043c"", ""Atomic""]"
multihop,jpp_64p,chem-bones-Z,52,"["" atomic"", ""Atomic"", ""atomic"", "" Atomic"", "" \u0430\u0442\u043e\u043c""]"
multihop,logit,func-pumps-chambers,8,"["" de"", "" l"", ""iz"", "" own"", ""ina""]"
multihop,logit,func-pumps-chambers,15,"["" l"", ""\u60c5\u51b5\u4e0b"", ""iz"", "" PERFORM"", "" \u092a\u0930\u093f\u092f\u094b\u091c\u0928\u093e\u0913\u0902""]"
multihop,logit,func-pumps-chambers,22,"[""\u4e86\u4e00\u4e2a"", "" y\u00fczden"", ""\u043d\u0430"", ""\u0e40\u0e23\u0e32"", "" appelle""]"
multihop,logit,func-pumps-chambers,30,"["" l"", "" and"", "" both"", ""-"", ""\u6027""]"
multihop,logit,func-pumps-chambers,38,"["" a"", ""-"", "" each"", "" both"", ""C""]"
multihop,logit,func-pumps-chambers,45,"["" a"", ""C"", "" heart"", ""\u5fc3\u810f"", "" hearts""]"
multihop,logit,func-pumps-chambers,52,"[""four"", "" four"", "" \u0447\u0435\u0442\u044b\u0440\u0435\u0445"", "" \u0447\u0435\u0442\u044b\u0440\u0435"", ""Four""]"
multihop,jlens_16p,func-pumps-chambers,8,"[""y"", ""yeri"", ""ness"", ""\u094d\u092f"", ""mett""]"
multihop,jlens_16p,func-pumps-chambers,15,"[""\u0420\u0410"", ""UKA"", "" PRP"", "" own"", "" la""]"
multihop,jlens_16p,func-pumps-chambers,22,"[""UKA"", ""\u0420\u0410"", "" own"", "" PRP"", "" la""]"
multihop,jlens_16p,func-pumps-chambers,30,"["" own"", "" uma"", "" fact"", ""croft"", "" up""]"
multihop,jlens_16p,func-pumps-chambers,38,"["" own"", "" fact"", ""s"", ""mente"", "" able""]"
multihop,jlens_16p,func-pumps-chambers,45,"[""\u0629"", ""**"", ""\u0647"", ""\u0647\u0627"", "" able""]"
multihop,jlens_16p,func-pumps-chambers,52,"["" four"", ""four"", ""\u56db\u4e2a"", ""4"", "" \u091a\u093e\u0930""]"
multihop,rlens_16p,func-pumps-chambers,8,"[""\u064b\u0627"", ""\u0e32"", "" \u0635\u0646\u0639"", ""\u0627\u062a\u064a"", ""\u0441\u043d\u0438""]"
multihop,rlens_16p,func-pumps-chambers,15,"["" l"", ""ji"", ""ity"", ""kts"", ""exus""]"
multihop,rlens_16p,func-pumps-chambers,22,"[""exus"", "" l"", ""\u59bb\u5b50"", ""\u5374\u662f"", ""antung""]"
multihop,rlens_16p,func-pumps-chambers,30,"[""\u0e43\u0e14"", "" homeostasis"", ""\u6709\u4e24\u4e2a"", ""\u4e00\u4e2a\u662f"", ""ed""]"
multihop,rlens_16p,func-pumps-chambers,38,"[""S"", ""C"", ""\u2081."", "" \u0438"", ""\u0441\u043b\u043e""]"
multihop,rlens_16p,func-pumps-chambers,45,"[""S"", "" Cardiac"", "" cardiac"", ""-"", ""Cardiac""]"
multihop,rlens_16p,func-pumps-chambers,52,"["" four"", ""four"", ""\u56db\u4e2a"", "" cuatro"", "" \u091a\u093e\u0930""]"
multihop,rlens_64p,func-pumps-chambers,8,"[""\u064b\u0627"", ""\u0e32"", "" \u0635\u0646\u0639"", ""\u0441\u043d\u0438"", ""\u0627\u062a\u064a""]"
multihop,rlens_64p,func-pumps-chambers,15,"["" l"", ""\u0e32"", ""ity"", ""\ub840"", ""aphthal""]"
multihop,rlens_64p,func-pumps-chambers,22,"["" l"", ""exus"", ""\u76f8\u6bd4"", ""\u59bb\u5b50"", ""\u0e43\u0e14""]"
multihop,rlens_64p,func-pumps-chambers,30,"[""\u0e43\u0e14"", "" homeostasis"", ""\u4e00\u4e2a\u662f"", ""lidir"", ""znej""]"
multihop,rlens_64p,func-pumps-chambers,38,"[""S"", ""C"", "" \u0438"", ""\u2081."", "" \u06af\u06d2\u06d4""]"
multihop,rlens_64p,func-pumps-chambers,45,"[""S"", "" Cardiac"", "" cardiac"", ""Cardiac"", ""-""]"
multihop,rlens_64p,func-pumps-chambers,52,"["" four"", ""four"", ""\u56db\u4e2a"", "" \u091a\u093e\u0930"", "" cuatro""]"
multihop,jpp_64p,func-pumps-chambers,8,"[""ization"", ""\u0627\u062a\u06cc"", "" que"", ""\u89c4\u5b9a"", ""\u0441\u043d\u0438""]"
multihop,jpp_64p,func-pumps-chambers,15,"[""ji"", "" n\u00e6r"", ""ali"", ""ardan"", ""vani""]"
multihop,jpp_64p,func-pumps-chambers,22,"["" l"", "" own"", ""arkt"", "" same"", ""\u0aa4""]"
multihop,jpp_64p,func-pumps-chambers,30,"[""S"", ""C"", ""\u5982\u679c\u662f"", "" own"", ""\u05e7\u05d5\u05ea""]"
multihop,jpp_64p,func-pumps-chambers,38,"[""S"", ""C"", ""Biological"", "" cardiac"", ""ncbi""]"
multihop,jpp_64p,func-pumps-chambers,45,"["" cardiac"", "" Cardiac"", ""Cardiac"", ""\u5fc3\u810f"", ""heart""]"
multihop,jpp_64p,func-pumps-chambers,52,"["" four"", ""four"", ""4"", ""\u56db\u4e2a"", "" cuatro""]"
multihop,logit,func-filters-count,8,"[""iz"", "" de"", ""ina"", "" own"", "" l""]"
multihop,logit,func-filters-count,15,"[""s"", ""iz"", ""\ub9cc"", ""\u043d\u0430"", ""\u0441\u044f""]"
multihop,logit,func-filters-count,22,"[""iz"", "" la"", ""\u0441\u044f"", "" de"", ""T""]"
multihop,logit,func-filters-count,30,"["" l"", "" and"", ""\u6027"", "" or"", "" both""]"
multihop,logit,func-filters-count,38,"["" a"", ""-"", ""ed"", "" two"", ""two""]"
multihop,logit,func-filters-count,45,"["" a"", "" l"", ""C"", "" kidneys"", "" an""]"
multihop,logit,func-filters-count,52,"["" kidney"", "" kidneys"", ""Kid"", ""kid"", "" Kid""]"
multihop,jlens_16p,func-filters-count,8,"[""y"", ""yeri"", ""ness"", ""\u094d\u092f"", ""mett""]"
multihop,jlens_16p,func-filters-count,15,"[""\u0420\u0410"", ""UKA"", "" PRP"", "" own"", "" la""]"
multihop,jlens_16p,func-filters-count,22,"[""UKA"", ""\u0420\u0410"", "" own"", "" PRP"", "" la""]"
multihop,jlens_16p,func-filters-count,30,"["" uma"", "" up"", "" able"", ""mente"", "" even""]"
multihop,jlens_16p,func-filters-count,38,"[""mente"", ""S"", ""ed"", ""^"", ""\u0640\u0640""]"
multihop,jlens_16p,func-filters-count,45,"[""both"", ""\u4e24\u6761"", ""\u0647\u0627"", ""\u4e24\u4e2a"", ""\u6709\u4e24\u4e2a""]"
multihop,jlens_16p,func-filters-count,52,"["" kidneys"", "" kidney"", "" Kidney"", ""Kid"", "" renal""]"
multihop,rlens_16p,func-filters-count,8,"[""javac"", ""erva"", ""lds"", ""nhs"", ""ysh""]"
multihop,rlens_16p,func-filters-count,15,"[""exus"", ""\u0941\u0905\u0932"", ""javac"", ""usha"", ""acionales""]"
multihop,rlens_16p,func-filters-count,22,"["" own"", ""exus"", ""ophys"", "" biologically"", ""restrial""]"
multihop,rlens_16p,func-filters-count,30,"[""ed"", ""\u043e\u0431\u0445\u043e\u0434\u0438"", ""ophys"", ""\u4e00\u4e2a\u662f"", "" \ubb3c\ub860""]"
multihop,rlens_16p,func-filters-count,38,"[""S"", ""\u6709\u4e24\u4e2a"", ""C"", ""\u4e24\u4e2a"", ""\u5169\u500b""]"
multihop,rlens_16p,func-filters-count,45,"[""\u6709\u4e24\u4e2a"", ""\u4e24\u4e2a"", ""\u4e24\u4e2a\u4eba"", ""\u8fd9\u4e24\u4e2a"", ""\u4e24\u6761""]"
multihop,rlens_16p,func-filters-count,52,"["" kidneys"", "" kidney"", ""Kid"", ""\u80be"", "" Kidney""]"
multihop,rlens_64p,func-filters-count,8,"[""javac"", ""erva"", ""\u0941\u0905\u0932"", ""lds"", "" scaler""]"
multihop,rlens_64p,func-filters-count,15,"[""exus"", ""\u0941\u0905\u0932"", ""javac"", ""acionales"", ""\u0e29\u0e22\u0e4c""]"
multihop,rlens_64p,func-filters-count,22,"["" own"", ""exus"", ""\u0941\u0905\u0932"", ""ophys"", "" biologically""]"
multihop,rlens_64p,func-filters-count,30,"["" \ubb3c\ub860"", ""\u043e\u0431\u0445\u043e\u0434\u0438"", ""\u4e00\u4e2a\u662f"", ""\u8fd9\u4e24"", ""ed""]"
multihop,rlens_64p,func-filters-count,38,"[""S"", ""\u6709\u4e24\u4e2a"", ""C"", ""\u4e24\u4e2a"", ""\u5169\u500b""]"
multihop,rlens_64p,func-filters-count,45,"[""\u4e24\u4e2a"", ""\u6709\u4e24\u4e2a"", ""\u4e24\u4e2a\u4eba"", ""\u8fd9\u4e24\u4e2a"", ""\u4e24\u6761""]"
multihop,rlens_64p,func-filters-count,52,"["" kidneys"", "" kidney"", ""Kid"", ""\u80be"", "" Kidney""]"
multihop,jpp_64p,func-filters-count,8,"["" que"", ""\u0f66"", "" habit"", ""ning"", "" human""]"
multihop,jpp_64p,func-filters-count,15,"["" own"", "" human"", ""usha"", ""exus"", "" habit""]"
multihop,jpp_64p,func-filters-count,22,"["" own"", ""exus"", "" mammal"", ""\u0941\u0905\u0932"", ""astal""]"
multihop,jpp_64p,func-filters-count,30,"[""S"", ""\u4e2d\u533b"", ""\u5982\u679c\u662f"", "" \ubb3c\ub860"", ""ursed""]"
multihop,jpp_64p,func-filters-count,38,"[""\u5169"", ""C"", ""\u5169\u500b"", "" \u043c\u0435\u0434\u0438\u0446\u0438\u043d"", ""two""]"
multihop,jpp_64p,func-filters-count,45,"["" kidneys"", ""\u4e24\u4e2a"", ""\u8fd9\u4e24\u4e2a"", ""\u0e44\u0e15"", ""osomes""]"
multihop,jpp_64p,func-filters-count,52,"["" kidneys"", "" kidney"", "" Kidney"", ""Kid"", ""\u80be""]"
multihop,logit,birthstone-emerald-month,8,"["" l"", ""un"", "" que"", "" even"", ""om""]"
multihop,logit,birthstone-emerald-month,15,"[""\u3068\u3053\u308d\u3067"", ""\u306e\u8aac\u660e"", ""\u3068\u3053\u308d\u306b"", ""C"", ""tedir""]"
multihop,logit,birthstone-emerald-month,22,"[""K"", ""C"", ""B"", ""O"", ""S""]"
multihop,logit,birthstone-emerald-month,30,"["" l"", "" own"", ""ly"", ""ed"", ""y""]"
multihop,logit,birthstone-emerald-month,38,"["" l"", "" a"", "" que"", ""ed"", "" it""]"
multihop,logit,birthstone-emerald-month,45,"["" l"", ""C"", "" a"", "" April"", "" gemstone""]"
multihop,logit,birthstone-emerald-month,52,"["" Emerald"", "" l"", ""Emerald"", "" emerald"", ""emerald""]"
multihop,jlens_16p,birthstone-emerald-month,8,"[""y"", ""yeri"", ""ness"", ""\u094d\u092f"", ""mett""]"
multihop,jlens_16p,birthstone-emerald-month,15,"[""\u0420\u0410"", ""UKA"", "" PRP"", "" own"", "" la""]"
multihop,jlens_16p,birthstone-emerald-month,22,"[""\u0420\u0410"", ""UKA"", "" own"", "" PRP"", "" la""]"
multihop,jlens_16p,birthstone-emerald-month,30,"["" own"", "" up"", ""pluck"", "" uma"", ""zuki""]"
multihop,jlens_16p,birthstone-emerald-month,38,"["" own"", "" uma"", "" kind"", ""\ud835\udc90"", ""lest""]"
multihop,jlens_16p,birthstone-emerald-month,45,"[""\u0647\u0627"", "" uma"", ""\u7684\u662f"", ""\u064b\u0627"", ""unum""]"
multihop,jlens_16p,birthstone-emerald-month,52,"["" emerald"", "" Emerald"", ""Emerald"", ""emerald"", "" May""]"
multihop,rlens_16p,birthstone-emerald-month,8,"[""ysh"", ""ize"", "" \ubd80\ud0c1"", "" konusu"", ""\ube5b""]"
multihop,rlens_16p,birthstone-emerald-month,15,"["" emerald"", "" own"", "" Emerald"", ""emerald"", ""Emerald""]"
multihop,rlens_16p,birthstone-emerald-month,22,"["" own"", "" emerald"", "" Emerald"", ""emerald"", ""\u4f73""]"
multihop,rlens_16p,birthstone-emerald-month,30,"["" own"", ""\u4f73"", "" emerald"", "" \ub4f1\uc774"", "" Emerald""]"
multihop,rlens_16p,birthstone-emerald-month,38,"["" own"", ""ed"", ""\u8272\u306f"", ""\uc0c9"", ""S""]"
multihop,rlens_16p,birthstone-emerald-month,45,"["" emerald"", "" Emerald"", ""\u7eff"", "" either"", ""s""]"
multihop,rlens_16p,birthstone-emerald-month,52,"["" emerald"", "" Emerald"", ""emerald"", ""Emerald"", "" May""]"
multihop,rlens_64p,birthstone-emerald-month,8,"[""ysh"", "" konusu"", ""ize"", "" \ubd80\ud0c1"", ""\u886c""]"
multihop,rlens_64p,birthstone-emerald-month,15,"["" emerald"", "" own"", "" Emerald"", ""emerald"", ""Emerald""]"
multihop,rlens_64p,birthstone-emerald-month,22,"["" own"", "" emerald"", "" Emerald"", ""\u4f73"", ""emerald""]"
multihop,rlens_64p,birthstone-emerald-month,30,"["" own"", ""\u4f73"", "" emerald"", "" Emerald"", ""\ube5b""]"
multihop,rlens_64p,birthstone-emerald-month,38,"["" own"", ""ed"", ""S"", ""\u8272\u306f"", ""\u5176\u4ed6\u7684""]"
multihop,rlens_64p,birthstone-emerald-month,45,"["" emerald"", "" Emerald"", ""\u7eff"", ""\u7684\u662f"", ""\u0629""]"
multihop,rlens_64p,birthstone-emerald-month,52,"["" emerald"", "" Emerald"", ""Emerald"", ""emerald"", "" May""]"
multihop,jpp_64p,birthstone-emerald-month,8,"["" own"", "" emerge"", ""meli"", "" element"", ""\u0bb1\u0bc8""]"
multihop,jpp_64p,birthstone-emerald-month,15,"["" emerald"", "" own"", ""emerald"", "" Emerald"", ""yland""]"
multihop,jpp_64p,birthstone-emerald-month,22,"["" emerald"", "" own"", ""emerald"", ""yland"", ""\ube5b""]"
multihop,jpp_64p,birthstone-emerald-month,30,"["" own"", "" emerald"", ""\u4f73"", "" Emerald"", "" colour""]"
multihop,jpp_64p,birthstone-emerald-month,38,"["" Emerald"", ""Emerald"", ""\u7fe1"", ""\u8272\u306f"", ""\uc0c9""]"
multihop,jpp_64p,birthstone-emerald-month,45,"["" emerald"", "" Emerald"", ""Emerald"", ""emerald"", ""green""]"
multihop,jpp_64p,birthstone-emerald-month,52,"["" emerald"", "" Emerald"", ""Emerald"", ""emerald"", ""\u7eff""]"
multihop,logit,holiday-independence-monthnum,8,"["" l"", "" de"", ""ab"", "" even"", ""os""]"
multihop,logit,holiday-independence-monthnum,15,"[""s"", "" la"", ""B"", ""C"", ""en""]"
multihop,logit,holiday-independence-monthnum,22,"[""B"", "" own"", ""s"", "" la"", ""T""]"
multihop,logit,holiday-independence-monthnum,30,"["" l"", "" own"", ""e"", ""ed"", ""y""]"
multihop,logit,holiday-independence-monthnum,38,"[""ed"", "" either"", "" l"", ""K"", ""er""]"
multihop,logit,holiday-independence-monthnum,45,"["" l"", ""ed"", "" own"", ""C"", "" July""]"
multihop,logit,holiday-independence-monthnum,52,"["" July"", ""July"", "" julho"", "" july"", "" \u0438\u044e\u043b\u044f""]"
multihop,jlens_16p,holiday-independence-monthnum,8,"[""y"", ""yeri"", ""ness"", ""\u094d\u092f"", ""mett""]"
multihop,jlens_16p,holiday-independence-monthnum,15,"[""UKA"", ""\u0420\u0410"", "" PRP"", "" own"", "" la""]"
multihop,jlens_16p,holiday-independence-monthnum,22,"["" own"", ""UKA"", ""\u0420\u0410"", ""\u0627\u0631\u0643"", "" and""]"
multihop,jlens_16p,holiday-independence-monthnum,30,"[""mente"", ""ed"", "" able"", "" up"", ""\u0941\u0915""]"
multihop,jlens_16p,holiday-independence-monthnum,38,"["" able"", "" uma"", "" own"", ""mente"", "" up""]"
multihop,jlens_16p,holiday-independence-monthnum,45,"["" able"", "" ability"", ""\u0627\u062a"", ""\u7684\u662f"", ""\u0647""]"
multihop,jlens_16p,holiday-independence-monthnum,52,"["" July"", ""July"", "" july"", "" JULY"", "" julho""]"
multihop,rlens_16p,holiday-independence-monthnum,8,"[""\u0e31\u0e19"", ""\u8fc7"", ""umus"", "" \uadf8\ub807"", ""\u0e31\u0e1b""]"
multihop,rlens_16p,holiday-independence-monthnum,15,"["" America"", ""america"", "" Canada"", "" \u0e44\u0e17\u0e22"", "" US""]"
multihop,rlens_16p,holiday-independence-monthnum,22,"["" America"", ""\u7f8e\u56fd"", ""america"", "" \u7f8e\u56fd"", "" Canada""]"
multihop,rlens_16p,holiday-independence-monthnum,30,"[""ualmente"", ""Amer"", "" Canada"", "" America"", "" Brasileiro""]"
multihop,rlens_16p,holiday-independence-monthnum,38,"[""S"", ""tober"", ""american"", ""\u7684\u56fd\u5bb6"", ""\u0e32\u0e22\u0e19""]"
multihop,rlens_16p,holiday-independence-monthnum,45,"["" july"", ""\u0627\u062a"", "" September"", "" July"", "" August""]"
multihop,rlens_16p,holiday-independence-monthnum,52,"["" July"", ""July"", "" july"", "" julho"", "" juillet""]"
multihop,rlens_64p,holiday-independence-monthnum,8,"[""\u8fc7"", ""\u0e31\u0e19"", "" \uadf8\ub807"", ""umus"", ""\u54ea\u4e2a""]"
multihop,rlens_64p,holiday-independence-monthnum,15,"[""america"", "" America"", "" Canada"", "" US"", "" \u7f8e\u56fd""]"
multihop,rlens_64p,holiday-independence-monthnum,22,"["" America"", ""\u7f8e\u56fd"", ""america"", "" \u7f8e\u56fd"", "" Canada""]"
multihop,rlens_64p,holiday-independence-monthnum,30,"[""ualmente"", ""Amer"", "" America"", ""amarca"", ""fri""]"
multihop,rlens_64p,holiday-independence-monthnum,38,"[""S"", ""tober"", "" \u0993\u09df\u09c7\u09b8\u09cd\u099f"", ""\u0e32\u0e22\u0e19"", ""american""]"
multihop,rlens_64p,holiday-independence-monthnum,45,"[""\u0627\u062a"", "" july"", "" September"", "" July"", "" August""]"
multihop,rlens_64p,holiday-independence-monthnum,52,"["" July"", ""July"", "" july"", "" julho"", "" juillet""]"
multihop,jpp_64p,holiday-independence-monthnum,8,"[""us"", ""usa"", ""\u0e2a\u0e38\u0e14"", ""usal"", ""so""]"
multihop,jpp_64p,holiday-independence-monthnum,15,"[""usan"", ""us"", "" US"", "" USA"", ""USA""]"
multihop,jpp_64p,holiday-independence-monthnum,22,"["" Canada"", ""\u7f8e\u56fd"", ""\u7f8e\u56fd\u7684"", "" \u0aad\u0abe\u0ab0\u0aa4"", "" America""]"
multihop,jpp_64p,holiday-independence-monthnum,30,"["" Canada"", "" America"", ""\u7f8e\u56fd"", "" canada"", ""\u534e""]"
multihop,jpp_64p,holiday-independence-monthnum,38,"[""american"", "" Th\u00e1ng"", "" month"", "" \u0421\u0428\u0410"", "" estadounidense""]"
multihop,jpp_64p,holiday-independence-monthnum,45,"["" july"", "" July"", "" September"", ""September"", "" th\u00e1ng""]"
multihop,jpp_64p,holiday-independence-monthnum,52,"["" July"", ""July"", "" july"", "" julho"", "" JULY""]"
multihop,logit,holiday-christmas-monthnum,8,"["" de"", ""ina"", "" own"", "" l"", "" even""]"
multihop,logit,holiday-christmas-monthnum,15,"["" l"", ""s"", ""ina"", ""\u0ba4\u0bc1"", ""iz""]"
multihop,logit,holiday-christmas-monthnum,22,"["" l"", "" own"", "" uma"", "" even"", ""\u0101""]"
multihop,logit,holiday-christmas-monthnum,30,"["" own"", "" l"", "" and"", ""ly"", ""y""]"
multihop,logit,holiday-christmas-monthnum,38,"[""-"", ""L"", "" and"", ""C"", ""y""]"
multihop,logit,holiday-christmas-monthnum,45,"[""C"", ""y"", ""ed"", ""ly"", ""B""]"
multihop,logit,holiday-christmas-monthnum,52,"["" repeating"", "" repetition"", "" repeat"", ""Repeat"", "" Repeat""]"
multihop,jlens_16p,holiday-christmas-monthnum,8,"[""y"", ""yeri"", ""ness"", ""\u094d\u092f"", ""mett""]"
multihop,jlens_16p,holiday-christmas-monthnum,15,"[""\u0420\u0410"", ""UKA"", "" PRP"", "" own"", "" la""]"
multihop,jlens_16p,holiday-christmas-monthnum,22,"[""y"", ""yeri"", ""ness"", ""\u094d\u092f"", ""mett""]"
multihop,jlens_16p,holiday-christmas-monthnum,30,"[""mente"", ""\u306a"", ""ations"", ""ated"", ""s""]"
multihop,jlens_16p,holiday-christmas-monthnum,38,"["" own"", ""\u6027"", ""mente"", ""ly"", ""\u101e\u102c\u1038""]"
multihop,jlens_16p,holiday-christmas-monthnum,45,"[""ly"", ""to"", ""\u0647\u0627"", ""ation"", ""set""]"
multihop,jlens_16p,holiday-christmas-monthnum,52,"["" \ubc18\ubcf5"", "" repetition"", ""repeated"", ""repet"", ""repeat""]"
multihop,rlens_16p,holiday-christmas-monthnum,8,"["" able"", ""\u062a\u0628\u0639"", ""steiner"", ""\u5f88\u591a"", ""geny""]"
multihop,rlens_16p,holiday-christmas-monthnum,15,"["" l"", "" able"", "" \uad49\uc7a5\ud788"", ""\ud835\ude5d"", "" \u60c5""]"
multihop,rlens_16p,holiday-christmas-monthnum,22,"["" own"", "" l"", ""tson"", ""idy"", ""riting""]"
multihop,rlens_16p,holiday-christmas-monthnum,30,"["" own"", ""S"", "" fact"", ""P"", "" same""]"
multihop,rlens_16p,holiday-christmas-monthnum,38,"[""S"", ""B"", ""L"", ""ed"", ""s""]"
multihop,rlens_16p,holiday-christmas-monthnum,45,"[""s"", ""S"", ""-"", ""ly"", "" fact""]"
multihop,rlens_16p,holiday-christmas-monthnum,52,"["" \ubc18\ubcf5"", ""repeat"", "" repetition"", ""-"", ""repeated""]"
multihop,rlens_64p,holiday-christmas-monthnum,8,"["" able"", ""\u062a\u0628\u0639"", ""steiner"", ""geny"", ""\u0e17\u0e22\u0e4c""]"
multihop,rlens_64p,holiday-christmas-monthnum,15,"["" l"", "" able"", ""\ud835\ude5d"", "" own"", ""\u0432\u043b\u0435""]"
multihop,rlens_64p,holiday-christmas-monthnum,22,"["" own"", "" l"", "" same"", ""idy"", ""riting""]"
multihop,rlens_64p,holiday-christmas-monthnum,30,"["" own"", "" same"", "" fact"", ""S"", "" which""]"
multihop,rlens_64p,holiday-christmas-monthnum,38,"[""S"", ""ed"", ""L"", ""/"", ""s""]"
multihop,rlens_64p,holiday-christmas-monthnum,45,"[""s"", ""-"", ""ly"", ""S"", "" fact""]"
multihop,rlens_64p,holiday-christmas-monthnum,52,"["" \ubc18\ubcf5"", ""repeated"", ""repeat"", ""-"", "" repetition""]"
multihop,jpp_64p,holiday-christmas-monthnum,8,"[""ning"", ""that"", "" diantaranya"", ""\u0e16\u0e21"", ""tox""]"
multihop,jpp_64p,holiday-christmas-monthnum,15,"["" la"", "" own"", "" l"", "" soon"", ""\u76f8\u5f53""]"
multihop,jpp_64p,holiday-christmas-monthnum,22,"["" own"", "" l"", "" same"", ""tson"", "" notion""]"
multihop,jpp_64p,holiday-christmas-monthnum,30,"["" own"", ""/"", "" or"", "" fact"", ""ing""]"
multihop,jpp_64p,holiday-christmas-monthnum,38,"[""L"", "" or"", ""ed"", ""/"", ""ipsis""]"
multihop,jpp_64p,holiday-christmas-monthnum,45,"[""**"", ""S"", "" **"", ""ed"", ""s""]"
multihop,jpp_64p,holiday-christmas-monthnum,52,"["" \ubc18\ubcf5"", "" repetition"", "" repeat"", ""repeat"", ""repeated""]"
multihop,logit,holiday-halloween-monthnum,8,"["" le"", "" l"", ""iz"", ""ina"", "" de""]"
multihop,logit,holiday-halloween-monthnum,15,"["" l"", ""s"", "" de"", ""ina"", ""\u0ba4\u0bc1""]"
multihop,logit,holiday-halloween-monthnum,22,"["" l"", "" own"", "" uma"", "" even"", "" de""]"
multihop,logit,holiday-halloween-monthnum,30,"["" own"", "" l"", "" and"", ""ly"", ""ed""]"
multihop,logit,holiday-halloween-monthnum,38,"[""-"", "" and"", ""L"", ""ly"", ""y""]"
multihop,logit,holiday-halloween-monthnum,45,"["" own"", ""y"", ""C"", ""ed"", ""B""]"
multihop,logit,holiday-halloween-monthnum,52,"["" repetition"", "" repeating"", ""repe"", "" \ubc18\ubcf5"", ""Repeat""]"
multihop,jlens_16p,holiday-halloween-monthnum,8,"[""y"", ""yeri"", ""ness"", ""\u094d\u092f"", ""mett""]"
multihop,jlens_16p,holiday-halloween-monthnum,15,"[""UKA"", ""\u0420\u0410"", "" PRP"", "" own"", "" la""]"
multihop,jlens_16p,holiday-halloween-monthnum,22,"[""y"", ""ness"", ""yeri"", ""\u094d\u092f"", ""mett""]"
multihop,jlens_16p,holiday-halloween-monthnum,30,"[""mente"", ""s"", ""\u306a"", ""Fam"", ""ated""]"
multihop,jlens_16p,holiday-halloween-monthnum,38,"["" own"", ""\u6027"", ""mente"", ""s"", ""\u101e\u102c\u1038""]"
multihop,jlens_16p,holiday-halloween-monthnum,45,"[""\u0647\u0627"", ""to"", ""ly"", ""ar"", ""ation""]"
multihop,jlens_16p,holiday-halloween-monthnum,52,"["" repetition"", "" \ubc18\ubcf5"", ""repet"", ""repeated"", "" repet""]"
multihop,rlens_16p,holiday-halloween-monthnum,8,"["" able"", ""\u062a\u0628\u0639"", "" \uad49\uc7a5\ud788"", ""steiner"", ""\u5f88\u591a""]"
multihop,rlens_16p,holiday-halloween-monthnum,15,"["" l"", "" able"", "" \uad49\uc7a5\ud788"", ""\ud835\ude5d"", ""nal""]"
multihop,rlens_16p,holiday-halloween-monthnum,22,"["" l"", "" own"", ""otsu"", ""\u0e0d\u0e32"", ""tson""]"
multihop,rlens_16p,holiday-halloween-monthnum,30,"["" own"", ""S"", "" fact"", ""P"", "" same""]"
multihop,rlens_16p,holiday-halloween-monthnum,38,"[""S"", ""B"", ""ed"", ""L"", ""s""]"
multihop,rlens_16p,holiday-halloween-monthnum,45,"[""s"", ""-"", ""S"", ""ly"", ""\u0629""]"
multihop,rlens_16p,holiday-halloween-monthnum,52,"["" \ubc18\ubcf5"", ""repeated"", ""repeat"", ""repet"", "" repetition""]"
multihop,rlens_64p,holiday-halloween-monthnum,8,"["" able"", ""\u062a\u0628\u0639"", "" \uad49\uc7a5\ud788"", ""steiner"", ""geny""]"
multihop,rlens_64p,holiday-halloween-monthnum,15,"["" l"", "" able"", "" \uad49\uc7a5\ud788"", ""\ud835\ude5d"", ""\u0e0d\u0e32""]"
multihop,rlens_64p,holiday-halloween-monthnum,22,"["" l"", "" own"", ""\u0e0d\u0e32"", "" same"", ""otsu""]"
multihop,rlens_64p,holiday-halloween-monthnum,30,"["" own"", "" same"", "" fact"", ""S"", ""/""]"
multihop,rlens_64p,holiday-halloween-monthnum,38,"[""S"", ""ed"", ""/"", ""L"", ""s""]"
multihop,rlens_64p,holiday-halloween-monthnum,45,"[""s"", ""-"", ""ly"", ""S"", ""\u0629""]"
multihop,rlens_64p,holiday-halloween-monthnum,52,"[""repeated"", ""repet"", ""repeat"", "" \ubc18\ubcf5"", "" repetition""]"
multihop,jpp_64p,holiday-halloween-monthnum,8,"["" que"", ""\u0e16\u0e21"", ""that"", ""ning"", ""\u043a\u0442\u043e""]"
multihop,jpp_64p,holiday-halloween-monthnum,15,"["" l"", "" la"", "" own"", "" able"", ""\u76f8\u5f53""]"
multihop,jpp_64p,holiday-halloween-monthnum,22,"["" l"", "" own"", "" fact"", "" notion"", "" same""]"
multihop,jpp_64p,holiday-halloween-monthnum,30,"["" own"", ""ing"", ""/"", "" fact"", ""S""]"
multihop,jpp_64p,holiday-halloween-monthnum,38,"[""L"", ""ed"", ""ipsis"", ""/"", ""Emoji""]"
multihop,jpp_64p,holiday-halloween-monthnum,45,"[""**"", ""S"", "" **"", ""-"", ""s""]"
multihop,jpp_64p,holiday-halloween-monthnum,52,"["" \ubc18\ubcf5"", "" repetition"", ""repeated"", ""repeat"", "" repeating""]"
multihop,logit,etym-janus-monthnum,8,"[""iz"", "" l"", ""ina"", ""\u0ba4\u0bc1"", "" de""]"
multihop,logit,etym-janus-monthnum,15,"["" l"", ""s"", ""en"", ""\u0ba4\u0bc1"", ""ina""]"
multihop,logit,etym-janus-monthnum,22,"["" uma"", ""\u043d\u0430"", ""T"", "" \u041f\u043e"", ""\u0e40\u0e23\u0e32""]"
multihop,logit,etym-janus-monthnum,30,"["" l"", ""e"", "" own"", ""y"", ""er""]"
multihop,logit,etym-janus-monthnum,38,"["" l"", ""ed"", "" a"", ""K"", ""y""]"
multihop,logit,etym-janus-monthnum,45,"["" l"", "" a"", ""C"", ""ed"", ""ing""]"
multihop,logit,etym-janus-monthnum,52,"["" l"", "" Jan"", "" jan"", ""Jan"", "" January""]"
multihop,jlens_16p,etym-janus-monthnum,8,"[""y"", ""yeri"", ""ness"", ""\u094d\u092f"", ""mett""]"
multihop,jlens_16p,etym-janus-monthnum,15,"[""\u0420\u0410"", ""UKA"", "" PRP"", "" own"", "" la""]"
multihop,jlens_16p,etym-janus-monthnum,22,"[""UKA"", ""\u0420\u0410"", "" own"", "" PRP"", "" la""]"
multihop,jlens_16p,etym-janus-monthnum,30,"["" up"", "" own"", ""mente"", "" soon"", "" -""]"
multihop,jlens_16p,etym-janus-monthnum,38,"["" own"", ""mente"", ""ly"", ""ed"", ""ity""]"
multihop,jlens_16p,etym-janus-monthnum,45,"[""\u0647\u0627"", "" either"", "" \uc2f6"", "" \u0627\u0644\u0623\u062e\u0631\u0649"", ""un""]"
multihop,jlens_16p,etym-janus-monthnum,52,"["" January"", ""January"", "" Janus"", "" january"", ""Jan""]"
multihop,rlens_16p,etym-janus-monthnum,8,"[""cnf"", ""\u062a\u0628\u0639"", ""\uc9c0\uc694"", "" \u7c7b"", ""\uac83""]"
multihop,rlens_16p,etym-janus-monthnum,15,"["" l"", "" la"", ""\u0432\u043b\u0435"", ""\ud835\ude5d"", ""\u0e2b\u0e4c""]"
multihop,rlens_16p,etym-janus-monthnum,22,"["" own"", "" months"", "" Almanac"", ""\u4e2a\u6570"", "" month""]"
multihop,rlens_16p,etym-janus-monthnum,30,"[""\u0e24"", ""ed"", ""\uaf3d"", ""\u044c"", ""cimiento""]"
multihop,rlens_16p,etym-janus-monthnum,38,"[""S"", ""ed"", ""\u0627\u064b"", ""\u0447\u043d\u043e"", ""rrrr""]"
multihop,rlens_16p,etym-janus-monthnum,45,"["" either"", ""\u0647\u0627"", "" January"", ""\u0627\u064b"", ""January""]"
multihop,rlens_16p,etym-janus-monthnum,52,"["" January"", ""January"", ""Jan"", "" Janus"", "" Jan""]"
multihop,rlens_64p,etym-janus-monthnum,8,"[""cnf"", ""\uc9c0\uc694"", ""\u062a\u0628\u0639"", "" able"", ""\uac83""]"
multihop,rlens_64p,etym-janus-monthnum,15,"["" l"", "" la"", ""\u0432\u043b\u0435"", ""\ud835\ude5d"", "" \u60c5""]"
multihop,rlens_64p,etym-janus-monthnum,22,"["" own"", "" months"", ""\u4e2a\u6570"", "" Almanac"", "" notion""]"
multihop,rlens_64p,etym-janus-monthnum,30,"[""\u0e24"", ""ed"", ""\u044c"", ""\uaf3d"", ""\uc12d""]"
multihop,rlens_64p,etym-janus-monthnum,38,"[""S"", ""ed"", ""\u0627\u064b"", ""\u0447\u043d\u043e"", ""rrrr""]"
multihop,rlens_64p,etym-janus-monthnum,45,"["" either"", ""\u0647\u0627"", "" January"", ""January"", ""\uc801\uc73c\ub85c""]"
multihop,rlens_64p,etym-janus-monthnum,52,"["" January"", ""January"", ""Jan"", "" Janus"", "" Jan""]"
multihop,jpp_64p,etym-janus-monthnum,8,"["" own"", "" number"", ""ning"", "" diantaranya"", ""\u985e""]"
multihop,jpp_64p,etym-janus-monthnum,15,"["" la"", "" l"", "" own"", "" anlam"", ""\u3076\u308a""]"
multihop,jpp_64p,etym-janus-monthnum,22,"["" own"", ""arkt"", "" notion"", "" \ub4ef"", "" months""]"
multihop,jpp_64p,etym-janus-monthnum,30,"[""S"", ""\u0e24"", ""\uaf3d"", ""\u308b"", ""\u6708\u4efd""]"
multihop,jpp_64p,etym-janus-monthnum,38,"[""S"", ""\u6708\u4efd"", ""L"", "" months"", ""B""]"
multihop,jpp_64p,etym-janus-monthnum,45,"[""\u6708\u4efd"", "" January"", ""month"", "" gennaio"", "" month""]"
multihop,jpp_64p,etym-janus-monthnum,52,"["" January"", ""Jan"", ""January"", "" Janus"", "" Jan""]"
multihop,logit,etym-caesar-monthnum,8,"["" de"", "" l"", ""ina"", "" own"", ""iz""]"
multihop,logit,etym-caesar-monthnum,15,"["" l"", ""s"", ""ina"", ""\u0ba4\u0bc1"", "" uma""]"
multihop,logit,etym-caesar-monthnum,22,"["" own"", "" l"", "" uma"", "" de"", "" la""]"
multihop,logit,etym-caesar-monthnum,30,"["" l"", "" own"", "" and"", ""y"", "" a""]"
multihop,logit,etym-caesar-monthnum,38,"["" l"", "" a"", ""-"", ""K"", ""ed""]"
multihop,logit,etym-caesar-monthnum,45,"["" l"", "" a"", ""ing"", ""ed"", "" July""]"
multihop,logit,etym-caesar-monthnum,52,"["" l"", "" July"", ""July"", "" july"", "" Jul""]"
multihop,jlens_16p,etym-caesar-monthnum,8,"[""y"", ""yeri"", ""ness"", ""\u094d\u092f"", ""mett""]"
multihop,jlens_16p,etym-caesar-monthnum,15,"[""\u0420\u0410"", ""UKA"", "" PRP"", "" own"", "" la""]"
multihop,jlens_16p,etym-caesar-monthnum,22,"[""UKA"", "" own"", ""\u0420\u0410"", "" PRP"", ""\u043a\u0438\u043d\u0430""]"
multihop,jlens_16p,etym-caesar-monthnum,30,"[""mente"", "" up"", "" fact"", ""ikr"", "" -""]"
multihop,jlens_16p,etym-caesar-monthnum,38,"["" fact"", ""ities"", ""ly"", ""mente"", ""I""]"
multihop,jlens_16p,etym-caesar-monthnum,45,"["" July"", "" January"", "" th\u00e1ng"", "" August"", "" month""]"
multihop,jlens_16p,etym-caesar-monthnum,52,"["" July"", ""July"", "" Jul"", "" july"", "" month""]"
multihop,rlens_16p,etym-caesar-monthnum,8,"["" able"", ""\u062a\u0628\u0639"", ""mente"", ""steiner"", ""geny""]"
multihop,rlens_16p,etym-caesar-monthnum,15,"["" l"", "" able"", ""\ud835\ude5d"", "" \uad49\uc7a5\ud788"", ""nal""]"
multihop,rlens_16p,etym-caesar-monthnum,22,"["" l"", "" own"", ""\u4f73"", ""tson"", "" Almanac""]"
multihop,rlens_16p,etym-caesar-monthnum,30,"[""S"", ""\u4f73"", ""0"", ""%"", ""oldCount""]"
multihop,rlens_16p,etym-caesar-monthnum,38,"[""S"", "" own"", "" months"", "" **"", "" \u00e9t\u00e9""]"
multihop,rlens_16p,etym-caesar-monthnum,45,"["" month"", "" th\u00e1ng"", "" July"", "" August"", "" January""]"
multihop,rlens_16p,etym-caesar-monthnum,52,"["" July"", ""July"", "" julho"", ""Jul"", "" Jul""]"
multihop,rlens_64p,etym-caesar-monthnum,8,"["" able"", ""\u062a\u0628\u0639"", ""geny"", ""cnf"", ""steiner""]"
multihop,rlens_64p,etym-caesar-monthnum,15,"["" l"", "" able"", ""\ud835\ude5d"", ""\ud835\ude68"", "" \uad49\uc7a5\ud788""]"
multihop,rlens_64p,etym-caesar-monthnum,22,"["" l"", "" own"", "" notion"", "" same"", ""tson""]"
multihop,rlens_64p,etym-caesar-monthnum,30,"["" own"", "" same"", ""%"", ""S"", ""oldCount""]"
multihop,rlens_64p,etym-caesar-monthnum,38,"[""S"", "" own"", ""\u03c9\u03c3"", ""inox"", "" months""]"
multihop,rlens_64p,etym-caesar-monthnum,45,"["" month"", "" th\u00e1ng"", "" August"", "" July"", "" September""]"
multihop,rlens_64p,etym-caesar-monthnum,52,"["" July"", ""July"", "" Jul"", "" julho"", ""Jul""]"
multihop,jpp_64p,etym-caesar-monthnum,8,"["" diantaranya"", ""\u0e16\u0e21"", ""tted"", ""TaskList"", "" Dany""]"
multihop,jpp_64p,etym-caesar-monthnum,15,"["" la"", "" l"", "" own"", ""\u3076\u308a"", "" progeny""]"
multihop,jpp_64p,etym-caesar-monthnum,22,"["" own"", "" l"", "" notion"", "" same"", ""tson""]"
multihop,jpp_64p,etym-caesar-monthnum,30,"[""S"", "" own"", "" fact"", ""L"", ""oldCount""]"
multihop,jpp_64p,etym-caesar-monthnum,38,"["" summertime"", "" months"", ""\u6708\u4efd"", "" month"", ""Months""]"
multihop,jpp_64p,etym-caesar-monthnum,45,"["" month"", ""month"", ""\u6708\u4efd"", "" th\u00e1ng"", "" Month""]"
multihop,jpp_64p,etym-caesar-monthnum,52,"["" July"", ""July"", "" Jul"", "" julho"", ""Jul""]"
multihop,logit,inv-balloon-opposite,8,"[""</h2>"", ""<|tool_call>"", ""</span>"", ""le"", ""</h1>""]"
multihop,logit,inv-balloon-opposite,15,"["" de"", "" l"", "" \u0432"", ""sa"", "" la""]"
multihop,logit,inv-balloon-opposite,22,"["" de"", "" l"", "" la"", "" objet"", "" \u0432""]"
multihop,logit,inv-balloon-opposite,30,"["" l"", ""ly"", "" own"", ""ed"", "" would""]"
multihop,logit,inv-balloon-opposite,38,"[""-"", "" l"", ""y"", ""ing"", ""ed""]"
multihop,logit,inv-balloon-opposite,45,"["" l"", ""-"", "" up"", ""C"", ""ing""]"
multihop,logit,inv-balloon-opposite,52,"["" down"", "" Down"", "" l"", ""Down"", ""down""]"
multihop,jlens_16p,inv-balloon-opposite,8,"[""y"", ""yeri"", ""ness"", ""\u094d\u092f"", ""mett""]"
multihop,jlens_16p,inv-balloon-opposite,15,"[""\u0420\u0410"", ""UKA"", "" PRP"", "" own"", "" la""]"
multihop,jlens_16p,inv-balloon-opposite,22,"[""UKA"", ""\u0420\u0410"", "" PRP"", "" own"", "" la""]"
multihop,jlens_16p,inv-balloon-opposite,30,"["" own"", "" uma"", ""ization"", ""zd"", "" fact""]"
multihop,jlens_16p,inv-balloon-opposite,38,"["" own"", "" uma"", ""\ub3c4"", ""\u0629"", ""\u0647""]"
multihop,jlens_16p,inv-balloon-opposite,45,"["" fact"", "" ability"", "" rest"", "" up"", "" downward""]"
multihop,jlens_16p,inv-balloon-opposite,52,"["" downward"", "" down"", "" downwards"", ""down"", "" Down""]"
multihop,rlens_16p,inv-balloon-opposite,8,"["" \uc2f6"", "" \u0e46"", "" \u091c\u093c\u094d\u092f\u093e\u0926\u093e"", ""\u06cc\u0648"", "" \u0623\u064a\u0636\u064b\u0627""]"
multihop,rlens_16p,inv-balloon-opposite,15,"["" \u0e46"", "" \u091c\u093c\u094d\u092f\u093e\u0926\u093e"", ""\u0d9f"", ""\u06cc\u0648"", ""\u0415\u0449\u0435""]"
multihop,rlens_16p,inv-balloon-opposite,22,"["" \u091c\u093c\u094d\u092f\u093e\u0926\u093e"", ""\u093e\u0908"", ""\u01ceng"", ""\u900a"", ""atee""]"
multihop,rlens_16p,inv-balloon-opposite,30,"[""\u02bb"", ""\u900a"", ""\u01ceng"", ""kow"", ""C""]"
multihop,rlens_16p,inv-balloon-opposite,38,"[""C"", ""NONE"", ""**"", ""quement"", "" /\u02c8""]"
multihop,rlens_16p,inv-balloon-opposite,45,"["" downward"", "" upward"", "" downwards"", ""\u5411\u4e0b"", "" toward""]"
multihop,rlens_16p,inv-balloon-opposite,52,"["" down"", "" downward"", ""down"", ""Down"", "" Down""]"
multihop,rlens_64p,inv-balloon-opposite,8,"["" \u091c\u093c\u094d\u092f\u093e\u0926\u093e"", "" \uc2f6"", "" \u0e46"", "" \u0623\u064a\u0636\u064b\u0627"", ""\u06cc\u0648""]"
multihop,rlens_64p,inv-balloon-opposite,15,"["" \u091c\u093c\u094d\u092f\u093e\u0926\u093e"", "" \u0e46"", ""\u0415\u0449\u0435"", ""\ucef9"", ""\u0d9f""]"
multihop,rlens_64p,inv-balloon-opposite,22,"["" \u091c\u093c\u094d\u092f\u093e\u0926\u093e"", ""\u093e\u0908"", ""atee"", ""\ub85c\ub294"", ""\u01ceng""]"
multihop,rlens_64p,inv-balloon-opposite,30,"[""\u02bb"", ""\u01ceng"", ""\u900a"", ""C"", ""ynski""]"
multihop,rlens_64p,inv-balloon-opposite,38,"[""C"", ""NONE"", ""**"", ""quement"", ""none""]"
multihop,rlens_64p,inv-balloon-opposite,45,"["" downward"", "" upward"", ""\u5411\u4e0b"", "" toward"", "" downwards""]"
multihop,rlens_64p,inv-balloon-opposite,52,"["" down"", "" downward"", ""down"", ""Down"", "" Down""]"
multihop,jpp_64p,inv-balloon-opposite,8,"[""\u0e35\u0e22"", "" favorite"", ""\u0447\u0430"", ""ization"", ""\u3044\u308d\u3093\u306a""]"
multihop,jpp_64p,inv-balloon-opposite,15,"[""mathscr"", ""ulfonic"", ""P"", "" \u091c\u093c\u094d\u092f\u093e\u0926\u093e"", ""arcie""]"
multihop,jpp_64p,inv-balloon-opposite,22,"[""P"", ""ci\u0105\u017c"", ""ulfonic"", ""\u02bb"", ""arcie""]"
multihop,jpp_64p,inv-balloon-opposite,30,"[""C"", ""\u02bb"", ""\u900a"", ""ynski"", ""\u01ceng""]"
multihop,jpp_64p,inv-balloon-opposite,38,"["" la"", ""\u02bb"", "" none"", ""Hue"", ""none""]"
multihop,jpp_64p,inv-balloon-opposite,45,"["" downward"", ""down"", ""\u5411\u4e0b"", ""C"", "" la""]"
multihop,jpp_64p,inv-balloon-opposite,52,"["" down"", "" downward"", ""down"", "" Down"", ""Down""]"
multihop,logit,inv-roots-opposite,8,"[""</h2>"", ""<|tool_call>"", ""</span>"", ""le"", ""</h1>""]"
multihop,logit,inv-roots-opposite,15,"["" de"", "" l"", "" \u0432"", ""sa"", "" la""]"
multihop,logit,inv-roots-opposite,22,"["" l"", "" la"", "" de"", "" Excited"", ""\u0e40\u0e1b\u0e47\u0e19\u0e01\u0e32\u0e23""]"
multihop,logit,inv-roots-opposite,30,"["" l"", ""-"", ""ly"", ""y"", "" and""]"
multihop,logit,inv-roots-opposite,38,"[""-"", ""y"", ""T"", ""t"", ""ing""]"
multihop,logit,inv-roots-opposite,45,"["" up"", ""-"", "" upward"", "" upwards"", "" l""]"
multihop,logit,inv-roots-opposite,52,"["" up"", "" Up"", ""Up"", "" UP"", ""up""]"
multihop,jlens_16p,inv-roots-opposite,8,"[""y"", ""yeri"", ""ness"", ""\u094d\u092f"", ""mett""]"
multihop,jlens_16p,inv-roots-opposite,15,"[""UKA"", ""\u0420\u0410"", "" PRP"", "" own"", "" la""]"
multihop,jlens_16p,inv-roots-opposite,22,"[""UKA"", ""\u0420\u0410"", "" PRP"", "" own"", "" la""]"
multihop,jlens_16p,inv-roots-opposite,30,"["" own"", ""ization"", "" uma"", ""\u6027"", ""zd""]"
multihop,jlens_16p,inv-roots-opposite,38,"["" own"", ""\u0629"", ""\ub3c4"", "" uma"", ""\u0647\u0627""]"
multihop,jlens_16p,inv-roots-opposite,45,"["" ability"", "" rest"", "" fact"", ""ization"", ""ly""]"
multihop,jlens_16p,inv-roots-opposite,52,"["" upward"", "" up"", "" upwards"", ""ness"", ""ly""]"
multihop,rlens_16p,inv-roots-opposite,8,"["" \uc2f6"", "" \u0e46"", "" \u091c\u093c\u094d\u092f\u093e\u0926\u093e"", ""\u06cc\u0648"", "" \u0623\u064a\u0636\u064b\u0627""]"
multihop,rlens_16p,inv-roots-opposite,15,"[""\u0646\u064a\u0629"", "" \u091c\u093c\u094d\u092f\u093e\u0926\u093e"", ""\u042a"", ""\uc838"", ""Charset""]"
multihop,rlens_16p,inv-roots-opposite,22,"["" \u091c\u093c\u094d\u092f\u093e\u0926\u093e"", ""\u900a"", ""Charset"", ""\ub85c\ub294"", ""\u01ceng""]"
multihop,rlens_16p,inv-roots-opposite,30,"[""C"", ""\u900a"", ""\u1ea4"", ""\u02bb"", ""\u0907\u0938\u094d""]"
multihop,rlens_16p,inv-roots-opposite,38,"[""C"", ""**"", "" **"", ""NONE"", "" none""]"
multihop,rlens_16p,inv-roots-opposite,45,"["" upward"", "" upwards"", "" either"", ""\u5411\u4e0a"", "" toward""]"
multihop,rlens_16p,inv-roots-opposite,52,"["" upwards"", "" upward"", ""\u5411\u4e0a"", "" up"", "" downward""]"
multihop,rlens_64p,inv-roots-opposite,8,"["" \uc2f6"", "" \u091c\u093c\u094d\u092f\u093e\u0926\u093e"", "" \u0623\u064a\u0636\u064b\u0627"", "" \u0e46"", "" uma""]"
multihop,rlens_64p,inv-roots-opposite,15,"["" \u091c\u093c\u094d\u092f\u093e\u0926\u093e"", ""\u0646\u064a\u0629"", ""\ucef9"", "" Marcia"", ""Charset""]"
multihop,rlens_64p,inv-roots-opposite,22,"["" \u091c\u093c\u094d\u092f\u093e\u0926\u093e"", ""Charset"", ""\ub85c\ub294"", ""\u900a"", ""\ucef9""]"
multihop,rlens_64p,inv-roots-opposite,30,"[""C"", ""\u02bb"", ""\u900a"", ""Charset"", ""\u0907\u0938\u094d""]"
multihop,rlens_64p,inv-roots-opposite,38,"[""C"", ""**"", "" **"", ""NONE"", "" none""]"
multihop,rlens_64p,inv-roots-opposite,45,"["" upward"", "" upwards"", ""\u5411\u4e0a"", "" either"", "" **""]"
multihop,rlens_64p,inv-roots-opposite,52,"["" upwards"", "" upward"", ""\u5411\u4e0a"", "" up"", "" downward""]"
multihop,jpp_64p,inv-roots-opposite,8,"[""\u0e35\u0e22"", "" favorite"", ""\u0447\u0430"", ""ization"", ""ian""]"
multihop,jpp_64p,inv-roots-opposite,15,"[""P"", ""mathscr"", ""uncia"", ""ulfonic"", ""ial""]"
multihop,jpp_64p,inv-roots-opposite,22,"[""P"", ""way"", ""ial"", ""\u02bb"", ""uncia""]"
multihop,jpp_64p,inv-roots-opposite,30,"[""C"", ""P"", ""\u900a"", ""\u02bb"", ""\u1ea4""]"
multihop,jpp_64p,inv-roots-opposite,38,"["" la"", ""\u02bb"", "" none"", ""none"", ""FALSE""]"
multihop,jpp_64p,inv-roots-opposite,45,"[""C"", "" upward"", "" upwards"", ""\u5411\u4e0a"", "" la""]"
multihop,jpp_64p,inv-roots-opposite,52,"["" upward"", "" upwards"", ""\u5411\u4e0a"", "" up"", "" downward""]"
multihop,logit,rhyme-tree-squared,8,"["" le"", "" l"", ""iz"", ""ina"", "" de""]"
multihop,logit,rhyme-tree-squared,15,"["" l"", ""iz"", ""\u043d\u0430"", ""\u0645\u0627"", ""ina""]"
multihop,logit,rhyme-tree-squared,22,"["" l"", ""iz"", ""\u0439\u0442\u0438"", ""\u306b\u8ffd\u52a0"", ""\u043d\u0430""]"
multihop,logit,rhyme-tree-squared,30,"["" l"", "" a"", "" own"", ""C"", ""to""]"
multihop,logit,rhyme-tree-squared,38,"["" a"", ""-"", "" l"", ""C"", ""K""]"
multihop,logit,rhyme-tree-squared,45,"["" l"", ""-"", ""C"", "" a"", ""B""]"
multihop,logit,rhyme-tree-squared,52,"[""\u4e5d"", "" nine"", ""Nine"", "" \u0434\u0435\u0432\u044f"", "" Nine""]"
multihop,jlens_16p,rhyme-tree-squared,8,"[""y"", ""yeri"", ""ness"", ""\u094d\u092f"", ""mett""]"
multihop,jlens_16p,rhyme-tree-squared,15,"[""UKA"", ""\u0420\u0410"", "" PRP"", "" la"", "" own""]"
multihop,jlens_16p,rhyme-tree-squared,22,"[""UKA"", ""\u0420\u0410"", "" own"", "" PRP"", "" la""]"
multihop,jlens_16p,rhyme-tree-squared,30,"["" own"", "" uma"", ""s"", ""stone"", ""ist""]"
multihop,jlens_16p,rhyme-tree-squared,38,"["" uma"", ""s"", "" own"", "" able"", ""\ub3c4""]"
multihop,jlens_16p,rhyme-tree-squared,45,"["" able"", "" fact"", "" ability"", "" of"", ""ist""]"
multihop,jlens_16p,rhyme-tree-squared,52,"["" nine"", ""nine"", ""Nine"", ""9"", ""\uff19""]"
multihop,rlens_16p,rhyme-tree-squared,8,"["" able"", "" \ub4ef"", ""lets"", ""\u0631\u0628\u0639"", ""are""]"
multihop,rlens_16p,rhyme-tree-squared,15,"["" l"", "" able"", ""\u00b2"", "" \ub4ef"", ""hene""]"
multihop,rlens_16p,rhyme-tree-squared,22,"[""\u00b2"", ""\ub354\ub2c8"", ""\u91cf\u7684"", "" four"", ""umus""]"
multihop,rlens_16p,rhyme-tree-squared,30,"["" \uc81c\uacf1"", ""\u0631\u0628\u0639"", ""\u0e32\u0e15\u0e38"", ""value"", ""lest""]"
multihop,rlens_16p,rhyme-tree-squared,38,"[""B"", ""s"", ""S"", "" \u0447\u0438\u0441\u043b\u043e"", "" \uc81c\uacf1""]"
multihop,rlens_16p,rhyme-tree-squared,45,"[""s"", ""-"", ""nine"", ""S"", "" nine""]"
multihop,rlens_16p,rhyme-tree-squared,52,"["" nine"", ""nine"", ""\u4e5d"", "" Nine"", ""Nine""]"
multihop,rlens_64p,rhyme-tree-squared,8,"["" able"", "" \ub4ef"", ""lets"", ""are"", ""\u0631\u0628\u0639""]"
multihop,rlens_64p,rhyme-tree-squared,15,"["" l"", "" able"", ""\u00b2"", "" \ub4ef"", ""\u103d\u1004\u103a\u1038""]"
multihop,rlens_64p,rhyme-tree-squared,22,"[""\u00b2"", "" l"", ""\ub354\ub2c8"", "" four"", "" able""]"
multihop,rlens_64p,rhyme-tree-squared,30,"["" \uc81c\uacf1"", ""\u0e32\u0e15\u0e38"", ""\u0631\u0628\u0639"", ""value"", ""bourne""]"
multihop,rlens_64p,rhyme-tree-squared,38,"[""s"", ""B"", "" \ub4ef"", ""S"", ""C""]"
multihop,rlens_64p,rhyme-tree-squared,45,"[""s"", ""-"", ""nine"", ""S"", ""\uc758""]"
multihop,rlens_64p,rhyme-tree-squared,52,"["" nine"", ""nine"", ""\u4e5d"", "" Nine"", ""Nine""]"
multihop,jpp_64p,rhyme-tree-squared,8,"[""are"", "" own"", "" que"", ""spers"", ""rare""]"
multihop,jpp_64p,rhyme-tree-squared,15,"["" l"", "" la"", "" square"", ""\u00b2"", ""quare""]"
multihop,jpp_64p,rhyme-tree-squared,22,"[""\u00b2"", "" square"", "" squared"", "" l"", ""^""]"
multihop,jpp_64p,rhyme-tree-squared,30,"["" \uc81c\uacf1"", "" squaring"", "" squared"", "" ^"", ""\uc81c\uacf1""]"
multihop,jpp_64p,rhyme-tree-squared,38,"["" \uc81c\uacf1"", ""\uc81c\uacf1"", "" Squared"", ""Squared"", ""Square""]"
multihop,jpp_64p,rhyme-tree-squared,45,"["" nine"", ""nine"", ""s"", "" la"", "" \u0434\u0435\u0432\u044f""]"
multihop,jpp_64p,rhyme-tree-squared,52,"["" nine"", ""nine"", ""\u4e5d"", "" \u0434\u0435\u0432\u044f"", "" Nine""]"
multihop,logit,rhyme-hive-plusone,8,"["" le"", "" l"", ""iz"", ""ina"", "" de""]"
multihop,logit,rhyme-hive-plusone,15,"["" de"", "" l"", ""ina"", ""iz"", ""\u3044\u3046""]"
multihop,logit,rhyme-hive-plusone,22,"["" l"", "" de"", "" uma"", "" la"", ""iz""]"
multihop,logit,rhyme-hive-plusone,30,"["" own"", "" l"", ""ly"", ""er"", ""to""]"
multihop,logit,rhyme-hive-plusone,38,"["" a"", ""-"", "" what"", "" that"", "" one""]"
multihop,logit,rhyme-hive-plusone,45,"["" l"", ""ed"", ""y"", ""ly"", "" own""]"
multihop,logit,rhyme-hive-plusone,52,"[""B"", ""K"", ""-"", ""Nine"", ""nine""]"
multihop,jlens_16p,rhyme-hive-plusone,8,"[""y"", ""yeri"", ""ness"", ""\u094d\u092f"", ""mett""]"
multihop,jlens_16p,rhyme-hive-plusone,15,"[""UKA"", ""\u0420\u0410"", "" PRP"", "" la"", "" own""]"
multihop,jlens_16p,rhyme-hive-plusone,22,"[""\u0420\u0410"", ""UKA"", "" own"", "" PRP"", "" la""]"
multihop,jlens_16p,rhyme-hive-plusone,30,"["" uma"", "" able"", ""\u306a"", "" ability"", "" own""]"
multihop,jlens_16p,rhyme-hive-plusone,38,"["" uma"", ""\u0647"", ""\u0629"", ""e"", ""lest""]"
multihop,jlens_16p,rhyme-hive-plusone,45,"[""\u0647"", "" \u09af\u09c7\u09b0\u09c2\u09aa"", ""ly"", "" ability"", ""\u0647\u0627""]"
multihop,jlens_16p,rhyme-hive-plusone,52,"["" five"", "" six"", ""five"", "" sixty"", "" seven""]"
multihop,rlens_16p,rhyme-hive-plusone,8,"["" able"", "" \ub4ef"", "" \uad49\uc7a5\ud788"", ""lose"", ""bit""]"
multihop,rlens_16p,rhyme-hive-plusone,15,"["" l"", "" able"", "" \ub4ef"", "" well"", "" tajem""]"
multihop,rlens_16p,rhyme-hive-plusone,22,"["" level"", ""\u4e2a\u6570"", "" l"", "" \ub4ef"", "" able""]"
multihop,rlens_16p,rhyme-hive-plusone,30,"[""\u4e2a\u6570"", ""\u6b63\u662f"", ""lest"", ""Value"", ""\u7684\u662f""]"
multihop,rlens_16p,rhyme-hive-plusone,38,"[""\u4e2a\u6570"", ""B"", "" \u0928\u0902\u092c\u0930"", "" \u0447\u0438\u0441\u043b\u043e"", ""S""]"
multihop,rlens_16p,rhyme-hive-plusone,45,"[""-"", ""S"", ""s"", "" either"", ""\u4e00\u4e2a\u662f""]"
multihop,rlens_16p,rhyme-hive-plusone,52,"[""nine"", "" \ub2e4\uc12f"", ""-"", ""\u0647"", ""bigger""]"
multihop,rlens_64p,rhyme-hive-plusone,8,"["" able"", "" \ub4ef"", "" \uad49\uc7a5\ud788"", ""lose"", ""lets""]"
multihop,rlens_64p,rhyme-hive-plusone,15,"["" l"", "" able"", "" \ub4ef"", "" well"", "" \ubb38\uc81c\uc785\ub2c8\ub2e4""]"
multihop,rlens_64p,rhyme-hive-plusone,22,"["" l"", "" level"", "" \ub4ef"", "" able"", ""\u4e2a\u6570""]"
multihop,rlens_64p,rhyme-hive-plusone,30,"[""\u4e2a\u6570"", ""\u6b63\u662f"", ""P"", ""\uba85\uc774"", ""\u7684\u662f""]"
multihop,rlens_64p,rhyme-hive-plusone,38,"[""\u4e2a\u6570"", ""B"", ""S"", "" \u0447\u0438\u0441\u043b\u043e"", "" \u0928\u0902\u092c\u0930""]"
multihop,rlens_64p,rhyme-hive-plusone,45,"[""S"", ""-"", ""s"", ""\u4e00\u4e2a\u662f"", "" \ub2e4\uc12f""]"
multihop,rlens_64p,rhyme-hive-plusone,52,"[""nine"", "" \ub2e4\uc12f"", ""\u0647"", ""bigger"", "" nine""]"
multihop,jpp_64p,rhyme-hive-plusone,8,"[""yi"", ""\u0f66"", ""y"", ""quin"", ""\u0e32\u0e01\u0e23""]"
multihop,jpp_64p,rhyme-hive-plusone,15,"["" l"", "" able"", "" soon"", "" la"", ""y""]"
multihop,jpp_64p,rhyme-hive-plusone,22,"["" able"", "" l"", "" \ub4ef"", "" level"", ""\u4e2a\u6570""]"
multihop,jpp_64p,rhyme-hive-plusone,30,"[""\u4e2a\u6570"", ""S"", "" \ub4ef"", ""\u304f\u3044"", ""Value""]"
multihop,jpp_64p,rhyme-hive-plusone,38,"[""\u4e2a\u6570"", "" +"", ""+"", "" plus"", ""\u0e40\u0e1e\u0e34\u0e48\u0e21""]"
multihop,jpp_64p,rhyme-hive-plusone,45,"[""after"", ""seven"", "" after"", "" number"", "" FIVE""]"
multihop,jpp_64p,rhyme-hive-plusone,52,"["" l"", ""nine"", "" five"", "" nine"", "" six""]"
multihop,logit,firstletter-halloween-month,8,"[""le"", ""<|tool_call>"", "" l"", ""se"", ""</span>""]"
multihop,logit,firstletter-halloween-month,15,"["" l"", "" de"", "" \u0432"", ""sa"", "" la""]"
multihop,logit,firstletter-halloween-month,22,"["" l"", "" la"", "" de"", "" Excited"", "" parag""]"
multihop,logit,firstletter-halloween-month,30,"["" l"", "" own"", "" a"", ""ed"", ""ly""]"
multihop,logit,firstletter-halloween-month,38,"["" l"", ""-"", ""ed"", ""K"", "" either""]"
multihop,logit,firstletter-halloween-month,45,"["" l"", "" a"", ""-"", ""ed"", ""y""]"
multihop,logit,firstletter-halloween-month,52,"[""October"", "" l"", "" October"", ""Oct"", "" September""]"
multihop,jlens_16p,firstletter-halloween-month,8,"[""y"", ""yeri"", ""ness"", ""\u094d\u092f"", ""mett""]"
multihop,jlens_16p,firstletter-halloween-month,15,"[""UKA"", ""\u0420\u0410"", "" PRP"", "" own"", "" la""]"
multihop,jlens_16p,firstletter-halloween-month,22,"[""\u0420\u0410"", ""UKA"", "" own"", "" PRP"", "" la""]"
multihop,jlens_16p,firstletter-halloween-month,30,"["" own"", ""\u6027"", ""mente"", ""zv"", ""iosa""]"
multihop,jlens_16p,firstletter-halloween-month,38,"["" own"", "" uma"", ""\u0647\u0627"", ""\u0629"", ""\u6027""]"
multihop,jlens_16p,firstletter-halloween-month,45,"["" uma"", "" ability"", ""\u0647\u0627"", "" kind"", "" own""]"
multihop,jlens_16p,firstletter-halloween-month,52,"["" October"", ""ization"", ""October"", "" able"", ""ness""]"
multihop,rlens_16p,firstletter-halloween-month,8,"["" \u0e46"", ""\u06cc\u0648"", "" \u0623\u064a\u0636\u064b\u0627"", "" \u091c\u093c\u094d\u092f\u093e\u0926\u093e"", "" \uc2f6""]"
multihop,rlens_16p,firstletter-halloween-month,15,"["" \u091c\u093c\u094d\u092f\u093e\u0926\u093e"", "" \u0623\u064a\u0636\u064b\u0627"", "" \u0e46"", ""\u042a"", ""\u0646\u064a\u0629""]"
multihop,rlens_16p,firstletter-halloween-month,22,"[""iosa"", ""Charset"", "" \u091c\u093c\u094d\u092f\u093e\u0926\u093e"", ""\u900a"", ""\u0907\u0938\u094d""]"
multihop,rlens_16p,firstletter-halloween-month,30,"[""\u4e2a"", ""iosa"", ""\u900a"", ""\u4e2a\u6570"", ""\u0907\u0938\u094d""]"
multihop,rlens_16p,firstletter-halloween-month,38,"[""\u4e0d\u4e86"", ""\u4e2a"", "" /\u02c8"", ""NONE"", ""S""]"
multihop,rlens_16p,firstletter-halloween-month,45,"[""s"", ""S"", ""\u4e00\u4e2a"", ""\u7684\u662f"", ""-""]"
multihop,rlens_16p,firstletter-halloween-month,52,"["" October"", ""October"", "" September"", "" setembro"", "" August""]"
multihop,rlens_64p,firstletter-halloween-month,8,"["" \u0e46"", "" \u091c\u093c\u094d\u092f\u093e\u0926\u093e"", "" \u0623\u064a\u0636\u064b\u0627"", ""\u06cc\u0648"", "" \uc2f6""]"
multihop,rlens_64p,firstletter-halloween-month,15,"["" \u091c\u093c\u094d\u092f\u093e\u0926\u093e"", "" \u0623\u064a\u0636\u064b\u0627"", ""\u0621"", "" Marcia"", ""\u042a""]"
multihop,rlens_64p,firstletter-halloween-month,22,"[""iosa"", "" \u091c\u093c\u094d\u092f\u093e\u0926\u093e"", ""Charset"", ""\ub85c\ub294"", ""\u900a""]"
multihop,rlens_64p,firstletter-halloween-month,30,"[""\u4e2a"", ""iosa"", ""\u900a"", ""\u0907\u0938\u094d"", ""\u4e2a\u6570""]"
multihop,rlens_64p,firstletter-halloween-month,38,"[""\u4e0d\u4e86"", ""\u4e2a"", ""NONE"", ""C"", "" /\u02c8""]"
multihop,rlens_64p,firstletter-halloween-month,45,"[""s"", ""S"", ""\u4e00\u4e2a"", ""\u7684\u662f"", "" uma""]"
multihop,rlens_64p,firstletter-halloween-month,52,"["" October"", ""October"", "" setembro"", "" September"", "" octubre""]"
multihop,jpp_64p,firstletter-halloween-month,8,"[""\u0e35\u0e22"", "" favorite"", ""ization"", "" \u0e46"", ""\u0447\u0430""]"
multihop,jpp_64p,firstletter-halloween-month,15,"[""mathscr"", ""ulfonic"", "" \u091c\u093c\u094d\u092f\u093e\u0926\u093e"", ""ial"", ""\ucef9""]"
multihop,jpp_64p,firstletter-halloween-month,22,"[""ial"", ""uncia"", ""\u723d"", ""\u02bb"", ""iosa""]"
multihop,jpp_64p,firstletter-halloween-month,30,"[""\u4e2a"", ""\u0646\u062c\u0644\u064a\u0632\u064a\u0629"", ""S"", ""iosa"", ""\u5b57\u7b26""]"
multihop,jpp_64p,firstletter-halloween-month,38,"[""ed"", ""iosa"", ""\u5b57"", ""\u02bb"", ""\u5b57\u6bcd""]"
multihop,jpp_64p,firstletter-halloween-month,45,"["" la"", ""S"", ""\u5b57\u6bcd"", ""\u02bb"", ""getView""]"
multihop,jpp_64p,firstletter-halloween-month,52,"["" October"", ""October"", "" octubre"", "" Oktober"", "" october""]"
multihop,logit,pred-valentines-prevmonth,8,"[""</h1>"", ""<|tool_call>"", ""</h2>"", ""</span>"", ""<bos>""]"
multihop,logit,pred-valentines-prevmonth,15,"["" de"", "" l"", "" la"", "" \u0432"", ""est""]"
multihop,logit,pred-valentines-prevmonth,22,"["" l"", "" la"", "" de"", "" parag"", "" est""]"
multihop,logit,pred-valentines-prevmonth,30,"["" l"", "" own"", ""ly"", ""-"", ""ed""]"
multihop,logit,pred-valentines-prevmonth,38,"["" l"", ""-"", "" a"", ""y"", ""ed""]"
multihop,logit,pred-valentines-prevmonth,45,"["" l"", "" a"", ""-"", "" an"", ""y""]"
multihop,logit,pred-valentines-prevmonth,52,"["" l"", "" January"", "" February"", ""January"", ""February""]"
multihop,jlens_16p,pred-valentines-prevmonth,8,"[""y"", ""yeri"", ""ness"", ""\u094d\u092f"", ""mett""]"
multihop,jlens_16p,pred-valentines-prevmonth,15,"[""\u0420\u0410"", ""UKA"", "" PRP"", "" own"", "" la""]"
multihop,jlens_16p,pred-valentines-prevmonth,22,"[""UKA"", ""\u0420\u0410"", "" PRP"", "" own"", "" la""]"
multihop,jlens_16p,pred-valentines-prevmonth,30,"["" own"", ""\u6027"", ""ization"", ""zd"", "" fact""]"
multihop,jlens_16p,pred-valentines-prevmonth,38,"["" own"", "" uma"", ""\u0647\u0627"", ""\u0629"", ""\u0647""]"
multihop,jlens_16p,pred-valentines-prevmonth,45,"[""\u0647\u0627"", "" uma"", ""\u0647"", "" own"", "" ability""]"
multihop,jlens_16p,pred-valentines-prevmonth,52,"[""ization"", "" January"", ""\u0647"", "" th\u00e1ng"", "" February""]"
multihop,rlens_16p,pred-valentines-prevmonth,8,"[""\u06cc\u0648"", "" \u0e46"", "" \u091c\u093c\u094d\u092f\u093e\u0926\u093e"", "" \uc2f6"", "" \u0623\u064a\u0636\u064b\u0627""]"
multihop,rlens_16p,pred-valentines-prevmonth,15,"[""\u0646\u064a\u0629"", ""\u0621"", "" \u091c\u093c\u094d\u092f\u093e\u0926\u093e"", "" \u0e46"", "" Marcia""]"
multihop,rlens_16p,pred-valentines-prevmonth,22,"[""\u0d9f"", ""atee"", ""\u900a"", ""Charset"", "" Marcia""]"
multihop,rlens_16p,pred-valentines-prevmonth,30,"[""\u900a"", ""\u02bb"", ""\u1ea4"", ""\u4e2a"", ""\u0907\u0938\u094d""]"
multihop,rlens_16p,pred-valentines-prevmonth,38,"[""**"", "" **"", ""C"", ""NONE"", "" ANSWER""]"
multihop,rlens_16p,pred-valentines-prevmonth,45,"["" **"", "" either"", ""\u0629"", "" \u0438"", ""mente""]"
multihop,rlens_16p,pred-valentines-prevmonth,52,"["" January"", "" month"", "" February"", ""month"", "" th\u00e1ng""]"
multihop,rlens_64p,pred-valentines-prevmonth,8,"["" \u091c\u093c\u094d\u092f\u093e\u0926\u093e"", "" \u0e46"", ""\u06cc\u0648"", "" \u0623\u064a\u0636\u064b\u0627"", ""\u06cc""]"
multihop,rlens_64p,pred-valentines-prevmonth,15,"[""\u0621"", "" \u091c\u093c\u094d\u092f\u093e\u0926\u093e"", "" Marcia"", ""\u0646\u064a\u0629"", "" \u0e46""]"
multihop,rlens_64p,pred-valentines-prevmonth,22,"[""atee"", "" Marcia"", ""\ub85c\ub294"", ""Charset"", "" \u091c\u093c\u094d\u092f\u093e\u0926\u093e""]"
multihop,rlens_64p,pred-valentines-prevmonth,30,"[""\u02bb"", ""\u900a"", ""\u1ea4"", ""\u0907\u0938\u094d"", ""\u4e2a""]"
multihop,rlens_64p,pred-valentines-prevmonth,38,"[""C"", ""**"", ""NONE"", "" **"", ""\u0629""]"
multihop,rlens_64p,pred-valentines-prevmonth,45,"[""\u0629"", "" **"", "" either"", "" \u0906\u0923\u093f"", "" \u0438""]"
multihop,rlens_64p,pred-valentines-prevmonth,52,"["" January"", "" month"", ""month"", "" February"", "" th\u00e1ng""]"
multihop,jpp_64p,pred-valentines-prevmonth,8,"[""\u0e35\u0e22"", "" favorite"", ""ization"", "" \u0e46"", ""\u0447\u0430""]"
multihop,jpp_64p,pred-valentines-prevmonth,15,"[""mathscr"", ""\u0441\u044f"", ""arcie"", ""asch"", ""ius""]"
multihop,jpp_64p,pred-valentines-prevmonth,22,"[""\u02bb"", ""\u0621"", ""ciencia"", ""ial"", ""arcie""]"
multihop,jpp_64p,pred-valentines-prevmonth,30,"[""\u900a"", ""\u02bb"", ""\u0646\u062c\u0644\u064a\u0632\u064a\u0629"", ""C"", ""uncia""]"
multihop,jpp_64p,pred-valentines-prevmonth,38,"[""\u02bb"", ""\u0629"", "" langue"", "" ANSWER"", ""language""]"
multihop,jpp_64p,pred-valentines-prevmonth,45,"[""**"", ""\u02bb"", "" la"", ""C"", ""S""]"
multihop,jpp_64p,pred-valentines-prevmonth,52,"["" month"", "" January"", "" February"", ""\u6708\u4efd"", ""month""]"
multihop,logit,dual-stars-visible-opposite,8,"[""</table>"", ""<|tool_call>"", ""</span>"", ""le"", ""</h1>""]"
multihop,logit,dual-stars-visible-opposite,15,"["" la"", "" l"", "" \u0432"", ""sa"", "" de""]"
multihop,logit,dual-stars-visible-opposite,22,"["" de"", "" la"", "" l"", "" Excited"", "" \u0432""]"
multihop,logit,dual-stars-visible-opposite,30,"["" l"", "" own"", ""ly"", ""e"", ""ed""]"
multihop,logit,dual-stars-visible-opposite,38,"[""-"", "" l"", ""y"", ""T"", ""e""]"
multihop,logit,dual-stars-visible-opposite,45,"["" l"", ""-"", "" daytime"", ""y"", "" a""]"
multihop,logit,dual-stars-visible-opposite,52,"["" day"", ""day"", "" daytime"", ""Day"", "" Day""]"
multihop,jlens_16p,dual-stars-visible-opposite,8,"[""y"", ""yeri"", ""ness"", ""\u094d\u092f"", ""mett""]"
multihop,jlens_16p,dual-stars-visible-opposite,15,"[""UKA"", ""\u0420\u0410"", "" PRP"", "" own"", "" la""]"
multihop,jlens_16p,dual-stars-visible-opposite,22,"[""UKA"", ""\u0420\u0410"", "" PRP"", ""\u043a\u0438\u043d\u0430"", ""\u0627\u0631\u0643""]"
multihop,jlens_16p,dual-stars-visible-opposite,30,"["" own"", ""\u6027"", ""ization"", ""ity"", "" fact""]"
multihop,jlens_16p,dual-stars-visible-opposite,38,"["" own"", ""\u0629"", ""\u0647\u0627"", "" uma"", ""\u0647""]"
multihop,jlens_16p,dual-stars-visible-opposite,45,"["" ability"", "" own"", ""\u0647\u0627"", "" rest"", "" uma""]"
multihop,jlens_16p,dual-stars-visible-opposite,52,"["" daytime"", "" day"", "" Daytime"", ""day"", "" \u0627\u0644\u0646\u0647\u0627\u0631""]"
multihop,rlens_16p,dual-stars-visible-opposite,8,"["" \u0e46"", ""\u06cc\u0648"", "" \u0623\u064a\u0636\u064b\u0627"", "" \u091c\u093c\u094d\u092f\u093e\u0926\u093e"", "" \uc2f6""]"
multihop,rlens_16p,dual-stars-visible-opposite,15,"["" \u0e46"", "" \u091c\u093c\u094d\u092f\u093e\u0926\u093e"", ""\u0646\u064a\u0629"", "" \u0623\u064a\u0636\u064b\u0627"", ""\u06cc\u0648""]"
multihop,rlens_16p,dual-stars-visible-opposite,22,"["" \u091c\u093c\u094d\u092f\u093e\u0926\u093e"", ""\u0646\u064a\u0629"", ""\u093e\u0908"", ""\u900a"", ""\ub85c\ub294""]"
multihop,rlens_16p,dual-stars-visible-opposite,30,"[""\u900a"", ""\u4e2a"", ""\u02bb"", "" up"", ""kow""]"
multihop,rlens_16p,dual-stars-visible-opposite,38,"[""C"", ""**"", "" either"", ""\u0629"", ""\u4e0d\u4e86""]"
multihop,rlens_16p,dual-stars-visible-opposite,45,"["" daytime"", "" either"", "" \u0627\u0644\u0646\u0647\u0627\u0631"", "" Daytime"", ""the""]"
multihop,rlens_16p,dual-stars-visible-opposite,52,"["" daytime"", "" day"", "" Daytime"", ""day"", "" Day""]"
multihop,rlens_64p,dual-stars-visible-opposite,8,"["" \u091c\u093c\u094d\u092f\u093e\u0926\u093e"", "" \u0e46"", "" \u0623\u064a\u0636\u064b\u0627"", ""\u06cc\u0648"", "" \uc2f6""]"
multihop,rlens_64p,dual-stars-visible-opposite,15,"["" \u091c\u093c\u094d\u092f\u093e\u0926\u093e"", "" \u0e46"", "" \u0623\u064a\u0636\u064b\u0627"", ""\u0621"", ""\u0415\u0449\u0435""]"
multihop,rlens_64p,dual-stars-visible-opposite,22,"["" \u091c\u093c\u094d\u092f\u093e\u0926\u093e"", ""\ub85c\ub294"", ""\u093e\u0908"", "" Marcia"", ""\u0646\u064a\u0629""]"
multihop,rlens_64p,dual-stars-visible-opposite,30,"[""\u900a"", ""\u4e2a"", ""\u02bb"", ""\u0646\u064a\u0629"", "" up""]"
multihop,rlens_64p,dual-stars-visible-opposite,38,"[""C"", ""**"", ""\u0629"", "" \u0623\u064a\u0636\u064b\u0627"", ""\u4e0d\u4e86""]"
multihop,rlens_64p,dual-stars-visible-opposite,45,"["" daytime"", "" \u0627\u0644\u0646\u0647\u0627\u0631"", ""\u0629"", "" Daytime"", ""the""]"
multihop,rlens_64p,dual-stars-visible-opposite,52,"["" daytime"", "" day"", ""day"", "" Daytime"", ""Day""]"
multihop,jpp_64p,dual-stars-visible-opposite,8,"[""\u0e35\u0e22"", "" favorite"", ""ization"", ""\u0447\u0430"", ""ian""]"
multihop,jpp_64p,dual-stars-visible-opposite,15,"[""mathscr"", ""ulfonic"", ""arcie"", ""\u0441\u044f"", ""asch""]"
multihop,jpp_64p,dual-stars-visible-opposite,22,"[""ial"", ""ciencia"", ""arcie"", ""ci\u0105\u017c"", ""\u0621""]"
multihop,jpp_64p,dual-stars-visible-opposite,30,"[""\u900a"", ""C"", ""\u8bcd"", ""\u02bb"", ""\u4e2a""]"
multihop,jpp_64p,dual-stars-visible-opposite,38,"["" none"", "" or"", "" la"", ""\u02bb"", ""none""]"
multihop,jpp_64p,dual-stars-visible-opposite,45,"["" daytime"", "" Daytime"", ""C"", "" \u0635\u0628\u0627\u062d"", ""\u767d\u5929""]"
multihop,jpp_64p,dual-stars-visible-opposite,52,"["" daytime"", "" day"", ""day"", "" Daytime"", ""Day""]"
multihop,logit,dual-photosynthesis-opposite,8,"[""</span>"", ""<|tool_call>"", ""le"", ""ro"", ""</h1>""]"
multihop,logit,dual-photosynthesis-opposite,15,"["" de"", "" l"", "" \u0432"", ""sa"", "" la""]"
multihop,logit,dual-photosynthesis-opposite,22,"["" l"", "" de"", "" la"", "" Excited"", "" est""]"
multihop,logit,dual-photosynthesis-opposite,30,"["" l"", "" own"", ""ly"", ""e"", ""ed""]"
multihop,logit,dual-photosynthesis-opposite,38,"[""-"", "" l"", ""y"", ""e"", ""T""]"
multihop,logit,dual-photosynthesis-opposite,45,"["" l"", ""-"", ""y"", "" a"", "" night""]"
multihop,logit,dual-photosynthesis-opposite,52,"[""night"", "" night"", "" nighttime"", ""Night"", "" Night""]"
multihop,jlens_16p,dual-photosynthesis-opposite,8,"[""y"", ""yeri"", ""ness"", ""\u094d\u092f"", ""mett""]"
multihop,jlens_16p,dual-photosynthesis-opposite,15,"[""UKA"", ""\u0420\u0410"", "" PRP"", "" own"", "" la""]"
multihop,jlens_16p,dual-photosynthesis-opposite,22,"[""UKA"", ""\u0420\u0410"", "" PRP"", ""\u043a\u0438\u043d\u0430"", ""\u0627\u0631\u0643""]"
multihop,jlens_16p,dual-photosynthesis-opposite,30,"["" own"", ""\u6027"", ""ization"", "" ability"", ""zd""]"
multihop,jlens_16p,dual-photosynthesis-opposite,38,"["" own"", "" uma"", ""\u0629"", ""\u0647\u0627"", ""\u0647""]"
multihop,jlens_16p,dual-photosynthesis-opposite,45,"["" ability"", "" own"", "" rest"", "" uma"", ""\u0647\u0627""]"
multihop,jlens_16p,dual-photosynthesis-opposite,52,"["" night"", "" nighttime"", ""night"", ""Night"", "" Night""]"
multihop,rlens_16p,dual-photosynthesis-opposite,8,"["" \u0e46"", ""\u06cc\u0648"", "" \uc2f6"", "" \u0623\u064a\u0636\u064b\u0627"", "" \u091c\u093c\u094d\u092f\u093e\u0926\u093e""]"
multihop,rlens_16p,dual-photosynthesis-opposite,15,"["" \u0e46"", ""\u0646\u064a\u0629"", ""\u0415\u0449\u0435"", "" \u0623\u064a\u0636\u064b\u0627"", "" \u091c\u093c\u094d\u092f\u093e\u0926\u093e""]"
multihop,rlens_16p,dual-photosynthesis-opposite,22,"[""\u0646\u064a\u0629"", "" \u091c\u093c\u094d\u092f\u093e\u0926\u093e"", ""\u900a"", ""\ub85c\ub294"", ""Charset""]"
multihop,rlens_16p,dual-photosynthesis-opposite,30,"[""\u900a"", ""\u02bb"", ""\u4e2a"", ""\ub85c\ub294"", ""\u0646\u064a\u0629""]"
multihop,rlens_16p,dual-photosynthesis-opposite,38,"[""C"", ""NONE"", ""\u0629"", ""\u4e0d\u4e86"", "" up""]"
multihop,rlens_16p,dual-photosynthesis-opposite,45,"["" either"", ""\u0629"", "" up"", ""mente"", "" nighttime""]"
multihop,rlens_16p,dual-photosynthesis-opposite,52,"["" night"", ""night"", ""Night"", "" nighttime"", "" Night""]"
multihop,rlens_64p,dual-photosynthesis-opposite,8,"["" \u091c\u093c\u094d\u092f\u093e\u0926\u093e"", "" \u0623\u064a\u0636\u064b\u0627"", "" \u0e46"", "" \uc2f6"", ""\u06cc\u0648""]"
multihop,rlens_64p,dual-photosynthesis-opposite,15,"[""\u0415\u0449\u0435"", "" \u091c\u093c\u094d\u092f\u093e\u0926\u093e"", ""\u0621"", "" \u0623\u064a\u0636\u064b\u0627"", "" \u0e46""]"
multihop,rlens_64p,dual-photosynthesis-opposite,22,"[""\ub85c\ub294"", "" \u091c\u093c\u094d\u092f\u093e\u0926\u093e"", ""Charset"", "" Marcia"", ""\u0646\u064a\u0629""]"
multihop,rlens_64p,dual-photosynthesis-opposite,30,"[""\u900a"", ""\u02bb"", ""\u4e2a"", ""\u0629"", ""\u0907\u0938\u094d""]"
multihop,rlens_64p,dual-photosynthesis-opposite,38,"[""C"", ""\u0629"", ""NONE"", ""\u4e0d\u4e86"", "" \u0623\u064a\u0636\u064b\u0627""]"
multihop,rlens_64p,dual-photosynthesis-opposite,45,"[""\u0629"", "" either"", "" up"", ""mente"", "" nighttime""]"
multihop,rlens_64p,dual-photosynthesis-opposite,52,"["" night"", ""night"", "" nighttime"", ""Night"", "" Night""]"
multihop,jpp_64p,dual-photosynthesis-opposite,8,"[""\u0e35\u0e22"", "" favorite"", ""ization"", ""\u0447\u0430"", ""\u064a\u0629""]"
multihop,jpp_64p,dual-photosynthesis-opposite,15,"[""mathscr"", ""\u0441\u044f"", ""ulfonic"", ""arcie"", ""asch""]"
multihop,jpp_64p,dual-photosynthesis-opposite,22,"[""ciencia"", ""\u0621"", ""ci\u0105\u017c"", ""arcie"", ""fastq""]"
multihop,jpp_64p,dual-photosynthesis-opposite,30,"[""\u900a"", ""C"", ""\u8bcd"", ""\u02bb"", ""uncia""]"
multihop,jpp_64p,dual-photosynthesis-opposite,38,"["" la"", "" none"", ""\u02bb"", ""none"", ""texttt""]"
multihop,jpp_64p,dual-photosynthesis-opposite,45,"[""night"", ""Night"", "" nighttime"", "" la"", ""C""]"
multihop,jpp_64p,dual-photosynthesis-opposite,52,"["" night"", ""night"", "" nighttime"", ""Night"", "" Night""]"
multihop,logit,double-dice-faces,8,"["" l"", "" de"", ""iz"", ""ina"", "" even""]"
multihop,logit,double-dice-faces,15,"["" uma"", "" l"", ""\u3044\u3046"", ""iz"", "" la""]"
multihop,logit,double-dice-faces,22,"["" la"", "" uma"", "" l"", ""\u0e40\u0e23\u0e32"", "" \u0d05\u0d24\u0d3f\u0d28\u0d4d\u0d31\u0d46""]"
multihop,logit,double-dice-faces,30,"["" l"", "" a"", ""ed"", ""e"", ""-""]"
multihop,logit,double-dice-faces,38,"["" l"", "" a"", ""-"", ""ed"", ""ly""]"
multihop,logit,double-dice-faces,45,"["" l"", "" a"", ""C"", ""ed"", "" six""]"
multihop,logit,double-dice-faces,52,"["" l"", "" and"", "" a"", "" six"", ""\u516d""]"
multihop,jlens_16p,double-dice-faces,8,"[""y"", ""yeri"", ""ness"", ""\u094d\u092f"", ""mett""]"
multihop,jlens_16p,double-dice-faces,15,"[""UKA"", ""\u0420\u0410"", "" PRP"", "" own"", "" la""]"
multihop,jlens_16p,double-dice-faces,22,"[""\u0420\u0410"", ""UKA"", "" own"", "" PRP"", "" la""]"
multihop,jlens_16p,double-dice-faces,30,"["" uma"", "" own"", "" up"", ""ooka"", "" fact""]"
multihop,jlens_16p,double-dice-faces,38,"["" uma"", ""lest"", "" \uc2f6"", "" fact"", ""\u0629""]"
multihop,jlens_16p,double-dice-faces,45,"[""faces"", ""astes"", "" faces"", ""face"", ""fl\u00e4chen""]"
multihop,jlens_16p,double-dice-faces,52,"[""6"", "" six"", ""es"", ""\u516d\u5e74"", "" \u091b\u0939""]"
multihop,rlens_16p,double-dice-faces,8,"["" able"", ""\u0631\u0628\u0639"", "" l"", ""\u0dad\u0dca"", "" overkill""]"
multihop,rlens_16p,double-dice-faces,15,"["" l"", ""\u8d8a\u591a"", "" able"", ""\u0631\u0628\u0639"", ""ible""]"
multihop,rlens_16p,double-dice-faces,22,"[""\u8d8a\u591a"", "" kedua"", ""\u0647\u0645\u0627"", "" twice"", ""\u0941\u0905\u0932""]"
multihop,rlens_16p,double-dice-faces,30,"["" \u0447\u0438\u0441\u0435\u043b"", ""\u043e\u0431\u0445\u043e\u0434\u0438"", ""\u0631\u0628\u0639"", ""\u043b\u044c\u043d\u043e"", ""uckles""]"
multihop,rlens_16p,double-dice-faces,38,"[""S"", ""\uc801\uc73c\ub85c"", ""\u4e00\u76f4\u662f"", ""\u0627\u064b"", "" \u043d\u0435""]"
multihop,rlens_16p,double-dice-faces,45,"[""-"", ""six"", ""s"", "" \uc5ec\uc12f"", "" six""]"
multihop,rlens_16p,double-dice-faces,52,"[""-"", ""6"", "" six"", ""six"", ""\u516d\u5e74""]"
multihop,rlens_64p,double-dice-faces,8,"["" able"", ""\u0631\u0628\u0639"", "" l"", ""\u0dad\u0dca"", "" overkill""]"
multihop,rlens_64p,double-dice-faces,15,"["" l"", "" able"", ""\u8d8a\u591a"", ""\u0631\u0628\u0639"", ""\u0941\u0905\u0932""]"
multihop,rlens_64p,double-dice-faces,22,"[""\u8d8a\u591a"", "" l"", "" kedua"", ""\u0941\u0905\u0932"", ""\u0631\u0628\u0639""]"
multihop,rlens_64p,double-dice-faces,30,"["" \u0447\u0438\u0441\u0435\u043b"", ""\u043e\u0431\u0445\u043e\u0434\u0438"", ""\u0631\u0628\u0639"", ""uckles"", ""\u043b\u044c\u043d\u043e""]"
multihop,rlens_64p,double-dice-faces,38,"[""S"", ""\uc801\uc73c\ub85c"", ""\u4e00\u76f4\u662f"", "" \u043d\u0435"", ""\u0e41\u0e15\u0e48\u0e25\u0e30""]"
multihop,rlens_64p,double-dice-faces,45,"[""-"", ""six"", ""s"", "" \uc5ec\uc12f"", "" six""]"
multihop,rlens_64p,double-dice-faces,52,"[""-"", ""6"", "" six"", ""six"", ""\u516d\u5e74""]"
multihop,jpp_64p,double-dice-faces,8,"["" double"", ""\u70b5"", ""\u985e"", "" able"", ""\u3053\u3061\u3089\u306f""]"
multihop,jpp_64p,double-dice-faces,15,"["" la"", "" l"", "" double"", ""ible"", "" able""]"
multihop,jpp_64p,double-dice-faces,22,"["" l"", "" double"", "" twice"", ""twice"", ""\u8d8a\u591a""]"
multihop,jpp_64p,double-dice-faces,30,"[""S"", ""xticks"", "" fact"", "" \u0447\u0438\u0441\u0435\u043b"", "" \uc5c6\uc74c""]"
multihop,jpp_64p,double-dice-faces,38,"[""S"", ""\uc801\uc73c\ub85c"", ""K"", ""Four"", ""C""]"
multihop,jpp_64p,double-dice-faces,45,"[""six"", "" six"", ""face"", ""\u9762"", "" faces""]"
multihop,jpp_64p,double-dice-faces,52,"[""6"", "" six"", ""six"", ""\u516d\u5e74"", ""\u516d""]"
multihop,logit,letterpos-oxygen-symbol,8,"["" l"", ""ina"", ""p"", ""T"", ""ul""]"
multihop,logit,letterpos-oxygen-symbol,15,"[""p"", "" l"", ""\u0637"", ""T"", ""ad""]"
multihop,logit,letterpos-oxygen-symbol,22,"["" l"", ""ad"", ""\u043d\u0430"", ""\u0637"", ""Gesellschaft""]"
multihop,logit,letterpos-oxygen-symbol,30,"["" l"", "" a"", "" own"", ""-"", ""ed""]"
multihop,logit,letterpos-oxygen-symbol,38,"["" a"", ""-"", ""ed"", "" it"", "" an""]"
multihop,logit,letterpos-oxygen-symbol,45,"["" a"", "" l"", "" an"", "" own"", ""ed""]"
multihop,logit,letterpos-oxygen-symbol,52,"[""\u5b57\u6bcd"", "" \uc54c\ud30c"", "" l"", "" letters"", "" alphabet""]"
multihop,jlens_16p,letterpos-oxygen-symbol,8,"[""y"", ""yeri"", ""ness"", ""\u094d\u092f"", ""mett""]"
multihop,jlens_16p,letterpos-oxygen-symbol,15,"[""UKA"", ""\u0420\u0410"", "" PRP"", "" own"", "" la""]"
multihop,jlens_16p,letterpos-oxygen-symbol,22,"[""UKA"", ""\u0420\u0410"", "" own"", "" PRP"", "" la""]"
multihop,jlens_16p,letterpos-oxygen-symbol,30,"["" own"", "" uma"", "" up"", ""thest"", ""\u306a""]"
multihop,jlens_16p,letterpos-oxygen-symbol,38,"["" own"", "" uma"", ""rst"", ""set"", ""ophor""]"
multihop,jlens_16p,letterpos-oxygen-symbol,45,"[""positions"", ""position"", "" uma"", ""isOn"", ""set""]"
multihop,jlens_16p,letterpos-oxygen-symbol,52,"[""B"", "" position"", "" positions"", ""2"", ""1""]"
multihop,rlens_16p,letterpos-oxygen-symbol,8,"[""</h4>"", ""\u0446\u0438\u044e"", ""\u57c3\u53ca"", ""mente"", ""ionis""]"
multihop,rlens_16p,letterpos-oxygen-symbol,15,"["" level"", ""\u8861"", ""\u9644\u8fd1"", ""\u8ff9"", ""angulo""]"
multihop,rlens_16p,letterpos-oxygen-symbol,22,"["" level"", ""level"", "" rightful"", ""\u8ff9"", ""nationality""]"
multihop,rlens_16p,letterpos-oxygen-symbol,30,"[""L"", ""\u7684\u662f"", ""\u8ff9"", ""\u6b63\u662f"", ""\u6700\u9ad8\u7684""]"
multihop,rlens_16p,letterpos-oxygen-symbol,38,"[""S"", ""L"", ""H"", ""B"", ""\u304f\u3089\u3044""]"
multihop,rlens_16p,letterpos-oxygen-symbol,45,"[""S"", ""B"", ""positions"", ""Position"", ""s""]"
multihop,rlens_16p,letterpos-oxygen-symbol,52,"[""Position"", ""P"", "" \uc54c\ud30c"", ""position"", "" position""]"
multihop,rlens_64p,letterpos-oxygen-symbol,8,"[""</h4>"", ""\u0446\u0438\u044e"", ""\u57c3\u53ca"", ""\u0446\u0438\u043e\u043d\u0438"", ""\u9650\u4e8e""]"
multihop,rlens_64p,letterpos-oxygen-symbol,15,"["" level"", ""\u9644\u8fd1"", ""\u8861"", ""\ub840"", ""level""]"
multihop,rlens_64p,letterpos-oxygen-symbol,22,"["" level"", "" rightful"", ""level"", ""\ub840"", ""\u091c\u0928\u0915""]"
multihop,rlens_64p,letterpos-oxygen-symbol,30,"[""L"", ""\u6b63\u662f"", ""H"", ""\u8ff9"", ""\u6700\u9ad8\u7684""]"
multihop,rlens_64p,letterpos-oxygen-symbol,38,"[""S"", ""L"", ""H"", ""\u304f\u3089\u3044"", ""A""]"
multihop,rlens_64p,letterpos-oxygen-symbol,45,"[""S"", ""positions"", ""B"", ""position"", ""Position""]"
multihop,rlens_64p,letterpos-oxygen-symbol,52,"["" \uc54c\ud30c"", ""P"", ""Position"", ""position"", "" position""]"
multihop,jpp_64p,letterpos-oxygen-symbol,8,"["" position"", ""position"", ""ion"", ""\u043f\u043e\u0437\u0438"", ""\u4f4d\u7f6e""]"
multihop,jpp_64p,letterpos-oxygen-symbol,15,"["" position"", "" la"", ""position"", "" level"", ""P""]"
multihop,jpp_64p,letterpos-oxygen-symbol,22,"["" level"", "" position"", ""position"", ""\u4f4d"", ""y""]"
multihop,jpp_64p,letterpos-oxygen-symbol,30,"[""L"", ""S"", ""H"", ""T"", "" fact""]"
multihop,jpp_64p,letterpos-oxygen-symbol,38,"[""L"", "" alphabet"", ""A"", ""B"", ""Alphabet""]"
multihop,jpp_64p,letterpos-oxygen-symbol,45,"[""P"", ""position"", ""\u5b57\u6bcd"", "" alphabet"", ""alphabet""]"
multihop,jpp_64p,letterpos-oxygen-symbol,52,"["" alphabet"", ""position"", "" position"", "" \uc54c\ud30c"", ""alphabet""]"
multihop,logit,letterpos-carbon-symbol,8,"[""ina"", "" l"", ""p"", ""T"", ""ul""]"
multihop,logit,letterpos-carbon-symbol,15,"[""p"", "" l"", ""\u0637"", ""T"", ""ad""]"
multihop,logit,letterpos-carbon-symbol,22,"["" l"", ""ad"", ""\u043d\u0430"", ""\u0637"", ""Gesellschaft""]"
multihop,logit,letterpos-carbon-symbol,30,"["" l"", "" a"", "" own"", ""-"", ""e""]"
multihop,logit,letterpos-carbon-symbol,38,"["" a"", ""-"", "" an"", "" it"", ""ed""]"
multihop,logit,letterpos-carbon-symbol,45,"["" l"", "" a"", "" an"", "" own"", ""C""]"
multihop,logit,letterpos-carbon-symbol,52,"[""position"", "" l"", "" position"", ""Position"", "" alphabet""]"
multihop,jlens_16p,letterpos-carbon-symbol,8,"[""y"", ""yeri"", ""ness"", ""\u094d\u092f"", ""mett""]"
multihop,jlens_16p,letterpos-carbon-symbol,15,"[""\u0420\u0410"", ""UKA"", "" PRP"", "" own"", "" la""]"
multihop,jlens_16p,letterpos-carbon-symbol,22,"[""UKA"", ""\u0420\u0410"", "" own"", "" PRP"", "" la""]"
multihop,jlens_16p,letterpos-carbon-symbol,30,"["" own"", "" uma"", "" up"", ""thest"", ""ukun""]"
multihop,jlens_16p,letterpos-carbon-symbol,38,"["" own"", "" uma"", ""set"", ""rst"", ""acement""]"
multihop,jlens_16p,letterpos-carbon-symbol,45,"[""B"", ""position"", ""positions"", ""\u4f4d\u7f6e"", ""slot""]"
multihop,jlens_16p,letterpos-carbon-symbol,52,"[""B"", "" position"", ""position"", "" positions"", ""Position""]"
multihop,rlens_16p,letterpos-carbon-symbol,8,"[""</h4>"", ""\u0446\u0438\u044e"", ""\u57c3\u53ca"", ""mente"", ""ected""]"
multihop,rlens_16p,letterpos-carbon-symbol,15,"["" level"", ""\u9644\u8fd1"", ""\u8861"", ""\u8ff9"", ""angulo""]"
multihop,rlens_16p,letterpos-carbon-symbol,22,"["" level"", "" rightful"", ""level"", ""\u8ff9"", ""nationality""]"
multihop,rlens_16p,letterpos-carbon-symbol,30,"[""L"", ""\u6b63\u662f"", ""\u7684\u662f"", ""\u8ff9"", ""\u800c\u4e14""]"
multihop,rlens_16p,letterpos-carbon-symbol,38,"[""S"", ""L"", ""H"", ""B"", ""\u304f\u3089\u3044""]"
multihop,rlens_16p,letterpos-carbon-symbol,45,"[""B"", ""Position"", ""\u4f4d\u7f6e"", ""position"", ""positions""]"
multihop,rlens_16p,letterpos-carbon-symbol,52,"[""Position"", "" position"", ""position"", ""P"", ""positions""]"
multihop,rlens_64p,letterpos-carbon-symbol,8,"[""</h4>"", ""\u0446\u0438\u044e"", ""\u57c3\u53ca"", ""ected"", ""\u0446\u0438\u043e\u043d\u0438""]"
multihop,rlens_64p,letterpos-carbon-symbol,15,"["" level"", ""\u9644\u8fd1"", ""\u8861"", ""\ub840"", ""\ud835\ude64""]"
multihop,rlens_64p,letterpos-carbon-symbol,22,"["" level"", "" rightful"", ""\u091c\u0928\u0915"", ""level"", ""\ub840""]"
multihop,rlens_64p,letterpos-carbon-symbol,30,"[""L"", ""\u6b63\u662f"", ""H"", ""\u8ff9"", ""\u6700\u9ad8\u7684""]"
multihop,rlens_64p,letterpos-carbon-symbol,38,"[""S"", ""L"", ""H"", ""B"", ""A""]"
multihop,rlens_64p,letterpos-carbon-symbol,45,"[""B"", ""\u4f4d\u7f6e"", ""Position"", ""position"", "" position""]"
multihop,rlens_64p,letterpos-carbon-symbol,52,"["" position"", ""Position"", ""position"", ""P"", ""positions""]"
multihop,jpp_64p,letterpos-carbon-symbol,8,"["" position"", ""position"", ""\u4f4d\u7f6e"", ""ion"", ""ting""]"
multihop,jpp_64p,letterpos-carbon-symbol,15,"["" position"", "" la"", ""position"", "" level"", ""P""]"
multihop,jpp_64p,letterpos-carbon-symbol,22,"["" level"", "" position"", ""position"", ""\u4f4d"", "" positional""]"
multihop,jpp_64p,letterpos-carbon-symbol,30,"[""L"", ""S"", ""H"", ""T"", ""\u4f4d""]"
multihop,jpp_64p,letterpos-carbon-symbol,38,"[""L"", "" alphabet"", ""B"", ""A"", ""T""]"
multihop,jpp_64p,letterpos-carbon-symbol,45,"[""position"", ""P"", ""Position"", "" position"", ""\u4f4d""]"
multihop,jpp_64p,letterpos-carbon-symbol,52,"[""position"", "" position"", ""Position"", "" alphabet"", ""positions""]"
multihop,logit,letterpos-nitrogen-symbol,8,"[""ul"", "" l"", ""p"", ""T"", ""ina""]"
multihop,logit,letterpos-nitrogen-symbol,15,"[""p"", "" l"", ""\u0637"", ""T"", ""ad""]"
multihop,logit,letterpos-nitrogen-symbol,22,"["" l"", ""ad"", ""\u0637"", ""\u043d\u0430"", ""Gesellschaft""]"
multihop,logit,letterpos-nitrogen-symbol,30,"["" l"", "" a"", "" own"", ""-"", ""e""]"
multihop,logit,letterpos-nitrogen-symbol,38,"["" a"", ""-"", "" an"", "" it"", ""ed""]"
multihop,logit,letterpos-nitrogen-symbol,45,"["" l"", "" a"", "" an"", ""C"", ""B""]"
multihop,logit,letterpos-nitrogen-symbol,52,"["" l"", "" position"", "" alphabet"", ""Position"", ""position""]"
multihop,jlens_16p,letterpos-nitrogen-symbol,8,"[""y"", ""yeri"", ""ness"", ""\u094d\u092f"", ""mett""]"
multihop,jlens_16p,letterpos-nitrogen-symbol,15,"[""\u0420\u0410"", ""UKA"", "" PRP"", "" own"", "" la""]"
multihop,jlens_16p,letterpos-nitrogen-symbol,22,"[""UKA"", ""\u0420\u0410"", "" own"", "" PRP"", "" la""]"
multihop,jlens_16p,letterpos-nitrogen-symbol,30,"["" own"", "" uma"", "" up"", ""thest"", ""ukun""]"
multihop,jlens_16p,letterpos-nitrogen-symbol,38,"["" own"", "" uma"", ""set"", ""rst"", ""ophor""]"
multihop,jlens_16p,letterpos-nitrogen-symbol,45,"[""position"", ""B"", ""positions"", ""Position"", ""slot""]"
multihop,jlens_16p,letterpos-nitrogen-symbol,52,"[""B"", "" position"", ""position"", "" positions"", ""Position""]"
multihop,rlens_16p,letterpos-nitrogen-symbol,8,"[""</h4>"", ""\u0446\u0438\u044e"", ""\u57c3\u53ca"", ""mente"", ""ected""]"
multihop,rlens_16p,letterpos-nitrogen-symbol,15,"["" level"", ""\u8861"", ""\u9644\u8fd1"", ""\u8ff9"", ""angulo""]"
multihop,rlens_16p,letterpos-nitrogen-symbol,22,"["" level"", ""level"", "" rightful"", ""\u8ff9"", ""nationality""]"
multihop,rlens_16p,letterpos-nitrogen-symbol,30,"[""L"", ""\u8ff9"", ""\u7684\u662f"", ""\u6b63\u662f"", ""\u6700\u9ad8\u7684""]"
multihop,rlens_16p,letterpos-nitrogen-symbol,38,"[""S"", ""L"", ""B"", ""H"", ""\u304f\u3089\u3044""]"
multihop,rlens_16p,letterpos-nitrogen-symbol,45,"[""B"", ""Position"", ""position"", ""\u4f4d\u7f6e"", ""positions""]"
multihop,rlens_16p,letterpos-nitrogen-symbol,52,"[""Position"", ""position"", "" position"", ""P"", ""positions""]"
multihop,rlens_64p,letterpos-nitrogen-symbol,8,"[""</h4>"", ""\u0446\u0438\u044e"", ""\u57c3\u53ca"", ""\u0446\u0438\u043e\u043d\u0438"", ""ected""]"
multihop,rlens_64p,letterpos-nitrogen-symbol,15,"["" level"", ""\u9644\u8fd1"", ""\u8861"", ""\ub840"", ""\ud835\ude64""]"
multihop,rlens_64p,letterpos-nitrogen-symbol,22,"["" level"", "" rightful"", ""level"", ""\u091c\u0928\u0915"", ""\ub840""]"
multihop,rlens_64p,letterpos-nitrogen-symbol,30,"[""L"", ""\u6b63\u662f"", ""H"", ""\u8ff9"", ""\u6700\u9ad8\u7684""]"
multihop,rlens_64p,letterpos-nitrogen-symbol,38,"[""S"", ""L"", ""H"", ""B"", ""A""]"
multihop,rlens_64p,letterpos-nitrogen-symbol,45,"[""B"", ""position"", ""Position"", ""\u4f4d\u7f6e"", ""positions""]"
multihop,rlens_64p,letterpos-nitrogen-symbol,52,"[""Position"", "" position"", ""position"", ""P"", ""positions""]"
multihop,jpp_64p,letterpos-nitrogen-symbol,8,"["" position"", ""position"", ""ion"", ""\uc57c"", ""\u4f4d\u7f6e""]"
multihop,jpp_64p,letterpos-nitrogen-symbol,15,"["" position"", "" la"", ""position"", "" level"", ""P""]"
multihop,jpp_64p,letterpos-nitrogen-symbol,22,"["" level"", "" position"", ""position"", ""y"", "" positional""]"
multihop,jpp_64p,letterpos-nitrogen-symbol,30,"[""L"", ""S"", ""H"", ""T"", "" alphabet""]"
multihop,jpp_64p,letterpos-nitrogen-symbol,38,"[""L"", ""B"", ""A"", "" alphabet"", ""T""]"
multihop,jpp_64p,letterpos-nitrogen-symbol,45,"[""position"", ""P"", ""Position"", ""\u4f4d"", "" posici\u00f3n""]"
multihop,jpp_64p,letterpos-nitrogen-symbol,52,"[""position"", "" position"", ""Position"", "" alphabet"", ""positions""]"
multihop,logit,dbl-altitude-antonym,8,"[""</h1>"", ""<|tool_call>"", ""le"", "" l"", ""</span>""]"
multihop,logit,dbl-altitude-antonym,15,"["" de"", "" l"", "" la"", ""sa"", "" \u0432""]"
multihop,logit,dbl-altitude-antonym,22,"["" la"", "" de"", "" l"", ""\u0ba4\u0bc1"", "" Readable""]"
multihop,logit,dbl-altitude-antonym,30,"["" l"", ""-"", ""ly"", ""ed"", ""e""]"
multihop,logit,dbl-altitude-antonym,38,"[""-"", ""C"", ""L"", ""ing"", ""v""]"
multihop,logit,dbl-altitude-antonym,45,"["" l"", ""C"", ""-"", ""0"", ""y""]"
multihop,logit,dbl-altitude-antonym,52,"["" th\u1ea5p"", ""\u4f4e"", "" rendah"", ""\u4f4e\u3044"", ""\u4f4e\u7684""]"
multihop,jlens_16p,dbl-altitude-antonym,8,"[""y"", ""yeri"", ""ness"", ""\u094d\u092f"", ""mett""]"
multihop,jlens_16p,dbl-altitude-antonym,15,"[""\u0420\u0410"", ""UKA"", "" PRP"", "" own"", "" la""]"
multihop,jlens_16p,dbl-altitude-antonym,22,"[""\u0420\u0410"", ""UKA"", "" PRP"", "" own"", "" la""]"
multihop,jlens_16p,dbl-altitude-antonym,30,"["" own"", "" uma"", ""\u6027"", ""zd"", "" fact""]"
multihop,jlens_16p,dbl-altitude-antonym,38,"["" own"", "" uma"", ""\u0629"", ""\ub3c4"", ""\u0647\u0627""]"
multihop,jlens_16p,dbl-altitude-antonym,45,"["" ability"", "" fact"", "" own"", ""LOW"", ""low""]"
multihop,jlens_16p,dbl-altitude-antonym,52,"["" low"", ""ness"", ""low"", ""\u4f4e\u3044"", "" rendah""]"
multihop,rlens_16p,dbl-altitude-antonym,8,"["" \u0e46"", "" \uc2f6"", ""\u06cc\u0648"", "" \u091c\u093c\u094d\u092f\u093e\u0926\u093e"", "" \u0623\u064a\u0636\u064b\u0627""]"
multihop,rlens_16p,dbl-altitude-antonym,15,"[""\u06cc\u0648"", "" \u0e46"", "" \u091c\u093c\u094d\u092f\u093e\u0926\u093e"", ""\u0646\u064a\u0629"", ""\u0415\u0449\u0435""]"
multihop,rlens_16p,dbl-altitude-antonym,22,"[""\ub85c\ub294"", "" \u091c\u093c\u094d\u092f\u093e\u0926\u093e"", ""\u900a"", ""\u0646\u064a\u0629"", "" \u0d9a\u0dca\u0dbb""]"
multihop,rlens_16p,dbl-altitude-antonym,30,"[""\u900a"", ""\ub85c\ub294"", ""kow"", ""none"", ""ibly""]"
multihop,rlens_16p,dbl-altitude-antonym,38,"[""**"", ""C"", ""NONE"", ""none"", "" **""]"
multihop,rlens_16p,dbl-altitude-antonym,45,"["" either"", ""low"", "" **"", ""\u0e15\u0e48\u0e33"", "" rendah""]"
multihop,rlens_16p,dbl-altitude-antonym,52,"["" low"", ""low"", "" \ub0ae\uc740"", "" rendah"", ""\u062e\u0641\u0636""]"
multihop,rlens_64p,dbl-altitude-antonym,8,"["" \uc2f6"", ""\u06cc\u0648"", "" \u0e46"", "" \u091c\u093c\u094d\u092f\u093e\u0926\u093e"", "" \u0623\u064a\u0636\u064b\u0627""]"
multihop,rlens_64p,dbl-altitude-antonym,15,"["" \u091c\u093c\u094d\u092f\u093e\u0926\u093e"", "" Marcia"", ""\u0621"", ""\u06cc\u0648"", "" \u0e46""]"
multihop,rlens_64p,dbl-altitude-antonym,22,"[""\ub85c\ub294"", "" \u091c\u093c\u094d\u092f\u093e\u0926\u093e"", "" Marcia"", "" \u0e46"", "" misconception""]"
multihop,rlens_64p,dbl-altitude-antonym,30,"[""none"", ""\u900a"", ""\ub85c\ub294"", ""NONE"", "" \u0627\u0639\u062a\u0642""]"
multihop,rlens_64p,dbl-altitude-antonym,38,"[""**"", ""C"", ""none"", ""NONE"", "" none""]"
multihop,rlens_64p,dbl-altitude-antonym,45,"["" either"", ""low"", "" **"", ""\u0e15\u0e48\u0e33"", "" rendah""]"
multihop,rlens_64p,dbl-altitude-antonym,52,"[""low"", "" low"", "" \ub0ae\uc740"", ""\u062e\u0641\u0636"", "" rendah""]"
multihop,jpp_64p,dbl-altitude-antonym,8,"[""\u0e35\u0e22"", ""ization"", "" favorite"", "" \u0e46"", ""\u0447\u0430""]"
multihop,jpp_64p,dbl-altitude-antonym,15,"[""mathscr"", ""ulfonic"", ""asch"", ""ius"", ""\u0441\u044f""]"
multihop,jpp_64p,dbl-altitude-antonym,22,"[""\u0621"", ""ulfonic"", ""P"", ""yum"", ""\u00f3dio""]"
multihop,jpp_64p,dbl-altitude-antonym,30,"[""\u900a"", ""none"", ""ibly"", ""\ub85c\ub294"", ""NONE""]"
multihop,jpp_64p,dbl-altitude-antonym,38,"["" none"", ""FALSE"", ""none"", "" \u0648\u0642\u0644"", ""NONE""]"
multihop,jpp_64p,dbl-altitude-antonym,45,"[""**"", ""low"", "" la"", ""\u0e15\u0e48\u0e33"", "" **""]"
multihop,jpp_64p,dbl-altitude-antonym,52,"[""low"", "" low"", ""\u062e\u0641\u0636"", ""\u0e15\u0e48\u0e33"", "" rendah""]"
multilingual,logit,japanese-day-monday,8,"[""om"", "" l"", "" v"", "" de"", ""an""]"
multilingual,logit,japanese-day-monday,15,"["" l"", ""ino"", ""\u0ba4\u0bc1"", "" uma"", "" de""]"
multilingual,logit,japanese-day-monday,22,"["" de"", "" l"", "" uma"", "" own"", "" la""]"
multilingual,logit,japanese-day-monday,30,"["" l"", ""-"", "" own"", "" de"", ""ly""]"
multilingual,logit,japanese-day-monday,38,"["" l"", "" a"", ""-"", "" an"", "" own""]"
multilingual,logit,japanese-day-monday,45,"["" l"", "" a"", "" either"", "" Tuesday"", ""Tuesday""]"
multilingual,logit,japanese-day-monday,52,"[""Tuesday"", "" Tuesday"", "" tuesday"", "" \u092e\u0902\u0917\u0932\u0935\u093e\u0930"", "" Tuesdays""]"
multilingual,jlens_16p,japanese-day-monday,8,"[""y"", ""yeri"", ""ness"", ""\u094d\u092f"", ""mett""]"
multilingual,jlens_16p,japanese-day-monday,15,"[""\u0420\u0410"", ""UKA"", "" PRP"", "" own"", "" la""]"
multilingual,jlens_16p,japanese-day-monday,22,"[""UKA"", ""\u0420\u0410"", "" own"", "" PRP"", "" la""]"
multilingual,jlens_16p,japanese-day-monday,30,"["" own"", ""\u6027"", "" single"", "" even"", ""rian""]"
multilingual,jlens_16p,japanese-day-monday,38,"["" own"", ""\u6027"", ""\u094d\u092f\u094b"", ""\u129b\u12cd"", ""\u0647""]"
multilingual,jlens_16p,japanese-day-monday,45,"["" Tuesday"", "" either"", ""S"", ""uesday"", "" Monday""]"
multilingual,jlens_16p,japanese-day-monday,52,"["" Tuesday"", ""Tuesday"", "" tuesday"", ""uesday"", "" martes""]"
multilingual,rlens_16p,japanese-day-monday,8,"[""\u0131rl"", ""\u6761"", ""\uff49"", ""\u306a"", ""\ufee5""]"
multilingual,rlens_16p,japanese-day-monday,15,"["" l"", "" montr\u00e9"", ""\u6761"", ""\u0131rl"", ""\u0e04\u0e48\u0e2d\u0e22""]"
multilingual,rlens_16p,japanese-day-monday,22,"["" l"", "" montr\u00e9"", ""\u0131rl"", "" \uac19\ub2e4"", ""\u0647\u0645\u0627""]"
multilingual,rlens_16p,japanese-day-monday,30,"[""\u308b"", ""\u0131rl"", ""NONE"", ""1"", ""\u0647\u0645\u0627""]"
multilingual,rlens_16p,japanese-day-monday,38,"["" **"", ""S"", ""\u7b2c\u4e8c\u5929"", "" lendemain"", ""**""]"
multilingual,rlens_16p,japanese-day-monday,45,"["" Tuesday"", "" Wednesday"", ""S"", ""\u901a\u5e38"", "" Saturday""]"
multilingual,rlens_16p,japanese-day-monday,52,"["" Tuesday"", ""Tuesday"", "" tuesday"", ""uesday"", "" martes""]"
multilingual,rlens_64p,japanese-day-monday,8,"[""\u0131rl"", ""\u6761"", ""\uff49"", ""\u306a"", ""\ufee5""]"
multilingual,rlens_64p,japanese-day-monday,15,"["" l"", "" montr\u00e9"", ""\u6761"", ""\u0131rl"", ""\ufee5""]"
multilingual,rlens_64p,japanese-day-monday,22,"["" l"", "" montr\u00e9"", ""\u0131rl"", "" \uac19\ub2e4"", ""\u0647\u0645\u0627""]"
multilingual,rlens_64p,japanese-day-monday,30,"[""NONE"", ""\u308b"", ""1"", ""\u0131rl"", ""\u30e9\u30eb""]"
multilingual,rlens_64p,japanese-day-monday,38,"["" **"", ""S"", "" lendemain"", ""\u7b2c\u4e8c\u5929"", ""Day""]"
multilingual,rlens_64p,japanese-day-monday,45,"["" Tuesday"", ""S"", "" Wednesday"", ""\u901a\u5e38"", "" g\u00ec""]"
multilingual,rlens_64p,japanese-day-monday,52,"["" Tuesday"", ""Tuesday"", "" tuesday"", "" martes"", ""uesday""]"
multilingual,jpp_64p,japanese-day-monday,8,"[""ja"", ""\ub294"", ""\u306f"", "" \u0939\u0948"", ""ydi""]"
multilingual,jpp_64p,japanese-day-monday,15,"["" l"", ""\u3058"", "" day"", ""\u6761"", ""\u1790\u17d2\u1784\u17c3""]"
multilingual,jpp_64p,japanese-day-monday,22,"["" l"", ""\u6761"", "" day"", "" lendemain"", ""\u0647\u0645\u0627""]"
multilingual,jpp_64p,japanese-day-monday,30,"["" day"", "" p\u00e4iv"", "" Day"", "" curfew"", ""day""]"
multilingual,jpp_64p,japanese-day-monday,38,"[""Day"", "" day"", "" Day"", ""day"", ""\u65e5\u306f""]"
multilingual,jpp_64p,japanese-day-monday,45,"["" Tuesday"", ""Tuesday"", "" Wednesday"", "" Thursday"", ""uesday""]"
multilingual,jpp_64p,japanese-day-monday,52,"["" Tuesday"", ""Tuesday"", "" tuesday"", ""uesday"", "" martes""]"
multilingual,logit,turkish-opposite-fast,8,"[""ro"", ""</i>"", "" l"", "" de"", ""le""]"
multilingual,logit,turkish-opposite-fast,15,"["" de"", "" l"", ""-"", "" la"", "" est""]"
multilingual,logit,turkish-opposite-fast,22,"["" de"", "" l"", "" la"", "" que"", "" est""]"
multilingual,logit,turkish-opposite-fast,30,"["" l"", ""-"", ""y"", ""ed"", ""ly""]"
multilingual,logit,turkish-opposite-fast,38,"[""-"", "" l"", ""K"", ""y"", ""ed""]"
multilingual,logit,turkish-opposite-fast,45,"["" l"", ""-"", ""y"", "" slower"", ""K""]"
multilingual,logit,turkish-opposite-fast,52,"["" Slow"", "" slow"", "" slower"", ""Slow"", ""slow""]"
multilingual,jlens_16p,turkish-opposite-fast,8,"[""y"", ""yeri"", ""ness"", ""\u094d\u092f"", ""mett""]"
multilingual,jlens_16p,turkish-opposite-fast,15,"[""\u0420\u0410"", ""UKA"", "" PRP"", "" own"", "" la""]"
multilingual,jlens_16p,turkish-opposite-fast,22,"[""\u0420\u0410"", ""UKA"", "" PRP"", "" own"", "" la""]"
multilingual,jlens_16p,turkish-opposite-fast,30,"["" own"", ""\u6027"", "" uma"", ""ization"", ""zd""]"
multilingual,jlens_16p,turkish-opposite-fast,38,"["" own"", "" uma"", ""\u0629"", ""\u0647\u0627"", ""\u6027""]"
multilingual,jlens_16p,turkish-opposite-fast,45,"["" own"", "" ability"", ""\u0647\u0627"", ""\u0629"", ""ist""]"
multilingual,jlens_16p,turkish-opposite-fast,52,"["" Slow"", "" slow"", ""slow"", ""Slow"", "" slower""]"
multilingual,rlens_16p,turkish-opposite-fast,8,"[""\u06cc"", "" \uc2f6"", "" \u0e46"", ""\u06cc\u0648"", "" up""]"
multilingual,rlens_16p,turkish-opposite-fast,15,"[""\u042a"", ""zd"", ""InData"", ""\u06cc"", ""\u06cc\u0648""]"
multilingual,rlens_16p,turkish-opposite-fast,22,"[""uncia"", ""zd"", ""ibly"", ""\u042a"", ""\u5e94\u8be5\u662f""]"
multilingual,rlens_16p,turkish-opposite-fast,30,"[""/"", "" up"", "" or"", ""z\u0119"", ""uncia""]"
multilingual,rlens_16p,turkish-opposite-fast,38,"["" either"", ""/"", ""\u4e0d\u4e86"", ""\u0629"", ""S""]"
multilingual,rlens_16p,turkish-opposite-fast,45,"["" either"", ""s"", ""\u0629"", ""\u6162"", ""\u0627\u062a""]"
multilingual,rlens_16p,turkish-opposite-fast,52,"[""slow"", ""Slow"", "" slow"", "" Slow"", "" slower""]"
multilingual,rlens_64p,turkish-opposite-fast,8,"[""\u06cc"", "" \uc2f6"", "" \u0e46"", "" uma"", ""\u06cc\u0648""]"
multilingual,rlens_64p,turkish-opposite-fast,15,"[""\u06cc"", ""zd"", ""\u042a"", "" Marcia"", ""InData""]"
multilingual,rlens_64p,turkish-opposite-fast,22,"[""zd"", ""\u5e94\u8be5\u662f"", ""\u042a"", ""uncia"", "" up""]"
multilingual,rlens_64p,turkish-opposite-fast,30,"[""/"", "" up"", "" or"", ""z\u0119"", ""\u00edmica""]"
multilingual,rlens_64p,turkish-opposite-fast,38,"[""/"", ""\u0629"", "" either"", ""\u4e0d\u4e86"", ""S""]"
multilingual,rlens_64p,turkish-opposite-fast,45,"["" either"", ""\u0629"", ""s"", ""\u0627\u062a"", ""\u6162""]"
multilingual,rlens_64p,turkish-opposite-fast,52,"[""Slow"", "" slow"", ""slow"", "" slower"", "" Slow""]"
multilingual,jpp_64p,turkish-opposite-fast,8,"[""ization"", ""\u0649"", ""\u0e35\u0e22"", "" \u0e46"", ""\u75f4""]"
multilingual,jpp_64p,turkish-opposite-fast,15,"[""ial"", ""uncia"", ""zd"", "" trivia"", ""inal""]"
multilingual,jpp_64p,turkish-opposite-fast,22,"[""ial"", ""uncia"", ""passwd"", ""\u8bed"", ""cedence""]"
multilingual,jpp_64p,turkish-opposite-fast,30,"["" or"", ""/"", "" up"", ""uncia"", "" fact""]"
multilingual,jpp_64p,turkish-opposite-fast,38,"["" or"", "" ANSWER"", ""\u02bb"", "" conversely"", "" none""]"
multilingual,jpp_64p,turkish-opposite-fast,45,"[""slow"", ""\u6162"", ""ava\u015f"", ""\u0629"", ""adie""]"
multilingual,jpp_64p,turkish-opposite-fast,52,"["" slow"", ""slow"", ""Slow"", "" Slow"", "" slower""]"
multilingual,logit,spanish-number-three,8,"["" s"", ""le"", "" m"", "" l"", ""ro""]"
multilingual,logit,spanish-number-three,15,"["" l"", ""le"", "" la"", ""sa"", "" de""]"
multilingual,logit,spanish-number-three,22,"["" de"", "" la"", "" l"", "" est"", ""\u0ba4\u0bc1""]"
multilingual,logit,spanish-number-three,30,"["" own"", "" l"", ""ed"", ""e"", ""y""]"
multilingual,logit,spanish-number-three,38,"[""-"", ""C"", ""ed"", ""K"", ""T""]"
multilingual,logit,spanish-number-three,45,"["" own"", ""-"", ""four"", "" four"", "" fourth""]"
multilingual,logit,spanish-number-three,52,"["" four"", ""Four"", "" \u56db"", ""\u56db"", ""four""]"
multilingual,jlens_16p,spanish-number-three,8,"[""y"", ""yeri"", ""ness"", ""\u094d\u092f"", ""mett""]"
multilingual,jlens_16p,spanish-number-three,15,"[""\u0420\u0410"", ""UKA"", "" PRP"", "" own"", "" la""]"
multilingual,jlens_16p,spanish-number-three,22,"[""UKA"", ""\u0420\u0410"", "" PRP"", "" own"", "" la""]"
multilingual,jlens_16p,spanish-number-three,30,"["" own"", "" uma"", ""\u6027"", "" up"", "" ability""]"
multilingual,jlens_16p,spanish-number-three,38,"["" own"", "" uma"", ""\u0629"", ""\u0647"", ""\u0647\u0627""]"
multilingual,jlens_16p,spanish-number-three,45,"["" uma"", "" rest"", "" own"", ""\u0647"", ""\u0629""]"
multilingual,jlens_16p,spanish-number-three,52,"["" four"", "" quatro"", ""four"", "" cuatro"", "" \u091a\u093e\u0930""]"
multilingual,rlens_16p,spanish-number-three,8,"["" uma"", "" \uc2f6"", ""\u06cc"", "" up"", "" \u0e46""]"
multilingual,rlens_16p,spanish-number-three,15,"["" up"", "" \uc2f6"", ""\u042a"", ""\u1015\u102b\u1010\u101a\u103a"", ""\u03bf\u03c2""]"
multilingual,rlens_16p,spanish-number-three,22,"[""\u5e94\u8be5\u662f"", ""\u8d77\u6765"", ""\ub85c\ub294"", ""\uac9f"", ""\u042a""]"
multilingual,rlens_16p,spanish-number-three,30,"[""\u4e2a"", ""\u0629"", ""\u4e0d\u4e86"", "" up"", ""0""]"
multilingual,rlens_16p,spanish-number-three,38,"[""**"", ""\u0629"", ""\u4e0d\u4e86"", "" **"", ""umac""]"
multilingual,rlens_16p,spanish-number-three,45,"[""s"", ""\u0629"", ""**"", "" \u0438"", "" quatro""]"
multilingual,rlens_16p,spanish-number-three,52,"[""four"", "" four"", "" quatro"", ""Four"", "" \u091a\u093e\u0930""]"
multilingual,rlens_64p,spanish-number-three,8,"["" uma"", ""\u06cc"", "" \uc2f6"", "" up"", ""\u0441\u044f""]"
multilingual,rlens_64p,spanish-number-three,15,"["" up"", ""\u1015\u102b\u1010\u101a\u103a"", "" \uc2f6"", "" uma"", ""\u042a""]"
multilingual,rlens_64p,spanish-number-three,22,"[""\u5e94\u8be5\u662f"", ""umac"", ""\uac9f"", ""\u8d77\u6765"", ""\u042a""]"
multilingual,rlens_64p,spanish-number-three,30,"[""\u4e2a"", ""\u0629"", "" up"", ""0"", ""/""]"
multilingual,rlens_64p,spanish-number-three,38,"[""**"", ""\u0629"", ""C"", ""\u5b57"", ""\u4e0d\u4e86""]"
multilingual,rlens_64p,spanish-number-three,45,"[""\u0629"", ""s"", "" \u0438"", ""**"", "" quatro""]"
multilingual,rlens_64p,spanish-number-three,52,"[""four"", "" four"", "" quatro"", ""Four"", "" \u091a\u093e\u0930""]"
multilingual,jpp_64p,spanish-number-three,8,"[""ization"", ""\u0e35\u0e22"", ""\u092f\u093e"", ""\u6211\u5f88"", ""\u0ab5\u0ac0""]"
multilingual,jpp_64p,spanish-number-three,15,"[""\u03bf\u03c2"", ""ovich"", ""estion"", ""ommen"", ""\u0ab5\u0ac0""]"
multilingual,jpp_64p,spanish-number-three,22,"[""y"", ""yum"", ""\u4e2a"", ""gue"", ""\u02bb""]"
multilingual,jpp_64p,spanish-number-three,30,"[""S"", ""0"", ""y"", ""\u4e2a"", ""L""]"
multilingual,jpp_64p,spanish-number-three,38,"[""\u5b57"", ""ed"", ""\u0629"", ""yll"", ""umac""]"
multilingual,jpp_64p,spanish-number-three,45,"[""four"", "" quatro"", ""\u0631\u0628\u0639\u0629"", ""4"", "" four""]"
multilingual,jpp_64p,spanish-number-three,52,"[""four"", "" four"", "" quatro"", "" cuatro"", ""Four""]"
multilingual,logit,french-number-seven,8,"[""le"", ""</span>"", "" m"", ""ro"", "" s""]"
multilingual,logit,french-number-seven,15,"["" l"", "" la"", "" de"", "" est"", "" \u0432""]"
multilingual,logit,french-number-seven,22,"["" la"", "" de"", "" l"", "" est"", ""\u0ba4\u0bc1""]"
multilingual,logit,french-number-seven,30,"["" l"", "" own"", ""ed"", ""-"", ""ly""]"
multilingual,logit,french-number-seven,38,"[""-"", ""ed"", ""L"", "" l"", ""y""]"
multilingual,logit,french-number-seven,45,"["" l"", ""-"", "" either"", "" a"", "" eight""]"
multilingual,logit,french-number-seven,52,"["" l"", ""\u516b"", "" Eight"", ""Eight"", ""eight""]"
multilingual,jlens_16p,french-number-seven,8,"[""y"", ""yeri"", ""ness"", ""\u094d\u092f"", ""mett""]"
multilingual,jlens_16p,french-number-seven,15,"[""\u0420\u0410"", ""UKA"", "" PRP"", "" own"", "" la""]"
multilingual,jlens_16p,french-number-seven,22,"[""UKA"", ""\u0420\u0410"", "" PRP"", "" own"", "" la""]"
multilingual,jlens_16p,french-number-seven,30,"["" uma"", "" own"", ""\ub3c4"", ""\u6027"", "" up""]"
multilingual,jlens_16p,french-number-seven,38,"["" own"", "" uma"", ""\u0629"", "" up"", ""\u0647""]"
multilingual,jlens_16p,french-number-seven,45,"["" ability"", ""\u0647"", ""ization"", ""\u0629"", "" uma""]"
multilingual,jlens_16p,french-number-seven,52,"["" eight"", "" eighty"", ""eight"", "" eighteen"", "" Eight""]"
multilingual,rlens_16p,french-number-seven,8,"["" uma"", "" \u0e46"", ""\u06cc"", "" up"", ""\u1015\u102b\u1010\u101a\u103a""]"
multilingual,rlens_16p,french-number-seven,15,"[""\u1f45"", ""gue"", ""zia"", ""\u042a"", ""\uc838""]"
multilingual,rlens_16p,french-number-seven,22,"[""\u723d"", ""\u1f45"", ""\ucbe4"", ""\u042a"", ""\ub85c\ub294""]"
multilingual,rlens_16p,french-number-seven,30,"[""\u03bf\u03c2"", ""\u0907\u0938\u094d"", ""\u4e2a"", ""zia"", ""\u7a9c""]"
multilingual,rlens_16p,french-number-seven,38,"[""\u0629"", ""**"", ""woord"", ""j\u0119"", ""\uc5d0\ub3c4""]"
multilingual,rlens_16p,french-number-seven,45,"["" either"", ""\u0629"", ""s"", "" eight"", ""\u540e\u9762""]"
multilingual,rlens_16p,french-number-seven,52,"["" eight"", "" Eight"", ""eight"", ""\u516b"", ""Eight""]"
multilingual,rlens_64p,french-number-seven,8,"["" uma"", ""\u06cc"", "" up"", ""\u1015\u102b\u1010\u101a\u103a"", ""\u0440\u043e\u0438""]"
multilingual,rlens_64p,french-number-seven,15,"[""gue"", ""\u1f45"", ""zia"", ""\u042a"", ""\ucbe4""]"
multilingual,rlens_64p,french-number-seven,22,"[""\u723d"", ""\ucbe4"", ""\u1f45"", ""\u042a"", ""\ub85c\ub294""]"
multilingual,rlens_64p,french-number-seven,30,"[""\u4e2a"", "" \uc633"", ""\u7a9c"", ""\u1f25"", ""\u0907\u0938\u094d""]"
multilingual,rlens_64p,french-number-seven,38,"[""\u0629"", ""woord"", ""**"", ""\u03bf\u03c2"", ""j\u0119""]"
multilingual,rlens_64p,french-number-seven,45,"[""\u0629"", "" either"", "" eight"", ""s"", "" seven""]"
multilingual,rlens_64p,french-number-seven,52,"["" eight"", ""eight"", "" Eight"", ""\u516b"", ""Eight""]"
multilingual,jpp_64p,french-number-seven,8,"[""\u0e35\u0e22"", ""ian"", ""\u6211\u5f88"", ""\u0447\u0430"", ""ia""]"
multilingual,jpp_64p,french-number-seven,15,"[""ovich"", ""jian"", ""gue"", ""\u723d"", "" avion""]"
multilingual,jpp_64p,french-number-seven,22,"[""ial"", ""\u723d"", ""gue"", ""cedence"", ""\ucbe4""]"
multilingual,jpp_64p,french-number-seven,30,"[""S"", ""iectasis"", ""i\u0105"", ""naya"", "" znak""]"
multilingual,jpp_64p,french-number-seven,38,"["" none"", ""texttt"", ""Mie"", ""\u96c0"", ""iectasis""]"
multilingual,jpp_64p,french-number-seven,45,"["" eight"", ""seven"", "" seven"", ""eight"", ""eighth""]"
multilingual,jpp_64p,french-number-seven,52,"["" eight"", ""eight"", "" Eight"", ""\u516b"", ""Eight""]"
multilingual,logit,portuguese-direction-up,8,"[""le"", "" s"", "" m"", "" l"", ""</span>""]"
multilingual,logit,portuguese-direction-up,15,"["" de"", "" l"", "" la"", "" \u0432"", "" s""]"
multilingual,logit,portuguese-direction-up,22,"["" l"", "" de"", "" la"", "" est"", "" \u0432""]"
multilingual,logit,portuguese-direction-up,30,"["" own"", ""ed"", "" l"", ""er"", "" and""]"
multilingual,logit,portuguese-direction-up,38,"[""C"", ""-"", ""ly"", ""ed"", ""T""]"
multilingual,logit,portuguese-direction-up,45,"[""bottom"", "" bottom"", "" \uc544\ub798"", "" up"", "" below""]"
multilingual,logit,portuguese-direction-up,52,"["" \uc544\ub798"", "" \u4e0b"", "" uma"", "" \u0928\u0940\u091a\u0947"", "" a\u015fa\u011f\u0131""]"
multilingual,jlens_16p,portuguese-direction-up,8,"[""y"", ""yeri"", ""ness"", ""\u094d\u092f"", ""mett""]"
multilingual,jlens_16p,portuguese-direction-up,15,"[""\u0420\u0410"", ""UKA"", "" PRP"", "" own"", "" la""]"
multilingual,jlens_16p,portuguese-direction-up,22,"[""\u0420\u0410"", ""UKA"", "" PRP"", "" own"", "" la""]"
multilingual,jlens_16p,portuguese-direction-up,30,"["" uma"", "" own"", ""utra"", "" up"", ""zd""]"
multilingual,jlens_16p,portuguese-direction-up,38,"["" own"", "" uma"", ""\u0647\u0627"", ""\u0629"", ""\u0647""]"
multilingual,jlens_16p,portuguese-direction-up,45,"["" own"", "" uma"", ""\u0647\u0627"", ""\u0647"", "" rest""]"
multilingual,jlens_16p,portuguese-direction-up,52,"["" below"", "" abajo"", "" \u0928\u0940\u091a\u0947"", "" downward"", ""below""]"
multilingual,rlens_16p,portuguese-direction-up,8,"["" \u0e46"", "" \uc2f6"", "" uma"", ""\u06cc"", "" noqa""]"
multilingual,rlens_16p,portuguese-direction-up,15,"[""\uc838"", ""\u1f45"", ""\u0646\u064a\u0629"", ""\u042a"", "" \uc2f6""]"
multilingual,rlens_16p,portuguese-direction-up,22,"[""\u1f45"", ""\u900a"", ""\u01ceng"", ""\u723d"", ""\u042a""]"
multilingual,rlens_16p,portuguese-direction-up,30,"["" up"", ""/"", "" or"", "" \uc2f6"", "" \ubb50\uc57c""]"
multilingual,rlens_16p,portuguese-direction-up,38,"[""**"", "" up"", ""S"", ""\u0647\u0627"", "" either""]"
multilingual,rlens_16p,portuguese-direction-up,45,"[""S"", "" either"", "" downward"", "" a\u015fa\u011f\u0131"", "" downstairs""]"
multilingual,rlens_16p,portuguese-direction-up,52,"["" below"", "" abajo"", "" a\u015fa\u011f\u0131"", "" \uc544\ub798"", ""\u4e0b\u306b""]"
multilingual,rlens_64p,portuguese-direction-up,8,"["" uma"", "" \uc2f6"", ""\u06cc"", "" \u0e46"", "" noqa""]"
multilingual,rlens_64p,portuguese-direction-up,15,"[""\uc838"", "" uma"", ""\u1f45"", ""\u042a"", ""\u0646\u064a\u0629""]"
multilingual,rlens_64p,portuguese-direction-up,22,"[""\u01ceng"", ""\u723d"", ""\u1f45"", ""\u042a"", ""\u900a""]"
multilingual,rlens_64p,portuguese-direction-up,30,"["" up"", ""/"", "" or"", "" \uc2f6"", ""\u1f40""]"
multilingual,rlens_64p,portuguese-direction-up,38,"[""**"", "" up"", ""S"", ""\u0647\u0627"", ""\u0629""]"
multilingual,rlens_64p,portuguese-direction-up,45,"[""S"", "" a\u015fa\u011f\u0131"", "" downward"", "" either"", "" downstairs""]"
multilingual,rlens_64p,portuguese-direction-up,52,"["" below"", "" abajo"", "" \uc544\ub798"", "" a\u015fa\u011f\u0131"", ""\u4e0b\u306b""]"
multilingual,jpp_64p,portuguese-direction-up,8,"[""ization"", ""\u0e35\u0e22"", "" \u0e46"", ""\u064a\u0629"", ""\u0447\u0430""]"
multilingual,jpp_64p,portuguese-direction-up,15,"["" m\u011b"", ""izes"", ""\uc838"", ""estion"", ""\u00f8""]"
multilingual,jpp_64p,portuguese-direction-up,22,"[""\u723d"", ""yum"", ""\u00f8"", ""gue"", ""\u900a""]"
multilingual,jpp_64p,portuguese-direction-up,30,"["" up"", "" or"", ""/"", ""C"", "" fact""]"
multilingual,jpp_64p,portuguese-direction-up,38,"[""ed"", "" or"", "" up"", ""Language"", "" portugu\u00eas""]"
multilingual,jpp_64p,portuguese-direction-up,45,"["" a\u015fa\u011f\u0131"", ""bottom"", "" downward"", "" abajo"", "" bottom""]"
multilingual,jpp_64p,portuguese-direction-up,52,"["" below"", "" abajo"", "" a\u015fa\u011f\u0131"", "" \uc544\ub798"", "" downstairs""]"
multilingual,logit,dutch-direction-left,8,"[""le"", "" s"", "" m"", ""ro"", ""</span>""]"
multilingual,logit,dutch-direction-left,15,"["" de"", "" l"", "" \u0432"", "" la"", "" est""]"
multilingual,logit,dutch-direction-left,22,"["" de"", "" la"", "" l"", ""\u0ba4\u0bc1"", "" est""]"
multilingual,logit,dutch-direction-left,30,"["" l"", "" own"", ""ly"", ""ed"", ""-""]"
multilingual,logit,dutch-direction-left,38,"[""-"", ""K"", ""s"", ""y"", ""er""]"
multilingual,logit,dutch-direction-left,45,"[""-"", "" l"", "" right"", ""\u53f3"", "" \uc624\ub978\ucabd""]"
multilingual,logit,dutch-direction-left,52,"[""Right"", ""right"", "" Right"", "" rechts"", "" right""]"
multilingual,jlens_16p,dutch-direction-left,8,"[""y"", ""yeri"", ""ness"", ""\u094d\u092f"", ""mett""]"
multilingual,jlens_16p,dutch-direction-left,15,"[""\u0420\u0410"", ""UKA"", "" PRP"", "" own"", "" la""]"
multilingual,jlens_16p,dutch-direction-left,22,"[""UKA"", ""\u0420\u0410"", "" PRP"", "" own"", "" la""]"
multilingual,jlens_16p,dutch-direction-left,30,"["" uma"", ""ization"", "" up"", "" own"", "" fact""]"
multilingual,jlens_16p,dutch-direction-left,38,"["" own"", "" uma"", "" up"", ""\u0629"", ""ization""]"
multilingual,jlens_16p,dutch-direction-left,45,"["" rest"", "" own"", "" either"", "" ability"", ""\u0647\u0627""]"
multilingual,jlens_16p,dutch-direction-left,52,"["" right"", ""\u53f3"", "" Right"", ""Right"", ""right""]"
multilingual,rlens_16p,dutch-direction-left,8,"["" \u0e46"", "" noqa"", "" uma"", ""\u06cc\u0648"", "" \uc2f6""]"
multilingual,rlens_16p,dutch-direction-left,15,"[""zia"", ""\u0646\u064a\u0629"", ""\u1f45"", ""\uc838"", ""\u3063\u3066\u3044\u3066""]"
multilingual,rlens_16p,dutch-direction-left,22,"[""\u900a"", ""\ub85c\ub294"", ""\u01ceng"", ""\u723d"", ""\u0646\u064a\u0629""]"
multilingual,rlens_16p,dutch-direction-left,30,"["" up"", "" or"", ""\ub85c\ub294"", "" persone"", ""z\u0119""]"
multilingual,rlens_16p,dutch-direction-left,38,"[""S"", ""**"", ""C"", ""j\u0119"", "" either""]"
multilingual,rlens_16p,dutch-direction-left,45,"[""S"", "" \uc624\ub978\ucabd"", ""\u53f3"", "" right"", "" either""]"
multilingual,rlens_16p,dutch-direction-left,52,"["" right"", ""\u53f3"", ""Right"", ""right"", "" Right""]"
multilingual,rlens_64p,dutch-direction-left,8,"["" uma"", "" \u0e46"", "" noqa"", "" \uc2f6"", ""\u06cc\u0648""]"
multilingual,rlens_64p,dutch-direction-left,15,"[""\ucef9"", ""\u1015\u102b\u1010\u101a\u103a"", "" Marcia"", ""zia"", ""\u0646\u064a\u0629""]"
multilingual,rlens_64p,dutch-direction-left,22,"[""\ub85c\ub294"", ""\u01ceng"", ""\u900a"", ""\u723d"", ""\ucef9""]"
multilingual,rlens_64p,dutch-direction-left,30,"["" up"", "" or"", ""\ub85c\ub294"", "" persone"", ""z\u0119""]"
multilingual,rlens_64p,dutch-direction-left,38,"[""S"", ""C"", ""**"", ""\u6216\u8005\u662f"", ""\u0629""]"
multilingual,rlens_64p,dutch-direction-left,45,"[""S"", "" \uc624\ub978\ucabd"", ""\u53f3"", "" right"", ""right""]"
multilingual,rlens_64p,dutch-direction-left,52,"["" right"", ""right"", ""\u53f3"", ""Right"", "" Right""]"
multilingual,jpp_64p,dutch-direction-left,8,"[""\u0e35\u0e22"", ""ization"", "" \u0e46"", ""ian"", ""ia""]"
multilingual,jpp_64p,dutch-direction-left,15,"[""estion"", ""izes"", ""ulfonic"", "" avion"", ""\u723d""]"
multilingual,jpp_64p,dutch-direction-left,22,"[""\u723d"", ""ial"", ""\u900a"", ""\u0442\u0430\u044f"", ""uiu""]"
multilingual,jpp_64p,dutch-direction-left,30,"["" or"", ""sometimes"", "" up"", "" persone"", "" fact""]"
multilingual,jpp_64p,dutch-direction-left,38,"["" or"", "" conversely"", "" none"", ""C"", ""sentence""]"
multilingual,jpp_64p,dutch-direction-left,45,"[""right"", ""\u53f3"", "" right"", "" \uc624\ub978\ucabd"", ""Right""]"
multilingual,jpp_64p,dutch-direction-left,52,"["" right"", ""right"", ""Right"", ""\u53f3"", "" Right""]"
multilingual,logit,polish-direction-left,8,"[""le"", ""</i>"", "" m"", "" l"", "" s""]"
multilingual,logit,polish-direction-left,15,"["" l"", "" la"", "" \u0432"", "" de"", "" s""]"
multilingual,logit,polish-direction-left,22,"["" la"", "" de"", "" l"", "" \u0432"", "" Readable""]"
multilingual,logit,polish-direction-left,30,"["" l"", "" own"", ""ly"", ""ed"", ""er""]"
multilingual,logit,polish-direction-left,38,"[""-"", "" l"", ""ed"", ""y"", ""er""]"
multilingual,logit,polish-direction-left,45,"["" right"", "" \u53f3"", ""\u53f3"", ""-"", "" \uc624\ub978\ucabd""]"
multilingual,logit,polish-direction-left,52,"["" right"", ""Right"", "" Right"", ""RIGHT"", ""right""]"
multilingual,jlens_16p,polish-direction-left,8,"[""y"", ""yeri"", ""ness"", ""\u094d\u092f"", ""mett""]"
multilingual,jlens_16p,polish-direction-left,15,"[""\u0420\u0410"", ""UKA"", "" PRP"", "" own"", "" la""]"
multilingual,jlens_16p,polish-direction-left,22,"[""\u0420\u0410"", ""UKA"", "" PRP"", "" own"", "" la""]"
multilingual,jlens_16p,polish-direction-left,30,"["" uma"", "" own"", "" up"", ""ization"", ""zd""]"
multilingual,jlens_16p,polish-direction-left,38,"["" own"", "" up"", ""\u0647\u0627"", ""ization"", "" uma""]"
multilingual,jlens_16p,polish-direction-left,45,"["" own"", ""\u0647\u0627"", "" rest"", "" ability"", "" of""]"
multilingual,jlens_16p,polish-direction-left,52,"["" right"", ""\u53f3"", ""Right"", "" Right"", ""right""]"
multilingual,rlens_16p,polish-direction-left,8,"["" uma"", ""\u06cc\u0648"", "" \u0e46"", "" \uc2f6"", ""\u06cc""]"
multilingual,rlens_16p,polish-direction-left,15,"[""\u06cc\u0648"", ""\uc838"", "" uma"", ""\ucef9"", ""\u1f45""]"
multilingual,rlens_16p,polish-direction-left,22,"[""\u900a"", "" sensibility"", ""\ub85c\ub294"", ""\u01ceng"", ""yum""]"
multilingual,rlens_16p,polish-direction-left,30,"["" up"", ""\ub85c\ub294"", ""\u900a"", ""\u4e2a"", "" or""]"
multilingual,rlens_16p,polish-direction-left,38,"[""**"", ""S"", "" either"", ""\u0647\u0627"", "" up""]"
multilingual,rlens_16p,polish-direction-left,45,"[""\u0647\u0627"", ""S"", "" own"", "" right"", "" either""]"
multilingual,rlens_16p,polish-direction-left,52,"["" right"", ""\u53f3"", "" Right"", ""right"", ""Right""]"
multilingual,rlens_64p,polish-direction-left,8,"["" uma"", ""\u06cc\u0648"", "" \uc2f6"", ""\u06cc"", "" \u0e46""]"
multilingual,rlens_64p,polish-direction-left,15,"["" uma"", ""\ucef9"", ""\u06cc\u0648"", ""\uc838"", ""gue""]"
multilingual,rlens_64p,polish-direction-left,22,"[""\u900a"", ""\ub85c\ub294"", "" sensibility"", ""\u01ceng"", ""\u723d""]"
multilingual,rlens_64p,polish-direction-left,30,"["" up"", "" or"", ""\u4e2a"", ""\u900a"", ""\ub85c\ub294""]"
multilingual,rlens_64p,polish-direction-left,38,"[""S"", ""**"", "" either"", ""\u0647\u0627"", "" up""]"
multilingual,rlens_64p,polish-direction-left,45,"[""\u0647\u0627"", ""S"", "" right"", ""\u53f3"", ""right""]"
multilingual,rlens_64p,polish-direction-left,52,"["" right"", ""\u53f3"", ""right"", "" Right"", ""Right""]"
multilingual,jpp_64p,polish-direction-left,8,"[""ization"", "" \u0e46"", ""\u0e35\u0e22"", ""\u092f\u093e"", ""ia""]"
multilingual,jpp_64p,polish-direction-left,15,"[""estion"", ""mok"", ""zte"", ""izes"", ""yum""]"
multilingual,jpp_64p,polish-direction-left,22,"[""yum"", ""\u900a"", ""\u723d"", ""estion"", ""usuarios""]"
multilingual,jpp_64p,polish-direction-left,30,"["" or"", "" up"", ""sometimes"", ""\u900a"", ""\ub85c\ub294""]"
multilingual,jpp_64p,polish-direction-left,38,"["" conversely"", "" or"", "" none"", ""opposite"", ""NavLink""]"
multilingual,jpp_64p,polish-direction-left,45,"[""right"", "" right"", ""\u53f3"", "" derecha"", "" \uc624\ub978\ucabd""]"
multilingual,jpp_64p,polish-direction-left,52,"["" right"", ""\u53f3"", ""right"", ""Right"", "" Right""]"
multilingual,logit,german-family-aunt,8,"[""le"", ""</span>"", "" l"", ""ad"", ""</s>""]"
multilingual,logit,german-family-aunt,15,"["" l"", "" la"", ""sa"", ""s"", "" de""]"
multilingual,logit,german-family-aunt,22,"["" de"", "" la"", "" own"", ""\u0e43\u0e2b\u0e49"", ""sa""]"
multilingual,logit,german-family-aunt,30,"["" l"", ""-"", "" own"", ""ed"", ""ly""]"
multilingual,logit,german-family-aunt,38,"[""-"", ""K"", ""ed"", "" l"", ""un""]"
multilingual,logit,german-family-aunt,45,"["" l"", ""-"", "" aunt"", "" a"", ""ing""]"
multilingual,logit,german-family-aunt,52,"["" aunt"", "" l"", "" Aunt"", ""\u59e8"", ""-""]"
multilingual,jlens_16p,german-family-aunt,8,"[""y"", ""yeri"", ""ness"", ""\u094d\u092f"", ""mett""]"
multilingual,jlens_16p,german-family-aunt,15,"[""\u0420\u0410"", ""UKA"", "" PRP"", "" own"", "" la""]"
multilingual,jlens_16p,german-family-aunt,22,"[""UKA"", ""\u0420\u0410"", "" own"", "" PRP"", "" la""]"
multilingual,jlens_16p,german-family-aunt,30,"["" own"", ""\u6027"", ""zd"", ""ization"", "" up""]"
multilingual,jlens_16p,german-family-aunt,38,"["" own"", ""ization"", "" **"", ""ist"", ""\u0647\u0627""]"
multilingual,jlens_16p,german-family-aunt,45,"[""\u0647\u0627"", "" **"", "" ability"", ""ization"", "" fact""]"
multilingual,jlens_16p,german-family-aunt,52,"["" aunt"", "" Aunt"", ""\u59e8"", "" aunts"", "" tante""]"
multilingual,rlens_16p,german-family-aunt,8,"["" uma"", ""\u06cc"", ""\u0440\u043e\u0438"", "" \u0e46"", "" Richie""]"
multilingual,rlens_16p,german-family-aunt,15,"[""\u0646\u064a\u0629"", ""Charset"", ""zia"", ""\u06cc"", "" Macrom""]"
multilingual,rlens_16p,german-family-aunt,22,"[""Charset"", ""\u093e\u0908"", ""zia"", ""\u0646\u064a\u0629"", ""\ub85c\ub294""]"
multilingual,rlens_16p,german-family-aunt,30,"[""zia"", "" \u0643\u064a\u0644"", ""\u01ceng"", ""zie\u0107"", "" ANSWER""]"
multilingual,rlens_16p,german-family-aunt,38,"["" **"", ""**"", "" ANSWER"", ""textbf"", ""C""]"
multilingual,rlens_16p,german-family-aunt,45,"["" **"", "" either"", ""S"", ""uncle"", "" daughter""]"
multilingual,rlens_16p,german-family-aunt,52,"["" aunt"", "" Aunt"", ""\u59e8"", ""\u59d1"", "" aunts""]"
multilingual,rlens_64p,german-family-aunt,8,"["" uma"", ""\u06cc"", ""\u0440\u043e\u0438"", "" \u091c\u093c\u094d\u092f\u093e\u0926\u093e"", "" Richie""]"
multilingual,rlens_64p,german-family-aunt,15,"[""Charset"", ""\u06cc"", ""\u0646\u064a\u0629"", "" uma"", ""zia""]"
multilingual,rlens_64p,german-family-aunt,22,"[""Charset"", ""\ub85c\ub294"", ""\u093e\u0908"", ""zia"", ""\u0646\u064a\u0629""]"
multilingual,rlens_64p,german-family-aunt,30,"["" \u0643\u064a\u0644"", ""zia"", ""\u01ceng"", ""\u0907\u0938\u094d"", ""Charset""]"
multilingual,rlens_64p,german-family-aunt,38,"["" **"", ""**"", ""C"", ""textbf"", "" ANSWER""]"
multilingual,rlens_64p,german-family-aunt,45,"["" **"", ""S"", "" either"", ""uncle"", "" daughter""]"
multilingual,rlens_64p,german-family-aunt,52,"["" aunt"", "" Aunt"", ""\u59e8"", ""\u59d1"", "" tante""]"
multilingual,jpp_64p,german-family-aunt,8,"[""\u0447\u0430"", ""\u064a\u0629"", ""\u0d23"", ""\u0e35\u0e22"", ""\u0ab5\u0ac0""]"
multilingual,jpp_64p,german-family-aunt,15,"[""\u064a\u0629"", "" m\u011b"", ""\u0d23"", ""\uca50"", "" ascii""]"
multilingual,jpp_64p,german-family-aunt,22,"[""\u0c3e\u0c28"", ""ippi"", "" ascii"", "" \u043d\u0430\u0443\u043a\u0430"", ""cedence""]"
multilingual,jpp_64p,german-family-aunt,30,"[""naya"", ""zia"", ""\u01ceng"", "" langue"", "" certeza""]"
multilingual,jpp_64p,german-family-aunt,38,"[""**"", "" **"", "" la"", "" M\u00e4dchen"", ""daughter""]"
multilingual,jpp_64p,german-family-aunt,45,"[""uncle"", ""**"", "" **"", "" aunt"", ""Uncle""]"
multilingual,jpp_64p,german-family-aunt,52,"["" aunt"", "" Aunt"", ""\u59e8"", "" aunts"", ""\u59d1""]"
multilingual,logit,french-family-nephew,8,"["" s"", ""<|tool_call>"", ""le"", "" l"", ""</span>""]"
multilingual,logit,french-family-nephew,15,"[""le"", "" l"", "" la"", ""mente"", "" de""]"
multilingual,logit,french-family-nephew,22,"["" la"", "" own"", "" de"", ""sa"", "" l""]"
multilingual,logit,french-family-nephew,30,"["" l"", ""-"", "" own"", ""ed"", ""y""]"
multilingual,logit,french-family-nephew,38,"[""-"", ""ed"", ""un"", "" l"", ""er""]"
multilingual,logit,french-family-nephew,45,"["" l"", ""-"", "" a"", "" cousin"", ""\u5f1f\u5f1f""]"
multilingual,logit,french-family-nephew,52,"["" l"", "" nephew"", ""nep"", ""B"", ""Nep""]"
multilingual,jlens_16p,french-family-nephew,8,"[""y"", ""yeri"", ""ness"", ""\u094d\u092f"", ""mett""]"
multilingual,jlens_16p,french-family-nephew,15,"[""\u0420\u0410"", ""UKA"", "" PRP"", "" own"", "" la""]"
multilingual,jlens_16p,french-family-nephew,22,"[""UKA"", ""\u0420\u0410"", "" PRP"", "" own"", "" la""]"
multilingual,jlens_16p,french-family-nephew,30,"["" own"", "" up"", ""zd"", "" uma"", "" \uc2f6""]"
multilingual,jlens_16p,french-family-nephew,38,"["" **"", "" own"", ""**"", "" uma"", ""ist""]"
multilingual,jlens_16p,french-family-nephew,45,"["" **"", "" ability"", ""\u0647"", ""**"", "" fact""]"
multilingual,jlens_16p,french-family-nephew,52,"["" nephew"", ""nep"", ""Nep"", "" nephews"", "" Nep""]"
multilingual,rlens_16p,french-family-nephew,8,"["" \u0e46"", "" up"", ""\ucef9"", ""\u06cc\u0648"", "" uma""]"
multilingual,rlens_16p,french-family-nephew,15,"["" up"", ""\ucef9"", "" \uc2f6"", "" \uadf8\ub798\uc11c"", ""istique""]"
multilingual,rlens_16p,french-family-nephew,22,"["" up"", "" \uadf8\ub798\uc11c"", ""\u01ceng"", ""istique"", ""\u900a""]"
multilingual,rlens_16p,french-family-nephew,30,"["" up"", ""\u4e00\u4e2a"", "" \uc2f6"", ""\u900a"", ""istique""]"
multilingual,rlens_16p,french-family-nephew,38,"["" **"", ""**"", ""textbf"", "" either"", ""<strong>""]"
multilingual,rlens_16p,french-family-nephew,45,"["" **"", ""**"", "" either"", ""s"", ""child""]"
multilingual,rlens_16p,french-family-nephew,52,"["" nephew"", ""nep"", "" nephews"", ""\u7525"", ""Nep""]"
multilingual,rlens_64p,french-family-nephew,8,"[""\ucef9"", "" uma"", "" up"", "" \u0e46"", "" \u091c\u093c\u094d\u092f\u093e\u0926\u093e""]"
multilingual,rlens_64p,french-family-nephew,15,"[""\ucef9"", "" up"", "" \uc2f6"", "" \uadf8\ub798\uc11c"", ""\u1015\u102b\u1010\u101a\u103a""]"
multilingual,rlens_64p,french-family-nephew,22,"["" up"", ""\ub85c\ub294"", "" \uadf8\ub798\uc11c"", ""\u900a"", ""\u8fd9\u4e2a\u4eba""]"
multilingual,rlens_64p,french-family-nephew,30,"["" up"", "" \uc2f6"", ""\u4e00\u4e2a"", ""\u900a"", ""\u4e2a""]"
multilingual,rlens_64p,french-family-nephew,38,"["" **"", ""**"", ""textbf"", ""<strong>"", ""\u4e00\u4e2a""]"
multilingual,rlens_64p,french-family-nephew,45,"["" **"", ""**"", ""s"", ""S"", ""child""]"
multilingual,rlens_64p,french-family-nephew,52,"["" nephew"", ""nep"", "" nephews"", "" Nep"", ""Nep""]"
multilingual,jpp_64p,french-family-nephew,8,"[""ning"", ""\u0923"", "" banget"", ""\u3088\u3046\u306b\u306a\u3063\u3066"", "" \uadf8\ub7ec\uba74""]"
multilingual,jpp_64p,french-family-nephew,15,"[""jon"", ""istic"", ""mathscr"", ""\u0923"", ""\u0c3e\u0c28""]"
multilingual,jpp_64p,french-family-nephew,22,"[""jon"", ""ial"", ""zd"", ""istic"", ""istique""]"
multilingual,jpp_64p,french-family-nephew,30,"["" \uc2f6"", ""\u900a"", "" certeza"", ""\u1f40"", ""\u4e00\u4e2a""]"
multilingual,jpp_64p,french-family-nephew,38,"[""**"", "" **"", "" father"", ""<strong>"", ""textbf""]"
multilingual,jpp_64p,french-family-nephew,45,"[""**"", "" **"", ""uncle"", ""child"", ""something""]"
multilingual,jpp_64p,french-family-nephew,52,"["" nephew"", ""nep"", "" Nep"", ""Nep"", "" nephews""]"
multilingual,logit,ukrainian-opposite-day,8,"[""le"", ""</span>"", "" m"", "" l"", "" s""]"
multilingual,logit,ukrainian-opposite-day,15,"["" la"", "" l"", "" \u0432"", "" de"", "" que""]"
multilingual,logit,ukrainian-opposite-day,22,"["" de"", "" l"", "" la"", "" est"", "" m""]"
multilingual,logit,ukrainian-opposite-day,30,"["" l"", ""-"", ""ed"", ""ly"", ""er""]"
multilingual,logit,ukrainian-opposite-day,38,"[""ed"", ""-"", "" l"", ""er"", ""C""]"
multilingual,logit,ukrainian-opposite-day,45,"["" l"", "" night"", ""night"", "" evening"", ""-""]"
multilingual,logit,ukrainian-opposite-day,52,"[""night"", "" night"", "" Night"", "" \u0930\u093e\u0924"", "" nights""]"
multilingual,jlens_16p,ukrainian-opposite-day,8,"[""y"", ""yeri"", ""ness"", ""\u094d\u092f"", ""mett""]"
multilingual,jlens_16p,ukrainian-opposite-day,15,"[""\u0420\u0410"", ""UKA"", "" PRP"", "" own"", "" la""]"
multilingual,jlens_16p,ukrainian-opposite-day,22,"[""\u0420\u0410"", ""UKA"", "" PRP"", "" own"", "" la""]"
multilingual,jlens_16p,ukrainian-opposite-day,30,"["" own"", "" uma"", "" up"", ""\uc694"", ""\u0647""]"
multilingual,jlens_16p,ukrainian-opposite-day,38,"["" own"", "" uma"", ""\u0629"", ""\u0647"", ""\u0647\u0627""]"
multilingual,jlens_16p,ukrainian-opposite-day,45,"["" own"", ""\u0629"", ""\u0647"", ""\u0647\u0627"", "" rest""]"
multilingual,jlens_16p,ukrainian-opposite-day,52,"["" night"", ""Night"", ""night"", "" \ubc24"", "" Night""]"
multilingual,rlens_16p,ukrainian-opposite-day,8,"["" uma"", ""gue"", "" \uc2f6"", "" noqa"", "" \u0e46""]"
multilingual,rlens_16p,ukrainian-opposite-day,15,"["" uma"", ""gue"", ""\u0621"", ""\u0646\u064a\u0629"", ""zia""]"
multilingual,rlens_16p,ukrainian-opposite-day,22,"[""\u723d"", "" up"", ""ni\u0105"", ""yum"", ""istique""]"
multilingual,rlens_16p,ukrainian-opposite-day,30,"["" up"", ""\u0629"", ""ov\u011b"", "" \ubb50\uc57c"", "" \u0643\u064a\u0644""]"
multilingual,rlens_16p,ukrainian-opposite-day,38,"[""S"", ""**"", ""\u0629"", ""\u0e17\u0e35\u0e48\u0e44\u0e21\u0e48"", "" \uc544\ub2cc""]"
multilingual,rlens_16p,ukrainian-opposite-day,45,"[""\u0627\u062a"", "" night"", "" evening"", ""S"", ""\u591c\u665a""]"
multilingual,rlens_16p,ukrainian-opposite-day,52,"["" night"", ""Night"", ""night"", "" \ubc24"", "" Night""]"
multilingual,rlens_64p,ukrainian-opposite-day,8,"["" uma"", ""gue"", ""\u0649"", ""\u06cc"", "" Macrom""]"
multilingual,rlens_64p,ukrainian-opposite-day,15,"["" uma"", ""gue"", ""\u0621"", ""\u0649"", ""zia""]"
multilingual,rlens_64p,ukrainian-opposite-day,22,"["" up"", ""\u723d"", ""Charset"", ""ni\u0105"", ""yum""]"
multilingual,rlens_64p,ukrainian-opposite-day,30,"[""\u0629"", "" up"", ""ov\u011b"", "" \u0643\u064a\u0644"", "" \uc2f6""]"
multilingual,rlens_64p,ukrainian-opposite-day,38,"[""S"", ""\u0629"", "" \uc5c6\uace0"", ""\u0e17\u0e35\u0e48\u0e44\u0e21\u0e48"", ""**""]"
multilingual,rlens_64p,ukrainian-opposite-day,45,"[""\u0627\u062a"", "" night"", ""S"", ""\u0629"", "" evening""]"
multilingual,rlens_64p,ukrainian-opposite-day,52,"["" night"", ""Night"", ""night"", ""\u591c"", "" \ubc24""]"
multilingual,jpp_64p,ukrainian-opposite-day,8,"[""\u064a\u0629"", ""\u0447\u0430"", ""\u0e35\u0e22"", ""\uc560"", ""\u092f\u093e""]"
multilingual,jpp_64p,ukrainian-opposite-day,15,"[""\u0621"", ""\u064a\u0629"", ""estion"", ""\u723d"", ""viamente""]"
multilingual,jpp_64p,ukrainian-opposite-day,22,"[""yum"", ""\u723d"", ""\u0621"", ""h\u00f5es"", ""gue""]"
multilingual,jpp_64p,ukrainian-opposite-day,30,"[""S"", ""sometimes"", "" \uc2f6\uc740"", ""ov\u011b"", "" up""]"
multilingual,jpp_64p,ukrainian-opposite-day,38,"[""Night"", "" night"", "" noct"", ""night"", "" midnight""]"
multilingual,jpp_64p,ukrainian-opposite-day,45,"["" night"", ""night"", ""Night"", ""\u591c"", "" evening""]"
multilingual,jpp_64p,ukrainian-opposite-day,52,"["" night"", "" \ubc24"", "" Night"", ""Night"", ""night""]"
multilingual,logit,bulgarian-color-grass,8,"[""</caption>"", ""</table>"", "" s"", ""le"", ""</span>""]"
multilingual,logit,bulgarian-color-grass,15,"["" la"", "" l"", "" \u0432"", ""sa"", "" de""]"
multilingual,logit,bulgarian-color-grass,22,"["" de"", "" l"", "" la"", "" est"", ""\u043d\u0430""]"
multilingual,logit,bulgarian-color-grass,30,"["" l"", ""ed"", ""y"", ""-"", "" and""]"
multilingual,logit,bulgarian-color-grass,38,"[""-"", ""ed"", ""T"", "" l"", ""y""]"
multilingual,logit,bulgarian-color-grass,45,"[""T"", ""K"", ""-"", ""ed"", "" l""]"
multilingual,logit,bulgarian-color-grass,52,"[""\u7eff\u8272"", ""\u7eff"", "" green"", ""green"", ""Green""]"
multilingual,jlens_16p,bulgarian-color-grass,8,"[""y"", ""yeri"", ""ness"", ""\u094d\u092f"", ""mett""]"
multilingual,jlens_16p,bulgarian-color-grass,15,"[""\u0420\u0410"", ""UKA"", "" PRP"", "" own"", "" la""]"
multilingual,jlens_16p,bulgarian-color-grass,22,"[""UKA"", ""\u0420\u0410"", "" PRP"", "" own"", "" la""]"
multilingual,jlens_16p,bulgarian-color-grass,30,"["" own"", "" uma"", ""\u6027"", ""\u0647\u0627"", ""\u0648\u0639\u0629""]"
multilingual,jlens_16p,bulgarian-color-grass,38,"["" own"", "" uma"", ""\u0647\u0627"", ""\u6027"", ""\u0647""]"
multilingual,jlens_16p,bulgarian-color-grass,45,"["" uma"", ""\u0647\u0627"", "" own"", ""\u0647"", "" ability""]"
multilingual,jlens_16p,bulgarian-color-grass,52,"["" uma"", ""\u0627\u062a"", ""\u7eff"", "" green"", ""\u7eff\u8272""]"
multilingual,rlens_16p,bulgarian-color-grass,8,"["" uma"", "" \u0e46"", ""\u06cc"", "" \uc2f6"", "" noqa""]"
multilingual,rlens_16p,bulgarian-color-grass,15,"["" uma"", ""\u0646\u064a\u0629"", ""\u1f45"", ""\u042a"", ""\uc838""]"
multilingual,rlens_16p,bulgarian-color-grass,22,"[""\u01ceng"", ""\u042a"", ""Charset"", ""\u900a"", ""\u0646\u064a\u0629""]"
multilingual,rlens_16p,bulgarian-color-grass,30,"[""/"", ""ligence"", ""\u900a"", ""S"", ""ov\u011b""]"
multilingual,rlens_16p,bulgarian-color-grass,38,"[""1"", ""/"", ""S"", ""\u6027"", ""\uc801\uc73c\ub85c""]"
multilingual,rlens_16p,bulgarian-color-grass,45,"[""\u0629"", ""\u0647\u0627"", ""\u0627\u062a"", ""\uc0c9"", ""s""]"
multilingual,rlens_16p,bulgarian-color-grass,52,"[""\u7eff\u8272"", ""green"", "" green"", ""\u7dd1"", ""\u7eff""]"
multilingual,rlens_64p,bulgarian-color-grass,8,"["" uma"", ""\u06cc"", "" \uc2f6"", "" \u0e46"", "" noqa""]"
multilingual,rlens_64p,bulgarian-color-grass,15,"["" uma"", ""\u042a"", ""\u1f45"", ""\u0646\u064a\u0629"", ""gue""]"
multilingual,rlens_64p,bulgarian-color-grass,22,"[""\u01ceng"", ""Charset"", ""\u042a"", ""\u900a"", ""\u0646\u064a\u0629""]"
multilingual,rlens_64p,bulgarian-color-grass,30,"[""/"", ""\u6027"", ""ligence"", ""\u900a"", ""ov\u011b""]"
multilingual,rlens_64p,bulgarian-color-grass,38,"[""/"", ""\u6027"", ""1"", ""S"", ""\u0629""]"
multilingual,rlens_64p,bulgarian-color-grass,45,"[""\u0629"", ""\u0647\u0627"", ""\u0627\u062a"", ""s"", ""S""]"
multilingual,rlens_64p,bulgarian-color-grass,52,"[""\u7eff\u8272"", ""green"", "" green"", ""\u7dd1"", ""\u7eff""]"
multilingual,jpp_64p,bulgarian-color-grass,8,"[""\u064a\u0629"", ""\u0e35\u0e22"", ""ization"", ""\u6211\u5f88"", ""\u092f\u093e""]"
multilingual,jpp_64p,bulgarian-color-grass,15,"[""\u064a\u0629"", ""estion"", ""\u0621"", ""\u1d47"", ""ologii""]"
multilingual,jpp_64p,bulgarian-color-grass,22,"[""yum"", ""\u723d"", ""passwd"", ""l\u00e9e"", ""uate""]"
multilingual,jpp_64p,bulgarian-color-grass,30,"[""S"", ""/"", ""\u900a"", ""ligence"", ""zept""]"
multilingual,jpp_64p,bulgarian-color-grass,38,"["" or"", ""ov\u011b"", ""\u6027"", ""texttt"", ""brix""]"
multilingual,jpp_64p,bulgarian-color-grass,45,"[""\u0629"", ""\u0627\u062a"", ""\uc0c9"", ""setColor"", ""\u7eff\u8272""]"
multilingual,jpp_64p,bulgarian-color-grass,52,"[""\u7eff\u8272"", "" green"", ""green"", ""\u7dd1"", ""\u7eff""]"
multilingual,logit,serbian-opposite-day,8,"[""le"", "" s"", "" m"", "" l"", ""</span>""]"
multilingual,logit,serbian-opposite-day,15,"["" de"", "" la"", "" \u0432"", ""-"", "" l""]"
multilingual,logit,serbian-opposite-day,22,"["" l"", "" de"", "" la"", "" est"", "" s""]"
multilingual,logit,serbian-opposite-day,30,"["" l"", ""-"", ""ly"", ""ed"", "" or""]"
multilingual,logit,serbian-opposite-day,38,"[""-"", "" l"", ""er"", ""ed"", ""C""]"
multilingual,logit,serbian-opposite-day,45,"["" l"", ""-"", "" night"", ""night"", ""\u591c\u665a""]"
multilingual,logit,serbian-opposite-day,52,"["" night"", "" Night"", "" nights"", "" \u0930\u093e\u0924"", ""night""]"
multilingual,jlens_16p,serbian-opposite-day,8,"[""y"", ""yeri"", ""ness"", ""\u094d\u092f"", ""mett""]"
multilingual,jlens_16p,serbian-opposite-day,15,"[""\u0420\u0410"", ""UKA"", "" PRP"", "" own"", "" la""]"
multilingual,jlens_16p,serbian-opposite-day,22,"[""UKA"", ""\u0420\u0410"", "" PRP"", "" own"", "" la""]"
multilingual,jlens_16p,serbian-opposite-day,30,"["" uma"", "" own"", ""\uc801\uc778"", ""\u6027"", ""\u0647""]"
multilingual,jlens_16p,serbian-opposite-day,38,"["" own"", "" uma"", ""\u0629"", ""\u0647\u0627"", ""\u0647""]"
multilingual,jlens_16p,serbian-opposite-day,45,"["" uma"", "" own"", ""\u0647"", ""\u0647\u0627"", "" rest""]"
multilingual,jlens_16p,serbian-opposite-day,52,"["" night"", ""night"", "" \ubc24"", "" nightly"", "" nights""]"
multilingual,rlens_16p,serbian-opposite-day,8,"["" uma"", "" \uc2f6"", ""\u0649"", ""gue"", ""\u06cc""]"
multilingual,rlens_16p,serbian-opposite-day,15,"["" uma"", ""zia"", ""gue"", "" \uc2f6"", ""\u0646\u064a\u0629""]"
multilingual,rlens_16p,serbian-opposite-day,22,"[""\ub85c\ub294"", ""\u7487"", ""zia"", ""\u900a"", ""\u0646\u064a\u0629""]"
multilingual,rlens_16p,serbian-opposite-day,30,"["" \uc2f6"", "" up"", "" \ubb50\uc57c"", ""ov\u011b"", ""none""]"
multilingual,rlens_16p,serbian-opposite-day,38,"[""\u0e17\u0e35\u0e48\u0e44\u0e21\u0e48"", "" \uc5c6\uace0"", ""\u0629"", "" \uc544\ub2cc"", ""**""]"
multilingual,rlens_16p,serbian-opposite-day,45,"[""\u0627\u062a"", ""\u0629"", ""S"", ""\u591c\u665a"", ""\u0647\u0627""]"
multilingual,rlens_16p,serbian-opposite-day,52,"["" night"", ""night"", "" \ubc24"", ""Night"", "" nights""]"
multilingual,rlens_64p,serbian-opposite-day,8,"["" uma"", "" \uc2f6"", ""\u0649"", ""\u06cc"", ""gue""]"
multilingual,rlens_64p,serbian-opposite-day,15,"["" uma"", ""gue"", ""zia"", ""\u0621"", ""\u0646\u064a\u0629""]"
multilingual,rlens_64p,serbian-opposite-day,22,"[""\ub85c\ub294"", ""\u0621"", ""zia"", ""jem"", ""Charset""]"
multilingual,rlens_64p,serbian-opposite-day,30,"["" \uc2f6"", ""none"", "" up"", ""\u900a"", ""/""]"
multilingual,rlens_64p,serbian-opposite-day,38,"["" \uc5c6\uace0"", ""\u0629"", ""\u0e17\u0e35\u0e48\u0e44\u0e21\u0e48"", "" \uc544\ub2cc"", "" \uc2eb""]"
multilingual,rlens_64p,serbian-opposite-day,45,"[""\u0627\u062a"", ""\u0629"", ""S"", ""\u0647\u0627"", ""\u0e17\u0e35\u0e48\u0e44\u0e21\u0e48""]"
multilingual,rlens_64p,serbian-opposite-day,52,"["" night"", ""night"", ""\u591c"", "" \ubc24"", ""Night""]"
multilingual,jpp_64p,serbian-opposite-day,8,"[""\u064a\u0629"", ""gue"", ""\u0447\u0430"", ""\u0e35\u0e22"", ""\u0649""]"
multilingual,jpp_64p,serbian-opposite-day,15,"[""estion"", ""izes"", ""viamente"", ""ial"", ""\u064a\u0629""]"
multilingual,jpp_64p,serbian-opposite-day,22,"[""\u0621"", ""ial"", ""gue"", ""estion"", ""izes""]"
multilingual,jpp_64p,serbian-opposite-day,30,"[""\u900a"", ""none"", "" \uc2f6"", ""sometimes"", "" \uc5c6\uace0""]"
multilingual,jpp_64p,serbian-opposite-day,38,"[""opposite"", "" conversely"", ""umsuz"", "" \uc2eb"", ""Negative""]"
multilingual,jpp_64p,serbian-opposite-day,45,"[""night"", ""\u0627\u062a"", ""Night"", "" night"", ""\u591c\u665a""]"
multilingual,jpp_64p,serbian-opposite-day,52,"[""night"", ""Night"", "" \ubc24"", "" night"", "" nights""]"
multilingual,logit,croatian-opposite-big,8,"[""</span>"", ""</table>"", "" s"", "" b"", ""</i>""]"
multilingual,logit,croatian-opposite-big,15,"["" de"", "" l"", "" la"", "" \u0432"", "" s""]"
multilingual,logit,croatian-opposite-big,22,"["" l"", "" de"", "" la"", "" est"", "" \u0432""]"
multilingual,logit,croatian-opposite-big,30,"["" l"", ""-"", ""ly"", ""y"", ""er""]"
multilingual,logit,croatian-opposite-big,38,"[""-"", "" l"", ""C"", ""er"", ""y""]"
multilingual,logit,croatian-opposite-big,45,"[""-"", "" l"", ""C"", "" small"", ""small""]"
multilingual,logit,croatian-opposite-big,52,"["" small"", ""small"", ""\u5c0f"", "" \uc791\uc740"", "" nh\u1ecf""]"
multilingual,jlens_16p,croatian-opposite-big,8,"[""y"", ""yeri"", ""ness"", ""\u094d\u092f"", ""mett""]"
multilingual,jlens_16p,croatian-opposite-big,15,"[""\u0420\u0410"", ""UKA"", "" PRP"", "" own"", "" la""]"
multilingual,jlens_16p,croatian-opposite-big,22,"[""UKA"", ""\u0420\u0410"", "" PRP"", "" own"", "" la""]"
multilingual,jlens_16p,croatian-opposite-big,30,"["" uma"", "" own"", ""\u6027"", ""zd"", ""ization""]"
multilingual,jlens_16p,croatian-opposite-big,38,"["" own"", "" uma"", ""\u0629"", "" \uc2f6"", ""ist""]"
multilingual,jlens_16p,croatian-opposite-big,45,"["" of"", "" ability"", "" own"", "" small"", ""ist""]"
multilingual,jlens_16p,croatian-opposite-big,52,"["" small"", ""small"", "" kecil"", "" nh\u1ecf"", ""Small""]"
multilingual,rlens_16p,croatian-opposite-big,8,"["" uma"", "" \u0e46"", "" noqa"", "" \uc2f6"", ""\u06cc""]"
multilingual,rlens_16p,croatian-opposite-big,15,"[""zia"", ""gue"", ""\uc838"", ""\u042a"", "" \u0e46""]"
multilingual,rlens_16p,croatian-opposite-big,22,"[""\u900a"", "" up"", ""\u8d77\u6765"", ""\u042a"", ""zia""]"
multilingual,rlens_16p,croatian-opposite-big,30,"["" up"", ""j\u0119"", ""\u4e2a"", "" persone"", "" \u0e46""]"
multilingual,rlens_16p,croatian-opposite-big,38,"[""**"", "" **"", ""\u0e17\u0e35\u0e48\u0e44\u0e21\u0e48"", ""j\u0119"", "" either""]"
multilingual,rlens_16p,croatian-opposite-big,45,"[""s"", "" smaller"", ""\u0e19\u0e49\u0e2d\u0e22"", ""\u8f83\u4f4e"", "" small""]"
multilingual,rlens_16p,croatian-opposite-big,52,"["" small"", ""small"", "" \uc791\uc740"", "" \u0635\u063a\u064a\u0631"", "" kecil""]"
multilingual,rlens_64p,croatian-opposite-big,8,"["" uma"", "" \u0e46"", ""\u06cc"", "" noqa"", "" \uc2f6""]"
multilingual,rlens_64p,croatian-opposite-big,15,"[""zia"", ""gue"", "" uma"", ""\u042a"", ""\uc838""]"
multilingual,rlens_64p,croatian-opposite-big,22,"[""\u900a"", "" up"", "" \uadf8\ub798\uc11c"", ""\u042a"", ""zia""]"
multilingual,rlens_64p,croatian-opposite-big,30,"["" up"", "" or"", ""\u4e2a"", "" \uc2f6"", "" persone""]"
multilingual,rlens_64p,croatian-opposite-big,38,"[""**"", "" **"", ""\u0e17\u0e35\u0e48\u0e44\u0e21\u0e48"", ""umsuz"", ""j\u0119""]"
multilingual,rlens_64p,croatian-opposite-big,45,"[""s"", ""S"", ""\u0e19\u0e49\u0e2d\u0e22"", "" smaller"", "" small""]"
multilingual,rlens_64p,croatian-opposite-big,52,"["" small"", ""small"", "" \uc791\uc740"", "" \u0635\u063a\u064a\u0631"", "" kecil""]"
multilingual,jpp_64p,croatian-opposite-big,8,"[""ization"", "" \u0e46"", ""\u064a\u0629"", ""\u0e35\u0e22"", ""\u0447\u0430""]"
multilingual,jpp_64p,croatian-opposite-big,15,"[""estion"", ""jian"", ""ial"", ""izes"", ""jem""]"
multilingual,jpp_64p,croatian-opposite-big,22,"[""yum"", ""ial"", ""\u900a"", ""gue"", ""estion""]"
multilingual,jpp_64p,croatian-opposite-big,30,"["" or"", ""sometimes"", "" \u0e46"", ""j\u0119"", "" que""]"
multilingual,jpp_64p,croatian-opposite-big,38,"["" or"", ""opposite"", "" none"", ""ed"", "" conversely""]"
multilingual,jpp_64p,croatian-opposite-big,45,"[""smaller"", ""**"", ""small"", "" \u0635\u063a\u064a\u0631"", "" smaller""]"
multilingual,jpp_64p,croatian-opposite-big,52,"[""small"", "" small"", "" kecil"", "" \uc791\uc740"", "" \u0635\u063a\u064a\u0631""]"
multilingual,logit,estonian-opposite-open,8,"[""<|tool_call>"", ""</table>"", "" s"", ""le"", ""</span>""]"
multilingual,logit,estonian-opposite-open,15,"["" de"", "" l"", "" la"", ""sa"", "" \u0432""]"
multilingual,logit,estonian-opposite-open,22,"["" la"", "" de"", "" l"", "" est"", "" \u0432""]"
multilingual,logit,estonian-opposite-open,30,"["" l"", ""-"", ""ed"", ""ly"", ""er""]"
multilingual,logit,estonian-opposite-open,38,"[""-"", ""C"", "" l"", ""un"", ""ed""]"
multilingual,logit,estonian-opposite-open,45,"[""-"", ""C"", ""T"", ""K"", ""L""]"
multilingual,logit,estonian-opposite-open,52,"[""closed"", "" closed"", ""Closed"", "" \u0437\u0430\u043a\u0440\u044b"", "" closing""]"
multilingual,jlens_16p,estonian-opposite-open,8,"[""y"", ""yeri"", ""ness"", ""\u094d\u092f"", ""mett""]"
multilingual,jlens_16p,estonian-opposite-open,15,"[""\u0420\u0410"", ""UKA"", "" PRP"", "" own"", "" la""]"
multilingual,jlens_16p,estonian-opposite-open,22,"[""\u0420\u0410"", ""UKA"", "" PRP"", "" own"", "" la""]"
multilingual,jlens_16p,estonian-opposite-open,30,"["" own"", "" uma"", "" up"", "" ability"", "" fact""]"
multilingual,jlens_16p,estonian-opposite-open,38,"["" own"", "" uma"", ""\u0647\u0627"", ""\u0629"", ""\u0647""]"
multilingual,jlens_16p,estonian-opposite-open,45,"["" own"", ""\u0647\u0627"", "" ability"", "" rest"", "" idea""]"
multilingual,jlens_16p,estonian-opposite-open,52,"["" closed"", ""closed"", "" closing"", ""\u0e1b\u0e34\u0e14"", ""Closed""]"
multilingual,rlens_16p,estonian-opposite-open,8,"["" uma"", "" \u0e46"", "" \uc2f6"", ""\u06cc\u0648"", ""\u06cc""]"
multilingual,rlens_16p,estonian-opposite-open,15,"[""zia"", ""\u01ceng"", ""\u3063\u3066\u3044\u3066"", ""\ucef9"", ""\u042a""]"
multilingual,rlens_16p,estonian-opposite-open,22,"[""\u01ceng"", ""\u900a"", "" up"", ""\u7487"", ""\u042a""]"
multilingual,rlens_16p,estonian-opposite-open,30,"["" up"", ""/"", ""j\u0119"", "" or"", ""none""]"
multilingual,rlens_16p,estonian-opposite-open,38,"[""**"", "" **"", "" either"", ""S"", ""\u0e17\u0e35\u0e48\u0e44\u0e21\u0e48""]"
multilingual,rlens_16p,estonian-opposite-open,45,"["" either"", ""\u0627\u062a"", ""\u5c01\u95ed"", "" closed"", "" **""]"
multilingual,rlens_16p,estonian-opposite-open,52,"["" closed"", ""closed"", "" closing"", ""\u0e1b\u0e34\u0e14"", ""Closed""]"
multilingual,rlens_64p,estonian-opposite-open,8,"["" uma"", ""\u06cc"", "" \uc2f6"", "" \u0e46"", ""\u06cc\u0648""]"
multilingual,rlens_64p,estonian-opposite-open,15,"["" uma"", ""\u3063\u3066\u3044\u3066"", ""zia"", ""\u0621"", ""\u1015\u102b\u1010\u101a\u103a""]"
multilingual,rlens_64p,estonian-opposite-open,22,"[""\u01ceng"", "" up"", ""\u900a"", ""\u042a"", ""NONE""]"
multilingual,rlens_64p,estonian-opposite-open,30,"["" up"", ""/"", ""none"", "" or"", "" \uc2f6""]"
multilingual,rlens_64p,estonian-opposite-open,38,"[""**"", "" **"", ""S"", "" either"", "" \uc5c6\uace0""]"
multilingual,rlens_64p,estonian-opposite-open,45,"["" either"", ""\u0627\u062a"", ""\u5c01\u95ed"", ""-"", "" closed""]"
multilingual,rlens_64p,estonian-opposite-open,52,"["" closed"", ""closed"", "" closing"", ""\u0e1b\u0e34\u0e14"", ""Closed""]"
multilingual,jpp_64p,estonian-opposite-open,8,"["" \u0e46"", ""ization"", ""\u092f\u093e"", ""\u0e35\u0e22"", ""\u064a\u0629""]"
multilingual,jpp_64p,estonian-opposite-open,15,"[""estion"", ""mathscr"", ""mok"", ""\u0621"", ""ulfonic""]"
multilingual,jpp_64p,estonian-opposite-open,22,"[""P"", ""\u0621"", ""ial"", ""yum"", ""supabase""]"
multilingual,jpp_64p,estonian-opposite-open,30,"["" or"", ""none"", ""/"", "" up"", ""\u900a""]"
multilingual,jpp_64p,estonian-opposite-open,38,"["" conversely"", ""ed"", "" none"", ""opposite"", ""none""]"
multilingual,jpp_64p,estonian-opposite-open,45,"[""closed"", ""\u5c01\u95ed"", "" closed"", ""\u0640\u0640\u0640\u0640\u0640\u0640\u0640\u0640"", "" \u092c\u0902\u0926""]"
multilingual,jpp_64p,estonian-opposite-open,52,"[""closed"", "" closed"", "" closing"", ""\u0e1b\u0e34\u0e14"", ""closing""]"
multilingual,logit,irish-opposite-big,8,"[""<|tool_call>"", ""</span>"", ""le"", "" m"", "" s""]"
multilingual,logit,irish-opposite-big,15,"["" la"", "" l"", "" de"", ""sa"", "" \u0432""]"
multilingual,logit,irish-opposite-big,22,"["" de"", "" la"", "" que"", "" l"", "" est""]"
multilingual,logit,irish-opposite-big,30,"["" l"", ""-"", ""er"", "" or"", ""ly""]"
multilingual,logit,irish-opposite-big,38,"["" l"", ""-"", ""un"", ""er"", ""B""]"
multilingual,logit,irish-opposite-big,45,"[""-"", "" l"", "" and"", ""get"", "" small""]"
multilingual,logit,irish-opposite-big,52,"["" small"", "" nh\u1ecf"", "" \uc791\uc740"", ""small"", ""SMALL""]"
multilingual,jlens_16p,irish-opposite-big,8,"[""y"", ""yeri"", ""ness"", ""\u094d\u092f"", ""mett""]"
multilingual,jlens_16p,irish-opposite-big,15,"[""\u0420\u0410"", ""UKA"", "" PRP"", "" own"", "" la""]"
multilingual,jlens_16p,irish-opposite-big,22,"[""\u0420\u0410"", ""UKA"", "" PRP"", "" own"", "" la""]"
multilingual,jlens_16p,irish-opposite-big,30,"["" uma"", "" up"", ""\uc801\uc778"", ""ukaan"", ""inal""]"
multilingual,jlens_16p,irish-opposite-big,38,"["" uma"", "" own"", "" up"", ""\u0647"", ""\u0629""]"
multilingual,jlens_16p,irish-opposite-big,45,"["" of"", "" ability"", "" up"", ""ized"", ""ization""]"
multilingual,jlens_16p,irish-opposite-big,52,"[""small"", "" small"", "" nh\u1ecf"", ""\u0e40\u0e25\u0e47\u0e01"", ""ed""]"
multilingual,rlens_16p,irish-opposite-big,8,"["" \u0e46"", "" uma"", "" \uc2f6"", "" noqa"", ""\u06cc""]"
multilingual,rlens_16p,irish-opposite-big,15,"["" \u0e46"", "" noqa"", ""\ucef9"", ""gue"", "" kinda""]"
multilingual,rlens_16p,irish-opposite-big,22,"["" Conception"", ""\ub85c\ub294"", "" up"", "" sensibility"", ""\u900a""]"
multilingual,rlens_16p,irish-opposite-big,30,"["" or"", ""\u900a"", ""\ub85c\ub294"", "" up"", "" \uc2f6""]"
multilingual,rlens_16p,irish-opposite-big,38,"["" or"", ""\u0e17\u0e35\u0e48\u0e44\u0e21\u0e48"", ""\u0e19\u0e49\u0e2d\u0e22"", ""\u4f4e\u3044"", "" \u0e19\u0e49\u0e2d\u0e22""]"
multilingual,rlens_16p,irish-opposite-big,45,"[""s"", ""\u8f83\u4f4e"", "" smaller"", "" up"", "" ever""]"
multilingual,rlens_16p,irish-opposite-big,52,"["" small"", ""small"", "" nh\u1ecf"", ""s"", "" \u099b\u09cb\u099f""]"
multilingual,rlens_64p,irish-opposite-big,8,"["" uma"", "" \u0e46"", ""\u06cc"", "" \uc2f6"", "" noqa""]"
multilingual,rlens_64p,irish-opposite-big,15,"["" \u0e46"", ""\ucef9"", "" noqa"", ""gue"", ""\u0621""]"
multilingual,rlens_64p,irish-opposite-big,22,"[""\ub85c\ub294"", "" sensibility"", "" up"", ""\u5f7c\u6b64"", "" Conception""]"
multilingual,rlens_64p,irish-opposite-big,30,"["" or"", ""\u900a"", "" up"", "" \uc2f6"", ""\ub85c\ub294""]"
multilingual,rlens_64p,irish-opposite-big,38,"["" or"", ""\u0e17\u0e35\u0e48\u0e44\u0e21\u0e48"", ""\u4f4e\u3044"", ""\u0e19\u0e49\u0e2d\u0e22"", ""\u4e0d\u4e86""]"
multilingual,rlens_64p,irish-opposite-big,45,"[""s"", "" smaller"", ""\u8f83\u4f4e"", ""\u0627\u062a"", "" ever""]"
multilingual,rlens_64p,irish-opposite-big,52,"["" small"", ""small"", "" nh\u1ecf"", ""s"", "" \u099b\u09cb\u099f""]"
multilingual,jpp_64p,irish-opposite-big,8,"[""ization"", ""\u0447\u0430"", "" \u0e46"", ""\u75f4"", ""\u0649""]"
multilingual,jpp_64p,irish-opposite-big,15,"["" own"", ""estion"", ""inal"", ""\u0621"", "" \u0e46""]"
multilingual,jpp_64p,irish-opposite-big,22,"["" own"", ""ial"", ""passwd"", ""uiu"", ""uncia""]"
multilingual,jpp_64p,irish-opposite-big,30,"["" or"", ""\u900a"", ""\ub85c\ub294"", "" obtuse"", ""sometimes""]"
multilingual,jpp_64p,irish-opposite-big,38,"["" or"", ""\u4f4e\u3044"", "" diminutive"", ""\u8f83\u4f4e"", "" low""]"
multilingual,jpp_64p,irish-opposite-big,45,"[""\u8f83\u4f4e"", "" \u0635\u063a\u064a\u0631"", ""smaller"", ""\ub35c"", "" d\u00fc\u015f\u00fck""]"
multilingual,jpp_64p,irish-opposite-big,52,"[""small"", "" small"", "" nh\u1ecf"", ""\u0e40\u0e25\u0e47\u0e01"", ""\u5c0f\u7684""]"
multilingual,logit,filipino-opposite-up,8,"[""<|tool_call>"", "" s"", ""le"", "" m"", ""</span>""]"
multilingual,logit,filipino-opposite-up,15,"["" de"", "" l"", "" \u0432"", "" la"", "" est""]"
multilingual,logit,filipino-opposite-up,22,"["" l"", "" de"", "" la"", "" est"", "" \u0432""]"
multilingual,logit,filipino-opposite-up,30,"["" l"", "" own"", ""-"", "" it"", "" and""]"
multilingual,logit,filipino-opposite-up,38,"[""-"", ""C"", ""K"", ""er"", ""B""]"
multilingual,logit,filipino-opposite-up,45,"[""-"", ""C"", "" l"", ""ing"", ""ed""]"
multilingual,logit,filipino-opposite-up,52,"["" th\u1ea5p"", ""\u4f4e"", "" \ub0ae\uc740"", ""low"", ""\u0e15\u0e48\u0e33""]"
multilingual,jlens_16p,filipino-opposite-up,8,"[""y"", ""yeri"", ""ness"", ""\u094d\u092f"", ""mett""]"
multilingual,jlens_16p,filipino-opposite-up,15,"[""UKA"", ""\u0420\u0410"", "" PRP"", "" own"", "" la""]"
multilingual,jlens_16p,filipino-opposite-up,22,"[""\u0420\u0410"", ""UKA"", "" PRP"", "" own"", "" la""]"
multilingual,jlens_16p,filipino-opposite-up,30,"["" uma"", "" own"", ""ization"", ""\u6027"", "" up""]"
multilingual,jlens_16p,filipino-opposite-up,38,"["" own"", ""**"", "" **"", "" uma"", ""\u0647\u0627""]"
multilingual,jlens_16p,filipino-opposite-up,45,"["" **"", ""**"", "" own"", ""\u0647"", ""\u0647\u0627""]"
multilingual,jlens_16p,filipino-opposite-up,52,"["" th\u1ea5p"", ""\u0e15\u0e48\u0e33"", ""\u4f4e\u3044"", ""low"", "" low""]"
multilingual,rlens_16p,filipino-opposite-up,8,"["" uma"", "" \u0e46"", ""\u06cc"", "" noqa"", "" \uc2f6""]"
multilingual,rlens_16p,filipino-opposite-up,15,"[""\u042a"", ""\u0446"", ""zd"", ""\u0d9f"", ""\u3063\u3066\u3044\u3066""]"
multilingual,rlens_16p,filipino-opposite-up,22,"[""\u900a"", ""\u01ceng"", ""zd"", ""\u7487"", "" misconception""]"
multilingual,rlens_16p,filipino-opposite-up,30,"["" up"", ""/"", ""kow"", "" \u0e46"", ""\u03bf\u03c2""]"
multilingual,rlens_16p,filipino-opposite-up,38,"[""**"", "" **"", ""<strong>"", ""mathbf"", ""*""]"
multilingual,rlens_16p,filipino-opposite-up,45,"["" **"", ""**"", ""S"", ""\u0627\u062a"", ""\u0e15\u0e48\u0e33""]"
multilingual,rlens_16p,filipino-opposite-up,52,"[""low"", "" \ub0ae\uc740"", ""\u0e15\u0e48\u0e33"", ""\u4f4e\u3044"", "" th\u1ea5p""]"
multilingual,rlens_64p,filipino-opposite-up,8,"["" uma"", ""\u06cc"", "" \uc2f6"", "" \u0e46"", "" noqa""]"
multilingual,rlens_64p,filipino-opposite-up,15,"[""\u042a"", ""\u0621"", ""zd"", "" Marcia"", "" noqa""]"
multilingual,rlens_64p,filipino-opposite-up,22,"[""\u900a"", ""\u01ceng"", ""\u9b44"", ""zd"", ""\u5e94\u8be5\u662f""]"
multilingual,rlens_64p,filipino-opposite-up,30,"["" up"", ""/"", "" or"", "" \u0e46"", ""kow""]"
multilingual,rlens_64p,filipino-opposite-up,38,"[""**"", "" **"", ""<strong>"", ""*"", ""textbf""]"
multilingual,rlens_64p,filipino-opposite-up,45,"["" **"", ""**"", ""S"", ""\u0627\u062a"", ""\u0e15\u0e48\u0e33""]"
multilingual,rlens_64p,filipino-opposite-up,52,"[""\u0e15\u0e48\u0e33"", "" \ub0ae\uc740"", ""low"", "" th\u1ea5p"", ""\u4f4e\u3044""]"
multilingual,jpp_64p,filipino-opposite-up,8,"[""\u0e35\u0e22"", ""\uc560"", ""ization"", ""\u092f\u093e"", "" \u0e46""]"
multilingual,jpp_64p,filipino-opposite-up,15,"[""\u0621"", ""uate"", ""estion"", ""gian"", ""ial""]"
multilingual,jpp_64p,filipino-opposite-up,22,"[""ial"", ""\u723d"", ""\u0621"", ""gian"", ""uate""]"
multilingual,jpp_64p,filipino-opposite-up,30,"[""/"", "" or"", "" \u0e46"", ""sometimes"", ""asis""]"
multilingual,jpp_64p,filipino-opposite-up,38,"[""**"", "" **"", "" none"", ""none"", "" conversely""]"
multilingual,jpp_64p,filipino-opposite-up,45,"[""**"", "" **"", ""\u0e15\u0e48\u0e33"", "" a\u015fa\u011f\u0131"", ""low""]"
multilingual,jpp_64p,filipino-opposite-up,52,"[""low"", ""\u0e15\u0e48\u0e33"", "" \ub0ae\uc740"", "" th\u1ea5p"", "" \ub0ae""]"
multilingual,logit,fr-month-after-jan,8,"[""le"", ""<|tool_call>"", "" l"", "" re"", ""</span>""]"
multilingual,logit,fr-month-after-jan,15,"["" l"", "" la"", "" \u0432"", ""sa"", "" de""]"
multilingual,logit,fr-month-after-jan,22,"["" la"", "" l"", "" de"", "" own"", ""\u043d\u0430""]"
multilingual,logit,fr-month-after-jan,30,"["" l"", ""and"", "" didn"", ""ly"", ""with""]"
multilingual,logit,fr-month-after-jan,38,"[""-"", "" a"", ""T"", ""K"", ""er""]"
multilingual,logit,fr-month-after-jan,45,"["" l"", "" a"", ""-"", "" an"", ""ness""]"
multilingual,logit,fr-month-after-jan,52,"["" l"", "" February"", ""February"", ""-"", "" Feb""]"
multilingual,jlens_16p,fr-month-after-jan,8,"[""y"", ""yeri"", ""ness"", ""\u094d\u092f"", ""mett""]"
multilingual,jlens_16p,fr-month-after-jan,15,"[""\u0420\u0410"", ""UKA"", "" PRP"", "" own"", "" la""]"
multilingual,jlens_16p,fr-month-after-jan,22,"[""UKA"", ""\u0420\u0410"", "" la"", "" PRP"", ""\u0627\u0631\u0643""]"
multilingual,jlens_16p,fr-month-after-jan,30,"["" own"", ""\u6027"", ""ization"", ""\u0629"", ""\u0647\u0627""]"
multilingual,jlens_16p,fr-month-after-jan,38,"["" own"", "" **"", ""**"", ""\u0629"", ""\u0647\u0627""]"
multilingual,jlens_16p,fr-month-after-jan,45,"["" **"", ""\u0647\u0627"", ""\u0647"", "" ability"", "" uma""]"
multilingual,jlens_16p,fr-month-after-jan,52,"["" **"", ""**"", ""ization"", ""ist"", "" February""]"
multilingual,rlens_16p,fr-month-after-jan,8,"[""\ucef9"", "" up"", ""\u0646\u064a\u0629"", "" \u0e46"", ""\u103d\u101a\u103a""]"
multilingual,rlens_16p,fr-month-after-jan,15,"["" \uadf8\ub798\uc11c"", ""\ucef9"", ""\u0646\u064a\u0629"", ""\u042a"", ""Charset""]"
multilingual,rlens_16p,fr-month-after-jan,22,"["" \uadf8\ub798\uc11c"", ""\u042a"", ""\u900a"", ""Charset"", ""\u093e\u0908""]"
multilingual,rlens_16p,fr-month-after-jan,30,"[""\u0629"", ""\u0907\u0938\u094d"", ""\u900a"", ""epage"", ""\u4e2a""]"
multilingual,rlens_16p,fr-month-after-jan,38,"[""**"", "" **"", ""<strong>"", ""\u0629"", ""<b>""]"
multilingual,rlens_16p,fr-month-after-jan,45,"["" **"", "" either"", ""**"", ""\u0629"", ""S""]"
multilingual,rlens_16p,fr-month-after-jan,52,"["" **"", "" February"", ""**"", ""February"", "" either""]"
multilingual,rlens_64p,fr-month-after-jan,8,"[""\ucef9"", "" up"", "" \u091c\u093c\u094d\u092f\u093e\u0926\u093e"", ""\u103d\u101a\u103a"", ""\u0646\u064a\u0629""]"
multilingual,rlens_64p,fr-month-after-jan,15,"[""\ucef9"", "" \uadf8\ub798\uc11c"", ""\u042a"", ""\u0646\u064a\u0629"", ""Charset""]"
multilingual,rlens_64p,fr-month-after-jan,22,"[""\u042a"", ""\u900a"", "" \uadf8\ub798\uc11c"", ""Charset"", ""\ucef9""]"
multilingual,rlens_64p,fr-month-after-jan,30,"[""\u0629"", ""\u0907\u0938\u094d"", ""epage"", ""\u900a"", ""/""]"
multilingual,rlens_64p,fr-month-after-jan,38,"["" **"", ""**"", ""\u0629"", ""<strong>"", ""C""]"
multilingual,rlens_64p,fr-month-after-jan,45,"["" **"", ""**"", "" either"", ""\u0629"", ""S""]"
multilingual,rlens_64p,fr-month-after-jan,52,"["" **"", "" February"", ""**"", ""February"", "" february""]"
multilingual,jpp_64p,fr-month-after-jan,8,"[""\u0e35\u0e22"", ""\u0447\u0430"", ""\u0d23"", "" \uadf8\ub7ec\uba74"", "" ea""]"
multilingual,jpp_64p,fr-month-after-jan,15,"[""ocket"", ""\u0d23"", ""\uca50"", ""\ucef9"", ""ness""]"
multilingual,jpp_64p,fr-month-after-jan,22,"[""ocket"", ""\u900a"", ""\u0d23"", ""P"", ""yum""]"
multilingual,jpp_64p,fr-month-after-jan,30,"[""S"", ""\u0907\u0938\u094d"", ""s"", ""\u900a"", ""lish""]"
multilingual,jpp_64p,fr-month-after-jan,38,"[""**"", "" **"", ""\u0629"", ""\u02bb"", "" ANSWER""]"
multilingual,jpp_64p,fr-month-after-jan,45,"["" **"", ""**"", "" la"", ""\u0629"", "" either""]"
multilingual,jpp_64p,fr-month-after-jan,52,"["" February"", "" **"", ""February"", "" fevereiro"", "" february""]"
multilingual,logit,fr-month-after-may,8,"[""le"", ""<|tool_call>"", "" l"", "" re"", ""</span>""]"
multilingual,logit,fr-month-after-may,15,"["" la"", "" l"", "" \u0432"", ""sa"", "" de""]"
multilingual,logit,fr-month-after-may,22,"["" l"", "" la"", "" de"", "" own"", ""\u043d\u0430""]"
multilingual,logit,fr-month-after-may,30,"[""ly"", "" l"", ""with"", ""and"", ""er""]"
multilingual,logit,fr-month-after-may,38,"[""-"", ""T"", ""K"", "" a"", ""y""]"
multilingual,logit,fr-month-after-may,45,"["" l"", "" a"", ""-"", ""ness"", ""y""]"
multilingual,logit,fr-month-after-may,52,"["" l"", "" June"", ""June"", "" August"", ""C""]"
multilingual,jlens_16p,fr-month-after-may,8,"[""y"", ""yeri"", ""ness"", ""\u094d\u092f"", ""mett""]"
multilingual,jlens_16p,fr-month-after-may,15,"[""\u0420\u0410"", ""UKA"", "" PRP"", "" own"", "" la""]"
multilingual,jlens_16p,fr-month-after-may,22,"["" and"", ""UKA"", "" la"", ""\u0627\u0631\u0643"", ""\u043a\u0438\u043d\u0430""]"
multilingual,jlens_16p,fr-month-after-may,30,"["" own"", ""\u6027"", ""ization"", ""\u0629"", ""\u0647""]"
multilingual,jlens_16p,fr-month-after-may,38,"["" **"", "" own"", ""**"", ""\u0629"", ""ist""]"
multilingual,jlens_16p,fr-month-after-may,45,"["" **"", ""\u0647\u0627"", ""\u0647"", ""ization"", "" ability""]"
multilingual,jlens_16p,fr-month-after-may,52,"["" **"", "" June"", ""June"", ""ization"", ""ist""]"
multilingual,rlens_16p,fr-month-after-may,8,"[""\ucef9"", "" up"", ""\u0646\u064a\u0629"", ""Charset"", ""\u103d\u101a\u103a""]"
multilingual,rlens_16p,fr-month-after-may,15,"[""\ucef9"", "" \uadf8\ub798\uc11c"", ""\u0646\u064a\u0629"", ""Charset"", ""\u042a""]"
multilingual,rlens_16p,fr-month-after-may,22,"[""\u042a"", ""\u900a"", ""Charset"", "" \uadf8\ub798\uc11c"", ""\uc778\uc9c0""]"
multilingual,rlens_16p,fr-month-after-may,30,"[""\u0629"", ""\u0907\u0938\u094d"", ""\u900a"", ""epage"", ""\u02bb""]"
multilingual,rlens_16p,fr-month-after-may,38,"["" **"", ""**"", ""<strong>"", ""S"", ""C""]"
multilingual,rlens_16p,fr-month-after-may,45,"["" **"", "" either"", ""**"", ""S"", ""\u0629""]"
multilingual,rlens_16p,fr-month-after-may,52,"["" June"", ""June"", "" **"", "" August"", "" th\u00e1ng""]"
multilingual,rlens_64p,fr-month-after-may,8,"[""\ucef9"", "" up"", "" \u091c\u093c\u094d\u092f\u093e\u0926\u093e"", ""\u042a"", ""thys""]"
multilingual,rlens_64p,fr-month-after-may,15,"[""\ucef9"", "" \uadf8\ub798\uc11c"", ""\u042a"", ""Charset"", ""\u0646\u064a\u0629""]"
multilingual,rlens_64p,fr-month-after-may,22,"[""\u042a"", ""Charset"", ""\u900a"", "" \uadf8\ub798\uc11c"", ""\ucef9""]"
multilingual,rlens_64p,fr-month-after-may,30,"[""\u0629"", ""\u0907\u0938\u094d"", ""\u02bb"", ""\u900a"", ""epage""]"
multilingual,rlens_64p,fr-month-after-may,38,"["" **"", ""**"", ""C"", ""\u0629"", ""<strong>""]"
multilingual,rlens_64p,fr-month-after-may,45,"["" **"", "" either"", ""**"", ""\u0629"", ""S""]"
multilingual,rlens_64p,fr-month-after-may,52,"["" June"", ""June"", "" **"", "" August"", "" \u064a\u0648\u0646\u064a\u0648""]"
multilingual,jpp_64p,fr-month-after-may,8,"[""\u0e35\u0e22"", ""\u0d23"", ""\u0447\u0430"", "" \uadf8\ub7ec\uba74"", "" ea""]"
multilingual,jpp_64p,fr-month-after-may,15,"[""ocket"", ""\u0d23"", ""\uca50"", ""astian"", ""ness""]"
multilingual,jpp_64p,fr-month-after-may,22,"[""ocket"", ""\u900a"", ""P"", ""\u0d23"", ""yum""]"
multilingual,jpp_64p,fr-month-after-may,30,"[""S"", ""s"", ""\u0907\u0938\u094d"", ""lish"", ""naya""]"
multilingual,jpp_64p,fr-month-after-may,38,"[""**"", "" **"", ""\u0629"", ""\u02bb"", "" or""]"
multilingual,jpp_64p,fr-month-after-may,45,"["" **"", ""**"", ""\u0629"", "" either"", ""C""]"
multilingual,jpp_64p,fr-month-after-may,52,"["" June"", ""June"", "" \u064a\u0648\u0646\u064a\u0648"", "" junio"", "" junho""]"
multilingual,logit,fr-month-before-mar,8,"[""le"", ""<|tool_call>"", "" l"", "" re"", ""</span>""]"
multilingual,logit,fr-month-before-mar,15,"["" de"", "" l"", "" \u0432"", ""sa"", "" la""]"
multilingual,logit,fr-month-before-mar,22,"["" l"", "" la"", "" de"", ""\u043d\u0430"", ""\u043b\u0430""]"
multilingual,logit,fr-month-before-mar,30,"[""ly"", "" and"", "" it"", "" l"", ""and""]"
multilingual,logit,fr-month-before-mar,38,"["" a"", ""-"", ""T"", ""er"", ""K""]"
multilingual,logit,fr-month-before-mar,45,"["" l"", "" a"", ""-"", "" an"", "" either""]"
multilingual,logit,fr-month-before-mar,52,"[""February"", "" February"", "" l"", "" Feb"", ""Feb""]"
multilingual,jlens_16p,fr-month-before-mar,8,"[""y"", ""yeri"", ""ness"", ""\u094d\u092f"", ""mett""]"
multilingual,jlens_16p,fr-month-before-mar,15,"[""\u0420\u0410"", ""UKA"", "" PRP"", "" own"", "" la""]"
multilingual,jlens_16p,fr-month-before-mar,22,"[""y"", ""ness"", ""yeri"", ""\u094d\u092f"", ""mett""]"
multilingual,jlens_16p,fr-month-before-mar,30,"["" own"", ""\u6027"", ""ization"", "" \uc2f6"", ""\u0629""]"
multilingual,jlens_16p,fr-month-before-mar,38,"["" own"", "" uma"", ""\ub3c4"", ""\u0629"", ""\u0647\u0627""]"
multilingual,jlens_16p,fr-month-before-mar,45,"[""\u0647\u0627"", ""\u0647"", "" **"", "" uma"", "" ability""]"
multilingual,jlens_16p,fr-month-before-mar,52,"["" February"", "" february"", ""February"", "" Feb"", "" January""]"
multilingual,rlens_16p,fr-month-before-mar,8,"[""\ucef9"", ""\u0646\u064a\u0629"", "" up"", "" \u0e46"", ""\u103d\u101a\u103a""]"
multilingual,rlens_16p,fr-month-before-mar,15,"[""\u0646\u064a\u0629"", ""\ucef9"", "" \uadf8\ub798\uc11c"", ""\u042a"", ""Charset""]"
multilingual,rlens_16p,fr-month-before-mar,22,"[""\u900a"", ""\u042a"", "" \uadf8\ub798\uc11c"", ""Charset"", ""\u093e\u0908""]"
multilingual,rlens_16p,fr-month-before-mar,30,"[""\u0907\u0938\u094d"", ""\u0629"", ""\u900a"", ""\u4e2a"", "" \uc2f6""]"
multilingual,rlens_16p,fr-month-before-mar,38,"[""**"", "" **"", ""C"", ""\u0629"", "" ANSWER""]"
multilingual,rlens_16p,fr-month-before-mar,45,"["" **"", "" either"", ""**"", ""\u0629"", ""\u4e00\u4e2a""]"
multilingual,rlens_16p,fr-month-before-mar,52,"["" February"", ""February"", "" february"", "" fevereiro"", "" Feb""]"
multilingual,rlens_64p,fr-month-before-mar,8,"[""\ucef9"", "" up"", "" \u091c\u093c\u094d\u092f\u093e\u0926\u093e"", ""\u0646\u064a\u0629"", ""\u103d\u101a\u103a""]"
multilingual,rlens_64p,fr-month-before-mar,15,"[""\ucef9"", ""\u042a"", "" \uadf8\ub798\uc11c"", ""\u0646\u064a\u0629"", ""Charset""]"
multilingual,rlens_64p,fr-month-before-mar,22,"[""\u900a"", "" \uadf8\ub798\uc11c"", ""\u042a"", ""Charset"", ""\u093e\u0908""]"
multilingual,rlens_64p,fr-month-before-mar,30,"[""\u0629"", ""\u0907\u0938\u094d"", ""\u900a"", "" \uc2f6"", ""\u02bb""]"
multilingual,rlens_64p,fr-month-before-mar,38,"[""**"", "" **"", ""C"", ""\u0629"", "" ANSWER""]"
multilingual,rlens_64p,fr-month-before-mar,45,"["" **"", "" either"", ""\u0629"", ""**"", ""\u4e00\u4e2a""]"
multilingual,rlens_64p,fr-month-before-mar,52,"["" February"", ""February"", "" february"", "" fevereiro"", "" Feb""]"
multilingual,jpp_64p,fr-month-before-mar,8,"[""\u0e35\u0e22"", ""\u0d23"", ""\u0447\u0430"", "" \uadf8\ub7ec\uba74"", "" ea""]"
multilingual,jpp_64p,fr-month-before-mar,15,"[""ocket"", ""\u0d23"", ""\uca50"", ""\ucef9"", ""\u0bbe\u0baf""]"
multilingual,jpp_64p,fr-month-before-mar,22,"[""\u900a"", ""ocket"", ""\u0d23"", ""yum"", ""ial""]"
multilingual,jpp_64p,fr-month-before-mar,30,"[""S"", ""\u900a"", ""naya"", ""\u0907\u0938\u094d"", ""i\u0105""]"
multilingual,jpp_64p,fr-month-before-mar,38,"[""**"", "" **"", ""\u0629"", ""\u02bb"", "" ANSWER""]"
multilingual,jpp_64p,fr-month-before-mar,45,"["" **"", ""**"", "" either"", ""\u0629"", ""\u00b2',""]"
multilingual,jpp_64p,fr-month-before-mar,52,"["" February"", ""February"", "" february"", "" fevereiro"", "" Feb""]"
multilingual,logit,de-month-after-jan,8,"[""</code>"", ""<|tool_call>"", ""</span>"", ""le"", ""</h2>""]"
multilingual,logit,de-month-after-jan,15,"["" l"", ""le"", ""est"", "" la"", "" de""]"
multilingual,logit,de-month-after-jan,22,"["" l"", "" la"", "" own"", "" de"", ""est""]"
multilingual,logit,de-month-after-jan,30,"["" l"", ""ed"", ""ly"", "" and"", ""and""]"
multilingual,logit,de-month-after-jan,38,"[""-"", "" l"", "" a"", ""K"", ""en""]"
multilingual,logit,de-month-after-jan,45,"["" l"", ""-"", "" a"", "" an"", ""ness""]"
multilingual,logit,de-month-after-jan,52,"["" Feb"", "" February"", ""February"", "" l"", ""Feb""]"
multilingual,jlens_16p,de-month-after-jan,8,"[""y"", ""yeri"", ""ness"", ""\u094d\u092f"", ""mett""]"
multilingual,jlens_16p,de-month-after-jan,15,"[""\u0420\u0410"", ""UKA"", "" PRP"", "" own"", "" la""]"
multilingual,jlens_16p,de-month-after-jan,22,"[""y"", ""ness"", ""yeri"", ""\u094d\u092f"", ""mett""]"
multilingual,jlens_16p,de-month-after-jan,30,"[""\u6027"", "" own"", ""ization"", ""mente"", ""ness""]"
multilingual,jlens_16p,de-month-after-jan,38,"[""ization"", ""ist"", ""ly"", ""iy"", ""ity""]"
multilingual,jlens_16p,de-month-after-jan,45,"[""ization"", "" **"", "" ability"", "" fact"", ""mente""]"
multilingual,jlens_16p,de-month-after-jan,52,"["" February"", "" february"", ""February"", "" Feb"", "" January""]"
multilingual,rlens_16p,de-month-after-jan,8,"["" \u091c\u093c\u094d\u092f\u093e\u0926\u093e"", "" \u0e46"", "" \u0d9a\u0dca\u0dbb"", ""\u0440\u043e\u0438"", ""Charset""]"
multilingual,rlens_16p,de-month-after-jan,15,"[""Charset"", ""\u0646\u064a\u0629"", ""\u042a"", ""zia"", "" \u091c\u093c\u094d\u092f\u093e\u0926\u093e""]"
multilingual,rlens_16p,de-month-after-jan,22,"[""\u900a"", ""Charset"", ""\u093e\u0908"", ""\u042a"", ""\u0646\u064a\u0629""]"
multilingual,rlens_16p,de-month-after-jan,30,"[""\u0907\u0938\u094d"", ""\u900a"", ""\u0629"", ""\u4e2a"", ""iosa""]"
multilingual,rlens_16p,de-month-after-jan,38,"["" **"", ""**"", "" \u0623\u064a\u0636\u064b\u0627"", "" l"", ""C""]"
multilingual,rlens_16p,de-month-after-jan,45,"[""S"", "" **"", "" either"", ""**"", ""s""]"
multilingual,rlens_16p,de-month-after-jan,52,"["" February"", ""February"", ""S"", "" february"", "" Februari""]"
multilingual,rlens_64p,de-month-after-jan,8,"["" uma"", "" \u091c\u093c\u094d\u092f\u093e\u0926\u093e"", ""\u0440\u043e\u0438"", "" \u0d9a\u0dca\u0dbb"", "" \u0623\u064a\u0636\u064b\u0627""]"
multilingual,rlens_64p,de-month-after-jan,15,"[""Charset"", ""\u042a"", ""\u0646\u064a\u0629"", "" \u091c\u093c\u094d\u092f\u093e\u0926\u093e"", ""\ucef9""]"
multilingual,rlens_64p,de-month-after-jan,22,"[""Charset"", ""\u900a"", ""\u042a"", ""\u093e\u0908"", "" \u091c\u093c\u094d\u092f\u093e\u0926\u093e""]"
multilingual,rlens_64p,de-month-after-jan,30,"[""\u0907\u0938\u094d"", ""\u0629"", ""\u900a"", ""\u4e2a"", "" \u0627\u0639\u062a\u0642""]"
multilingual,rlens_64p,de-month-after-jan,38,"["" **"", ""**"", "" \u0623\u064a\u0636\u064b\u0627"", ""C"", "" l""]"
multilingual,rlens_64p,de-month-after-jan,45,"[""S"", "" **"", "" either"", ""s"", ""**""]"
multilingual,rlens_64p,de-month-after-jan,52,"["" February"", ""February"", ""S"", "" february"", "" Februari""]"
multilingual,jpp_64p,de-month-after-jan,8,"[""\u0e35\u0e22"", ""\u0447\u0430"", ""\u0d23"", ""\u064a\u0629"", "" ea""]"
multilingual,jpp_64p,de-month-after-jan,15,"[""\u0d23"", ""\uca50"", ""ocket"", "" m\u011b"", ""issima""]"
multilingual,jpp_64p,de-month-after-jan,22,"[""\u0d23"", ""\u900a"", ""ocket"", ""umbia"", ""\u0442\u0430\u044f""]"
multilingual,jpp_64p,de-month-after-jan,30,"[""\u900a"", ""i\u0105"", ""\u0907\u0938\u094d"", ""\u0646\u062c\u0644\u064a\u0632\u064a\u0629"", ""naya""]"
multilingual,jpp_64p,de-month-after-jan,38,"[""\u02bb"", "" la"", ""\u0629"", ""an\u00e1"", "" \u0623\u064a\u0636\u064b\u0627""]"
multilingual,jpp_64p,de-month-after-jan,45,"["" la"", ""S"", ""**"", "" **"", ""C""]"
multilingual,jpp_64p,de-month-after-jan,52,"["" February"", ""February"", "" february"", "" Feb"", ""Feb""]"
multilingual,logit,de-month-before-dec,8,"[""</code>"", ""<|tool_call>"", ""</span>"", ""le"", ""</h2>""]"
multilingual,logit,de-month-before-dec,15,"["" l"", ""est"", "" la"", "" \u0432"", "" de""]"
multilingual,logit,de-month-before-dec,22,"["" l"", "" la"", "" de"", "" own"", "" est""]"
multilingual,logit,de-month-before-dec,30,"["" l"", ""ly"", ""ed"", ""ness"", ""y""]"
multilingual,logit,de-month-before-dec,38,"[""-"", "" l"", "" a"", ""ed"", ""K""]"
multilingual,logit,de-month-before-dec,45,"["" l"", ""-"", "" a"", "" October"", "" November""]"
multilingual,logit,de-month-before-dec,52,"[""November"", "" November"", "" l"", "" Nov"", "" December""]"
multilingual,jlens_16p,de-month-before-dec,8,"[""y"", ""yeri"", ""ness"", ""\u094d\u092f"", ""mett""]"
multilingual,jlens_16p,de-month-before-dec,15,"[""\u0420\u0410"", ""UKA"", "" PRP"", "" own"", "" la""]"
multilingual,jlens_16p,de-month-before-dec,22,"[""ness"", ""y"", "" a"", ""T"", ""ism""]"
multilingual,jlens_16p,de-month-before-dec,30,"[""ization"", ""\u6027"", "" own"", ""mente"", ""zd""]"
multilingual,jlens_16p,de-month-before-dec,38,"["" **"", ""ization"", ""ist"", ""ly"", ""**""]"
multilingual,jlens_16p,de-month-before-dec,45,"[""ization"", "" **"", "" que"", ""mente"", ""ly""]"
multilingual,jlens_16p,de-month-before-dec,52,"["" November"", ""November"", "" December"", "" november"", "" October""]"
multilingual,rlens_16p,de-month-before-dec,8,"["" \u0e46"", ""\u06cc\u0648"", "" \u091c\u093c\u094d\u092f\u093e\u0926\u093e"", "" \u0d9a\u0dca\u0dbb"", "" \u0623\u064a\u0636\u064b\u0627""]"
multilingual,rlens_16p,de-month-before-dec,15,"[""Charset"", ""\u042a"", ""\u0646\u064a\u0629"", ""\u900a"", "" \u091c\u093c\u094d\u092f\u093e\u0926\u093e""]"
multilingual,rlens_16p,de-month-before-dec,22,"[""Charset"", ""\u900a"", ""\u042a"", ""\u093e\u0908"", ""\u0646\u064a\u0629""]"
multilingual,rlens_16p,de-month-before-dec,30,"[""\u0907\u0938\u094d"", ""\u900a"", ""\u4e2a"", ""\u02bb"", ""\u0629""]"
multilingual,rlens_16p,de-month-before-dec,38,"["" **"", ""**"", ""<strong>"", "" \u0623\u064a\u0636\u064b\u0627"", ""\u0629""]"
multilingual,rlens_16p,de-month-before-dec,45,"[""S"", "" **"", "" either"", ""**"", ""\u0629""]"
multilingual,rlens_16p,de-month-before-dec,52,"["" November"", ""November"", "" november"", "" novembre"", "" December""]"
multilingual,rlens_64p,de-month-before-dec,8,"["" \u091c\u093c\u094d\u092f\u093e\u0926\u093e"", "" uma"", "" \u0d9a\u0dca\u0dbb"", "" \u0623\u064a\u0636\u064b\u0627"", ""\u0440\u043e\u0438""]"
multilingual,rlens_64p,de-month-before-dec,15,"[""Charset"", ""\u042a"", ""\u0646\u064a\u0629"", "" \u091c\u093c\u094d\u092f\u093e\u0926\u093e"", ""\ucef9""]"
multilingual,rlens_64p,de-month-before-dec,22,"[""Charset"", ""\u900a"", ""\u042a"", ""\u093e\u0908"", "" \u091c\u093c\u094d\u092f\u093e\u0926\u093e""]"
multilingual,rlens_64p,de-month-before-dec,30,"[""\u0907\u0938\u094d"", ""\u900a"", ""\u02bb"", ""\u0629"", ""\u4e2a""]"
multilingual,rlens_64p,de-month-before-dec,38,"["" **"", ""**"", ""<strong>"", ""\u0629"", "" \u0623\u064a\u0636\u064b\u0627""]"
multilingual,rlens_64p,de-month-before-dec,45,"[""S"", "" **"", "" either"", ""\u0629"", ""s""]"
multilingual,rlens_64p,de-month-before-dec,52,"["" November"", ""November"", "" november"", "" December"", "" novembre""]"
multilingual,jpp_64p,de-month-before-dec,8,"[""\u0e35\u0e22"", ""\u0447\u0430"", ""\u0d23"", ""\u064a\u0629"", "" ea""]"
multilingual,jpp_64p,de-month-before-dec,15,"[""\uca50"", ""\u0d23"", ""ocket"", "" m\u011b"", ""issima""]"
multilingual,jpp_64p,de-month-before-dec,22,"[""\u0d23"", ""\u900a"", ""umbia"", ""ocket"", ""yum""]"
multilingual,jpp_64p,de-month-before-dec,30,"[""\u900a"", ""i\u0105"", ""\u02bb"", ""naya"", ""\u0907\u0938\u094d""]"
multilingual,jpp_64p,de-month-before-dec,38,"[""\u02bb"", ""**"", "" **"", ""\u0629"", "" la""]"
multilingual,jpp_64p,de-month-before-dec,45,"["" la"", ""**"", "" **"", ""S"", ""\u0640\u0640\u0640\u0640\u0640\u0640\u0640\u0640""]"
multilingual,jpp_64p,de-month-before-dec,52,"["" November"", ""November"", "" november"", "" noviembre"", "" novembre""]"
multilingual,logit,es-month-after-mar,8,"[""</h2>"", ""<|tool_call>"", ""</span>"", ""le"", ""</h1>""]"
multilingual,logit,es-month-after-mar,15,"["" l"", ""le"", "" la"", "" \u0432"", "" de""]"
multilingual,logit,es-month-after-mar,22,"["" la"", "" de"", "" l"", "" est"", ""\u043d\u0430""]"
multilingual,logit,es-month-after-mar,30,"["" l"", "" own"", ""ed"", ""-"", ""ly""]"
multilingual,logit,es-month-after-mar,38,"["" a"", ""-"", ""T"", ""ed"", ""K""]"
multilingual,logit,es-month-after-mar,45,"["" a"", "" l"", "" an"", ""ness"", ""y""]"
multilingual,logit,es-month-after-mar,52,"[""April"", "" April"", "" June"", "" april"", "" February""]"
multilingual,jlens_16p,es-month-after-mar,8,"[""y"", ""yeri"", ""ness"", ""\u094d\u092f"", ""mett""]"
multilingual,jlens_16p,es-month-after-mar,15,"[""\u0420\u0410"", ""UKA"", "" PRP"", "" own"", "" la""]"
multilingual,jlens_16p,es-month-after-mar,22,"[""y"", ""ness"", ""yeri"", ""ing"", ""gy""]"
multilingual,jlens_16p,es-month-after-mar,30,"["" own"", ""\u6027"", ""ization"", "" \uc2f6"", ""zd""]"
multilingual,jlens_16p,es-month-after-mar,38,"["" own"", "" **"", ""\u0629"", ""\u0647\u0627"", ""**""]"
multilingual,jlens_16p,es-month-after-mar,45,"[""\u0647\u0627"", "" **"", "" ability"", ""\u0647"", "" uma""]"
multilingual,jlens_16p,es-month-after-mar,52,"["" April"", "" **"", ""April"", ""ization"", "" april""]"
multilingual,rlens_16p,es-month-after-mar,8,"["" \u0e46"", "" \u0623\u064a\u0636\u064b\u0627"", "" \u091c\u093c\u094d\u092f\u093e\u0926\u093e"", ""\u091c\u093c\u093e\u0930"", ""\u103d\u101a\u103a""]"
multilingual,rlens_16p,es-month-after-mar,15,"[""\u0646\u064a\u0629"", "" \uadf8\ub798\uc11c"", ""\ucef9"", "" \u0e46"", ""\ucbe4""]"
multilingual,rlens_16p,es-month-after-mar,22,"[""\u900a"", "" \uadf8\ub798\uc11c"", ""\ucbe4"", ""Charset"", ""iosa""]"
multilingual,rlens_16p,es-month-after-mar,30,"[""\u02bb"", ""\u0907\u0938\u094d"", ""\u900a"", ""\u0629"", ""\u4e2a""]"
multilingual,rlens_16p,es-month-after-mar,38,"[""**"", "" **"", ""C"", ""<strong>"", ""S""]"
multilingual,rlens_16p,es-month-after-mar,45,"["" **"", ""**"", ""S"", "" either"", ""\u0629""]"
multilingual,rlens_16p,es-month-after-mar,52,"["" April"", ""April"", "" april"", "" **"", "" \u0623\u0628\u0631\u064a\u0644""]"
multilingual,rlens_64p,es-month-after-mar,8,"["" \u091c\u093c\u094d\u092f\u093e\u0926\u093e"", "" \u0623\u064a\u0636\u064b\u0627"", "" \u0e46"", ""\u06cc"", ""\u091c\u093c\u093e\u0930""]"
multilingual,rlens_64p,es-month-after-mar,15,"[""\ucef9"", "" \uadf8\ub798\uc11c"", ""Charset"", ""\u0646\u064a\u0629"", "" \u091c\u093c\u094d\u092f\u093e\u0926\u093e""]"
multilingual,rlens_64p,es-month-after-mar,22,"[""\u900a"", "" \uadf8\ub798\uc11c"", ""\ucbe4"", "" \u091c\u093c\u094d\u092f\u093e\u0926\u093e"", ""Charset""]"
multilingual,rlens_64p,es-month-after-mar,30,"[""\u02bb"", ""\u0629"", ""\u0907\u0938\u094d"", ""\u900a"", "" \u0623\u064a\u0636\u064b\u0627""]"
multilingual,rlens_64p,es-month-after-mar,38,"[""**"", "" **"", ""C"", ""\u0629"", ""<strong>""]"
multilingual,rlens_64p,es-month-after-mar,45,"["" **"", ""**"", ""S"", ""\u0629"", "" either""]"
multilingual,rlens_64p,es-month-after-mar,52,"["" April"", ""April"", "" april"", "" **"", "" \u0623\u0628\u0631\u064a\u0644""]"
multilingual,jpp_64p,es-month-after-mar,8,"[""\u0e35\u0e22"", ""\u0d23"", ""ization"", ""\u0447\u0430"", "" favorite""]"
multilingual,jpp_64p,es-month-after-mar,15,"[""\u0d23"", ""ness"", ""\uca50"", "" m\u011b"", ""ocket""]"
multilingual,jpp_64p,es-month-after-mar,22,"[""ial"", ""\u02bb"", ""\u900a"", ""\u0d23"", ""umbia""]"
multilingual,jpp_64p,es-month-after-mar,30,"[""\u02bb"", ""\u900a"", ""\u0907\u0938\u094d"", ""s"", ""uncia""]"
multilingual,jpp_64p,es-month-after-mar,38,"[""**"", "" **"", ""\u02bb"", ""\u0629"", "" ANSWER""]"
multilingual,jpp_64p,es-month-after-mar,45,"[""**"", "" **"", ""\u02bb"", ""\u0629"", ""C""]"
multilingual,jpp_64p,es-month-after-mar,52,"["" April"", "" april"", ""April"", "" \u0623\u0628\u0631\u064a\u0644"", "" \u0430\u043f\u0440\u0435\u043b\u044f""]"
multilingual,logit,es-month-after-sep,8,"[""</span>"", ""<|tool_call>"", ""le"", "" l"", ""</h1>""]"
multilingual,logit,es-month-after-sep,15,"["" de"", "" l"", "" la"", "" \u0432"", ""le""]"
multilingual,logit,es-month-after-sep,22,"["" la"", "" de"", "" l"", ""\u043d\u0430"", "" \u0432""]"
multilingual,logit,es-month-after-sep,30,"["" l"", "" own"", ""ed"", ""ly"", ""and""]"
multilingual,logit,es-month-after-sep,38,"[""-"", "" a"", ""ed"", ""T"", ""K""]"
multilingual,logit,es-month-after-sep,45,"["" a"", "" l"", "" an"", ""ness"", ""-""]"
multilingual,logit,es-month-after-sep,52,"[""October"", "" october"", "" October"", "" September"", ""Oct""]"
multilingual,jlens_16p,es-month-after-sep,8,"[""y"", ""yeri"", ""ness"", ""\u094d\u092f"", ""mett""]"
multilingual,jlens_16p,es-month-after-sep,15,"[""\u0420\u0410"", ""UKA"", "" PRP"", "" own"", "" la""]"
multilingual,jlens_16p,es-month-after-sep,22,"[""UKA"", ""\u0420\u0410"", "" la"", ""\u043a\u0438\u043d\u0430"", "" PRP""]"
multilingual,jlens_16p,es-month-after-sep,30,"["" own"", ""\u6027"", "" \uc2f6"", ""zd"", ""\u0629""]"
multilingual,jlens_16p,es-month-after-sep,38,"["" own"", "" **"", ""\u0629"", ""\u0647\u0627"", ""**""]"
multilingual,jlens_16p,es-month-after-sep,45,"["" **"", ""\u0647\u0627"", "" ability"", ""\u0647"", "" uma""]"
multilingual,jlens_16p,es-month-after-sep,52,"["" October"", ""October"", "" Oktober"", "" october"", "" **""]"
multilingual,rlens_16p,es-month-after-sep,8,"["" \u0e46"", "" \u0623\u064a\u0636\u064b\u0627"", "" \u091c\u093c\u094d\u092f\u093e\u0926\u093e"", ""\u06cc"", ""\u091c\u093c\u093e\u0930""]"
multilingual,rlens_16p,es-month-after-sep,15,"[""\u0646\u064a\u0629"", "" \uadf8\ub798\uc11c"", ""Charset"", ""\ucef9"", "" \u062a\u0642\u0631\u06cc\u0628\u0627""]"
multilingual,rlens_16p,es-month-after-sep,22,"[""\u900a"", "" \uadf8\ub798\uc11c"", ""Charset"", ""\ub098"", ""\ub85c\ub294""]"
multilingual,rlens_16p,es-month-after-sep,30,"[""\u0629"", ""\u02bb"", ""\u0907\u0938\u094d"", ""\u900a"", "" \u0623\u064a\u0636\u064b\u0627""]"
multilingual,rlens_16p,es-month-after-sep,38,"[""**"", "" **"", ""C"", ""<strong>"", ""S""]"
multilingual,rlens_16p,es-month-after-sep,45,"["" **"", ""**"", ""S"", "" either"", ""\u0629""]"
multilingual,rlens_16p,es-month-after-sep,52,"["" October"", ""October"", "" octubre"", "" Oktober"", "" September""]"
multilingual,rlens_64p,es-month-after-sep,8,"["" \u091c\u093c\u094d\u092f\u093e\u0926\u093e"", "" \u0623\u064a\u0636\u064b\u0627"", ""\u06cc"", "" \u0e46"", ""\u091c\u093c\u093e\u0930""]"
multilingual,rlens_64p,es-month-after-sep,15,"[""Charset"", "" \uadf8\ub798\uc11c"", ""\ucef9"", ""\u0646\u064a\u0629"", "" \u091c\u093c\u094d\u092f\u093e\u0926\u093e""]"
multilingual,rlens_64p,es-month-after-sep,22,"[""\u900a"", "" \uadf8\ub798\uc11c"", ""Charset"", ""\ub85c\ub294"", "" \u091c\u093c\u094d\u092f\u093e\u0926\u093e""]"
multilingual,rlens_64p,es-month-after-sep,30,"[""\u0629"", ""\u02bb"", ""\u0907\u0938\u094d"", "" \u0623\u064a\u0636\u064b\u0627"", ""\u900a""]"
multilingual,rlens_64p,es-month-after-sep,38,"[""**"", "" **"", ""C"", ""\u0629"", ""<strong>""]"
multilingual,rlens_64p,es-month-after-sep,45,"["" **"", ""**"", ""S"", ""\u0629"", ""\u0647\u0627""]"
multilingual,rlens_64p,es-month-after-sep,52,"["" October"", ""October"", "" octubre"", "" Oktober"", "" September""]"
multilingual,jpp_64p,es-month-after-sep,8,"[""\u0e35\u0e22"", ""\u0447\u0430"", ""ization"", ""\u0d23"", "" ea""]"
multilingual,jpp_64p,es-month-after-sep,15,"[""\u0d23"", ""ness"", "" m\u011b"", ""\uca50"", ""\u064a\u0629""]"
multilingual,jpp_64p,es-month-after-sep,22,"[""ial"", ""\u0d23"", ""\u02bb"", ""\u900a"", ""umbia""]"
multilingual,jpp_64p,es-month-after-sep,30,"[""\u02bb"", ""\u0907\u0938\u094d"", ""\u900a"", ""s"", ""uncia""]"
multilingual,jpp_64p,es-month-after-sep,38,"[""**"", "" **"", ""\u02bb"", ""\u0629"", "" ANSWER""]"
multilingual,jpp_64p,es-month-after-sep,45,"[""**"", "" **"", ""\u0629"", ""\u0640\u0640\u0640\u0640\u0640\u0640\u0640\u0640"", ""S""]"
multilingual,jpp_64p,es-month-after-sep,52,"["" October"", ""October"", "" Oktober"", "" octubre"", "" october""]"
multilingual,logit,es-month-before-jun,8,"[""<|tool_call>"", ""</h2>"", ""</span>"", ""le"", ""</h1>""]"
multilingual,logit,es-month-before-jun,15,"[""le"", "" l"", "" de"", "" \u0432"", "" la""]"
multilingual,logit,es-month-before-jun,22,"["" de"", "" la"", "" l"", ""\u043d\u0430"", "" \u0432""]"
multilingual,logit,es-month-before-jun,30,"["" l"", ""ly"", ""-"", "" a"", "" and""]"
multilingual,logit,es-month-before-jun,38,"[""-"", "" a"", ""T"", ""K"", ""ed""]"
multilingual,logit,es-month-before-jun,45,"["" a"", "" l"", ""-"", "" an"", ""ness""]"
multilingual,logit,es-month-before-jun,52,"["" June"", ""June"", "" May"", ""May"", "" February""]"
multilingual,jlens_16p,es-month-before-jun,8,"[""y"", ""yeri"", ""ness"", ""\u094d\u092f"", ""mett""]"
multilingual,jlens_16p,es-month-before-jun,15,"[""\u0420\u0410"", ""UKA"", "" PRP"", "" own"", "" la""]"
multilingual,jlens_16p,es-month-before-jun,22,"[""UKA"", ""\u0420\u0410"", ""\u043a\u0438\u043d\u0430"", ""\u0627\u0631\u0643"", "" own""]"
multilingual,jlens_16p,es-month-before-jun,30,"["" own"", ""\u6027"", "" \uc2f6"", ""\u0629"", ""zd""]"
multilingual,jlens_16p,es-month-before-jun,38,"["" own"", "" uma"", ""\u0629"", ""\u0647\u0627"", ""\ub3c4""]"
multilingual,jlens_16p,es-month-before-jun,45,"[""\u0647\u0627"", ""\u0647"", "" uma"", "" ability"", "" **""]"
multilingual,jlens_16p,es-month-before-jun,52,"["" June"", "" May"", "" April"", ""June"", "" th\u00e1ng""]"
multilingual,rlens_16p,es-month-before-jun,8,"["" \u0e46"", "" \u0623\u064a\u0636\u064b\u0627"", "" \u091c\u093c\u094d\u092f\u093e\u0926\u093e"", ""\u103d\u101a\u103a"", ""\u091c\u093c\u093e\u0930""]"
multilingual,rlens_16p,es-month-before-jun,15,"["" \uadf8\ub798\uc11c"", ""\u0646\u064a\u0629"", ""Charset"", ""\ucef9"", "" \u0e46""]"
multilingual,rlens_16p,es-month-before-jun,22,"[""\u900a"", "" \uadf8\ub798\uc11c"", ""Charset"", ""\ucbe4"", ""iosa""]"
multilingual,rlens_16p,es-month-before-jun,30,"[""\u0907\u0938\u094d"", ""\u900a"", ""\u02bb"", ""\u4e2a"", ""\ub3c4""]"
multilingual,rlens_16p,es-month-before-jun,38,"[""**"", "" **"", ""C"", ""\u0629"", ""S""]"
multilingual,rlens_16p,es-month-before-jun,45,"["" **"", ""**"", "" either"", ""\u0629"", ""S""]"
multilingual,rlens_16p,es-month-before-jun,52,"["" June"", ""June"", "" April"", "" th\u00e1ng"", "" May""]"
multilingual,rlens_64p,es-month-before-jun,8,"["" \u091c\u093c\u094d\u092f\u093e\u0926\u093e"", "" \u0e46"", "" \u0623\u064a\u0636\u064b\u0627"", ""\u06cc"", ""\u091c\u093c\u093e\u0930""]"
multilingual,rlens_64p,es-month-before-jun,15,"["" \uadf8\ub798\uc11c"", ""Charset"", ""\ucef9"", ""\u0646\u064a\u0629"", "" \u0e46""]"
multilingual,rlens_64p,es-month-before-jun,22,"[""\u900a"", "" \uadf8\ub798\uc11c"", ""Charset"", ""\ucbe4"", ""\ub85c\ub294""]"
multilingual,rlens_64p,es-month-before-jun,30,"[""\u02bb"", ""\u0629"", ""\u0907\u0938\u094d"", ""\u900a"", ""\u4e2a""]"
multilingual,rlens_64p,es-month-before-jun,38,"[""**"", "" **"", ""C"", ""\u0629"", "" \u0623\u064a\u0636\u064b\u0627""]"
multilingual,rlens_64p,es-month-before-jun,45,"["" **"", ""**"", ""\u0629"", ""S"", "" either""]"
multilingual,rlens_64p,es-month-before-jun,52,"["" June"", ""June"", "" April"", "" th\u00e1ng"", "" May""]"
multilingual,jpp_64p,es-month-before-jun,8,"[""\u0e35\u0e22"", ""ization"", ""\u0d23"", ""\u0447\u0430"", ""ian""]"
multilingual,jpp_64p,es-month-before-jun,15,"[""ness"", ""\u0d23"", ""\uca50"", ""\u064a\u0629"", "" m\u011b""]"
multilingual,jpp_64p,es-month-before-jun,22,"[""ial"", ""\u900a"", ""\u0d23"", ""\u02bb"", ""umbia""]"
multilingual,jpp_64p,es-month-before-jun,30,"[""\u900a"", ""\u02bb"", ""uncia"", ""S"", ""\u0907\u0938\u094d""]"
multilingual,jpp_64p,es-month-before-jun,38,"[""\u02bb"", ""\u0629"", ""**"", ""\u00edd"", ""\u0dad\u0dca""]"
multilingual,jpp_64p,es-month-before-jun,45,"[""**"", "" **"", ""\u0640\u0640\u0640\u0640\u0640\u0640\u0640\u0640"", ""\u02bb"", ""C""]"
multilingual,jpp_64p,es-month-before-jun,52,"["" June"", ""June"", "" april"", "" th\u00e1ng"", "" April""]"
multilingual,logit,pt-month-after-apr,8,"[""<|tool_call>"", ""</code>"", ""</span>"", ""le"", ""</h1>""]"
multilingual,logit,pt-month-after-apr,15,"[""le"", "" l"", ""est"", "" la"", "" de""]"
multilingual,logit,pt-month-after-apr,22,"["" de"", "" la"", "" l"", "" est"", "" \u0432""]"
multilingual,logit,pt-month-after-apr,30,"["" l"", ""-"", ""ly"", ""er"", ""y""]"
multilingual,logit,pt-month-after-apr,38,"[""-"", "" a"", ""T"", ""K"", ""L""]"
multilingual,logit,pt-month-after-apr,45,"["" a"", "" December"", "" June"", "" l"", "" an""]"
multilingual,logit,pt-month-after-apr,52,"["" May"", ""May"", "" June"", "" \u0645\u0627\u064a\u0648"", "" \u092e\u0908""]"
multilingual,jlens_16p,pt-month-after-apr,8,"[""y"", ""yeri"", ""ness"", ""\u094d\u092f"", ""mett""]"
multilingual,jlens_16p,pt-month-after-apr,15,"[""\u0420\u0410"", ""UKA"", "" PRP"", "" own"", "" la""]"
multilingual,jlens_16p,pt-month-after-apr,22,"[""UKA"", ""\u0420\u0410"", "" PRP"", "" own"", "" la""]"
multilingual,jlens_16p,pt-month-after-apr,30,"["" own"", ""\u6027"", "" uma"", ""\u0647\u0627"", "" up""]"
multilingual,jlens_16p,pt-month-after-apr,38,"["" own"", "" uma"", ""\u0647\u0627"", ""\u0629"", ""\u0647""]"
multilingual,jlens_16p,pt-month-after-apr,45,"["" uma"", ""\u0647\u0627"", "" **"", "" own"", ""\u0647""]"
multilingual,jlens_16p,pt-month-after-apr,52,"["" **"", "" uma"", "" May"", ""ist"", "" June""]"
multilingual,rlens_16p,pt-month-after-apr,8,"["" \u0e46"", "" \uc2f6"", ""\u06cc\u0648"", "" \u0623\u064a\u0636\u064b\u0627"", "" \u091c\u093c\u094d\u092f\u093e\u0926\u093e""]"
multilingual,rlens_16p,pt-month-after-apr,15,"["" \u0e46"", ""\u0646\u064a\u0629"", ""\u042a"", "" \uadf8\ub798\uc11c"", "" \uc2f6""]"
multilingual,rlens_16p,pt-month-after-apr,22,"["" \uadf8\ub798\uc11c"", ""\u042a"", ""\u900a"", ""Charset"", ""\u0646\u064a\u0629""]"
multilingual,rlens_16p,pt-month-after-apr,30,"[""\u900a"", "" \uc2f6"", ""\u0907\u0938\u094d"", "" up"", ""\u02bb""]"
multilingual,rlens_16p,pt-month-after-apr,38,"[""**"", "" **"", ""C"", ""S"", ""\u4e0d\u4e86""]"
multilingual,rlens_16p,pt-month-after-apr,45,"["" **"", ""**"", "" either"", ""mente"", "" \u0906\u0923\u093f""]"
multilingual,rlens_16p,pt-month-after-apr,52,"["" **"", "" May"", ""May"", "" June"", ""**""]"
multilingual,rlens_64p,pt-month-after-apr,8,"[""\u06cc"", "" \u0e46"", "" \u091c\u093c\u094d\u092f\u093e\u0926\u093e"", "" \uc2f6"", "" \u0623\u064a\u0636\u064b\u0627""]"
multilingual,rlens_64p,pt-month-after-apr,15,"["" \u0e46"", ""\u0646\u064a\u0629"", "" \uadf8\ub798\uc11c"", ""\u042a"", ""Charset""]"
multilingual,rlens_64p,pt-month-after-apr,22,"["" \uadf8\ub798\uc11c"", ""\u042a"", ""Charset"", ""\ucbe4"", ""\u900a""]"
multilingual,rlens_64p,pt-month-after-apr,30,"["" or"", ""\u0907\u0938\u094d"", ""\u900a"", "" \uc2f6"", "" up""]"
multilingual,rlens_64p,pt-month-after-apr,38,"[""**"", "" **"", ""C"", ""S"", ""\u0629""]"
multilingual,rlens_64p,pt-month-after-apr,45,"["" **"", ""**"", "" either"", ""\u0629"", ""mente""]"
multilingual,rlens_64p,pt-month-after-apr,52,"["" **"", "" May"", ""May"", "" June"", ""June""]"
multilingual,jpp_64p,pt-month-after-apr,8,"[""\u0e35\u0e22"", ""\u0447\u0430"", ""ization"", "" favorite"", ""\u0d23""]"
multilingual,jpp_64p,pt-month-after-apr,15,"["" m\u011b"", ""ness"", ""\uca50"", ""\u0d23"", ""ocket""]"
multilingual,jpp_64p,pt-month-after-apr,22,"["" m\u011b"", ""\u02bb"", ""\u900a"", ""\u0d23"", ""ial""]"
multilingual,jpp_64p,pt-month-after-apr,30,"[""\u900a"", ""C"", "" \uc2f6"", ""\u0907\u0938\u094d"", ""S""]"
multilingual,jpp_64p,pt-month-after-apr,38,"[""**"", ""\u02bb"", ""\u0629"", "" or"", ""\u0142os""]"
multilingual,jpp_64p,pt-month-after-apr,45,"["" **"", ""**"", ""\u0629"", ""ligence"", "" either""]"
multilingual,jpp_64p,pt-month-after-apr,52,"["" May"", "" June"", ""May"", "" \u043c\u0430\u044f"", "" **""]"
multilingual,logit,pt-month-before-aug,8,"[""<|tool_call>"", ""</h2>"", ""</code>"", ""</span>"", ""</h1>""]"
multilingual,logit,pt-month-before-aug,15,"["" l"", "" de"", "" la"", "" \u0432"", ""le""]"
multilingual,logit,pt-month-before-aug,22,"["" de"", "" la"", "" l"", "" est"", "" \u0432""]"
multilingual,logit,pt-month-before-aug,30,"["" l"", ""-"", ""ly"", "" own"", "" and""]"
multilingual,logit,pt-month-before-aug,38,"[""-"", "" a"", ""T"", ""K"", ""L""]"
multilingual,logit,pt-month-before-aug,45,"["" a"", "" l"", "" June"", "" January"", "" an""]"
multilingual,logit,pt-month-before-aug,52,"["" July"", ""July"", "" l"", "" August"", "" June""]"
multilingual,jlens_16p,pt-month-before-aug,8,"[""y"", ""yeri"", ""ness"", ""\u094d\u092f"", ""mett""]"
multilingual,jlens_16p,pt-month-before-aug,15,"[""\u0420\u0410"", ""UKA"", "" PRP"", "" own"", "" la""]"
multilingual,jlens_16p,pt-month-before-aug,22,"[""UKA"", ""\u0420\u0410"", "" own"", "" PRP"", "" la""]"
multilingual,jlens_16p,pt-month-before-aug,30,"["" own"", ""\u6027"", "" uma"", ""\u0647\u0627"", "" up""]"
multilingual,jlens_16p,pt-month-before-aug,38,"["" own"", "" uma"", ""\u0647\u0627"", ""\u0629"", ""\u0647""]"
multilingual,jlens_16p,pt-month-before-aug,45,"["" uma"", "" own"", ""\u0647\u0627"", ""\u0647"", ""\u0629""]"
multilingual,jlens_16p,pt-month-before-aug,52,"["" July"", "" uma"", "" **"", "" agosto"", ""July""]"
multilingual,rlens_16p,pt-month-before-aug,8,"["" \u0e46"", "" \uc2f6"", ""\u06cc\u0648"", "" \u0623\u064a\u0636\u064b\u0627"", "" \u091c\u093c\u094d\u092f\u093e\u0926\u093e""]"
multilingual,rlens_16p,pt-month-before-aug,15,"[""\u0646\u064a\u0629"", "" \uadf8\ub798\uc11c"", ""\u042a"", "" \u0e46"", "" \uc2f6""]"
multilingual,rlens_16p,pt-month-before-aug,22,"["" \uadf8\ub798\uc11c"", ""\u900a"", ""\u0646\u064a\u0629"", ""\u042a"", ""Charset""]"
multilingual,rlens_16p,pt-month-before-aug,30,"["" \uc2f6"", ""\u900a"", ""\u0907\u0938\u094d"", ""\u4e2a"", ""\u02bb""]"
multilingual,rlens_16p,pt-month-before-aug,38,"[""**"", "" **"", ""\u0629"", ""C"", ""\u4e0d\u4e86""]"
multilingual,rlens_16p,pt-month-before-aug,45,"["" **"", "" either"", ""**"", ""\u0629"", ""mente""]"
multilingual,rlens_16p,pt-month-before-aug,52,"["" July"", ""July"", "" julho"", "" agosto"", "" \u0438\u044e""]"
multilingual,rlens_64p,pt-month-before-aug,8,"["" \u0e46"", "" \uc2f6"", ""\u06cc"", "" \u091c\u093c\u094d\u092f\u093e\u0926\u093e"", "" \u0623\u064a\u0636\u064b\u0627""]"
multilingual,rlens_64p,pt-month-before-aug,15,"["" \uadf8\ub798\uc11c"", ""\u0646\u064a\u0629"", "" \u0e46"", ""\u042a"", ""Charset""]"
multilingual,rlens_64p,pt-month-before-aug,22,"["" \uadf8\ub798\uc11c"", ""\u900a"", ""\u042a"", ""Charset"", ""\u0646\u064a\u0629""]"
multilingual,rlens_64p,pt-month-before-aug,30,"["" \uc2f6"", ""\u900a"", ""\u0907\u0938\u094d"", "" or"", ""/""]"
multilingual,rlens_64p,pt-month-before-aug,38,"[""**"", "" **"", ""\u0629"", ""C"", ""/""]"
multilingual,rlens_64p,pt-month-before-aug,45,"["" **"", ""\u0629"", ""**"", "" either"", ""\u0647\u0627""]"
multilingual,rlens_64p,pt-month-before-aug,52,"["" July"", "" julho"", ""July"", "" \u064a\u0648\u0644\u064a\u0648"", "" agosto""]"
multilingual,jpp_64p,pt-month-before-aug,8,"[""\u0e35\u0e22"", ""ization"", ""\u0447\u0430"", "" favorite"", ""\u0d23""]"
multilingual,jpp_64p,pt-month-before-aug,15,"[""ness"", "" m\u011b"", ""\uca50"", ""\u0d23"", ""ocket""]"
multilingual,jpp_64p,pt-month-before-aug,22,"[""\u900a"", ""\u0d23"", ""\u02bb"", "" m\u011b"", ""ial""]"
multilingual,jpp_64p,pt-month-before-aug,30,"[""\u900a"", "" \uc2f6"", ""S"", ""\u0907\u0938\u094d"", "" or""]"
multilingual,jpp_64p,pt-month-before-aug,38,"["" or"", ""\u0629"", ""\u02bb"", ""Language"", ""\u0142os""]"
multilingual,jpp_64p,pt-month-before-aug,45,"["" **"", ""**"", ""\u0629"", ""ligence"", ""getView""]"
multilingual,jpp_64p,pt-month-before-aug,52,"["" July"", "" julho"", ""July"", "" \u064a\u0648\u0644\u064a\u0648"", "" \u0438\u044e""]"
multilingual,logit,fr-half-six,8,"[""</table>"", ""<|tool_call>"", ""</code>"", ""</span>"", ""</h2>""]"
multilingual,logit,fr-half-six,15,"["" de"", "" l"", "" la"", "" \u0432"", ""est""]"
multilingual,logit,fr-half-six,22,"["" la"", "" l"", "" \u0432"", "" de"", "" est""]"
multilingual,logit,fr-half-six,30,"["" l"", "" own"", ""ly"", ""y"", ""and""]"
multilingual,logit,fr-half-six,38,"[""-"", "" a"", "" it"", ""T"", ""ness""]"
multilingual,logit,fr-half-six,45,"["" l"", "" a"", "" either"", ""-"", "" what""]"
multilingual,logit,fr-half-six,52,"["" l"", ""\u4e09"", ""Three"", ""\u4e09\u5341"", "" Three""]"
multilingual,jlens_16p,fr-half-six,8,"[""y"", ""yeri"", ""ness"", ""\u094d\u092f"", ""mett""]"
multilingual,jlens_16p,fr-half-six,15,"[""\u0420\u0410"", ""UKA"", "" PRP"", "" own"", "" la""]"
multilingual,jlens_16p,fr-half-six,22,"[""\u0420\u0410"", ""UKA"", "" PRP"", "" own"", "" la""]"
multilingual,jlens_16p,fr-half-six,30,"[""ization"", "" own"", ""zd"", ""ness"", ""zv""]"
multilingual,jlens_16p,fr-half-six,38,"["" own"", ""ly"", ""ist"", ""ization"", ""y""]"
multilingual,jlens_16p,fr-half-six,45,"[""ization"", ""ly"", ""ized"", "" ability"", "" fact""]"
multilingual,jlens_16p,fr-half-six,52,"["" thirty"", "" three"", ""three"", "" forty"", "" fifty""]"
multilingual,rlens_16p,fr-half-six,8,"["" \u0e46"", ""\u06cc"", "" \uc2f6"", ""\ucef9"", ""\u06cc\u0648""]"
multilingual,rlens_16p,fr-half-six,15,"[""\u042a"", ""\u0646\u064a\u0629"", ""\ucef9"", ""\u06cc"", ""\u06cc\u0648""]"
multilingual,rlens_16p,fr-half-six,22,"[""\u042a"", ""\u723d"", "" langue"", ""\u900a"", ""\u0646\u064a\u0629""]"
multilingual,rlens_16p,fr-half-six,30,"[""\u0907\u0938\u094d"", ""\u900a"", ""\u043d\u0438\u0435"", ""yum"", ""\ub85c\ub294""]"
multilingual,rlens_16p,fr-half-six,38,"["" l"", ""**"", "" **"", ""C"", "" ANSWER""]"
multilingual,rlens_16p,fr-half-six,45,"["" three"", ""three"", ""-"", ""\u4e09\u4e2a"", ""S""]"
multilingual,rlens_16p,fr-half-six,52,"["" three"", ""three"", "" thirty"", "" l"", ""Three""]"
multilingual,rlens_64p,fr-half-six,8,"[""\u06cc"", "" \u0e46"", ""\ucef9"", "" \uc2f6"", "" \u091c\u093c\u094d\u092f\u093e\u0926\u093e""]"
multilingual,rlens_64p,fr-half-six,15,"[""\u042a"", ""\u06cc"", ""\ucef9"", ""\u0646\u064a\u0629"", ""\u1015\u102b\u1010\u101a\u103a""]"
multilingual,rlens_64p,fr-half-six,22,"[""\u042a"", ""\u723d"", "" langue"", ""\u900a"", ""\ub85c\ub294""]"
multilingual,rlens_64p,fr-half-six,30,"[""\u0907\u0938\u094d"", ""\u723d"", ""\u043d\u0438\u0435"", ""yum"", "" same""]"
multilingual,rlens_64p,fr-half-six,38,"["" l"", ""**"", "" **"", ""C"", "" a""]"
multilingual,rlens_64p,fr-half-six,45,"["" three"", ""three"", ""-"", ""\u4e09\u4e2a"", ""S""]"
multilingual,rlens_64p,fr-half-six,52,"[""three"", "" three"", "" thirty"", "" \u0627\u0644\u062b\u0644\u0627\u062b"", "" l""]"
multilingual,jpp_64p,fr-half-six,8,"[""\u0447\u0430"", ""\u0e35\u0e22"", ""\u0ab5\u0ac0"", ""ization"", ""\u3088\u3046\u306b\u306a\u3063\u3066""]"
multilingual,jpp_64p,fr-half-six,15,"[""\uca50"", ""\u30c3\u30c6"", ""\ucef9"", ""\u0c3e\u0c28"", "" trivia""]"
multilingual,jpp_64p,fr-half-six,22,"[""yum"", ""\u02bb"", ""\u723d"", ""gue"", ""\u30c3\u30c6""]"
multilingual,jpp_64p,fr-half-six,30,"["" same"", ""lish"", ""s"", ""y"", ""yum""]"
multilingual,jpp_64p,fr-half-six,38,"["" la"", "" a"", "" an"", ""\u5b57"", ""\u042a""]"
multilingual,jpp_64p,fr-half-six,45,"["" la"", "" l"", ""3"", "" a"", ""three""]"
multilingual,jpp_64p,fr-half-six,52,"["" three"", ""three"", "" thirty"", "" \u0627\u0644\u062b\u0644\u0627\u062b"", "" l""]"
multilingual,logit,fr-double-three,8,"[""</h2>"", ""<|tool_call>"", ""le"", "" l"", ""</span>""]"
multilingual,logit,fr-double-three,15,"["" de"", "" la"", "" \u0432"", ""sa"", "" l""]"
multilingual,logit,fr-double-three,22,"["" la"", "" l"", "" de"", "" own"", ""\u043d\u0430""]"
multilingual,logit,fr-double-three,30,"[""ly"", ""and"", ""-"", ""ed"", "" it""]"
multilingual,logit,fr-double-three,38,"[""-"", ""y"", ""s"", ""ed"", ""v""]"
multilingual,logit,fr-double-three,45,"["" a"", "" l"", "" an"", "" either"", ""y""]"
multilingual,logit,fr-double-three,52,"["" l"", ""-"", ""\u516d"", "" six"", ""six""]"
multilingual,jlens_16p,fr-double-three,8,"[""y"", ""yeri"", ""ness"", ""\u094d\u092f"", ""mett""]"
multilingual,jlens_16p,fr-double-three,15,"[""\u0420\u0410"", ""UKA"", "" PRP"", "" own"", "" la""]"
multilingual,jlens_16p,fr-double-three,22,"[""UKA"", ""\u0420\u0410"", "" PRP"", "" own"", "" la""]"
multilingual,jlens_16p,fr-double-three,30,"["" own"", ""\u6027"", ""ization"", "" up"", ""ist""]"
multilingual,jlens_16p,fr-double-three,38,"["" own"", ""ization"", ""ist"", ""ly"", ""ty""]"
multilingual,jlens_16p,fr-double-three,45,"[""ization"", ""ly"", ""mente"", ""ist"", "" fact""]"
multilingual,jlens_16p,fr-double-three,52,"["" six"", ""ization"", ""ly"", "" sixty"", ""six""]"
multilingual,rlens_16p,fr-double-three,8,"[""\ucef9"", "" \u0e46"", ""\u0646\u064a\u0629"", ""\u06cc\u0648"", "" up""]"
multilingual,rlens_16p,fr-double-three,15,"[""\ucef9"", ""\u0646\u064a\u0629"", ""\u042a"", "" \uadf8\ub798\uc11c"", ""Charset""]"
multilingual,rlens_16p,fr-double-three,22,"[""\u900a"", ""\u042a"", ""\u0907\u0938\u094d"", ""\u0646\u064a\u0629"", ""\ub85c\ub294""]"
multilingual,rlens_16p,fr-double-three,30,"[""\u0907\u0938\u094d"", ""\u900a"", ""z\u0119"", ""\ub3c4"", ""\u0629""]"
multilingual,rlens_16p,fr-double-three,38,"[""**"", "" **"", "" l"", "" ANSWER"", ""quement""]"
multilingual,rlens_16p,fr-double-three,45,"[""S"", ""s"", "" **"", "" and"", "" a""]"
multilingual,rlens_16p,fr-double-three,52,"["" six"", "" l"", ""six"", ""-"", ""three""]"
multilingual,rlens_64p,fr-double-three,8,"[""\ucef9"", "" \u0e46"", ""\u06cc"", "" \u091c\u093c\u094d\u092f\u093e\u0926\u093e"", "" uma""]"
multilingual,rlens_64p,fr-double-three,15,"[""\ucef9"", ""\u0646\u064a\u0629"", ""\u042a"", "" \uadf8\ub798\uc11c"", ""Charset""]"
multilingual,rlens_64p,fr-double-three,22,"[""\u900a"", ""\u042a"", ""\ub85c\ub294"", "" \uadf8\ub798\uc11c"", ""\u0907\u0938\u094d""]"
multilingual,rlens_64p,fr-double-three,30,"[""\u0907\u0938\u094d"", ""\u900a"", ""\u0629"", ""z\u0119"", ""kish""]"
multilingual,rlens_64p,fr-double-three,38,"[""**"", "" **"", "" l"", ""T"", "" a""]"
multilingual,rlens_64p,fr-double-three,45,"[""s"", ""S"", "" **"", "" a"", "" and""]"
multilingual,rlens_64p,fr-double-three,52,"["" six"", "" l"", ""six"", ""\u516d"", ""-""]"
multilingual,jpp_64p,fr-double-three,8,"[""\u0e35\u0e22"", ""\u0447\u0430"", ""\u0d23"", ""\uc804"", "" ea""]"
multilingual,jpp_64p,fr-double-three,15,"[""\u0d23"", ""\ucef9"", ""\uca50"", "" m\u011b"", ""ocket""]"
multilingual,jpp_64p,fr-double-three,22,"[""\u900a"", ""yum"", ""\u00e6ng"", ""\u723d"", ""ocket""]"
multilingual,jpp_64p,fr-double-three,30,"[""lish"", ""s"", ""kish"", ""\u900a"", ""\u0907\u0938\u094d""]"
multilingual,jpp_64p,fr-double-three,38,"["" la"", "" a"", ""**"", ""\u02bb"", ""\u5b57""]"
multilingual,jpp_64p,fr-double-three,45,"["" la"", "" a"", "" **"", ""**"", ""\u02bb""]"
multilingual,jpp_64p,fr-double-three,52,"["" six"", "" l"", ""six"", ""\u516d"", ""Six""]"
multilingual,logit,de-half-six,8,"[""</h2>"", ""<|tool_call>"", ""</code>"", ""</span>"", ""</table>""]"
multilingual,logit,de-half-six,15,"["" de"", "" l"", "" la"", "" \u0432"", ""est""]"
multilingual,logit,de-half-six,22,"["" l"", "" la"", ""est"", "" \u0432"", ""\u0e40\u0e09\u0e1e\u0e32\u0e30""]"
multilingual,logit,de-half-six,30,"["" own"", "" l"", ""ly"", "" same"", ""ed""]"
multilingual,logit,de-half-six,38,"["" a"", "" l"", ""t"", ""ly"", ""-""]"
multilingual,logit,de-half-six,45,"["" l"", "" a"", "" either"", "" three"", "" what""]"
multilingual,logit,de-half-six,52,"[""\u4e09"", "" l"", ""three"", ""Three"", "" Three""]"
multilingual,jlens_16p,de-half-six,8,"[""y"", ""yeri"", ""ness"", ""\u094d\u092f"", ""mett""]"
multilingual,jlens_16p,de-half-six,15,"[""\u0420\u0410"", ""UKA"", "" PRP"", "" own"", "" la""]"
multilingual,jlens_16p,de-half-six,22,"[""\u0420\u0410"", ""UKA"", "" PRP"", "" own"", "" la""]"
multilingual,jlens_16p,de-half-six,30,"["" own"", ""\u6027"", ""c\u0103"", ""ization"", ""\u0648\u0642""]"
multilingual,jlens_16p,de-half-six,38,"["" own"", ""\u0647\u0627"", ""\u0647"", ""\uc694"", ""\u0629""]"
multilingual,jlens_16p,de-half-six,45,"[""ization"", ""\u0647\u0627"", ""\u0647"", ""ly"", ""matic""]"
multilingual,jlens_16p,de-half-six,52,"["" three"", ""three"", ""Three"", "" \u0442\u0440\u0451\u0445"", "" \u062b\u0644\u0627\u062b""]"
multilingual,rlens_16p,de-half-six,8,"["" \u0e46"", "" uma"", "" \uc2f6"", "" \u091c\u093c\u094d\u092f\u093e\u0926\u093e"", ""\u06cc\u0648""]"
multilingual,rlens_16p,de-half-six,15,"[""\u0646\u064a\u0629"", ""\u042a"", ""\ucef9"", ""zia"", "" \u0e46""]"
multilingual,rlens_16p,de-half-six,22,"[""\u0646\u064a\u0629"", ""\u900a"", ""\u042a"", "" \uad49\uc7a5\ud788"", ""BOOL""]"
multilingual,rlens_16p,de-half-six,30,"[""\u0907\u0938\u094d"", ""\u900a"", ""\u02bb"", ""\u0646\u064a\u0629"", ""kish""]"
multilingual,rlens_16p,de-half-six,38,"["" **"", ""**"", ""C"", "" ANSWER"", ""NONE""]"
multilingual,rlens_16p,de-half-six,45,"[""S"", ""\u0629"", ""ly"", ""\u4e2a"", "" \u0442\u0440\u0435\u0445""]"
multilingual,rlens_16p,de-half-six,52,"[""three"", "" three"", ""\u0e2a\u0e32\u0e21"", "" \u0442\u0440\u0435\u0445"", ""\u4e09\u4e2a""]"
multilingual,rlens_64p,de-half-six,8,"["" uma"", "" \u0e46"", ""\u06cc"", "" \u091c\u093c\u094d\u092f\u093e\u0926\u093e"", "" \uc2f6""]"
multilingual,rlens_64p,de-half-six,15,"[""\u0646\u064a\u0629"", ""\u042a"", ""\ucef9"", ""itian"", ""Charset""]"
multilingual,rlens_64p,de-half-six,22,"[""\u900a"", ""\u0646\u064a\u0629"", ""\u042a"", "" \uad49\uc7a5\ud788"", ""Charset""]"
multilingual,rlens_64p,de-half-six,30,"[""\u0907\u0938\u094d"", "" or"", ""\u900a"", ""\u02bb"", ""\u0646\u064a\u0629""]"
multilingual,rlens_64p,de-half-six,38,"["" **"", ""**"", ""C"", "" ANSWER"", ""NONE""]"
multilingual,rlens_64p,de-half-six,45,"[""S"", ""\u0629"", ""ly"", ""\u4e2a"", "" \u0442\u0440\u0435\u0445""]"
multilingual,rlens_64p,de-half-six,52,"[""three"", "" three"", "" \u0442\u0440\u0435\u0445"", ""Three"", ""\u4e09\u4e2a""]"
multilingual,jpp_64p,de-half-six,8,"[""\u0e35\u0e22"", ""ization"", ""\u0447\u0430"", ""\u064a\u0629"", ""\u0d23""]"
multilingual,jpp_64p,de-half-six,15,"[""\uca50"", ""ocket"", "" ascii"", ""\u0d23"", ""ness""]"
multilingual,jpp_64p,de-half-six,22,"[""ocket"", ""\u02bb"", ""\u900a"", ""\u0442\u0430\u044f"", ""P""]"
multilingual,jpp_64p,de-half-six,30,"[""lish"", ""\u900a"", ""kish"", "" or"", ""\u0907\u0938\u094d""]"
multilingual,jpp_64p,de-half-six,38,"["" la"", ""\u02bb"", "" ANSWER"", "" a"", ""anst""]"
multilingual,jpp_64p,de-half-six,45,"[""C"", ""S"", ""\u02bb"", ""something"", ""\u0631\u0628\u0639\u0629""]"
multilingual,jpp_64p,de-half-six,52,"[""three"", "" three"", "" \u0442\u0440\u0435\u0445"", ""\u4e09"", ""\u0e2a\u0e32\u0e21""]"
multilingual,logit,fr-number-after-four,8,"[""le"", ""<|tool_call>"", "" l"", "" re"", ""</span>""]"
multilingual,logit,fr-number-after-four,15,"["" la"", "" l"", ""sa"", ""\u0e40\u0e09\u0e1e\u0e32\u0e30"", "" \u0432""]"
multilingual,logit,fr-number-after-four,22,"["" l"", "" la"", ""\u043d\u0430"", "" own"", ""\u0e40\u0e09\u0e1e\u0e32\u0e30""]"
multilingual,logit,fr-number-after-four,30,"["" l"", "" own"", ""ed"", "" it"", ""y""]"
multilingual,logit,fr-number-after-four,38,"[""-"", ""T"", "" a"", ""K"", ""L""]"
multilingual,logit,fr-number-after-four,45,"["" a"", "" l"", "" an"", ""-"", ""y""]"
multilingual,logit,fr-number-after-four,52,"["" l"", ""five"", ""\u4e94"", "" five"", ""Five""]"
multilingual,jlens_16p,fr-number-after-four,8,"[""y"", ""yeri"", ""ness"", ""\u094d\u092f"", ""mett""]"
multilingual,jlens_16p,fr-number-after-four,15,"[""UKA"", ""\u0420\u0410"", "" PRP"", "" own"", "" la""]"
multilingual,jlens_16p,fr-number-after-four,22,"[""UKA"", ""\u0420\u0410"", "" PRP"", "" own"", "" la""]"
multilingual,jlens_16p,fr-number-after-four,30,"["" own"", ""\u6027"", ""ization"", ""zd"", ""\u0629""]"
multilingual,jlens_16p,fr-number-after-four,38,"["" own"", "" uma"", ""\u0629"", ""\u0647\u0627"", ""\u0647""]"
multilingual,jlens_16p,fr-number-after-four,45,"[""\u0647\u0627"", ""\u0647"", ""\u0629"", "" ability"", "" uma""]"
multilingual,jlens_16p,fr-number-after-four,52,"["" **"", ""\u4e94"", ""five"", ""\u0647"", "" five""]"
multilingual,rlens_16p,fr-number-after-four,8,"["" \u0e46"", ""\ucef9"", ""\u0646\u064a\u0629"", "" \u091c\u093c\u094d\u092f\u093e\u0926\u093e"", ""\u06cc\u0648""]"
multilingual,rlens_16p,fr-number-after-four,15,"[""\u0646\u064a\u0629"", ""\ucef9"", "" \uadf8\ub798\uc11c"", ""\u042a"", ""Charset""]"
multilingual,rlens_16p,fr-number-after-four,22,"[""\u0907\u0938\u094d"", ""\u042a"", ""\ucbe4"", ""\u093e\u0908"", ""iosa""]"
multilingual,rlens_16p,fr-number-after-four,30,"[""\u0907\u0938\u094d"", ""\u0629"", ""\u02bb"", ""iosa"", ""z\u0119""]"
multilingual,rlens_16p,fr-number-after-four,38,"[""**"", "" **"", ""\u0629"", "" ANSWER"", ""*""]"
multilingual,rlens_16p,fr-number-after-four,45,"["" **"", ""\u0629"", ""**"", ""\u0647\u0627"", "" either""]"
multilingual,rlens_16p,fr-number-after-four,52,"[""\u4e94"", ""five"", "" five"", "" **"", "" \u062e\u0645\u0633""]"
multilingual,rlens_64p,fr-number-after-four,8,"[""\ucef9"", "" \u0e46"", "" \u091c\u093c\u094d\u092f\u093e\u0926\u093e"", "" uma"", ""\u0646\u064a\u0629""]"
multilingual,rlens_64p,fr-number-after-four,15,"[""\ucef9"", ""\u0646\u064a\u0629"", ""\u042a"", ""Charset"", "" \uadf8\ub798\uc11c""]"
multilingual,rlens_64p,fr-number-after-four,22,"[""\ucbe4"", ""\u042a"", ""\u093e\u0908"", ""\u0907\u0938\u094d"", ""\ucef9""]"
multilingual,rlens_64p,fr-number-after-four,30,"[""\u0629"", ""\u0907\u0938\u094d"", ""\u02bb"", "" or"", ""ipsis""]"
multilingual,rlens_64p,fr-number-after-four,38,"[""**"", "" **"", ""\u0629"", ""C"", ""/""]"
multilingual,rlens_64p,fr-number-after-four,45,"[""\u0629"", "" **"", ""\u0647\u0627"", ""**"", "" either""]"
multilingual,rlens_64p,fr-number-after-four,52,"[""\u4e94"", ""five"", "" five"", "" **"", ""\u0629""]"
multilingual,jpp_64p,fr-number-after-four,8,"[""\u0e35\u0e22"", ""\u0447\u0430"", ""\u0d23"", "" \uadf8\ub7ec\uba74"", "" ea""]"
multilingual,jpp_64p,fr-number-after-four,15,"[""\u0d23"", ""\ucef9"", "" m\u011b"", ""ness"", ""ocket""]"
multilingual,jpp_64p,fr-number-after-four,22,"[""yum"", "" \u0437\u0432\u0443\u0447\u0430"", ""\u02bb"", ""\u900a"", ""\u0d23""]"
multilingual,jpp_64p,fr-number-after-four,30,"[""lish"", ""uncia"", ""\u0907\u0938\u094d"", ""texttt"", ""iosa""]"
multilingual,jpp_64p,fr-number-after-four,38,"[""**"", ""\u0629"", "" **"", ""\u02bb"", ""texttt""]"
multilingual,jpp_64p,fr-number-after-four,45,"[""**"", "" **"", ""\u0629"", ""\u0627\u0621"", ""\u1ea5c""]"
multilingual,jpp_64p,fr-number-after-four,52,"[""\u4e94"", ""five"", "" five"", ""Five"", "" \u062e\u0645\u0633""]"
multilingual,logit,de-number-after-three,8,"[""<|tool_call>"", ""</span>"", ""le"", "" l"", ""</code>""]"
multilingual,logit,de-number-after-three,15,"["" de"", "" la"", "" \u0432"", ""sa"", "" l""]"
multilingual,logit,de-number-after-three,22,"["" la"", "" l"", "" de"", "" own"", ""est""]"
multilingual,logit,de-number-after-three,30,"["" l"", ""ed"", "" own"", ""ly"", "" it""]"
multilingual,logit,de-number-after-three,38,"[""-"", "" a"", ""L"", ""K"", ""T""]"
multilingual,logit,de-number-after-three,45,"["" l"", "" a"", ""-"", "" either"", "" an""]"
multilingual,logit,de-number-after-three,52,"[""\u56db"", ""Four"", "" Four"", ""four"", "" \u56db""]"
multilingual,jlens_16p,de-number-after-three,8,"[""y"", ""yeri"", ""ness"", ""\u094d\u092f"", ""mett""]"
multilingual,jlens_16p,de-number-after-three,15,"[""\u0420\u0410"", ""UKA"", "" PRP"", "" own"", "" la""]"
multilingual,jlens_16p,de-number-after-three,22,"[""y"", ""ness"", ""yeri"", ""\u094d\u092f"", ""mett""]"
multilingual,jlens_16p,de-number-after-three,30,"["" own"", ""\u6027"", ""ization"", ""zd"", ""\u0647""]"
multilingual,jlens_16p,de-number-after-three,38,"["" own"", ""\u0647\u0627"", ""\u0629"", ""\u0647"", ""ist""]"
multilingual,jlens_16p,de-number-after-three,45,"[""\u0647\u0627"", ""\u0647"", "" **"", ""\u0629"", ""ization""]"
multilingual,jlens_16p,de-number-after-three,52,"["" four"", ""four"", "" quatro"", ""\u56db"", ""Four""]"
multilingual,rlens_16p,de-number-after-three,8,"["" \u0e46"", "" uma"", "" \u091c\u093c\u094d\u092f\u093e\u0926\u093e"", "" \uc2f6"", ""\u06cc\u0648""]"
multilingual,rlens_16p,de-number-after-three,15,"[""\u0646\u064a\u0629"", ""\u042a"", ""Charset"", "" \uadf8\ub798\uc11c"", "" \u0e46""]"
multilingual,rlens_16p,de-number-after-three,22,"[""\u900a"", "" \uad49\uc7a5\ud788"", ""iosa"", ""\ucbe4"", ""\u042a""]"
multilingual,rlens_16p,de-number-after-three,30,"[""\u0907\u0938\u094d"", ""\u900a"", ""iosa"", ""\u02bb"", "" langue""]"
multilingual,rlens_16p,de-number-after-three,38,"[""**"", "" **"", ""C"", "" ANSWER"", ""\u02bb""]"
multilingual,rlens_16p,de-number-after-three,45,"[""S"", "" **"", ""\u0629"", ""\u0647\u0627"", "" either""]"
multilingual,rlens_16p,de-number-after-three,52,"["" four"", ""four"", "" quatro"", ""\u56db"", ""Four""]"
multilingual,rlens_64p,de-number-after-three,8,"["" uma"", "" \u0e46"", "" \u091c\u093c\u094d\u092f\u093e\u0926\u093e"", ""\u06cc"", "" \uc2f6""]"
multilingual,rlens_64p,de-number-after-three,15,"[""\u0646\u064a\u0629"", ""\u042a"", ""Charset"", ""\ucef9"", "" \u091c\u093c\u094d\u092f\u093e\u0926\u093e""]"
multilingual,rlens_64p,de-number-after-three,22,"[""\u900a"", ""\ucbe4"", "" \uad49\uc7a5\ud788"", ""\u042a"", "" \u091c\u093c\u094d\u092f\u093e\u0926\u093e""]"
multilingual,rlens_64p,de-number-after-three,30,"[""\u0907\u0938\u094d"", ""\u02bb"", ""\u0629"", ""\u900a"", ""zie\u0107""]"
multilingual,rlens_64p,de-number-after-three,38,"[""**"", "" **"", ""C"", ""\u02bb"", "" ANSWER""]"
multilingual,rlens_64p,de-number-after-three,45,"[""S"", "" **"", ""\u0629"", ""\u0647\u0627"", "" either""]"
multilingual,rlens_64p,de-number-after-three,52,"["" four"", ""four"", ""\u56db"", ""Four"", ""\u56db\u4e2a""]"
multilingual,jpp_64p,de-number-after-three,8,"[""\u0e35\u0e22"", ""\u0447\u0430"", ""\u064a\u0629"", ""\u0d23"", ""ization""]"
multilingual,jpp_64p,de-number-after-three,15,"[""\u0d23"", ""\uca50"", "" m\u011b"", ""issima"", ""ocket""]"
multilingual,jpp_64p,de-number-after-three,22,"[""\u900a"", ""\u02bb"", ""\u0442\u0430\u044f"", ""yum"", ""uncia""]"
multilingual,jpp_64p,de-number-after-three,30,"[""lish"", ""S"", "" langue"", ""iosa"", ""naya""]"
multilingual,jpp_64p,de-number-after-three,38,"["" la"", ""\u02bb"", ""Language"", ""language"", ""GLISH""]"
multilingual,jpp_64p,de-number-after-three,45,"[""\u0631\u0628\u0639\u0629"", "" la"", "" **"", ""**"", "" \u0c28\u0c3e\u0c32\u0c41\u0c17\u0c41""]"
multilingual,jpp_64p,de-number-after-three,52,"["" four"", ""four"", ""\u56db"", ""Four"", "" cuatro""]"
multilingual,logit,es-number-after-two,8,"[""</span>"", ""<|tool_call>"", ""le"", "" l"", ""</h2>""]"
multilingual,logit,es-number-after-two,15,"["" de"", "" l"", "" \u0432"", ""sa"", "" la""]"
multilingual,logit,es-number-after-two,22,"["" la"", "" l"", "" de"", ""\u043d\u0430"", ""\u4e00\u4e9b""]"
multilingual,logit,es-number-after-two,30,"["" own"", "" l"", ""ly"", ""ed"", "" it""]"
multilingual,logit,es-number-after-two,38,"["" a"", ""-"", ""T"", ""ed"", ""K""]"
multilingual,logit,es-number-after-two,45,"["" a"", "" either"", "" an"", "" what"", "" three""]"
multilingual,logit,es-number-after-two,52,"[""\u4e09"", ""three"", ""Three"", "" Three"", "" three""]"
multilingual,jlens_16p,es-number-after-two,8,"[""y"", ""yeri"", ""ness"", ""\u094d\u092f"", ""mett""]"
multilingual,jlens_16p,es-number-after-two,15,"[""\u0420\u0410"", ""UKA"", "" PRP"", "" own"", "" la""]"
multilingual,jlens_16p,es-number-after-two,22,"[""UKA"", ""\u0420\u0410"", "" PRP"", "" own"", "" la""]"
multilingual,jlens_16p,es-number-after-two,30,"["" own"", ""\u6027"", ""zd"", ""ization"", ""\u0629""]"
multilingual,jlens_16p,es-number-after-two,38,"["" own"", "" uma"", ""\u0629"", ""\u0647\u0627"", ""\u0647""]"
multilingual,jlens_16p,es-number-after-two,45,"[""\u0647\u0627"", "" **"", "" uma"", ""\u0647"", "" ability""]"
multilingual,jlens_16p,es-number-after-two,52,"["" **"", ""three"", "" three"", "" \u062b\u0644\u0627\u062b\u0647"", "" \u0627\u0644\u062b\u0644\u0627\u062b""]"
multilingual,rlens_16p,es-number-after-two,8,"["" \u0e46"", "" \u0623\u064a\u0636\u064b\u0627"", "" \u091c\u093c\u094d\u092f\u093e\u0926\u093e"", ""\u091c\u093c\u093e\u0930"", "" \uc2f6""]"
multilingual,rlens_16p,es-number-after-two,15,"[""\u0646\u064a\u0629"", "" \u0e46"", ""\ucef9"", ""\u042a"", ""\ucbe4""]"
multilingual,rlens_16p,es-number-after-two,22,"[""iosa"", ""\ucbe4"", ""\u900a"", ""\u0907\u0938\u094d"", ""\u042a""]"
multilingual,rlens_16p,es-number-after-two,30,"[""\u0629"", ""\u02bb"", ""\u0907\u0938\u094d"", ""iosa"", ""\u4e2a""]"
multilingual,rlens_16p,es-number-after-two,38,"[""**"", "" **"", ""C"", ""S"", ""*""]"
multilingual,rlens_16p,es-number-after-two,45,"["" **"", ""**"", ""S"", "" either"", ""\u0629""]"
multilingual,rlens_16p,es-number-after-two,52,"[""three"", "" **"", "" three"", ""\u0e2a\u0e32\u0e21"", ""\u4e09\u4e2a""]"
multilingual,rlens_64p,es-number-after-two,8,"["" \u091c\u093c\u094d\u092f\u093e\u0926\u093e"", "" \u0e46"", "" \u0623\u064a\u0636\u064b\u0627"", ""\u06cc"", ""\u091c\u093c\u093e\u0930""]"
multilingual,rlens_64p,es-number-after-two,15,"[""\u0646\u064a\u0629"", ""\ucef9"", "" \u0e46"", ""\u042a"", "" \u091c\u093c\u094d\u092f\u093e\u0926\u093e""]"
multilingual,rlens_64p,es-number-after-two,22,"[""\ucbe4"", ""iosa"", ""\u900a"", "" \u091c\u093c\u094d\u092f\u093e\u0926\u093e"", ""\u042a""]"
multilingual,rlens_64p,es-number-after-two,30,"[""\u0629"", ""\u02bb"", ""\u0907\u0938\u094d"", ""\u4e2a"", ""iosa""]"
multilingual,rlens_64p,es-number-after-two,38,"[""**"", "" **"", ""C"", ""\u0629"", ""/""]"
multilingual,rlens_64p,es-number-after-two,45,"["" **"", ""**"", ""\u0629"", ""S"", "" either""]"
multilingual,rlens_64p,es-number-after-two,52,"[""three"", "" **"", "" three"", ""\u0e2a\u0e32\u0e21"", ""\u4e09\u4e2a""]"
multilingual,jpp_64p,es-number-after-two,8,"[""\u0e35\u0e22"", ""\u0447\u0430"", ""ization"", ""\u0d23"", ""\u064a\u0629""]"
multilingual,jpp_64p,es-number-after-two,15,"[""\u0d23"", ""ness"", ""\u064a\u0629"", ""\uca50"", "" m\u011b""]"
multilingual,jpp_64p,es-number-after-two,22,"[""\u02bb"", ""uncia"", ""\u900a"", ""yum"", ""\u0d23""]"
multilingual,jpp_64p,es-number-after-two,30,"[""s"", ""uncia"", ""\u02bb"", "" or"", ""iosa""]"
multilingual,jpp_64p,es-number-after-two,38,"[""**"", ""\u02bb"", ""\u0629"", "" or"", "" **""]"
multilingual,jpp_64p,es-number-after-two,45,"[""**"", "" **"", ""C"", ""\u02bb"", ""\u0629""]"
multilingual,jpp_64p,es-number-after-two,52,"[""three"", "" three"", ""\u0e2a\u0e32\u0e21"", ""\u4e09"", "" \u0627\u0644\u062b\u0644\u0627\u062b""]"
multilingual,logit,es-time-after-day,8,"[""ad"", ""le"", ""se"", "" de"", "" l""]"
multilingual,logit,es-time-after-day,15,"[""le"", "" de"", "" la"", ""sa"", "" l""]"
multilingual,logit,es-time-after-day,22,"["" de"", "" la"", "" own"", ""sa"", ""inin""]"
multilingual,logit,es-time-after-day,30,"["" own"", "" l"", ""e"", ""and"", ""y""]"
multilingual,logit,es-time-after-day,38,"[""-"", ""ed"", ""C"", ""K"", ""t""]"
multilingual,logit,es-time-after-day,45,"[""ness"", "" overnight"", ""ed"", "" night"", "" subsequently""]"
multilingual,logit,es-time-after-day,52,"[""night"", "" night"", ""Night"", "" \ubc24"", "" la""]"
multilingual,jlens_16p,es-time-after-day,8,"[""y"", ""yeri"", ""ness"", ""\u094d\u092f"", ""mett""]"
multilingual,jlens_16p,es-time-after-day,15,"[""\u0420\u0410"", ""UKA"", "" PRP"", "" own"", "" la""]"
multilingual,jlens_16p,es-time-after-day,22,"[""UKA"", ""\u0420\u0410"", "" PRP"", "" own"", "" la""]"
multilingual,jlens_16p,es-time-after-day,30,"["" own"", "" uma"", ""\u6027"", "" kind"", ""\u0629""]"
multilingual,jlens_16p,es-time-after-day,38,"["" own"", "" uma"", ""\u0629"", ""\u0647\u0627"", ""**""]"
multilingual,jlens_16p,es-time-after-day,45,"["" uma"", ""\u0647\u0627"", "" own"", "" ability"", ""\u0629""]"
multilingual,jlens_16p,es-time-after-day,52,"["" night"", ""night"", "" own"", "" noite"", "" ability""]"
multilingual,rlens_16p,es-time-after-day,8,"[""\u06cc"", "" \u0e46"", "" \u0623\u064a\u0636\u064b\u0627"", ""\u06cc\u0648"", "" \uc2f6""]"
multilingual,rlens_16p,es-time-after-day,15,"[""riture"", ""\u06cc"", "" Macrom"", "" noqa"", ""cedence""]"
multilingual,rlens_16p,es-time-after-day,22,"[""cedence"", ""\u093e\u0908"", ""riture"", ""istique"", ""uncia""]"
multilingual,rlens_16p,es-time-after-day,30,"[""\u0629"", ""\ub098"", ""\u4e00\u4e2a"", ""cedence"", ""/""]"
multilingual,rlens_16p,es-time-after-day,38,"[""**"", "" **"", ""S"", ""\u0629"", ""C""]"
multilingual,rlens_16p,es-time-after-day,45,"[""\u0629"", "" **"", ""\u4e00\u4e2a"", ""S"", ""**""]"
multilingual,rlens_16p,es-time-after-day,52,"["" night"", ""night"", ""Night"", "" \ubc24"", "" Night""]"
multilingual,rlens_64p,es-time-after-day,8,"[""\u06cc"", "" \u0623\u064a\u0636\u064b\u0627"", ""\u06cc\u0648"", "" \u0e46"", "" \uc2f6""]"
multilingual,rlens_64p,es-time-after-day,15,"[""\u06cc"", ""riture"", ""\u1015\u102b\u1010\u101a\u103a"", "" noqa"", "" Macrom""]"
multilingual,rlens_64p,es-time-after-day,22,"[""cedence"", ""\u093e\u0908"", ""\u1015\u102b\u1010\u101a\u103a"", ""riture"", ""istique""]"
multilingual,rlens_64p,es-time-after-day,30,"[""\u0629"", ""/"", ""istique"", ""\u4e00\u4e2a"", ""cedence""]"
multilingual,rlens_64p,es-time-after-day,38,"[""**"", "" **"", ""C"", ""\u0629"", ""S""]"
multilingual,rlens_64p,es-time-after-day,45,"[""\u0629"", "" **"", ""S"", ""\u0647\u0627"", ""\u4e00\u4e2a""]"
multilingual,rlens_64p,es-time-after-day,52,"["" night"", ""night"", ""Night"", "" noite"", "" Night""]"
multilingual,jpp_64p,es-time-after-day,8,"[""\u0447\u0430"", ""\u0d23"", ""\u0e35\u0e22"", ""\u064a\u0629"", ""ization""]"
multilingual,jpp_64p,es-time-after-day,15,"[""\u064a\u0629"", ""\u093f\u092f\u093e"", ""cedence"", "" m\u011b"", ""\uca50""]"
multilingual,jpp_64p,es-time-after-day,22,"[""cedence"", ""arcie"", ""P"", ""ial"", ""uncia""]"
multilingual,jpp_64p,es-time-after-day,30,"[""naya"", ""uncia"", ""C"", ""/"", ""\u0923""]"
multilingual,jpp_64p,es-time-after-day,38,"[""ed"", ""**"", ""\u0629"", "" \u0627\u0645\u0631\u0623\u0629"", ""daughter""]"
multilingual,jpp_64p,es-time-after-day,45,"[""\u0629"", ""**"", "" **"", ""\u0651\u064e\u0629"", ""night""]"
multilingual,jpp_64p,es-time-after-day,52,"[""night"", "" night"", ""Night"", "" noite"", "" Night""]"
multilingual,logit,pt-time-after-night,8,"[""</s>"", ""le"", "" re"", ""ad"", "" l""]"
multilingual,logit,pt-time-after-night,15,"[""le"", "" l"", "" de"", ""sa"", "" la""]"
multilingual,logit,pt-time-after-night,22,"["" de"", "" la"", ""-"", ""le"", ""sa""]"
multilingual,logit,pt-time-after-night,30,"["" own"", "" l"", ""ness"", ""ly"", ""and""]"
multilingual,logit,pt-time-after-night,38,"[""C"", ""-"", ""ed"", ""K"", ""er""]"
multilingual,logit,pt-time-after-night,45,"["" morning"", ""ness"", "" sejumlah"", ""morning"", "" tomorrow""]"
multilingual,logit,pt-time-after-night,52,"["" day"", "" uma"", "" que"", "" Day"", ""day""]"
multilingual,jlens_16p,pt-time-after-night,8,"[""y"", ""yeri"", ""ness"", ""\u094d\u092f"", ""mett""]"
multilingual,jlens_16p,pt-time-after-night,15,"[""\u0420\u0410"", ""UKA"", "" PRP"", "" own"", "" la""]"
multilingual,jlens_16p,pt-time-after-night,22,"[""\u0420\u0410"", ""UKA"", "" PRP"", "" own"", "" la""]"
multilingual,jlens_16p,pt-time-after-night,30,"["" own"", "" uma"", ""\u6027"", "" \uc2f6"", ""\u0629""]"
multilingual,jlens_16p,pt-time-after-night,38,"["" own"", "" uma"", "" \uc2f6"", ""\u0629"", ""**""]"
multilingual,jlens_16p,pt-time-after-night,45,"["" uma"", "" own"", ""\u0647\u0627"", "" rest"", ""\u0647""]"
multilingual,jlens_16p,pt-time-after-night,52,"["" uma"", ""day"", "" rest"", ""\u062a"", ""\u0647\u0627""]"
multilingual,rlens_16p,pt-time-after-night,8,"["" uma"", "" \uc2f6"", ""\u06cc\u0648"", "" \u0623\u064a\u0636\u064b\u0627"", "" \u0e46""]"
multilingual,rlens_16p,pt-time-after-night,15,"["" \uc2f6"", ""\u042a"", "" uma"", ""\u06cc\u0648"", "" sensibility""]"
multilingual,rlens_16p,pt-time-after-night,22,"[""\u093e\u0908"", ""\u042a"", "" sensibility"", ""\u8d77\u6765"", ""\u06cc\u0648""]"
multilingual,rlens_16p,pt-time-after-night,30,"[""\u0629"", "" \uc2f6"", ""\u0627\u0644\u06cc"", ""\u1f40"", ""\u4e0d\u4e86""]"
multilingual,rlens_16p,pt-time-after-night,38,"[""**"", "" **"", ""C"", ""\u0629"", ""S""]"
multilingual,rlens_16p,pt-time-after-night,45,"[""\u0629"", "" either"", "" \u0627\u0644\u0634\u064a\u0621"", "" up"", ""mente""]"
multilingual,rlens_16p,pt-time-after-night,52,"[""day"", "" day"", ""\u0629"", ""Day"", "" daytime""]"
multilingual,rlens_64p,pt-time-after-night,8,"["" uma"", "" \uc2f6"", ""\u06cc\u0648"", "" \u0623\u064a\u0636\u064b\u0627"", ""\u06cc""]"
multilingual,rlens_64p,pt-time-after-night,15,"["" \uc2f6"", "" uma"", ""\u042a"", ""\u0621"", ""\u06cc\u0648""]"
multilingual,rlens_64p,pt-time-after-night,22,"[""\u093e\u0908"", ""\u8d77\u6765"", "" sensibility"", ""\u042a"", ""\u1015\u102b\u1010\u101a\u103a""]"
multilingual,rlens_64p,pt-time-after-night,30,"[""\u0629"", "" \uc2f6"", ""\u1f40"", ""\u0627\u0644\u06cc"", "" up""]"
multilingual,rlens_64p,pt-time-after-night,38,"[""**"", "" **"", ""C"", ""\u0629"", ""S""]"
multilingual,rlens_64p,pt-time-after-night,45,"[""\u0629"", "" \u0627\u0644\u0634\u064a\u0621"", "" either"", "" up"", ""mente""]"
multilingual,rlens_64p,pt-time-after-night,52,"[""day"", ""\u0629"", "" day"", ""Day"", "" daytime""]"
multilingual,jpp_64p,pt-time-after-night,8,"[""\u0ab5\u0ac0"", ""\u8fd9\u4e2a"", ""\u0447\u0430"", ""\u0d23"", "" \u0432\u0441\u0435\u0433\u043e""]"
multilingual,jpp_64p,pt-time-after-night,15,"[""P"", ""\uca50"", ""\u0ab5\u0ac0"", ""oski"", ""ismo""]"
multilingual,jpp_64p,pt-time-after-night,22,"[""P"", ""ial"", ""usiasm"", ""yum"", ""oski""]"
multilingual,jpp_64p,pt-time-after-night,30,"["" \uc2f6"", ""\u0629"", ""C"", ""\u1f40"", ""\u0907\u0938\u094d""]"
multilingual,jpp_64p,pt-time-after-night,38,"[""**"", ""\u0629"", ""oyle"", "" **"", ""elio""]"
multilingual,jpp_64p,pt-time-after-night,45,"[""\u0629"", ""**"", "" \u0635\u0628\u0627\u062d"", "" **"", "" either""]"
multilingual,jpp_64p,pt-time-after-night,52,"[""day"", "" day"", "" daytime"", ""\u0629"", ""Day""]"
multilingual,logit,fr-size-big-small,8,"[""le"", ""</span>"", "" m"", ""ro"", "" s""]"
multilingual,logit,fr-size-big-small,15,"["" de"", "" la"", "" \u0432"", "" l"", ""sa""]"
multilingual,logit,fr-size-big-small,22,"["" l"", "" de"", "" la"", ""\u0ba4\u0bc1"", "" est""]"
multilingual,logit,fr-size-big-small,30,"["" l"", "" own"", ""ly"", ""-"", ""ed""]"
multilingual,logit,fr-size-big-small,38,"[""-"", ""L"", ""T"", ""y"", ""un""]"
multilingual,logit,fr-size-big-small,45,"["" l"", ""-"", ""L"", ""C"", ""T""]"
multilingual,logit,fr-size-big-small,52,"["" l"", ""small"", "" small"", "" \u5c0f"", "" and""]"
multilingual,jlens_16p,fr-size-big-small,8,"[""y"", ""yeri"", ""ness"", ""\u094d\u092f"", ""mett""]"
multilingual,jlens_16p,fr-size-big-small,15,"[""\u0420\u0410"", ""UKA"", "" PRP"", "" own"", "" la""]"
multilingual,jlens_16p,fr-size-big-small,22,"[""\u0420\u0410"", ""UKA"", "" PRP"", "" own"", "" la""]"
multilingual,jlens_16p,fr-size-big-small,30,"["" uma"", "" up"", ""ization"", "" own"", ""\u6027""]"
multilingual,jlens_16p,fr-size-big-small,38,"["" own"", "" up"", "" uma"", ""\u6027"", ""ization""]"
multilingual,jlens_16p,fr-size-big-small,45,"["" own"", "" up"", "" ability"", "" either"", "" **""]"
multilingual,jlens_16p,fr-size-big-small,52,"["" small"", ""small"", "" kecil"", "" nh\u1ecf"", ""Small""]"
multilingual,rlens_16p,fr-size-big-small,8,"["" uma"", ""\u06cc"", "" up"", ""\uc838"", "" noqa""]"
multilingual,rlens_16p,fr-size-big-small,15,"[""\uc838"", ""\u1f45"", "" \uadf8\ub798\uc11c"", "" up"", ""\u042a""]"
multilingual,rlens_16p,fr-size-big-small,22,"[""\ub85c\ub294"", ""\u723d"", "" up"", ""\u1f45"", ""\u900a""]"
multilingual,rlens_16p,fr-size-big-small,30,"["" up"", ""\ub85c\ub294"", "" persone"", "" own"", ""kow""]"
multilingual,rlens_16p,fr-size-big-small,38,"[""S"", "" up"", "" either"", ""\ub3c4"", ""**""]"
multilingual,rlens_16p,fr-size-big-small,45,"["" either"", ""S"", "" **"", ""**"", ""\u0e19\u0e49\u0e2d\u0e22""]"
multilingual,rlens_16p,fr-size-big-small,52,"["" small"", ""small"", "" \u0635\u063a\u064a\u0631"", "" \uc791\uc740"", ""Small""]"
multilingual,rlens_64p,fr-size-big-small,8,"["" uma"", ""\u06cc"", "" up"", "" noqa"", ""\ucef9""]"
multilingual,rlens_64p,fr-size-big-small,15,"[""\ucef9"", ""\uc838"", ""\u1f45"", "" up"", ""\u1015\u102b\u1010\u101a\u103a""]"
multilingual,rlens_64p,fr-size-big-small,22,"[""\ub85c\ub294"", "" up"", ""\u723d"", "" \uadf8\ub798\uc11c"", ""\u01ceng""]"
multilingual,rlens_64p,fr-size-big-small,30,"["" up"", "" own"", "" or"", "" persone"", ""yum""]"
multilingual,rlens_64p,fr-size-big-small,38,"[""S"", "" up"", ""\ub3c4"", ""\u6216\u8005\u662f"", ""**""]"
multilingual,rlens_64p,fr-size-big-small,45,"[""S"", "" either"", "" **"", ""\u0e19\u0e49\u0e2d\u0e22"", ""**""]"
multilingual,rlens_64p,fr-size-big-small,52,"["" small"", ""small"", "" \u0635\u063a\u064a\u0631"", "" \uc791\uc740"", "" petite""]"
multilingual,jpp_64p,fr-size-big-small,8,"[""\u0e35\u0e22"", ""ization"", ""\u0447\u0430"", ""ian"", "" \u0e46""]"
multilingual,jpp_64p,fr-size-big-small,15,"[""estion"", ""jian"", ""\u723d"", ""astian"", ""gian""]"
multilingual,jpp_64p,fr-size-big-small,22,"[""yum"", ""\u723d"", ""estion"", ""toString"", ""passwd""]"
multilingual,jpp_64p,fr-size-big-small,30,"["" own"", "" up"", ""y"", "" or"", ""S""]"
multilingual,jpp_64p,fr-size-big-small,38,"["" or"", ""\ud835\ude28"", "" none"", ""ed"", ""sentence""]"
multilingual,jpp_64p,fr-size-big-small,45,"[""**"", "" **"", ""low"", ""\u0640\u0640\u0640\u0640\u0640\u0640\u0640\u0640"", ""smaller""]"
multilingual,jpp_64p,fr-size-big-small,52,"["" small"", ""small"", "" \u0635\u063a\u064a\u0631"", "" petite"", "" peque\u00f1o""]"
multilingual,logit,de-size-big-small,8,"["" s"", ""</span>"", "" m"", "" l"", ""le""]"
multilingual,logit,de-size-big-small,15,"["" de"", "" la"", "" \u0432"", "" l"", ""sa""]"
multilingual,logit,de-size-big-small,22,"["" l"", "" de"", "" la"", ""\u0ba4\u0bc1"", "" est""]"
multilingual,logit,de-size-big-small,30,"["" l"", "" own"", ""hbox"", ""ly"", ""ed""]"
multilingual,logit,de-size-big-small,38,"[""-"", ""K"", ""y"", ""L"", ""er""]"
multilingual,logit,de-size-big-small,45,"[""-"", "" l"", "" small"", ""small"", "" \u091b\u094b\u091f\u0947""]"
multilingual,logit,de-size-big-small,52,"["" small"", "" kleine"", "" klein"", ""\u5c0f"", ""small""]"
multilingual,jlens_16p,de-size-big-small,8,"[""y"", ""yeri"", ""ness"", ""\u094d\u092f"", ""mett""]"
multilingual,jlens_16p,de-size-big-small,15,"[""UKA"", ""\u0420\u0410"", "" PRP"", "" own"", "" la""]"
multilingual,jlens_16p,de-size-big-small,22,"[""UKA"", ""\u0420\u0410"", "" la"", "" PRP"", ""\u043a\u0438\u043d\u0430""]"
multilingual,jlens_16p,de-size-big-small,30,"["" own"", "" uma"", ""\u6027"", "" up"", ""ization""]"
multilingual,jlens_16p,de-size-big-small,38,"["" own"", "" up"", ""\ub3c4"", ""\u6027"", ""\u0629""]"
multilingual,jlens_16p,de-size-big-small,45,"["" ability"", "" own"", "" either"", "" up"", ""\u0629""]"
multilingual,jlens_16p,de-size-big-small,52,"["" small"", ""small"", "" klein"", "" kecil"", "" nh\u1ecf""]"
multilingual,rlens_16p,de-size-big-small,8,"["" uma"", "" noqa"", ""\u06cc"", ""\u06cc\u0648"", "" \u0e46""]"
multilingual,rlens_16p,de-size-big-small,15,"[""\uc838"", ""zia"", ""\u0646\u064a\u0629"", "" up"", ""\u3063\u3066\u3044\u3066""]"
multilingual,rlens_16p,de-size-big-small,22,"[""\u01ceng"", ""\u900a"", ""\ub85c\ub294"", "" up"", ""\u0646\u064a\u0629""]"
multilingual,rlens_16p,de-size-big-small,30,"["" up"", "" or"", ""kow"", ""z\u0119"", ""\u0441\u0441\u043e""]"
multilingual,rlens_16p,de-size-big-small,38,"[""**"", ""\ub3c4"", ""\u4e0d\u4e86"", "" **"", ""\u0441\u0441\u043e""]"
multilingual,rlens_16p,de-size-big-small,45,"[""\u0627\u062a"", "" either"", ""\u0e19\u0e49\u0e2d\u0e22"", ""S"", ""s""]"
multilingual,rlens_16p,de-size-big-small,52,"["" small"", ""small"", ""\u0e40\u0e25\u0e47\u0e01"", "" nh\u1ecf"", "" \u043c\u0430\u043b\u0435\u043d\u044c""]"
multilingual,rlens_64p,de-size-big-small,8,"["" uma"", ""\u06cc"", "" noqa"", ""\u06cc\u0648"", "" \uc2f6""]"
multilingual,rlens_64p,de-size-big-small,15,"[""zia"", ""\uc838"", ""gue"", ""\u0646\u064a\u0629"", "" uma""]"
multilingual,rlens_64p,de-size-big-small,22,"[""\u01ceng"", "" up"", ""\ub85c\ub294"", ""\u900a"", ""\u042a""]"
multilingual,rlens_64p,de-size-big-small,30,"["" up"", "" or"", ""/"", ""z\u0119"", ""kow""]"
multilingual,rlens_64p,de-size-big-small,38,"[""**"", ""\u4e0d\u4e86"", ""\ub3c4"", ""S"", ""\u0647\u0627""]"
multilingual,rlens_64p,de-size-big-small,45,"[""\u0627\u062a"", ""S"", ""\u0e19\u0e49\u0e2d\u0e22"", ""s"", "" either""]"
multilingual,rlens_64p,de-size-big-small,52,"["" small"", ""small"", ""\u0e40\u0e25\u0e47\u0e01"", "" \u0635\u063a\u064a\u0631"", "" nh\u1ecf""]"
multilingual,jpp_64p,de-size-big-small,8,"[""\u0e35\u0e22"", ""\u6211\u5f88"", ""ia"", "" \u0e46"", ""ian""]"
multilingual,jpp_64p,de-size-big-small,15,"[""estion"", ""zte"", ""izes"", ""istic"", ""zia""]"
multilingual,jpp_64p,de-size-big-small,22,"[""yum"", ""y"", ""\u900a"", ""\u723d"", ""\u0442\u0430\u044f""]"
multilingual,jpp_64p,de-size-big-small,30,"["" or"", "" own"", ""\u01ceng"", ""xxxxxxxx"", ""kow""]"
multilingual,jpp_64p,de-size-big-small,38,"["" or"", "" ANSWER"", ""sentence"", ""ruptedException"", ""\u4e0d\u4e86""]"
multilingual,jpp_64p,de-size-big-small,45,"[""\u0e15\u0e48\u0e33"", ""small"", ""smaller"", ""alone"", ""low""]"
multilingual,jpp_64p,de-size-big-small,52,"[""small"", "" small"", ""\u0e40\u0e25\u0e47\u0e01"", "" klein"", "" nh\u1ecf""]"
multilingual,logit,es-size-big-small,8,"[""le"", "" s"", "" m"", "" re"", "" l""]"
multilingual,logit,es-size-big-small,15,"["" de"", "" la"", "" \u0432"", "" l"", "" est""]"
multilingual,logit,es-size-big-small,22,"["" l"", "" de"", "" la"", ""\u0ba4\u0bc1"", "" est""]"
multilingual,logit,es-size-big-small,30,"["" l"", ""ly"", ""ed"", "" it"", ""and""]"
multilingual,logit,es-size-big-small,38,"[""-"", ""L"", ""T"", ""y"", ""B""]"
multilingual,logit,es-size-big-small,45,"[""-"", ""C"", "" small"", "" and"", ""small""]"
multilingual,logit,es-size-big-small,52,"[""-"", "" and"", "" \uc791\uc740"", "" small"", ""small""]"
multilingual,jlens_16p,es-size-big-small,8,"[""y"", ""yeri"", ""ness"", ""\u094d\u092f"", ""mett""]"
multilingual,jlens_16p,es-size-big-small,15,"[""UKA"", ""\u0420\u0410"", "" PRP"", "" own"", "" la""]"
multilingual,jlens_16p,es-size-big-small,22,"[""UKA"", ""\u0420\u0410"", "" PRP"", "" own"", "" la""]"
multilingual,jlens_16p,es-size-big-small,30,"["" uma"", "" up"", ""ization"", "" own"", ""zd""]"
multilingual,jlens_16p,es-size-big-small,38,"["" own"", "" up"", ""\u6027"", "" uma"", ""\ub3c4""]"
multilingual,jlens_16p,es-size-big-small,45,"["" **"", "" own"", ""**"", "" ability"", "" up""]"
multilingual,jlens_16p,es-size-big-small,52,"["" small"", ""small"", "" kecil"", "" nh\u1ecf"", "" smallest""]"
multilingual,rlens_16p,es-size-big-small,8,"[""\u06cc"", "" uma"", "" \uc2f6"", "" up"", ""\u06cc\u0648""]"
multilingual,rlens_16p,es-size-big-small,15,"[""\uc838"", "" \uadf8\ub798\uc11c"", "" up"", ""\u1f45"", ""\u0441\u044f""]"
multilingual,rlens_16p,es-size-big-small,22,"[""\ub85c\ub294"", "" up"", ""\u900a"", ""iosa"", ""yum""]"
multilingual,rlens_16p,es-size-big-small,30,"["" up"", ""\ub85c\ub294"", ""S"", ""yum"", ""z\u0119""]"
multilingual,rlens_16p,es-size-big-small,38,"[""S"", ""**"", ""\ub3c4"", ""C"", "" **""]"
multilingual,rlens_16p,es-size-big-small,45,"[""S"", "" **"", ""**"", "" either"", ""\u0e19\u0e49\u0e2d\u0e22""]"
multilingual,rlens_16p,es-size-big-small,52,"["" small"", ""small"", "" \uc791\uc740"", "" kecil"", "" \u0635\u063a\u064a\u0631""]"
multilingual,rlens_64p,es-size-big-small,8,"[""\u06cc"", "" uma"", "" \uc2f6"", "" up"", ""\u0441\u044f""]"
multilingual,rlens_64p,es-size-big-small,15,"[""\u0441\u044f"", ""\u06cc"", ""\ucef9"", ""\uc838"", "" \uadf8\ub798\uc11c""]"
multilingual,rlens_64p,es-size-big-small,22,"[""\ub85c\ub294"", "" up"", ""iosa"", ""\u900a"", "" \uadf8\ub798\uc11c""]"
multilingual,rlens_64p,es-size-big-small,30,"["" up"", ""yum"", ""S"", ""\u4e2a"", ""/""]"
multilingual,rlens_64p,es-size-big-small,38,"[""S"", ""**"", ""C"", ""\ub3c4"", ""ed""]"
multilingual,rlens_64p,es-size-big-small,45,"[""S"", "" **"", ""**"", "" either"", ""\u0e19\u0e49\u0e2d\u0e22""]"
multilingual,rlens_64p,es-size-big-small,52,"["" small"", ""small"", "" \uc791\uc740"", "" kecil"", "" \u0635\u063a\u064a\u0631""]"
multilingual,jpp_64p,es-size-big-small,8,"[""ization"", ""\u0e35\u0e22"", ""\u6211\u5f88"", ""\u0447\u0430"", ""ian""]"
multilingual,jpp_64p,es-size-big-small,15,"[""estion"", ""\u0942\u0923"", ""y"", ""ial"", ""\u0441\u044f""]"
multilingual,jpp_64p,es-size-big-small,22,"[""yum"", ""usuarios"", ""iosa"", ""y"", ""ial""]"
multilingual,jpp_64p,es-size-big-small,30,"[""S"", "" up"", ""y"", "" or"", ""yum""]"
multilingual,jpp_64p,es-size-big-small,38,"[""ed"", ""**"", ""P"", ""i\u00e7\u00f5es"", ""L""]"
multilingual,jpp_64p,es-size-big-small,45,"[""**"", "" **"", ""smaller"", ""small"", "" smaller""]"
multilingual,jpp_64p,es-size-big-small,52,"[""small"", "" small"", "" kecil"", "" \uc791\uc740"", ""\u0e40\u0e25\u0e47\u0e01""]"
multilingual,logit,pt-size-big-small,8,"[""le"", ""</span>"", "" m"", "" l"", "" s""]"
multilingual,logit,pt-size-big-small,15,"["" de"", "" la"", "" \u0432"", "" l"", "" est""]"
multilingual,logit,pt-size-big-small,22,"["" de"", "" la"", "" l"", "" est"", "" \u0432""]"
multilingual,logit,pt-size-big-small,30,"["" l"", "" own"", ""-"", ""ed"", ""ly""]"
multilingual,logit,pt-size-big-small,38,"[""-"", ""er"", ""ly"", ""s"", ""y""]"
multilingual,logit,pt-size-big-small,45,"["" small"", ""small"", "" \uc791\uc740"", ""-"", "" nh\u1ecf""]"
multilingual,logit,pt-size-big-small,52,"[""small"", "" \uc791\uc740"", "" small"", "" nh\u1ecf"", "" \u099b\u09cb\u099f""]"
multilingual,jlens_16p,pt-size-big-small,8,"[""y"", ""yeri"", ""ness"", ""\u094d\u092f"", ""mett""]"
multilingual,jlens_16p,pt-size-big-small,15,"[""\u0420\u0410"", ""UKA"", "" PRP"", "" own"", "" la""]"
multilingual,jlens_16p,pt-size-big-small,22,"[""\u0420\u0410"", ""UKA"", "" PRP"", "" own"", "" la""]"
multilingual,jlens_16p,pt-size-big-small,30,"["" uma"", "" own"", "" up"", ""zd"", "" fact""]"
multilingual,jlens_16p,pt-size-big-small,38,"["" own"", "" uma"", "" up"", ""\u0629"", "" fact""]"
multilingual,jlens_16p,pt-size-big-small,45,"["" own"", "" ability"", "" up"", "" uma"", "" rest""]"
multilingual,jlens_16p,pt-size-big-small,52,"["" small"", ""small"", "" kecil"", "" nh\u1ecf"", "" \uc791\uc740""]"
multilingual,rlens_16p,pt-size-big-small,8,"["" \uc2f6"", "" uma"", ""\u06cc"", "" \u0e46"", ""\uc838""]"
multilingual,rlens_16p,pt-size-big-small,15,"[""\uc838"", "" \uc2f6"", ""\u1f45"", "" uma"", "" kinda""]"
multilingual,rlens_16p,pt-size-big-small,22,"["" up"", ""\ub85c\ub294"", ""\u900a"", ""\u8d77\u6765"", "" \uadf8\ub798\uc11c""]"
multilingual,rlens_16p,pt-size-big-small,30,"["" up"", "" \uc2f6"", ""\u900a"", ""\ub85c\ub294"", "" or""]"
multilingual,rlens_16p,pt-size-big-small,38,"[""**"", "" up"", "" either"", ""\u4e0d\u4e86"", "" or""]"
multilingual,rlens_16p,pt-size-big-small,45,"[""\u0e19\u0e49\u0e2d\u0e22"", "" either"", "" smaller"", "" small"", "" up""]"
multilingual,rlens_16p,pt-size-big-small,52,"["" small"", ""small"", "" nh\u1ecf"", "" \uc791\uc740"", "" pequeno""]"
multilingual,rlens_64p,pt-size-big-small,8,"["" uma"", ""\u06cc"", "" \uc2f6"", "" \u0e46"", ""\u06cc\u0648""]"
multilingual,rlens_64p,pt-size-big-small,15,"[""\uc838"", "" uma"", "" \uc2f6"", "" \uadf8\ub798\uc11c"", "" kinda""]"
multilingual,rlens_64p,pt-size-big-small,22,"["" up"", ""\ub85c\ub294"", ""\u900a"", "" \uadf8\ub798\uc11c"", ""\u723d""]"
multilingual,rlens_64p,pt-size-big-small,30,"["" up"", "" \uc2f6"", "" or"", ""\u900a"", ""\u4e2a""]"
multilingual,rlens_64p,pt-size-big-small,38,"[""**"", "" up"", ""\u4e0d\u4e86"", ""\u900a"", "" either""]"
multilingual,rlens_64p,pt-size-big-small,45,"[""\u0e19\u0e49\u0e2d\u0e22"", "" smaller"", "" small"", "" either"", "" up""]"
multilingual,rlens_64p,pt-size-big-small,52,"["" small"", ""small"", "" \uc791\uc740"", "" \u0635\u063a\u064a\u0631"", "" nh\u1ecf""]"
multilingual,jpp_64p,pt-size-big-small,8,"[""ization"", ""\u0e35\u0e22"", "" \u0e46"", ""\u0447\u0430"", ""\u064a\u0629""]"
multilingual,jpp_64p,pt-size-big-small,15,"[""estion"", ""\u00f8"", "" m\u011b"", ""\uc838"", ""izes""]"
multilingual,jpp_64p,pt-size-big-small,22,"[""yum"", ""\u00f8"", ""\u900a"", ""y"", ""\u723d""]"
multilingual,jpp_64p,pt-size-big-small,30,"["" up"", "" or"", ""\u900a"", "" \uc2f6"", "" fact""]"
multilingual,jpp_64p,pt-size-big-small,38,"["" or"", "" none"", ""ed"", "" up"", ""umsuz""]"
multilingual,jpp_64p,pt-size-big-small,45,"[""smaller"", "" smaller"", ""\u0e19\u0e49\u0e2d\u0e22"", "" \u0635\u063a\u064a\u0631"", ""small""]"
multilingual,jpp_64p,pt-size-big-small,52,"["" small"", ""small"", "" \u0635\u063a\u064a\u0631"", "" \uc791\uc740"", "" kecil""]"
multilingual,logit,fr-place-up-down,8,"[""le"", "" s"", "" m"", ""ro"", ""</span>""]"
multilingual,logit,fr-place-up-down,15,"["" de"", "" l"", "" la"", "" \u0432"", ""sa""]"
multilingual,logit,fr-place-up-down,22,"["" la"", "" de"", "" l"", ""\u0ba4\u0bc1"", "" est""]"
multilingual,logit,fr-place-up-down,30,"["" l"", "" own"", ""ly"", ""ed"", ""and""]"
multilingual,logit,fr-place-up-down,38,"[""-"", ""L"", ""T"", ""y"", ""f""]"
multilingual,logit,fr-place-up-down,45,"["" l"", ""-"", ""C"", ""L"", ""0""]"
multilingual,logit,fr-place-up-down,52,"["" l"", "" \ub0ae\uc740"", ""\u4f4e"", ""L"", "" th\u1ea5p""]"
multilingual,jlens_16p,fr-place-up-down,8,"[""y"", ""yeri"", ""ness"", ""\u094d\u092f"", ""mett""]"
multilingual,jlens_16p,fr-place-up-down,15,"[""UKA"", ""\u0420\u0410"", "" PRP"", "" own"", "" la""]"
multilingual,jlens_16p,fr-place-up-down,22,"[""UKA"", ""\u0420\u0410"", "" PRP"", "" own"", "" la""]"
multilingual,jlens_16p,fr-place-up-down,30,"["" uma"", "" up"", ""ization"", "" own"", "" ability""]"
multilingual,jlens_16p,fr-place-up-down,38,"["" own"", "" uma"", "" up"", ""\ub3c4"", ""\u0629""]"
multilingual,jlens_16p,fr-place-up-down,45,"["" **"", "" up"", "" ability"", ""**"", "" own""]"
multilingual,jlens_16p,fr-place-up-down,52,"["" \ub0ae\uc740"", ""\u4f4e\u3044"", "" low"", "" th\u1ea5p"", "" rendah""]"
multilingual,rlens_16p,fr-place-up-down,8,"["" uma"", "" up"", ""\u06cc"", "" noqa"", "" \u0e46""]"
multilingual,rlens_16p,fr-place-up-down,15,"[""\uc838"", ""\u1f45"", ""\u042a"", ""\ucef9"", "" up""]"
multilingual,rlens_16p,fr-place-up-down,22,"[""\u723d"", ""\ub85c\ub294"", ""\u900a"", ""\u1f45"", ""\u01ceng""]"
multilingual,rlens_16p,fr-place-up-down,30,"["" up"", ""ging"", ""S"", "" own"", "" persone""]"
multilingual,rlens_16p,fr-place-up-down,38,"[""S"", ""**"", "" up"", ""\ub3c4"", "" \uac83""]"
multilingual,rlens_16p,fr-place-up-down,45,"[""S"", "" either"", ""\u0e15\u0e48\u0e33"", ""**"", "" \ub0ae\uc740""]"
multilingual,rlens_16p,fr-place-up-down,52,"["" \ub0ae\uc740"", ""\u4f4e\u3044"", "" low"", ""low"", ""\u4f4e""]"
multilingual,rlens_64p,fr-place-up-down,8,"["" uma"", ""\u06cc"", "" up"", "" noqa"", ""\ucef9""]"
multilingual,rlens_64p,fr-place-up-down,15,"[""\ucef9"", ""\uc838"", ""\u1f45"", ""\u042a"", "" up""]"
multilingual,rlens_64p,fr-place-up-down,22,"[""\u723d"", ""\ub85c\ub294"", "" up"", ""\u01ceng"", ""\u1f45""]"
multilingual,rlens_64p,fr-place-up-down,30,"["" up"", "" own"", ""S"", ""ging"", ""/""]"
multilingual,rlens_64p,fr-place-up-down,38,"[""S"", ""**"", ""\ub3c4"", "" up"", ""C""]"
multilingual,rlens_64p,fr-place-up-down,45,"[""S"", ""\u0e15\u0e48\u0e33"", "" either"", "" \ub0ae\uc740"", "" **""]"
multilingual,rlens_64p,fr-place-up-down,52,"["" \ub0ae\uc740"", ""low"", ""\u4f4e\u3044"", "" low"", ""\u4f4e""]"
multilingual,jpp_64p,fr-place-up-down,8,"[""\u0e35\u0e22"", ""ization"", ""\u0447\u0430"", "" \u0e46"", ""ian""]"
multilingual,jpp_64p,fr-place-up-down,15,"[""estion"", ""\u723d"", ""jian"", ""astian"", ""gian""]"
multilingual,jpp_64p,fr-place-up-down,22,"[""\u723d"", ""yum"", ""passwd"", ""estion"", ""gian""]"
multilingual,jpp_64p,fr-place-up-down,30,"["" own"", "" up"", ""S"", ""L"", "" fact""]"
multilingual,jpp_64p,fr-place-up-down,38,"[""L"", "" none"", ""zte"", "" or"", "" italian""]"
multilingual,jpp_64p,fr-place-up-down,45,"[""**"", ""\u0e15\u0e48\u0e33"", ""low"", "" a\u015fa\u011f\u0131"", "" abajo""]"
multilingual,jpp_64p,fr-place-up-down,52,"["" \ub0ae\uc740"", ""low"", ""\u4f4e\u3044"", "" low"", ""\u4f4e""]"
multilingual,logit,de-place-up-down,8,"[""le"", "" s"", "" m"", "" l"", ""</span>""]"
multilingual,logit,de-place-up-down,15,"["" la"", "" de"", "" \u0432"", "" l"", ""sa""]"
multilingual,logit,de-place-up-down,22,"["" de"", "" l"", "" la"", ""\u0ba4\u0bc1"", "" \u0432""]"
multilingual,logit,de-place-up-down,30,"["" l"", "" own"", ""ed"", ""ly"", ""e""]"
multilingual,logit,de-place-up-down,38,"[""-"", ""K"", ""er"", ""y"", "" l""]"
multilingual,logit,de-place-up-down,45,"["" l"", ""-"", "" up"", "" below"", ""bottom""]"
multilingual,logit,de-place-up-down,52,"["" below"", "" unten"", ""bottom"", "" Below"", "" \u0928\u0940\u091a\u0947""]"
multilingual,jlens_16p,de-place-up-down,8,"[""y"", ""yeri"", ""ness"", ""\u094d\u092f"", ""mett""]"
multilingual,jlens_16p,de-place-up-down,15,"[""UKA"", ""\u0420\u0410"", "" PRP"", "" own"", "" la""]"
multilingual,jlens_16p,de-place-up-down,22,"[""UKA"", ""\u0420\u0410"", "" PRP"", "" own"", "" la""]"
multilingual,jlens_16p,de-place-up-down,30,"["" own"", "" uma"", ""\u6027"", "" up"", ""\ub3c4""]"
multilingual,jlens_16p,de-place-up-down,38,"["" own"", ""\u6027"", "" up"", ""\u0629"", "" uma""]"
multilingual,jlens_16p,de-place-up-down,45,"["" rest"", ""\u0647"", "" ability"", "" either"", ""\u0629""]"
multilingual,jlens_16p,de-place-up-down,52,"["" below"", ""below"", "" unten"", "" abajo"", ""\u4e0b\u9762""]"
multilingual,rlens_16p,de-place-up-down,8,"["" uma"", "" noqa"", "" \u0e46"", ""\u06cc"", "" up""]"
multilingual,rlens_16p,de-place-up-down,15,"[""zia"", ""\uc838"", ""\u0646\u064a\u0629"", ""gue"", ""\u3063\u3066\u3044\u3066""]"
multilingual,rlens_16p,de-place-up-down,22,"[""\u01ceng"", ""\u900a"", ""\ub85c\ub294"", ""\u042a"", ""\u723d""]"
multilingual,rlens_16p,de-place-up-down,30,"["" up"", ""/"", ""\u1f40"", ""z\u0119"", ""kow""]"
multilingual,rlens_16p,de-place-up-down,38,"[""S"", ""**"", ""\u4e0d\u4e86"", ""woord"", ""\u00b9.""]"
multilingual,rlens_16p,de-place-up-down,45,"[""S"", ""\u0627\u062a"", "" unten"", "" downstairs"", "" below""]"
multilingual,rlens_16p,de-place-up-down,52,"["" below"", ""below"", "" unten"", ""\u4e0b\u9762"", "" abajo""]"
multilingual,rlens_64p,de-place-up-down,8,"["" uma"", "" noqa"", ""\u06cc"", "" \u0e46"", "" up""]"
multilingual,rlens_64p,de-place-up-down,15,"[""zia"", ""\uc838"", ""gue"", ""\u1015\u102b\u1010\u101a\u103a"", ""\u0646\u064a\u0629""]"
multilingual,rlens_64p,de-place-up-down,22,"[""\u01ceng"", ""\ub85c\ub294"", ""\u042a"", ""\u723d"", ""Charset""]"
multilingual,rlens_64p,de-place-up-down,30,"["" up"", ""/"", ""\u1f40"", ""z\u0119"", "" \u0906\u0923\u093f""]"
multilingual,rlens_64p,de-place-up-down,38,"[""S"", ""\u4e0d\u4e86"", ""toBottomOf"", "" \u0623\u064a\u0636\u064b\u0627"", ""**""]"
multilingual,rlens_64p,de-place-up-down,45,"[""S"", ""\u0627\u062a"", "" unten"", "" abajo"", "" below""]"
multilingual,rlens_64p,de-place-up-down,52,"["" below"", ""below"", "" unten"", ""\u4e0b\u9762"", "" abajo""]"
multilingual,jpp_64p,de-place-up-down,8,"[""\u0e35\u0e22"", ""ia"", "" \u0e46"", ""\u6211\u5f88"", ""ization""]"
multilingual,jpp_64p,de-place-up-down,15,"[""estion"", ""zte"", ""jian"", "" m\u011b"", ""yum""]"
multilingual,jpp_64p,de-place-up-down,22,"[""yum"", ""gue"", ""\u723d"", ""\u0442\u0430\u044f"", ""cedence""]"
multilingual,jpp_64p,de-place-up-down,30,"["" or"", ""sometimes"", ""S"", "" ^"", ""zept""]"
multilingual,jpp_64p,de-place-up-down,38,"["" none"", "" or"", ""none"", "" conversely"", ""anst""]"
multilingual,jpp_64p,de-place-up-down,45,"[""below"", "" below"", "" abajo"", "" a\u015fa\u011f\u0131"", "" downstairs""]"
multilingual,jpp_64p,de-place-up-down,52,"["" below"", ""below"", "" unten"", "" abajo"", "" downstairs""]"
multilingual,logit,es-place-up-down,8,"["" s"", ""le"", "" l"", "" re"", "" m""]"
multilingual,logit,es-place-up-down,15,"["" l"", "" de"", "" \u0432"", "" la"", "" est""]"
multilingual,logit,es-place-up-down,22,"["" la"", "" de"", "" l"", "" \u0432"", "" est""]"
multilingual,logit,es-place-up-down,30,"[""ly"", ""ed"", "" l"", "" it"", "" own""]"
multilingual,logit,es-place-up-down,38,"[""-"", ""L"", ""T"", ""y"", ""K""]"
multilingual,logit,es-place-up-down,45,"[""-"", "" up"", ""y"", "" l"", "" and""]"
multilingual,logit,es-place-up-down,52,"["" below"", "" \u0928\u0940\u091a\u0947"", "" a\u015fa\u011f\u0131"", "" \uc544\ub798"", "" abajo""]"
multilingual,jlens_16p,es-place-up-down,8,"[""y"", ""yeri"", ""ness"", ""\u094d\u092f"", ""mett""]"
multilingual,jlens_16p,es-place-up-down,15,"[""\u0420\u0410"", ""UKA"", "" PRP"", "" own"", "" la""]"
multilingual,jlens_16p,es-place-up-down,22,"[""UKA"", ""\u0420\u0410"", "" PRP"", "" own"", "" la""]"
multilingual,jlens_16p,es-place-up-down,30,"["" uma"", "" own"", ""ization"", "" up"", ""zd""]"
multilingual,jlens_16p,es-place-up-down,38,"["" own"", "" up"", ""ization"", ""ed"", "" uma""]"
multilingual,jlens_16p,es-place-up-down,45,"["" **"", ""**"", "" up"", "" ability"", "" either""]"
multilingual,jlens_16p,es-place-up-down,52,"["" below"", "" abajo"", "" downstairs"", ""below"", "" \u0928\u0940\u091a\u0947""]"
multilingual,rlens_16p,es-place-up-down,8,"[""\u06cc"", "" \uc2f6"", "" up"", "" uma"", "" \u0e46""]"
multilingual,rlens_16p,es-place-up-down,15,"[""\uc838"", "" \uadf8\ub798\uc11c"", "" up"", ""\u1f45"", ""\u0441\u044f""]"
multilingual,rlens_16p,es-place-up-down,22,"[""\ub85c\ub294"", ""iosa"", ""\u900a"", ""\u723d"", "" up""]"
multilingual,rlens_16p,es-place-up-down,30,"["" up"", ""S"", ""\ub85c\ub294"", ""iosa"", ""z\u0119""]"
multilingual,rlens_16p,es-place-up-down,38,"[""S"", ""**"", ""C"", "" up"", "" **""]"
multilingual,rlens_16p,es-place-up-down,45,"[""S"", "" either"", "" **"", ""**"", "" downward""]"
multilingual,rlens_16p,es-place-up-down,52,"["" below"", ""below"", "" abajo"", "" downstairs"", "" \uc544\ub798""]"
multilingual,rlens_64p,es-place-up-down,8,"[""\u06cc"", "" uma"", "" \uc2f6"", "" up"", "" \u091c\u093c\u094d\u092f\u093e\u0926\u093e""]"
multilingual,rlens_64p,es-place-up-down,15,"[""\ucef9"", ""\u0441\u044f"", ""\uc838"", ""\u06cc"", "" up""]"
multilingual,rlens_64p,es-place-up-down,22,"[""\ub85c\ub294"", "" up"", ""iosa"", "" Marcia"", ""Charset""]"
multilingual,rlens_64p,es-place-up-down,30,"["" up"", ""S"", ""/"", ""\ub85c\ub294"", ""z\u0119""]"
multilingual,rlens_64p,es-place-up-down,38,"[""S"", ""**"", ""C"", "" up"", ""ed""]"
multilingual,rlens_64p,es-place-up-down,45,"[""S"", "" **"", ""**"", "" either"", "" downward""]"
multilingual,rlens_64p,es-place-up-down,52,"["" below"", "" abajo"", ""below"", "" downstairs"", "" \uc544\ub798""]"
multilingual,jpp_64p,es-place-up-down,8,"[""\u0e35\u0e22"", ""ization"", ""\u0447\u0430"", ""ian"", "" ea""]"
multilingual,jpp_64p,es-place-up-down,15,"[""estion"", ""\u0942\u0923"", ""ial"", ""y"", ""jian""]"
multilingual,jpp_64p,es-place-up-down,22,"[""yum"", ""\u723d"", ""ial"", ""y"", ""iosa""]"
multilingual,jpp_64p,es-place-up-down,30,"[""S"", ""C"", "" up"", "" ^"", "" or""]"
multilingual,jpp_64p,es-place-up-down,38,"[""ed"", "" none"", ""**"", "" que"", ""anst""]"
multilingual,jpp_64p,es-place-up-down,45,"["" abajo"", "" a\u015fa\u011f\u0131"", "" downward"", ""**"", "" downstairs""]"
multilingual,jpp_64p,es-place-up-down,52,"["" below"", "" abajo"", ""below"", "" downstairs"", "" a\u015fa\u011f\u0131""]"
multilingual,logit,fr-place-near-far,8,"[""le"", ""</span>"", "" m"", "" l"", "" s""]"
multilingual,logit,fr-place-near-far,15,"["" la"", "" de"", "" l"", ""sa"", "" \u0432""]"
multilingual,logit,fr-place-near-far,22,"["" la"", "" de"", "" l"", ""\u0ba4\u0bc1"", "" est""]"
multilingual,logit,fr-place-near-far,30,"["" l"", ""ly"", ""ed"", "" own"", ""and""]"
multilingual,logit,fr-place-near-far,38,"[""-"", ""L"", ""C"", ""f"", ""un""]"
multilingual,logit,fr-place-near-far,45,"["" l"", ""-"", ""C"", ""y"", ""0""]"
multilingual,logit,fr-place-near-far,52,"["" Far"", "" l"", ""far"", ""Far"", "" far""]"
multilingual,jlens_16p,fr-place-near-far,8,"[""y"", ""yeri"", ""ness"", ""\u094d\u092f"", ""mett""]"
multilingual,jlens_16p,fr-place-near-far,15,"[""UKA"", ""\u0420\u0410"", "" PRP"", "" own"", "" la""]"
multilingual,jlens_16p,fr-place-near-far,22,"[""\u0420\u0410"", ""UKA"", "" PRP"", "" own"", "" la""]"
multilingual,jlens_16p,fr-place-near-far,30,"["" uma"", "" up"", ""ization"", "" own"", "" fact""]"
multilingual,jlens_16p,fr-place-near-far,38,"["" own"", "" uma"", "" up"", ""\u0629"", ""ity""]"
multilingual,jlens_16p,fr-place-near-far,45,"["" up"", "" **"", "" of"", "" either"", "" rest""]"
multilingual,jlens_16p,fr-place-near-far,52,"[""\u9060"", "" far"", ""far"", ""\u8fdc"", ""Far""]"
multilingual,rlens_16p,fr-place-near-far,8,"[""\u06cc"", "" uma"", "" up"", ""\uc838"", "" \u0e46""]"
multilingual,rlens_16p,fr-place-near-far,15,"[""\uc838"", ""\u1f45"", "" \uadf8\ub798\uc11c"", ""\u042a"", ""\u3063\u3066\u3044\u3066""]"
multilingual,rlens_16p,fr-place-near-far,22,"[""\u723d"", ""\ub85c\ub294"", ""\u1f45"", ""\u01ceng"", ""\u042a""]"
multilingual,rlens_16p,fr-place-near-far,30,"["" up"", ""\ub85c\ub294"", ""ging"", "" persone"", ""Charset""]"
multilingual,rlens_16p,fr-place-near-far,38,"[""S"", "" up"", ""**"", ""\u6216\u8005\u662f"", "" either""]"
multilingual,rlens_16p,fr-place-near-far,45,"["" either"", ""S"", "" distant"", "" **"", ""**""]"
multilingual,rlens_16p,fr-place-near-far,52,"[""\u9060"", "" far"", ""\u8fdc"", ""far"", "" jauh""]"
multilingual,rlens_64p,fr-place-near-far,8,"[""\u06cc"", "" uma"", "" up"", ""\ucef9"", "" noqa""]"
multilingual,rlens_64p,fr-place-near-far,15,"[""\ucef9"", ""\uc838"", ""\u1f45"", ""\u042a"", "" \uadf8\ub798\uc11c""]"
multilingual,rlens_64p,fr-place-near-far,22,"[""\u723d"", ""\ub85c\ub294"", "" up"", ""\u042a"", ""\u01ceng""]"
multilingual,rlens_64p,fr-place-near-far,30,"["" up"", "" persone"", ""\ub85c\ub294"", ""Charset"", ""ging""]"
multilingual,rlens_64p,fr-place-near-far,38,"[""S"", ""\u6216\u8005\u662f"", "" up"", ""**"", "" \uac83""]"
multilingual,rlens_64p,fr-place-near-far,45,"[""S"", "" either"", "" distant"", "" **"", ""**""]"
multilingual,rlens_64p,fr-place-near-far,52,"[""\u9060"", "" far"", ""\u8fdc"", ""far"", "" jauh""]"
multilingual,jpp_64p,fr-place-near-far,8,"[""\u0e35\u0e22"", ""\u0447\u0430"", ""ization"", ""\u6211\u5f88"", ""ian""]"
multilingual,jpp_64p,fr-place-near-far,15,"[""estion"", ""jian"", ""\u723d"", ""astian"", ""gian""]"
multilingual,jpp_64p,fr-place-near-far,22,"[""\u723d"", ""yum"", ""gian"", ""estion"", ""passwd""]"
multilingual,jpp_64p,fr-place-near-far,30,"["" own"", "" up"", ""S"", ""y"", "" fact""]"
multilingual,jpp_64p,fr-place-near-far,38,"["" none"", ""\ud835\ude28"", "" conversely"", ""quine"", ""\u804b""]"
multilingual,jpp_64p,fr-place-near-far,45,"[""**"", "" distance"", ""distance"", ""\u9060"", "" uzak""]"
multilingual,jpp_64p,fr-place-near-far,52,"[""\u9060"", ""\u8fdc"", "" far"", ""far"", "" jauh""]"
multilingual,logit,de-place-near-far,8,"[""</span>"", "" s"", "" m"", "" l"", ""le""]"
multilingual,logit,de-place-near-far,15,"["" l"", "" de"", "" la"", ""sa"", "" \u0432""]"
multilingual,logit,de-place-near-far,22,"["" de"", "" la"", "" l"", ""\u0ba4\u0bc1"", "" est""]"
multilingual,logit,de-place-near-far,30,"["" l"", "" it"", "" own"", ""ly"", ""hbox""]"
multilingual,logit,de-place-near-far,38,"[""-"", ""K"", ""B"", ""y"", ""er""]"
multilingual,logit,de-place-near-far,45,"["" l"", ""-"", ""C"", ""y"", ""en""]"
multilingual,logit,de-place-near-far,52,"["" far"", ""far"", ""Far"", "" jauh"", "" Far""]"
multilingual,jlens_16p,de-place-near-far,8,"[""y"", ""yeri"", ""ness"", ""\u094d\u092f"", ""mett""]"
multilingual,jlens_16p,de-place-near-far,15,"[""UKA"", ""\u0420\u0410"", "" PRP"", "" own"", "" la""]"
multilingual,jlens_16p,de-place-near-far,22,"[""\u0420\u0410"", ""UKA"", "" PRP"", "" own"", "" la""]"
multilingual,jlens_16p,de-place-near-far,30,"["" own"", "" uma"", "" up"", ""\u6027"", ""ization""]"
multilingual,jlens_16p,de-place-near-far,38,"["" own"", "" uma"", ""\u0629"", "" up"", ""\u6027""]"
multilingual,jlens_16p,de-place-near-far,45,"["" either"", "" up"", "" own"", "" ability"", "" rest""]"
multilingual,jlens_16p,de-place-near-far,52,"["" far"", ""\u9060"", ""far"", ""\u8fdc"", "" distant""]"
multilingual,rlens_16p,de-place-near-far,8,"["" uma"", "" noqa"", "" \u0e46"", "" \uc2f6"", ""\u06cc\u0648""]"
multilingual,rlens_16p,de-place-near-far,15,"[""zia"", ""\uc838"", ""\u0646\u064a\u0629"", ""\u3063\u3066\u3044\u3066"", ""gue""]"
multilingual,rlens_16p,de-place-near-far,22,"[""\u01ceng"", ""\u900a"", ""\ub85c\ub294"", ""\u723d"", ""yum""]"
multilingual,rlens_16p,de-place-near-far,30,"["" up"", ""kow"", "" or"", ""\u1f40"", ""z\u0119""]"
multilingual,rlens_16p,de-place-near-far,38,"[""S"", ""**"", ""\u0647\u0627"", ""\u4e0d\u4e86"", ""operatorname""]"
multilingual,rlens_16p,de-place-near-far,45,"["" either"", ""\u8fdc\u8fdc"", ""\u8fdc"", "" distant"", ""S""]"
multilingual,rlens_16p,de-place-near-far,52,"[""\u8fdc"", ""\u9060"", "" far"", ""far"", "" distant""]"
multilingual,rlens_64p,de-place-near-far,8,"["" uma"", "" noqa"", ""\u06cc"", "" \uc2f6"", ""\u06cc\u0648""]"
multilingual,rlens_64p,de-place-near-far,15,"[""zia"", ""\uc838"", ""\u0646\u064a\u0629"", ""\u042a"", ""gue""]"
multilingual,rlens_64p,de-place-near-far,22,"[""\u01ceng"", ""\ub85c\ub294"", ""\u900a"", ""\u042a"", ""\u723d""]"
multilingual,rlens_64p,de-place-near-far,30,"["" up"", "" or"", ""\u1f40"", ""z\u0119"", ""kow""]"
multilingual,rlens_64p,de-place-near-far,38,"[""S"", ""**"", ""\u4e0d\u4e86"", ""\u0647\u0627"", ""toBottomOf""]"
multilingual,rlens_64p,de-place-near-far,45,"[""S"", ""\u8fdc"", "" either"", ""\u8fdc\u8fdc"", "" distant""]"
multilingual,rlens_64p,de-place-near-far,52,"[""\u9060"", ""\u8fdc"", "" far"", ""far"", "" jauh""]"
multilingual,jpp_64p,de-place-near-far,8,"[""\u0e35\u0e22"", ""ia"", ""ization"", "" \u0e46"", ""\u6211\u5f88""]"
multilingual,jpp_64p,de-place-near-far,15,"[""estion"", ""jian"", ""zia"", ""zte"", ""astian""]"
multilingual,jpp_64p,de-place-near-far,22,"[""yum"", ""y"", ""\u0442\u0430\u044f"", ""\u723d"", ""cedence""]"
multilingual,jpp_64p,de-place-near-far,30,"["" or"", ""i\u0105"", ""sometimes"", ""S"", ""\u01ceng""]"
multilingual,jpp_64p,de-place-near-far,38,"["" or"", "" none"", ""none"", ""ruptedException"", ""anst""]"
multilingual,jpp_64p,de-place-near-far,45,"["" uzak"", ""\u9060"", ""distance"", ""\u8fdc"", "" distance""]"
multilingual,jpp_64p,de-place-near-far,52,"[""\u9060"", ""\u8fdc"", "" far"", ""far"", "" distant""]"
multilingual,logit,es-place-near-far,8,"[""le"", "" s"", "" l"", "" re"", "" m""]"
multilingual,logit,es-place-near-far,15,"["" de"", "" l"", "" la"", "" \u0432"", "" est""]"
multilingual,logit,es-place-near-far,22,"["" de"", "" la"", "" l"", ""\u0ba4\u0bc1"", "" est""]"
multilingual,logit,es-place-near-far,30,"[""ed"", ""ly"", "" l"", "" it"", ""e""]"
multilingual,logit,es-place-near-far,38,"[""-"", ""er"", ""C"", ""ed"", ""y""]"
multilingual,logit,es-place-near-far,45,"[""-"", ""C"", ""y"", ""ed"", "" away""]"
multilingual,logit,es-place-near-far,52,"[""far"", "" Far"", "" \u0926\u0942\u0930"", ""Far"", "" far""]"
multilingual,jlens_16p,es-place-near-far,8,"[""y"", ""yeri"", ""ness"", ""\u094d\u092f"", ""mett""]"
multilingual,jlens_16p,es-place-near-far,15,"[""\u0420\u0410"", ""UKA"", "" PRP"", "" own"", "" la""]"
multilingual,jlens_16p,es-place-near-far,22,"[""\u0420\u0410"", ""UKA"", "" PRP"", "" own"", "" la""]"
multilingual,jlens_16p,es-place-near-far,30,"["" uma"", "" own"", "" up"", ""ization"", ""zd""]"
multilingual,jlens_16p,es-place-near-far,38,"["" own"", "" **"", ""**"", ""ization"", "" fact""]"
multilingual,jlens_16p,es-place-near-far,45,"["" **"", ""**"", "" rest"", "" fact"", "" of""]"
multilingual,jlens_16p,es-place-near-far,52,"[""\u9060"", "" far"", ""far"", ""\u8fdc"", "" distant""]"
multilingual,rlens_16p,es-place-near-far,8,"[""\u06cc"", "" up"", "" \uc2f6"", "" \u0e46"", "" uma""]"
multilingual,rlens_16p,es-place-near-far,15,"[""\uc838"", "" \uadf8\ub798\uc11c"", "" up"", ""\ucef9"", ""\u1f45""]"
multilingual,rlens_16p,es-place-near-far,22,"[""\ub85c\ub294"", "" up"", ""iosa"", ""\u900a"", ""\u723d""]"
multilingual,rlens_16p,es-place-near-far,30,"["" up"", ""\ub85c\ub294"", ""S"", ""\u4e2a"", ""iosa""]"
multilingual,rlens_16p,es-place-near-far,38,"[""**"", "" **"", ""S"", "" either"", ""C""]"
multilingual,rlens_16p,es-place-near-far,45,"[""S"", "" **"", ""**"", "" either"", "" distant""]"
multilingual,rlens_16p,es-place-near-far,52,"[""\u9060"", "" far"", ""\u8fdc"", ""far"", "" \uba40""]"
multilingual,rlens_64p,es-place-near-far,8,"[""\u06cc"", "" \uc2f6"", "" up"", "" uma"", "" \u091c\u093c\u094d\u092f\u093e\u0926\u093e""]"
multilingual,rlens_64p,es-place-near-far,15,"[""\ucef9"", ""\u0441\u044f"", ""\uc838"", "" \uadf8\ub798\uc11c"", "" up""]"
multilingual,rlens_64p,es-place-near-far,22,"[""\ub85c\ub294"", "" up"", ""iosa"", ""\u723d"", "" Marcia""]"
multilingual,rlens_64p,es-place-near-far,30,"["" up"", ""S"", ""\u4e2a"", ""\ub85c\ub294"", ""iosa""]"
multilingual,rlens_64p,es-place-near-far,38,"[""**"", "" **"", ""S"", ""C"", ""textbf""]"
multilingual,rlens_64p,es-place-near-far,45,"[""S"", "" **"", ""**"", "" distant"", "" either""]"
multilingual,rlens_64p,es-place-near-far,52,"[""\u9060"", "" far"", ""\u8fdc"", ""far"", "" jauh""]"
multilingual,jpp_64p,es-place-near-far,8,"[""\u0e35\u0e22"", ""ization"", ""ian"", "" ea"", ""\u0447\u0430""]"
multilingual,jpp_64p,es-place-near-far,15,"[""estion"", ""y"", ""\u0942\u0923"", ""ial"", ""\u0441\u044f""]"
multilingual,jpp_64p,es-place-near-far,22,"[""yum"", ""ial"", ""y"", ""\u723d"", ""iosa""]"
multilingual,jpp_64p,es-place-near-far,30,"[""S"", "" up"", "" or"", ""sometimes"", ""iosa""]"
multilingual,jpp_64p,es-place-near-far,38,"[""**"", "" **"", "" none"", ""C"", "" consonants""]"
multilingual,jpp_64p,es-place-near-far,45,"[""distance"", "" distance"", ""**"", ""\u9060"", "" distant""]"
multilingual,jpp_64p,es-place-near-far,52,"[""\u9060"", ""\u8fdc"", "" far"", ""far"", "" distant""]"
multilingual,logit,pt-place-near-far,8,"[""le"", "" s"", "" m"", "" l"", ""</span>""]"
multilingual,logit,pt-place-near-far,15,"["" l"", "" la"", "" \u0432"", "" de"", "" est""]"
multilingual,logit,pt-place-near-far,22,"["" de"", "" l"", "" la"", "" est"", "" \u0432""]"
multilingual,logit,pt-place-near-far,30,"["" l"", ""-"", ""ed"", ""er"", ""ly""]"
multilingual,logit,pt-place-near-far,38,"[""-"", ""s"", ""er"", ""C"", ""un""]"
multilingual,logit,pt-place-near-far,45,"[""C"", ""\u8fdc"", ""\u9060"", "" distant"", ""distant""]"
multilingual,logit,pt-place-near-far,52,"[""far"", "" Far"", ""Far"", "" jauh"", "" far""]"
multilingual,jlens_16p,pt-place-near-far,8,"[""y"", ""yeri"", ""ness"", ""\u094d\u092f"", ""mett""]"
multilingual,jlens_16p,pt-place-near-far,15,"[""\u0420\u0410"", ""UKA"", "" PRP"", "" own"", "" la""]"
multilingual,jlens_16p,pt-place-near-far,22,"[""\u0420\u0410"", ""UKA"", "" PRP"", "" own"", "" la""]"
multilingual,jlens_16p,pt-place-near-far,30,"["" uma"", "" own"", "" up"", ""\uc694"", ""zd""]"
multilingual,jlens_16p,pt-place-near-far,38,"["" own"", "" uma"", ""\u0629"", "" up"", "" fact""]"
multilingual,jlens_16p,pt-place-near-far,45,"["" own"", "" rest"", "" either"", "" up"", "" ability""]"
multilingual,jlens_16p,pt-place-near-far,52,"["" far"", ""\u9060"", ""far"", ""\u8fdc"", "" jauh""]"
multilingual,rlens_16p,pt-place-near-far,8,"["" \uc2f6"", "" \u0e46"", ""\u06cc"", "" uma"", ""\u06cc\u0648""]"
multilingual,rlens_16p,pt-place-near-far,15,"[""\uc838"", ""\u1f45"", "" \uc2f6"", "" kinda"", ""\u3063\u3066\u3044\u3066""]"
multilingual,rlens_16p,pt-place-near-far,22,"["" up"", ""\ub85c\ub294"", ""\u1f45"", ""\u900a"", ""\u042a""]"
multilingual,rlens_16p,pt-place-near-far,30,"["" up"", "" \uc2f6"", ""\u4e0d\u4e86"", "" or"", ""\ub85c\ub294""]"
multilingual,rlens_16p,pt-place-near-far,38,"[""**"", ""\u0e17\u0e35\u0e48\u0e44\u0e21\u0e48"", ""\u4e0d\u4e86"", "" **"", "" \u0440\u0430\u0441\u0441\u0442\u043e\u044f\u043d\u0438\u0435""]"
multilingual,rlens_16p,pt-place-near-far,45,"["" either"", "" distant"", "" distance"", "" distante"", ""\u8fdc\u8fdc""]"
multilingual,rlens_16p,pt-place-near-far,52,"[""\u9060"", ""\u8fdc"", "" far"", "" jauh"", ""far""]"
multilingual,rlens_64p,pt-place-near-far,8,"["" \uc2f6"", ""\u06cc"", "" uma"", "" \u0e46"", ""\u06cc\u0648""]"
multilingual,rlens_64p,pt-place-near-far,15,"[""\uc838"", "" uma"", ""\u1f45"", "" \uc2f6"", ""\u3063\u3066\u3044\u3066""]"
multilingual,rlens_64p,pt-place-near-far,22,"["" up"", ""\ub85c\ub294"", ""\ucbe4"", ""\u042a"", ""\u723d""]"
multilingual,rlens_64p,pt-place-near-far,30,"["" up"", "" \uc2f6"", "" or"", ""/"", ""none""]"
multilingual,rlens_64p,pt-place-near-far,38,"[""**"", ""\u0e17\u0e35\u0e48\u0e44\u0e21\u0e48"", ""\u4e0d\u4e86"", "" **"", "" \u0440\u0430\u0441\u0441\u0442\u043e\u044f\u043d\u0438\u0435""]"
multilingual,rlens_64p,pt-place-near-far,45,"["" distant"", "" either"", "" distance"", "" distante"", ""distance""]"
multilingual,rlens_64p,pt-place-near-far,52,"[""\u9060"", ""\u8fdc"", "" far"", ""far"", "" jauh""]"
multilingual,jpp_64p,pt-place-near-far,8,"[""\u0e35\u0e22"", ""ization"", "" \u0e46"", ""\u0447\u0430"", ""\u064a\u0629""]"
multilingual,jpp_64p,pt-place-near-far,15,"["" m\u011b"", ""estion"", ""\u00f8"", ""\uc838"", ""izes""]"
multilingual,jpp_64p,pt-place-near-far,22,"[""yum"", ""\u00f8"", ""\u723d"", ""y"", ""gue""]"
multilingual,jpp_64p,pt-place-near-far,30,"["" \uc2f6"", "" or"", "" up"", ""\u900a"", "" contraire""]"
multilingual,jpp_64p,pt-place-near-far,38,"["" none"", ""opposite"", ""none"", "" away"", "" \u0440\u0430\u0441\u0441\u0442\u043e\u044f\u043d\u0438\u0435""]"
multilingual,jpp_64p,pt-place-near-far,45,"["" distance"", ""distance"", ""\u9060"", "" distant"", "" uzak""]"
multilingual,jpp_64p,pt-place-near-far,52,"[""\u9060"", "" far"", ""\u8fdc"", ""far"", "" jauh""]"
multilingual,logit,fr-time-old-young,8,"[""</span>"", "" s"", "" m"", "" l"", ""le""]"
multilingual,logit,fr-time-old-young,15,"["" l"", "" de"", "" \u0432"", "" la"", "" est""]"
multilingual,logit,fr-time-old-young,22,"["" la"", "" de"", "" l"", ""\u0ba4\u0bc1"", "" est""]"
multilingual,logit,fr-time-old-young,30,"["" own"", "" l"", ""ed"", ""er"", ""also""]"
multilingual,logit,fr-time-old-young,38,"[""-"", "" l"", ""s"", ""y"", ""un""]"
multilingual,logit,fr-time-old-young,45,"["" l"", ""-"", ""C"", ""y"", ""L""]"
multilingual,logit,fr-time-old-young,52,"["" l"", "" young"", "" Young"", ""young"", ""Young""]"
multilingual,jlens_16p,fr-time-old-young,8,"[""y"", ""yeri"", ""ness"", ""\u094d\u092f"", ""mett""]"
multilingual,jlens_16p,fr-time-old-young,15,"[""\u0420\u0410"", ""UKA"", "" PRP"", "" own"", "" la""]"
multilingual,jlens_16p,fr-time-old-young,22,"[""\u0420\u0410"", ""UKA"", "" PRP"", "" own"", "" la""]"
multilingual,jlens_16p,fr-time-old-young,30,"["" uma"", "" own"", "" up"", ""ization"", ""zd""]"
multilingual,jlens_16p,fr-time-old-young,38,"["" own"", "" uma"", "" up"", ""\u0629"", "" fact""]"
multilingual,jlens_16p,fr-time-old-young,45,"["" **"", "" own"", "" ability"", ""**"", "" up""]"
multilingual,jlens_16p,fr-time-old-young,52,"[""Young"", "" young"", ""young"", "" Young"", "" \uc80a""]"
multilingual,rlens_16p,fr-time-old-young,8,"["" up"", "" uma"", ""\u06cc"", ""\uc838"", "" noqa""]"
multilingual,rlens_16p,fr-time-old-young,15,"[""\uc838"", ""\u1f45"", "" up"", "" \uadf8\ub798\uc11c"", ""\u042a""]"
multilingual,rlens_16p,fr-time-old-young,22,"[""\ub85c\ub294"", ""\u723d"", "" up"", ""yum"", ""\u0646\u064a\u0629""]"
multilingual,rlens_16p,fr-time-old-young,30,"["" up"", "" or"", ""\ub85c\ub294"", ""\u0441\u0441\u043e"", "" persone""]"
multilingual,rlens_16p,fr-time-old-young,38,"[""**"", "" either"", "" **"", "" or"", ""\u6216\u8005\u662f""]"
multilingual,rlens_16p,fr-time-old-young,45,"["" either"", "" **"", ""**"", "" \u062c\u062f\u064a\u062f"", "" newer""]"
multilingual,rlens_16p,fr-time-old-young,52,"["" young"", ""young"", ""Young"", "" \uc80a"", "" jeune""]"
multilingual,rlens_64p,fr-time-old-young,8,"["" uma"", ""\u06cc"", "" up"", ""\ucef9"", "" noqa""]"
multilingual,rlens_64p,fr-time-old-young,15,"[""\ucef9"", ""\uc838"", "" up"", ""\u042a"", ""\u1f45""]"
multilingual,rlens_64p,fr-time-old-young,22,"[""\ub85c\ub294"", "" up"", ""\u723d"", "" \uadf8\ub798\uc11c"", ""\u01ceng""]"
multilingual,rlens_64p,fr-time-old-young,30,"["" up"", "" or"", ""\ub85c\ub294"", ""\u0441\u0441\u043e"", "" persone""]"
multilingual,rlens_64p,fr-time-old-young,38,"[""**"", "" either"", "" **"", "" or"", ""\u6216\u8005\u662f""]"
multilingual,rlens_64p,fr-time-old-young,45,"[""**"", "" **"", "" either"", "" \u062c\u062f\u064a\u062f"", ""\u043d\u043e\u0432\u043e""]"
multilingual,rlens_64p,fr-time-old-young,52,"[""young"", "" young"", ""Young"", "" \uc80a"", ""\u5e74\u8f7b""]"
multilingual,jpp_64p,fr-time-old-young,8,"[""\u0e35\u0e22"", ""\u0447\u0430"", "" \u0e46"", ""ization"", ""\u092f\u093e""]"
multilingual,jpp_64p,fr-time-old-young,15,"[""estion"", ""jian"", ""astian"", ""\u723d"", ""gian""]"
multilingual,jpp_64p,fr-time-old-young,22,"[""yum"", ""\u723d"", ""y"", ""gian"", ""estion""]"
multilingual,jpp_64p,fr-time-old-young,30,"["" or"", "" up"", "" own"", ""\ub85c\ub294"", ""sometimes""]"
multilingual,jpp_64p,fr-time-old-young,38,"["" or"", "" perempuan"", "" \uc5ec\uc790"", ""\ub140"", "" feminine""]"
multilingual,jpp_64p,fr-time-old-young,45,"[""**"", ""new"", "" **"", ""\u0e43\u0e2b\u0e21\u0e48"", ""young""]"
multilingual,jpp_64p,fr-time-old-young,52,"[""young"", "" young"", ""Young"", "" \uc80a"", "" Young""]"
multilingual,logit,pt-time-old-new,8,"[""le"", "" s"", "" m"", "" l"", ""</span>""]"
multilingual,logit,pt-time-old-new,15,"["" la"", "" l"", "" \u0432"", "" de"", "" est""]"
multilingual,logit,pt-time-old-new,22,"["" de"", "" l"", "" la"", "" est"", "" \u0432""]"
multilingual,logit,pt-time-old-new,30,"["" l"", ""-"", ""er"", "" own"", ""ed""]"
multilingual,logit,pt-time-old-new,38,"[""-"", ""er"", ""s"", ""un"", ""v""]"
multilingual,logit,pt-time-old-new,45,"["" l"", ""young"", ""est"", ""\u65b0"", "" own""]"
multilingual,logit,pt-time-old-new,52,"["" young"", "" Young"", ""young"", ""\u5e74\u8f7b"", ""Young""]"
multilingual,jlens_16p,pt-time-old-new,8,"[""y"", ""yeri"", ""ness"", ""\u094d\u092f"", ""mett""]"
multilingual,jlens_16p,pt-time-old-new,15,"[""\u0420\u0410"", ""UKA"", "" PRP"", "" own"", "" la""]"
multilingual,jlens_16p,pt-time-old-new,22,"[""\u0420\u0410"", ""UKA"", "" PRP"", "" own"", "" la""]"
multilingual,jlens_16p,pt-time-old-new,30,"["" uma"", "" own"", "" up"", ""\uc694"", "" ability""]"
multilingual,jlens_16p,pt-time-old-new,38,"["" own"", "" uma"", "" up"", ""ity"", "" idea""]"
multilingual,jlens_16p,pt-time-old-new,45,"["" own"", "" ability"", "" up"", "" rest"", "" idea""]"
multilingual,jlens_16p,pt-time-old-new,52,"["" young"", ""young"", ""Young"", "" \uc80a"", "" Young""]"
multilingual,rlens_16p,pt-time-old-new,8,"["" \uc2f6"", ""\u06cc"", "" uma"", "" \u0e46"", ""\u06cc\u0648""]"
multilingual,rlens_16p,pt-time-old-new,15,"[""\uc838"", ""\u1f45"", "" \uc2f6"", "" uma"", "" kinda""]"
multilingual,rlens_16p,pt-time-old-new,22,"["" up"", ""\ub85c\ub294"", ""\u900a"", ""\u8d77\u6765"", ""\u1f45""]"
multilingual,rlens_16p,pt-time-old-new,30,"["" up"", "" or"", "" \uc2f6"", ""\ub85c\ub294"", "" \ubb50\uc57c""]"
multilingual,rlens_16p,pt-time-old-new,38,"["" either"", "" up"", "" or"", ""**"", ""\u0e19\u0e49\u0e2d\u0e22""]"
multilingual,rlens_16p,pt-time-old-new,45,"["" \u062c\u062f\u064a\u062f"", "" either"", "" own"", "" \u0627\u0644\u062c\u062f\u064a\u062f"", "" newer""]"
multilingual,rlens_16p,pt-time-old-new,52,"["" young"", ""young"", ""Young"", "" \uc80a"", "" jeune""]"
multilingual,rlens_64p,pt-time-old-new,8,"["" \uc2f6"", "" uma"", ""\u06cc"", "" \u0e46"", ""\u06cc\u0648""]"
multilingual,rlens_64p,pt-time-old-new,15,"["" uma"", ""\uc838"", "" \uc2f6"", ""\u1f45"", "" kinda""]"
multilingual,rlens_64p,pt-time-old-new,22,"["" up"", ""\ub85c\ub294"", ""\u900a"", ""\u8d77\u6765"", ""\u723d""]"
multilingual,rlens_64p,pt-time-old-new,30,"["" up"", "" or"", "" \uc2f6"", ""\u900a"", ""/""]"
multilingual,rlens_64p,pt-time-old-new,38,"["" up"", "" or"", "" either"", ""**"", ""S""]"
multilingual,rlens_64p,pt-time-old-new,45,"["" \u062c\u062f\u064a\u062f"", "" \u0627\u0644\u062c\u062f\u064a\u062f"", "" either"", "" own"", ""\u65b0\u7684""]"
multilingual,rlens_64p,pt-time-old-new,52,"[""young"", "" young"", ""Young"", "" \uc80a"", "" jeune""]"
multilingual,jpp_64p,pt-time-old-new,8,"[""ization"", ""\u0e35\u0e22"", "" \u0e46"", ""\u064a\u0629"", ""\u0447\u0430""]"
multilingual,jpp_64p,pt-time-old-new,15,"[""estion"", ""\u00f8"", "" m\u011b"", ""\uc838"", ""izes""]"
multilingual,jpp_64p,pt-time-old-new,22,"[""yum"", ""\u00f8"", ""\u723d"", ""y"", ""\u900a""]"
multilingual,jpp_64p,pt-time-old-new,30,"["" or"", "" up"", "" own"", "" que"", "" \uc2f6""]"
multilingual,jpp_64p,pt-time-old-new,38,"["" or"", "" none"", "" up"", ""ed"", "" conversely""]"
multilingual,jpp_64p,pt-time-old-new,45,"[""new"", "" \u062c\u062f\u064a\u062f"", ""\u65b0\u3057\u3044"", ""\u65b0"", ""\u65b0\u7684""]"
multilingual,jpp_64p,pt-time-old-new,52,"[""young"", "" young"", ""Young"", "" \uc80a"", "" Young""]"
multilingual,logit,fr-order-first-last,8,"[""le"", ""</span>"", "" m"", ""ro"", "" s""]"
multilingual,logit,fr-order-first-last,15,"["" de"", "" la"", "" \u0432"", "" l"", ""sa""]"
multilingual,logit,fr-order-first-last,22,"["" l"", "" la"", "" de"", ""\u0ba4\u0bc1"", "" est""]"
multilingual,logit,fr-order-first-last,30,"["" l"", ""ly"", ""er"", ""-"", ""ed""]"
multilingual,logit,fr-order-first-last,38,"[""-"", ""er"", ""ing"", "" l"", ""ed""]"
multilingual,logit,fr-order-first-last,45,"[""-"", "" l"", ""C"", "" last"", "" and""]"
multilingual,logit,fr-order-first-last,52,"[""last"", "" l"", ""Last"", "" Last"", "" last""]"
multilingual,jlens_16p,fr-order-first-last,8,"[""y"", ""yeri"", ""ness"", ""\u094d\u092f"", ""mett""]"
multilingual,jlens_16p,fr-order-first-last,15,"[""\u0420\u0410"", ""UKA"", "" PRP"", "" own"", "" la""]"
multilingual,jlens_16p,fr-order-first-last,22,"[""\u0420\u0410"", ""UKA"", "" PRP"", "" own"", "" la""]"
multilingual,jlens_16p,fr-order-first-last,30,"["" uma"", "" up"", "" own"", ""ization"", ""zd""]"
multilingual,jlens_16p,fr-order-first-last,38,"["" own"", "" uma"", "" up"", ""\u0629"", ""\u0647""]"
multilingual,jlens_16p,fr-order-first-last,45,"["" either"", "" rest"", "" own"", "" up"", "" of""]"
multilingual,jlens_16p,fr-order-first-last,52,"["" last"", "" Last"", ""last"", ""Last"", "" \u00faltimo""]"
multilingual,rlens_16p,fr-order-first-last,8,"["" up"", "" uma"", ""\uc838"", ""\u06cc"", "" noqa""]"
multilingual,rlens_16p,fr-order-first-last,15,"[""\uc838"", "" \uadf8\ub798\uc11c"", ""\u1f45"", "" up"", ""\u042a""]"
multilingual,rlens_16p,fr-order-first-last,22,"[""\ub85c\ub294"", ""\u1f45"", "" \uadf8\ub798\uc11c"", ""\u042a"", ""\u03bf\u03c2""]"
multilingual,rlens_16p,fr-order-first-last,30,"["" up"", ""\ub85c\ub294"", ""kow"", ""\u0441\u0441\u043e"", "" or""]"
multilingual,rlens_16p,fr-order-first-last,38,"["" either"", ""**"", ""\u6216\u8005\u662f"", ""S"", "" none""]"
multilingual,rlens_16p,fr-order-first-last,45,"["" either"", "" last"", ""\u6700\u540e\u4e00\u4e2a"", "" terakhir"", ""\u0e2a\u0e38\u0e14\u0e17\u0e49\u0e32\u0e22""]"
multilingual,rlens_16p,fr-order-first-last,52,"[""last"", "" last"", ""Last"", "" \ub9c8\uc9c0\ub9c9"", "" \u00faltimo""]"
multilingual,rlens_64p,fr-order-first-last,8,"["" uma"", ""\u06cc"", "" up"", ""\ucef9"", ""\uc838""]"
multilingual,rlens_64p,fr-order-first-last,15,"[""\ucef9"", ""\uc838"", "" \uadf8\ub798\uc11c"", ""\u1f45"", ""\u042a""]"
multilingual,rlens_64p,fr-order-first-last,22,"[""\ub85c\ub294"", "" up"", ""\u042a"", "" \uadf8\ub798\uc11c"", ""\u723d""]"
multilingual,rlens_64p,fr-order-first-last,30,"["" up"", ""\ub85c\ub294"", "" or"", ""\u043d\u043e\u0441\u0442\u0435\u0439"", ""kow""]"
multilingual,rlens_64p,fr-order-first-last,38,"[""S"", ""\u6216\u8005\u662f"", "" either"", ""none"", "" none""]"
multilingual,rlens_64p,fr-order-first-last,45,"["" either"", ""\u6700\u540e\u4e00\u4e2a"", "" last"", "" terakhir"", ""\u0640\u0640\u0640\u0640\u0640\u0640\u0640\u0640""]"
multilingual,rlens_64p,fr-order-first-last,52,"["" last"", ""last"", ""Last"", "" \ub9c8\uc9c0\ub9c9"", "" Last""]"
multilingual,jpp_64p,fr-order-first-last,8,"[""\u0e35\u0e22"", ""\u0447\u0430"", ""ization"", ""ian"", "" \u0e46""]"
multilingual,jpp_64p,fr-order-first-last,15,"[""estion"", ""gian"", ""astian"", ""jian"", ""\uc838""]"
multilingual,jpp_64p,fr-order-first-last,22,"[""yum"", ""\u723d"", ""estion"", ""ial"", ""gian""]"
multilingual,jpp_64p,fr-order-first-last,30,"[""S"", "" or"", ""\ub85c\ub294"", ""sometimes"", "" own""]"
multilingual,jpp_64p,fr-order-first-last,38,"["" none"", ""none"", "" conversely"", ""\u306a\u3069"", "" \u0442\u043e\u0449\u043e""]"
multilingual,jpp_64p,fr-order-first-last,45,"[""last"", ""\u6700\u540e\u4e00\u4e2a"", "" \u0627\u0644\u0623\u062e\u064a\u0631\u0629"", "" last"", "" cu\u1ed1i""]"
multilingual,jpp_64p,fr-order-first-last,52,"[""last"", "" last"", "" \ub9c8\uc9c0\ub9c9"", ""Last"", "" \u00faltimo""]"
multilingual,logit,de-order-first-last,8,"[""le"", ""</span>"", "" m"", "" l"", "" s""]"
multilingual,logit,de-order-first-last,15,"["" l"", "" de"", "" \u0432"", "" la"", ""sa""]"
multilingual,logit,de-order-first-last,22,"["" de"", "" l"", "" la"", "" est"", ""\u0ba4\u0bc1""]"
multilingual,logit,de-order-first-last,30,"["" l"", ""ly"", ""er"", ""ed"", ""-""]"
multilingual,logit,de-order-first-last,38,"[""-"", "" l"", ""K"", ""er"", ""ed""]"
multilingual,logit,de-order-first-last,45,"[""-"", "" l"", ""C"", "" last"", ""last""]"
multilingual,logit,de-order-first-last,52,"[""Last"", "" last"", "" Last"", "" \u00faltimo"", ""last""]"
multilingual,jlens_16p,de-order-first-last,8,"[""y"", ""yeri"", ""ness"", ""\u094d\u092f"", ""mett""]"
multilingual,jlens_16p,de-order-first-last,15,"[""UKA"", ""\u0420\u0410"", "" PRP"", "" own"", "" la""]"
multilingual,jlens_16p,de-order-first-last,22,"[""UKA"", ""\u0420\u0410"", "" PRP"", "" own"", "" la""]"
multilingual,jlens_16p,de-order-first-last,30,"["" own"", "" uma"", "" up"", ""\u6027"", ""\ub3c4""]"
multilingual,jlens_16p,de-order-first-last,38,"["" own"", "" uma"", ""\u0629"", ""\u0647\u0627"", ""\u6027""]"
multilingual,jlens_16p,de-order-first-last,45,"["" either"", "" rest"", "" own"", "" of"", "" ability""]"
multilingual,jlens_16p,de-order-first-last,52,"["" last"", ""last"", ""Last"", "" Last"", ""\u6700\u540e\u4e00""]"
multilingual,rlens_16p,de-order-first-last,8,"["" uma"", "" \u0e46"", "" noqa"", ""\u06cc"", "" up""]"
multilingual,rlens_16p,de-order-first-last,15,"[""zia"", ""\uc838"", ""\u0646\u064a\u0629"", ""\u1f45"", ""\u3063\u3066\u3044\u3066""]"
multilingual,rlens_16p,de-order-first-last,22,"[""\ub85c\ub294"", ""\u01ceng"", ""yum"", ""\u900a"", ""\u0646\u064a\u0629""]"
multilingual,rlens_16p,de-order-first-last,30,"[""\ub85c\ub294"", ""\u0441\u0441\u043e"", "" up"", ""\u900a"", ""kow""]"
multilingual,rlens_16p,de-order-first-last,38,"[""\u0647\u0627"", ""\u0e17\u0e35\u0e48\u0e44\u0e21\u0e48"", ""none"", "" either"", ""\u4e0d\u4e86""]"
multilingual,rlens_16p,de-order-first-last,45,"[""\u6700\u540e\u4e00"", ""\u0e2a\u0e38\u0e14\u0e17\u0e49\u0e32\u0e22"", "" either"", "" last"", "" terakhir""]"
multilingual,rlens_16p,de-order-first-last,52,"["" last"", ""last"", "" \ub9c8\uc9c0\ub9c9"", ""\u6700\u540e\u4e00"", ""Last""]"
multilingual,rlens_64p,de-order-first-last,8,"["" uma"", ""\u06cc"", "" noqa"", "" \u0e46"", ""\u06cc\u0648""]"
multilingual,rlens_64p,de-order-first-last,15,"[""zia"", ""\uc838"", ""gue"", ""\u0646\u064a\u0629"", ""\u3063\u3066\u3044\u3066""]"
multilingual,rlens_64p,de-order-first-last,22,"[""\ub85c\ub294"", ""\u01ceng"", ""yum"", ""\u042a"", ""\u900a""]"
multilingual,rlens_64p,de-order-first-last,30,"[""none"", "" up"", ""oldCount"", ""\ub85c\ub294"", ""\u0441\u0441\u043e""]"
multilingual,rlens_64p,de-order-first-last,38,"[""none"", ""\u0647\u0627"", ""\u0629"", ""\u0e17\u0e35\u0e48\u0e44\u0e21\u0e48"", ""\u4e0d\u4e86""]"
multilingual,rlens_64p,de-order-first-last,45,"[""\u6700\u540e\u4e00"", ""\u0e2a\u0e38\u0e14\u0e17\u0e49\u0e32\u0e22"", "" terakhir"", "" \u0627\u0644\u0623\u062e\u064a\u0631\u0629"", "" last""]"
multilingual,rlens_64p,de-order-first-last,52,"["" last"", ""last"", "" \ub9c8\uc9c0\ub9c9"", ""\u6700\u540e\u4e00"", ""Last""]"
multilingual,jpp_64p,de-order-first-last,8,"[""\u0e35\u0e22"", ""ia"", ""\u6211\u5f88"", ""ization"", "" \u0e46""]"
multilingual,jpp_64p,de-order-first-last,15,"[""estion"", ""zte"", ""jian"", "" wasnt"", ""zia""]"
multilingual,jpp_64p,de-order-first-last,22,"[""yum"", ""y"", ""gue"", ""\u0442\u0430\u044f"", ""cedence""]"
multilingual,jpp_64p,de-order-first-last,30,"["" que"", "" or"", ""sometimes"", ""\ub85c\ub294"", ""none""]"
multilingual,jpp_64p,de-order-first-last,38,"["" none"", ""none"", "" la"", ""opposite"", "" \u043e\u0442\u043b\u0438\u0447\u0438\u0435""]"
multilingual,jpp_64p,de-order-first-last,45,"[""last"", "" \u0627\u0644\u0623\u062e\u064a\u0631\u0629"", ""\u6700\u540e\u4e00"", ""\u0e2a\u0e38\u0e14\u0e17\u0e49\u0e32\u0e22"", ""\u6700\u540e""]"
multilingual,jpp_64p,de-order-first-last,52,"["" last"", ""last"", "" \ub9c8\uc9c0\ub9c9"", "" terakhir"", ""Last""]"
multilingual,logit,es-order-first-last,8,"["" m"", "" s"", "" l"", "" re"", ""le""]"
multilingual,logit,es-order-first-last,15,"["" l"", "" la"", "" \u0432"", "" de"", "" est""]"
multilingual,logit,es-order-first-last,22,"["" l"", "" la"", "" de"", "" est"", ""\u0ba4\u0bc1""]"
multilingual,logit,es-order-first-last,30,"["" l"", ""-"", ""er"", ""ly"", ""ed""]"
multilingual,logit,es-order-first-last,38,"[""-"", ""ing"", ""ed"", ""er"", ""ly""]"
multilingual,logit,es-order-first-last,45,"[""-"", ""C"", "" first"", "" and"", "" last""]"
multilingual,logit,es-order-first-last,52,"["" last"", ""last"", "" Last"", "" \u00faltimo"", ""Last""]"
multilingual,jlens_16p,es-order-first-last,8,"[""y"", ""yeri"", ""ness"", ""\u094d\u092f"", ""mett""]"
multilingual,jlens_16p,es-order-first-last,15,"[""\u0420\u0410"", ""UKA"", "" PRP"", "" own"", "" la""]"
multilingual,jlens_16p,es-order-first-last,22,"[""UKA"", ""\u0420\u0410"", "" PRP"", "" own"", "" la""]"
multilingual,jlens_16p,es-order-first-last,30,"["" uma"", "" up"", ""zd"", ""\uc694"", "" own""]"
multilingual,jlens_16p,es-order-first-last,38,"["" uma"", "" own"", ""\u0629"", ""\u0647"", "" up""]"
multilingual,jlens_16p,es-order-first-last,45,"["" either"", "" of"", "" rest"", "" ability"", "" up""]"
multilingual,jlens_16p,es-order-first-last,52,"["" last"", ""last"", "" Last"", ""Last"", "" \u00faltimo""]"
multilingual,rlens_16p,es-order-first-last,8,"[""\u06cc"", "" up"", "" \uc2f6"", "" uma"", "" \u0e46""]"
multilingual,rlens_16p,es-order-first-last,15,"[""\uc838"", "" up"", ""\u1f45"", "" \uadf8\ub798\uc11c"", ""\u0441\u044f""]"
multilingual,rlens_16p,es-order-first-last,22,"[""\ub85c\ub294"", ""iosa"", ""\u900a"", "" up"", ""\u723d""]"
multilingual,rlens_16p,es-order-first-last,30,"[""\ub85c\ub294"", ""\u4e0d\u4e86"", "" \uc2f6"", ""\u0441\u0441\u043e"", ""none""]"
multilingual,rlens_16p,es-order-first-last,38,"[""\u0e17\u0e35\u0e48\u0e44\u0e21\u0e48"", ""none"", ""\u4e0d\u4e86"", "" none"", ""\u6216\u8005\u662f""]"
multilingual,rlens_16p,es-order-first-last,45,"["" either"", "" first"", ""\u7684\u7b2c\u4e00"", ""first"", ""\u6700\u540e\u4e00\u4e2a""]"
multilingual,rlens_16p,es-order-first-last,52,"["" last"", ""last"", ""Last"", "" \u00faltimo"", "" Last""]"
multilingual,rlens_64p,es-order-first-last,8,"[""\u06cc"", "" uma"", "" \uc2f6"", "" up"", ""\u0441\u044f""]"
multilingual,rlens_64p,es-order-first-last,15,"[""\ucef9"", ""\u0441\u044f"", ""\u06cc"", ""\uc838"", "" up""]"
multilingual,rlens_64p,es-order-first-last,22,"[""\ub85c\ub294"", "" up"", ""iosa"", ""\ucbe4"", "" \uadf8\ub798\uc11c""]"
multilingual,rlens_64p,es-order-first-last,30,"["" \uc2f6"", ""none"", ""\ub85c\ub294"", "" none"", "" up""]"
multilingual,rlens_64p,es-order-first-last,38,"[""none"", ""\u4e0d\u4e86"", "" none"", ""\u0e17\u0e35\u0e48\u0e44\u0e21\u0e48"", ""\u6216\u8005\u662f""]"
multilingual,rlens_64p,es-order-first-last,45,"["" first"", "" either"", ""first"", ""\u7684\u7b2c\u4e00"", "" \u0627\u0644\u0623\u0648\u0644""]"
multilingual,rlens_64p,es-order-first-last,52,"["" last"", ""last"", ""Last"", "" \u00faltimo"", "" Last""]"
multilingual,jpp_64p,es-order-first-last,8,"[""\u0e35\u0e22"", ""ization"", ""ian"", ""\u6211\u5f88"", "" ea""]"
multilingual,jpp_64p,es-order-first-last,15,"[""estion"", ""\u0942\u0923"", ""y"", ""jian"", ""ial""]"
multilingual,jpp_64p,es-order-first-last,22,"[""yum"", ""ial"", ""y"", ""\u723d"", ""asion""]"
multilingual,jpp_64p,es-order-first-last,30,"[""none"", "" none"", "" \uc2f6"", "" \uc2f6\uc740"", ""sometimes""]"
multilingual,jpp_64p,es-order-first-last,38,"["" none"", ""none"", ""\uc5c6"", "" conversely"", ""\u4e0d\u4e86""]"
multilingual,jpp_64p,es-order-first-last,45,"[""first"", "" first"", "" \u0627\u0644\u0623\u062e\u064a\u0631\u0629"", ""last"", "" \u0627\u0644\u0623\u0648\u0644""]"
multilingual,jpp_64p,es-order-first-last,52,"["" last"", ""last"", "" \u00faltimo"", "" \ub9c8\uc9c0\ub9c9"", ""Last""]"
multilingual,logit,pt-order-first-last,8,"[""le"", "" s"", "" m"", "" l"", ""</span>""]"
multilingual,logit,pt-order-first-last,15,"["" l"", "" la"", "" \u0432"", "" de"", "" est""]"
multilingual,logit,pt-order-first-last,22,"["" la"", "" de"", "" l"", "" est"", "" \u0432""]"
multilingual,logit,pt-order-first-last,30,"["" l"", ""-"", ""ed"", ""er"", ""ly""]"
multilingual,logit,pt-order-first-last,38,"[""-"", ""er"", ""ed"", ""ly"", ""ing""]"
multilingual,logit,pt-order-first-last,45,"[""-"", ""C"", "" last"", ""last"", ""\u6700\u540e\u4e00\u4e2a""]"
multilingual,logit,pt-order-first-last,52,"["" last"", ""last"", "" Last"", "" \u00faltimo"", ""Last""]"
multilingual,jlens_16p,pt-order-first-last,8,"[""y"", ""yeri"", ""ness"", ""\u094d\u092f"", ""mett""]"
multilingual,jlens_16p,pt-order-first-last,15,"[""\u0420\u0410"", ""UKA"", "" PRP"", "" own"", "" la""]"
multilingual,jlens_16p,pt-order-first-last,22,"[""\u0420\u0410"", ""UKA"", "" own"", "" PRP"", "" la""]"
multilingual,jlens_16p,pt-order-first-last,30,"["" uma"", "" own"", "" up"", ""\uc694"", ""zd""]"
multilingual,jlens_16p,pt-order-first-last,38,"["" own"", "" uma"", ""\u0629"", ""\u0647"", "" \uc2f6""]"
multilingual,jlens_16p,pt-order-first-last,45,"["" own"", "" rest"", "" either"", "" ability"", "" uma""]"
multilingual,jlens_16p,pt-order-first-last,52,"["" last"", ""last"", "" Last"", ""Last"", "" \u00faltimo""]"
multilingual,rlens_16p,pt-order-first-last,8,"["" \uc2f6"", ""\u06cc"", "" uma"", "" \u0e46"", ""\u06cc\u0648""]"
multilingual,rlens_16p,pt-order-first-last,15,"[""\uc838"", ""\u1f45"", ""\u042a"", "" \uc2f6"", "" \uadf8\ub798\uc11c""]"
multilingual,rlens_16p,pt-order-first-last,22,"[""\ub85c\ub294"", "" up"", ""\u1f45"", ""\u042a"", ""\u900a""]"
multilingual,rlens_16p,pt-order-first-last,30,"["" \uc2f6"", "" up"", "" \ubb50\uc57c"", ""none"", ""\u4e0d\u4e86""]"
multilingual,rlens_16p,pt-order-first-last,38,"["" either"", ""none"", ""\u6216\u8005\u662f"", ""\u4e0d\u4e86"", "" \uc5c6\uace0""]"
multilingual,rlens_16p,pt-order-first-last,45,"["" last"", "" either"", ""\u6700\u540e\u4e00\u4e2a"", "" first"", ""last""]"
multilingual,rlens_16p,pt-order-first-last,52,"["" last"", ""last"", ""Last"", "" \ub9c8\uc9c0\ub9c9"", "" \u00faltimo""]"
multilingual,rlens_64p,pt-order-first-last,8,"["" \uc2f6"", "" uma"", ""\u06cc"", "" \u0e46"", ""\u06cc\u0648""]"
multilingual,rlens_64p,pt-order-first-last,15,"[""\uc838"", ""\u1f45"", ""\u042a"", "" uma"", "" \uc2f6""]"
multilingual,rlens_64p,pt-order-first-last,22,"[""\ub85c\ub294"", "" up"", ""\ucbe4"", ""\u042a"", ""\u1f45""]"
multilingual,rlens_64p,pt-order-first-last,30,"["" \uc2f6"", "" up"", ""none"", "" or"", "" \ubb50\uc57c""]"
multilingual,rlens_64p,pt-order-first-last,38,"[""none"", ""\u6216\u8005\u662f"", "" \uc5c6\uace0"", ""\u4e0d\u4e86"", "" either""]"
multilingual,rlens_64p,pt-order-first-last,45,"["" last"", ""\u6700\u540e\u4e00\u4e2a"", "" either"", "" first"", "" terakhir""]"
multilingual,rlens_64p,pt-order-first-last,52,"["" last"", ""last"", "" \ub9c8\uc9c0\ub9c9"", ""Last"", "" \u00faltimo""]"
multilingual,jpp_64p,pt-order-first-last,8,"[""\u0e35\u0e22"", ""ization"", ""\u064a\u0629"", "" \u0e46"", ""\u0447\u0430""]"
multilingual,jpp_64p,pt-order-first-last,15,"["" m\u011b"", ""\uc838"", ""\u00f8"", ""estion"", ""izes""]"
multilingual,jpp_64p,pt-order-first-last,22,"[""yum"", ""\u00f8"", ""y"", ""\u723d"", ""gue""]"
multilingual,jpp_64p,pt-order-first-last,30,"[""none"", "" or"", "" \uc2f6"", ""\u900a"", "" \uc2f6\uc740""]"
multilingual,jpp_64p,pt-order-first-last,38,"["" none"", ""none"", "" conversely"", "" or"", ""opposite""]"
multilingual,jpp_64p,pt-order-first-last,45,"[""last"", "" \u0627\u0644\u0623\u062e\u064a\u0631\u0629"", ""first"", ""\u6700\u540e\u4e00\u4e2a"", "" last""]"
multilingual,jpp_64p,pt-order-first-last,52,"["" last"", ""last"", ""Last"", "" \ub9c8\uc9c0\ub9c9"", "" \u00faltimo""]"
multilingual,logit,frn-month-after-jun,8,"[""le"", ""<|tool_call>"", "" l"", "" re"", ""</span>""]"
multilingual,logit,frn-month-after-jun,15,"["" la"", "" l"", "" \u0432"", ""sa"", "" de""]"
multilingual,logit,frn-month-after-jun,22,"["" la"", "" l"", "" de"", "" own"", ""\u043d\u0430""]"
multilingual,logit,frn-month-after-jun,30,"["" l"", ""ly"", ""er"", ""and"", ""\u0e43\u0e2b""]"
multilingual,logit,frn-month-after-jun,38,"[""-"", "" a"", ""T"", ""K"", ""y""]"
multilingual,logit,frn-month-after-jun,45,"["" l"", "" a"", ""ness"", "" an"", ""-""]"
multilingual,logit,frn-month-after-jun,52,"["" l"", "" July"", ""July"", "" August"", "" September""]"
multilingual,jlens_16p,frn-month-after-jun,8,"[""y"", ""yeri"", ""ness"", ""\u094d\u092f"", ""mett""]"
multilingual,jlens_16p,frn-month-after-jun,15,"[""\u0420\u0410"", ""UKA"", "" PRP"", "" own"", "" la""]"
multilingual,jlens_16p,frn-month-after-jun,22,"[""UKA"", ""\u0420\u0410"", "" la"", ""\u043a\u0438\u043d\u0430"", ""\u0627\u0631\u0643""]"
multilingual,jlens_16p,frn-month-after-jun,30,"["" own"", ""\u6027"", ""\u0629"", "" \uc2f6"", ""ization""]"
multilingual,jlens_16p,frn-month-after-jun,38,"["" own"", "" uma"", ""\u0629"", ""\u0647\u0627"", ""\u0647""]"
multilingual,jlens_16p,frn-month-after-jun,45,"[""\u0647\u0627"", "" **"", ""\u0647"", ""\u0629"", "" ability""]"
multilingual,jlens_16p,frn-month-after-jun,52,"["" **"", "" July"", ""ization"", "" August"", ""ist""]"
multilingual,rlens_16p,frn-month-after-jun,8,"[""\ucef9"", "" up"", ""\u0646\u064a\u0629"", ""Charset"", ""\u103d\u101a\u103a""]"
multilingual,rlens_16p,frn-month-after-jun,15,"[""\ucef9"", "" \uadf8\ub798\uc11c"", ""\u0646\u064a\u0629"", ""Charset"", ""\u042a""]"
multilingual,rlens_16p,frn-month-after-jun,22,"[""Charset"", ""\u900a"", ""\u042a"", ""\u093e\u0908"", "" \uadf8\ub798\uc11c""]"
multilingual,rlens_16p,frn-month-after-jun,30,"[""\u0629"", ""\u0907\u0938\u094d"", ""\uc778\uc9c0"", ""\u900a"", ""epage""]"
multilingual,rlens_16p,frn-month-after-jun,38,"[""**"", "" **"", ""\u0629"", ""S"", ""C""]"
multilingual,rlens_16p,frn-month-after-jun,45,"["" **"", "" either"", ""S"", ""**"", ""\u0629""]"
multilingual,rlens_16p,frn-month-after-jun,52,"["" **"", "" August"", "" July"", "" agosto"", ""S""]"
multilingual,rlens_64p,frn-month-after-jun,8,"[""\ucef9"", "" up"", "" \u091c\u093c\u094d\u092f\u093e\u0926\u093e"", ""\u0646\u064a\u0629"", ""thys""]"
multilingual,rlens_64p,frn-month-after-jun,15,"[""\ucef9"", ""Charset"", "" \uadf8\ub798\uc11c"", ""\u0646\u064a\u0629"", ""\u042a""]"
multilingual,rlens_64p,frn-month-after-jun,22,"[""Charset"", ""\u042a"", ""\u900a"", ""\ucef9"", "" \uadf8\ub798\uc11c""]"
multilingual,rlens_64p,frn-month-after-jun,30,"[""\u0629"", ""\u0907\u0938\u094d"", ""epage"", ""\u02bb"", ""zie\u0107""]"
multilingual,rlens_64p,frn-month-after-jun,38,"[""**"", "" **"", ""\u0629"", ""C"", ""S""]"
multilingual,rlens_64p,frn-month-after-jun,45,"["" **"", "" either"", ""\u0629"", ""**"", ""S""]"
multilingual,rlens_64p,frn-month-after-jun,52,"["" **"", "" August"", "" July"", "" agosto"", ""S""]"
multilingual,jpp_64p,frn-month-after-jun,8,"[""\u0e35\u0e22"", ""\u0d23"", ""\u0447\u0430"", "" ea"", "" \uadf8\ub7ec\uba74""]"
multilingual,jpp_64p,frn-month-after-jun,15,"[""ocket"", ""\u0d23"", ""\uca50"", ""\ucef9"", ""ness""]"
multilingual,jpp_64p,frn-month-after-jun,22,"[""ocket"", ""P"", ""\u900a"", ""\u0d23"", ""yum""]"
multilingual,jpp_64p,frn-month-after-jun,30,"[""S"", ""i\u0105"", ""lish"", ""\u0907\u0938\u094d"", ""naya""]"
multilingual,jpp_64p,frn-month-after-jun,38,"[""**"", ""\u0629"", "" **"", ""\u02bb"", "" ANSWER""]"
multilingual,jpp_64p,frn-month-after-jun,45,"["" **"", ""**"", ""\u0629"", "" either"", "" la""]"
multilingual,jpp_64p,frn-month-after-jun,52,"["" July"", "" August"", "" **"", "" agosto"", ""July""]"
typo,logit,typo-language,8,"[""</tr>"", ""</span>"", ""</li>"", "" l"", ""<unused53>""]"
typo,logit,typo-language,15,"[""C"", ""S"", ""\ub054"", ""\u3088\u3046\u306a"", ""ene""]"
typo,logit,typo-language,22,"[""S"", ""C"", ""ation"", ""ene"", ""\u0627\u062a\u0647\u0627""]"
typo,logit,typo-language,30,"["" own"", ""-"", "" l"", ""ed"", ""er""]"
typo,logit,typo-language,38,"[""-"", "" and"", "" l"", ""C"", "" a""]"
typo,logit,typo-language,45,"["" a"", "" l"", ""ing"", "" an"", "" and""]"
typo,logit,typo-language,52,"[""S"", ""ing"", ""\u8bed\u8a00"", "" language"", ""\u8a00\u8a9e""]"
typo,jlens_16p,typo-language,8,"[""y"", ""yeri"", ""ness"", ""\u094d\u092f"", ""mett""]"
typo,jlens_16p,typo-language,15,"[""UKA"", ""\u0420\u0410"", "" PRP"", "" la"", "" Kiya""]"
typo,jlens_16p,typo-language,22,"[""\u0420\u0410"", ""UKA"", "" PRP"", "" own"", "" la""]"
typo,jlens_16p,typo-language,30,"["" own"", ""\u6027"", ""mente"", "" up"", "" single""]"
typo,jlens_16p,typo-language,38,"["" own"", "" up"", ""\ub3c4"", ""\u6027"", ""iewicz""]"
typo,jlens_16p,typo-language,45,"["" own"", "" up"", "" able"", "" kind"", ""\u0dd2\u0db1\u0dca""]"
typo,jlens_16p,typo-language,52,"[""ness"", ""ed"", "" language"", "" Language"", ""language""]"
typo,rlens_16p,typo-language,8,"["" own"", ""auge"", ""ue"", "" ae"", ""gue""]"
typo,rlens_16p,typo-language,15,"["" own"", "" l"", ""ue"", "" colours"", "" same""]"
typo,rlens_16p,typo-language,22,"["" own"", "" l"", "" same"", ""ue"", "" language""]"
typo,rlens_16p,typo-language,30,"["" own"", "" same"", "" and"", ""\u807d"", "" language""]"
typo,rlens_16p,typo-language,38,"["" or"", "" and"", "" de"", ""L"", "" own""]"
typo,rlens_16p,typo-language,45,"[""S"", "" own"", "" either"", ""anguage"", "" and""]"
typo,rlens_16p,typo-language,52,"["" language"", ""language"", ""Language"", "" Language"", "" langue""]"
typo,rlens_64p,typo-language,8,"[""auge"", "" own"", ""ue"", "" ae"", ""gue""]"
typo,rlens_64p,typo-language,15,"["" own"", "" l"", ""ue"", "" same"", ""auge""]"
typo,rlens_64p,typo-language,22,"["" own"", "" l"", "" same"", ""ue"", "" la""]"
typo,rlens_64p,typo-language,30,"["" own"", "" same"", "" and"", ""\u807d"", "" or""]"
typo,rlens_64p,typo-language,38,"["" or"", "" and"", "" own"", "" de"", ""/""]"
typo,rlens_64p,typo-language,45,"[""S"", "" own"", "" either"", "" and"", ""s""]"
typo,rlens_64p,typo-language,52,"["" language"", ""language"", ""Language"", "" Language"", "" langue""]"
typo,jpp_64p,typo-language,8,"["" own"", ""ange"", ""age"", ""au"", ""aj""]"
typo,jpp_64p,typo-language,15,"["" own"", ""auge"", "" language"", "" same"", "" l""]"
typo,jpp_64p,typo-language,22,"["" own"", "" same"", "" language"", "" l"", ""auge""]"
typo,jpp_64p,typo-language,30,"["" own"", "" same"", "" language"", ""/"", "" taught""]"
typo,jpp_64p,typo-language,38,"["" or"", ""e"", ""FALSE"", ""anguage"", "" Language""]"
typo,jpp_64p,typo-language,45,"[""e"", ""language"", ""anguage"", "" langue"", ""ed""]"
typo,jpp_64p,typo-language,52,"["" language"", ""language"", "" langue"", ""anguage"", ""Language""]"
typo,logit,typo-government,8,"[""end"", ""</li>"", ""ata"", ""\u0627\u0646"", ""</th>""]"
typo,logit,typo-government,15,"[""\u3082\u306e"", ""ou"", ""\u4e86\u4e24"", ""S"", ""\u3088\u3046\u306a""]"
typo,logit,typo-government,22,"[""S"", ""C"", ""ene"", ""\u3088\u3046\u306a"", ""ou""]"
typo,logit,typo-government,30,"["" own"", ""ed"", ""-"", "" l"", ""er""]"
typo,logit,typo-government,38,"[""C"", ""-"", "" l"", "" a"", "" and""]"
typo,logit,typo-government,45,"["" a"", "" l"", "" an"", ""ed"", ""y""]"
typo,logit,typo-government,52,"[""ing"", "" l"", ""\u653f\u5e9c"", ""-"", "" government""]"
typo,jlens_16p,typo-government,8,"[""y"", ""yeri"", ""ness"", ""\u094d\u092f"", ""mett""]"
typo,jlens_16p,typo-government,15,"[""UKA"", ""\u0420\u0410"", "" PRP"", "" la"", "" \u0432\u0441\u044f""]"
typo,jlens_16p,typo-government,22,"[""\u0420\u0410"", ""UKA"", "" PRP"", "" own"", "" la""]"
typo,jlens_16p,typo-government,30,"["" own"", ""mente"", ""\u6027"", ""ization"", "" up""]"
typo,jlens_16p,typo-government,38,"["" own"", ""\u0629"", ""ary"", "" uma"", ""al""]"
typo,jlens_16p,typo-government,45,"["" own"", ""ary"", ""\u0629"", ""\u4e00\u4e2a"", ""al""]"
typo,jlens_16p,typo-government,52,"[""ness"", "" government"", ""gov"", "" \u653f\u5e9c"", ""government""]"
typo,rlens_16p,typo-government,8,"[""T"", ""ament"", ""\uff10"", ""issent"", ""ary""]"
typo,rlens_16p,typo-government,15,"["" la"", ""T"", ""ament"", "" government"", "" \u653f\u5e9c""]"
typo,rlens_16p,typo-government,22,"["" la"", "" government"", "" \u653f\u5e9c"", "" l"", "" \u0e19\u0e32\u0e22""]"
typo,rlens_16p,typo-government,30,"[""<sup>"", ""\uff11"", ""<i>"", "" egypt"", "" \u653f\u5e9c""]"
typo,rlens_16p,typo-government,38,"[""<sup>"", ""both"", ""\ub6a4"", ""\u9519\u8bef\u7684"", "" \u0627\u0644\u0639\u0631\u0628\u064a""]"
typo,rlens_16p,typo-government,45,"[""\u653f\u5e9c"", "" \uc815\ubd80"", ""S"", "" \u653f\u5e9c"", "" government""]"
typo,rlens_16p,typo-government,52,"["" government"", ""gov"", ""government"", ""Government"", ""\u653f\u5e9c""]"
typo,rlens_64p,typo-government,8,"[""T"", ""ament"", ""ary"", ""issent"", ""\ud15f""]"
typo,rlens_64p,typo-government,15,"["" la"", ""T"", ""uel"", "" government"", "" \u653f\u5e9c""]"
typo,rlens_64p,typo-government,22,"["" la"", "" l"", "" government"", "" \u653f\u5e9c"", ""uel""]"
typo,rlens_64p,typo-government,30,"[""<sup>"", ""\uff11"", "" egypt"", ""\u0441\u0442\u0432\u043e"", ""<i>""]"
typo,rlens_64p,typo-government,38,"[""both"", ""\ub6a4"", ""<sup>"", ""\u9519\u8bef\u7684"", "" \u0627\u0644\u0639\u0631\u0628\u064a""]"
typo,rlens_64p,typo-government,45,"[""\u653f\u5e9c"", "" \u653f\u5e9c"", "" \uc815\ubd80"", ""S"", "" government""]"
typo,rlens_64p,typo-government,52,"["" government"", ""gov"", ""government"", ""Government"", ""\u653f\u5e9c""]"
typo,jpp_64p,typo-government,8,"[""ment"", ""\uac8c\uc784"", ""event"", "" government"", ""ament""]"
typo,jpp_64p,typo-government,15,"["" government"", ""ament"", ""\u653f\u5e9c"", "" pemerintah"", ""government""]"
typo,jpp_64p,typo-government,22,"["" government"", "" pemerintah"", ""\u653f\u5e9c"", "" la"", ""ament""]"
typo,jpp_64p,typo-government,30,"["" government"", "" egypt"", ""\u0e31\u0e10"", ""\u653f\u5e9c"", ""\u0645\u0646\u0679""]"
typo,jpp_64p,typo-government,38,"["" \u0433\u0440\u0430\u043c\u043e"", ""both"", ""ServerError"", ""\ub6a4"", ""\uff17""]"
typo,jpp_64p,typo-government,45,"[""\u653f\u5e9c"", "" \uc815\ubd80"", ""government"", ""govt"", "" government""]"
typo,jpp_64p,typo-government,52,"["" government"", ""gov"", "" govt"", ""Gov"", ""Government""]"
typo,logit,typo-across,8,"[""ed"", ""<tool|>"", "" \u0939\u0948"", ""ode"", ""<unused53>""]"
typo,logit,typo-across,15,"[""\u4e00\u4e2a"", "" \u0928\u0939\u0940\u0902"", ""\u094d\u092f\u0942"", "" \u0925\u0940"", "" poss""]"
typo,logit,typo-across,22,"[""\u7a0b\u5ea6\u306e"", ""\u3088\u3046\u306a"", ""\u7a0b\u5ea6"", "" \u0431\u044b\u0442\u044c"", ""\u09bf\u09a8\u09cd\u09a6\u09c1""]"
typo,logit,typo-across,30,"["" l"", ""-"", ""ed"", ""er"", ""s""]"
typo,logit,typo-across,38,"[""-"", ""T"", ""C"", ""L"", "" l""]"
typo,logit,typo-across,45,"["" l"", "" a"", ""-"", ""C"", ""T""]"
typo,logit,typo-across,52,"["" l"", ""-"", "" across"", "" room"", ""Across""]"
typo,jlens_16p,typo-across,8,"[""y"", ""yeri"", ""ness"", ""\u094d\u092f"", ""mett""]"
typo,jlens_16p,typo-across,15,"[""UKA"", ""\u0420\u0410"", "" PRP"", "" own"", "" la""]"
typo,jlens_16p,typo-across,22,"[""UKA"", ""\u0420\u0410"", "" PRP"", "" own"", "" la""]"
typo,jlens_16p,typo-across,30,"["" own"", ""y"", ""iostream"", ""lication"", ""ity""]"
typo,jlens_16p,typo-across,38,"["" own"", ""ity"", ""\u0629"", ""iostream"", ""lication""]"
typo,jlens_16p,typo-across,45,"[""\u0647\u0627"", ""\u0629"", ""\u0637"", "" kind"", "" of""]"
typo,jlens_16p,typo-across,52,"["" across"", ""ness"", "" the"", "" Across"", "" crossing""]"
typo,rlens_16p,typo-across,8,"[""\u0628\u064a\u0642"", "" Bess"", ""\uc6b0"", ""\u4e00\u9762"", "" \u062f\u06cc\u06a9\u06be\u0627""]"
typo,rlens_16p,typo-across,15,"[""\u4e00\u9762"", ""\u0628\u064a\u0642"", "" across"", ""\u5f7c\u6b64"", "" a""]"
typo,rlens_16p,typo-across,22,"[""\u4e00\u9762"", ""\u0628\u064a\u0642"", "" across"", ""\u5f7c\u6b64"", ""alon""]"
typo,rlens_16p,typo-across,30,"[""\u4e00\u9762"", ""\u0628\u064a\u0642"", ""</i>"", ""\u064a\u0637"", ""\u5f7c\u6b64""]"
typo,rlens_16p,typo-across,38,"[""\u7684\u4e24"", ""\u4e00\u9762"", ""^"", "" \uc798\ubabb"", ""C""]"
typo,rlens_16p,typo-across,45,"[""\u0629"", "" across"", ""across"", "" own"", "" the""]"
typo,rlens_16p,typo-across,52,"["" across"", ""across"", "" Across"", "" cross"", "" room""]"
typo,rlens_64p,typo-across,8,"[""\u0628\u064a\u0642"", "" Bess"", ""\uc6b0"", "" impecc"", ""ANG""]"
typo,rlens_64p,typo-across,15,"[""\u0628\u064a\u0642"", ""\u4e00\u9762"", "" across"", ""\u5f7c\u6b64"", "" v\u00e4ldigt""]"
typo,rlens_64p,typo-across,22,"[""\u0628\u064a\u0642"", ""\u4e00\u9762"", "" across"", ""\u5f7c\u6b64"", ""alon""]"
typo,rlens_64p,typo-across,30,"[""\u4e00\u9762"", ""</i>"", ""\u0628\u064a\u0642"", ""\u5f7c\u6b64"", ""\u064a\u0637""]"
typo,rlens_64p,typo-across,38,"[""\u7684\u4e24"", ""\u4e00\u9762"", ""C"", ""^"", "" \uc798\ubabb""]"
typo,rlens_64p,typo-across,45,"["" across"", ""\u0629"", ""across"", "" the"", ""\u65ad\u9762""]"
typo,rlens_64p,typo-across,52,"["" across"", ""across"", "" Across"", "" cross"", "" crossing""]"
typo,jpp_64p,typo-across,8,"["" across"", ""across"", ""ass"", ""ss"", ""\u0101o""]"
typo,jpp_64p,typo-across,15,"["" across"", ""across"", ""front"", ""\u0101o"", ""pace""]"
typo,jpp_64p,typo-across,22,"["" across"", ""across"", ""front"", "" crossing"", ""pace""]"
typo,jpp_64p,typo-across,30,"[""\u4e00\u9762"", ""C"", "" across"", ""\u5f7c\u6b64"", ""\u611f\u7684""]"
typo,jpp_64p,typo-across,38,"[""Backspace"", "" Across"", "" \u0623\u0631\u0636"", ""\u4e00\u9762"", ""\uc587""]"
typo,jpp_64p,typo-across,45,"[""</u>"", "" across"", ""cross"", ""CROSS"", ""**""]"
typo,jpp_64p,typo-across,52,"["" across"", "" cross"", "" crossing"", ""CROSS"", ""cross""]"
typo,logit,typo-address,8,"[""</td>"", ""</h3>"", ""es"", ""ed"", ""en""]"
typo,logit,typo-address,15,"[""ed"", ""T"", ""C"", ""\u064a"", ""S""]"
typo,logit,typo-address,22,"[""S"", ""C"", ""ed"", ""\u0637"", "" l""]"
typo,logit,typo-address,30,"["" l"", ""-"", "" own"", ""er"", ""ed""]"
typo,logit,typo-address,38,"["" l"", ""-"", "" and"", ""T"", "" a""]"
typo,logit,typo-address,45,"["" l"", "" a"", "" address"", ""ed"", ""-""]"
typo,logit,typo-address,52,"["" address"", "" addresses"", ""address"", "" Address"", ""Address""]"
typo,jlens_16p,typo-address,8,"[""y"", ""yeri"", ""ness"", ""\u094d\u092f"", ""mett""]"
typo,jlens_16p,typo-address,15,"[""\u0420\u0410"", ""UKA"", "" PRP"", "" own"", "" la""]"
typo,jlens_16p,typo-address,22,"[""UKA"", ""\u0420\u0410"", "" own"", "" PRP"", "" la""]"
typo,jlens_16p,typo-address,30,"["" own"", "" up"", ""\u6027"", ""rian"", ""ity""]"
typo,jlens_16p,typo-address,38,"["" own"", "" up"", ""\ub3c4"", ""iewicz"", ""\u00f3rio""]"
typo,jlens_16p,typo-address,45,"["" own"", ""\u0629"", ""\u0647\u0627"", ""\u0637"", ""\u0647""]"
typo,jlens_16p,typo-address,52,"["" address"", ""adress"", "" adress"", ""address"", ""Address""]"
typo,rlens_16p,typo-address,8,"["" adress"", "" \uc5d0\uc11c"", "" buss"", "" Cress"", ""adress""]"
typo,rlens_16p,typo-address,15,"["" \uc5d0\uc11c"", "" adress"", "" de"", ""Adress"", "" and""]"
typo,rlens_16p,typo-address,22,"[""Adress"", "" adress"", "" \u0e16\u0e19\u0e19"", ""adress"", "" \uc5d0\uc11c""]"
typo,rlens_16p,typo-address,30,"[""kunft"", "" adress"", ""\ucd0c"", ""\u529e\u516c"", ""\u3051\u307e\u3059""]"
typo,rlens_16p,typo-address,38,"["" domicilio"", "" \u0d38\u0d4d\u0d25\u0d32"", "" adress"", ""\u4f4f\u6240"", "" currently""]"
typo,rlens_16p,typo-address,45,"["" address"", "" adress"", ""Address"", ""\u4f4f\u6240"", "" domicilio""]"
typo,rlens_16p,typo-address,52,"["" address"", ""Address"", "" adress"", ""address"", "" Address""]"
typo,rlens_64p,typo-address,8,"["" adress"", "" \uc5d0\uc11c"", "" buss"", ""adress"", ""Adress""]"
typo,rlens_64p,typo-address,15,"["" \uc5d0\uc11c"", "" adress"", "" de"", ""Adress"", "" la""]"
typo,rlens_64p,typo-address,22,"["" adress"", ""Adress"", "" \uc5d0\uc11c"", ""adress"", "" buss""]"
typo,rlens_64p,typo-address,30,"[""kunft"", "" adress"", ""\ucd0c"", ""\u3051\u307e\u3059"", ""\u529e\u516c""]"
typo,rlens_64p,typo-address,38,"["" adress"", "" \u0d38\u0d4d\u0d25\u0d32"", "" domicilio"", ""kunft"", ""\u4f4f\u6240""]"
typo,rlens_64p,typo-address,45,"["" address"", "" adress"", ""Address"", ""\u4f4f\u6240"", ""Adress""]"
typo,rlens_64p,typo-address,52,"["" address"", ""Address"", "" adress"", "" Address"", ""address""]"
typo,jpp_64p,typo-address,8,"[""est"", ""address"", ""ress"", ""\u88e1"", ""\u021be""]"
typo,jpp_64p,typo-address,15,"[""adress"", "" adress"", ""ress"", "" t\u1eafm"", "" \u0905\u0927""]"
typo,jpp_64p,typo-address,22,"[""adress"", "" adress"", ""ress"", ""\u30c3\u30b7\u30f3\u30b0"", "" address""]"
typo,jpp_64p,typo-address,30,"["" adress"", ""kunft"", ""\u4f4f\u6240"", ""\u5730\u5740"", ""\u30d3\u30f3\u30b0""]"
typo,jpp_64p,typo-address,38,"[""Adress"", "" Adresse"", ""\u4f4f\u6240"", "" adress"", "" Address""]"
typo,jpp_64p,typo-address,45,"["" address"", ""address"", "" adress"", ""Address"", ""Adress""]"
typo,jpp_64p,typo-address,52,"["" address"", ""Address"", ""address"", "" ADDRESS"", "" adress""]"
typo,logit,typo-until,8,"[""ou"", ""</s>"", "" l"", ""om"", ""</code>""]"
typo,logit,typo-until,15,"["" l"", ""ten"", ""\u0e22\u0e31\u0e07"", "" meningkat"", "" m\u1ed9t""]"
typo,logit,typo-until,22,"["" l"", ""e"", ""\u0432\u0441\u044f"", ""\u547c\u3070"", "" saya""]"
typo,logit,typo-until,30,"["" own"", "" l"", ""ed"", ""er"", ""e""]"
typo,logit,typo-until,38,"[""-"", ""L"", ""C"", "" and"", ""T""]"
typo,logit,typo-until,45,"["" a"", "" l"", "" an"", ""ing"", "" until""]"
typo,logit,typo-until,52,"[""-"", ""e"", "" until"", ""until"", ""Until""]"
typo,jlens_16p,typo-until,8,"[""y"", ""yeri"", ""ness"", ""\u094d\u092f"", ""mett""]"
typo,jlens_16p,typo-until,15,"[""UKA"", ""\u0420\u0410"", "" PRP"", "" own"", "" la""]"
typo,jlens_16p,typo-until,22,"[""UKA"", ""\u0420\u0410"", "" own"", "" PRP"", "" la""]"
typo,jlens_16p,typo-until,30,"["" own"", ""\u6027"", "" up"", "" single"", "" even""]"
typo,jlens_16p,typo-until,38,"["" own"", "" uma"", ""\u6027"", ""\u064a"", "" up""]"
typo,jlens_16p,typo-until,45,"["" own"", "" uma"", ""\u6027"", ""\u0647\u0627"", "" even""]"
typo,jlens_16p,typo-until,52,"["" even"", ""ness"", "" until"", ""until"", "" tomorrow""]"
typo,rlens_16p,typo-until,8,"["" de"", ""L"", ""\u00ef"", ""dd"", ""aff""]"
typo,rlens_16p,typo-until,15,"["" de"", "" until"", "" l"", "" la"", ""until""]"
typo,rlens_16p,typo-until,22,"["" until"", ""\u5230"", ""until"", "" l"", "" \u0e1e\u0e2d""]"
typo,rlens_16p,typo-until,30,"[""L"", ""\u5230"", ""aff"", ""until"", ""qq""]"
typo,rlens_16p,typo-until,38,"[""\u0649"", ""\u0637\u064a"", "" thursday"", ""\u0e21\u0e32\u0e01\u0e46"", ""qq""]"
typo,rlens_16p,typo-until,45,"["" either"", ""s"", "" thursday"", ""ness"", "" until""]"
typo,rlens_16p,typo-until,52,"["" until"", ""until"", "" tomorrow"", ""Until"", "" Until""]"
typo,rlens_64p,typo-until,8,"[""L"", ""\u00ef"", "" de"", ""dd"", ""aff""]"
typo,rlens_64p,typo-until,15,"["" l"", "" la"", "" until"", "" de"", ""\u5230""]"
typo,rlens_64p,typo-until,22,"[""\u5230"", "" until"", "" l"", ""until"", "" la""]"
typo,rlens_64p,typo-until,30,"[""\u5230"", ""L"", ""aff"", ""qq"", ""xFF""]"
typo,rlens_64p,typo-until,38,"[""\u0649"", ""\u0637\u064a"", ""qq"", ""s"", ""\u306a\u3041""]"
typo,rlens_64p,typo-until,45,"[""s"", "" either"", ""\u5230"", "" thursday"", "" until""]"
typo,rlens_64p,typo-until,52,"["" until"", ""until"", "" tomorrow"", ""Until"", "" Until""]"
typo,jpp_64p,typo-until,8,"[""until"", "" until"", "" till"", ""ill"", ""tilde""]"
typo,jpp_64p,typo-until,15,"[""until"", "" until"", "" till"", ""\u5230"", "" \u0924\u0915""]"
typo,jpp_64p,typo-until,22,"["" until"", ""until"", ""\u5230"", "" till"", "" \u0924\u0915""]"
typo,jpp_64p,typo-until,30,"[""L"", ""until"", ""\u5230"", ""C"", ""still""]"
typo,jpp_64p,typo-until,38,"[""ed"", ""\u30c3\u30c1"", "" tt"", "" Until"", ""Until""]"
typo,jpp_64p,typo-until,45,"[""until"", "" until"", ""ometime"", "" tomorrow"", ""Until""]"
typo,jpp_64p,typo-until,52,"[""until"", "" until"", ""ill"", "" tomorrow"", "" Till""]"
typo,logit,typo-people,8,"[""if"", "" l"", ""un"", "" The"", ""ing""]"
typo,logit,typo-people,15,"["" You"", "" l"", ""ene"", "" m\u1ed9t"", ""ing""]"
typo,logit,typo-people,22,"["" l"", ""ene"", "" \ub098\uba38\uc9c0"", "" Automatically"", "" lainnya""]"
typo,logit,typo-people,30,"[""-"", "" own"", "" l"", ""ed"", ""er""]"
typo,logit,typo-people,38,"[""C"", ""-"", ""L"", "" and"", ""T""]"
typo,logit,typo-people,45,"["" l"", "" a"", ""ly"", ""s"", ""-""]"
typo,logit,typo-people,52,"[""people"", ""People"", ""S"", "" People"", ""T""]"
typo,jlens_16p,typo-people,8,"[""y"", ""yeri"", ""ness"", ""\u094d\u092f"", ""mett""]"
typo,jlens_16p,typo-people,15,"[""UKA"", ""\u0420\u0410"", "" PRP"", "" own"", "" la""]"
typo,jlens_16p,typo-people,22,"[""UKA"", ""\u0420\u0410"", "" PRP"", "" own"", "" la""]"
typo,jlens_16p,typo-people,30,"["" own"", ""\u6027"", ""mente"", "" idea"", "" single""]"
typo,jlens_16p,typo-people,38,"["" own"", ""\u6027"", "" idea"", "" uma"", ""\ub3c4""]"
typo,jlens_16p,typo-people,45,"["" th\u1ec3"", ""\u6027"", "" own"", ""\u0629"", ""\u0647\u0627""]"
typo,jlens_16p,typo-people,52,"[""people"", "" people"", ""ness"", ""People"", "" \u0932\u094b\u0917""]"
typo,rlens_16p,typo-people,8,"[""iful"", "" \uac14\ub2e4"", "" fibres"", "" centres"", "" arou""]"
typo,rlens_16p,typo-people,15,"[""iful"", "" fibres"", "" people"", "" \uac14\ub2e4"", "" own""]"
typo,rlens_16p,typo-people,22,"["" own"", "" people"", ""they"", ""mselves"", "" they""]"
typo,rlens_16p,typo-people,30,"["" own"", ""they"", ""<strong>"", ""mselves"", ""iful""]"
typo,rlens_16p,typo-people,38,"[""they"", ""<strong>"", ""\u304f\u3061\u3083"", ""mselves"", "" they""]"
typo,rlens_16p,typo-people,45,"[""mselves"", "" \u062a\u06be\u06d2\u06d4"", ""\u00b9."", ""were"", "" \u06c1\u06cc\u06ba\u06d4""]"
typo,rlens_16p,typo-people,52,"[""people"", "" people"", ""People"", "" \u0932\u094b\u0917"", "" People""]"
typo,rlens_64p,typo-people,8,"[""iful"", "" \uac14\ub2e4"", "" g\u00f6r\u00fc"", "" arou"", "" jewellery""]"
typo,rlens_64p,typo-people,15,"[""iful"", "" \uac14\ub2e4"", "" own"", ""mselves"", ""they""]"
typo,rlens_64p,typo-people,22,"["" own"", ""they"", "" same"", ""mselves"", ""iful""]"
typo,rlens_64p,typo-people,30,"["" own"", ""they"", ""mselves"", ""<strong>"", ""iful""]"
typo,rlens_64p,typo-people,38,"[""they"", ""mselves"", ""<strong>"", ""\u304f\u3061\u3083"", "" theyre""]"
typo,rlens_64p,typo-people,45,"[""mselves"", "" \u062a\u06be\u06d2\u06d4"", ""were"", ""\u00b9."", ""\u4e5f\u90fd""]"
typo,rlens_64p,typo-people,52,"[""people"", ""People"", "" people"", "" People"", "" \u0932\u094b\u0917""]"
typo,jpp_64p,typo-people,8,"[""pe"", ""people"", "" people"", ""P"", "" peu""]"
typo,jpp_64p,typo-people,15,"[""eple"", "" people"", ""people"", "" peuple"", ""ple""]"
typo,jpp_64p,typo-people,22,"["" people"", ""eple"", "" own"", ""people"", ""iful""]"
typo,jpp_64p,typo-people,30,"["" own"", ""they"", ""iful"", ""scp"", ""\u4eba\u90fd""]"
typo,jpp_64p,typo-people,38,"[""they"", ""e"", ""ed"", ""\u304f\u3061\u3083"", ""uddled""]"
typo,jpp_64p,typo-people,45,"["" \uadf8\ub9ac\uace0"", ""\u00b9."", ""</i>"", ""<b>"", ""\ub85c""]"
typo,jpp_64p,typo-people,52,"[""people"", ""People"", "" people"", "" People"", "" peuple""]"
typo,logit,typo-something,8,"[""</strong>"", ""in"", "" d"", ""ing"", ""</td>""]"
typo,logit,typo-something,15,"["" l"", ""ina"", ""-"", ""ing"", ""ene""]"
typo,logit,typo-something,22,"["" l"", ""ina"", ""-"", "" uma"", ""ing""]"
typo,logit,typo-something,30,"["" own"", ""ed"", ""er"", ""-"", "" l""]"
typo,logit,typo-something,38,"[""-"", ""C"", ""ed"", "" but"", ""er""]"
typo,logit,typo-something,45,"["" l"", "" a"", ""ing"", ""ed"", ""-""]"
typo,logit,typo-something,52,"[""S"", "" la"", ""Something"", ""some"", ""\u0e1a\u0e32\u0e07""]"
typo,jlens_16p,typo-something,8,"[""y"", ""yeri"", ""ness"", ""\u094d\u092f"", ""mett""]"
typo,jlens_16p,typo-something,15,"[""\u0420\u0410"", ""UKA"", "" PRP"", "" la"", "" own""]"
typo,jlens_16p,typo-something,22,"[""UKA"", ""\u0420\u0410"", "" PRP"", "" own"", "" la""]"
typo,jlens_16p,typo-something,30,"["" own"", ""\u6027"", "" up"", ""mente"", "" or""]"
typo,jlens_16p,typo-something,38,"["" own"", ""ity"", ""\uc694"", "" \uc2f6"", ""\ub3c4""]"
typo,jlens_16p,typo-something,45,"["" own"", "" up"", "" \uc2f6"", ""\u6027"", "" \uc2f6\uc740""]"
typo,jlens_16p,typo-something,52,"["" something"", ""something"", ""ed"", ""ness"", ""\u120d\u1362""]"
typo,rlens_16p,typo-something,8,"["" a"", "" ^"", "" que"", "" and"", "" de""]"
typo,rlens_16p,typo-something,15,"["" a"", "" and"", "" de"", "" que"", "" something""]"
typo,rlens_16p,typo-something,22,"["" a"", "" and"", "" something"", "" la"", "" que""]"
typo,rlens_16p,typo-something,30,"["" and"", ""\uc529"", "" something"", ""\u1275"", "" or""]"
typo,rlens_16p,typo-something,38,"["" or"", "" and"", "" something"", ""C"", ""\u00b9.""]"
typo,rlens_16p,typo-something,45,"["" and"", "" or"", ""\u120d\u1362"", ""\u00b9."", "" else""]"
typo,rlens_16p,typo-something,52,"[""something"", "" something"", ""\u120d\u1362"", ""Something"", "" and""]"
typo,rlens_64p,typo-something,8,"["" ^"", "" a"", "" que"", "" la"", "" and""]"
typo,rlens_64p,typo-something,15,"["" a"", "" and"", "" que"", "" la"", "" something""]"
typo,rlens_64p,typo-something,22,"["" a"", "" something"", "" and"", "" la"", "" que""]"
typo,rlens_64p,typo-something,30,"["" and"", "" or"", ""\uc529"", ""\u1275"", "" something""]"
typo,rlens_64p,typo-something,38,"["" or"", "" and"", ""C"", ""\uc694"", "" something""]"
typo,rlens_64p,typo-something,45,"["" and"", "" or"", ""\u120d\u1362"", ""C"", "" but""]"
typo,rlens_64p,typo-something,52,"["" something"", ""something"", ""Something"", ""\u120d\u1362"", "" and""]"
typo,jpp_64p,typo-something,8,"[""thing"", ""same"", ""something"", "" thing"", "" something""]"
typo,jpp_64p,typo-something,15,"[""something"", ""same"", "" something"", ""some"", ""thing""]"
typo,jpp_64p,typo-something,22,"[""something"", ""same"", "" something"", ""\u4e9b"", ""some""]"
typo,jpp_64p,typo-something,30,"["" something"", ""something"", ""\uc694"", "" same"", ""\u4e9b""]"
typo,jpp_64p,typo-something,38,"["" or"", "" Somewhere"", ""ed"", "" Wordsworth"", "" \u0433\u0440\u0430\u043c\u043e""]"
typo,jpp_64p,typo-something,45,"[""C"", ""something"", "" and"", "" else"", ""*""]"
typo,jpp_64p,typo-something,52,"[""something"", "" something"", ""Something"", ""C"", "" but""]"
typo,logit,typo-business,8,"[""est"", ""if"", ""end"", ""ia"", ""ation""]"
typo,logit,typo-business,15,"[""est"", ""S"", ""C"", ""B"", ""\u0627\u062a\u0647\u0627""]"
typo,logit,typo-business,22,"[""S"", ""B"", ""C"", ""est"", ""ers""]"
typo,logit,typo-business,30,"[""-"", "" l"", ""er"", ""ing"", ""ed""]"
typo,logit,typo-business,38,"[""-"", "" and"", "" l"", ""er"", ""y""]"
typo,logit,typo-business,45,"["" l"", "" a"", ""y"", ""-"", ""ing""]"
typo,logit,typo-business,52,"["" l"", ""ing"", "" \u0935\u094d\u092f\u0935\u0938\u093e"", ""\u0e18\u0e38\u0e23\u0e01\u0e34\u0e08"", "" businesses""]"
typo,jlens_16p,typo-business,8,"[""y"", ""yeri"", ""ness"", ""\u094d\u092f"", ""mett""]"
typo,jlens_16p,typo-business,15,"[""\u0420\u0410"", ""UKA"", "" la"", "" PRP"", "" Kiya""]"
typo,jlens_16p,typo-business,22,"[""\u0420\u0410"", ""UKA"", "" own"", "" PRP"", "" la""]"
typo,jlens_16p,typo-business,30,"["" own"", ""\u6027"", ""ness"", "" up"", "" or""]"
typo,jlens_16p,typo-business,38,"["" own"", ""ity"", "" up"", ""ized"", "" or""]"
typo,jlens_16p,typo-business,45,"[""\u0629"", ""\u0647\u0627"", ""\u0626\u06cc\u06ba\u06d4"", "" ability"", ""\uc0ac\uc5c5""]"
typo,jlens_16p,typo-business,52,"[""ness"", ""business"", "" business"", ""Business"", "" Business""]"
typo,rlens_16p,typo-business,8,"[""hip"", ""\ub2c8\uc2a4"", "" a"", ""\u306b\u3068\u3063\u3066\u306f"", ""\u0441\u0442\u0440\u043e\u0439\u0441\u0442\u0432\u043e""]"
typo,rlens_16p,typo-business,15,"["" a"", ""hip"", ""\uc0ac\uc5c5"", ""\ub2c8\uc2a4"", "" digitalWrite""]"
typo,rlens_16p,typo-business,22,"["" la"", "" a"", ""hip"", "" entrepreneur"", "" business""]"
typo,rlens_16p,typo-business,30,"[""ness"", ""\uc5c5"", "" \uc601\uc5c5"", ""\uc0ac\uc5c5"", "" entrepreneur""]"
typo,rlens_16p,typo-business,38,"[""ness"", "" entrepreneur"", ""\u521b\u4e1a"", ""\u0e18\u0e38\u0e23\u0e01\u0e34\u0e08"", ""\u1004\u1014\u103a\u1038""]"
typo,rlens_16p,typo-business,45,"[""\u0e18\u0e38\u0e23\u0e01\u0e34\u0e08"", ""ness"", ""business"", "" \uc0ac\uc5c5"", "" negocio""]"
typo,rlens_16p,typo-business,52,"[""\u0e18\u0e38\u0e23\u0e01\u0e34\u0e08"", ""business"", ""Business"", "" business"", "" \uc0ac\uc5c5""]"
typo,rlens_64p,typo-business,8,"[""\ub2c8\uc2a4"", ""hip"", "" a"", ""\u306b\u3068\u3063\u3066\u306f"", ""\u0441\u0442\u0440\u043e\u0439\u0441\u0442\u0432\u043e""]"
typo,rlens_64p,typo-business,15,"["" a"", ""hip"", "" la"", ""\uafb8"", ""\ub2c8\uc2a4""]"
typo,rlens_64p,typo-business,22,"["" la"", "" a"", ""hip"", "" same"", ""\u540c\u6837\u7684""]"
typo,rlens_64p,typo-business,30,"[""ness"", ""\uc5c5"", ""\u540c\u6837\u7684"", "" \u043f\u043e\u043a\u0443\u043f\u043a\u0438"", "" \uc601\uc5c5""]"
typo,rlens_64p,typo-business,38,"[""ness"", "" entrepreneur"", ""\u521b\u4e1a"", ""\u7ecf\u8425"", ""\u0e18\u0e38\u0e23\u0e01\u0e34\u0e08""]"
typo,rlens_64p,typo-business,45,"[""\u0e18\u0e38\u0e23\u0e01\u0e34\u0e08"", ""ness"", "" negocio"", ""\u7ecf\u8425"", ""business""]"
typo,rlens_64p,typo-business,52,"[""\u0e18\u0e38\u0e23\u0e01\u0e34\u0e08"", ""business"", ""Business"", "" business"", "" \uc0ac\uc5c5""]"
typo,jpp_64p,typo-business,8,"["" business"", ""muse"", ""business"", ""\u043e\u0431\u0449\u0435"", "" ability""]"
typo,jpp_64p,typo-business,15,"["" business"", ""business"", ""\uc0ac\uc5c5"", "" businessman"", "" agribusiness""]"
typo,jpp_64p,typo-business,22,"["" business"", ""\uc0ac\uc5c5"", ""business"", "" la"", ""hip""]"
typo,jpp_64p,typo-business,30,"["" business"", ""\uc5c5"", "" entrepreneur"", ""\u7ecf\u8425"", ""business""]"
typo,jpp_64p,typo-business,38,"["" Business"", ""Business"", "" Entrepreneur"", ""BUSINESS"", ""\u7ecf\u8425""]"
typo,jpp_64p,typo-business,45,"[""business"", ""Business"", ""\u0e18\u0e38\u0e23\u0e01\u0e34\u0e08"", "" business"", ""BUSINESS""]"
typo,jpp_64p,typo-business,52,"[""\u0e18\u0e38\u0e23\u0e01\u0e34\u0e08"", ""business"", ""Business"", "" business"", ""BUSINESS""]"
typo,logit,typo-different,8,"["" and"", ""ed"", "" l"", ""ation"", ""ing""]"
typo,logit,typo-different,15,"[""ich"", "" de"", ""ina"", "" uma"", ""\u043d\u0430""]"
typo,logit,typo-different,22,"["" la"", "" de"", ""-"", ""s"", "" uma""]"
typo,logit,typo-different,30,"[""-"", ""er"", "" l"", ""ed"", ""y""]"
typo,logit,typo-different,38,"[""-"", "" l"", "" a"", "" and"", ""ly""]"
typo,logit,typo-different,45,"["" l"", "" a"", ""-"", "" an"", ""C""]"
typo,logit,typo-different,52,"["" l"", "" direction"", "" approach"", ""\u65b9\u5411"", ""-""]"
typo,jlens_16p,typo-different,8,"[""y"", ""yeri"", ""ness"", ""\u094d\u092f"", ""mett""]"
typo,jlens_16p,typo-different,15,"[""\u0420\u0410"", ""UKA"", "" PRP"", "" own"", "" la""]"
typo,jlens_16p,typo-different,22,"[""UKA"", ""\u0420\u0410"", "" PRP"", "" own"", "" la""]"
typo,jlens_16p,typo-different,30,"["" own"", ""\u6027"", "" kind"", "" up"", "" even""]"
typo,jlens_16p,typo-different,38,"["" own"", ""ity"", ""\ub3c4"", "" kind"", "" idea""]"
typo,jlens_16p,typo-different,45,"["" kind"", "" ability"", "" own"", ""\u0647\u0627"", ""\ub370""]"
typo,jlens_16p,typo-different,52,"["" approach"", ""ization"", ""approach"", "" direction"", ""ized""]"
typo,rlens_16p,typo-different,8,"[""amental"", ""AFC"", ""\uc801"", "" \u0d35\u0d4d\u0d2f\u0d24\u0d4d\u0d2f\u0d38\u0d4d\u0d24"", ""\u0627\u062f\u0627""]"
typo,rlens_16p,typo-different,15,"["" different"", ""different"", ""\u7570\u306a\u308b"", ""\u4e0d\u540c\u7684"", ""ifferent""]"
typo,rlens_16p,typo-different,22,"["" different"", "" la"", ""different"", ""\u7570\u306a\u308b"", "" differently""]"
typo,rlens_16p,typo-different,30,"["" \u0432\u043e\u043f\u0440\u043e\u0441\u0430"", ""anguage"", "" different"", ""\uc801"", ""\u4e0d\u4e86""]"
typo,rlens_16p,typo-different,38,"["" different"", "" own"", "" differently"", ""\u4e0d\u540c"", ""\u4e0d\u540c\u7684""]"
typo,rlens_16p,typo-different,45,"["" own"", "" ability"", "" either"", ""ist"", ""\uc801""]"
typo,rlens_16p,typo-different,52,"["" approach"", "" direction"", "" \ubc29\ud5a5"", ""approach"", "" different""]"
typo,rlens_64p,typo-different,8,"[""\uc801"", ""amental"", ""AFC"", ""\u091f\u0940"", ""erm""]"
typo,rlens_64p,typo-different,15,"["" different"", ""different"", ""\ucbe4"", ""ifferent"", ""\u7570\u306a\u308b""]"
typo,rlens_64p,typo-different,22,"["" la"", "" different"", "" a"", ""\u7570\u306a\u308b"", ""different""]"
typo,rlens_64p,typo-different,30,"[""anguage"", ""\ucd0c"", ""\uc801"", "" \u0432\u043e\u043f\u0440\u043e\u0441\u0430"", ""\u30fc\u30c8""]"
typo,rlens_64p,typo-different,38,"["" different"", "" differently"", ""\u4e0d\u540c"", "" own"", ""different""]"
typo,rlens_64p,typo-different,45,"["" ability"", ""ist"", "" either"", "" own"", ""\uc801""]"
typo,rlens_64p,typo-different,52,"["" approach"", "" direction"", "" \ubc29\ud5a5"", ""approach"", "" different""]"
typo,jpp_64p,typo-different,8,"[""different"", "" different"", ""ifferent"", ""\u7570\u306a\u308b"", "" diferente""]"
typo,jpp_64p,typo-different,15,"["" different"", ""different"", ""ifferent"", ""\u7570\u306a\u308b"", ""\u0e15\u0e48\u0e32\u0e07""]"
typo,jpp_64p,typo-different,22,"["" different"", ""different"", ""\u7570\u306a\u308b"", "" differently"", ""\uc801""]"
typo,jpp_64p,typo-different,30,"["" different"", ""\uc801"", ""\uc801\uc778"", "" \ub2e4\ub978"", ""\u4e0d\u540c""]"
typo,jpp_64p,typo-different,38,"["" different"", "" differently"", "" Different"", ""Different"", ""different""]"
typo,jpp_64p,typo-different,45,"[""\ub3c4"", ""\uc801"", ""*"", ""\ucc99"", ""\uc810""]"
typo,jpp_64p,typo-different,52,"["" direction"", "" approach"", "" \ubc29\ud5a5"", ""direction"", ""approach""]"
typo,logit,typo-really,8,"[""ing"", ""</li>"", "" l"", "" de"", ""ou""]"
typo,logit,typo-really,15,"[""ing"", ""ou"", "" l"", ""ess"", "" de""]"
typo,logit,typo-really,22,"["" l"", ""ess"", "" even"", ""ina"", "" de""]"
typo,logit,typo-really,30,"[""-"", "" l"", ""er"", ""ed"", "" own""]"
typo,logit,typo-really,38,"[""-"", ""C"", ""L"", ""S"", ""un""]"
typo,logit,typo-really,45,"[""-"", "" l"", "" a"", "" able"", ""C""]"
typo,logit,typo-really,52,"[""-"", "" able"", ""ed"", ""really"", "" l""]"
typo,jlens_16p,typo-really,8,"[""y"", ""yeri"", ""ness"", ""\u094d\u092f"", ""mett""]"
typo,jlens_16p,typo-really,15,"[""\u0420\u0410"", ""UKA"", "" PRP"", "" own"", "" la""]"
typo,jlens_16p,typo-really,22,"[""UKA"", ""\u0420\u0410"", "" PRP"", "" own"", "" la""]"
typo,jlens_16p,typo-really,30,"["" own"", ""\u6027"", "" single"", "" idea"", "" up""]"
typo,jlens_16p,typo-really,38,"["" own"", "" uma"", "" idea"", "" up"", "" able""]"
typo,jlens_16p,typo-really,45,"["" own"", "" able"", "" kind"", ""\uc801\uc73c\ub85c"", "" idea""]"
typo,jlens_16p,typo-really,52,"["" able"", "" really"", "" real"", ""mente"", ""ness""]"
typo,rlens_16p,typo-really,8,"[""L"", "" de"", "" unem"", "" able"", "" \u0e40\u0e14\u0e35\u0e22\u0e27""]"
typo,rlens_16p,typo-really,15,"["" l"", "" la"", "" de"", "" able"", ""L""]"
typo,rlens_16p,typo-really,22,"["" l"", "" la"", "" able"", "" own"", ""qe""]"
typo,rlens_16p,typo-really,30,"["" own"", "" able"", "" or"", ""s"", ""y""]"
typo,rlens_16p,typo-really,38,"["" able"", "" or"", "" own"", "" either"", ""s""]"
typo,rlens_16p,typo-really,45,"["" own"", "" able"", ""s"", "" either"", ""ness""]"
typo,rlens_16p,typo-really,52,"["" able"", "" really"", ""really"", "" truly"", "" real""]"
typo,rlens_64p,typo-really,8,"[""L"", "" la"", "" \u0e40\u0e14\u0e35\u0e22\u0e27"", "" unem"", ""they""]"
typo,rlens_64p,typo-really,15,"["" l"", "" la"", "" de"", "" able"", "" veldig""]"
typo,rlens_64p,typo-really,22,"["" l"", "" la"", "" able"", "" own"", ""\u4e0d\u9519""]"
typo,rlens_64p,typo-really,30,"["" own"", "" able"", "" or"", ""y"", ""s""]"
typo,rlens_64p,typo-really,38,"["" able"", "" or"", "" own"", ""s"", "" either""]"
typo,rlens_64p,typo-really,45,"["" able"", "" own"", ""s"", "" either"", ""ness""]"
typo,rlens_64p,typo-really,52,"["" able"", "" really"", ""really"", "" truly"", "" own""]"
typo,jpp_64p,typo-really,8,"["" own"", ""ye"", ""ay"", ""\u021be"", ""\u0e32\u0e22""]"
typo,jpp_64p,typo-really,15,"["" own"", ""really"", "" really"", ""qe"", ""ue""]"
typo,jpp_64p,typo-really,22,"["" own"", "" l"", "" able"", "" really"", ""qe""]"
typo,jpp_64p,typo-really,30,"["" own"", "" or"", ""s"", "" able"", ""y""]"
typo,jpp_64p,typo-really,38,"["" or"", ""ed"", ""ing"", "" able"", ""duk""]"
typo,jpp_64p,typo-really,45,"["" able"", ""arny"", ""ed"", ""ally"", ""actually""]"
typo,jpp_64p,typo-really,52,"["" able"", ""really"", "" really"", ""Really"", ""y""]"
typo,logit,typo-field,8,"[""</tbody>"", ""<unused53>"", ""</h2>"", "" que"", ""St""]"
typo,logit,typo-field,15,"["" \u043d\u0435"", ""</tbody>"", "" \u0926\u094b"", ""\u90e8\u5206"", ""\u4e00\u4e2a""]"
typo,logit,typo-field,22,"[""S"", "" \u043d\u0435"", ""\u3088\u3046\u306a"", ""\u0e43\u0e2b\u0e0d"", ""\u0e44\u0e21\u0e48""]"
typo,logit,typo-field,30,"["" l"", "" own"", ""-"", ""ed"", ""er""]"
typo,logit,typo-field,38,"[""C"", ""L"", ""-"", ""T"", "" l""]"
typo,logit,typo-field,45,"["" l"", ""C"", "" a"", ""ed"", ""y""]"
typo,logit,typo-field,52,"[""field"", ""Field"", ""FIELD"", "" Field"", "" field""]"
typo,jlens_16p,typo-field,8,"[""y"", ""yeri"", ""ness"", ""\u094d\u092f"", ""mett""]"
typo,jlens_16p,typo-field,15,"[""UKA"", ""\u0420\u0410"", "" PRP"", "" own"", "" la""]"
typo,jlens_16p,typo-field,22,"[""\u0420\u0410"", ""UKA"", "" PRP"", "" own"", "" la""]"
typo,jlens_16p,typo-field,30,"["" own"", ""\u6027"", "" up"", ""rian"", "" kind""]"
typo,jlens_16p,typo-field,38,"["" own"", "" \uc2f6"", ""\u6027"", ""\u06cc"", ""\u0629""]"
typo,jlens_16p,typo-field,45,"["" \uc2f6"", ""\u06cc"", ""\u0629"", "" own"", "" \uc2f6\uc740""]"
typo,jlens_16p,typo-field,52,"["" Field"", ""Field"", "" field"", ""field"", ""FIELD""]"
typo,rlens_16p,typo-field,8,"["" de"", ""</i>"", ""<i>"", "" infield"", "" \uadf8\ub807""]"
typo,rlens_16p,typo-field,15,"["" de"", "" infield"", "" \uadf8\ub807"", ""minecraft"", ""<i>""]"
typo,rlens_16p,typo-field,22,"["" infield"", "" \uadf8\ub807"", "" \u092e\u0948\u0926\u093e\u0928"", ""\u0e2a\u0e19\u0e32\u0e21"", "" ru\u1ed9ng""]"
typo,rlens_16p,typo-field,30,"[""</i>"", ""</u>"", ""<i>"", ""\u0d32\u0d4d"", ""\u4e0d\u4e86""]"
typo,rlens_16p,typo-field,38,"[""\u06cc"", ""<sup>"", ""\u932f\u8aa4"", ""\u00b9."", ""<b>""]"
typo,rlens_16p,typo-field,45,"[""\u0e2a\u0e19\u0e32\u0e21"", ""\u06cc"", "" ru\u1ed9ng"", "" \u0645\u0644\u0639\u0628"", "" \u062a\u06be\u0627\u06d4""]"
typo,rlens_16p,typo-field,52,"[""Field"", "" field"", "" Field"", ""field"", "" campo""]"
typo,rlens_64p,typo-field,8,"[""</i>"", "" de"", ""<i>"", "" \uadf8\ub807"", "" infield""]"
typo,rlens_64p,typo-field,15,"["" de"", "" infield"", "" \uadf8\ub807"", "" la"", ""minecraft""]"
typo,rlens_64p,typo-field,22,"["" infield"", "" \uadf8\ub807"", "" \u092e\u0948\u0926\u093e\u0928"", ""minecraft"", ""\u0648\u0637\u0647""]"
typo,rlens_64p,typo-field,30,"[""</i>"", ""\u0d32\u0d4d"", ""\u0442\u043b\u0438"", ""minecraft"", ""<i>""]"
typo,rlens_64p,typo-field,38,"[""\u06cc"", ""<sup>"", ""\u932f\u8aa4"", ""\u00b9."", ""<b>""]"
typo,rlens_64p,typo-field,45,"[""\u06cc"", ""\u0e2a\u0e19\u0e32\u0e21"", "" \u062a\u06be\u0627\u06d4"", "" \u0645\u0644\u0639\u0628"", ""Campo""]"
typo,rlens_64p,typo-field,52,"[""Field"", "" field"", "" Field"", ""field"", "" campo""]"
typo,jpp_64p,typo-field,8,"[""field"", ""\ubc1c"", ""old"", ""\u30fc\u30eb"", ""ila""]"
typo,jpp_64p,typo-field,15,"["" infield"", ""field"", "" airfield"", ""\u0e2a\u0e19\u0e32\u0e21"", ""ofield""]"
typo,jpp_64p,typo-field,22,"["" infield"", "" airfield"", ""field"", ""\u0e2a\u0e19\u0e32\u0e21"", "" \u092e\u0948\u0926\u093e\u0928""]"
typo,jpp_64p,typo-field,30,"["" grassy"", ""</u>"", ""\ub744"", ""\u06cc"", "" ru\u1ed9ng""]"
typo,jpp_64p,typo-field,38,"[""\u9519\u8bef\u7684"", ""DateField"", ""\u7684\u5730"", ""gameField"", "" ru\u1ed9ng""]"
typo,jpp_64p,typo-field,45,"[""field"", ""</u>"", ""FIELD"", ""\u30d5\u30a3\u30fc\u30eb\u30c9"", ""Field""]"
typo,jpp_64p,typo-field,52,"[""Field"", "" field"", "" Field"", ""FIELD"", ""field""]"
typo,logit,typo-review,8,"[""</s>"", ""en"", ""est"", ""ins"", ""</b>""]"
typo,logit,typo-review,15,"[""\u306e\u306f"", ""est"", ""C"", ""B"", "" l""]"
typo,logit,typo-review,22,"[""B"", ""C"", ""est"", ""\u306e\u306f"", ""ro""]"
typo,logit,typo-review,30,"[""ed"", ""-"", ""er"", ""e"", ""and""]"
typo,logit,typo-review,38,"[""-"", ""C"", "" l"", "" and"", ""P""]"
typo,logit,typo-review,45,"["" l"", "" a"", ""ed"", "" of"", ""y""]"
typo,logit,typo-review,52,"[""S"", "" l"", "" review"", ""Review"", ""review""]"
typo,jlens_16p,typo-review,8,"[""y"", ""yeri"", ""ness"", ""\u094d\u092f"", ""mett""]"
typo,jlens_16p,typo-review,15,"[""\u0420\u0410"", ""UKA"", "" PRP"", "" own"", "" la""]"
typo,jlens_16p,typo-review,22,"[""UKA"", ""\u0420\u0410"", "" own"", "" PRP"", "" la""]"
typo,jlens_16p,typo-review,30,"["" own"", ""\u6027"", "" up"", "" la"", "" or""]"
typo,jlens_16p,typo-review,38,"["" own"", ""\u6027"", "" up"", ""ity"", "" la""]"
typo,jlens_16p,typo-review,45,"["" own"", ""\u0647\u0627"", "" of"", ""\u0647"", "" \uc2f6""]"
typo,jlens_16p,typo-review,52,"[""ness"", "" of"", ""review"", "" review"", "" REVIEW""]"
typo,rlens_16p,typo-review,8,"["" la"", "" a"", "" ModelAndView"", "" natomiast"", ""\u094d\u0939""]"
typo,rlens_16p,typo-review,15,"["" la"", "" a"", "" ModelAndView"", ""ership"", ""playback""]"
typo,rlens_16p,typo-review,22,"["" la"", "" a"", "" l"", "" level"", "" same""]"
typo,rlens_16p,typo-review,30,"["" a"", "" la"", ""e"", "" same"", "" or""]"
typo,rlens_16p,typo-review,38,"["" or"", ""\ub123"", "" \u043e\u0448\u0438\u0431"", "" \ubabb\ud55c"", ""<span>""]"
typo,rlens_16p,typo-review,45,"["" la"", ""ness"", "" of"", ""review"", "" review""]"
typo,rlens_16p,typo-review,52,"["" review"", ""review"", "" Review"", ""Review"", "" la""]"
typo,rlens_64p,typo-review,8,"["" la"", "" a"", "" ModelAndView"", "" acknow"", "" natomiast""]"
typo,rlens_64p,typo-review,15,"["" la"", "" a"", "" ModelAndView"", ""playback"", ""patrick""]"
typo,rlens_64p,typo-review,22,"["" la"", "" a"", "" l"", "" same"", "" level""]"
typo,rlens_64p,typo-review,30,"["" same"", "" la"", "" a"", ""e"", "" or""]"
typo,rlens_64p,typo-review,38,"["" or"", ""\ub123"", "" \u043e\u0448\u0438\u0431"", ""ness"", ""e""]"
typo,rlens_64p,typo-review,45,"["" la"", ""ness"", "" of"", ""review"", ""ly""]"
typo,rlens_64p,typo-review,52,"["" review"", ""review"", "" la"", "" Review"", ""Review""]"
typo,jpp_64p,typo-review,8,"[""review"", ""view"", ""iel"", "" same"", "" review""]"
typo,jpp_64p,typo-review,15,"["" review"", ""review"", "" la"", "" viewership"", "" reviewed""]"
typo,jpp_64p,typo-review,22,"["" la"", "" review"", ""review"", "" same"", "" a""]"
typo,jpp_64p,typo-review,30,"["" same"", ""e"", ""T"", "" a"", ""review""]"
typo,jpp_64p,typo-review,38,"["" or"", ""Review"", ""\u306b\u53d6\u308a"", "" Review"", ""\ub123""]"
typo,jpp_64p,typo-review,45,"[""review"", ""Review"", "" review"", ""</u>"", "" reviewing""]"
typo,jpp_64p,typo-review,52,"[""review"", "" review"", "" Review"", ""Review"", "" la""]"
typo,logit,typo-science,8,"[""na"", ""me"", ""\u306e\u306f"", ""\u3088\u3046\u306a"", "" l""]"
typo,logit,typo-science,15,"[""S"", ""na"", ""C"", ""B"", "" l""]"
typo,logit,typo-science,22,"[""S"", "" l"", ""C"", ""B"", ""est""]"
typo,logit,typo-science,30,"[""-"", ""ed"", ""er"", "" l"", ""and""]"
typo,logit,typo-science,38,"["" and"", ""-"", ""ed"", ""L"", ""T""]"
typo,logit,typo-science,45,"["" l"", "" a"", "" because"", ""y"", ""T""]"
typo,logit,typo-science,52,"["" science"", ""science"", ""Science"", "" Science"", "" \u0935\u093f\u091c\u094d\u091e\u093e\u0928""]"
typo,jlens_16p,typo-science,8,"[""y"", ""yeri"", ""ness"", ""\u094d\u092f"", ""mett""]"
typo,jlens_16p,typo-science,15,"["" la"", ""UKA"", ""\u0420\u0410"", "" PRP"", "" Kiya""]"
typo,jlens_16p,typo-science,22,"[""UKA"", ""\u0420\u0410"", "" PRP"", "" own"", "" la""]"
typo,jlens_16p,typo-science,30,"["" own"", ""\u6027"", "" idea"", ""ye"", "" kind""]"
typo,jlens_16p,typo-science,38,"["" own"", "" idea"", ""ed"", "" up"", ""ist""]"
typo,jlens_16p,typo-science,45,"["" own"", ""\u064a\u0629"", ""\uacfc\ud559"", "" \uc2f6"", ""\u0629""]"
typo,jlens_16p,typo-science,52,"["" science"", ""science"", ""ed"", ""ness"", "" Science""]"
typo,rlens_16p,typo-science,8,"[""C"", ""ince"", "" latter"", ""\u0941\u0932\u0947\u0902\u0938"", "" l""]"
typo,rlens_16p,typo-science,15,"["" l"", "" science"", ""cience"", "" \u0639\u0644\u0648\u0645"", ""\u0e27\u0e34\u0e17\u0e22\u0e32""]"
typo,rlens_16p,typo-science,22,"["" science"", "" l"", "" own"", ""\u0e27\u0e34\u0e17\u0e22\u0e32"", ""cience""]"
typo,rlens_16p,typo-science,30,"["" own"", "" science"", ""cience"", "" same"", "" \uacfc\ud559""]"
typo,rlens_16p,typo-science,38,"["" own"", "" or"", "" de"", "" and"", ""C""]"
typo,rlens_16p,typo-science,45,"["" science"", ""science"", "" \uacfc\ud559"", ""ciencia"", ""Science""]"
typo,rlens_16p,typo-science,52,"["" science"", ""science"", ""Science"", "" Science"", "" \uacfc\ud559""]"
typo,rlens_64p,typo-science,8,"[""C"", "" latter"", ""ince"", "" awesome"", ""\u0941\u0932\u0947\u0902\u0938""]"
typo,rlens_64p,typo-science,15,"["" l"", "" science"", ""ial"", "" \u0639\u0644\u0648\u0645"", ""cience""]"
typo,rlens_64p,typo-science,22,"["" l"", "" science"", "" own"", ""\u0e27\u0e34\u0e17\u0e22\u0e32"", "" \uacfc\ud559""]"
typo,rlens_64p,typo-science,30,"["" own"", "" same"", "" science"", "" \u043a\u043e\u0442\u043e\u0440\u044b"", ""iectasis""]"
typo,rlens_64p,typo-science,38,"["" own"", "" or"", "" and"", "" de"", ""C""]"
typo,rlens_64p,typo-science,45,"["" science"", ""science"", "" \uacfc\ud559"", ""ciencia"", "" because""]"
typo,rlens_64p,typo-science,52,"["" science"", ""science"", ""Science"", "" Science"", "" \uacfc\ud559""]"
typo,jpp_64p,typo-science,8,"[""science"", "" science"", ""vice"", ""C"", ""ince""]"
typo,jpp_64p,typo-science,15,"["" science"", ""cience"", ""science"", ""ciencia"", "" ciencia""]"
typo,jpp_64p,typo-science,22,"["" science"", ""ciencia"", ""cience"", ""science"", ""\uacfc\ud559""]"
typo,jpp_64p,typo-science,30,"["" own"", "" science"", "" same"", ""science"", "" \uacfc\ud559""]"
typo,jpp_64p,typo-science,38,"[""ed"", "" or"", "" own"", "" Science"", ""Science""]"
typo,jpp_64p,typo-science,45,"[""science"", "" science"", ""SCIENCE"", "" \uacfc\ud559"", ""Science""]"
typo,jpp_64p,typo-science,52,"["" science"", ""science"", ""Science"", "" Science"", "" \uacfc\ud559""]"
typo,logit,typo-library,8,"["" l"", ""</li>"", ""end"", ""ang"", ""ess""]"
typo,logit,typo-library,15,"[""C"", ""\u0627\u062a\u0647\u0627"", ""S"", "" \uac70\uc758"", ""\u0627\u062a\u0647""]"
typo,logit,typo-library,22,"[""S"", ""C"", "" own"", ""\u0627\u062a\u0647\u0627"", ""iz""]"
typo,logit,typo-library,30,"["" own"", ""-"", "" l"", ""ed"", ""er""]"
typo,logit,typo-library,38,"[""C"", ""-"", "" and"", ""ed"", ""T""]"
typo,logit,typo-library,45,"["" a"", "" l"", "" an"", ""y"", ""ed""]"
typo,logit,typo-library,52,"["" library"", ""Library"", ""B"", "" Library"", ""library""]"
typo,jlens_16p,typo-library,8,"[""y"", ""yeri"", ""ness"", ""\u094d\u092f"", ""mett""]"
typo,jlens_16p,typo-library,15,"[""\u0420\u0410"", ""UKA"", "" PRP"", "" la"", "" own""]"
typo,jlens_16p,typo-library,22,"[""\u0420\u0410"", ""UKA"", "" PRP"", "" own"", "" la""]"
typo,jlens_16p,typo-library,30,"["" own"", ""\u6027"", ""rian"", "" up"", ""mente""]"
typo,jlens_16p,typo-library,38,"["" own"", ""ity"", ""\u6027"", ""ary"", "" up""]"
typo,jlens_16p,typo-library,45,"["" own"", ""ary"", "" th\u1ec3"", ""ardo"", "" up""]"
typo,jlens_16p,typo-library,52,"[""library"", "" library"", ""Library"", "" Library"", ""ness""]"
typo,rlens_16p,typo-library,8,"[""L"", ""\uc12c"", ""ary"", "" l"", "" estancia""]"
typo,rlens_16p,typo-library,15,"["" l"", ""L"", ""e"", "" la"", "" own""]"
typo,rlens_16p,typo-library,22,"["" l"", "" own"", "" la"", ""e"", "" courthouse""]"
typo,rlens_16p,typo-library,30,"[""L"", ""e"", ""\u179f\u17b7\u1780"", "" england"", "" canary""]"
typo,rlens_16p,typo-library,38,"[""L"", "" incorrect"", "" \ubabb\ud55c"", ""\u51fa\u9519"", ""\u9519\u8bef\u7684""]"
typo,rlens_16p,typo-library,45,"[""S"", ""ary"", ""rary"", "" \u0648\u0643\u0630\u0644\u0643"", ""\u56f3\u66f8\u9928""]"
typo,rlens_16p,typo-library,52,"["" library"", ""library"", ""Library"", "" Library"", "" libraries""]"
typo,rlens_64p,typo-library,8,"[""L"", "" l"", ""ary"", ""\uc12c"", ""hay""]"
typo,rlens_64p,typo-library,15,"["" l"", ""L"", "" la"", ""e"", "" own""]"
typo,rlens_64p,typo-library,22,"["" l"", "" own"", "" la"", ""e"", "" courthouse""]"
typo,rlens_64p,typo-library,30,"[""L"", ""e"", ""\u179f\u17b7\u1780"", ""ard"", "" same""]"
typo,rlens_64p,typo-library,38,"[""L"", "" l"", "" incorrect"", ""\u51fa\u9519"", "" \ubabb\ud55c""]"
typo,rlens_64p,typo-library,45,"[""S"", ""ary"", ""L"", ""\uc600"", ""\u56f3\u66f8\u9928""]"
typo,rlens_64p,typo-library,52,"[""library"", "" library"", "" Library"", ""Library"", "" libraries""]"
typo,jpp_64p,typo-library,8,"[""ary"", ""library"", "" own"", ""S"", ""hay""]"
typo,jpp_64p,typo-library,15,"["" l"", ""library"", "" library"", ""ary"", ""\u66f8\u9928""]"
typo,jpp_64p,typo-library,22,"["" l"", "" own"", "" library"", "" same"", ""library""]"
typo,jpp_64p,typo-library,30,"[""L"", ""bibliography"", ""ary"", "" canary"", "" same""]"
typo,jpp_64p,typo-library,38,"[""e"", ""\u9519\u8bef\u7684"", "" \u0433\u0440\u0430\u043c\u043e"", ""\u932f\u8aa4"", ""ed""]"
typo,jpp_64p,typo-library,45,"[""ary"", ""</u>"", ""library"", ""</i>"", ""</b>""]"
typo,jpp_64p,typo-library,52,"["" library"", ""library"", ""Library"", "" Library"", "" \u0431\u0438\u0431\u043b\u0438\u043e\u0442\u0435""]"
typo,logit,typo-February,8,"["" l"", ""<unused53>"", ""com"", ""ink"", ""ell""]"
typo,logit,typo-February,15,"["" l"", ""\u0647\u0627"", "" \u099c\u09a8\u09cd\u09af"", "" \u0925\u0940"", ""\u064a\u0646""]"
typo,logit,typo-February,22,"["" l"", ""S"", ""\u0647\u0627"", ""\u064a\u0646"", "" \u0932\u093f\u090f""]"
typo,logit,typo-February,30,"["" l"", "" own"", ""ed"", ""er"", ""ly""]"
typo,logit,typo-February,38,"[""-"", "" a"", "" and"", "" l"", ""C""]"
typo,logit,typo-February,45,"["" a"", "" an"", ""-"", "" l"", ""ly""]"
typo,logit,typo-February,52,"["" February"", ""February"", "" Feb"", ""Feb"", "" february""]"
typo,jlens_16p,typo-February,8,"[""y"", ""yeri"", ""ness"", ""\u094d\u092f"", ""mett""]"
typo,jlens_16p,typo-February,15,"[""\u0420\u0410"", ""UKA"", "" PRP"", "" la"", "" own""]"
typo,jlens_16p,typo-February,22,"[""\u0420\u0410"", ""UKA"", "" PRP"", "" own"", "" la""]"
typo,jlens_16p,typo-February,30,"["" own"", ""\u6027"", ""mente"", ""wicz"", "" up""]"
typo,jlens_16p,typo-February,38,"["" own"", ""al"", ""\u6027"", ""ity"", ""wicz""]"
typo,jlens_16p,typo-February,45,"["" own"", ""al"", ""\u0629"", ""\u0647\u0627"", "" th\u1ec3""]"
typo,jlens_16p,typo-February,52,"["" February"", "" february"", "" Feb"", ""February"", ""uary""]"
typo,rlens_16p,typo-February,8,"[""L"", ""uary"", ""\u0928\u094c"", "" aswell"", ""<i>""]"
typo,rlens_16p,typo-February,15,"[""uary"", "" mankind"", "" own"", ""L"", ""uesday""]"
typo,rlens_16p,typo-February,22,"["" own"", ""uel"", ""uesday"", "" england"", ""uary""]"
typo,rlens_16p,typo-February,30,"[""L"", "" own"", "" england"", ""uesday"", ""al""]"
typo,rlens_16p,typo-February,38,"[""L"", ""C"", ""uesday"", "" \u06f2\u06f0\u06f1"", ""\uff14""]"
typo,rlens_16p,typo-February,45,"["" which"", "" february"", "" February"", ""\uc778\ub370"", ""uesday""]"
typo,rlens_16p,typo-February,52,"["" February"", "" Feb"", "" february"", ""February"", ""ruary""]"
typo,rlens_64p,typo-February,8,"[""L"", ""uary"", ""\u0928\u094c"", ""<i>"", "" estancia""]"
typo,rlens_64p,typo-February,15,"[""uary"", "" mankind"", "" own"", ""\u0908"", ""uesday""]"
typo,rlens_64p,typo-February,22,"["" own"", "" l"", "" england"", ""uesday"", ""uel""]"
typo,rlens_64p,typo-February,30,"[""L"", "" own"", "" england"", ""al"", ""uesday""]"
typo,rlens_64p,typo-February,38,"[""L"", ""C"", "" \u06f2\u06f0\u06f1"", ""\uff14"", ""uesday""]"
typo,rlens_64p,typo-February,45,"["" which"", ""\uc778\ub370"", "" \u0d30\u0d23\u0d4d\u0d1f\u0d4d"", "" February"", "" february""]"
typo,rlens_64p,typo-February,52,"["" February"", "" Feb"", "" february"", ""February"", "" fevereiro""]"
typo,jpp_64p,typo-February,8,"["" l"", ""ary"", ""uary"", ""L"", ""S""]"
typo,jpp_64p,typo-February,15,"[""uary"", ""aries"", ""ary"", "" l"", "" February""]"
typo,jpp_64p,typo-February,22,"[""uary"", "" february"", ""\ucc3d"", ""aries"", "" brasileiros""]"
typo,jpp_64p,typo-February,30,"["" own"", ""L"", ""uesday"", ""uary"", "" england""]"
typo,jpp_64p,typo-February,38,"[""uesday"", ""e"", "" or"", ""\u043a\u0430\u044f"", ""uary""]"
typo,jpp_64p,typo-February,45,"["" February"", ""uary"", ""</u>"", ""ruary"", "" which""]"
typo,jpp_64p,typo-February,52,"["" February"", ""February"", "" Feb"", "" february"", ""uary""]"
typo,logit,typo-together,8,"[""ing"", ""ed"", "" l"", "" de"", "" and""]"
typo,logit,typo-together,15,"[""ene"", ""\u3088\u3046\u306a"", "" t\u1ea5t"", ""\ub9c8\ub2e4"", "" uma""]"
typo,logit,typo-together,22,"[""ene"", "" de"", ""\u3088\u3046\u306a"", ""\u0627\u062a\u0647"", "" uma""]"
typo,logit,typo-together,30,"[""-"", ""ed"", "" own"", ""er"", "" l""]"
typo,logit,typo-together,38,"[""-"", ""C"", "" and"", ""L"", "" l""]"
typo,logit,typo-together,45,"["" a"", "" l"", "" and"", ""ed"", "" \ud568\uaed8""]"
typo,logit,typo-together,52,"[""ing"", ""ed"", "" togetherness"", ""er"", ""Together""]"
typo,jlens_16p,typo-together,8,"[""y"", ""yeri"", ""ness"", ""\u094d\u092f"", ""mett""]"
typo,jlens_16p,typo-together,15,"[""UKA"", ""\u0420\u0410"", "" PRP"", "" own"", "" la""]"
typo,jlens_16p,typo-together,22,"[""UKA"", ""\u0420\u0410"", "" own"", "" PRP"", "" la""]"
typo,jlens_16p,typo-together,30,"["" own"", ""\u6027"", "" up"", "" even"", ""ness""]"
typo,jlens_16p,typo-together,38,"["" own"", "" up"", ""\u6027"", ""\ub3c4"", ""\ub370""]"
typo,jlens_16p,typo-together,45,"["" own"", "" even"", ""\u0647\u0627"", "" either"", ""\u4e00\u4e2a""]"
typo,jlens_16p,typo-together,52,"[""ness"", "" togetherness"", "" together"", ""gather"", "" gather""]"
typo,rlens_16p,typo-together,8,"["" la"", ""\u5979\u4eec"", "" than"", ""recieve"", ""isphere""]"
typo,rlens_16p,typo-together,15,"["" la"", ""T"", "" a"", "" together"", "" nhau""]"
typo,rlens_16p,typo-together,22,"["" la"", "" same"", "" together"", "" nhau"", "" l""]"
typo,rlens_16p,typo-together,30,"["" same"", "" own"", ""L"", "" together"", ""\u4e00\u8d77\u6765""]"
typo,rlens_16p,typo-together,38,"[""ness"", "" or"", ""L"", ""selves"", "" own""]"
typo,rlens_16p,typo-together,45,"[""S"", ""ness"", "" together"", ""\u4e00\u540c"", "" \u092e\u093f\u0932\u0915\u0930""]"
typo,rlens_16p,typo-together,52,"["" togetherness"", "" together"", ""gather"", "" gather"", "" gathering""]"
typo,rlens_64p,typo-together,8,"["" la"", ""\u5979\u4eec"", "" than"", ""leigh"", "" l""]"
typo,rlens_64p,typo-together,15,"["" la"", ""T"", "" a"", "" l"", "" nhau""]"
typo,rlens_64p,typo-together,22,"["" la"", "" same"", "" l"", "" together"", "" a""]"
typo,rlens_64p,typo-together,30,"["" same"", "" own"", ""L"", ""\u0e40\u0e14\u0e35\u0e22\u0e27\u0e01\u0e31\u0e19"", ""\u4e00\u540c""]"
typo,rlens_64p,typo-together,38,"[""ness"", "" or"", "" own"", ""L"", ""selves""]"
typo,rlens_64p,typo-together,45,"[""S"", ""ness"", "" together"", "" \u092e\u093f\u0932\u0915\u0930"", ""\u4e00\u540c""]"
typo,rlens_64p,typo-together,52,"["" togetherness"", "" together"", "" gather"", ""gather"", ""ogether""]"
typo,jpp_64p,typo-together,8,"["" together"", "" l"", ""together"", ""ter"", ""\u30bf\u30fc""]"
typo,jpp_64p,typo-together,15,"["" together"", "" togetherness"", ""together"", ""ogether"", "" gather""]"
typo,jpp_64p,typo-together,22,"["" together"", "" togetherness"", "" same"", "" gather"", ""ogether""]"
typo,jpp_64p,typo-together,30,"["" same"", "" together"", "" own"", "" \ud568\uaed8"", "" togetherness""]"
typo,jpp_64p,typo-together,38,"["" or"", "" own"", ""selves"", "" Wordsworth"", "" Together""]"
typo,jpp_64p,typo-together,45,"["" together"", ""ogether"", ""gather"", "" either"", "" \ud568\uaed8""]"
typo,jpp_64p,typo-together,52,"["" togetherness"", "" together"", ""ogether"", "" gather"", ""gather""]"
typo,logit,typo-against,8,"[""</th>"", ""se"", "" de"", ""ce"", "" l""]"
typo,logit,typo-against,15,"["" que"", ""st"", ""sa"", "" m\u1ed9t"", "" l""]"
typo,logit,typo-against,22,"["" que"", "" l"", ""\u306e\u306f"", "" \u00e9trang"", "" la""]"
typo,logit,typo-against,30,"[""-"", "" l"", ""er"", ""ed"", "" and""]"
typo,logit,typo-against,38,"[""-"", "" a"", ""T"", ""ed"", "" l""]"
typo,logit,typo-against,45,"["" a"", "" l"", ""-"", "" an"", ""T""]"
typo,logit,typo-against,52,"[""Against"", ""against"", "" against"", "" Against"", "" AGAINST""]"
typo,jlens_16p,typo-against,8,"[""y"", ""yeri"", ""ness"", ""\u094d\u092f"", ""mett""]"
typo,jlens_16p,typo-against,15,"[""UKA"", ""\u0420\u0410"", "" PRP"", "" own"", "" la""]"
typo,jlens_16p,typo-against,22,"[""\u0420\u0410"", ""UKA"", "" own"", "" PRP"", "" la""]"
typo,jlens_16p,typo-against,30,"["" own"", ""\u6027"", "" single"", ""yk"", ""ustan""]"
typo,jlens_16p,typo-against,38,"["" own"", ""\u6027"", ""ity"", ""\u044b"", ""ustan""]"
typo,jlens_16p,typo-against,45,"["" own"", ""\u0629"", ""\u0647\u0627"", ""\u0647"", ""against""]"
typo,jlens_16p,typo-against,52,"["" against"", ""Against"", ""against"", "" AGAINST"", "" Against""]"
typo,rlens_16p,typo-against,8,"[""P"", ""\ub835"", ""eg"", ""\u0148"", ""mooth""]"
typo,rlens_16p,typo-against,15,"["" and"", ""P"", "" assault"", "" against"", "" AF""]"
typo,rlens_16p,typo-against,22,"["" and"", "" against"", "" assault"", ""olve"", "" AF""]"
typo,rlens_16p,typo-against,30,"["" vs"", ""\u4e0d\u4e86"", "" against"", "" negative"", "" versus""]"
typo,rlens_16p,typo-against,38,"[""\u4e0d\u4e86"", "" vs"", "" either"", "" versus"", "" AGAINST""]"
typo,rlens_16p,typo-against,45,"["" either"", "" against"", ""against"", ""\u0629"", ""\u0640\u0640""]"
typo,rlens_16p,typo-against,52,"["" against"", ""against"", ""Against"", "" AGAINST"", "" Against""]"
typo,rlens_64p,typo-against,8,"[""P"", ""\u0148"", ""mooth"", ""\ub835"", ""eg""]"
typo,rlens_64p,typo-against,15,"["" and"", "" against"", ""\u0148"", ""P"", "" AF""]"
typo,rlens_64p,typo-against,22,"["" and"", "" against"", "" l"", ""olve"", ""\u0148""]"
typo,rlens_64p,typo-against,30,"["" vs"", "" against"", "" same"", ""\u4e0d\u4e86"", ""ttt""]"
typo,rlens_64p,typo-against,38,"["" vs"", ""\u4e0d\u4e86"", "" versus"", "" AGAINST"", "" either""]"
typo,rlens_64p,typo-against,45,"["" against"", ""against"", "" either"", ""ness"", "" \u0916\u093f\u0932\u093e\u092b""]"
typo,rlens_64p,typo-against,52,"["" against"", "" AGAINST"", "" Against"", ""Against"", ""against""]"
typo,jpp_64p,typo-against,8,"["" against"", ""against"", "" own"", ""AF"", ""ast""]"
typo,jpp_64p,typo-against,15,"["" against"", ""eg"", ""est"", ""against"", "" onslaught""]"
typo,jpp_64p,typo-against,22,"["" against"", ""against"", ""eg"", ""est"", "" assault""]"
typo,jpp_64p,typo-against,30,"["" against"", "" same"", "" negative"", ""against"", ""\u5426""]"
typo,jpp_64p,typo-against,38,"["" Against"", ""\u7684\u53cd"", "" AGAINST"", "" Adverse"", "" BadRequest""]"
typo,jpp_64p,typo-against,45,"[""against"", "" against"", "" Against"", "" AGAINST"", ""Against""]"
typo,jpp_64p,typo-against,52,"["" against"", "" AGAINST"", ""against"", ""Against"", "" Against""]"
typo,logit,typo-building,8,"[""ing"", ""</li>"", ""ed"", "" l"", ""</td>""]"
typo,logit,typo-building,15,"[""\u4e00\u4e2a"", "" l"", "" m\u1ed9t"", ""\u3088\u3046\u306a"", ""ed""]"
typo,logit,typo-building,22,"[""ed"", ""\u3088\u3046\u306a"", ""age"", "" l"", "" n\u1ebfu""]"
typo,logit,typo-building,30,"[""-"", ""ed"", "" own"", ""er"", ""and""]"
typo,logit,typo-building,38,"[""-"", ""C"", ""L"", "" and"", ""T""]"
typo,logit,typo-building,45,"["" l"", "" a"", ""-"", ""ed"", ""ing""]"
typo,logit,typo-building,52,"[""-"", "" buildings"", ""\u5efa\u7269"", "" building"", "" edificio""]"
typo,jlens_16p,typo-building,8,"[""y"", ""yeri"", ""ness"", ""\u094d\u092f"", ""mett""]"
typo,jlens_16p,typo-building,15,"[""\u0420\u0410"", ""UKA"", "" PRP"", "" la"", "" own""]"
typo,jlens_16p,typo-building,22,"[""UKA"", ""\u0420\u0410"", "" own"", "" PRP"", "" la""]"
typo,jlens_16p,typo-building,30,"["" own"", ""\u6027"", "" up"", ""mente"", ""rian""]"
typo,jlens_16p,typo-building,38,"["" own"", "" \uc2f6"", "" up"", ""\u6027"", ""ity""]"
typo,jlens_16p,typo-building,45,"["" \uc2f6"", ""\u0629"", ""\u05d5"", "" \uc2f6\uc740"", ""\u0bc8\u0b9a\u0bcd""]"
typo,jlens_16p,typo-building,52,"["" building"", "" \u0437\u0434\u0430\u043d\u0438\u0435"", ""building"", "" Building"", "" throughout""]"
typo,rlens_16p,typo-building,8,"["" la"", ""uel"", ""gable"", ""ued"", ""guh""]"
typo,rlens_16p,typo-building,15,"["" la"", ""uel"", ""\ub96d"", "" \ubb3c\ub860"", ""ujud""]"
typo,rlens_16p,typo-building,22,"["" la"", ""uel"", ""\u680b"", ""\u5168\u5e02"", ""\ub96d""]"
typo,rlens_16p,typo-building,30,"[""L"", "" \ubb3c\ub860"", ""\ub96d"", ""uel"", ""\u05d5""]"
typo,rlens_16p,typo-building,38,"[""\u00b9."", ""L"", ""\ub96d"", "" nh\u01b0ng"", ""\ub014""]"
typo,rlens_16p,typo-building,45,"[""S"", ""\u00b9."", "" \u062a\u06be\u06cc\u06d4"", "" \u062a\u06be\u0627\u06d4"", ""\u121d\u1362""]"
typo,rlens_16p,typo-building,52,"["" \uac74\ubb3c"", "" \u0437\u0434\u0430\u043d\u0438\u0435"", "" building"", ""\u5efa\u7269"", "" edificio""]"
typo,rlens_64p,typo-building,8,"["" la"", ""uel"", ""gable"", ""ued"", "" xuy\u00ean""]"
typo,rlens_64p,typo-building,15,"["" la"", ""uel"", "" \ubb3c\ub860"", "" rafters"", ""\u8fd9\u5ea7""]"
typo,rlens_64p,typo-building,22,"["" la"", ""uel"", ""\u680b"", ""\u5168\u5e02"", "" chandelier""]"
typo,rlens_64p,typo-building,30,"[""L"", "" \ubb3c\ub860"", ""uel"", ""\ub96d"", ""e""]"
typo,rlens_64p,typo-building,38,"[""\u00b9."", ""L"", "" nh\u01b0ng"", ""\ub014"", ""\u8fdf""]"
typo,rlens_64p,typo-building,45,"[""S"", ""\u00b9."", "" \u062a\u06be\u06cc\u06d4"", "" \u062a\u06be\u0627\u06d4"", ""\u00b3.""]"
typo,rlens_64p,typo-building,52,"["" \uac74\ubb3c"", "" \u0437\u0434\u0430\u043d\u0438\u0435"", "" building"", ""\u5efa\u7269"", "" gedung""]"
typo,jpp_64p,typo-building,8,"[""\u0628\u0639"", ""ding"", ""ud"", ""\ubd80"", ""uel""]"
typo,jpp_64p,typo-building,15,"["" building"", "" gedung"", ""uel"", ""building"", "" budynku""]"
typo,jpp_64p,typo-building,22,"["" la"", "" gedung"", "" building"", ""uel"", ""\u697c""]"
typo,jpp_64p,typo-building,30,"[""L"", "" \ubb3c\ub860"", ""uel"", ""\u680b"", ""\ubd80\ub294""]"
typo,jpp_64p,typo-building,38,"[""\ub96d"", ""e"", ""\u4ed9\u53f0"", "" \u092c\u093f\u0932\u094d\u0921\u093f\u0902\u0917"", "" gra\u0111""]"
typo,jpp_64p,typo-building,45,"[""S"", ""</u>"", ""e"", "" \u0e14\u0e48\u0e32"", "" \uac74\ubb3c""]"
typo,jpp_64p,typo-building,52,"["" \uac74\ubb3c"", "" building"", "" gedung"", "" \u0437\u0434\u0430\u043d\u0438\u0435"", ""\u5efa\u7269""]"
typo,logit,typo-without,8,"[""\u0627\u0631"", "" qual"", "" f\u00fcr"", "" uma"", ""\u043c\u0435""]"
typo,logit,typo-without,15,"[""ou"", ""S"", ""C"", ""\u0432"", "" f\u00fcr""]"
typo,logit,typo-without,22,"[""S"", ""\u0432"", ""out"", "" teore"", "" f\u00fcr""]"
typo,logit,typo-without,30,"[""-"", ""er"", ""ed"", ""e"", ""and""]"
typo,logit,typo-without,38,"[""-"", ""C"", ""T"", ""L"", ""S""]"
typo,logit,typo-without,45,"["" a"", ""-"", ""C"", "" and"", ""0""]"
typo,logit,typo-without,52,"[""Without"", ""without"", "" Without"", "" without"", ""C""]"
typo,jlens_16p,typo-without,8,"[""y"", ""yeri"", ""ness"", ""\u094d\u092f"", ""mett""]"
typo,jlens_16p,typo-without,15,"[""UKA"", ""\u0420\u0410"", "" PRP"", "" own"", "" la""]"
typo,jlens_16p,typo-without,22,"[""\u0420\u0410"", ""UKA"", "" own"", "" PRP"", "" la""]"
typo,jlens_16p,typo-without,30,"["" own"", ""\u6027"", "" idea"", "" single"", ""tran""]"
typo,jlens_16p,typo-without,38,"["" own"", "" uma"", "" idea"", ""\u1275"", ""ity""]"
typo,jlens_16p,typo-without,45,"["" uma"", "" own"", ""\u0647\u0627"", "" ability"", "" even""]"
typo,jlens_16p,typo-without,52,"["" without"", ""without"", ""Without"", "" Without"", "" tanpa""]"
typo,rlens_16p,typo-without,8,"[""ten"", ""ont"", ""ot"", ""et"", "" chacun""]"
typo,rlens_16p,typo-without,15,"[""ten"", ""ont"", ""\u4e0d\u4e86"", ""\u0163"", ""\u0163e""]"
typo,rlens_16p,typo-without,22,"[""\u4e0d\u4e86"", ""ten"", ""ont"", ""imo"", ""\u0163e""]"
typo,rlens_16p,typo-without,30,"[""\u4e0d\u4e86"", ""\u4e0d\u51fa"", ""\u4e5f\u6ca1\u6709"", ""ten"", "" neither""]"
typo,rlens_16p,typo-without,38,"[""\u4e0d\u4e86"", "" neither"", ""\u4e5f\u6ca1\u6709"", ""neither"", ""\u90fd\u6ca1\u6709""]"
typo,rlens_16p,typo-without,45,"[""ly"", ""s"", ""ness"", ""without"", "" \uc5c6\uc774""]"
typo,rlens_16p,typo-without,52,"[""without"", "" without"", ""Without"", "" Without"", "" \u092c\u093f\u0928\u093e""]"
typo,rlens_64p,typo-without,8,"[""ten"", ""et"", "" chacun"", ""ont"", ""ot""]"
typo,rlens_64p,typo-without,15,"[""ten"", ""\u0163e"", ""ont"", ""\u0163"", "" chacun""]"
typo,rlens_64p,typo-without,22,"[""ten"", ""\u4e0d\u4e86"", ""\u0163e"", "" chacun"", ""imo""]"
typo,rlens_64p,typo-without,30,"[""\u4e0d\u4e86"", ""\u6ca1\u6709\u4efb\u4f55"", ""ten"", "" \uc5c6\uace0"", ""\u4e5f\u6ca1\u6709""]"
typo,rlens_64p,typo-without,38,"[""\u4e0d\u4e86"", ""\u4e5f\u6ca1\u6709"", "" neither"", ""\u90fd\u6ca1\u6709"", ""neither""]"
typo,rlens_64p,typo-without,45,"[""ly"", ""s"", ""ness"", ""without"", "" without""]"
typo,rlens_64p,typo-without,52,"[""without"", "" without"", ""Without"", "" Without"", "" tanpa""]"
typo,jpp_64p,typo-without,8,"[""ot"", ""et"", ""ov"", ""ont"", ""oh""]"
typo,jpp_64p,typo-without,15,"[""ont"", ""\u17a5\u178f"", ""int"", ""\uc18d"", ""not""]"
typo,jpp_64p,typo-without,22,"[""\uc18d"", ""ont"", ""\u17a5\u178f"", ""\u0163e"", ""but""]"
typo,jpp_64p,typo-without,30,"[""\u4e0d\u4e86"", "" \uc5c6\uace0"", ""\u4e0d\u80fd"", ""\u90fd\u6ca1\u6709"", ""\u6ca1\u6709\u4efb\u4f55""]"
typo,jpp_64p,typo-without,38,"[""\u4e0d\u4e86"", ""ed"", ""none"", ""eless"", ""ignor""]"
typo,jpp_64p,typo-without,45,"[""without"", "" without"", ""Without"", ""with"", ""**""]"
typo,jpp_64p,typo-without,52,"[""without"", "" without"", ""Without"", ""WIT"", "" Without""]"
typo,logit,typo-another,8,"["" l"", "" and"", "" de"", ""ly"", "" s""]"
typo,logit,typo-another,15,"[""\u064a\u0646"", "" de"", ""sa"", ""k"", "" own""]"
typo,logit,typo-another,22,"["" de"", "" own"", ""\u0629"", ""\u064a\u0646"", ""\u308b""]"
typo,logit,typo-another,30,"["" own"", ""-"", ""ed"", ""er"", ""s""]"
typo,logit,typo-another,38,"[""-"", ""C"", ""L"", ""T"", ""ed""]"
typo,logit,typo-another,45,"["" l"", ""-"", ""C"", ""ed"", "" a""]"
typo,logit,typo-another,52,"[""another"", ""Another"", "" Another"", "" another"", "" \u0e2d\u0e35\u0e01""]"
typo,jlens_16p,typo-another,8,"[""y"", ""yeri"", ""ness"", ""\u094d\u092f"", ""mett""]"
typo,jlens_16p,typo-another,15,"[""\u0420\u0410"", ""UKA"", "" PRP"", "" own"", "" la""]"
typo,jlens_16p,typo-another,22,"[""\u0420\u0410"", ""UKA"", "" PRP"", "" own"", "" la""]"
typo,jlens_16p,typo-another,30,"["" own"", ""\u6027"", "" kind"", "" single"", ""rian""]"
typo,jlens_16p,typo-another,38,"["" own"", ""\u0647"", ""\ub3c4"", ""\u0629"", "" uma""]"
typo,jlens_16p,typo-another,45,"["" kind"", ""\u0647\u0627"", ""\u0647"", "" own"", ""\u0629""]"
typo,jlens_16p,typo-another,52,"[""ness"", ""er"", "" another"", ""another"", ""ther""]"
typo,rlens_16p,typo-another,8,"["" la"", "" l"", ""C"", ""L"", ""T""]"
typo,rlens_16p,typo-another,15,"["" la"", ""T"", ""L"", ""C"", "" l""]"
typo,rlens_16p,typo-another,22,"["" la"", "" l"", ""T"", "" a"", "" que""]"
typo,rlens_16p,typo-another,30,"["" la"", ""another"", ""\u5f7c\u6b64"", "" another"", ""\u8865\u5145""]"
typo,rlens_16p,typo-another,38,"["" la"", "" another"", ""another"", ""C"", ""\u53e6\u4e00\u79cd""]"
typo,rlens_16p,typo-another,45,"[""ness"", ""another"", ""\u53e6\u4e00\u4e2a"", "" another"", ""\u0e2d\u0e35\u0e01""]"
typo,rlens_16p,typo-another,52,"[""another"", "" another"", ""Another"", "" Another"", ""ness""]"
typo,rlens_64p,typo-another,8,"["" la"", "" l"", ""C"", ""L"", ""T""]"
typo,rlens_64p,typo-another,15,"["" la"", ""T"", ""C"", "" l"", ""L""]"
typo,rlens_64p,typo-another,22,"["" la"", "" l"", ""T"", "" a"", "" que""]"
typo,rlens_64p,typo-another,30,"["" la"", ""th"", ""C"", ""\u5f7c\u6b64"", "" a""]"
typo,rlens_64p,typo-another,38,"["" la"", "" another"", ""C"", ""another"", ""\u53e6\u4e00\u79cd""]"
typo,rlens_64p,typo-another,45,"[""ness"", ""another"", ""\u53e6\u4e00\u4e2a"", "" la"", "" another""]"
typo,rlens_64p,typo-another,52,"["" another"", ""another"", ""Another"", ""ness"", "" Another""]"
typo,jpp_64p,typo-another,8,"[""ther"", "" l"", ""ter"", "" other"", "" theater""]"
typo,jpp_64p,typo-another,15,"[""ther"", ""another"", "" another"", "" l"", "" theater""]"
typo,jpp_64p,typo-another,22,"[""ther"", "" l"", ""another"", "" la"", "" another""]"
typo,jpp_64p,typo-another,30,"[""another"", "" another"", ""ther"", ""C"", "" same""]"
typo,jpp_64p,typo-another,38,"["" Another"", ""Another"", "" la"", "" another"", ""another""]"
typo,jpp_64p,typo-another,45,"[""another"", ""Another"", "" another"", ""\u0640"", "" Another""]"
typo,jpp_64p,typo-another,52,"[""another"", "" another"", ""Another"", ""uther"", "" la""]"
typo,logit,typo-between,8,"[""ert"", "" la"", ""ings"", "" \u09a6"", ""ul""]"
typo,logit,typo-between,15,"[""ten"", ""ting"", ""\u064a\u0646"", "" \u0938\u093e\u0925"", ""\u0627\u0646""]"
typo,logit,typo-between,22,"[""\u093f\u0902\u0917"", ""S"", "" \u0648\u0628\u064a\u0646"", ""\u0627\u0646"", ""\u064a\u0646""]"
typo,logit,typo-between,30,"[""-"", "" l"", "" own"", ""ed"", ""er""]"
typo,logit,typo-between,38,"[""-"", "" and"", ""C"", ""L"", ""T""]"
typo,logit,typo-between,45,"["" a"", ""-"", ""L"", "" two"", ""B""]"
typo,logit,typo-between,52,"[""-"", ""T"", ""L"", ""S"", ""Between""]"
typo,jlens_16p,typo-between,8,"[""y"", ""yeri"", ""ness"", ""\u094d\u092f"", ""mett""]"
typo,jlens_16p,typo-between,15,"[""UKA"", ""\u0420\u0410"", "" PRP"", "" own"", "" la""]"
typo,jlens_16p,typo-between,22,"[""\u0420\u0410"", ""UKA"", "" PRP"", "" own"", "" la""]"
typo,jlens_16p,typo-between,30,"["" own"", "" even"", ""\u6027"", "" single"", ""ye""]"
typo,jlens_16p,typo-between,38,"["" own"", ""\u0647"", "" uma"", "" even"", ""al""]"
typo,jlens_16p,typo-between,45,"["" own"", "" uma"", ""\u0647\u0627"", ""\u0647"", "" \u0648\u0628\u064a\u0646""]"
typo,jlens_16p,typo-between,52,"[""ness"", "" between"", "" \u0648\u0628\u064a\u0646"", "" two"", "" the""]"
typo,rlens_16p,typo-between,8,"["" \u0648\u0628\u064a\u0646"", ""\u094d\u0939"", "" la"", ""ual"", ""\u043d\u0435""]"
typo,rlens_16p,typo-between,15,"["" \u0648\u0628\u064a\u0646"", ""\u094d\u0939"", "" between"", ""\u043d\u0435"", "" \u0ab5\u0a9a\u0acd\u0a9a\u0ac7""]"
typo,rlens_16p,typo-between,22,"["" \u0648\u0628\u064a\u0646"", ""\u094d\u0939"", "" between"", ""\u95f4\u7684"", ""between""]"
typo,rlens_16p,typo-between,30,"["" \u0648\u0628\u064a\u0646"", ""\u094d\u0939"", ""\u043d\u0435"", ""\u0d4d\u0d32"", ""\u0e0a\u0e04""]"
typo,rlens_16p,typo-between,38,"["" \u0648\u0628\u064a\u0646"", ""subsetneq"", "" l\u1eabn"", "" \u0434\u0432\u0435"", ""\u043d\u0435""]"
typo,rlens_16p,typo-between,45,"["" \u0648\u0628\u064a\u0646"", "" \u0926\u094b\u0928"", ""\u4e24\u4e2a"", ""between"", "" two""]"
typo,rlens_16p,typo-between,52,"["" \u0648\u0628\u064a\u0646"", "" between"", ""between"", "" two"", "" \u0926\u094b\u0928""]"
typo,rlens_64p,typo-between,8,"["" \u0648\u0628\u064a\u0646"", ""\u094d\u0939"", "" la"", ""\u043d\u0435"", ""ual""]"
typo,rlens_64p,typo-between,15,"["" \u0648\u0628\u064a\u0646"", ""\u094d\u0939"", "" between"", ""\u043d\u0435"", "" \u0ab5\u0a9a\u0acd\u0a9a\u0ac7""]"
typo,rlens_64p,typo-between,22,"["" \u0648\u0628\u064a\u0646"", ""\u094d\u0939"", "" between"", ""\u043d\u0435"", ""\u95f4\u7684""]"
typo,rlens_64p,typo-between,30,"["" \u0648\u0628\u064a\u0646"", ""\u094d\u0939"", ""\u043d\u0435"", ""\u0e0a\u0e04"", ""\u4e4b\u95f4""]"
typo,rlens_64p,typo-between,38,"["" \u0648\u0628\u064a\u0646"", ""subsetneq"", "" \u0434\u0432\u0435"", ""icao"", ""between""]"
typo,rlens_64p,typo-between,45,"["" \u0648\u0628\u064a\u0646"", ""\u4e24\u4e2a"", "" \u0926\u094b\u0928"", ""between"", "" \u0434\u0432\u0435""]"
typo,rlens_64p,typo-between,52,"["" \u0648\u0628\u064a\u0646"", "" between"", ""between"", "" two"", "" \u0926\u094b\u0928""]"
typo,jpp_64p,typo-between,8,"[""P"", ""ve"", "" between"", ""between"", ""\u0935\u0947""]"
typo,jpp_64p,typo-between,15,"["" between"", ""\u95f4\u7684"", ""\uac04"", ""\u95f4"", ""between""]"
typo,jpp_64p,typo-between,22,"["" between"", ""\u95f4\u7684"", ""between"", ""\uac04"", ""\u95f4""]"
typo,jpp_64p,typo-between,30,"[""kehr"", ""\u4e4b\u95f4"", "" Olsen"", ""\u0e35\u0e22\u0e27"", ""\u043d\u0435""]"
typo,jpp_64p,typo-between,38,"["" \u0648\u0628\u064a\u0646"", "" Between"", ""\u9055"", ""\uff12"", "" \u06f2""]"
typo,jpp_64p,typo-between,45,"["" \u0648\u0628\u064a\u0646"", ""between"", ""\u0640\u0640"", ""two"", ""\u0e2b\u0e27\u0e48\u0e32\u0e07""]"
typo,jpp_64p,typo-between,52,"["" \u0648\u0628\u064a\u0646"", "" two"", ""two"", ""between"", "" between""]"
typo,logit,typo-several,8,"[""</s>"", ""ing"", ""om"", ""ach"", ""ers""]"
typo,logit,typo-several,15,"[""\u064a\u0646"", "" \u043d\u0435"", ""ao"", ""\u093f\u092f\u094b\u0902"", ""\u043a\u0430""]"
typo,logit,typo-several,22,"[""\u3088\u3046\u306a"", "" uma"", ""\u8005"", "" \u092e\u0947\u0930\u0947"", ""\u043a\u0430""]"
typo,logit,typo-several,30,"["" own"", ""er"", ""-"", ""ed"", ""and""]"
typo,logit,typo-several,38,"[""-"", ""C"", "" and"", ""P"", ""T""]"
typo,logit,typo-several,45,"["" l"", "" a"", ""-"", "" and"", ""0""]"
typo,logit,typo-several,52,"[""Several"", ""several"", "" Several"", "" several"", "" beberapa""]"
typo,jlens_16p,typo-several,8,"[""y"", ""yeri"", ""ness"", ""\u094d\u092f"", ""mett""]"
typo,jlens_16p,typo-several,15,"[""UKA"", ""\u0420\u0410"", "" PRP"", "" own"", "" la""]"
typo,jlens_16p,typo-several,22,"[""\u0420\u0410"", ""UKA"", "" PRP"", "" own"", "" la""]"
typo,jlens_16p,typo-several,30,"["" own"", ""\u6027"", "" single"", ""ized"", ""rian""]"
typo,jlens_16p,typo-several,38,"["" own"", "" uma"", ""\u6027"", ""al"", ""ity""]"
typo,jlens_16p,typo-several,45,"["" uma"", ""al"", ""ized"", ""\u0647\u0627"", ""\u06cc""]"
typo,jlens_16p,typo-several,52,"["" several"", ""several"", ""Several"", ""ness"", "" Several""]"
typo,rlens_16p,typo-several,8,"[""ial"", ""ral"", ""al"", ""tl"", ""eria""]"
typo,rlens_16p,typo-several,15,"[""ial"", ""al"", ""uel"", ""\u51e0\u6b21"", ""ias""]"
typo,rlens_16p,typo-several,22,"[""ial"", ""\u51e0\u6b21"", ""al"", ""uel"", "" numerous""]"
typo,rlens_16p,typo-several,30,"[""al"", ""ial"", "" \ub4ef"", ""anguage"", ""eran""]"
typo,rlens_16p,typo-several,38,"["" \uc798\ubabb"", "" \ubabb\ud55c"", ""\ub3c4"", "" \ub4ef"", ""\ubcf4\ub2e4""]"
typo,rlens_16p,typo-several,45,"[""s"", ""ized"", "" either"", ""ness"", ""al""]"
typo,rlens_16p,typo-several,52,"["" several"", ""several"", ""Several"", "" Several"", ""\u51e0\u4e2a""]"
typo,rlens_64p,typo-several,8,"[""ial"", ""ral"", ""tl"", ""al"", ""ias""]"
typo,rlens_64p,typo-several,15,"[""ial"", ""al"", ""ias"", ""tl"", ""\u51e0\u6b21""]"
typo,rlens_64p,typo-several,22,"[""ial"", ""\u51e0\u6b21"", ""al"", ""uel"", ""ich""]"
typo,rlens_64p,typo-several,30,"[""al"", ""ial"", ""\u0649"", "" \ub4ef"", ""\u318d""]"
typo,rlens_64p,typo-several,38,"["" \ub4ef"", "" \uc798\ubabb"", ""\ub3c4"", "" \ubabb\ud55c"", ""\u7410""]"
typo,rlens_64p,typo-several,45,"[""s"", ""ized"", ""ness"", ""ly"", ""ed""]"
typo,rlens_64p,typo-several,52,"["" several"", ""several"", ""Several"", "" Several"", ""\u51e0\u4e2a""]"
typo,jpp_64p,typo-several,8,"[""al"", ""sel"", "" own"", ""several"", ""ral""]"
typo,jpp_64p,typo-several,15,"[""several"", "" several"", ""sel"", ""al"", ""servlet""]"
typo,jpp_64p,typo-several,22,"[""several"", "" several"", ""ial"", ""\u51e0\u6b21"", ""ereal""]"
typo,jpp_64p,typo-several,30,"["" \uac19"", ""CharField"", ""\u00e7ar"", "" \ub4ef"", ""\ubcf4\ub2e4""]"
typo,jpp_64p,typo-several,38,"["" \uc798\ubabb"", ""ed"", ""\u7410"", ""\ub4e0"", ""\u9519\u8bef\u7684""]"
typo,jpp_64p,typo-several,45,"[""ed"", ""s"", ""\ub85c"", "" several"", ""eral""]"
typo,jpp_64p,typo-several,52,"["" several"", ""several"", ""Several"", "" Several"", ""\u51e0""]"
typo,logit,typo-special,8,"[""ing"", ""</s>"", "" l"", ""om"", "" and""]"
typo,logit,typo-special,15,"["" l"", ""om"", ""ut"", ""ul"", ""ou""]"
typo,logit,typo-special,22,"["" l"", "" uma"", ""ell"", "" \u043d\u0435"", "" even""]"
typo,logit,typo-special,30,"[""-"", "" own"", ""ed"", "" l"", ""er""]"
typo,logit,typo-special,38,"[""-"", ""C"", "" l"", "" and"", ""un""]"
typo,logit,typo-special,45,"["" a"", "" l"", ""ed"", ""C"", "" an""]"
typo,logit,typo-special,52,"[""special"", ""Special"", "" special"", "" Special"", "" spesial""]"
typo,jlens_16p,typo-special,8,"[""y"", ""yeri"", ""ness"", ""\u094d\u092f"", ""mett""]"
typo,jlens_16p,typo-special,15,"[""\u0420\u0410"", ""UKA"", "" PRP"", "" own"", "" la""]"
typo,jlens_16p,typo-special,22,"[""\u0420\u0410"", ""UKA"", "" PRP"", "" own"", "" la""]"
typo,jlens_16p,typo-special,30,"["" own"", ""\u6027"", "" single"", "" idea"", "" kind""]"
typo,jlens_16p,typo-special,38,"["" own"", ""\u6027"", "" uma"", ""\ub3c4"", "" idea""]"
typo,jlens_16p,typo-special,45,"["" uma"", ""\u0629"", "" kind"", ""\u0647\u0627"", "" th\u1ec3""]"
typo,jlens_16p,typo-special,52,"[""special"", "" special"", ""Special"", "" Special"", ""SPECIAL""]"
typo,rlens_16p,typo-special,8,"[""CIAL"", ""akah"", ""able"", ""\u00e1o"", ""\u0632\u0627\u0644""]"
typo,rlens_16p,typo-special,15,"[""CIAL"", ""\ud2b9\ubcc4"", "" \u0648\u06cc\u0698\u0647"", "" \ud2b9\ubcc4"", "" bi\u1ec7t""]"
typo,rlens_16p,typo-special,22,"[""\ud2b9\ubcc4"", ""CIAL"", "" \ud2b9\ubcc4"", "" \u7279\u5225"", ""\u7279\u522b""]"
typo,rlens_16p,typo-special,30,"[""CIAL"", ""eran"", ""akah"", ""iali"", ""\u5c24""]"
typo,rlens_16p,typo-special,38,"["" or"", ""\u9519\u8bef\u7684"", "" de"", ""\u0629"", ""\ub3c4""]"
typo,rlens_16p,typo-special,45,"[""s"", ""\u0629"", ""special"", ""\u7279\u522b"", "" uma""]"
typo,rlens_16p,typo-special,52,"["" special"", ""special"", ""Special"", ""SPECIAL"", "" Special""]"
typo,rlens_64p,typo-special,8,"[""able"", ""CIAL"", ""akah"", "" downfall"", ""yla""]"
typo,rlens_64p,typo-special,15,"[""CIAL"", ""\ud2b9\ubcc4"", "" bi\u1ec7t"", "" \u0648\u06cc\u0698\u0647"", "" \ud2b9\ubcc4""]"
typo,rlens_64p,typo-special,22,"[""\ud2b9\ubcc4"", ""CIAL"", "" \ud2b9\ubcc4"", "" bi\u1ec7t"", ""ionado""]"
typo,rlens_64p,typo-special,30,"[""eran"", ""akah"", ""CIAL"", ""\u5c24"", ""iali""]"
typo,rlens_64p,typo-special,38,"["" or"", ""\u9519\u8bef\u7684"", ""\u0629"", "" de"", ""s""]"
typo,rlens_64p,typo-special,45,"[""s"", ""\u0629"", ""\u7279\u522b"", "" uma"", ""ization""]"
typo,rlens_64p,typo-special,52,"[""special"", "" special"", ""Special"", "" \ud2b9\ubcc4"", "" Special""]"
typo,jpp_64p,typo-special,8,"["" special"", ""able"", ""special"", "" especial"", ""\u7279\u522b""]"
typo,jpp_64p,typo-special,15,"["" special"", ""special"", "" especial"", ""SPECIAL"", ""specially""]"
typo,jpp_64p,typo-special,22,"["" special"", ""special"", ""\ud2b9\ubcc4"", ""pecial"", "" especial""]"
typo,jpp_64p,typo-special,30,"["" especial"", ""\u7279\u522b"", ""specially"", ""overleftarrow"", ""SPECIAL""]"
typo,jpp_64p,typo-special,38,"[""ed"", ""e"", "" misspelled"", ""\u9519\u8bef\u7684"", "" spelling""]"
typo,jpp_64p,typo-special,45,"[""\u0629"", ""special"", ""ed"", ""s"", ""\ud2b9\ubcc4""]"
typo,jpp_64p,typo-special,52,"[""special"", "" special"", ""SPECIAL"", ""Special"", "" especial""]"
typo,logit,typo-country,8,"[""</tbody>"", ""</html>"", "" l"", ""ation"", ""ed""]"
typo,logit,typo-country,15,"["" l"", "" scrivere"", "" \uad49\uc7a5\ud788"", "" \u043f\u043e\u043b\u043d\u0443\u044e"", "" \u043f\u0440\u0430\u0432\u0438\u043b\u0430""]"
typo,logit,typo-country,22,"[""S"", "" \u043f\u0440\u0430\u0432\u0438\u043b\u0430"", "" uma"", "" scrivere"", ""\u0e40\u0e23\u0e32""]"
typo,logit,typo-country,30,"[""-"", ""er"", ""ed"", "" l"", "" and""]"
typo,logit,typo-country,38,"[""L"", "" and"", ""C"", ""P"", ""-""]"
typo,logit,typo-country,45,"["" l"", "" a"", ""ed"", "" before"", ""y""]"
typo,logit,typo-country,52,"["" Country"", "" country"", ""Country"", ""country"", ""COUNTRY""]"
typo,jlens_16p,typo-country,8,"[""y"", ""yeri"", ""ness"", ""\u094d\u092f"", ""mett""]"
typo,jlens_16p,typo-country,15,"[""\u0420\u0410"", ""UKA"", "" PRP"", "" la"", "" BUY""]"
typo,jlens_16p,typo-country,22,"[""\u0420\u0410"", ""UKA"", "" PRP"", "" own"", "" la""]"
typo,jlens_16p,typo-country,30,"["" own"", ""\u6027"", "" single"", "" up"", ""rian""]"
typo,jlens_16p,typo-country,38,"["" own"", ""\ub3c4"", "" up"", ""\u0629"", "" idea""]"
typo,jlens_16p,typo-country,45,"["" own"", ""\u0629"", ""\u0dd2\u0db1\u0dca"", ""\u4e00\u4e2a"", ""\u0647\u0627""]"
typo,jlens_16p,typo-country,52,"["" country"", ""country"", "" Country"", ""Country"", "" COUNTRY""]"
typo,rlens_16p,typo-country,8,"[""L"", ""\ubc0f"", "" l"", ""\u0148"", ""matory""]"
typo,rlens_16p,typo-country,15,"["" \u0e1b\u0e23\u0e30\u0e40\u0e17\u0e28"", ""\u0e1b\u0e23\u0e30\u0e40\u0e17\u0e28"", "" la"", "" country"", "" l""]"
typo,rlens_16p,typo-country,22,"["" own"", "" country"", "" \u0e1b\u0e23\u0e30\u0e40\u0e17\u0e28"", "" la"", "" \u56fd""]"
typo,rlens_16p,typo-country,30,"["" own"", ""L"", ""<sup>"", "" england"", ""\u0902\u0917""]"
typo,rlens_16p,typo-country,38,"[""L"", ""<sup>"", ""\u00b9."", "" pa\u00eds"", "" england""]"
typo,rlens_16p,typo-country,45,"["" \u0926\u0947\u0936"", ""own"", "" country"", ""\u56fd"", ""<sup>""]"
typo,rlens_16p,typo-country,52,"["" country"", ""Country"", ""country"", "" Country"", "" pa\u00eds""]"
typo,rlens_64p,typo-country,8,"[""L"", "" l"", ""\u0148"", ""\ubc0f"", "" la""]"
typo,rlens_64p,typo-country,15,"["" la"", "" l"", ""\u0148"", "" country"", ""\u0e1b\u0e23\u0e30\u0e40\u0e17\u0e28""]"
typo,rlens_64p,typo-country,22,"["" own"", "" la"", "" l"", "" country"", "" \u0e1b\u0e23\u0e30\u0e40\u0e17\u0e28""]"
typo,rlens_64p,typo-country,30,"["" own"", ""L"", ""<sup>"", ""\u0902\u0917"", "" england""]"
typo,rlens_64p,typo-country,38,"[""L"", ""<sup>"", ""\u00b9."", ""own"", "" \u0926\u0947\u0936""]"
typo,rlens_64p,typo-country,45,"[""own"", "" \u0926\u0947\u0936"", "" country"", ""\u56fd"", ""<sup>""]"
typo,rlens_64p,typo-country,52,"["" country"", ""Country"", ""country"", "" Country"", "" \u0926\u0947\u0936""]"
typo,jpp_64p,typo-country,8,"[""ry"", "" country"", "" XXI"", "" contre"", "" contro""]"
typo,jpp_64p,typo-country,15,"["" country"", ""\u0e1b\u0e23\u0e30\u0e40\u0e17\u0e28"", ""country"", ""\uad6d"", "" countrymen""]"
typo,jpp_64p,typo-country,22,"["" country"", "" own"", ""\u0e1b\u0e23\u0e30\u0e40\u0e17\u0e28"", ""\uad6d"", "" countrymen""]"
typo,jpp_64p,typo-country,30,"["" own"", "" country"", "" england"", ""\u56fd"", "" \u0441\u0442\u0440\u0430\u043d\u044b""]"
typo,jpp_64p,typo-country,38,"["" \u56fd"", "" Country"", ""Country"", ""\u56fd"", "" COUNTRY""]"
typo,jpp_64p,typo-country,45,"[""country"", "" country"", ""Country"", ""</u>"", "" Country""]"
typo,jpp_64p,typo-country,52,"["" country"", ""country"", ""Country"", "" Country"", "" COUNTRY""]"
typo,logit,typo-company,8,"[""<table>"", ""</tbody>"", ""</li>"", "" l"", ""<footer>""]"
typo,logit,typo-company,15,"[""S"", ""\u3088\u3046\u306a"", ""\u3082"", "" \u0432"", ""\u3042\u308b""]"
typo,logit,typo-company,22,"[""\u3088\u3046\u306a"", ""S"", ""\u09e9\u09e7"", "" Hover"", "" \u0432""]"
typo,logit,typo-company,30,"[""-"", "" own"", ""ed"", "" l"", ""e""]"
typo,logit,typo-company,38,"[""C"", ""L"", ""-"", "" and"", ""P""]"
typo,logit,typo-company,45,"["" l"", "" a"", "" and"", "" as"", ""y""]"
typo,logit,typo-company,52,"[""company"", "" company"", "" \u0915\u0902\u092a\u0928\u0940"", ""\u516c\u53f8"", ""Company""]"
typo,jlens_16p,typo-company,8,"[""y"", ""yeri"", ""ness"", ""\u094d\u092f"", ""mett""]"
typo,jlens_16p,typo-company,15,"[""UKA"", ""\u0420\u0410"", "" PRP"", "" la"", "" own""]"
typo,jlens_16p,typo-company,22,"[""UKA"", ""\u0420\u0410"", "" PRP"", "" own"", "" la""]"
typo,jlens_16p,typo-company,30,"["" own"", ""\u6027"", "" up"", "" single"", "" even""]"
typo,jlens_16p,typo-company,38,"["" own"", "" uma"", "" up"", ""\ub3c4"", ""\u0629""]"
typo,jlens_16p,typo-company,45,"["" uma"", "" own"", ""\uc11c"", ""\u0647\u0627"", ""\u0647""]"
typo,jlens_16p,typo-company,52,"[""ness"", "" company"", ""company"", ""ty"", "" Company""]"
typo,rlens_16p,typo-company,8,"[""L"", ""e"", ""\ubc0f"", ""\u6271\u3044"", ""ny""]"
typo,rlens_16p,typo-company,15,"["" l"", "" la"", ""e"", "" de"", ""T""]"
typo,rlens_16p,typo-company,22,"["" la"", "" l"", ""e"", ""\u8be5\u516c\u53f8"", "" company""]"
typo,rlens_16p,typo-company,30,"[""L"", ""e"", ""\ub123"", ""uel"", ""<sup>""]"
typo,rlens_16p,typo-company,38,"[""L"", "" de"", ""**"", ""<sup>"", ""\ub123""]"
typo,rlens_16p,typo-company,45,"[""ness"", ""s"", ""<sup>"", ""y"", ""S""]"
typo,rlens_16p,typo-company,52,"["" company"", ""company"", "" Company"", ""Company"", ""ness""]"
typo,rlens_64p,typo-company,8,"[""L"", ""e"", ""ny"", ""\u6271\u3044"", ""\ubc0f""]"
typo,rlens_64p,typo-company,15,"["" l"", "" la"", ""e"", "" de"", ""T""]"
typo,rlens_64p,typo-company,22,"["" l"", "" la"", ""e"", ""\u8be5\u516c\u53f8"", ""resa""]"
typo,rlens_64p,typo-company,30,"[""e"", ""L"", ""ny"", ""uel"", "" \u0e40\u0e14\u0e35\u0e22\u0e27""]"
typo,rlens_64p,typo-company,38,"[""L"", "" de"", ""e"", ""**"", ""ness""]"
typo,rlens_64p,typo-company,45,"[""ness"", ""s"", ""y"", "" uma"", ""<sup>""]"
typo,rlens_64p,typo-company,52,"["" company"", ""company"", ""ness"", "" Company"", ""Company""]"
typo,jpp_64p,typo-company,8,"[""ny"", ""name"", "" company"", ""ne"", ""nay""]"
typo,jpp_64p,typo-company,15,"["" company"", ""ny"", ""\u8be5\u516c\u53f8"", ""npm"", ""\u0634\u0631\u0643\u0629""]"
typo,jpp_64p,typo-company,22,"["" company"", "" la"", ""\u8be5\u516c\u53f8"", ""ny"", ""company""]"
typo,jpp_64p,typo-company,30,"[""L"", ""e"", ""ny"", ""\ub123"", ""ziemy""]"
typo,jpp_64p,typo-company,38,"[""e"", "" \u0433\u0440\u0430\u043c\u043e"", ""ed"", ""ty"", ""yle""]"
typo,jpp_64p,typo-company,45,"[""e"", ""ed"", ""**"", ""S"", ""ty""]"
typo,jpp_64p,typo-company,52,"["" company"", ""company"", ""ty"", ""COMPANY"", "" Company""]"
typo,logit,typo-which,8,"[""la"", "" de"", "" able"", "" f\u00fcr"", "" own""]"
typo,logit,typo-which,15,"["" la"", ""ul"", "" que"", ""-"", "" de""]"
typo,logit,typo-which,22,"["" de"", ""S"", ""\u064a"", "" la"", ""-""]"
typo,logit,typo-which,30,"[""-"", "" l"", ""e"", ""er"", "" and""]"
typo,logit,typo-which,38,"[""-"", "" l"", ""T"", ""K"", "" of""]"
typo,logit,typo-which,45,"["" l"", ""-"", "" of"", "" a"", "" one""]"
typo,logit,typo-which,52,"[""-"", "" l"", ""C"", ""B"", "" way""]"
typo,jlens_16p,typo-which,8,"[""y"", ""yeri"", ""ness"", ""\u094d\u092f"", ""mett""]"
typo,jlens_16p,typo-which,15,"[""\u0420\u0410"", ""UKA"", "" PRP"", "" own"", "" la""]"
typo,jlens_16p,typo-which,22,"[""UKA"", ""\u0420\u0410"", "" own"", "" PRP"", "" la""]"
typo,jlens_16p,typo-which,30,"["" own"", ""\u6027"", ""mente"", ""ity"", "" up""]"
typo,jlens_16p,typo-which,38,"["" own"", ""ity"", "" uma"", "" up"", ""\u6027""]"
typo,jlens_16p,typo-which,45,"["" of"", "" even"", ""ized"", ""ization"", ""ly""]"
typo,jlens_16p,typo-which,52,"["" of"", ""ed"", ""ization"", ""ly"", ""ness""]"
typo,rlens_16p,typo-which,8,"[""ich"", ""burgh"", ""</h3>"", ""ICH"", "" colour""]"
typo,rlens_16p,typo-which,15,"[""</h3>"", "" which"", ""ich"", ""burgh"", ""\u1c6a""]"
typo,rlens_16p,typo-which,22,"[""</h3>"", ""\u1c6a"", ""coli"", ""ich"", "" which""]"
typo,rlens_16p,typo-which,30,"[""\u1c6a"", ""-"", ""iewicz"", ""</h3>"", ""which""]"
typo,rlens_16p,typo-which,38,"["" own"", ""iewicz"", ""\u54ea\u4e9b"", ""ed"", ""</h3>""]"
typo,rlens_16p,typo-which,45,"["" own"", "" one"", "" either"", "" of"", "" even""]"
typo,rlens_16p,typo-which,52,"["" way"", "" of"", "" one"", "" which"", "" among""]"
typo,rlens_64p,typo-which,8,"[""ich"", ""burgh"", ""</h3>"", ""ICH"", "" colour""]"
typo,rlens_64p,typo-which,15,"[""</h3>"", "" which"", ""ich"", ""burgh"", ""\u1c6a""]"
typo,rlens_64p,typo-which,22,"[""</h3>"", ""\u1c6a"", ""coli"", ""ich"", "" which""]"
typo,rlens_64p,typo-which,30,"[""\u1c6a"", ""</h3>"", ""-"", ""iewicz"", "" which""]"
typo,rlens_64p,typo-which,38,"["" own"", ""\u54ea\u4e9b"", ""iewicz"", ""ed"", ""</h3>""]"
typo,rlens_64p,typo-which,45,"["" own"", "" of"", "" one"", "" either"", "" even""]"
typo,rlens_64p,typo-which,52,"["" way"", "" of"", "" one"", "" which"", "" among""]"
typo,jpp_64p,typo-which,8,"[""ich"", ""which"", "" which"", ""\u0e0b\u0e36\u0e48\u0e07"", ""C""]"
typo,jpp_64p,typo-which,15,"[""ich"", "" which"", ""which"", ""\u00e1ch"", ""</h3>""]"
typo,jpp_64p,typo-which,22,"[""</h3>"", ""ich"", ""\u00e1ch"", "" which"", "" different""]"
typo,jpp_64p,typo-which,30,"[""\u1c6a"", ""which"", ""\u660e\u660e"", "" colour"", "" n\u00e0o""]"
typo,jpp_64p,typo-which,38,"[""Which"", ""ed"", "" Which"", ""\u4e2d\u5b66"", "" Wich""]"
typo,jpp_64p,typo-which,45,"["" la"", "" one"", ""**"", "" choice"", ""%""]"
typo,jpp_64p,typo-which,52,"["" way"", "" one"", "" which"", "" of"", ""wich""]"
typo,logit,typo-running,8,"[""</ul>"", ""</tbody>"", ""</li>"", ""et"", ""ing""]"
typo,logit,typo-running,15,"[""\u064a\u0646"", "" l"", ""\u0647\u0627"", ""\u0645\u0627"", ""iz""]"
typo,logit,typo-running,22,"["" l"", ""iz"", ""\u0647\u0627"", ""\u0637"", ""\u1233\u122a\u12eb""]"
typo,logit,typo-running,30,"["" l"", "" own"", ""-"", ""ed"", ""er""]"
typo,logit,typo-running,38,"[""-"", ""C"", "" and"", ""L"", ""ed""]"
typo,logit,typo-running,45,"[""C"", "" a"", ""ed"", "" been"", ""ly""]"
typo,logit,typo-running,52,"[""run"", ""RUN"", ""running"", "" RUN"", ""\u8fd0\u884c""]"
typo,jlens_16p,typo-running,8,"[""y"", ""yeri"", ""ness"", ""\u094d\u092f"", ""mett""]"
typo,jlens_16p,typo-running,15,"[""UKA"", ""\u0420\u0410"", "" PRP"", "" own"", "" la""]"
typo,jlens_16p,typo-running,22,"[""\u0420\u0410"", ""UKA"", "" PRP"", "" own"", "" la""]"
typo,jlens_16p,typo-running,30,"["" own"", ""\u6027"", "" up"", "" single"", "" kind""]"
typo,jlens_16p,typo-running,38,"["" own"", "" \uc2f6"", ""\u6027"", "" up"", ""\u0629""]"
typo,jlens_16p,typo-running,45,"["" own"", ""\u0629"", "" \uc2f6"", ""\u0647\u0627"", "" up""]"
typo,jlens_16p,typo-running,52,"[""ness"", ""ning"", ""er"", ""ed"", ""run""]"
typo,rlens_16p,typo-running,8,"[""L"", ""K"", ""C"", ""inkan"", ""\u04d9""]"
typo,rlens_16p,typo-running,15,"[""L"", ""C"", ""nea"", ""\u04d9"", ""\u5230\u5e95\u662f""]"
typo,rlens_16p,typo-running,22,"[""\u5230\u5e95\u662f"", ""nea"", ""C"", ""\u6d43"", ""\u04d9""]"
typo,rlens_16p,typo-running,30,"[""L"", ""\u5230\u5e95\u662f"", ""\u0433"", ""\u4e0d\u4e86"", "" \ub4ef""]"
typo,rlens_16p,typo-running,38,"[""L"", ""C"", ""S"", ""<sup>"", "" lol""]"
typo,rlens_16p,typo-running,45,"[""S"", ""C"", ""L"", ""\u0433"", ""\u0640\u0640""]"
typo,rlens_16p,typo-running,52,"[""run"", "" run"", ""C"", ""Run"", ""RUN""]"
typo,rlens_64p,typo-running,8,"[""L"", ""K"", ""\u8bc1"", ""inkan"", ""C""]"
typo,rlens_64p,typo-running,15,"[""L"", ""C"", ""\u04d9"", ""nea"", ""\u5230\u5e95\u662f""]"
typo,rlens_64p,typo-running,22,"[""\u5230\u5e95\u662f"", ""nea"", ""C"", ""\u6d43"", ""\u04d9""]"
typo,rlens_64p,typo-running,30,"[""L"", ""\u5230\u5e95\u662f"", ""C"", ""ness"", ""\u0433""]"
typo,rlens_64p,typo-running,38,"[""C"", ""L"", ""S"", ""<sup>"", "" lol""]"
typo,rlens_64p,typo-running,45,"[""S"", ""C"", ""L"", ""-"", ""\u0640""]"
typo,rlens_64p,typo-running,52,"[""run"", "" run"", ""C"", ""Run"", ""RUN""]"
typo,jpp_64p,typo-running,8,"[""ning"", ""ering"", ""ung"", "" n\u0103ng"", ""\u0646\u06af""]"
typo,jpp_64p,typo-running,15,"[""nea"", ""ering"", ""ning"", "" run"", ""getline""]"
typo,jpp_64p,typo-running,22,"[""nea"", ""ning"", ""getline"", ""ering"", ""\u6d43""]"
typo,jpp_64p,typo-running,30,"[""L"", ""C"", ""\u5230\u5e95\u662f"", ""S"", ""\u0433""]"
typo,jpp_64p,typo-running,38,"[""ed"", ""sthrough"", "" or"", ""yle"", ""still""]"
typo,jpp_64p,typo-running,45,"[""C"", ""S"", ""\u00f7"", ""</u>"", ""\u0640""]"
typo,jpp_64p,typo-running,52,"[""run"", ""RUN"", "" run"", ""Run"", "" runny""]"
typo,logit,typo-million,8,"[""<i>"", ""</td>"", ""ly"", ""ell"", ""ul""]"
typo,logit,typo-million,15,"[""\u0ba4\u0bc1"", "" \u043d\u0435"", ""\u064a\u0646"", ""\u0917\u0947"", "" la""]"
typo,logit,typo-million,22,"[""\u7684\u5176\u4ed6"", "" la"", ""\u306e\u9055\u3044"", "" dise\u00f1o"", ""\u306e\u7a2e\u985e""]"
typo,logit,typo-million,30,"["" l"", ""that"", ""er"", "" own"", ""ed""]"
typo,logit,typo-million,38,"[""-"", "" l"", ""C"", "" and"", ""t""]"
typo,logit,typo-million,45,"["" l"", "" a"", ""-"", ""0"", ""C""]"
typo,logit,typo-million,52,"[""dollar"", ""T"", "" dollars"", "" dollar"", ""C""]"
typo,jlens_16p,typo-million,8,"[""y"", ""yeri"", ""ness"", ""\u094d\u092f"", ""mett""]"
typo,jlens_16p,typo-million,15,"[""\u0420\u0410"", ""UKA"", "" PRP"", "" own"", "" la""]"
typo,jlens_16p,typo-million,22,"[""UKA"", ""\u0420\u0410"", "" PRP"", "" own"", "" la""]"
typo,jlens_16p,typo-million,30,"["" own"", ""\u6027"", "" single"", ""ity"", "" up""]"
typo,jlens_16p,typo-million,38,"["" own"", ""ity"", ""\u6027"", "" single"", "" up""]"
typo,jlens_16p,typo-million,45,"[""\u06cc"", ""\u0629"", "" single"", ""\u064a\u0646"", ""ity""]"
typo,jlens_16p,typo-million,52,"[""ness"", ""dollar"", ""ed"", ""\u767e\u4e07"", "" million""]"
typo,rlens_16p,typo-million,8,"["" de"", ""ation"", ""ffffff"", "" \u4e07\u5143"", ""agia""]"
typo,rlens_16p,typo-million,15,"["" trillion"", "" million"", "" de"", ""ation"", ""\u09bf\u0993""]"
typo,rlens_16p,typo-million,22,"["" trillion"", "" million"", ""ffffff"", "" millions"", "" multimillion""]"
typo,rlens_16p,typo-million,30,"[""ffffff"", "" \u062e\u0645\u0633"", "" de"", ""ten"", ""s""]"
typo,rlens_16p,typo-million,38,"["" \u062e\u0645\u0633"", ""\u304f\u3089\u3044"", ""\uae14"", "" \ub4ef"", ""\u4ebf\u5143""]"
typo,rlens_16p,typo-million,45,"[""\u06cc"", ""ness"", ""\u304f\u3089\u3044"", ""s"", ""\u0629""]"
typo,rlens_16p,typo-million,52,"["" million"", ""dollar"", "" dollars"", "" milion"", ""million""]"
typo,rlens_64p,typo-million,8,"[""ation"", "" de"", ""agia"", ""\u4e86\u4ed6\u7684"", ""ffffff""]"
typo,rlens_64p,typo-million,15,"["" trillion"", "" million"", "" de"", ""ation"", ""\u09bf\u0993""]"
typo,rlens_64p,typo-million,22,"["" trillion"", "" million"", "" own"", ""ffffff"", "" multimillion""]"
typo,rlens_64p,typo-million,30,"[""ffffff"", "" \u062e\u0645\u0633"", "" de"", "" own"", "" trillion""]"
typo,rlens_64p,typo-million,38,"[""\u304f\u3089\u3044"", "" \u062e\u0645\u0633"", ""\u4ebf\u5143"", ""\uae14"", "" \ub4ef""]"
typo,rlens_64p,typo-million,45,"[""\u06cc"", ""ness"", ""s"", ""\u0629"", ""\u304f\u3089\u3044""]"
typo,rlens_64p,typo-million,52,"[""dollar"", "" million"", "" dollars"", "" milion"", ""million""]"
typo,jpp_64p,typo-million,8,"[""ium"", "" million"", "" notion"", ""iness"", "" milik""]"
typo,jpp_64p,typo-million,15,"["" million"", "" trillion"", "" multimillion"", "" millions"", "" milion""]"
typo,jpp_64p,typo-million,22,"["" million"", "" trillion"", "" multimillion"", "" own"", "" millions""]"
typo,jpp_64p,typo-million,30,"["" million"", "" trillion"", ""ffffff"", "" own"", "" millions""]"
typo,jpp_64p,typo-million,38,"["" Million"", "" million"", "" \u0645\u0644\u064a\u0648\u0646"", ""\u7684\u91d1"", ""\u4ebf\u5143""]"
typo,jpp_64p,typo-million,45,"[""million"", "" million"", ""illion"", "" milion"", ""Million""]"
typo,jpp_64p,typo-million,52,"["" milion"", "" million"", ""dollar"", ""million"", "" dollar""]"
typo,logit,typo-village,8,"[""<|tool_call>"", ""ers"", ""\u0627\u0628"", ""\u064a\u0646"", ""if""]"
typo,logit,typo-village,15,"[""\u0432\u0441\u044f"", "" \u00e9chelle"", "" \ub370"", "" \u043d\u0435"", ""\u0e2d\u0e07""]"
typo,logit,typo-village,22,"[""\u30bf\u30a4"", ""\u3088\u3046\u306a"", ""\u0432\u0441\u044f"", "" \u00e9poque"", "" t\u00edp""]"
typo,logit,typo-village,30,"[""er"", ""that"", ""ed"", ""and"", ""-""]"
typo,logit,typo-village,38,"[""C"", ""P"", ""T"", ""L"", ""S""]"
typo,logit,typo-village,45,"["" l"", ""B"", "" a"", ""L"", ""T""]"
typo,logit,typo-village,52,"[""S"", ""\u6751"", ""B"", "" villages"", "" village""]"
typo,jlens_16p,typo-village,8,"[""y"", ""yeri"", ""ness"", ""\u094d\u092f"", ""mett""]"
typo,jlens_16p,typo-village,15,"[""UKA"", ""\u0420\u0410"", "" PRP"", "" la"", "" own""]"
typo,jlens_16p,typo-village,22,"[""\u0420\u0410"", ""UKA"", "" PRP"", "" own"", "" la""]"
typo,jlens_16p,typo-village,30,"["" own"", ""mente"", ""\u6027"", ""ity"", ""ization""]"
typo,jlens_16p,typo-village,38,"[""ity"", "" own"", "" up"", ""ed"", ""mente""]"
typo,jlens_16p,typo-village,45,"[""ed"", ""ly"", ""ally"", "" where"", "" up""]"
typo,jlens_16p,typo-village,52,"[""ed"", ""ness"", ""ly"", "" in"", ""In""]"
typo,rlens_16p,typo-village,8,"[""itage"", ""am"", ""\u6d32"", ""orough"", ""anas""]"
typo,rlens_16p,typo-village,15,"["" de"", ""itage"", "" Neighbourhood"", "" l"", "" village""]"
typo,rlens_16p,typo-village,22,"["" town"", "" l"", "" village"", "" Village"", "" \u0a97\u0abe\u0aae""]"
typo,rlens_16p,typo-village,30,"[""yness"", "" nh\u00e0ng"", ""L"", ""\u094d\u0939"", ""<i>""]"
typo,rlens_16p,typo-village,38,"[""L"", "" de"", ""\u028c"", "" where"", "" which""]"
typo,rlens_16p,typo-village,45,"["" where"", "" which"", ""where"", "" ever"", "" de""]"
typo,rlens_16p,typo-village,52,"["" where"", "" in"", "" which"", "" village"", "" along""]"
typo,rlens_64p,typo-village,8,"[""itage"", ""\u6d32"", ""am"", ""orough"", ""anas""]"
typo,rlens_64p,typo-village,15,"["" l"", ""itage"", "" Neighbourhood"", ""\u6d32"", "" de""]"
typo,rlens_64p,typo-village,22,"["" l"", "" town"", "" village"", ""itage"", "" home""]"
typo,rlens_64p,typo-village,30,"[""yness"", "" nh\u00e0ng"", "" same"", "" \u0924\u0938\u0947\u091a"", "" courthouse""]"
typo,rlens_64p,typo-village,38,"[""L"", "" de"", ""\u028c"", "" which"", "" and""]"
typo,rlens_64p,typo-village,45,"["" where"", ""where"", "" which"", "" ever"", "" and""]"
typo,rlens_64p,typo-village,52,"["" where"", "" in"", "" village"", "" which"", "" along""]"
typo,jpp_64p,typo-village,8,"[""age"", ""agem"", "" village"", ""aj"", "" ch\u00e0ng""]"
typo,jpp_64p,typo-village,15,"["" village"", ""agem"", ""aged"", "" geleg"", ""age""]"
typo,jpp_64p,typo-village,22,"["" village"", ""agem"", "" own"", "" nh\u00e0ng"", "" plage""]"
typo,jpp_64p,typo-village,30,"[""L"", "" same"", "" nh\u00e0ng"", "" village"", "" countryside""]"
typo,jpp_64p,typo-village,38,"[""e"", "" Village"", "" \u0433\u0440\u0430\u043c\u043e"", "" or"", ""which""]"
typo,jpp_64p,typo-village,45,"["" where"", ""where"", ""village"", ""illage"", "" which""]"
typo,jpp_64p,typo-village,52,"["" village"", "" where"", "" in"", "" Village"", ""village""]"
typo,logit,typo-message,8,"["" l"", ""ed"", ""if"", ""est"", ""ing""]"
typo,logit,typo-message,15,"["" l"", ""B"", ""ene"", ""\u591a\u3044"", ""\u06cc\u0646""]"
typo,logit,typo-message,22,"[""B"", "" l"", "" own"", ""ene"", ""est""]"
typo,logit,typo-message,30,"[""ed"", "" own"", ""er"", ""e"", ""-""]"
typo,logit,typo-message,38,"[""C"", ""L"", ""-"", ""P"", "" l""]"
typo,logit,typo-message,45,"["" a"", "" l"", ""ed"", ""y"", "" an""]"
typo,logit,typo-message,52,"[""message"", "" message"", ""\u30e1\u30c3\u30bb\u30fc\u30b8"", "" Message"", "" mensaje""]"
typo,jlens_16p,typo-message,8,"[""y"", ""yeri"", ""ness"", ""\u094d\u092f"", ""mett""]"
typo,jlens_16p,typo-message,15,"[""UKA"", ""\u0420\u0410"", "" PRP"", "" la"", "" own""]"
typo,jlens_16p,typo-message,22,"[""UKA"", ""\u0420\u0410"", "" own"", "" PRP"", "" la""]"
typo,jlens_16p,typo-message,30,"["" own"", ""\u6027"", ""mente"", "" single"", "" up""]"
typo,jlens_16p,typo-message,38,"["" own"", ""\u0629"", ""\u6027"", "" \uc2f6"", "" idea""]"
typo,jlens_16p,typo-message,45,"["" own"", ""\u0629"", ""\uc11c"", ""al"", ""\u6027""]"
typo,jlens_16p,typo-message,52,"["" message"", "" msg"", ""message"", "" Message"", ""essage""]"
typo,rlens_16p,typo-message,8,"[""ues"", ""C"", ""gle"", ""\u0bc1\u0b95\u0bcd\u0b95\u0bc1"", ""gment""]"
typo,rlens_16p,typo-message,15,"[""ues"", "" newMessage"", ""gle"", "" a"", ""Isaac""]"
typo,rlens_16p,typo-message,22,"["" newMessage"", ""ues"", "" \u09ac\u09be\u09b0\u09cd\u09a4"", ""same"", ""gle""]"
typo,rlens_16p,typo-message,30,"[""/"", ""gment"", "" Maguire"", "" -"", ""\u043d\u0438\u0435""]"
typo,rlens_16p,typo-message,38,"["" or"", ""\u9519\u8bef\u7684"", ""\u0629"", "" incorrect"", "" \ubabb\ud55c""]"
typo,rlens_16p,typo-message,45,"[""s"", ""\u0629"", ""ly"", ""S"", ""ness""]"
typo,rlens_16p,typo-message,52,"["" message"", ""Message"", "" msg"", "" Message"", ""message""]"
typo,rlens_64p,typo-message,8,"[""ues"", ""C"", ""gle"", ""\u0bc1\u0b95\u0bcd\u0b95\u0bc1"", ""gment""]"
typo,rlens_64p,typo-message,15,"[""ues"", ""gle"", "" newMessage"", ""ue"", ""Isaac""]"
typo,rlens_64p,typo-message,22,"["" newMessage"", ""ues"", ""gle"", ""ronique"", ""same""]"
typo,rlens_64p,typo-message,30,"[""/"", "" or"", "" same"", ""same"", ""gment""]"
typo,rlens_64p,typo-message,38,"["" or"", ""\u9519\u8bef\u7684"", ""\u0629"", ""/"", "" incorrect""]"
typo,rlens_64p,typo-message,45,"[""s"", ""\u0629"", ""ly"", ""ness"", ""-""]"
typo,rlens_64p,typo-message,52,"["" message"", ""message"", "" msg"", "" \uba54\uc2dc"", "" Message""]"
typo,jpp_64p,typo-message,8,"[""age"", ""same"", ""sage"", ""aj"", ""message""]"
typo,jpp_64p,typo-message,15,"[""same"", "" message"", ""essages"", ""showMessage"", ""message""]"
typo,jpp_64p,typo-message,22,"["" message"", ""same"", ""ues"", ""showMessage"", ""message""]"
typo,jpp_64p,typo-message,30,"[""/"", "" same"", ""same"", "" -"", ""showMessage""]"
typo,jpp_64p,typo-message,38,"["" or"", ""ed"", ""\u9519\u8bef\u7684"", "" \u0433\u0440\u0430\u043c\u043e"", ""e""]"
typo,jpp_64p,typo-message,45,"[""message"", ""essage"", ""showMessage"", ""getMessage"", ""ed""]"
typo,jpp_64p,typo-message,52,"["" message"", "" \uba54\uc2dc"", ""message"", "" Message"", "" msg""]"
typo,logit,typo-change,8,"[""ata"", ""st"", ""so"", ""ask"", "" la""]"
typo,logit,typo-change,15,"[""\u064a\u0646"", ""na"", ""\uc73c\ub85c"", "" \ub370"", "" la""]"
typo,logit,typo-change,22,"["" \ub370"", "" lainnya"", ""\u79cd\u690d"", ""\u064a\u0646"", ""\u0915\u0943\u0924""]"
typo,logit,typo-change,30,"["" own"", ""-"", ""ed"", ""ly"", ""er""]"
typo,logit,typo-change,38,"[""C"", ""L"", ""-"", ""ed"", ""ly""]"
typo,logit,typo-change,45,"["" a"", "" l"", ""ed"", ""ly"", "" and""]"
typo,logit,typo-change,52,"[""Change"", "" Change"", ""change"", "" change"", ""ing""]"
typo,jlens_16p,typo-change,8,"[""y"", ""yeri"", ""ness"", ""\u094d\u092f"", ""mett""]"
typo,jlens_16p,typo-change,15,"[""\u0420\u0410"", ""UKA"", "" PRP"", "" la"", "" own""]"
typo,jlens_16p,typo-change,22,"[""UKA"", ""\u0420\u0410"", "" PRP"", "" own"", "" la""]"
typo,jlens_16p,typo-change,30,"["" own"", "" single"", "" up"", ""\u6027"", ""rian""]"
typo,jlens_16p,typo-change,38,"["" own"", "" idea"", "" up"", ""ity"", ""\u0629""]"
typo,jlens_16p,typo-change,45,"[""\u0dd2\u0db1\u0dca"", "" \uc2f6"", ""ae"", ""\u5443"", ""\uc11c""]"
typo,jlens_16p,typo-change,52,"["" change"", "" Change"", ""Change"", ""ness"", ""change""]"
typo,rlens_16p,typo-change,8,"["" que"", "" la"", ""C"", ""fic"", "" same""]"
typo,rlens_16p,typo-change,15,"["" la"", "" que"", ""C"", "" and"", ""nue""]"
typo,rlens_16p,typo-change,22,"["" la"", ""\u5f7c\u6b64"", ""nue"", "" same"", "" que""]"
typo,rlens_16p,typo-change,30,"["" or"", ""nue"", "" and"", ""\u0648\u062d\u0629"", ""\u5f7c\u6b64""]"
typo,rlens_16p,typo-change,38,"[""C"", "" or"", "" de"", "" \ubabb\ud55c"", "" and""]"
typo,rlens_16p,typo-change,45,"["" and"", ""s"", ""-"", "" \uadf8\ub9ac\uace0"", ""\u00b9.""]"
typo,rlens_16p,typo-change,52,"["" Change"", ""Change"", "" change"", ""change"", "" CHANGE""]"
typo,rlens_64p,typo-change,8,"["" la"", "" que"", ""fic"", ""C"", ""ae""]"
typo,rlens_64p,typo-change,15,"["" la"", "" que"", "" and"", ""nue"", ""C""]"
typo,rlens_64p,typo-change,22,"["" la"", "" que"", ""\u5f7c\u6b64"", ""nue"", "" same""]"
typo,rlens_64p,typo-change,30,"["" same"", "" and"", "" or"", ""\u5f7c\u6b64"", ""nue""]"
typo,rlens_64p,typo-change,38,"[""C"", "" or"", "" de"", "" and"", ""/""]"
typo,rlens_64p,typo-change,45,"["" and"", ""s"", ""-"", "" \uadf8\ub9ac\uace0"", "" \uc788\ub294\ub370""]"
typo,rlens_64p,typo-change,52,"[""Change"", "" change"", "" Change"", ""change"", "" CHANGE""]"
typo,jpp_64p,typo-change,8,"[""C"", ""ge"", ""age"", "" own"", ""ange""]"
typo,jpp_64p,typo-change,15,"[""C"", ""agne"", ""ge"", ""ange"", ""anges""]"
typo,jpp_64p,typo-change,22,"["" la"", ""C"", "" same"", ""nue"", ""\u0573""]"
typo,jpp_64p,typo-change,30,"[""\u063a\u0629"", "" same"", ""\u0441\u0445\u043e\u0434"", ""nue"", ""orie""]"
typo,jpp_64p,typo-change,38,"[""e"", "" or"", ""\ub4e0"", ""cstring"", ""/""]"
typo,jpp_64p,typo-change,45,"[""e"", "" \u092c\u0926\u0932\u0928\u093e"", "" and"", ""\u2464"", ""-""]"
typo,jpp_64p,typo-change,52,"["" change"", ""change"", "" Change"", ""CHANGE"", ""Change""]"
typo,logit,typo-always,8,"[""za"", "" l"", ""\u0647\u0627"", "" uma"", "" That""]"
typo,logit,typo-always,15,"["" l"", ""\ub9c8\ub2e4"", ""t"", "" uma"", ""ting""]"
typo,logit,typo-always,22,"["" uma"", "" l"", ""-"", ""ial"", ""\ub9c8\ub2e4""]"
typo,logit,typo-always,30,"[""-"", ""er"", ""s"", ""ly"", ""ing""]"
typo,logit,typo-always,38,"[""-"", ""ing"", ""s"", ""ed"", "" and""]"
typo,logit,typo-always,45,"["" l"", ""-"", ""C"", "" be"", ""y""]"
typo,logit,typo-always,52,"["" be"", "" l"", ""\u611b"", ""\u7231"", "" \uc0ac\ub791""]"
typo,jlens_16p,typo-always,8,"[""y"", ""yeri"", ""ness"", ""\u094d\u092f"", ""mett""]"
typo,jlens_16p,typo-always,15,"[""UKA"", ""\u0420\u0410"", "" PRP"", "" own"", "" la""]"
typo,jlens_16p,typo-always,22,"[""UKA"", ""\u0420\u0410"", "" PRP"", "" own"", "" la""]"
typo,jlens_16p,typo-always,30,"["" own"", ""\u6027"", ""ity"", ""\ub3c4"", "" up""]"
typo,jlens_16p,typo-always,38,"["" own"", ""ity"", ""\ub3c4"", "" up"", ""ly""]"
typo,jlens_16p,typo-always,45,"[""ly"", "" able"", "" up"", ""mente"", "" kind""]"
typo,jlens_16p,typo-always,52,"[""ness"", "" love"", "" be"", ""love"", ""ly""]"
typo,rlens_16p,typo-always,8,"[""aw"", ""C"", ""ias"", "" uyg"", "" a""]"
typo,rlens_16p,typo-always,15,"[""aw"", "" a"", ""\ucbe4"", ""y"", ""ias""]"
typo,rlens_16p,typo-always,22,"["" a"", "" always"", ""aw"", ""\uac19"", ""y""]"
typo,rlens_16p,typo-always,30,"["" same"", "" \ud56d\uc0c1"", "" always"", ""always"", ""y""]"
typo,rlens_16p,typo-always,38,"["" always"", ""always"", "" \ud56d\uc0c1"", "" own"", "" never""]"
typo,rlens_16p,typo-always,45,"["" own"", ""keep"", ""\ub3c4"", "" always"", "" keep""]"
typo,rlens_16p,typo-always,52,"["" love"", "" \uc0ac\ub791"", ""love"", "" be"", ""Love""]"
typo,rlens_64p,typo-always,8,"[""aw"", ""ias"", ""C"", "" uyg"", "" a""]"
typo,rlens_64p,typo-always,15,"[""aw"", ""\ucbe4"", ""ias"", "" a"", ""ial""]"
typo,rlens_64p,typo-always,22,"["" a"", ""\uac19"", ""aw"", "" always"", "" same""]"
typo,rlens_64p,typo-always,30,"["" same"", "" \ud56d\uc0c1"", "" always"", ""same"", "" own""]"
typo,rlens_64p,typo-always,38,"["" always"", ""always"", "" own"", "" \ud56d\uc0c1"", "" same""]"
typo,rlens_64p,typo-always,45,"["" own"", ""keep"", "" same"", "" always"", ""\ub3c4""]"
typo,rlens_64p,typo-always,52,"["" love"", "" \uc0ac\ub791"", ""love"", ""\uc0ac\ub791"", ""Love""]"
typo,jpp_64p,typo-always,8,"["" own"", ""\u0e32\u0e22"", ""ash"", ""as"", ""ais""]"
typo,jpp_64p,typo-always,15,"[""aw"", "" always"", "" own"", ""always"", ""same""]"
typo,jpp_64p,typo-always,22,"["" same"", "" own"", ""same"", ""ial"", ""aw""]"
typo,jpp_64p,typo-always,30,"["" same"", "" always"", "" \ud56d\uc0c1"", ""always"", "" own""]"
typo,jpp_64p,typo-always,38,"["" Always"", ""Always"", ""always"", ""ALWAYS"", "" always""]"
typo,jpp_64p,typo-always,45,"["" \uc0ac\ub791"", ""\uc0ac\ub791"", ""stay"", ""keep"", ""always""]"
typo,jpp_64p,typo-always,52,"["" love"", "" \uc0ac\ub791"", ""love"", ""\uc0ac\ub791"", ""\u7231""]"
typo,logit,typo-island,8,"[""</s>"", "" la"", ""\u043d\u0430"", "" When"", ""if""]"
typo,logit,typo-island,15,"["" la"", "" \u043d\u0435"", ""\u0432\u0441\u044f"", "" \ub370"", ""if""]"
typo,logit,typo-island,22,"["" la"", ""\u5bf9\u79f0"", "" \ub370"", ""\u0432\u0441\u044f"", ""\u0627\u062a\u0647""]"
typo,logit,typo-island,30,"[""-"", ""without"", ""and"", "" own"", ""er""]"
typo,logit,typo-island,38,"[""-"", ""C"", ""L"", "" and"", ""P""]"
typo,logit,typo-island,45,"["" l"", "" a"", ""C"", ""-"", "" an""]"
typo,logit,typo-island,52,"["" island"", ""\u5c9b"", ""island"", "" islands"", ""Island""]"
typo,jlens_16p,typo-island,8,"[""y"", ""yeri"", ""ness"", ""\u094d\u092f"", ""mett""]"
typo,jlens_16p,typo-island,15,"[""UKA"", ""\u0420\u0410"", "" PRP"", "" la"", "" own""]"
typo,jlens_16p,typo-island,22,"[""\u0420\u0410"", ""UKA"", "" PRP"", "" own"", "" la""]"
typo,jlens_16p,typo-island,30,"["" own"", "" up"", ""\u6027"", ""ity"", "" single""]"
typo,jlens_16p,typo-island,38,"["" own"", "" up"", "" \uc2f6"", ""\u6027"", ""ity""]"
typo,jlens_16p,typo-island,45,"["" \uc2f6"", ""\u0629"", "" own"", "" \uc2f6\uc740"", ""\u4e00\u4e2a""]"
typo,jlens_16p,typo-island,52,"["" island"", ""\u5c9b"", ""Island"", ""island"", "" Island""]"
typo,rlens_16p,typo-island,8,"[""</i>"", "" de"", ""ais"", ""\u00e2"", ""\u90f7""]"
typo,rlens_16p,typo-island,15,"["" island"", "" de"", "" Island"", ""</i>"", "" coast""]"
typo,rlens_16p,typo-island,22,"["" island"", ""land"", "" coast"", ""\u5c9b"", "" Island""]"
typo,rlens_16p,typo-island,30,"[""</i>"", "" island"", ""\u30e9\u30f3\u30c9"", ""land"", "" \ubd81""]"
typo,rlens_16p,typo-island,38,"[""\u5c9b"", "" island"", ""\uacf6"", ""\u65b0\u533a"", ""erno""]"
typo,rlens_16p,typo-island,45,"["" island"", ""\u5c9b"", ""s"", ""island"", ""Island""]"
typo,rlens_16p,typo-island,52,"["" island"", ""island"", ""Island"", ""\u5c9b"", "" Island""]"
typo,rlens_64p,typo-island,8,"[""</i>"", "" de"", ""\u00e2"", ""ais"", ""\u90f7""]"
typo,rlens_64p,typo-island,15,"["" island"", "" de"", ""</i>"", "" coast"", "" Island""]"
typo,rlens_64p,typo-island,22,"["" island"", ""land"", "" coast"", "" la"", "" own""]"
typo,rlens_64p,typo-island,30,"[""</i>"", ""\u30e9\u30f3\u30c9"", ""\u0631\u0627\u0636"", "" island"", ""land""]"
typo,rlens_64p,typo-island,38,"[""\u5c9b"", "" island"", ""\u65b0\u533a"", "" Island"", ""\u0631\u0627\u0636""]"
typo,rlens_64p,typo-island,45,"["" island"", ""\u5c9b"", ""s"", ""island"", ""Island""]"
typo,rlens_64p,typo-island,52,"["" island"", ""island"", ""Island"", ""\u5c9b"", "" Island""]"
typo,jpp_64p,typo-island,8,"["" own"", ""land"", "" island"", ""nd"", ""ainkan""]"
typo,jpp_64p,typo-island,15,"["" island"", ""land"", ""est"", ""island"", "" land""]"
typo,jpp_64p,typo-island,22,"[""land"", "" island"", "" land"", "" own"", ""yland""]"
typo,jpp_64p,typo-island,30,"[""\u30e9\u30f3\u30c9"", "" island"", "" land"", ""land"", ""\u7684\u5730""]"
typo,jpp_64p,typo-island,38,"["" Island"", ""Island"", "" Islands"", ""\u30e9\u30f3\u30c9"", ""Land""]"
typo,jpp_64p,typo-island,45,"[""island"", "" island"", ""\u5c9b"", "" Island"", ""Island""]"
typo,jpp_64p,typo-island,52,"["" island"", ""island"", ""Island"", ""\u5c9b"", "" Island""]"
typo,logit,typo-single,8,"[""</s>"", "" l"", ""ly"", ""ers"", "" and""]"
typo,logit,typo-single,15,"["" \u043d\u0435"", ""ina"", "" \u092e\u0948"", "" uma"", "" l""]"
typo,logit,typo-single,22,"[""-"", "" uma"", "" l"", ""\u0627\u064b"", ""ina""]"
typo,logit,typo-single,30,"[""-"", ""ed"", "" own"", ""er"", ""and""]"
typo,logit,typo-single,38,"[""-"", ""C"", ""L"", ""T"", "" l""]"
typo,logit,typo-single,45,"[""-"", "" l"", ""C"", "" single"", "" a""]"
typo,logit,typo-single,52,"[""-"", "" single"", ""single"", "" l"", ""Single""]"
typo,jlens_16p,typo-single,8,"[""y"", ""yeri"", ""ness"", ""\u094d\u092f"", ""mett""]"
typo,jlens_16p,typo-single,15,"[""UKA"", ""\u0420\u0410"", "" PRP"", "" own"", "" la""]"
typo,jlens_16p,typo-single,22,"[""UKA"", ""\u0420\u0410"", "" PRP"", "" own"", "" la""]"
typo,jlens_16p,typo-single,30,"["" own"", "" single"", ""\u6027"", "" same"", "" kind""]"
typo,jlens_16p,typo-single,38,"["" own"", "" uma"", "" idea"", "" single"", ""\ub3c4""]"
typo,jlens_16p,typo-single,45,"["" own"", "" single"", "" kind"", ""\u0647\u0627"", ""\u064a\u0646""]"
typo,jlens_16p,typo-single,52,"["" single"", "" Single"", ""single"", ""Single"", ""SINGLE""]"
typo,rlens_16p,typo-single,8,"[""ge"", "" toege"", ""ga"", ""GE"", ""gne""]"
typo,rlens_16p,typo-single,15,"[""ge"", "" \u0e41\u0e16\u0e21"", "" \uad49\uc7a5\ud788"", "" own"", ""ga""]"
typo,rlens_16p,typo-single,22,"["" own"", "" same"", ""\u0e40\u0e14\u0e35\u0e22\u0e27"", "" \uad49\uc7a5\ud788"", ""ge""]"
typo,rlens_16p,typo-single,30,"["" same"", ""tou"", ""\u0e40\u0e14\u0e35\u0e22\u0e27"", "" \uad49\uc7a5\ud788"", ""uckle""]"
typo,rlens_16p,typo-single,38,"[""\u6ca1\u6709\u4efb\u4f55"", "" \uad49\uc7a5\ud788"", ""tou"", ""ouched"", ""\u4e1d\u6beb""]"
typo,rlens_16p,typo-single,45,"["" single"", "" own"", ""s"", "" either"", ""ly""]"
typo,rlens_16p,typo-single,52,"["" single"", "" Single"", ""single"", ""Single"", ""SINGLE""]"
typo,rlens_64p,typo-single,8,"[""ge"", "" toege"", ""ga"", ""le"", ""GE""]"
typo,rlens_64p,typo-single,15,"[""ge"", "" own"", "" \u0e41\u0e16\u0e21"", "" same"", ""ga""]"
typo,rlens_64p,typo-single,22,"["" own"", "" same"", ""\u0e40\u0e14\u0e35\u0e22\u0e27"", "" \uad49\uc7a5\ud788"", ""ge""]"
typo,rlens_64p,typo-single,30,"["" same"", ""\u0e40\u0e14\u0e35\u0e22\u0e27"", ""tou"", "" \uad49\uc7a5\ud788"", "" single""]"
typo,rlens_64p,typo-single,38,"[""ouched"", "" \uad49\uc7a5\ud788"", ""\u6ca1\u6709\u4efb\u4f55"", ""tou"", ""\u4e1d\u6beb""]"
typo,rlens_64p,typo-single,45,"["" single"", "" own"", ""s"", "" either"", ""ly""]"
typo,rlens_64p,typo-single,52,"["" single"", ""single"", "" Single"", ""Single"", ""SINGLE""]"
typo,jpp_64p,typo-single,8,"[""ge"", ""ga"", ""le"", ""ges"", ""GE""]"
typo,jpp_64p,typo-single,15,"[""ge"", "" same"", "" single"", ""ga"", ""lge""]"
typo,jpp_64p,typo-single,22,"["" same"", "" single"", ""ge"", "" own"", ""\u0e40\u0e14\u0e35\u0e22\u0e27""]"
typo,jpp_64p,typo-single,30,"["" same"", ""angelo"", ""ightly"", ""tou"", "" \uac19""]"
typo,jpp_64p,typo-single,38,"[""ed"", "" Stirling"", "" \u5b57"", ""ouched"", "" Wordsworth""]"
typo,jpp_64p,typo-single,45,"[""ed"", ""s"", "" slightest"", "" single"", ""single""]"
typo,jpp_64p,typo-single,52,"["" single"", ""SINGLE"", "" \u30b7\u30f3\u30b0\u30eb"", "" Single"", ""single""]"
typo,logit,typo-little,8,"[""</s>"", ""if"", ""ich"", "" la"", "" l""]"
typo,logit,typo-little,15,"[""if"", "" la"", ""ays"", ""ina"", ""ert""]"
typo,logit,typo-little,22,"[""ina"", "" uma"", ""tuk"", "" \ub370"", ""ert""]"
typo,logit,typo-little,30,"[""-"", ""ed"", ""and"", ""er"", ""s""]"
typo,logit,typo-little,38,"[""-"", ""L"", ""C"", "" and"", ""T""]"
typo,logit,typo-little,45,"["" l"", "" bit"", "" a"", "" la"", ""-""]"
typo,logit,typo-little,52,"["" bit"", ""bit"", "" la"", "" little"", ""little""]"
typo,jlens_16p,typo-little,8,"[""y"", ""yeri"", ""ness"", ""\u094d\u092f"", ""mett""]"
typo,jlens_16p,typo-little,15,"[""UKA"", ""\u0420\u0410"", "" PRP"", "" own"", "" la""]"
typo,jlens_16p,typo-little,22,"[""\u0420\u0410"", ""UKA"", "" own"", "" PRP"", "" la""]"
typo,jlens_16p,typo-little,30,"[""\u6027"", "" own"", "" idea"", "" up"", ""mente""]"
typo,jlens_16p,typo-little,38,"["" own"", "" idea"", ""\ub3c4"", "" up"", ""\u6027""]"
typo,jlens_16p,typo-little,45,"["" kind"", "" up"", "" idea"", ""\u0647"", ""\u06cc""]"
typo,jlens_16p,typo-little,52,"["" bit"", "" little"", ""ly"", ""ness"", ""ized""]"
typo,rlens_16p,typo-little,8,"["" de"", "" \u00ef"", ""\u662f\u5f88"", ""</h6>"", "" la""]"
typo,rlens_16p,typo-little,15,"["" de"", ""\u662f\u5f88"", "" la"", "" agak"", "" little""]"
typo,rlens_16p,typo-little,22,"["" de"", "" agak"", "" little"", "" la"", "" bit""]"
typo,rlens_16p,typo-little,30,"["" de"", ""</u>"", ""ye"", "" coment"", ""</h6>""]"
typo,rlens_16p,typo-little,38,"[""\ub3c4"", ""yte"", "" \ubabb\ud55c"", ""y"", "" \uc870\uae08""]"
typo,rlens_16p,typo-little,45,"["" \uc870\uae08"", ""s"", ""\u06cc"", "" bit"", "" little""]"
typo,rlens_16p,typo-little,52,"["" bit"", "" \uc870\uae08"", "" little"", ""bit"", ""ttle""]"
typo,rlens_64p,typo-little,8,"["" la"", "" \u00ef"", ""</h6>"", ""\u662f\u5f88"", "" de""]"
typo,rlens_64p,typo-little,15,"["" de"", "" la"", ""\u662f\u5f88"", "" agak"", ""\u5f88\u597d\u7684""]"
typo,rlens_64p,typo-little,22,"["" de"", "" la"", "" agak"", "" little"", "" bit""]"
typo,rlens_64p,typo-little,30,"[""yte"", ""</u>"", ""hob"", "" coment"", ""ye""]"
typo,rlens_64p,typo-little,38,"[""\ub3c4"", ""yte"", ""y"", "" \ubabb\ud55c"", ""</u>""]"
typo,rlens_64p,typo-little,45,"["" \uc870\uae08"", ""s"", "" bit"", ""\u06cc"", ""y""]"
typo,rlens_64p,typo-little,52,"["" bit"", "" \uc870\uae08"", ""bit"", "" little"", ""ttle""]"
typo,jpp_64p,typo-little,8,"["" little"", ""little"", ""let"", ""\u0117"", "" liten""]"
typo,jpp_64p,typo-little,15,"["" little"", ""little"", ""atile"", ""\u8d77\u6765"", "" bit""]"
typo,jpp_64p,typo-little,22,"["" little"", ""little"", "" bit"", ""ish"", "" pouco""]"
typo,jpp_64p,typo-little,30,"["" little"", ""little"", "" bit"", ""tin"", ""</u>""]"
typo,jpp_64p,typo-little,38,"["" Little"", ""ne"", ""est"", ""yte"", ""ish""]"
typo,jpp_64p,typo-little,45,"[""little"", ""</u>"", ""ttle"", "" little"", ""ed""]"
typo,jpp_64p,typo-little,52,"["" bit"", ""bit"", "" \uc870\uae08"", ""ttle"", "" little""]"
typo,logit,typo-although,8,"[""</s>"", ""\u043d\u0430"", ""\u0928\u093e"", ""ta"", ""turn""]"
typo,logit,typo-although,15,"[""\u306e\u306f"", ""out"", ""\u3088\u3046\u306a"", "" \ub370"", ""\u3082\u306e""]"
typo,logit,typo-although,22,"[""\u3088\u3046\u306a"", "" \ub370"", ""\u5f8c"", ""\u306e\u306f"", "" lainnya""]"
typo,logit,typo-although,30,"[""-"", "" l"", ""er"", ""ed"", "" own""]"
typo,logit,typo-although,38,"[""-"", ""t"", ""er"", ""C"", ""s""]"
typo,logit,typo-although,45,"["" a"", "" despite"", ""s"", "" an"", "" it""]"
typo,logit,typo-although,52,"["" although"", "" despite"", "" Although"", ""although"", ""Although""]"
typo,jlens_16p,typo-although,8,"[""y"", ""yeri"", ""ness"", ""\u094d\u092f"", ""mett""]"
typo,jlens_16p,typo-although,15,"[""\u0420\u0410"", ""UKA"", "" PRP"", "" own"", "" la""]"
typo,jlens_16p,typo-although,22,"[""\u0420\u0410"", ""UKA"", "" own"", "" PRP"", "" la""]"
typo,jlens_16p,typo-although,30,"["" own"", "" single"", ""\u6027"", ""ity"", ""ized""]"
typo,jlens_16p,typo-although,38,"["" own"", ""ity"", ""\u6027"", "" single"", "" even""]"
typo,jlens_16p,typo-although,45,"["" even"", ""ity"", "" she"", ""\u6027"", "" own""]"
typo,jlens_16p,typo-although,52,"[""ness"", "" she"", "" even"", "" despite"", "" although""]"
typo,rlens_16p,typo-although,8,"["" la"", ""L"", ""\u044c"", ""<h4>"", "" bastante""]"
typo,rlens_16p,typo-although,15,"["" la"", "" l"", ""L"", ""e"", "" bastante""]"
typo,rlens_16p,typo-although,22,"["" la"", "" l"", ""y"", "" a"", ""\u5f7c\u6b64""]"
typo,rlens_16p,typo-although,30,"[""y"", "" la"", ""e"", ""s"", "" l""]"
typo,rlens_16p,typo-although,38,"["" either"", "" or"", "" they"", ""\u5f7c\u6b64"", ""\u4e86""]"
typo,rlens_16p,typo-although,45,"["" she"", "" either"", "" they"", ""\u5979"", ""ness""]"
typo,rlens_16p,typo-although,52,"["" she"", "" although"", "" despite"", ""\u5979"", "" either""]"
typo,rlens_64p,typo-although,8,"["" la"", ""<h4>"", ""L"", ""\u044c"", "" bastante""]"
typo,rlens_64p,typo-although,15,"["" la"", "" l"", ""<h4>"", ""L"", "" bastante""]"
typo,rlens_64p,typo-although,22,"["" la"", "" l"", ""\u5f7c\u6b64"", "" bastante"", "" sih""]"
typo,rlens_64p,typo-although,30,"["" same"", "" la"", ""y"", ""e"", "" l""]"
typo,rlens_64p,typo-although,38,"["" either"", ""\u4e86"", ""\u5f7c\u6b64"", "" or"", "" they""]"
typo,rlens_64p,typo-although,45,"["" she"", "" either"", "" they"", ""\u5979"", ""s""]"
typo,rlens_64p,typo-although,52,"["" she"", "" although"", "" despite"", ""\u5979"", "" either""]"
typo,jpp_64p,typo-although,8,"[""some"", ""though"", ""P"", "" though"", ""\u00e5""]"
typo,jpp_64p,typo-although,15,"["" l"", ""some"", "" n\u00e5gra"", ""though"", ""hence""]"
typo,jpp_64p,typo-although,22,"["" l"", ""though"", "" n\u00e5gra"", "" somewhat"", "" though""]"
typo,jpp_64p,typo-although,30,"["" same"", "" l"", ""some"", "" language"", ""same""]"
typo,jpp_64p,typo-although,38,"["" or"", "" single"", ""\u093f\u0924"", ""uous"", "" same""]"
typo,jpp_64p,typo-although,45,"[""<s>"", "" there"", ""despite"", "" Despite"", "" despite""]"
typo,jpp_64p,typo-although,52,"["" she"", "" although"", "" either"", "" despite"", ""though""]"
typo,logit,typo-again,8,"["" la"", "" de"", ""ert"", ""ting"", "" l""]"
typo,logit,typo-again,15,"[""ce"", "" de"", ""sa"", ""\uc73c\ub85c"", "" l""]"
typo,logit,typo-again,22,"["" l"", "" de"", ""\u0629"", ""\uc9c0"", ""-""]"
typo,logit,typo-again,30,"[""-"", ""ed"", ""er"", ""s"", "" own""]"
typo,logit,typo-again,38,"[""-"", "" l"", ""T"", ""L"", ""C""]"
typo,logit,typo-again,45,"["" a"", "" l"", "" but"", ""C"", "" an""]"
typo,logit,typo-again,52,"[""ing"", ""again"", ""Again"", ""B"", ""S""]"
typo,jlens_16p,typo-again,8,"[""y"", ""yeri"", ""ness"", ""\u094d\u092f"", ""mett""]"
typo,jlens_16p,typo-again,15,"[""\u0420\u0410"", ""UKA"", "" PRP"", "" la"", "" own""]"
typo,jlens_16p,typo-again,22,"[""UKA"", ""\u0420\u0410"", "" own"", "" PRP"", "" la""]"
typo,jlens_16p,typo-again,30,"[""\u6027"", "" own"", "" up"", ""mente"", ""ization""]"
typo,jlens_16p,typo-again,38,"["" own"", ""\u6027"", "" \uc2f6"", "" up"", ""\ub3c4""]"
typo,jlens_16p,typo-again,45,"["" own"", ""\u6027"", "" \uc2f6"", ""\u0629"", "" ever""]"
typo,jlens_16p,typo-again,52,"[""ed"", ""ness"", ""ly"", ""again"", "" again""]"
typo,rlens_16p,typo-again,8,"[""C"", "" que"", ""ao"", ""ifical"", ""\uc2f6""]"
typo,rlens_16p,typo-again,15,"["" la"", "" que"", "" de"", ""C"", "" l""]"
typo,rlens_16p,typo-again,22,"["" la"", "" l"", "" a"", "" que"", "" same""]"
typo,rlens_16p,typo-again,30,"[""C"", "" and"", "" or"", "" same"", ""1""]"
typo,rlens_16p,typo-again,38,"[""C"", "" or"", "" and"", "" de"", ""\u9519\u8bef\u7684""]"
typo,rlens_16p,typo-again,45,"[""C"", ""S"", "" ever"", "" but"", ""1""]"
typo,rlens_16p,typo-again,52,"[""AG"", ""Ag"", ""C"", ""again"", "" AG""]"
typo,rlens_64p,typo-again,8,"[""C"", "" que"", "" la"", ""ias"", ""ifical""]"
typo,rlens_64p,typo-again,15,"["" la"", "" que"", "" l"", ""C"", "" a""]"
typo,rlens_64p,typo-again,22,"["" la"", "" l"", "" a"", "" que"", "" same""]"
typo,rlens_64p,typo-again,30,"[""C"", "" same"", "" or"", "" and"", ""1""]"
typo,rlens_64p,typo-again,38,"[""C"", "" or"", "" and"", ""1"", "" de""]"
typo,rlens_64p,typo-again,45,"[""C"", ""S"", "" but"", "" ever"", ""1""]"
typo,rlens_64p,typo-again,52,"[""AG"", ""Ag"", ""again"", "" AG"", "" again""]"
typo,jpp_64p,typo-again,8,"[""ian"", ""gian"", ""aj"", ""ais"", "" gian""]"
typo,jpp_64p,typo-again,15,"["" own"", ""again"", "" again"", ""aj"", ""agian""]"
typo,jpp_64p,typo-again,22,"[""again"", "" again"", "" same"", ""aj"", "" own""]"
typo,jpp_64p,typo-again,30,"["" same"", ""C"", "" own"", ""iostream"", ""AG""]"
typo,jpp_64p,typo-again,38,"["" or"", "" and"", ""\ucc10"", ""UIApplication"", ""licher""]"
typo,jpp_64p,typo-again,45,"[""C"", ""</blockquote>"", "" but"", "" ever"", "" \u03b1\u03b3""]"
typo,jpp_64p,typo-again,52,"[""ag"", ""AG"", ""agan"", ""again"", "" AG""]"
typo,logit,typo-program,8,"[""el"", ""<|tool_call>"", ""om"", ""ul"", ""ou""]"
typo,logit,typo-program,15,"["" \u0432"", "" \u043d\u0435"", ""\u0e43\u0e19"", "" \u0435\u0441\u043b\u0438"", ""\u0627\u0646""]"
typo,logit,typo-program,22,"[""\u3088\u3046\u306a"", ""\u0e43\u0e2b\u0e0d"", "" \u043d\u0435"", ""\u306e\u306f"", "" \u0435\u0441\u043b\u0438""]"
typo,logit,typo-program,30,"["" l"", "" and"", ""-"", ""er"", "" own""]"
typo,logit,typo-program,38,"["" and"", ""-"", ""er"", "" l"", ""ed""]"
typo,logit,typo-program,45,"["" l"", "" a"", ""C"", "" and"", ""B""]"
typo,logit,typo-program,52,"[""C"", ""-"", ""S"", ""B"", "" and""]"
typo,jlens_16p,typo-program,8,"[""y"", ""yeri"", ""ness"", ""\u094d\u092f"", ""mett""]"
typo,jlens_16p,typo-program,15,"[""\u0420\u0410"", ""UKA"", "" PRP"", "" own"", "" la""]"
typo,jlens_16p,typo-program,22,"[""UKA"", ""\u0420\u0410"", "" own"", "" PRP"", "" la""]"
typo,jlens_16p,typo-program,30,"["" own"", ""\u6027"", "" single"", "" up"", "" or""]"
typo,jlens_16p,typo-program,38,"["" own"", "" up"", ""\u6027"", "" single"", ""ity""]"
typo,jlens_16p,typo-program,45,"["" own"", ""al"", "" \uc2f6"", "" up"", ""\u6027""]"
typo,jlens_16p,typo-program,52,"[""ness"", ""ed"", ""\uadf8\ub7a8"", ""ation"", "" even""]"
typo,rlens_16p,typo-program,8,"[""geqq"", "" \u00c3"", ""matically"", "" HRV"", ""ograph""]"
typo,rlens_16p,typo-program,15,"["" la"", "" level"", ""ologic"", ""\u30c3\u30b7\u30e7\u30f3"", ""essa""]"
typo,rlens_16p,typo-program,22,"["" la"", "" level"", ""\u7ea7"", "" l"", "" own""]"
typo,rlens_16p,typo-program,30,"["" la"", "" level"", "" de"", ""\u01ceng"", ""zion""]"
typo,rlens_16p,typo-program,38,"["" de"", "" la"", "" level"", "" own"", ""\u5165\u5b66""]"
typo,rlens_16p,typo-program,45,"["" and"", ""ness"", "" level"", ""\u4e86\u4e00"", "" de""]"
typo,rlens_16p,typo-program,52,"[""ness"", "" program"", ""\uadf8\ub7a8"", ""rogram"", "" \ud504\ub85c\uadf8\ub7a8""]"
typo,rlens_64p,typo-program,8,"["" HRV"", "" \u00c3"", "" ABB"", "" vowed"", ""geqq""]"
typo,rlens_64p,typo-program,15,"["" la"", "" level"", ""essa"", "" ABB"", "" vowed""]"
typo,rlens_64p,typo-program,22,"["" la"", "" level"", "" own"", ""\u7ea7"", "" l""]"
typo,rlens_64p,typo-program,30,"["" la"", "" de"", "" level"", "" \u00c3"", ""hatt""]"
typo,rlens_64p,typo-program,38,"["" la"", "" de"", "" level"", "" own"", ""<sup>""]"
typo,rlens_64p,typo-program,45,"[""ness"", "" and"", "" level"", ""\u662f\u4e3a\u4e86"", "" la""]"
typo,rlens_64p,typo-program,52,"[""ness"", "" program"", ""rogram"", ""\uadf8\ub7a8"", "" \ud504\ub85c\uadf8\ub7a8""]"
typo,jpp_64p,typo-program,8,"["" programme"", ""ama"", ""\u00e5ng"", ""\u00f4n"", "" own""]"
typo,jpp_64p,typo-program,15,"["" program"", "" programm"", ""pmm"", "" la"", "" pwm""]"
typo,jpp_64p,typo-program,22,"["" la"", "" program"", "" programm"", "" level"", "" programmed""]"
typo,jpp_64p,typo-program,30,"["" level"", "" la"", ""sss"", "" programm"", "" same""]"
typo,jpp_64p,typo-program,38,"["" academically"", ""JPN"", "" \u5b66"", ""\u5165\u5b66"", ""\u7684\u5b66\u4e60""]"
typo,jpp_64p,typo-program,45,"[""S"", ""\u30fc\u30fc"", ""</u>"", ""\u30fc\u30fc\u30fc\u30fc"", ""\u03c3\u03c3""]"
typo,jpp_64p,typo-program,52,"["" program"", "" programm"", ""rogram"", "" Gramm"", ""\uadf8\ub7a8""]"
typo,logit,typo-model,8,"[""<|tool_call>"", ""</td>"", ""ing"", "" l"", ""</sup>""]"
typo,logit,typo-model,15,"[""\u4e00\u4e2a"", ""\u043d\u0430"", ""\u4f4d\u7f6e"", ""\u3088\u3046\u306a"", "" \u043d\u0435""]"
typo,logit,typo-model,22,"[""S"", "" l"", ""\u6027"", ""\u043d\u0430"", ""ro""]"
typo,logit,typo-model,30,"[""e"", "" l"", ""ed"", ""-"", ""and""]"
typo,logit,typo-model,38,"[""-"", ""C"", "" and"", "" l"", ""P""]"
typo,logit,typo-model,45,"["" l"", "" a"", "" of"", ""ly"", "" la""]"
typo,logit,typo-model,52,"[""model"", ""\u30e2\u30c7\u30eb"", "" \u043c\u043e\u0434\u0435\u043b\u0438"", "" \u0645\u062f\u0644"", "" \u092e\u0949\u0921\u0932""]"
typo,jlens_16p,typo-model,8,"[""y"", ""yeri"", ""ness"", ""\u094d\u092f"", ""mett""]"
typo,jlens_16p,typo-model,15,"[""\u0420\u0410"", ""UKA"", "" PRP"", "" own"", "" la""]"
typo,jlens_16p,typo-model,22,"[""\u0420\u0410"", ""UKA"", "" PRP"", "" own"", "" la""]"
typo,jlens_16p,typo-model,30,"["" own"", ""\u6027"", "" single"", "" up"", ""rian""]"
typo,jlens_16p,typo-model,38,"["" own"", "" up"", "" single"", ""\u6027"", "" even""]"
typo,jlens_16p,typo-model,45,"["" of"", "" uma"", "" up"", "" own"", "" kind""]"
typo,jlens_16p,typo-model,52,"["" of"", ""ness"", "" c\u1ee7a"", "" model"", "" de""]"
typo,rlens_16p,typo-model,8,"["" de"", "" la"", ""</code>"", ""\u0651\u0647"", "" uma""]"
typo,rlens_16p,typo-model,15,"["" la"", "" de"", ""\u0651\u0647"", ""</img>"", ""ogy""]"
typo,rlens_16p,typo-model,22,"["" la"", "" de"", ""</code>"", ""sized"", ""</i>""]"
typo,rlens_16p,typo-model,30,"["" de"", ""mathrm"", ""ting"", ""</i>"", ""tt""]"
typo,rlens_16p,typo-model,38,"["" de"", "" or"", "" incorrect"", ""\u9519\u8bef\u7684"", ""\u062a\u064a\u0646""]"
typo,rlens_16p,typo-model,45,"["" uma"", "" of"", ""s"", ""ness"", "" la""]"
typo,rlens_16p,typo-model,52,"["" of"", "" la"", "" model"", "" uma"", "" de""]"
typo,rlens_64p,typo-model,8,"["" la"", "" de"", ""</code>"", "" uma"", ""\u0651\u0647""]"
typo,rlens_64p,typo-model,15,"["" la"", "" de"", ""\u0651\u0647"", ""\u0651\u0629"", ""</code>""]"
typo,rlens_64p,typo-model,22,"["" la"", "" de"", ""</code>"", "" own"", ""\u0651\u0647""]"
typo,rlens_64p,typo-model,30,"["" de"", ""tt"", ""</i>"", "" own"", ""ting""]"
typo,rlens_64p,typo-model,38,"["" de"", "" or"", "" incorrect"", ""\u062a\u064a\u0646"", ""\u9519\u8bef\u7684""]"
typo,rlens_64p,typo-model,45,"["" uma"", "" of"", ""ness"", ""s"", "" la""]"
typo,rlens_64p,typo-model,52,"["" of"", "" la"", "" de"", "" uma"", ""ness""]"
typo,jpp_64p,typo-model,8,"[""\u0947\u0932"", "" th\u1ec3"", ""\u0647\u0645"", ""\u092e\u093f\u0932"", ""ding""]"
typo,jpp_64p,typo-model,15,"[""mml"", "" \u0627\u0644\u0645\u062f\u0631"", ""model"", "" model"", "" mould""]"
typo,jpp_64p,typo-model,22,"["" la"", "" own"", ""mml"", "" \u0627\u0644\u0645\u062f\u0631"", "" model""]"
typo,jpp_64p,typo-model,30,"[""\u0431\u043b\u0435"", ""ting"", ""tti"", ""mm"", ""bled""]"
typo,jpp_64p,typo-model,38,"[""e"", ""yll"", "" vocabulary"", ""\u9519\u8bef\u7684"", ""ed""]"
typo,jpp_64p,typo-model,45,"["" la"", ""ed"", "" of"", ""\uc73c\ub85c"", ""</u>""]"
typo,jpp_64p,typo-model,52,"["" of"", "" la"", "" model"", "" \ubaa8\ub378"", ""model""]"
typo,logit,typo-family,8,"[""</tbody>"", ""<table>"", ""</h3>"", ""</h6>"", ""</td>""]"
typo,logit,typo-family,15,"["" \u043d\u0435"", "" l"", ""\u3088\u3046\u306a"", ""\u4ed6\u306e"", ""if""]"
typo,logit,typo-family,22,"["" l"", ""S"", ""\u3088\u3046\u306a"", "" lainnya"", ""if""]"
typo,logit,typo-family,30,"["" own"", ""ed"", "" l"", ""-"", ""er""]"
typo,logit,typo-family,38,"[""C"", ""L"", ""-"", ""T"", ""P""]"
typo,logit,typo-family,45,"["" a"", "" including"", ""including"", ""ly"", ""\u5305\u62ec""]"
typo,logit,typo-family,52,"["" including"", ""including"", ""\u5305\u62ec"", ""famil"", ""family""]"
typo,jlens_16p,typo-family,8,"[""y"", ""yeri"", ""ness"", ""\u094d\u092f"", ""mett""]"
typo,jlens_16p,typo-family,15,"[""UKA"", ""\u0420\u0410"", "" PRP"", "" la"", "" own""]"
typo,jlens_16p,typo-family,22,"[""UKA"", ""\u0420\u0410"", "" PRP"", "" own"", "" la""]"
typo,jlens_16p,typo-family,30,"["" own"", "" up"", ""\u6027"", "" single"", ""mente""]"
typo,jlens_16p,typo-family,38,"["" own"", "" up"", "" uma"", ""\u6027"", ""\u0629""]"
typo,jlens_16p,typo-family,45,"["" own"", "" up"", ""\u0647\u0627"", ""\u0629"", "" th\u1ec3""]"
typo,jlens_16p,typo-family,52,"[""ness"", "" including"", ""including"", ""y"", ""ed""]"
typo,rlens_16p,typo-family,8,"[""L"", ""\u00ef"", "" Gell"", "" de"", "" armour""]"
typo,rlens_16p,typo-family,15,"[""L"", "" de"", ""\u092f\u094d"", "" la"", "" l""]"
typo,rlens_16p,typo-family,22,"["" own"", ""\u092f\u094d"", "" la"", "" l"", "" mereka""]"
typo,rlens_16p,typo-family,30,"[""L"", ""\u00e4ttning"", ""\u4e00\u540c"", ""e"", ""\u30c3\u30d5""]"
typo,rlens_16p,typo-family,38,"[""L"", ""j\u0119"", "" missp"", ""\u062a\u064a\u0646"", ""ucky""]"
typo,rlens_16p,typo-family,45,"[""including"", "" including"", "" incluyendo"", "" de"", "" \u0e23\u0e27\u0e21\u0e16\u0e36\u0e07""]"
typo,rlens_16p,typo-family,52,"[""including"", "" including"", "" de"", "" includ"", "" family""]"
typo,rlens_64p,typo-family,8,"[""L"", ""\u00ef"", "" Gell"", "" armour"", ""e""]"
typo,rlens_64p,typo-family,15,"[""L"", "" de"", "" la"", "" l"", ""\u092f\u094d""]"
typo,rlens_64p,typo-family,22,"["" own"", "" la"", "" l"", ""\u092f\u094d"", ""L""]"
typo,rlens_64p,typo-family,30,"[""L"", ""\u00e4ttning"", ""e"", ""\u30c3\u30d5"", ""\u4e00\u540c""]"
typo,rlens_64p,typo-family,38,"[""L"", ""\u062a\u064a\u0646"", ""j\u0119"", ""ucky"", ""tting""]"
typo,rlens_64p,typo-family,45,"[""including"", "" including"", "" incluyendo"", "" \u0e23\u0e27\u0e21\u0e16\u0e36\u0e07"", ""\u4e00\u540c""]"
typo,rlens_64p,typo-family,52,"["" including"", ""including"", "" de"", ""Including"", "" includ""]"
typo,jpp_64p,typo-family,8,"["" own"", "" m\u1ef9"", ""\u0644\u0649"", ""\u00e8"", ""\u101c\u1030""]"
typo,jpp_64p,typo-family,15,"["" family"", ""mml"", ""\u00e8"", ""harry"", ""\u30d5\u30a1\u30df\u30ea\u30fc""]"
typo,jpp_64p,typo-family,22,"["" own"", "" family"", "" l"", ""\u00e8"", "" la""]"
typo,jpp_64p,typo-family,30,"[""\u30c3\u30d5"", ""\u00e4ttning"", ""y"", "" same"", ""yy""]"
typo,jpp_64p,typo-family,38,"["" \u0433\u0440\u0430\u043c\u043e"", "" \u0967\u0967"", ""yll"", ""e"", ""orry""]"
typo,jpp_64p,typo-family,45,"[""including"", ""\u0142\u0105cznie"", "" including"", "" inclu"", ""\u5305\u62ec""]"
typo,jpp_64p,typo-family,52,"["" including"", ""including"", ""amily"", "" family"", ""ff""]"
typo,logit,typo-future,8,"[""ed"", ""</sup>"", "" l"", ""ation"", ""</h2>""]"
typo,logit,typo-future,15,"[""</h2>"", "" l"", "" \ubfd0"", ""igheid"", "" \u0432\u043f\u043e\u043b\u043d\u0435""]"
typo,logit,typo-future,22,"[""-"", ""\uc0c1"", "" l"", ""ation"", ""\u0119""]"
typo,logit,typo-future,30,"[""-"", "" l"", ""er"", ""ed"", ""and""]"
typo,logit,typo-future,38,"[""-"", "" a"", ""L"", "" an"", ""T""]"
typo,logit,typo-future,45,"["" a"", "" l"", ""-"", "" an"", "" que""]"
typo,logit,typo-future,52,"[""\u672a\u6765"", ""future"", "" \ubbf8\ub798"", ""FUTURE"", ""Future""]"
typo,jlens_16p,typo-future,8,"[""y"", ""yeri"", ""ness"", ""\u094d\u092f"", ""mett""]"
typo,jlens_16p,typo-future,15,"[""UKA"", ""\u0420\u0410"", "" PRP"", "" own"", "" la""]"
typo,jlens_16p,typo-future,22,"[""UKA"", ""\u0420\u0410"", "" own"", "" PRP"", "" la""]"
typo,jlens_16p,typo-future,30,"["" own"", "" single"", ""\u6027"", "" up"", ""ized""]"
typo,jlens_16p,typo-future,38,"["" own"", ""\u6027"", "" up"", ""ity"", ""\u0629""]"
typo,jlens_16p,typo-future,45,"["" own"", ""\u6027"", ""\u0629"", "" either"", "" th\u1ec3""]"
typo,jlens_16p,typo-future,52,"[""future"", "" future"", ""Future"", "" \u092d\u0935\u093f\u0937\u094d\u092f"", ""\u672a\u6765""]"
typo,rlens_16p,typo-future,8,"["" kaha"", "" lounge"", "" gaze"", ""cture"", "" lille""]"
typo,rlens_16p,typo-future,15,"["" kaha"", ""cture"", ""</u>"", ""uture"", "" la""]"
typo,rlens_16p,typo-future,22,"["" kaha"", "" future"", ""</u>"", ""urable"", ""cture""]"
typo,rlens_16p,typo-future,30,"[""</u>"", ""\u318d"", ""liches"", ""\ub96d"", ""^""]"
typo,rlens_16p,typo-future,38,"["" or"", "" \u03d5"", ""</u>"", ""\u00b9."", "" alike""]"
typo,rlens_16p,typo-future,45,"[""\u00b9."", "" \u06c1\u0648\u06af\u0627\u06d4"", ""\u0626\u06cc\u06ba\u06d4"", "" \u062a\u06be\u06cc\u06d4"", ""\u120d\u1362""]"
typo,rlens_16p,typo-future,52,"[""future"", "" future"", ""Future"", "" \ubbf8\ub798"", ""\u672a\u6765""]"
typo,rlens_64p,typo-future,8,"["" kaha"", "" lounge"", "" gaze"", "" lille"", ""cture""]"
typo,rlens_64p,typo-future,15,"["" kaha"", "" la"", "" l"", ""</u>"", "" IUE""]"
typo,rlens_64p,typo-future,22,"[""</u>"", "" kaha"", "" la"", "" IUE"", ""urable""]"
typo,rlens_64p,typo-future,30,"[""</u>"", ""\u318d"", ""liches"", ""\ub96d"", ""^""]"
typo,rlens_64p,typo-future,38,"["" or"", "" \u03d5"", ""C"", "" alike"", ""\u00b9.""]"
typo,rlens_64p,typo-future,45,"[""\u00b9."", "" \u06c1\u0648\u06af\u0627\u06d4"", ""S"", ""\u0626\u06cc\u06ba\u06d4"", "" \u062a\u06be\u06cc\u06d4""]"
typo,rlens_64p,typo-future,52,"[""future"", "" future"", ""Future"", "" \ubbf8\ub798"", ""\u672a\u6765""]"
typo,jpp_64p,typo-future,8,"[""ure"", ""\ud6c4"", ""ural"", "" future"", ""\u1ef1""]"
typo,jpp_64p,typo-future,15,"[""ure"", "" future"", ""uture"", ""future"", ""iture""]"
typo,jpp_64p,typo-future,22,"["" future"", ""\ud6c4"", ""uture"", ""cture"", ""future""]"
typo,jpp_64p,typo-future,30,"[""future"", ""</u>"", ""C"", ""S"", ""\ub96d""]"
typo,jpp_64p,typo-future,38,"["" \u092b\u094d\u092f\u0942\u091a\u0930"", ""FUTURE"", "" or"", ""Fut"", ""Future""]"
typo,jpp_64p,typo-future,45,"[""uture"", ""</u>"", ""S"", ""\u00b9."", "" \u092b\u094d\u092f\u0942\u091a\u0930""]"
typo,jpp_64p,typo-future,52,"[""future"", "" \ubbf8\ub798"", ""Future"", ""FUTURE"", "" future""]"
typo,logit,typo-level,8,"[""</li>"", ""</sup>"", "" de"", ""if"", ""<unused53>""]"
typo,logit,typo-level,15,"[""\u0627\u0646"", "" \u043d\u0435"", ""\u064a\u0646"", ""\u4e00\u4e2a"", ""\u043d\u0430""]"
typo,logit,typo-level,22,"[""\uc73c\ub85c"", "" ajout"", ""\ub780"", "" l"", ""\u043d\u0430""]"
typo,logit,typo-level,30,"[""e"", "" own"", ""that"", ""also"", "" l""]"
typo,logit,typo-level,38,"[""L"", ""C"", ""T"", "" and"", ""-""]"
typo,logit,typo-level,45,"[""L"", "" and"", "" a"", "" because"", ""s""]"
typo,logit,typo-level,52,"[""S"", ""K"", ""B"", ""T"", ""L""]"
typo,jlens_16p,typo-level,8,"[""y"", ""yeri"", ""ness"", ""\u094d\u092f"", ""mett""]"
typo,jlens_16p,typo-level,15,"[""\u0420\u0410"", ""UKA"", "" PRP"", "" la"", "" own""]"
typo,jlens_16p,typo-level,22,"[""\u0420\u0410"", ""UKA"", "" own"", "" PRP"", "" la""]"
typo,jlens_16p,typo-level,30,"["" own"", ""\u6027"", "" even"", "" up"", "" single""]"
typo,jlens_16p,typo-level,38,"["" own"", "" up"", ""\u6027"", "" even"", "" single""]"
typo,jlens_16p,typo-level,45,"["" up"", "" even"", "" own"", ""ation"", ""\u6027""]"
typo,jlens_16p,typo-level,52,"[""ness"", ""ed"", ""ly"", "" which"", "" during""]"
typo,rlens_16p,typo-level,8,"["" armour"", "" armoured"", "" colour"", "" jewellery"", "" de""]"
typo,rlens_16p,typo-level,15,"["" colour"", "" de"", "" armour"", "" honour"", "" polarisation""]"
typo,rlens_16p,typo-level,22,"["" level"", "" colour"", "" equaliser"", ""isable"", "" polarisation""]"
typo,rlens_16p,typo-level,30,"["" equaliser"", "" armour"", "" favoured"", "" polarisation"", "" colour""]"
typo,rlens_16p,typo-level,38,"["" de"", "" armour"", ""\u5169"", ""^"", "" anaemia""]"
typo,rlens_16p,typo-level,45,"["" de"", "" ever"", ""\uc73c\ub85c"", "" because"", ""<b>""]"
typo,rlens_16p,typo-level,52,"["" de"", "" during"", "" level"", "" kerana"", "" which""]"
typo,rlens_64p,typo-level,8,"["" armour"", "" armoured"", "" jewellery"", "" colour"", "" neighbour""]"
typo,rlens_64p,typo-level,15,"["" armour"", "" colour"", "" honour"", "" jewellery"", "" armoured""]"
typo,rlens_64p,typo-level,22,"["" level"", "" favoured"", "" colour"", ""isable"", "" armour""]"
typo,rlens_64p,typo-level,30,"["" armour"", "" equaliser"", "" favoured"", "" polarisation"", "" colour""]"
typo,rlens_64p,typo-level,38,"["" armour"", "" anaemia"", ""\u5169"", "" de"", ""mathrm""]"
typo,rlens_64p,typo-level,45,"["" de"", "" ever"", ""\uc73c\ub85c"", "" because"", "" level""]"
typo,rlens_64p,typo-level,52,"["" de"", "" during"", "" kerana"", "" level"", "" which""]"
typo,jpp_64p,typo-level,8,"["" own"", "" level"", ""\u0644\u0627\u064b"", ""\u30fc\u30eb"", ""\u0947\u0932""]"
typo,jpp_64p,typo-level,15,"["" level"", ""level"", "" levelled"", ""\u30ec\u30d9\u30eb"", "" favoured""]"
typo,jpp_64p,typo-level,22,"["" level"", ""level"", "" levelled"", "" nivel"", ""\u30ec\u30d9\u30eb""]"
typo,jpp_64p,typo-level,30,"["" level"", "" favoured"", "" recognised"", "" armour"", "" colour""]"
typo,jpp_64p,typo-level,38,"["" level"", "" Level"", ""yll"", ""\u5169"", ""\u30c3""]"
typo,jpp_64p,typo-level,45,"[""**"", ""<b>"", ""\u0640"", ""\u0640\u0640\u0640\u0640"", "" ever""]"
typo,jpp_64p,typo-level,52,"["" level"", "" during"", ""^"", "" which"", "" kerana""]"
typo,logit,typo-local,8,"[""ek"", ""</s>"", ""\u0627\u0646"", "" even"", ""pe""]"
typo,logit,typo-local,15,"[""ing"", ""\u0627\u0646"", "" \u043d\u0435"", ""\u064a\u0646"", ""\u043d\u0430""]"
typo,logit,typo-local,22,"["" uma"", ""\u0627\u062a\u0647"", ""S"", ""\u3088\u3046\u306a"", ""\u0627\u062a\u0647\u0627""]"
typo,logit,typo-local,30,"[""-"", "" l"", ""ed"", ""y"", "" own""]"
typo,logit,typo-local,38,"[""-"", "" l"", ""B"", ""K"", ""S""]"
typo,logit,typo-local,45,"["" l"", ""-"", "" own"", ""C"", "" le""]"
typo,logit,typo-local,52,"["" l"", ""market"", "" market"", "" \uc2dc\uc7a5"", ""Market""]"
typo,jlens_16p,typo-local,8,"[""y"", ""yeri"", ""ness"", ""\u094d\u092f"", ""mett""]"
typo,jlens_16p,typo-local,15,"[""UKA"", ""\u0420\u0410"", "" PRP"", "" own"", "" la""]"
typo,jlens_16p,typo-local,22,"[""\u0420\u0410"", ""UKA"", "" PRP"", "" own"", "" la""]"
typo,jlens_16p,typo-local,30,"["" own"", ""\u6027"", ""ity"", ""yness"", ""ization""]"
typo,jlens_16p,typo-local,38,"[""ity"", "" own"", ""ization"", "" up"", ""isation""]"
typo,jlens_16p,typo-local,45,"[""ity"", ""ization"", ""y"", "" up"", "" kind""]"
typo,jlens_16p,typo-local,52,"[""ness"", ""ization"", ""ly"", ""ity"", ""ed""]"
typo,rlens_16p,typo-local,8,"[""isation"", ""</i>"", ""atform"", ""yness"", ""isable""]"
typo,rlens_16p,typo-local,15,"[""isation"", ""getLocal"", ""yness"", "" neighbourhood"", ""atform""]"
typo,rlens_16p,typo-local,22,"[""isation"", "" own"", ""getLocal"", ""yness"", "" community""]"
typo,rlens_16p,typo-local,30,"[""getLocal"", ""yness"", ""isation"", ""est"", ""rakech""]"
typo,rlens_16p,typo-local,38,"["" de"", ""getLocal"", ""\u7576\u5730"", "" \u0627\u0644\u0645\u062d\u0644\u064a\u0629"", "" neighbourhood""]"
typo,rlens_16p,typo-local,45,"[""\u8d85\u5e02"", ""local"", ""neighbour"", "" neighbourhood"", ""LOCAL""]"
typo,rlens_16p,typo-local,52,"["" market"", ""\u5e02\u573a\u7684"", "" mercado"", "" \uc2dc\uc7a5"", ""Market""]"
typo,rlens_64p,typo-local,8,"[""isation"", ""atform"", ""</i>"", ""yness"", "" armour""]"
typo,rlens_64p,typo-local,15,"[""isation"", ""yness"", "" own"", ""getLocal"", ""atform""]"
typo,rlens_64p,typo-local,22,"["" own"", ""isation"", ""getLocal"", ""yness"", "" neighbourhood""]"
typo,rlens_64p,typo-local,30,"[""getLocal"", ""yness"", ""isation"", ""est"", ""rakech""]"
typo,rlens_64p,typo-local,38,"["" de"", ""getLocal"", "" \u0627\u0644\u0645\u062d\u0644\u064a\u0629"", ""mathrm"", ""\u7576\u5730""]"
typo,rlens_64p,typo-local,45,"[""\u8d85\u5e02"", ""local"", ""y"", ""neighbour"", ""\u0441\u0442\u044c""]"
typo,rlens_64p,typo-local,52,"["" market"", "" mercado"", ""\u5e02\u573a\u7684"", ""market"", "" \uc2dc\uc7a5""]"
typo,jpp_64p,typo-local,8,"[""ll"", ""\u0644\u0649"", "" own"", ""\u0dbd"", ""local""]"
typo,jpp_64p,typo-local,15,"["" locality"", "" own"", "" local"", ""local"", "" locale""]"
typo,jpp_64p,typo-local,22,"["" own"", ""est"", "" locality"", "" locale"", "" community""]"
typo,jpp_64p,typo-local,30,"[""getLocal"", ""LOCAL"", ""Local"", ""est"", "" \u0627\u0644\u0645\u062d\u0644\u064a\u0629""]"
typo,jpp_64p,typo-local,38,"[""getLocal"", ""Local"", "" Local"", ""LOCAL"", "" Loc""]"
typo,jpp_64p,typo-local,45,"[""Local"", ""\u8d85\u5e02"", ""\u0640"", ""LOCAL"", ""local""]"
typo,jpp_64p,typo-local,52,"["" market"", ""market"", ""Market"", ""\u5e02\u573a\u7684"", "" mercado""]"
typo,logit,typo-order,8,"[""</td>"", ""</h6>"", "" l"", ""end"", ""en""]"
typo,logit,typo-order,15,"[""\u043d\u0430"", "" \uc2f6"", ""S"", ""B"", ""\u4e00\u4e2a""]"
typo,logit,typo-order,22,"[""B"", ""est"", ""\u043d\u0430"", ""\u306a"", ""S""]"
typo,logit,typo-order,30,"[""-"", ""e"", ""er"", ""ed"", ""that""]"
typo,logit,typo-order,38,"[""-"", ""C"", ""L"", ""T"", "" and""]"
typo,logit,typo-order,45,"["" a"", "" l"", "" and"", "" as"", ""y""]"
typo,logit,typo-order,52,"[""order"", ""Order"", "" order"", "" Order"", "" ORDER""]"
typo,jlens_16p,typo-order,8,"[""y"", ""yeri"", ""ness"", ""\u094d\u092f"", ""mett""]"
typo,jlens_16p,typo-order,15,"[""\u0420\u0410"", ""UKA"", "" PRP"", "" own"", "" la""]"
typo,jlens_16p,typo-order,22,"[""UKA"", ""\u0420\u0410"", "" own"", "" PRP"", ""\u0627\u0631\u0643""]"
typo,jlens_16p,typo-order,30,"["" own"", ""\u6027"", "" single"", "" up"", ""rian""]"
typo,jlens_16p,typo-order,38,"["" own"", "" up"", "" uma"", "" single"", ""al""]"
typo,jlens_16p,typo-order,45,"["" own"", ""al"", "" up"", ""\u0647\u0627"", ""y""]"
typo,jlens_16p,typo-order,52,"[""ness"", ""ly"", "" order"", "" today"", ""order""]"
typo,rlens_16p,typo-order,8,"[""tt"", ""onter"", "" tt"", ""\u041e\u0420"", ""paddle""]"
typo,rlens_16p,typo-order,15,"["" la"", "" l"", ""ial"", "" \u0444\u0438\u0440"", ""Paddle""]"
typo,rlens_16p,typo-order,22,"["" la"", "" l"", "" same"", ""ial"", ""\u00ee""]"
typo,rlens_16p,typo-order,30,"[""\uff70"", ""textrm"", ""\u1e0d"", ""tt"", ""sson""]"
typo,rlens_16p,typo-order,38,"[""ness"", "" de"", ""<sup>"", "" or"", "" \u0640""]"
typo,rlens_16p,typo-order,45,"[""ness"", ""s"", "" la"", ""al"", "" even""]"
typo,rlens_16p,typo-order,52,"["" order"", ""order"", "" la"", "" ORDER"", "" today""]"
typo,rlens_64p,typo-order,8,"[""tt"", "" tt"", ""</li>"", "" la"", ""ddot""]"
typo,rlens_64p,typo-order,15,"["" la"", "" l"", ""ial"", ""Paddle"", "" \u0444\u0438\u0440""]"
typo,rlens_64p,typo-order,22,"["" la"", "" l"", "" same"", ""ial"", ""\u00ee""]"
typo,rlens_64p,typo-order,30,"[""tt"", ""\u1e0d"", ""\uff70"", ""textrm"", ""\u094d\u091f""]"
typo,rlens_64p,typo-order,38,"[""ness"", "" de"", "" or"", ""<sup>"", "" \u0640""]"
typo,rlens_64p,typo-order,45,"[""ness"", ""s"", "" la"", "" even"", ""al""]"
typo,rlens_64p,typo-order,52,"["" order"", ""order"", "" la"", "" ORDER"", "" today""]"
typo,jpp_64p,typo-order,8,"[""der"", ""\ub354"", ""\u017c"", ""\u0434\u0435\u0440"", ""\u062f\u0631""]"
typo,jpp_64p,typo-order,15,"["" l"", ""udder"", ""ort"", ""\u043b\u0451\u043d"", "" order""]"
typo,jpp_64p,typo-order,22,"["" l"", "" same"", ""ort"", "" la"", ""\u00ee""]"
typo,jpp_64p,typo-order,30,"["" same"", ""sson"", ""tting"", ""\u0441\u0441\u0438"", ""same""]"
typo,jpp_64p,typo-order,38,"[""e"", "" or"", ""ness"", ""yle"", ""else""]"
typo,jpp_64p,typo-order,45,"[""e"", "" even"", ""\u0640\u0640"", ""for"", ""\u0640""]"
typo,jpp_64p,typo-order,52,"["" order"", ""ORDER"", "" ORDER"", ""order"", "" Order""]"
typo,logit,typo-study,8,"[""er"", ""</td>"", "" and"", ""et"", ""</li>""]"
typo,logit,typo-study,15,"["" l"", ""iz"", "" even"", "" \u0434\u0440\u0443\u0433\u0438\u0435"", ""ess""]"
typo,logit,typo-study,22,"["" l"", "" even"", ""S"", ""iz"", ""ation""]"
typo,logit,typo-study,30,"[""ed"", "" l"", ""er"", ""-"", ""e""]"
typo,logit,typo-study,38,"[""L"", ""C"", ""-"", ""S"", ""ly""]"
typo,logit,typo-study,45,"["" a"", "" l"", ""ed"", ""y"", ""ly""]"
typo,logit,typo-study,52,"[""ed"", ""S"", ""e"", ""Study"", ""study""]"
typo,jlens_16p,typo-study,8,"[""y"", ""yeri"", ""ness"", ""\u094d\u092f"", ""mett""]"
typo,jlens_16p,typo-study,15,"[""\u0420\u0410"", ""UKA"", "" PRP"", "" own"", "" la""]"
typo,jlens_16p,typo-study,22,"[""\u0420\u0410"", ""UKA"", "" PRP"", "" own"", "" la""]"
typo,jlens_16p,typo-study,30,"["" own"", ""rian"", ""\u6027"", ""y"", "" up""]"
typo,jlens_16p,typo-study,38,"["" own"", ""\u064a"", "" up"", ""\u0629"", ""ity""]"
typo,jlens_16p,typo-study,45,"[""\u0647\u0627"", ""\u0629"", "" own"", ""\u0647"", "" for""]"
typo,jlens_16p,typo-study,52,"["" for"", ""ness"", ""for"", "" study"", "" Study""]"
typo,rlens_16p,typo-study,8,"[""L"", "" l"", ""CCION"", ""\u00ef"", ""</i>""]"
typo,rlens_16p,typo-study,15,"[""L"", "" l"", "" la"", ""</i>"", "" Paddy""]"
typo,rlens_16p,typo-study,22,"["" l"", "" la"", "" level"", ""L"", "" same""]"
typo,rlens_16p,typo-study,30,"[""L"", "" same"", ""remove"", "" level"", ""</u>""]"
typo,rlens_16p,typo-study,38,"["" missp"", ""L"", "" de"", ""\u9519\u8bef\u7684"", "" \u062d\u0631\u0648\u0641""]"
typo,rlens_16p,typo-study,45,"["" for"", ""\u305f\u3081\u306e"", "" \uacf5\ubd80"", ""\u305f\u3081"", ""<sup>""]"
typo,rlens_16p,typo-study,52,"["" for"", "" \uacf5\ubd80"", ""stud"", ""study"", "" study""]"
typo,rlens_64p,typo-study,8,"[""L"", "" l"", ""\u00ef"", "" dd"", ""CCION""]"
typo,rlens_64p,typo-study,15,"[""L"", "" l"", "" la"", ""</i>"", "" Paddy""]"
typo,rlens_64p,typo-study,22,"["" l"", "" la"", ""L"", "" same"", "" level""]"
typo,rlens_64p,typo-study,30,"[""L"", "" same"", ""xffff"", ""remove"", ""</i>""]"
typo,rlens_64p,typo-study,38,"["" missp"", "" de"", "" and"", ""L"", "" or""]"
typo,rlens_64p,typo-study,45,"["" for"", ""\u305f\u3081\u306e"", ""\u305f\u3081"", "" \uacf5\ubd80"", ""<sup>""]"
typo,rlens_64p,typo-study,52,"["" for"", "" \uacf5\ubd80"", ""stud"", "" stud"", ""study""]"
typo,jpp_64p,typo-study,8,"[""\ub2f9"", ""\u636e"", ""L"", ""d\u00fc"", ""dy""]"
typo,jpp_64p,typo-study,15,"["" stud"", ""stud"", "" study"", ""study"", "" studie""]"
typo,jpp_64p,typo-study,22,"["" stud"", ""stud"", "" studie"", "" l"", "" study""]"
typo,jpp_64p,typo-study,30,"["" same"", ""L"", ""yy"", ""zuki"", ""</u>""]"
typo,jpp_64p,typo-study,38,"["" or"", ""\u7684\u5b66\u4e60"", "" bahasa"", "" spelling"", "" Spelling""]"
typo,jpp_64p,typo-study,45,"["" for"", ""</u>"", ""</i>"", ""*"", ""\u305f\u3081""]"
typo,jpp_64p,typo-study,52,"["" for"", ""stud"", "" stud"", "" study"", ""study""]"
typo,logit,typo-write,8,"[""</h6>"", ""</td>"", "" l"", "" de"", ""</li>""]"
typo,logit,typo-write,15,"["" \u043d\u0435"", "" l"", ""\u064a\u0646"", ""\u0627\u062a\u0647\u0627"", "" \ub370""]"
typo,logit,typo-write,22,"["" de"", "" l"", "" \ub370"", ""\u0627\u062a\u0647\u0627"", "" \u043d\u0435""]"
typo,logit,typo-write,30,"[""ed"", ""-"", "" l"", ""er"", "" own""]"
typo,logit,typo-write,38,"[""-"", "" l"", ""C"", ""L"", "" and""]"
typo,logit,typo-write,45,"["" a"", "" l"", ""C"", ""T"", "" \u0438\u0445""]"
typo,logit,typo-write,52,"[""B"", ""S"", ""C"", ""-"", ""T""]"
typo,jlens_16p,typo-write,8,"[""y"", ""yeri"", ""ness"", ""\u094d\u092f"", ""mett""]"
typo,jlens_16p,typo-write,15,"[""UKA"", ""\u0420\u0410"", "" PRP"", "" own"", "" la""]"
typo,jlens_16p,typo-write,22,"[""\u0420\u0410"", ""UKA"", "" PRP"", "" own"", "" la""]"
typo,jlens_16p,typo-write,30,"["" own"", "" single"", ""mente"", ""y"", ""ye""]"
typo,jlens_16p,typo-write,38,"["" own"", "" up"", ""\u6027"", "" single"", ""y""]"
typo,jlens_16p,typo-write,45,"["" own"", ""\u0647\u0627"", "" single"", "" kind"", "" either""]"
typo,jlens_16p,typo-write,52,"[""ness"", "" even"", ""ly"", ""write"", "" write""]"
typo,rlens_16p,typo-write,8,"["" l"", "" omt"", ""colour"", "" roche"", ""commend""]"
typo,rlens_16p,typo-write,15,"["" l"", ""\u0643\u062a\u0628"", ""\u5199\u7684"", "" wrote"", "" omt""]"
typo,rlens_16p,typo-write,22,"["" l"", ""\u5199\u7684"", ""\u0643\u062a\u0628"", "" wrote"", "" same""]"
typo,rlens_16p,typo-write,30,"[""\u5230\u5e95\u662f"", "" l"", ""\u5199\u7684"", "" same"", ""eee""]"
typo,rlens_16p,typo-write,38,"["" or"", ""\u9519\u8bef\u7684"", ""\u5199\u7684"", ""\u0640\u0640"", ""\u0643\u062a\u0628""]"
typo,rlens_16p,typo-write,45,"[""\u5199\u7684"", ""\u0643\u062a\u0628"", ""write"", ""s"", ""\u0640\u0640""]"
typo,rlens_16p,typo-write,52,"[""write"", "" wrote"", ""\u5199\u7684"", ""\u0643\u062a\u0628"", "" write""]"
typo,rlens_64p,typo-write,8,"["" l"", "" omt"", ""colour"", "" colour"", ""commend""]"
typo,rlens_64p,typo-write,15,"["" l"", ""\u0643\u062a\u0628"", ""\u5199\u7684"", "" wrote"", "" omt""]"
typo,rlens_64p,typo-write,22,"["" l"", "" same"", ""\u5199\u7684"", ""\u0643\u062a\u0628"", "" wrote""]"
typo,rlens_64p,typo-write,30,"["" same"", ""\u5199\u7684"", ""\u5230\u5e95\u662f"", "" l"", ""eee""]"
typo,rlens_64p,typo-write,38,"["" or"", ""\u9519\u8bef\u7684"", ""\u5199\u7684"", "" \u062d\u0631\u0648\u0641"", ""\u0643\u062a\u0628""]"
typo,rlens_64p,typo-write,45,"[""\u5199\u7684"", ""\u0643\u062a\u0628"", ""s"", ""write"", ""\u5199""]"
typo,rlens_64p,typo-write,52,"[""write"", "" wrote"", ""\u0643\u062a\u0628"", ""\u5199\u7684"", "" write""]"
typo,jpp_64p,typo-write,8,"[""\ub54c"", ""write"", ""\u021be"", "" wrote"", ""\u021ba""]"
typo,jpp_64p,typo-write,15,"[""write"", "" wrote"", "" write"", ""\u5199\u7684"", ""\u0643\u062a\u0628""]"
typo,jpp_64p,typo-write,22,"[""write"", "" write"", "" wrote"", ""riting"", "" same""]"
typo,jpp_64p,typo-write,30,"["" same"", ""\u5199\u7684"", ""write"", ""\u021be"", "" or""]"
typo,jpp_64p,typo-write,38,"["" or"", "" Write"", ""\u9519\u8bef\u7684"", ""Write"", "" both""]"
typo,jpp_64p,typo-write,45,"[""write"", ""</u>"", ""\u0640\u0640"", "" wrote"", ""Write""]"
typo,jpp_64p,typo-write,52,"[""write"", "" write"", "" wrote"", ""Write"", ""\u0643\u062a\u0628""]"
typo,logit,typo-young,8,"["" l"", ""</sup>"", ""ain"", ""ich"", ""ing""]"
typo,logit,typo-young,15,"[""ten"", ""\u043d\u0430"", ""ina"", ""na"", "" l""]"
typo,logit,typo-young,22,"[""B"", "" l"", ""ina"", ""\u043d\u0430"", "" \ub370""]"
typo,logit,typo-young,30,"[""-"", "" l"", ""ed"", ""e"", ""er""]"
typo,logit,typo-young,38,"[""-"", ""C"", ""L"", "" and"", "" a""]"
typo,logit,typo-young,45,"["" a"", "" an"", "" l"", "" and"", ""ly""]"
typo,logit,typo-young,52,"[""-"", ""young"", ""Young"", "" Young"", ""S""]"
typo,jlens_16p,typo-young,8,"[""y"", ""yeri"", ""ness"", ""\u094d\u092f"", ""mett""]"
typo,jlens_16p,typo-young,15,"[""\u0420\u0410"", ""UKA"", "" PRP"", "" la"", "" Kiya""]"
typo,jlens_16p,typo-young,22,"[""UKA"", ""\u0420\u0410"", "" PRP"", "" own"", "" la""]"
typo,jlens_16p,typo-young,30,"["" own"", "" up"", ""\u6027"", "" single"", "" or""]"
typo,jlens_16p,typo-young,38,"["" own"", "" up"", "" idea"", ""\u6027"", "" single""]"
typo,jlens_16p,typo-young,45,"["" own"", "" th\u1ec3"", "" up"", "" \uc2f6"", "" idea""]"
typo,jlens_16p,typo-young,52,"[""Young"", ""ness"", ""young"", "" young"", ""oung""]"
typo,rlens_16p,typo-young,8,"[""\u0e07"", ""oung"", ""\u0640\u0640"", ""ness"", ""gg""]"
typo,rlens_16p,typo-young,15,"["" own"", ""oung"", ""ness"", "" young"", ""young""]"
typo,rlens_16p,typo-young,22,"["" own"", ""oung"", "" young"", ""\u4e9b"", ""yness""]"
typo,rlens_16p,typo-young,30,"["" own"", ""oung"", ""L"", ""yness"", ""sst""]"
typo,rlens_16p,typo-young,38,"["" own"", "" or"", ""oung"", ""\u4e9b"", "" missp""]"
typo,rlens_16p,typo-young,45,"["" own"", ""S"", ""ness"", ""oung"", ""ly""]"
typo,rlens_16p,typo-young,52,"[""Young"", ""young"", "" young"", ""oung"", "" Young""]"
typo,rlens_64p,typo-young,8,"[""\u0e07"", ""oung"", "" own"", ""\u0640\u0640"", ""ness""]"
typo,rlens_64p,typo-young,15,"["" own"", ""oung"", ""ness"", "" young"", ""\u00fe""]"
typo,rlens_64p,typo-young,22,"["" own"", ""oung"", "" young"", ""\u4e9b"", ""yness""]"
typo,rlens_64p,typo-young,30,"["" own"", ""oung"", ""tt"", ""sst"", ""yness""]"
typo,rlens_64p,typo-young,38,"["" own"", "" or"", ""ness"", ""oung"", "" and""]"
typo,rlens_64p,typo-young,45,"["" own"", ""S"", ""ness"", ""oung"", ""ed""]"
typo,rlens_64p,typo-young,52,"[""Young"", "" young"", ""young"", ""oung"", "" Young""]"
typo,jpp_64p,typo-young,8,"["" own"", ""ng"", ""\u0e07"", ""\u0e87"", ""\u0646\u06af""]"
typo,jpp_64p,typo-young,15,"["" own"", ""oung"", ""young"", "" young"", ""ng""]"
typo,jpp_64p,typo-young,22,"["" own"", ""oung"", "" young"", ""ng"", ""young""]"
typo,jpp_64p,typo-young,30,"["" own"", ""oung"", ""ng"", ""L"", ""\u063a\u0629""]"
typo,jpp_64p,typo-young,38,"["" or"", ""oung"", ""ed"", ""yle"", "" own""]"
typo,jpp_64p,typo-young,45,"[""ed"", ""oung"", "" own"", ""\u0640"", ""**""]"
typo,jpp_64p,typo-young,52,"[""oung"", ""young"", ""Young"", "" young"", "" YOUNG""]"
typo,logit,typo-human,8,"[""</li>"", ""</span>"", ""en"", ""ing"", ""</h6>""]"
typo,logit,typo-human,15,"[""ing"", ""ess"", ""\u043d\u0430"", ""\u0627\u0646"", ""um""]"
typo,logit,typo-human,22,"[""-"", ""\u043d\u0430"", ""B"", ""\u0637"", ""ene""]"
typo,logit,typo-human,30,"["" own"", ""ed"", ""e"", ""-"", "" l""]"
typo,logit,typo-human,38,"[""-"", ""L"", ""C"", ""T"", ""S""]"
typo,logit,typo-human,45,"["" l"", "" a"", ""-"", "" an"", ""ly""]"
typo,logit,typo-human,52,"[""e"", ""B"", ""ing"", "" l"", "" beings""]"
typo,jlens_16p,typo-human,8,"[""y"", ""yeri"", ""ness"", ""\u094d\u092f"", ""mett""]"
typo,jlens_16p,typo-human,15,"[""UKA"", ""\u0420\u0410"", "" PRP"", "" own"", "" la""]"
typo,jlens_16p,typo-human,22,"[""\u0420\u0410"", ""UKA"", "" own"", "" PRP"", "" la""]"
typo,jlens_16p,typo-human,30,"["" own"", ""\u6027"", "" single"", ""rian"", "" same""]"
typo,jlens_16p,typo-human,38,"["" own"", ""\u064a"", "" idea"", ""\u6027"", "" uma""]"
typo,jlens_16p,typo-human,45,"["" own"", "" ability"", ""\u0647\u0627"", "" uma"", "" idea""]"
typo,jlens_16p,typo-human,52,"[""ness"", ""ized"", ""ization"", ""ity"", "" human""]"
typo,rlens_16p,typo-human,8,"[""\uae68"", ""SSON"", ""</h2>"", "" Gummies"", ""alian""]"
typo,rlens_16p,typo-human,15,"[""\u8eaf"", ""\u101c\u1030"", "" uman"", ""\uae68"", "" Quis""]"
typo,rlens_16p,typo-human,22,"["" own"", ""ciencia"", ""ial"", "" uman"", "" Quis""]"
typo,rlens_16p,typo-human,30,"["" own"", "" same"", ""\u063a\u0629"", ""s"", ""\u00e7\u00e7""]"
typo,rlens_16p,typo-human,38,"["" own"", ""\u9519\u8bef\u7684"", ""\u0629"", "" \uc798\ubabb"", ""<sup>""]"
typo,rlens_16p,typo-human,45,"["" own"", ""s"", ""ness"", ""\u0629"", "" ability""]"
typo,rlens_16p,typo-human,52,"[""human"", ""ness"", ""\u4eba\u7c7b"", "" own"", ""Human""]"
typo,rlens_64p,typo-human,8,"[""\uae68"", ""</h2>"", ""SSON"", ""<h3>"", ""zzo""]"
typo,rlens_64p,typo-human,15,"[""\u064a"", ""\u8eaf"", ""ial"", ""\uae68"", ""\u101c\u1030""]"
typo,rlens_64p,typo-human,22,"["" own"", ""ial"", "" Quis"", ""fortunate"", ""ciencia""]"
typo,rlens_64p,typo-human,30,"["" own"", "" same"", ""\u063a\u0629"", ""\u00e7\u00e7"", ""ttu""]"
typo,rlens_64p,typo-human,38,"["" own"", ""\u9519\u8bef\u7684"", ""\u0629"", ""<sup>"", ""s""]"
typo,rlens_64p,typo-human,45,"["" own"", ""s"", ""ness"", ""\u0629"", ""ization""]"
typo,rlens_64p,typo-human,52,"[""ness"", "" own"", ""human"", ""\u4eba\u7c7b"", ""Human""]"
typo,jpp_64p,typo-human,8,"[""S"", "" own"", ""man"", ""\u0647\u0645"", ""\u69d8\u3005\u306a""]"
typo,jpp_64p,typo-human,15,"[""human"", "" superhuman"", "" human"", "" manhood"", "" humana""]"
typo,jpp_64p,typo-human,22,"["" own"", ""ial"", ""human"", ""ual"", "" superhuman""]"
typo,jpp_64p,typo-human,30,"["" own"", "" same"", ""\u063a\u0629"", ""ttu"", ""ciencia""]"
typo,jpp_64p,typo-human,38,"["" own"", "" \u0967\u0967"", ""\u9519\u8bef\u7684"", "" \ubb38"", ""wrong""]"
typo,jpp_64p,typo-human,45,"[""\u0640\u0640"", ""ed"", ""\u0640"", "" own"", ""\u064a\u0629""]"
typo,jpp_64p,typo-human,52,"[""human"", "" human"", ""Human"", ""\u4eba\u7c7b"", ""ness""]"
typo,logit,typo-major,8,"[""se"", ""ed"", "" de"", ""pe"", ""ad""]"
typo,logit,typo-major,15,"[""ed"", ""ul"", ""um"", ""\u043d\u0430"", ""ing""]"
typo,logit,typo-major,22,"[""\u064a\u0646"", "" de"", ""s"", ""-"", ""\u043d\u0430""]"
typo,logit,typo-major,30,"["" l"", ""e"", ""ed"", "" own"", ""-""]"
typo,logit,typo-major,38,"[""-"", ""C"", ""un"", "" and"", "" l""]"
typo,logit,typo-major,45,"[""-"", "" a"", "" l"", "" and"", "" own""]"
typo,logit,typo-major,52,"[""-"", ""major"", "" MAJOR"", ""MAJOR"", "" major""]"
typo,jlens_16p,typo-major,8,"[""y"", ""yeri"", ""ness"", ""\u094d\u092f"", ""mett""]"
typo,jlens_16p,typo-major,15,"[""\u0420\u0410"", ""UKA"", "" PRP"", "" own"", "" la""]"
typo,jlens_16p,typo-major,22,"[""UKA"", ""\u0420\u0410"", "" PRP"", "" own"", "" la""]"
typo,jlens_16p,typo-major,30,"["" own"", ""\u6027"", "" single"", ""rian"", "" idea""]"
typo,jlens_16p,typo-major,38,"["" own"", ""\u6027"", ""ity"", ""\u064a"", "" uma""]"
typo,jlens_16p,typo-major,45,"["" ability"", "" uma"", "" single"", ""\u0647\u0627"", "" th\u1ec3""]"
typo,jlens_16p,typo-major,52,"[""ness"", ""ization"", ""major"", "" major"", ""ity""]"
typo,rlens_16p,typo-major,8,"[""ial"", ""s"", ""alian"", ""ness"", ""TopOf""]"
typo,rlens_16p,typo-major,15,"[""ial"", ""ional"", ""al"", ""ger"", ""ior""]"
typo,rlens_16p,typo-major,22,"[""ial"", ""al"", ""ional"", ""ger"", ""ior""]"
typo,rlens_16p,typo-major,30,"[""al"", ""s"", ""ial"", ""rian"", ""ikal""]"
typo,rlens_16p,typo-major,38,"[""s"", ""ial"", ""al"", ""\u0629"", ""ness""]"
typo,rlens_16p,typo-major,45,"[""ness"", ""s"", "" own"", ""ly"", ""al""]"
typo,rlens_16p,typo-major,52,"[""ness"", ""major"", "" major"", ""s"", "" Major""]"
typo,rlens_64p,typo-major,8,"[""ial"", ""iano"", ""s"", ""alian"", ""\u09c0\u09b0""]"
typo,rlens_64p,typo-major,15,"[""ial"", ""ional"", ""al"", ""ger"", ""ior""]"
typo,rlens_64p,typo-major,22,"[""ial"", ""ional"", ""al"", ""ger"", ""ior""]"
typo,rlens_64p,typo-major,30,"[""al"", ""s"", ""ial"", ""rian"", "" own""]"
typo,rlens_64p,typo-major,38,"[""s"", ""al"", ""ial"", "" own"", ""ness""]"
typo,rlens_64p,typo-major,45,"[""ness"", ""s"", "" own"", ""ly"", ""ization""]"
typo,rlens_64p,typo-major,52,"[""ness"", ""major"", "" major"", ""s"", "" Major""]"
typo,jpp_64p,typo-major,8,"[""S"", ""aj"", ""ger"", ""age"", "" own""]"
typo,jpp_64p,typo-major,15,"[""aj"", ""major"", ""ger"", "" major"", ""ior""]"
typo,jpp_64p,typo-major,22,"[""ional"", ""ial"", ""ger"", ""aj"", ""ior""]"
typo,jpp_64p,typo-major,30,"[""s"", ""al"", ""sson"", ""ial"", ""rian""]"
typo,jpp_64p,typo-major,38,"[""ctype"", ""yll"", ""cze\u0144"", ""sson"", ""duk""]"
typo,jpp_64p,typo-major,45,"[""\u0640"", ""s"", ""tti"", ""\u0640\u0640"", ""allar""]"
typo,jpp_64p,typo-major,52,"[""ness"", ""major"", "" major"", ""s"", ""MAJOR""]"
typo,logit,typo-often,8,"["" l"", "" s"", "" de"", "" la"", ""ing""]"
typo,logit,typo-often,15,"[""lar\u0131n"", "" l"", ""\u0447\u0435\u0439"", ""\ub9c8\ub2e4"", ""\uc73c\ub85c""]"
typo,logit,typo-often,22,"["" l"", "" de"", ""\ub9c1"", ""\u305f\u3081\u306e"", ""ene""]"
typo,logit,typo-often,30,"["" l"", ""-"", ""er"", ""ed"", ""ly""]"
typo,logit,typo-often,38,"[""-"", ""T"", "" but"", ""er"", "" l""]"
typo,logit,typo-often,45,"["" l"", ""T"", ""B"", "" a"", ""ly""]"
typo,logit,typo-often,52,"["" \u0447\u0430\u0441\u0442\u043e"", "" la"", ""Often"", "" sering"", "" often""]"
typo,jlens_16p,typo-often,8,"[""y"", ""yeri"", ""ness"", ""\u094d\u092f"", ""mett""]"
typo,jlens_16p,typo-often,15,"[""UKA"", ""\u0420\u0410"", "" PRP"", "" own"", "" la""]"
typo,jlens_16p,typo-often,22,"[""\u0420\u0410"", ""UKA"", "" PRP"", "" own"", "" la""]"
typo,jlens_16p,typo-often,30,"["" own"", "" single"", ""ity"", ""ness"", "" or""]"
typo,jlens_16p,typo-often,38,"["" own"", ""ity"", "" or"", "" up"", ""ized""]"
typo,jlens_16p,typo-often,45,"["" own"", ""ly"", "" up"", "" of"", ""ally""]"
typo,jlens_16p,typo-often,52,"[""ness"", ""ly"", ""ed"", ""ften"", "" often""]"
typo,rlens_16p,typo-often,8,"["" la"", "" tt"", ""zzet"", "" vv"", ""akka""]"
typo,rlens_16p,typo-often,15,"["" l"", "" la"", "" de"", "" s"", "" vv""]"
typo,rlens_16p,typo-often,22,"["" l"", "" la"", "" own"", ""\u51e0\u6b21"", ""isten""]"
typo,rlens_16p,typo-often,30,"["" la"", "" l"", "" taas"", ""\uc26c"", ""\u51e0\u6b21""]"
typo,rlens_16p,typo-often,38,"["" la"", "" de"", ""sometimes"", "" sometimes"", "" l""]"
typo,rlens_16p,typo-often,45,"["" de"", "" la"", ""\u00b9."", "" \u06af\u06d2\u06d4"", "" either""]"
typo,rlens_16p,typo-often,52,"["" often"", ""often"", ""Often"", "" \u0447\u0430\u0441\u0442\u043e"", "" sering""]"
typo,rlens_64p,typo-often,8,"["" la"", "" tt"", ""zzet"", ""\u0434\u0435\u0441\u044f"", "" l""]"
typo,rlens_64p,typo-often,15,"["" l"", "" la"", "" s"", "" tt"", "" taas""]"
typo,rlens_64p,typo-often,22,"["" l"", "" la"", "" own"", ""\ucbe4"", "" taas""]"
typo,rlens_64p,typo-often,30,"["" la"", "" l"", "" taas"", "" tt"", "" own""]"
typo,rlens_64p,typo-often,38,"["" la"", "" l"", ""sometimes"", ""\u51e0\u6b21"", ""T""]"
typo,rlens_64p,typo-often,45,"["" la"", ""\u00b9."", "" de"", "" \u06af\u06d2\u06d4"", "" either""]"
typo,rlens_64p,typo-often,52,"["" often"", ""often"", ""Often"", "" \u0447\u0430\u0441\u0442\u043e"", ""ften""]"
typo,jpp_64p,typo-often,8,"[""\u0161n"", "" often"", ""mente"", ""often"", ""soort""]"
typo,jpp_64p,typo-often,15,"[""ften"", "" l"", ""ort"", ""est"", "" often""]"
typo,jpp_64p,typo-often,22,"["" l"", "" own"", ""ften"", "" often"", ""ort""]"
typo,jpp_64p,typo-often,30,"[""T"", ""ften"", "" l"", ""sometimes"", "" often""]"
typo,jpp_64p,typo-often,38,"["" or"", ""ften"", ""ff"", ""\u51e0\u6b21"", ""usually""]"
typo,jpp_64p,typo-often,45,"[""</blockquote>"", ""\u0640"", ""\u0640\u0640"", ""\u00b9."", ""</i>""]"
typo,jpp_64p,typo-often,52,"["" often"", ""ften"", ""often"", ""Often"", ""ff""]"
typo,logit,typo-present,8,"[""ing"", "" to"", "" and"", "" l"", "" a""]"
typo,logit,typo-present,15,"["" de"", ""C"", ""\u043d\u0430"", ""na"", "" even""]"
typo,logit,typo-present,22,"[""C"", "" even"", ""\u00e1"", ""B"", ""\u00e9r""]"
typo,logit,typo-present,30,"["" own"", ""e"", ""and"", ""ed"", ""\uc5d0\ub3c4""]"
typo,logit,typo-present,38,"[""C"", ""L"", "" and"", ""-"", ""T""]"
typo,logit,typo-present,45,"["" a"", "" l"", ""C"", "" and"", ""y""]"
typo,logit,typo-present,52,"[""\u30d7\u30ec\u30bc\u30f3\u30c8"", "" \u30d7\u30ec\u30bc\u30f3\u30c8"", "" gifts"", "" gift"", "" \uc120\ubb3c""]"
typo,jlens_16p,typo-present,8,"[""y"", ""yeri"", ""ness"", ""\u094d\u092f"", ""mett""]"
typo,jlens_16p,typo-present,15,"[""UKA"", ""\u0420\u0410"", "" PRP"", "" own"", "" la""]"
typo,jlens_16p,typo-present,22,"[""UKA"", ""\u0420\u0410"", "" PRP"", "" own"", "" la""]"
typo,jlens_16p,typo-present,30,"["" own"", "" up"", ""\u6027"", "" single"", ""ary""]"
typo,jlens_16p,typo-present,38,"["" own"", "" up"", ""\ub3c4"", ""ary"", ""\u1275""]"
typo,jlens_16p,typo-present,45,"[""al"", ""ary"", ""\uc11c"", ""ation"", ""\u1275""]"
typo,jlens_16p,typo-present,52,"[""\u793c\u7269"", ""gift"", "" present"", "" gift"", ""present""]"
typo,rlens_16p,typo-present,8,"["" \ud639\uc740"", ""\u0640"", ""ual"", ""\u0275"", ""ent""]"
typo,rlens_16p,typo-present,15,"[""<strong>"", "" \uadf8\ub300\ub85c"", "" \u0e41\u0e16\u0e21"", ""they"", ""aget""]"
typo,rlens_16p,typo-present,22,"[""they"", ""\uce20"", ""\uc54c"", "" \uadf8\ub300\ub85c"", ""aget""]"
typo,rlens_16p,typo-present,30,"[""they"", ""\uc6a9"", "" \u0e41\u0e16\u0e21"", ""\u094d\u091f"", ""\u1275""]"
typo,rlens_16p,typo-present,38,"[""wrong"", "" de"", "" wrong"", ""\u9519\u8bef\u7684"", ""they""]"
typo,rlens_16p,typo-present,45,"["" \uadf8\ub54c"", ""\ubd80\ud130"", "" and"", "" \uadf8\ub9ac\uace0"", ""\ub77c\uace0""]"
typo,rlens_16p,typo-present,52,"["" \uc120\ubb3c"", ""\u793c\u7269"", "" gift"", ""gift"", ""\u30d7\u30ec\u30bc\u30f3\u30c8""]"
typo,rlens_64p,typo-present,8,"["" \ud639\uc740"", ""</strong>"", ""\u0640"", ""ual"", ""ent""]"
typo,rlens_64p,typo-present,15,"[""<strong>"", "" \uadf8\ub300\ub85c"", "" \u0e41\u0e16\u0e21"", ""they"", ""aget""]"
typo,rlens_64p,typo-present,22,"[""they"", ""\uce20"", "" \uadf8\ub300\ub85c"", ""\uac9f"", ""aget""]"
typo,rlens_64p,typo-present,30,"[""they"", ""\uc6a9"", "" \u0e41\u0e16\u0e21"", "" de"", ""\u094d\u091f""]"
typo,rlens_64p,typo-present,38,"["" de"", "" wrong"", ""wrong"", ""\u9519\u8bef\u7684"", ""they""]"
typo,rlens_64p,typo-present,45,"["" \uadf8\ub54c"", "" and"", ""\ubd80\ud130"", ""\uadf8\ub9ac\uace0"", ""\ub77c\uace0""]"
typo,rlens_64p,typo-present,52,"["" \uc120\ubb3c"", ""\u793c\u7269"", "" gift"", ""gift"", ""\u30d7\u30ec\u30bc\u30f3\u30c8""]"
typo,jpp_64p,typo-present,8,"[""ent"", ""ente"", ""\uc804"", ""\u1ea5t"", ""present""]"
typo,jpp_64p,typo-present,15,"[""ent"", ""est"", ""\u00e8rent"", ""\u043c\u0435\u043d\u0442"", ""\u1ec7n""]"
typo,jpp_64p,typo-present,22,"[""ent"", ""\uac9f"", ""\u0bc8\u0ba4\u0bcd"", ""iment"", ""\uc0dd""]"
typo,jpp_64p,typo-present,30,"[""\u0627\u062a\u064a"", ""\ub3c4"", ""\ubfd0"", ""\uc6a9"", ""urned""]"
typo,jpp_64p,typo-present,38,"[""e"", "" or"", ""wrong"", ""\u9519\u8bef\u7684"", ""al""]"
typo,jpp_64p,typo-present,45,"["" \uadf8\ub54c"", ""</blockquote>"", ""\u0640"", "" \uadf8\ub9ac\uace0"", ""<sup>""]"
typo,jpp_64p,typo-present,52,"["" \uc120\ubb3c"", ""\u793c\u7269"", "" gift"", ""\u30d7\u30ec\u30bc\u30f3\u30c8"", ""gift""]"
typo,logit,typo-product,8,"["" l"", ""</code>"", ""oc"", ""\u043d\u0430"", ""ed""]"
typo,logit,typo-product,15,"[""\u3088\u3046\u306a"", ""ed"", ""\u5bf9\u79f0"", ""S"", "" \u043d\u0435""]"
typo,logit,typo-product,22,"[""S"", ""\u5bf9\u79f0"", ""\u064a"", ""ed"", "" \u043d\u0435""]"
typo,logit,typo-product,30,"["" own"", ""-"", ""ed"", "" l"", ""e""]"
typo,logit,typo-product,38,"[""-"", "" l"", ""C"", "" and"", ""L""]"
typo,logit,typo-product,45,"["" l"", "" a"", ""y"", "" an"", "" and""]"
typo,logit,typo-product,52,"["" product"", ""\u4ea7\u54c1"", "" products"", ""product"", ""\u7522\u54c1""]"
typo,jlens_16p,typo-product,8,"[""y"", ""yeri"", ""ness"", ""\u094d\u092f"", ""mett""]"
typo,jlens_16p,typo-product,15,"[""UKA"", ""\u0420\u0410"", "" PRP"", "" own"", "" la""]"
typo,jlens_16p,typo-product,22,"[""UKA"", ""\u0420\u0410"", "" own"", "" PRP"", "" la""]"
typo,jlens_16p,typo-product,30,"["" own"", "" single"", ""\u6027"", "" up"", ""mente""]"
typo,jlens_16p,typo-product,38,"["" own"", ""ity"", "" single"", "" up"", "" uma""]"
typo,jlens_16p,typo-product,45,"["" up"", ""ity"", ""y"", ""ary"", "" own""]"
typo,jlens_16p,typo-product,52,"[""ness"", "" today"", "" product"", ""ly"", "" Product""]"
typo,rlens_16p,typo-product,8,"["" Interess"", "" flavour"", "" uma"", ""\u30af\u30c8"", ""ument""]"
typo,rlens_16p,typo-product,15,"["" la"", "" de"", "" Interess"", ""\u30af\u30c8"", ""\uc0c1\ud488""]"
typo,rlens_16p,typo-product,22,"["" la"", ""\uc0c1\ud488"", "" Interess"", ""\uc9f1"", ""\u4f73""]"
typo,rlens_16p,typo-product,30,"[""tt"", ""tted"", ""\ub128"", ""ttes"", ""mathrm""]"
typo,rlens_16p,typo-product,38,"["" de"", "" erroneous"", ""\ub2ac"", ""\u0640"", "" wrong""]"
typo,rlens_16p,typo-product,45,"[""s"", "" la"", ""\u7684\u4ea7\u54c1"", "" de"", ""ness""]"
typo,rlens_16p,typo-product,52,"["" product"", ""product"", ""\u7684\u4ea7\u54c1"", ""\u4ea7\u54c1"", "" today""]"
typo,rlens_64p,typo-product,8,"["" uma"", ""\u30af\u30c8"", "" Interess"", "" flavour"", ""dde""]"
typo,rlens_64p,typo-product,15,"["" la"", "" de"", ""\u30af\u30c8"", "" Interess"", ""CCO""]"
typo,rlens_64p,typo-product,22,"["" la"", ""\uc9f1"", ""\uc0c1\ud488"", "" Interess"", "" de""]"
typo,rlens_64p,typo-product,30,"[""tt"", ""tted"", ""ttes"", ""\u30af\u30c8"", ""mathrm""]"
typo,rlens_64p,typo-product,38,"["" de"", ""\ub2ac"", ""\u0640"", "" erroneous"", ""txt""]"
typo,rlens_64p,typo-product,45,"[""s"", "" la"", ""ness"", ""\u7684\u4ea7\u54c1"", "" de""]"
typo,rlens_64p,typo-product,52,"["" product"", ""product"", "" today"", "" \uc0c1\ud488"", ""today""]"
typo,jpp_64p,typo-product,8,"[""\u0637"", ""\u304f\u3060"", ""P"", ""utto"", ""found""]"
typo,jpp_64p,typo-product,15,"[""\uc0c1\ud488"", "" product"", ""getProduct"", ""\u1f78"", "" la""]"
typo,jpp_64p,typo-product,22,"["" la"", ""\uc0c1\ud488"", ""\ud488"", ""ent"", ""att""]"
typo,jpp_64p,typo-product,30,"[""tted"", ""tt"", ""ted"", ""yll"", ""pp""]"
typo,jpp_64p,typo-product,38,"[""ed"", ""yll"", ""txt"", ""e"", ""dd""]"
typo,jpp_64p,typo-product,45,"[""</u>"", ""product"", ""\u0640\u0640"", ""\u0640"", ""roduct""]"
typo,jpp_64p,typo-product,52,"["" product"", ""product"", ""getProduct"", "" \uc0c1\ud488"", ""PRODUCT""]"
typo,logit,typo-project,8,"[""<|tool_call>"", "" l"", ""ad"", ""ce"", ""</td>""]"
typo,logit,typo-project,15,"["" l"", ""\u043d\u0430"", ""na"", "" \u043d\u0435"", "" \u0432""]"
typo,logit,typo-project,22,"[""\u043d\u0430"", ""S"", "" l"", "" \u043d\u0435"", "" \u0432""]"
typo,logit,typo-project,30,"[""-"", "" l"", "" own"", ""ed"", ""and""]"
typo,logit,typo-project,38,"[""C"", ""-"", ""L"", ""T"", ""P""]"
typo,logit,typo-project,45,"["" a"", "" l"", "" an"", ""-"", "" and""]"
typo,logit,typo-project,52,"[""S"", "" project"", ""ed"", ""\u9879\u76ee"", ""PROJECT""]"
typo,jlens_16p,typo-project,8,"[""y"", ""yeri"", ""ness"", ""\u094d\u092f"", ""mett""]"
typo,jlens_16p,typo-project,15,"[""\u0420\u0410"", ""UKA"", "" PRP"", "" la"", "" own""]"
typo,jlens_16p,typo-project,22,"[""UKA"", ""\u0420\u0410"", "" own"", "" PRP"", "" la""]"
typo,jlens_16p,typo-project,30,"["" own"", ""mente"", "" up"", ""\u6027"", "" single""]"
typo,jlens_16p,typo-project,38,"["" own"", "" up"", ""\ub3c4"", ""ity"", ""\u064a""]"
typo,jlens_16p,typo-project,45,"[""\u0629"", "" own"", "" up"", "" th\u1ec3"", ""\u4e00\u4e2a""]"
typo,jlens_16p,typo-project,52,"[""ed"", ""ness"", "" project"", ""mente"", ""ly""]"
typo,rlens_16p,typo-project,8,"[""\u0935\u0947\u091c"", ""iest"", ""emment"", ""<td>"", "" Hoff""]"
typo,rlens_16p,typo-project,15,"[""T"", ""argu"", ""ional"", ""zion"", ""PPT""]"
typo,rlens_16p,typo-project,22,"[""\ub7b5"", ""argu"", ""zion"", ""tut"", ""ael""]"
typo,rlens_16p,typo-project,30,"[""\u0acd\u0a9f"", ""\u318d"", ""mathrm"", ""zion"", ""tted""]"
typo,rlens_16p,typo-project,38,"["" wrong"", ""wrong"", ""\u062a\u064a\u0646"", "" incorrect"", ""\ub3c4""]"
typo,rlens_16p,typo-project,45,"[""\u4e00\u4e2a"", ""\uc600"", ""\uc73c\ub85c"", "" \u062a\u06be\u0627\u06d4"", ""\ub9cc""]"
typo,rlens_16p,typo-project,52,"[""\u9879\u76ee"", "" project"", ""project"", "" \ud504\ub85c\uc81d\ud2b8"", ""\u7684\u9879\u76ee""]"
typo,rlens_64p,typo-project,8,"[""\u0935\u0947\u091c"", "" Hoff"", "" uma"", ""iest"", ""emment""]"
typo,rlens_64p,typo-project,15,"["" la"", ""PPT"", ""T"", ""ional"", ""ael""]"
typo,rlens_64p,typo-project,22,"["" la"", ""argu"", ""\ub7b5"", ""ael"", ""zion""]"
typo,rlens_64p,typo-project,30,"[""an\u00e7"", ""\u094d\u091f"", ""\uc6a9"", ""\ucd0c"", ""tted""]"
typo,rlens_64p,typo-project,38,"["" wrong"", ""wrong"", ""\u062a\u064a\u0646"", "" incorrect"", ""\ub3c4""]"
typo,rlens_64p,typo-project,45,"[""\u4e00\u4e2a"", ""\uc600"", ""ed"", "" \u062a\u06be\u0627\u06d4"", ""\uc73c\ub85c""]"
typo,rlens_64p,typo-project,52,"[""\u9879\u76ee"", ""project"", "" project"", "" \ud504\ub85c\uc81d\ud2b8"", ""\u7684\u9879\u76ee""]"
typo,jpp_64p,typo-project,8,"[""ject"", ""\uc815"", ""\uc81d\ud2b8"", ""project"", ""je""]"
typo,jpp_64p,typo-project,15,"[""ject"", ""\uc81d\ud2b8"", ""project"", ""\u30b8\u30a7\u30af\u30c8"", ""aj""]"
typo,jpp_64p,typo-project,22,"[""ject"", ""aj"", ""\uc815"", ""project"", ""iment""]"
typo,jpp_64p,typo-project,30,"[""ting"", ""zion"", ""yaj"", ""j\u0119"", ""yll""]"
typo,jpp_64p,typo-project,38,"[""ed"", ""\ub3c4"", ""e"", ""yll"", ""\u9519\u8bef\u7684""]"
typo,jpp_64p,typo-project,45,"[""\u0640"", ""ed"", ""\ub9cc"", ""<blockquote>"", ""</h3>""]"
typo,jpp_64p,typo-project,52,"[""project"", "" project"", ""ject"", ""ajj"", ""PROJECT""]"
typo,logit,typo-support,8,"[""</span>"", ""</s>"", ""ing"", ""ed"", ""</h2>""]"
typo,logit,typo-support,15,"["" l"", "" and"", ""ation"", "" \u0438"", ""ing""]"
typo,logit,typo-support,22,"["" and"", ""ing"", ""ation"", ""S"", "" l""]"
typo,logit,typo-support,30,"[""-"", "" l"", ""er"", ""ed"", "" own""]"
typo,logit,typo-support,38,"[""-"", ""C"", "" a"", "" and"", "" l""]"
typo,logit,typo-support,45,"["" a"", "" l"", ""C"", ""-"", ""ed""]"
typo,logit,typo-support,52,"[""S"", ""e"", ""L"", ""T"", ""-""]"
typo,jlens_16p,typo-support,8,"[""y"", ""yeri"", ""ness"", ""\u094d\u092f"", ""mett""]"
typo,jlens_16p,typo-support,15,"[""\u0420\u0410"", ""UKA"", "" PRP"", "" la"", "" own""]"
typo,jlens_16p,typo-support,22,"[""UKA"", ""\u0420\u0410"", "" PRP"", "" own"", "" la""]"
typo,jlens_16p,typo-support,30,"["" own"", "" single"", ""ity"", "" up"", "" or""]"
typo,jlens_16p,typo-support,38,"["" own"", ""ity"", "" up"", "" single"", ""ior""]"
typo,jlens_16p,typo-support,45,"["" own"", ""ity"", "" uma"", "" ability"", "" able""]"
typo,jlens_16p,typo-support,52,"[""ness"", "" suport"", ""ed"", ""support"", "" support""]"
typo,rlens_16p,typo-support,8,"["" suport"", ""</b>"", ""uj"", ""jose"", ""uden""]"
typo,rlens_16p,typo-support,15,"["" level"", ""</b>"", "" l"", ""ior"", ""level""]"
typo,rlens_16p,typo-support,22,"["" l"", "" level"", "" la"", ""level"", ""ior""]"
typo,rlens_16p,typo-support,30,"["" level"", ""level"", "" de"", ""</b>"", ""\u4e0d\u4e86""]"
typo,rlens_16p,typo-support,38,"["" level"", ""\u4e0d\u4e86"", ""level"", ""<sup>"", ""ness""]"
typo,rlens_16p,typo-support,45,"[""ness"", ""S"", "" suport"", "" level"", ""SUPPORT""]"
typo,rlens_16p,typo-support,52,"["" suport"", ""support"", "" \uc9c0\uc6d0"", "" support"", ""Support""]"
typo,rlens_64p,typo-support,8,"["" suport"", ""</b>"", ""uj"", ""jose"", ""uden""]"
typo,rlens_64p,typo-support,15,"["" level"", ""</b>"", ""level"", ""ior"", "" manag""]"
typo,rlens_64p,typo-support,22,"["" l"", "" level"", "" la"", ""level"", ""</b>""]"
typo,rlens_64p,typo-support,30,"["" level"", "" de"", ""level"", ""</b>"", "" levels""]"
typo,rlens_64p,typo-support,38,"["" level"", ""\u4e0d\u4e86"", ""ness"", "" de"", ""level""]"
typo,rlens_64p,typo-support,45,"[""ness"", "" suport"", ""S"", "" level"", ""SUPPORT""]"
typo,rlens_64p,typo-support,52,"["" suport"", "" \uc9c0\uc6d0"", "" support"", ""support"", ""Support""]"
typo,jpp_64p,typo-support,8,"["" support"", ""est"", "" suport"", "" supported"", ""support""]"
typo,jpp_64p,typo-support,15,"["" support"", "" suport"", ""SUPPORT"", "" \u0111\u1ee1"", ""upport""]"
typo,jpp_64p,typo-support,22,"["" support"", "" level"", "" suport"", ""ior"", ""SUPPORT""]"
typo,jpp_64p,typo-support,30,"[""S"", "" level"", ""B"", ""level"", "" suport""]"
typo,jpp_64p,typo-support,38,"["" able"", "" level"", "" Suarez"", ""ISupport"", ""ServerError""]"
typo,jpp_64p,typo-support,45,"[""SUPPORT"", ""upport"", ""Support"", ""support"", ""S""]"
typo,jpp_64p,typo-support,52,"["" suport"", ""SUPPORT"", ""support"", "" \uc9c0\uc6d0"", "" support""]"
typo,logit,typo-division,8,"[""ed"", ""if"", ""\u094d\u092f\u093e"", ""\u0ba4\u0bcd\u0ba4"", ""end""]"
typo,logit,typo-division,15,"[""\u4e00\u4e2a"", "" \u0432"", ""\u0e43\u0e19"", "" \u0905\u0928\u094d\u092f"", "" \u0926\u094b""]"
typo,logit,typo-division,22,"[""\u3088\u3046\u306a"", ""\u064a"", ""\u306f\u3042\u308b"", ""\u0627\u062a\u0647"", ""\u0432\u0441\u044f""]"
typo,logit,typo-division,30,"[""ed"", "" l"", ""-"", ""er"", ""e""]"
typo,logit,typo-division,38,"[""C"", "" l"", ""-"", "" and"", ""T""]"
typo,logit,typo-division,45,"["" l"", "" a"", "" and"", "" an"", ""y""]"
typo,logit,typo-division,52,"[""division"", ""Division"", "" divisions"", "" division"", "" Division""]"
typo,jlens_16p,typo-division,8,"[""y"", ""yeri"", ""ness"", ""\u094d\u092f"", ""mett""]"
typo,jlens_16p,typo-division,15,"[""\u0420\u0410"", ""UKA"", "" PRP"", "" la"", "" own""]"
typo,jlens_16p,typo-division,22,"[""\u0420\u0410"", ""UKA"", "" PRP"", "" own"", "" la""]"
typo,jlens_16p,typo-division,30,"["" own"", ""\u6027"", ""ness"", "" up"", ""ization""]"
typo,jlens_16p,typo-division,38,"["" own"", "" up"", ""\u6027"", ""ity"", ""\ub3c4""]"
typo,jlens_16p,typo-division,45,"["" up"", ""ion"", ""\u064a\u0629"", "" \uc2f6"", ""al""]"
typo,jlens_16p,typo-division,52,"[""division"", "" division"", "" Division"", ""ness"", ""Division""]"
typo,rlens_16p,typo-division,8,"[""ient"", ""</caption>"", "" la"", ""ion"", "" a""]"
typo,rlens_16p,typo-division,15,"["" la"", ""ient"", ""avour"", ""ia"", "" de""]"
typo,rlens_16p,typo-division,22,"["" la"", "" a"", ""ision"", ""ient"", ""ion""]"
typo,rlens_16p,typo-division,30,"["" de"", ""e"", ""\u0e38\u0e25"", ""<i>"", ""ision""]"
typo,rlens_16p,typo-division,38,"["" de"", ""<sup>"", ""\u9519\u8bef\u7684"", ""\u932f\u8aa4"", "" wrong""]"
typo,rlens_16p,typo-division,45,"[""ness"", ""s"", "" la"", ""\u03af"", "" division""]"
typo,rlens_16p,typo-division,52,"["" division"", ""division"", "" Division"", ""Division"", ""DIVISION""]"
typo,rlens_64p,typo-division,8,"[""ient"", "" la"", ""</caption>"", ""ion"", ""ia""]"
typo,rlens_64p,typo-division,15,"["" la"", ""ient"", ""avour"", ""ia"", "" de""]"
typo,rlens_64p,typo-division,22,"["" la"", "" a"", ""ient"", ""ia"", ""ial""]"
typo,rlens_64p,typo-division,30,"["" de"", ""e"", ""\u0e38\u0e25"", ""ision"", ""<i>""]"
typo,rlens_64p,typo-division,38,"["" de"", ""<sup>"", ""ness"", ""\u932f\u8aa4"", ""wrong""]"
typo,rlens_64p,typo-division,45,"[""ness"", "" la"", ""s"", ""\u03af"", "" division""]"
typo,rlens_64p,typo-division,52,"["" division"", "" Division"", ""division"", ""Division"", ""DIVISION""]"
typo,jpp_64p,typo-division,8,"[""ion"", ""\u89c1"", ""division"", "" down"", ""itionally""]"
typo,jpp_64p,typo-division,15,"[""ission"", ""ision"", "" division"", ""\u093f\u0935"", ""ici\u00f3n""]"
typo,jpp_64p,typo-division,22,"[""ission"", ""ision"", "" division"", "" la"", ""\u093f\u0935""]"
typo,jpp_64p,typo-division,30,"[""ission"", ""\u0ba3\u0bc1"", ""ision"", ""ion"", "" level""]"
typo,jpp_64p,typo-division,38,"[""ed"", ""\u9519\u8bef\u7684"", ""ided"", ""\u932f\u8aa4"", ""ive""]"
typo,jpp_64p,typo-division,45,"[""ission"", "" division"", ""division"", ""\u0640\u0640"", ""ed""]"
typo,jpp_64p,typo-division,52,"["" division"", ""division"", ""Division"", "" Division"", "" divisional""]"
typo,logit,typo-original,8,"[""</s>"", "" l"", ""st"", ""om"", ""ing""]"
typo,logit,typo-original,15,"["" l"", ""ing"", "" de"", ""ers"", ""st""]"
typo,logit,typo-original,22,"[""ers"", "" l"", ""s"", "" de"", ""\u043d\u0430""]"
typo,logit,typo-original,30,"[""-"", ""ed"", "" own"", "" l"", "" and""]"
typo,logit,typo-original,38,"[""-"", "" l"", ""C"", ""L"", "" and""]"
typo,logit,typo-original,45,"["" l"", ""-"", "" a"", "" original"", "" d""]"
typo,logit,typo-original,52,"["" l"", ""-"", ""original"", "" original"", ""\u539f""]"
typo,jlens_16p,typo-original,8,"[""y"", ""yeri"", ""ness"", ""\u094d\u092f"", ""mett""]"
typo,jlens_16p,typo-original,15,"[""\u0420\u0410"", ""UKA"", "" PRP"", "" own"", "" la""]"
typo,jlens_16p,typo-original,22,"[""UKA"", ""\u0420\u0410"", "" own"", "" PRP"", "" la""]"
typo,jlens_16p,typo-original,30,"["" own"", ""\u6027"", ""ization"", ""ity"", ""rian""]"
typo,jlens_16p,typo-original,38,"["" own"", ""ity"", "" up"", ""\u6027"", "" uma""]"
typo,jlens_16p,typo-original,45,"["" own"", ""\u0647\u0627"", ""ization"", ""ity"", "" kind""]"
typo,jlens_16p,typo-original,52,"["" original"", ""ization"", ""original"", "" Original"", ""Original""]"
typo,rlens_16p,typo-original,8,"[""isation"", ""\u90a6"", ""ization"", ""ational"", ""avan""]"
typo,rlens_16p,typo-original,15,"["" original"", "" \uc6d0\ub798"", ""ias"", ""isation"", "" \u043e\u0440\u0438\u0433\u0438\u043d\u0430\u043b\u0430""]"
typo,rlens_16p,typo-original,22,"["" original"", "" la"", ""\u539f\u4f5c"", ""\u6700\u521d"", ""Isaac""]"
typo,rlens_16p,typo-original,30,"[""akah"", ""\u6700\u540e\u4e00\u4e2a"", ""eral"", ""al"", ""deut""]"
typo,rlens_16p,typo-original,38,"[""\u9519\u8bef\u7684"", "" typeface"", ""\u0926\u094d"", "" original"", "" own""]"
typo,rlens_16p,typo-original,45,"["" \uc6d0\ub798"", "" original"", ""\u0629"", ""\u064a\u0629"", ""original""]"
typo,rlens_16p,typo-original,52,"["" original"", ""original"", ""Original"", "" Original"", ""\u539f""]"
typo,rlens_64p,typo-original,8,"[""isation"", ""\u90a6"", ""avan"", ""ational"", ""ias""]"
typo,rlens_64p,typo-original,15,"[""ias"", ""Isaac"", ""eral"", ""\u00e3"", "" \uc6d0\ub798""]"
typo,rlens_64p,typo-original,22,"["" la"", "" original"", ""\u539f\u4f5c"", ""Isaac"", ""eral""]"
typo,rlens_64p,typo-original,30,"[""eral"", ""akah"", ""\u0d24\u0d4d\u0d25"", ""deut"", ""\u0926\u094d""]"
typo,rlens_64p,typo-original,38,"["" own"", "" typeface"", "" original"", ""\u9519\u8bef\u7684"", ""\u0926\u094d""]"
typo,rlens_64p,typo-original,45,"["" original"", "" \uc6d0\ub798"", ""original"", ""\u0629"", ""\u064a\u0629""]"
typo,rlens_64p,typo-original,52,"["" original"", ""original"", ""Original"", "" Original"", ""\u539f""]"
typo,jpp_64p,typo-original,8,"[""original"", "" original"", ""\u539f\u6765"", ""\u539f\u6765\u7684"", "" own""]"
typo,jpp_64p,typo-original,15,"["" own"", "" original"", ""\u539f\u6765\u7684"", ""original"", ""ignal""]"
typo,jpp_64p,typo-original,22,"["" own"", "" original"", ""original"", ""\u539f\u6765\u7684"", ""\u539f\u4f5c""]"
typo,jpp_64p,typo-original,30,"["" original"", "" same"", "" own"", ""\u539f\u6765\u7684"", ""original""]"
typo,jpp_64p,typo-original,38,"["" own"", ""\u7a91"", "" Original"", ""\u5370\u5237"", ""iret""]"
typo,jpp_64p,typo-original,45,"[""original"", ""Original"", ""\u539f\u6765\u7684"", ""ignal"", ""\u0644\u064a\u0632\u064a\u0629""]"
typo,jpp_64p,typo-original,52,"["" original"", ""original"", "" Original"", ""\u539f"", ""Original""]"
typo,logit,typo-position,8,"[""ing"", ""er"", "" l"", ""ting"", ""um""]"
typo,logit,typo-position,15,"[""\u064a"", "" allere"", ""\u0ba4\u0bc1"", ""ul"", ""\u06cc\u0646""]"
typo,logit,typo-position,22,"[""ell"", "" allere"", ""ad"", ""ul"", "" own""]"
typo,logit,typo-position,30,"["" l"", ""-"", "" and"", ""er"", ""ing""]"
typo,logit,typo-position,38,"[""-"", "" and"", "" despite"", ""er"", "" because""]"
typo,logit,typo-position,45,"["" l"", "" and"", ""-"", ""B"", "" because""]"
typo,logit,typo-position,52,"[""B"", "" and"", ""L"", ""K"", "" because""]"
typo,jlens_16p,typo-position,8,"[""y"", ""yeri"", ""ness"", ""\u094d\u092f"", ""mett""]"
typo,jlens_16p,typo-position,15,"[""\u0420\u0410"", ""UKA"", "" PRP"", "" la"", "" own""]"
typo,jlens_16p,typo-position,22,"["" la"", "" and"", ""UKA"", "" own"", ""\u043a\u0438\u043d\u0430""]"
typo,jlens_16p,typo-position,30,"["" own"", "" up"", ""\u6027"", ""ity"", ""ion""]"
typo,jlens_16p,typo-position,38,"["" up"", ""ity"", "" own"", "" even"", ""ization""]"
typo,jlens_16p,typo-position,45,"["" despite"", "" up"", "" because"", "" as"", "" even""]"
typo,jlens_16p,typo-position,52,"[""ness"", "" with"", "" despite"", ""ed"", "" because""]"
typo,rlens_16p,typo-position,8,"["" \u0906\u092f\u0947"", ""\u66f4\u306b"", ""</caption>"", "" Dion"", ""\u0446\u0438\u044e""]"
typo,rlens_16p,typo-position,15,"["" level"", ""\u0446\u0438\u044e"", "" la"", ""\u66f4\u306b"", "" \u0906\u092f\u0947""]"
typo,rlens_16p,typo-position,22,"["" level"", "" la"", ""level"", "" Level"", ""\u0446\u0438\u044e""]"
typo,rlens_16p,typo-position,30,"["" level"", ""e"", ""level"", "" Level"", ""\u51fa\u6765\u308b""]"
typo,rlens_16p,typo-position,38,"["" level"", "" de"", "" Level"", ""new"", "" la""]"
typo,rlens_16p,typo-position,45,"["" because"", "" despite"", "" la"", "" as"", "" with""]"
typo,rlens_16p,typo-position,52,"["" with"", "" avec"", "" despite"", ""with"", "" because""]"
typo,rlens_64p,typo-position,8,"["" \u0906\u092f\u0947"", ""\u66f4\u306b"", "" Dion"", ""</caption>"", ""ion""]"
typo,rlens_64p,typo-position,15,"["" la"", "" level"", ""\u66f4\u306b"", ""\u0446\u0438\u044e"", "" de""]"
typo,rlens_64p,typo-position,22,"["" level"", "" la"", ""level"", ""e"", "" Level""]"
typo,rlens_64p,typo-position,30,"["" level"", ""e"", ""level"", "" \u043e\u0445\u0440\u0430\u043d\u044b"", "" Level""]"
typo,rlens_64p,typo-position,38,"["" level"", "" la"", ""e"", "" de"", "" Level""]"
typo,rlens_64p,typo-position,45,"["" because"", "" la"", "" despite"", "" as"", "" with""]"
typo,rlens_64p,typo-position,52,"["" with"", ""with"", "" avec"", "" despite"", "" dengan""]"
typo,jpp_64p,typo-position,8,"[""ion"", "" position"", ""itionally"", ""section"", ""season""]"
typo,jpp_64p,typo-position,15,"["" position"", ""ion"", ""\u0446\u0438\u044e"", ""station"", "" level""]"
typo,jpp_64p,typo-position,22,"["" level"", "" position"", "" la"", ""hip"", ""level""]"
typo,jpp_64p,typo-position,30,"["" level"", ""level"", ""e"", ""Level"", "" Level""]"
typo,jpp_64p,typo-position,38,"["" level"", ""\u804c"", ""e"", ""fif"", ""\u4ff8""]"
typo,jpp_64p,typo-position,45,"["" because"", "" with"", ""with"", "" despite"", "" la""]"
typo,jpp_64p,typo-position,52,"["" with"", ""with"", "" dengan"", "" la"", "" avec""]"
typo,logit,typo-material,8,"[""</span>"", ""</caption>"", ""ed"", "" l"", ""</sup>""]"
typo,logit,typo-material,15,"["" l"", ""ed"", ""then"", ""\u0627\u0621"", ""\u0434\u0430""]"
typo,logit,typo-material,22,"["" l"", ""\u305f\u3081"", ""\u0627\u062a\u0647\u0627"", ""S"", ""ed""]"
typo,logit,typo-material,30,"[""-"", ""ed"", "" l"", ""and"", ""ly""]"
typo,logit,typo-material,38,"[""C"", ""P"", ""L"", ""-"", "" and""]"
typo,logit,typo-material,45,"["" a"", "" l"", ""C"", ""y"", ""s""]"
typo,logit,typo-material,52,"[""B"", "" materials"", "" \u043c\u0430\u0442\u0435\u0440\u0438\u0430\u043b"", ""H"", "" materiais""]"
typo,jlens_16p,typo-material,8,"[""y"", ""yeri"", ""ness"", ""\u094d\u092f"", ""mett""]"
typo,jlens_16p,typo-material,15,"[""UKA"", ""\u0420\u0410"", "" PRP"", "" own"", "" la""]"
typo,jlens_16p,typo-material,22,"[""\u0420\u0410"", ""UKA"", "" PRP"", "" own"", "" la""]"
typo,jlens_16p,typo-material,30,"["" own"", ""\u6027"", "" up"", ""ity"", "" single""]"
typo,jlens_16p,typo-material,38,"["" own"", ""ity"", ""\u6027"", "" \uc2f6"", ""ial""]"
typo,jlens_16p,typo-material,45,"["" own"", "" \uc2f6"", ""\u6027"", ""ial"", ""ity""]"
typo,jlens_16p,typo-material,52,"["" material"", ""ial"", ""aterial"", ""material"", ""ness""]"
typo,rlens_16p,typo-material,8,"[""ial"", ""air"", "" coaxial"", ""coat"", ""Tian""]"
typo,rlens_16p,typo-material,15,"[""ial"", ""coat"", "" de"", "" Smyth"", "" own""]"
typo,rlens_16p,typo-material,22,"[""coat"", ""ial"", "" doux"", "" own"", "" cohesive""]"
typo,rlens_16p,typo-material,30,"[""coat"", "" unfortunately"", ""</i>"", "" \uc5b4\ub5bb"", ""\u60a0""]"
typo,rlens_16p,typo-material,38,"[""\u00b9."", "" unfortunately"", ""**"", "" \ubabb\ud55c"", "".\u00b9""]"
typo,rlens_16p,typo-material,45,"[""that"", "" that"", ""ly"", "" \u06a9\u0647"", ""S""]"
typo,rlens_16p,typo-material,52,"["" material"", ""Material"", ""material"", "" materials"", "" Material""]"
typo,rlens_64p,typo-material,8,"[""ial"", ""air"", "" coaxial"", ""coat"", ""iai""]"
typo,rlens_64p,typo-material,15,"[""ial"", ""coat"", "" coaxial"", "" coffin"", ""ias""]"
typo,rlens_64p,typo-material,22,"[""ial"", ""coat"", "" own"", "" doux"", ""ieri""]"
typo,rlens_64p,typo-material,30,"[""coat"", "" \uc5b4\ub5bb"", "" unfortunately"", ""</i>"", ""\u60a0""]"
typo,rlens_64p,typo-material,38,"[""\u00b9."", "" unfortunately"", "" unfortunate"", "".\u00b9"", ""that""]"
typo,rlens_64p,typo-material,45,"[""that"", ""ly"", "" that"", "" \u06a9\u0647"", ""S""]"
typo,rlens_64p,typo-material,52,"["" material"", ""Material"", ""material"", ""aterial"", "" materials""]"
typo,jpp_64p,typo-material,8,"[""ial"", ""air"", "" material"", ""ia"", ""material""]"
typo,jpp_64p,typo-material,15,"["" material"", ""ial"", ""iment"", ""air"", "" mat\u00e9riau""]"
typo,jpp_64p,typo-material,22,"[""ial"", ""iment"", "" material"", ""air"", ""\ub8cc""]"
typo,jpp_64p,typo-material,30,"[""getitem"", "" \uc5b4\ub5bb"", ""</i>"", ""coat"", ""air""]"
typo,jpp_64p,typo-material,38,"[""ed"", ""e"", "" Material"", ""ould"", ""wel""]"
typo,jpp_64p,typo-material,45,"[""aterial"", ""that"", "" that"", ""material"", "" material""]"
typo,jpp_64p,typo-material,52,"["" material"", ""Material"", ""material"", ""aterial"", "" materials""]"
typo,logit,typo-security,8,"["" able"", "" l"", "" \u0431\u044b\u0442\u044c"", ""\u3088\u3046\u306a"", ""\u307e\u3057\u305f""]"
typo,logit,typo-security,15,"["" l"", ""ing"", ""ers"", ""C"", ""S""]"
typo,logit,typo-security,22,"[""B"", ""S"", ""K"", ""C"", ""ers""]"
typo,logit,typo-security,30,"["" l"", ""-"", ""ing"", ""ed"", "" and""]"
typo,logit,typo-security,38,"["" l"", "" and"", ""-"", ""ing"", "" because""]"
typo,logit,typo-security,45,"["" l"", "" a"", "" because"", ""ing"", ""because""]"
typo,logit,typo-security,52,"["" guards"", "" guard"", ""guards"", "" Guard"", ""guard""]"
typo,jlens_16p,typo-security,8,"[""y"", ""yeri"", ""ness"", ""\u094d\u092f"", ""mett""]"
typo,jlens_16p,typo-security,15,"[""\u0420\u0410"", ""UKA"", "" PRP"", "" la"", "" own""]"
typo,jlens_16p,typo-security,22,"[""UKA"", ""\u0420\u0410"", "" PRP"", "" own"", "" la""]"
typo,jlens_16p,typo-security,30,"["" own"", "" up"", ""ity"", "" fact"", ""\u6027""]"
typo,jlens_16p,typo-security,38,"["" own"", "" up"", ""ity"", ""\u1275"", ""\uc694""]"
typo,jlens_16p,typo-security,45,"["" because"", "" for"", ""because"", "" porque"", ""after""]"
typo,jlens_16p,typo-security,52,"["" guards"", "" guard"", ""guards"", "" for"", "" security""]"
typo,rlens_16p,typo-security,8,"["" level"", ""L"", ""level"", ""airi"", "" a""]"
typo,rlens_16p,typo-security,15,"["" level"", "" l"", "" levels"", "" bodyguard"", ""level""]"
typo,rlens_16p,typo-security,22,"["" level"", "" l"", "" bodyguard"", "" levels"", ""level""]"
typo,rlens_16p,typo-security,30,"[""level"", "" level"", ""alth"", ""\u0e1b\u0e25\u0e2d\u0e14\u0e20\u0e31\u0e22"", "" \u0627\u0644\u0623\u0645\u0646""]"
typo,rlens_16p,typo-security,38,"[""curity"", "" \u0627\u0644\u0623\u0645\u0646"", ""\u0e40\u0e1e\u0e34\u0e48\u0e21"", ""ervice"", "" levels""]"
typo,rlens_16p,typo-security,45,"["" because"", "" for"", "" security"", "" porque"", ""curity""]"
typo,rlens_16p,typo-security,52,"["" guard"", "" guards"", ""Guard"", "" security"", "" Guard""]"
typo,rlens_64p,typo-security,8,"[""L"", "" level"", ""level"", "" a"", ""arii""]"
typo,rlens_64p,typo-security,15,"["" level"", "" l"", ""level"", "" levels"", "" Level""]"
typo,rlens_64p,typo-security,22,"["" level"", "" l"", "" bodyguard"", ""level"", "" same""]"
typo,rlens_64p,typo-security,30,"[""level"", "" level"", ""alth"", "" levels"", ""fri""]"
typo,rlens_64p,typo-security,38,"[""curity"", "" levels"", ""ervice"", "" \u0627\u0644\u0623\u0645\u0646"", "" \u043e\u0445\u0440\u0430\u043d\u044b""]"
typo,rlens_64p,typo-security,45,"["" because"", "" for"", "" porque"", ""curity"", ""\u0e40\u0e1e\u0e37\u0e48\u0e2d""]"
typo,rlens_64p,typo-security,52,"["" guard"", "" guards"", ""Guard"", "" security"", ""guard""]"
typo,jpp_64p,typo-security,8,"[""ity"", "" security"", "" \u0627\u0644\u0635\u062d\u064a"", "" secure"", ""city""]"
typo,jpp_64p,typo-security,15,"["" security"", "" secure"", ""security"", "" securing"", ""curity""]"
typo,jpp_64p,typo-security,22,"["" security"", "" secure"", "" level"", "" escort"", "" securing""]"
typo,jpp_64p,typo-security,30,"["" security"", ""curity"", ""\u0e1b\u0e25\u0e2d\u0e14\u0e20\u0e31\u0e22"", ""\ub9ac\ud2f0"", ""artment""]"
typo,jpp_64p,typo-security,38,"["" Security"", ""SECURITY"", ""curity"", "" \ubcf4\uc548"", ""\u4fdd\u5b89""]"
typo,jpp_64p,typo-security,45,"[""SECURITY"", "" for"", ""curity"", ""security"", "" security""]"
typo,jpp_64p,typo-security,52,"["" guard"", "" guards"", ""Guard"", "" security"", "" Guard""]"
typo,logit,typo-training,8,"[""</ul>"", ""</sup>"", ""</li>"", ""ing"", ""</tbody>""]"
typo,logit,typo-training,15,"[""\u064a\u0629"", ""ers"", ""\u0645\u0627"", ""\uc73c\ub85c"", ""ene""]"
typo,logit,typo-training,22,"["" uma"", ""est"", ""C"", ""B"", ""S""]"
typo,logit,typo-training,30,"["" own"", ""-"", ""ed"", ""er"", ""and""]"
typo,logit,typo-training,38,"[""-"", "" and"", "" l"", ""C"", ""er""]"
typo,logit,typo-training,45,"["" a"", "" l"", "" and"", "" an"", ""y""]"
typo,logit,typo-training,52,"["" training"", ""training"", ""Training"", ""\u8bad\u7ec3"", "" Training""]"
typo,jlens_16p,typo-training,8,"[""y"", ""yeri"", ""ness"", ""\u094d\u092f"", ""mett""]"
typo,jlens_16p,typo-training,15,"[""UKA"", ""\u0420\u0410"", "" PRP"", "" own"", "" la""]"
typo,jlens_16p,typo-training,22,"[""UKA"", ""\u0420\u0410"", "" own"", "" PRP"", "" la""]"
typo,jlens_16p,typo-training,30,"["" own"", "" up"", ""\u6027"", ""ness"", "" single""]"
typo,jlens_16p,typo-training,38,"["" own"", "" up"", "" or"", ""\u6027"", ""\u0629""]"
typo,jlens_16p,typo-training,45,"["" up"", "" own"", "" ability"", ""\u0629"", ""\u0647\u0627""]"
typo,jlens_16p,typo-training,52,"[""ness"", "" training"", ""training"", ""Training"", "" Training""]"
typo,rlens_16p,typo-training,8,"[""L"", ""\u094d\u0939"", ""\u01ceng"", ""<h3>"", "" la""]"
typo,rlens_16p,typo-training,15,"["" l"", "" level"", "" la"", ""\u00eb"", ""\u01ceng""]"
typo,rlens_16p,typo-training,22,"["" level"", "" l"", "" la"", ""level"", "" Level""]"
typo,rlens_16p,typo-training,30,"["" level"", ""level"", ""\u318d"", ""L"", ""\u0640\u0640""]"
typo,rlens_16p,typo-training,38,"[""ness"", "" or"", ""\u0640\u0640"", "" own"", "" \u06c1\u06cc\u06ba\u06d4""]"
typo,rlens_16p,typo-training,45,"[""ness"", ""s"", ""S"", "" either"", "" level""]"
typo,rlens_16p,typo-training,52,"["" training"", ""training"", ""Training"", ""\ud6c8\ub828"", "" Training""]"
typo,rlens_64p,typo-training,8,"[""L"", "" la"", ""<h3>"", ""\u00ef"", ""\u094d\u0939""]"
typo,rlens_64p,typo-training,15,"["" la"", "" l"", "" level"", ""\u00eb"", ""<h3>""]"
typo,rlens_64p,typo-training,22,"["" l"", "" la"", "" level"", ""level"", ""\u00eb""]"
typo,rlens_64p,typo-training,30,"["" level"", "" same"", ""\u318d"", ""level"", ""\u00e4rm""]"
typo,rlens_64p,typo-training,38,"[""ness"", "" or"", "" own"", ""\u0640\u0640"", "" \u06c1\u06cc\u06ba\u06d4""]"
typo,rlens_64p,typo-training,45,"[""ness"", ""s"", ""S"", "" either"", "" level""]"
typo,rlens_64p,typo-training,52,"["" training"", ""training"", ""Training"", ""\ud6c8\ub828"", "" Training""]"
typo,jpp_64p,typo-training,8,"["" own"", ""ning"", ""\u0103ng"", ""\u043d\u0438\u043c\u0430\u043d\u0438\u0435"", ""\u7edf\u4e00""]"
typo,jpp_64p,typo-training,15,"["" level"", "" own"", "" training"", ""\u0103ng"", "" routine""]"
typo,jpp_64p,typo-training,22,"["" level"", "" training"", "" specialized"", "" own"", ""level""]"
typo,jpp_64p,typo-training,30,"["" level"", "" same"", ""level"", ""arning"", ""\u0103\u021b""]"
typo,jpp_64p,typo-training,38,"[""ed"", "" level"", ""\u0142\u0105d"", ""\u932f\u8aa4"", "" or""]"
typo,jpp_64p,typo-training,45,"[""\u7814\u4fee"", ""\u0640\u0640"", "" either"", ""\u3160\u3160"", ""ed""]"
typo,jpp_64p,typo-training,52,"["" training"", ""\ud6c8\ub828"", ""training"", ""Training"", "" Training""]"
typo,logit,typo-football,8,"[""<unused53>"", ""end"", "" even"", ""ene"", ""ers""]"
typo,logit,typo-football,15,"[""S"", ""ers"", ""C"", ""K"", ""L""]"
typo,logit,typo-football,22,"["" own"", ""S"", ""C"", ""K"", ""ers""]"
typo,logit,typo-football,30,"[""-"", "" own"", ""ed"", "" l"", ""on""]"
typo,logit,typo-football,38,"[""-"", "" l"", "" a"", "" and"", ""s""]"
typo,logit,typo-football,45,"["" l"", "" a"", "" la"", ""y"", ""-""]"
typo,logit,typo-football,52,"["" l"", "" la"", ""L"", ""T"", ""S""]"
typo,jlens_16p,typo-football,8,"[""y"", ""yeri"", ""ness"", ""\u094d\u092f"", ""mett""]"
typo,jlens_16p,typo-football,15,"[""UKA"", ""\u0420\u0410"", "" PRP"", "" la"", "" own""]"
typo,jlens_16p,typo-football,22,"[""y"", ""ness"", ""yeri"", ""iness"", ""\u094d\u092f""]"
typo,jlens_16p,typo-football,30,"[""\u6027"", "" even"", "" up"", "" own"", "" or""]"
typo,jlens_16p,typo-football,38,"[""\u6027"", "" up"", "" own"", ""ity"", ""\uc694""]"
typo,jlens_16p,typo-football,45,"[""\u6027"", ""\u0e17\u0e4c"", "" up"", "" th\u1ec3"", ""\u6027\u7684""]"
typo,jlens_16p,typo-football,52,"[""ness"", ""ly"", ""s"", ""\u00b2."", ""ed""]"
typo,rlens_16p,typo-football,8,"["" de"", ""\u8f66"", ""soccer"", "" l\u1eabn"", ""\u8f66\u8f7d""]"
typo,rlens_16p,typo-football,15,"["" de"", ""soccer"", "" l\u1eabn"", ""uel"", "" football""]"
typo,rlens_16p,typo-football,22,"["" football"", "" sport"", "" sports"", ""soccer"", ""uel""]"
typo,rlens_16p,typo-football,30,"["" de"", ""uel"", ""\u30fc\u30d5"", "" l\u1eabn"", "" nh\u01b0ng""]"
typo,rlens_16p,typo-football,38,"["" de"", ""C"", "" nh\u01b0ng"", ""\uff14"", "" l\u1eabn""]"
typo,rlens_16p,typo-football,45,"["" \u0648\u0643\u0630\u0644\u0643"", ""\u120d\u1362"", ""sports"", "" \u06c1\u06cc\u06ba\u06d4"", ""C""]"
typo,rlens_16p,typo-football,52,"[""\u00b2."", ""\u120d\u1362"", ""\u00b9."", ""\u1791\u17c1\u17d4"", "" \u06c1\u0648\u06af\u0627\u06d4""]"
typo,rlens_64p,typo-football,8,"["" uma"", "" de"", ""\u8f66"", ""\u5e74\u7eaa"", ""\u8f66\u8f7d""]"
typo,rlens_64p,typo-football,15,"["" de"", ""soccer"", ""uel"", "" l\u1eabn"", "" football""]"
typo,rlens_64p,typo-football,22,"["" l"", "" football"", "" sport"", "" same"", "" sports""]"
typo,rlens_64p,typo-football,30,"["" de"", ""\u30fc\u30d5"", "" same"", ""uel"", "" nh\u01b0ng""]"
typo,rlens_64p,typo-football,38,"["" de"", ""C"", "" nh\u01b0ng"", ""\uff14"", ""kinson""]"
typo,rlens_64p,typo-football,45,"[""C"", ""\u120d\u1362"", "" \u0648\u0643\u0630\u0644\u0643"", ""sports"", "" \u06c1\u06cc\u06ba\u06d4""]"
typo,rlens_64p,typo-football,52,"[""\u00b2."", ""\u120d\u1362"", ""\u1791\u17c1\u17d4"", ""\u00b9."", "" \u06c1\u0648\u06af\u0627\u06d4""]"
typo,jpp_64p,typo-football,8,"[""\ubc1c"", ""bed"", ""bal"", ""\u529e"", "" \u05d4\u05d1\u05d9""]"
typo,jpp_64p,typo-football,15,"["" football"", ""uel"", "" voetbal"", ""bal"", "" battle""]"
typo,jpp_64p,typo-football,22,"["" football"", ""uel"", ""\u00ee"", "" battle"", "" club""]"
typo,jpp_64p,typo-football,30,"["" football"", ""uel"", ""football"", "" l\u1eabn"", "" que""]"
typo,jpp_64p,typo-football,38,"[""oplay"", "" Football"", ""\uff14"", ""\ub113"", "" \u0424\u0443\u0442\u0431\u043e\u043b""]"
typo,jpp_64p,typo-football,45,"[""C"", ""S"", ""\u0640\u0640\u0640\u0640"", ""\u0640\u0640"", ""\u0640\u0640\u0640""]"
typo,jpp_64p,typo-football,52,"[""\u00b2."", ""football"", ""ball"", "" football"", "" Football""]"
typo,logit,typo-course,8,"[""</s>"", ""<tool_call|>"", "" l"", ""est"", ""ed""]"
typo,logit,typo-course,15,"["" \u0431\u044b\u0442\u044c"", ""ed"", ""\u3088\u3046\u306a"", "" \u043c\u043e\u0434\u0435\u043b\u044c"", "" \u0432""]"
typo,logit,typo-course,22,"[""S"", ""est"", ""\u3088\u3046\u306a"", ""\u0627\u062a\u0647\u0627"", ""\u0627\u062a""]"
typo,logit,typo-course,30,"[""-"", "" own"", "" l"", ""ed"", ""er""]"
typo,logit,typo-course,38,"[""-"", "" l"", "" and"", ""L"", ""C""]"
typo,logit,typo-course,45,"["" l"", "" a"", ""ed"", ""y"", "" course""]"
typo,logit,typo-course,52,"["" course"", "" courses"", ""\u8bfe\u7a0b"", ""\u30b3\u30fc\u30b9"", ""course""]"
typo,jlens_16p,typo-course,8,"[""y"", ""yeri"", ""ness"", ""\u094d\u092f"", ""mett""]"
typo,jlens_16p,typo-course,15,"[""\u0420\u0410"", ""UKA"", "" PRP"", "" la"", "" own""]"
typo,jlens_16p,typo-course,22,"[""UKA"", ""\u0420\u0410"", "" own"", "" PRP"", "" la""]"
typo,jlens_16p,typo-course,30,"["" own"", ""\u6027"", "" single"", ""ity"", ""rence""]"
typo,jlens_16p,typo-course,38,"["" own"", ""ity"", ""\u0629"", ""\u6027"", ""\u0647""]"
typo,jlens_16p,typo-course,45,"[""\u0647\u0627"", ""\u0629"", "" own"", ""\u0647"", ""\u064a\u0629""]"
typo,jlens_16p,typo-course,52,"["" course"", "" Course"", ""\u8bfe\u7a0b"", "" courses"", ""course""]"
typo,rlens_16p,typo-course,8,"[""L"", "" dimana"", ""ise"", ""\u0637"", ""\u315c""]"
typo,rlens_16p,typo-course,15,"["" l"", ""L"", "" la"", ""u"", ""ave""]"
typo,rlens_16p,typo-course,22,"["" l"", "" la"", "" level"", "" a"", ""ave""]"
typo,rlens_16p,typo-course,30,"[""L"", ""e"", "" \uc5ed\uc2dc"", ""\uc600"", "" l""]"
typo,rlens_16p,typo-course,38,"[""L"", ""\uc600"", ""\u0432\u0447\u0430"", "" \uad50\uc721"", "" \u0936\u093f\u0915\u094d\u0937\u0923""]"
typo,rlens_16p,typo-course,45,"[""S"", ""\uc600"", "" \u062a\u06be\u0627\u06d4"", "" either"", "" \u0936\u093f\u0915\u094d\u0937\u0923""]"
typo,rlens_16p,typo-course,52,"["" course"", "" Course"", ""Course"", ""course"", "" courses""]"
typo,rlens_64p,typo-course,8,"[""L"", ""\u0637"", ""ise"", "" dimana"", ""vieve""]"
typo,rlens_64p,typo-course,15,"["" l"", ""L"", "" la"", ""ave"", ""u""]"
typo,rlens_64p,typo-course,22,"["" l"", "" la"", "" level"", "" mainly"", ""ave""]"
typo,rlens_64p,typo-course,30,"[""L"", ""e"", ""\uc600"", "" \uc5ed\uc2dc"", "" l""]"
typo,rlens_64p,typo-course,38,"[""L"", ""\uc600"", ""S"", ""\u0432\u0447\u0430"", "" de""]"
typo,rlens_64p,typo-course,45,"[""S"", ""\uc600"", "" \u062a\u06be\u0627\u06d4"", "" either"", "" \u0936\u093f\u0915\u094d\u0937\u0923""]"
typo,rlens_64p,typo-course,52,"["" course"", ""Course"", "" Course"", ""course"", "" courses""]"
typo,jpp_64p,typo-course,8,"[""use"", ""ure"", ""ur"", ""uve"", ""\u0639\u0629""]"
typo,jpp_64p,typo-course,15,"[""use"", ""ourse"", ""\u315c"", ""ue"", ""ure""]"
typo,jpp_64p,typo-course,22,"["" l"", ""ourse"", "" la"", ""\u315c"", ""ave""]"
typo,jpp_64p,typo-course,30,"[""L"", ""e"", ""S"", ""B"", ""\u0652\u0639""]"
typo,jpp_64p,typo-course,38,"[""e"", ""L"", "" education"", "" \uad50\uc721"", "" \u0627\u0644\u062a\u0639\u0644\u064a\u0645""]"
typo,jpp_64p,typo-course,45,"[""S"", ""ourse"", ""e"", ""<u>"", ""course""]"
typo,jpp_64p,typo-course,52,"[""course"", "" course"", "" Course"", ""Course"", ""COURSE""]"
typo,logit,typo-great,8,"[""<unused53>"", "" l"", ""ting"", "" \u043d\u0435"", ""ity""]"
typo,logit,typo-great,15,"[""ten"", ""\u043d\u0430"", ""ina"", "" \u043d\u0435"", "" l""]"
typo,logit,typo-great,22,"["" l"", "" de"", ""ina"", ""\u043d\u0430"", "" and""]"
typo,logit,typo-great,30,"["" own"", ""er"", ""ed"", ""-"", ""and""]"
typo,logit,typo-great,38,"["" and"", ""ed"", ""\uc73c\ub85c"", ""T"", "" l""]"
typo,logit,typo-great,45,"["" a"", ""ed"", "" because"", "" l"", "" and""]"
typo,logit,typo-great,52,"[""GREAT"", ""great"", "" GREAT"", ""Great"", "" Great""]"
typo,jlens_16p,typo-great,8,"[""y"", ""yeri"", ""ness"", ""\u094d\u092f"", ""mett""]"
typo,jlens_16p,typo-great,15,"[""\u0420\u0410"", ""UKA"", "" PRP"", "" own"", "" la""]"
typo,jlens_16p,typo-great,22,"[""\u0420\u0410"", ""UKA"", "" PRP"", "" own"", "" la""]"
typo,jlens_16p,typo-great,30,"["" own"", ""\u6027"", "" idea"", "" same"", ""ye""]"
typo,jlens_16p,typo-great,38,"["" own"", "" idea"", ""ity"", ""\u0629"", ""ist""]"
typo,jlens_16p,typo-great,45,"["" own"", "" even"", ""ly"", "" idea"", ""\u0629""]"
typo,jlens_16p,typo-great,52,"[""ly"", ""great"", ""ed"", ""ness"", "" even""]"
typo,rlens_16p,typo-great,8,"["" ae"", "" l"", ""\u092a\u093e\u091f"", ""ael"", ""aille""]"
typo,rlens_16p,typo-great,15,"[""awesome"", "" l"", "" sih"", "" awesome"", ""huge""]"
typo,rlens_16p,typo-great,22,"["" l"", ""\u4e0d\u9519"", "" fantastic"", "" sih"", ""awesome""]"
typo,rlens_16p,typo-great,30,"["" own"", ""s"", ""tted"", ""\u826f\u597d\u7684"", ""tting""]"
typo,rlens_16p,typo-great,38,"["" or"", ""\u0640"", ""\u0629"", "" own"", "" \ub4ef""]"
typo,rlens_16p,typo-great,45,"[""ly"", "" \u0648\u0643\u0630\u0644\u0643"", "" indeed"", ""\u0627\u062a"", ""\u0629""]"
typo,rlens_16p,typo-great,52,"[""great"", "" great"", ""Great"", ""\u4f1f\u5927"", "" GREAT""]"
typo,rlens_64p,typo-great,8,"["" l"", "" ae"", ""\u092a\u093e\u091f"", ""ael"", ""\u0640""]"
typo,rlens_64p,typo-great,15,"["" sih"", "" l"", ""awesome"", ""huge"", ""\u4e0d\u9519""]"
typo,rlens_64p,typo-great,22,"["" l"", ""\u4e0d\u9519"", "" sih"", "" fantastic"", ""\u5f88\u597d\u7684""]"
typo,rlens_64p,typo-great,30,"["" own"", ""tted"", ""an\u00e7"", ""tting"", ""ecs""]"
typo,rlens_64p,typo-great,38,"["" or"", ""\u0629"", ""\u0640"", "" own"", "" and""]"
typo,rlens_64p,typo-great,45,"[""ly"", ""\u0627\u062a"", ""\u0629"", "" and"", "" indeed""]"
typo,rlens_64p,typo-great,52,"[""great"", "" great"", ""Great"", ""\u4f1f\u5927"", "" GREAT""]"
typo,jpp_64p,typo-great,8,"[""et"", ""ate"", ""ae"", ""great"", "" own""]"
typo,jpp_64p,typo-great,15,"["" great"", ""great"", ""gte"", ""ate"", ""gt""]"
typo,jpp_64p,typo-great,22,"["" great"", ""great"", ""ate"", ""gte"", "" \u015bwiet""]"
typo,jpp_64p,typo-great,30,"["" own"", ""\u0627\u062a"", ""ogt"", ""tting"", ""isure""]"
typo,jpp_64p,typo-great,38,"["" or"", ""isure"", "" and"", ""ngt"", ""yle""]"
typo,jpp_64p,typo-great,45,"[""\u0640"", ""great"", ""greater"", ""ngt"", "" gt""]"
typo,jpp_64p,typo-great,52,"[""great"", "" great"", ""GREAT"", "" \u0917\u094d\u0930\u0947\u091f"", "" greatness""]"
typo,logit,typo-light,8,"[""</li>"", ""</s>"", ""ina"", ""je"", "" l""]"
typo,logit,typo-light,15,"["" l"", ""C"", ""K"", ""\u064a\u0646"", "" \u092e\u0902\u091c\u0942\u0930\u0940""]"
typo,logit,typo-light,22,"[""C"", ""K"", "" l"", ""\u0432"", ""T""]"
typo,logit,typo-light,30,"["" own"", ""-"", ""ed"", ""and"", ""e""]"
typo,logit,typo-light,38,"[""L"", ""C"", ""T"", "" l"", "" and""]"
typo,logit,typo-light,45,"["" l"", "" a"", ""ly"", "" and"", ""ed""]"
typo,logit,typo-light,52,"[""L"", ""lights"", ""\u706f"", ""Lights"", ""\u71c8""]"
typo,jlens_16p,typo-light,8,"[""y"", ""yeri"", ""ness"", ""\u094d\u092f"", ""mett""]"
typo,jlens_16p,typo-light,15,"[""\u0420\u0410"", ""UKA"", "" PRP"", "" own"", "" la""]"
typo,jlens_16p,typo-light,22,"[""UKA"", ""\u0420\u0410"", "" PRP"", "" own"", "" la""]"
typo,jlens_16p,typo-light,30,"["" own"", ""\u6027"", ""mente"", "" up"", "" even""]"
typo,jlens_16p,typo-light,38,"["" own"", ""\u6027"", "" up"", "" idea"", ""ity""]"
typo,jlens_16p,typo-light,45,"["" own"", "" up"", ""\u6027"", ""\u0629"", "" th\u1ec3""]"
typo,jlens_16p,typo-light,52,"[""LIGHT"", ""\u71c8"", ""ness"", ""ly"", ""light""]"
typo,rlens_16p,typo-light,8,"["" la"", "" l"", "" que"", "" a"", "" colour""]"
typo,rlens_16p,typo-light,15,"["" l"", "" la"", "" a"", "" colours"", "" colour""]"
typo,rlens_16p,typo-light,22,"["" l"", "" la"", "" same"", "" colours"", "" a""]"
typo,rlens_16p,typo-light,30,"["" colours"", "" same"", ""ht"", "" neighbours"", ""akah""]"
typo,rlens_16p,typo-light,38,"["" or"", ""\u133d"", ""txt"", ""tting"", "" spelling""]"
typo,rlens_16p,typo-light,45,"["" and"", "" up"", ""S"", ""s"", "" either""]"
typo,rlens_16p,typo-light,52,"["" and"", "" lighting"", ""LIGHT"", "" \u706f"", ""light""]"
typo,rlens_64p,typo-light,8,"["" la"", "" l"", "" que"", "" a"", "" same""]"
typo,rlens_64p,typo-light,15,"["" l"", "" la"", "" a"", "" Prakash"", "" colours""]"
typo,rlens_64p,typo-light,22,"["" l"", "" la"", "" same"", "" a"", ""\u1ebd""]"
typo,rlens_64p,typo-light,30,"["" same"", ""ht"", ""akah"", ""textField"", "" colours""]"
typo,rlens_64p,typo-light,38,"["" or"", ""\u133d"", ""txt"", ""tting"", "" salah""]"
typo,rlens_64p,typo-light,45,"["" and"", ""s"", ""S"", "" up"", "" either""]"
typo,rlens_64p,typo-light,52,"["" and"", ""LIGHT"", "" lighting"", ""light"", "" \u706f""]"
typo,jpp_64p,typo-light,8,"["" own"", ""light"", ""ight"", "" light"", ""igh""]"
typo,jpp_64p,typo-light,15,"[""light"", "" light"", ""ight"", "" sight"", ""ilight""]"
typo,jpp_64p,typo-light,22,"["" l"", "" light"", ""light"", "" sight"", ""ight""]"
typo,jpp_64p,typo-light,30,"[""ht"", ""ght"", ""L"", "" same"", ""tin""]"
typo,jpp_64p,typo-light,38,"["" or"", ""ed"", ""\u9519\u8bef\u7684"", "" Literacy"", ""ht""]"
typo,jpp_64p,typo-light,45,"["" and"", ""ed"", ""\u0640"", ""ight"", ""ght""]"
typo,jpp_64p,typo-light,52,"[""LIGHT"", "" lighting"", ""light"", "" lamp"", "" light""]"
typo,logit,typo-night,8,"["" l"", ""\u064a\u0646"", "" qual"", ""\ub2c8\ub2e4"", ""ity""]"
typo,logit,typo-night,15,"["" \u0434\u043b\u044f"", "" \u043d\u0435"", "" \u0435\u0441\u043b\u0438"", "" Jahren"", "" l""]"
typo,logit,typo-night,22,"["" l"", "" \ub370"", ""\u0647\u0650"", "" \u043f\u0440\u0430\u0432\u0438\u043b\u0430"", ""\u043d\u0430""]"
typo,logit,typo-night,30,"[""-"", ""er"", ""ed"", ""and"", "" own""]"
typo,logit,typo-night,38,"[""C"", ""-"", ""L"", ""P"", ""S""]"
typo,logit,typo-night,45,"["" a"", "" l"", ""ly"", ""C"", "" tonight""]"
typo,logit,typo-night,52,"[""night"", ""Night"", ""C"", ""T"", "" tonight""]"
typo,jlens_16p,typo-night,8,"[""y"", ""yeri"", ""ness"", ""\u094d\u092f"", ""mett""]"
typo,jlens_16p,typo-night,15,"[""\u0420\u0410"", ""UKA"", "" PRP"", "" own"", "" la""]"
typo,jlens_16p,typo-night,22,"[""\u0420\u0410"", ""UKA"", "" PRP"", "" own"", "" la""]"
typo,jlens_16p,typo-night,30,"["" own"", ""\u6027"", "" up"", "" single"", "" idea""]"
typo,jlens_16p,typo-night,38,"["" own"", ""\u6027"", "" idea"", ""\u0629"", "" up""]"
typo,jlens_16p,typo-night,45,"["" own"", "" up"", ""\u6027"", "" th\u1ec3"", "" idea""]"
typo,jlens_16p,typo-night,52,"[""ness"", "" night"", ""night"", ""Night"", "" tonight""]"
typo,rlens_16p,typo-night,8,"["" la"", "" que"", "" l"", ""th"", "" same""]"
typo,rlens_16p,typo-night,15,"["" l"", "" la"", "" night"", "" \u0111\u00eam"", "" same""]"
typo,rlens_16p,typo-night,22,"["" l"", "" la"", "" night"", "" same"", ""night""]"
typo,rlens_16p,typo-night,30,"["" same"", ""\u6216\u8005\u662f"", ""yness"", ""\u0902\u091a\u0932"", ""th""]"
typo,rlens_16p,typo-night,38,"[""\u0629"", ""tting"", ""\u6587\u5b57"", "" or"", "" \u062d\u0631\u0648\u0641""]"
typo,rlens_16p,typo-night,45,"[""night"", "" night"", "" and"", "" \ubc24"", "" tonight""]"
typo,rlens_16p,typo-night,52,"["" night"", ""night"", ""Night"", "" tonight"", "" Night""]"
typo,rlens_64p,typo-night,8,"["" la"", "" l"", "" que"", ""th"", "" same""]"
typo,rlens_64p,typo-night,15,"["" l"", "" la"", "" night"", "" same"", "" que""]"
typo,rlens_64p,typo-night,22,"["" l"", "" la"", "" same"", "" night"", ""night""]"
typo,rlens_64p,typo-night,30,"["" same"", ""\u6216\u8005\u662f"", ""th"", ""ht"", ""\u0902\u0917""]"
typo,rlens_64p,typo-night,38,"[""\u6587\u5b57"", ""\u0629"", "" \u062d\u0631\u0648\u0641"", "" or"", "" salah""]"
typo,rlens_64p,typo-night,45,"[""night"", "" night"", "" and"", ""S"", "" tonight""]"
typo,rlens_64p,typo-night,52,"["" night"", ""night"", ""Night"", "" tonight"", "" Night""]"
typo,jpp_64p,typo-night,8,"[""th"", "" own"", "" night"", ""igh"", ""night""]"
typo,jpp_64p,typo-night,15,"["" night"", ""night"", "" own"", ""igh"", "" nighttime""]"
typo,jpp_64p,typo-night,22,"["" night"", "" l"", ""night"", "" sight"", "" own""]"
typo,jpp_64p,typo-night,30,"[""ht"", "" same"", ""\u6216\u8005\u662f"", ""th"", ""html""]"
typo,jpp_64p,typo-night,38,"["" \u0433\u0440\u0430\u043c\u043e"", ""\u9519\u8bef\u7684"", ""\u6587\u5b57"", ""ght"", "" Wordsworth""]"
typo,jpp_64p,typo-night,45,"[""**"", ""night"", "" night"", ""ight"", "" \ubc24""]"
typo,jpp_64p,typo-night,52,"[""night"", "" night"", "" tonight"", ""Night"", "" Night""]"
typo,logit,typo-control,8,"[""</tbody>"", ""<unused53>"", "" When"", ""ye"", "" l""]"
typo,logit,typo-control,15,"[""S"", "" l"", ""\u4e00\u4e2a"", ""L"", ""\u4e86\u4e24""]"
typo,logit,typo-control,22,"[""S"", "" l"", ""\u043d\u0435"", ""L"", ""\u0930\u094b\u0902""]"
typo,logit,typo-control,30,"[""e"", ""C"", ""er"", ""ed"", ""and""]"
typo,logit,typo-control,38,"[""C"", ""L"", ""-"", ""T"", "" l""]"
typo,logit,typo-control,45,"["" a"", "" l"", "" of"", ""ly"", "" and""]"
typo,logit,typo-control,52,"[""-"", ""er"", ""ly"", ""H"", "" of""]"
typo,jlens_16p,typo-control,8,"[""y"", ""yeri"", ""ness"", ""\u094d\u092f"", ""mett""]"
typo,jlens_16p,typo-control,15,"[""UKA"", ""\u0420\u0410"", "" PRP"", "" la"", "" own""]"
typo,jlens_16p,typo-control,22,"[""UKA"", ""\u0420\u0410"", "" PRP"", "" own"", "" la""]"
typo,jlens_16p,typo-control,30,"["" own"", ""\u6027"", "" up"", ""y"", ""rian""]"
typo,jlens_16p,typo-control,38,"["" own"", "" up"", ""\u6027"", ""ity"", ""y""]"
typo,jlens_16p,typo-control,45,"["" of"", "" own"", ""\u0dd2\u0db1\u0dca"", ""of"", "" either""]"
typo,jlens_16p,typo-control,52,"["" of"", "" c\u1ee7a"", ""ness"", "" control"", ""ization""]"
typo,rlens_16p,typo-control,8,"[""yl"", ""yli"", ""anej"", ""\ubc0f"", ""engo""]"
typo,rlens_16p,typo-control,15,"["" level"", ""yli"", ""\u01b0\u1edfng"", ""ieri"", ""yl""]"
typo,rlens_16p,typo-control,22,"["" level"", ""\u01b0\u1edfng"", "" maneuvering"", ""level"", "" maneuvers""]"
typo,rlens_16p,typo-control,30,"[""raphy"", ""\u0448\u0435\u043d\u0438\u0439"", "" level"", ""\u133d"", ""level""]"
typo,rlens_16p,typo-control,38,"["" either"", ""\u7684\u4e24"", ""\u133d"", "" \u06f2\u06f0\u06f1"", ""ly""]"
typo,rlens_16p,typo-control,45,"["" either"", ""ly"", ""\u0d41\u0d1f\u0d46"", "" of"", ""cnc""]"
typo,rlens_16p,typo-control,52,"["" of"", "" c\u1ee7a"", "" ctrl"", "" controle"", "" control""]"
typo,rlens_64p,typo-control,8,"[""yl"", ""yli"", ""\u8328"", ""anej"", ""ern""]"
typo,rlens_64p,typo-control,15,"[""yl"", "" level"", ""yli"", ""ieri"", ""\u01b0\u1edfng""]"
typo,rlens_64p,typo-control,22,"[""\u01b0\u1edfng"", "" level"", "" maneuvering"", ""ieri"", ""helm""]"
typo,rlens_64p,typo-control,30,"[""raphy"", ""\u50fb"", ""yl"", ""\u133d"", ""\u0448\u0435\u043d\u0438\u0439""]"
typo,rlens_64p,typo-control,38,"["" either"", ""\u7684\u4e24"", ""\u133d"", ""ly"", "" \u06f2\u06f0\u06f1""]"
typo,rlens_64p,typo-control,45,"["" either"", ""ly"", "" of"", ""\u0d41\u0d1f\u0d46"", "" uma""]"
typo,rlens_64p,typo-control,52,"["" of"", "" c\u1ee7a"", "" ctrl"", ""ioctl"", "" controle""]"
typo,jpp_64p,typo-control,8,"[""ierz"", ""ol"", ""yl"", ""\u0648\u0644"", ""ort""]"
typo,jpp_64p,typo-control,15,"["" control"", "" level"", "" controlled"", ""ibility"", ""ori""]"
typo,jpp_64p,typo-control,22,"["" level"", "" control"", "" controlled"", ""level"", ""ibility""]"
typo,jpp_64p,typo-control,30,"["" level"", ""\u133d"", ""\u4e0d\u80fd"", ""ability"", ""sense""]"
typo,jpp_64p,typo-control,38,"["" dyslexia"", ""e"", ""\u62d9"", "" errors"", ""\u9519\u8bef\u7684""]"
typo,jpp_64p,typo-control,45,"[""**"", ""</i>"", ""<b>"", ""</h3>"", ""cnc""]"
typo,jpp_64p,typo-control,52,"["" of"", "" ctrl"", ""ctrl"", "" \ucee8\ud2b8\ub864"", "" control""]"
typo,logit,typo-world,8,"[""<unused53>"", ""un"", ""art"", ""ich"", ""if""]"
typo,logit,typo-world,15,"[""if"", ""\ub85c\ub294"", "" \u0648\u0628\u064a\u0646"", ""S"", "" lainnya""]"
typo,logit,typo-world,22,"[""S"", "" lainnya"", ""if"", ""T"", "" uma""]"
typo,logit,typo-world,30,"[""-"", "" l"", ""and"", ""ed"", ""e""]"
typo,logit,typo-world,38,"[""L"", ""C"", ""P"", ""T"", ""-""]"
typo,logit,typo-world,45,"["" a"", "" l"", ""B"", ""ly"", "" and""]"
typo,logit,typo-world,52,"[""world"", "" world"", ""World"", ""\u4e16\u754c"", "" World""]"
typo,jlens_16p,typo-world,8,"[""y"", ""yeri"", ""ness"", ""\u094d\u092f"", ""mett""]"
typo,jlens_16p,typo-world,15,"[""UKA"", ""\u0420\u0410"", "" PRP"", "" la"", "" own""]"
typo,jlens_16p,typo-world,22,"[""\u0420\u0410"", ""UKA"", "" own"", "" PRP"", "" la""]"
typo,jlens_16p,typo-world,30,"["" own"", ""mente"", ""\u6027"", "" up"", "" single""]"
typo,jlens_16p,typo-world,38,"["" own"", "" up"", ""ity"", ""\u0629"", "" uma""]"
typo,jlens_16p,typo-world,45,"["" own"", "" \uc2f6"", "" up"", "" \uc2f6\uc740"", ""\u0629""]"
typo,jlens_16p,typo-world,52,"[""world"", "" world"", ""orld"", ""ly"", ""World""]"
typo,rlens_16p,typo-world,8,"[""ly"", "" uma"", ""</i>"", ""ald"", ""\u0d2a\u0d3e\u0d1f\u0d4d""]"
typo,rlens_16p,typo-world,15,"[""orld"", ""</i>"", ""yland"", ""\u0d2a\u0d3e\u0d1f\u0d4d"", ""arl""]"
typo,rlens_16p,typo-world,22,"[""orld"", ""\u0d2a\u0d3e\u0d1f\u0d4d"", ""yland"", ""</i>"", ""arl""]"
typo,rlens_16p,typo-world,30,"[""orld"", ""\u0d2a\u0d3e\u0d1f\u0d4d"", ""yland"", "" casque"", ""</i>""]"
typo,rlens_16p,typo-world,38,"["" de"", ""\u0d2a\u0d3e\u0d1f\u0d4d"", ""\u0640"", ""^"", ""\ub113""]"
typo,rlens_16p,typo-world,45,"[""orld"", ""\ub9cc"", "" de"", ""\u0640"", "" but""]"
typo,rlens_16p,typo-world,52,"["" world"", ""world"", ""World"", "" World"", ""orld""]"
typo,rlens_64p,typo-world,8,"["" uma"", ""ly"", ""\u0d2a\u0d3e\u0d1f\u0d4d"", ""</i>"", ""ald""]"
typo,rlens_64p,typo-world,15,"[""</i>"", ""orld"", "" casque"", ""\u0d2a\u0d3e\u0d1f\u0d4d"", ""yland""]"
typo,rlens_64p,typo-world,22,"[""orld"", ""\u0d2a\u0d3e\u0d1f\u0d4d"", ""</i>"", ""yland"", "" casque""]"
typo,rlens_64p,typo-world,30,"[""orld"", ""\u0d2a\u0d3e\u0d1f\u0d4d"", ""</i>"", "" casque"", ""yland""]"
typo,rlens_64p,typo-world,38,"["" de"", ""\u0d2a\u0d3e\u0d1f\u0d4d"", ""\u0640"", ""\u0e15\u0e19"", ""\u0640\u0640\u0640\u0640\u0640\u0640\u0640\u0640""]"
typo,rlens_64p,typo-world,45,"[""orld"", "" but"", ""\u0640"", ""\ub9cc"", "" and""]"
typo,rlens_64p,typo-world,52,"["" world"", ""world"", ""World"", "" World"", ""orld""]"
typo,jpp_64p,typo-world,8,"[""world"", ""ard"", "" world"", ""old"", ""ly""]"
typo,jpp_64p,typo-world,15,"["" world"", ""world"", ""orld"", "" worlds"", ""eworld""]"
typo,jpp_64p,typo-world,22,"["" world"", ""orld"", ""yland"", ""world"", "" mondial""]"
typo,jpp_64p,typo-world,30,"[""orld"", ""\u4e5f\u4f1a"", "" own"", ""yland"", ""\u0d2a\u0d3e\u0d1f\u0d4d""]"
typo,jpp_64p,typo-world,38,"[""orld"", ""aworld"", "" \u0935\u0930\u094d\u0932\u094d\u0921"", ""World"", ""\u0e15\u0e19""]"
typo,jpp_64p,typo-world,45,"[""orld"", ""</i>"", ""\u0640"", ""</b>"", ""world""]"
typo,jpp_64p,typo-world,52,"["" world"", ""world"", "" World"", ""World"", ""orld""]"
typo,logit,typo-market,8,"["" l"", ""ro"", ""out"", "" \u0432"", ""ity""]"
typo,logit,typo-market,15,"[""\u064a\u0646"", "" \u043d\u0435"", ""\u4e86\u4e24"", "" \u0648\u0628\u064a\u0646"", "" \u0432\u0435\u0441\u044c""]"
typo,logit,typo-market,22,"[""S"", ""C"", "" \u0446\u0438\u043a\u043b"", "" \u0648\u0628\u064a\u0646"", ""\u3088\u3046\u306a""]"
typo,logit,typo-market,30,"[""-"", "" l"", "" own"", ""ed"", "" and""]"
typo,logit,typo-market,38,"["" l"", ""-"", "" a"", "" and"", ""T""]"
typo,logit,typo-market,45,"["" l"", "" a"", ""T"", "" d"", "" ro\u015blin""]"
typo,logit,typo-market,52,"["" la"", "" l"", ""S"", ""T"", ""L""]"
typo,jlens_16p,typo-market,8,"[""y"", ""yeri"", ""ness"", ""\u094d\u092f"", ""mett""]"
typo,jlens_16p,typo-market,15,"[""\u0420\u0410"", ""UKA"", "" PRP"", "" la"", "" own""]"
typo,jlens_16p,typo-market,22,"[""UKA"", ""\u0420\u0410"", "" own"", "" and"", "" PRP""]"
typo,jlens_16p,typo-market,30,"["" own"", ""\u6027"", "" single"", ""rian"", ""mente""]"
typo,jlens_16p,typo-market,38,"["" own"", ""ized"", ""ity"", ""ty"", "" up""]"
typo,jlens_16p,typo-market,45,"["" own"", ""ized"", ""\u6027"", ""\u0dd2\u0db1\u0dca"", ""\u0629""]"
typo,jlens_16p,typo-market,52,"[""ed"", ""ized"", ""ly"", ""\u00b2."", ""\u00b9.""]"
typo,rlens_16p,typo-market,8,"[""ten"", ""textrm"", ""hbox"", ""aret"", "" l""]"
typo,rlens_16p,typo-market,15,"["" l"", ""aret"", "" similit"", "" tshirt"", "" market""]"
typo,rlens_16p,typo-market,22,"["" l"", "" own"", "" market"", ""arket"", "" \u0627\u0644\u0633\u0648\u0642""]"
typo,rlens_16p,typo-market,30,"["" l"", ""weet"", "" same"", ""\u0432\u0435\u0434"", "" own""]"
typo,rlens_16p,typo-market,38,"[""C"", "" de"", ""\u00b9."", ""\uac31"", ""\u0ba4\u0bcd\u0ba4\u0ba9\u0bb0\u0bcd""]"
typo,rlens_16p,typo-market,45,"[""C"", ""\u00b9."", "" \u06c1\u06cc\u06ba\u06d4"", ""\u121d\u1362"", "" \u06af\u06d2\u06d4""]"
typo,rlens_16p,typo-market,52,"[""\u00b2."", ""\u00b9."", ""C"", ""\u00b3."", ""\u121d\u1362""]"
typo,rlens_64p,typo-market,8,"[""ten"", "" l"", ""textrm"", ""hbox"", ""aret""]"
typo,rlens_64p,typo-market,15,"["" l"", ""aret"", "" tshirt"", "" similit"", ""CFT""]"
typo,rlens_64p,typo-market,22,"["" l"", "" own"", "" market"", ""caret"", "" same""]"
typo,rlens_64p,typo-market,30,"["" l"", "" same"", ""weet"", "" own"", "" tshirt""]"
typo,rlens_64p,typo-market,38,"[""C"", "" de"", ""\u00b9."", ""\u0ba4\u0bcd\u0ba4\u0ba9\u0bb0\u0bcd"", ""weet""]"
typo,rlens_64p,typo-market,45,"[""C"", ""\u00b9."", "" \u06c1\u06cc\u06ba\u06d4"", "" \u06af\u06d2\u06d4"", ""\u0627\u06d4""]"
typo,rlens_64p,typo-market,52,"[""\u00b2."", ""C"", ""\u00b9."", ""\u120d\u1362"", ""\u00b3.""]"
typo,jpp_64p,typo-market,8,"[""et"", ""ret"", ""ete"", ""rit\u00e9"", ""eliest""]"
typo,jpp_64p,typo-market,15,"["" market"", ""arket"", ""market"", ""ret"", ""caret""]"
typo,jpp_64p,typo-market,22,"["" market"", ""caret"", "" l"", ""aret"", ""arket""]"
typo,jpp_64p,typo-market,30,"["" same"", ""\ub0b5"", ""\ubcf6"", ""\uac31"", ""ldots""]"
typo,jpp_64p,typo-market,38,"[""e"", ""\ub9cc\uc6d0"", ""\u0432\u0435\u043b\u0438"", ""\u06cc"", "" or""]"
typo,jpp_64p,typo-market,45,"[""C"", ""\u00b9."", ""\u0640"", "" \u06af\u06d2\u06d4"", "" \u062a\u06be\u0627\u06d4""]"
typo,jpp_64p,typo-market,52,"[""C"", ""arket"", ""\u00b2."", ""\u00b9."", ""market""]"
typo,logit,typo-person,8,"["" You"", ""\u043d\u0430"", ""une"", "" Then"", "" l""]"
typo,logit,typo-person,15,"[""ed"", ""ing"", "" l"", ""ene"", ""ul""]"
typo,logit,typo-person,22,"["" l"", ""-"", ""ed"", ""ing"", ""ene""]"
typo,logit,typo-person,30,"[""-"", ""ing"", "" and"", "" l"", ""ness""]"
typo,logit,typo-person,38,"[""-"", "" and"", ""ed"", ""C"", ""L""]"
typo,logit,typo-person,45,"["" l"", ""C"", "" able"", ""ed"", ""ing""]"
typo,logit,typo-person,52,"[""B"", "" l"", "" able"", ""L"", "" to""]"
typo,jlens_16p,typo-person,8,"[""y"", ""yeri"", ""ness"", ""\u094d\u092f"", ""mett""]"
typo,jlens_16p,typo-person,15,"[""\u0420\u0410"", ""UKA"", "" PRP"", "" own"", "" la""]"
typo,jlens_16p,typo-person,22,"[""UKA"", ""\u0420\u0410"", "" PRP"", "" own"", "" la""]"
typo,jlens_16p,typo-person,30,"["" own"", "" single"", ""\u6027"", "" up"", "" even""]"
typo,jlens_16p,typo-person,38,"["" own"", ""ity"", "" up"", ""al"", "" person""]"
typo,jlens_16p,typo-person,45,"["" able"", "" to"", ""al"", "" up"", ""ally""]"
typo,jlens_16p,typo-person,52,"["" to"", "" able"", ""ly"", ""ness"", "" on""]"
typo,rlens_16p,typo-person,8,"[""yser"", ""ion"", ""\u094d\u0939"", ""ction"", ""ional""]"
typo,rlens_16p,typo-person,15,"["" \uad49\uc7a5\ud788"", ""ior"", ""yser"", "" person"", ""usha""]"
typo,rlens_16p,typo-person,22,"["" own"", "" person"", "" \uad49\uc7a5\ud788"", ""ior"", "" ng\u01b0\u1eddi""]"
typo,rlens_16p,typo-person,30,"["" own"", "" \uad49\uc7a5\ud788"", ""\u6bcf\u4e2a\u4eba"", ""mente"", "" person""]"
typo,rlens_16p,typo-person,38,"["" own"", "" person"", ""al"", ""\ub0b4\uac00"", ""whom""]"
typo,rlens_16p,typo-person,45,"["" to"", "" own"", ""s"", "" even"", "" able""]"
typo,rlens_16p,typo-person,52,"["" to"", ""to"", "" on"", "" even"", "" able""]"
typo,rlens_64p,typo-person,8,"[""yser"", ""ction"", ""iero"", "" \u0627\u062e\u0631"", ""ional""]"
typo,rlens_64p,typo-person,15,"["" \uad49\uc7a5\ud788"", ""ior"", ""yser"", ""usha"", ""mente""]"
typo,rlens_64p,typo-person,22,"["" own"", "" \uad49\uc7a5\ud788"", ""ior"", "" person"", ""mente""]"
typo,rlens_64p,typo-person,30,"[""mente"", "" own"", "" \uad49\uc7a5\ud788"", ""\u6bcf\u4e2a\u4eba"", ""someone""]"
typo,rlens_64p,typo-person,38,"["" own"", "" person"", ""whom"", ""\ub0b4\uac00"", "" whom""]"
typo,rlens_64p,typo-person,45,"["" to"", ""s"", "" own"", "" even"", ""to""]"
typo,rlens_64p,typo-person,52,"["" to"", ""to"", "" on"", "" even"", "" able""]"
typo,jpp_64p,typo-person,8,"["" own"", ""\u00f6n"", ""\u30e7\u30f3"", ""na"", ""\u0e1b\u0e47\u0e19""]"
typo,jpp_64p,typo-person,15,"["" person"", "" own"", ""\u4eba"", ""mente"", "" ng\u01b0\u1eddi""]"
typo,jpp_64p,typo-person,22,"["" person"", "" own"", ""mente"", "" ng\u01b0\u1eddi"", ""\u4eba""]"
typo,jpp_64p,typo-person,30,"["" person"", "" own"", ""\u0e04\u0e19"", ""someone"", "" ng\u01b0\u1eddi""]"
typo,jpp_64p,typo-person,38,"["" Person"", "" person"", ""person"", "" ng\u01b0\u1eddi"", ""own""]"
typo,jpp_64p,typo-person,45,"["" to"", ""to"", ""person"", "" even"", ""own""]"
typo,jpp_64p,typo-person,52,"["" to"", ""to"", "" even"", ""y"", "" able""]"
typo,logit,typo-number,8,"[""ing"", ""ed"", ""ent"", "" l"", ""ro""]"
typo,logit,typo-number,15,"["" l"", ""L"", ""B"", ""\u064a\u0646"", ""out""]"
typo,logit,typo-number,22,"["" l"", ""B"", ""L"", ""\u043d\u0430"", ""ell""]"
typo,logit,typo-number,30,"["" l"", ""ed"", "" own"", ""-"", ""and""]"
typo,logit,typo-number,38,"[""L"", ""C"", "" and"", ""-"", "" l""]"
typo,logit,typo-number,45,"["" l"", "" a"", "" and"", "" but"", ""L""]"
typo,logit,typo-number,52,"[""S"", ""L"", ""T"", ""number"", ""Number""]"
typo,jlens_16p,typo-number,8,"[""y"", ""yeri"", ""ness"", ""\u094d\u092f"", ""mett""]"
typo,jlens_16p,typo-number,15,"[""\u0420\u0410"", ""UKA"", "" PRP"", "" la"", "" own""]"
typo,jlens_16p,typo-number,22,"[""UKA"", ""\u0420\u0410"", "" own"", "" PRP"", "" la""]"
typo,jlens_16p,typo-number,30,"["" own"", "" single"", ""\u6027"", "" up"", ""y""]"
typo,jlens_16p,typo-number,38,"["" own"", ""ity"", "" single"", ""y"", "" up""]"
typo,jlens_16p,typo-number,45,"["" own"", "" up"", ""y"", "" able"", "" th\u1ec3""]"
typo,jlens_16p,typo-number,52,"[""ness"", ""ly"", ""ization"", "" but"", ""ed""]"
typo,rlens_16p,typo-number,8,"["" la"", ""\u00ee"", ""ble"", "" eighth"", ""ness""]"
typo,rlens_16p,typo-number,15,"["" la"", "" eighth"", ""anova"", ""\u00ee"", "" Sna""]"
typo,rlens_16p,typo-number,22,"["" la"", ""anova"", "" own"", "" eighth"", ""yl""]"
typo,rlens_16p,typo-number,30,"[""anova"", ""\u318d"", ""fou"", ""y"", ""yl""]"
typo,rlens_16p,typo-number,38,"["" incorrect"", "" or"", ""anova"", ""aleph"", "" and""]"
typo,rlens_16p,typo-number,45,"["" but"", "" and"", ""ness"", ""s"", "" nh\u01b0ng""]"
typo,rlens_16p,typo-number,52,"["" but"", ""number"", "" num"", "" and"", "" nh\u01b0ng""]"
typo,rlens_64p,typo-number,8,"["" la"", ""\u00ee"", ""ble"", "" eighth"", ""anova""]"
typo,rlens_64p,typo-number,15,"["" la"", "" eighth"", ""\u00ee"", ""ble"", ""anova""]"
typo,rlens_64p,typo-number,22,"["" la"", "" own"", ""anova"", "" eighth"", ""yl""]"
typo,rlens_64p,typo-number,30,"[""anova"", ""\u318d"", ""y"", ""yl"", ""fou""]"
typo,rlens_64p,typo-number,38,"["" incorrect"", "" or"", ""anova"", "" and"", ""aleph""]"
typo,rlens_64p,typo-number,45,"["" and"", "" but"", ""s"", ""ness"", "" nh\u01b0ng""]"
typo,rlens_64p,typo-number,52,"["" but"", ""number"", "" num"", "" pero"", ""Number""]"
typo,jpp_64p,typo-number,8,"[""\u3076"", ""br"", ""nombre"", ""\u90e8\u306e"", ""number""]"
typo,jpp_64p,typo-number,15,"[""nbr"", ""br"", ""umbr"", ""nombre"", ""number""]"
typo,jpp_64p,typo-number,22,"["" la"", "" own"", ""\u00ee"", ""nbr"", ""br""]"
typo,jpp_64p,typo-number,30,"[""anova"", ""cardNumber"", ""\u0ba3\u0bc1"", ""nbr"", ""ruh""]"
typo,jpp_64p,typo-number,38,"[""nbr"", ""e"", ""yll"", ""Nb"", ""umble""]"
typo,jpp_64p,typo-number,45,"[""**"", "" la"", "" but"", "" **"", ""^""]"
typo,jpp_64p,typo-number,52,"[""nbr"", ""number"", "" num"", ""umber"", "" number""]"
typo,logit,typo-within,8,"["" l"", ""ment"", ""de"", ""ert"", "" la""]"
typo,logit,typo-within,15,"[""ten"", ""ting"", ""\u064a\u0646"", ""\u0647\u0627"", ""ou""]"
typo,logit,typo-within,22,"[""\u7684\u8fc7\u7a0b\u4e2d"", ""ting"", "" la"", ""\u306e\u5f8c"", ""ten""]"
typo,logit,typo-within,30,"[""-"", ""C"", ""e"", ""ed"", ""er""]"
typo,logit,typo-within,38,"[""-"", ""ed"", "" and"", ""C"", ""K""]"
typo,logit,typo-within,45,"["" l"", "" a"", ""-"", ""B"", ""ed""]"
typo,logit,typo-within,52,"[""-"", ""B"", ""C"", ""K"", ""L""]"
typo,jlens_16p,typo-within,8,"[""y"", ""yeri"", ""ness"", ""\u094d\u092f"", ""mett""]"
typo,jlens_16p,typo-within,15,"[""UKA"", ""\u0420\u0410"", "" PRP"", "" own"", "" la""]"
typo,jlens_16p,typo-within,22,"[""\u0420\u0410"", ""UKA"", "" own"", "" PRP"", "" la""]"
typo,jlens_16p,typo-within,30,"["" own"", ""\u6027"", ""ized"", ""ity"", "" single""]"
typo,jlens_16p,typo-within,38,"[""ized"", ""ity"", ""ization"", "" own"", "" or""]"
typo,jlens_16p,typo-within,45,"[""ized"", ""ization"", "" soon"", "" own"", "" even""]"
typo,jlens_16p,typo-within,52,"["" three"", "" five"", ""ness"", "" four"", ""ized""]"
typo,rlens_16p,typo-within,8,"["" que"", ""helm"", "" a"", ""ishing"", ""\u0627\u0647\u0644\u0627""]"
typo,rlens_16p,typo-within,15,"[""helm"", ""\u0627\u0647\u0644\u0627"", ""ishing"", ""th"", ""\u304b\u3044""]"
typo,rlens_16p,typo-within,22,"[""\u0627\u0647\u0644\u0627"", ""helm"", ""th"", ""ashi"", "" months""]"
typo,rlens_16p,typo-within,30,"[""th"", ""s"", ""ashi"", "" \u03bf\u03b9"", ""\u4e4b\u5185""]"
typo,rlens_16p,typo-within,38,"["" five"", ""s"", ""th"", ""three"", ""5""]"
typo,rlens_16p,typo-within,45,"["" three"", "" five"", ""s"", "" soon"", "" tomorrow""]"
typo,rlens_16p,typo-within,52,"["" three"", "" five"", "" two"", ""three"", "" four""]"
typo,rlens_64p,typo-within,8,"["" que"", ""helm"", "" a"", ""ishing"", ""\u0627\u0647\u0644\u0627""]"
typo,rlens_64p,typo-within,15,"[""\u0627\u0647\u0644\u0627"", ""helm"", ""th"", ""ishing"", ""\u304b\u3044""]"
typo,rlens_64p,typo-within,22,"[""\u0627\u0647\u0644\u0627"", ""helm"", ""th"", "" la"", ""ashi""]"
typo,rlens_64p,typo-within,30,"[""th"", ""5"", ""ashi"", ""\u4e4b\u5185"", ""s""]"
typo,rlens_64p,typo-within,38,"[""th"", "" five"", ""s"", ""5"", ""3""]"
typo,rlens_64p,typo-within,45,"["" five"", "" three"", "" soon"", ""s"", "" tomorrow""]"
typo,rlens_64p,typo-within,52,"["" three"", "" five"", "" two"", ""three"", "" four""]"
typo,jpp_64p,typo-within,8,"[""ine"", ""in"", ""\u043d\u0438"", ""ina"", ""ain""]"
typo,jpp_64p,typo-within,15,"[""\u0627\u0647\u0644\u0627"", ""taining"", ""tains"", "" within"", ""ain""]"
typo,jpp_64p,typo-within,22,"[""\u00f8r"", "" soon"", "" timeframe"", "" months"", ""\u0cbf\u0cb0""]"
typo,jpp_64p,typo-within,30,"[""ashi"", "" level"", ""\u4e4b\u5185"", ""th"", "" timeframe""]"
typo,jpp_64p,typo-within,38,"[""\u4e4b\u5185"", "" five"", "" fourteen"", "" months"", ""th""]"
typo,jpp_64p,typo-within,45,"["" days"", "" three"", ""three"", "" ng\u00e0y"", "" tomorrow""]"
typo,jpp_64p,typo-within,52,"["" three"", "" five"", ""three"", "" two"", "" four""]"
typo,logit,typo-second,8,"["" la"", ""out"", ""\u043d\u0430"", "" \u0438"", "" l""]"
typo,logit,typo-second,15,"["" l"", ""\u043d\u0430"", ""\u064a\u0646"", ""\u0647\u0627"", "" \u043d\u0435""]"
typo,logit,typo-second,22,"[""\u043d\u0430"", "" l"", ""\u064a\u0646"", "" \u0441\u043e\u0432\u0441\u0435\u043c"", ""\u0647\u0627""]"
typo,logit,typo-second,30,"[""-"", ""ed"", ""e"", ""er"", "" own""]"
typo,logit,typo-second,38,"[""C"", ""-"", "" l"", "" and"", ""L""]"
typo,logit,typo-second,45,"["" l"", "" a"", ""C"", "" and"", ""ly""]"
typo,logit,typo-second,52,"[""second"", "" second"", ""Second"", "" Second"", ""SECOND""]"
typo,jlens_16p,typo-second,8,"[""y"", ""yeri"", ""ness"", ""\u094d\u092f"", ""mett""]"
typo,jlens_16p,typo-second,15,"[""\u0420\u0410"", ""UKA"", "" PRP"", "" own"", "" la""]"
typo,jlens_16p,typo-second,22,"[""UKA"", ""\u0420\u0410"", "" PRP"", "" own"", "" la""]"
typo,jlens_16p,typo-second,30,"["" own"", ""\u6027"", "" single"", "" up"", "" kind""]"
typo,jlens_16p,typo-second,38,"["" own"", "" uma"", ""\u064a"", ""\u0629"", ""\u6027""]"
typo,jlens_16p,typo-second,45,"[""\u064a\u0646"", ""\u0647\u0627"", "" uma"", ""\u0629"", ""\u06cc""]"
typo,jlens_16p,typo-second,52,"["" second"", ""second"", "" Second"", ""SECOND"", ""Second""]"
typo,rlens_16p,typo-second,8,"[""\uca30"", ""\uc2f6"", ""\u0648\u0621"", ""og"", ""\u0648""]"
typo,rlens_16p,typo-second,15,"[""ial"", ""\u304f\u3089\u3044"", ""\uca30"", ""iro"", ""\ub531""]"
typo,rlens_16p,typo-second,22,"[""ial"", ""\u304f\u3089\u3044"", ""\uca30"", ""\u0e40\u0e14\u0e35\u0e22\u0e27"", "" eigenlijk""]"
typo,rlens_16p,typo-second,30,"[""\u304f\u3089\u3044"", ""\u4e0d\u4e86"", ""ial"", ""textField"", ""\u30c3\u30c4""]"
typo,rlens_16p,typo-second,38,"[""\u4e0d\u4e86"", ""\u9519\u8bef\u7684"", ""\u304f\u3089\u3044"", "" spelling"", "" incorrect""]"
typo,rlens_16p,typo-second,45,"[""s"", ""\u0629"", ""\u304f\u3089\u3044"", "" either"", ""y""]"
typo,rlens_16p,typo-second,52,"["" second"", ""second"", "" Second"", ""SECOND"", ""Second""]"
typo,rlens_64p,typo-second,8,"[""\uca30"", ""og"", ""\uc2f6"", ""\u0648"", ""\u0648\u0621""]"
typo,rlens_64p,typo-second,15,"[""ial"", ""\uca30"", ""\u304f\u3089\u3044"", "" \u0640"", ""iro""]"
typo,rlens_64p,typo-second,22,"[""ial"", ""\u304f\u3089\u3044"", ""\uca30"", ""\u0e40\u0e14\u0e35\u0e22\u0e27"", ""oe""]"
typo,rlens_64p,typo-second,30,"[""\u304f\u3089\u3044"", ""textField"", ""\u4e0d\u4e86"", ""ial"", ""\u5e76\u4e14""]"
typo,rlens_64p,typo-second,38,"[""\u4e0d\u4e86"", ""\u9519\u8bef\u7684"", ""iro"", ""\u133d"", "" incorrect""]"
typo,rlens_64p,typo-second,45,"[""s"", ""\u0629"", "" either"", ""\u304f\u3089\u3044"", ""y""]"
typo,rlens_64p,typo-second,52,"["" second"", ""second"", ""SECOND"", "" Second"", ""Second""]"
typo,jpp_64p,typo-second,8,"[""node"", ""on"", ""not"", ""ov"", ""nd""]"
typo,jpp_64p,typo-second,15,"["" second"", ""second"", "" acond"", ""ial"", "" zod""]"
typo,jpp_64p,typo-second,22,"[""ial"", ""\u0131\u00e7"", "" second"", ""cao"", ""\u00e9ro""]"
typo,jpp_64p,typo-second,30,"[""\u304f\u3089\u3044"", ""\u0db1\u0dd4"", ""\u30c3\u30c4"", "" spelling"", ""\u4e0d\u4e86""]"
typo,jpp_64p,typo-second,38,"[""e"", "" incorrect"", "" spelling"", ""else"", "" wrong""]"
typo,jpp_64p,typo-second,45,"[""\u2461"", ""ed"", ""\u0640"", ""**"", ""second""]"
typo,jpp_64p,typo-second,52,"["" second"", ""second"", ""SECOND"", "" SECOND"", "" Second""]"
typo,logit,typo-source,8,"[""</code>"", ""</h2>"", ""en"", ""ed"", ""</sub>""]"
typo,logit,typo-source,15,"[""ed"", "" l"", ""\ub054"", ""\u0637"", ""\u06cc\u0646""]"
typo,logit,typo-source,22,"[""S"", ""B"", "" own"", ""\ub054"", ""\u0432""]"
typo,logit,typo-source,30,"["" l"", ""-"", ""ing"", ""ly"", ""er""]"
typo,logit,typo-source,38,"[""-"", "" l"", "" and"", ""ly"", ""y""]"
typo,logit,typo-source,45,"["" l"", "" a"", ""-"", "" because"", "" source""]"
typo,logit,typo-source,52,"["" sources"", "" source"", "" Sources"", ""sources"", "" l""]"
typo,jlens_16p,typo-source,8,"[""y"", ""yeri"", ""ness"", ""\u094d\u092f"", ""mett""]"
typo,jlens_16p,typo-source,15,"[""\u0420\u0410"", ""UKA"", "" PRP"", "" la"", "" own""]"
typo,jlens_16p,typo-source,22,"[""\u0420\u0410"", ""UKA"", "" PRP"", "" own"", "" la""]"
typo,jlens_16p,typo-source,30,"["" own"", ""\u6027"", ""ity"", ""ye"", "" single""]"
typo,jlens_16p,typo-source,38,"["" own"", ""ity"", ""\uc694"", "" idea"", ""\u0629""]"
typo,jlens_16p,typo-source,45,"["" own"", ""\u0629"", ""\u064a\u0629"", ""\u0647\u0627"", ""\u0647""]"
typo,jlens_16p,typo-source,52,"["" sources"", "" source"", ""\u0e41\u0e2b\u0e25\u0e48\u0e07"", ""ed"", "" Sources""]"
typo,rlens_16p,typo-source,8,"["" dimana"", ""ice"", ""ceres"", ""gence"", ""<b>""]"
typo,rlens_16p,typo-source,15,"["" l"", ""urence"", ""gence"", ""\u660e\u660e"", "" Maguire""]"
typo,rlens_16p,typo-source,22,"["" l"", ""\u0e2b\u0e25\u0e48\u0e07"", "" level"", ""urence"", ""ave""]"
typo,rlens_16p,typo-source,30,"["" Maguire"", ""<b>"", ""\u09a6\u09be\u09a4\u09be"", ""ice"", "" \u0645\u0639\u0644\u0648\u0645""]"
typo,rlens_16p,typo-source,38,"[""<b>"", ""\u00b9."", ""\u09a6\u09be\u09a4\u09be"", ""\u0626\u06cc\u06ba\u06d4"", "" Maguire""]"
typo,rlens_16p,typo-source,45,"[""S"", ""<b>"", "" \u062a\u06be\u0627\u06d4"", "" because"", ""\u0e41\u0e2b\u0e25\u0e48\u0e07""]"
typo,rlens_16p,typo-source,52,"["" sources"", ""sources"", "" Sources"", "" source"", ""Source""]"
typo,rlens_64p,typo-source,8,"["" dimana"", ""ice"", ""um"", ""<b>"", ""ceres""]"
typo,rlens_64p,typo-source,15,"["" l"", ""\u660e\u660e"", ""urence"", "" Maguire"", "" piazza""]"
typo,rlens_64p,typo-source,22,"["" l"", ""\u0e2b\u0e25\u0e48\u0e07"", "" piazza"", "" level"", ""ponse""]"
typo,rlens_64p,typo-source,30,"["" Maguire"", ""textField"", ""ilia"", ""<b>"", ""urence""]"
typo,rlens_64p,typo-source,38,"[""<b>"", ""\u00b9."", ""\u0626\u06cc\u06ba\u06d4"", "" Maguire"", ""textField""]"
typo,rlens_64p,typo-source,45,"[""S"", ""<b>"", "" because"", "" \u062a\u06be\u0627\u06d4"", ""because""]"
typo,rlens_64p,typo-source,52,"["" sources"", "" source"", ""sources"", "" Sources"", ""Source""]"
typo,jpp_64p,typo-source,8,"["" l"", ""se"", ""use"", ""ure"", ""ouse""]"
typo,jpp_64p,typo-source,15,"[""ouse"", ""ource"", ""ourcing"", ""ponses"", ""source""]"
typo,jpp_64p,typo-source,22,"[""ourcing"", ""ouse"", ""ave"", ""ponse"", ""ource""]"
typo,jpp_64p,typo-source,30,"["" same"", ""same"", ""\u10ec\u10d8"", ""\u60c5\u62a5"", ""ponse""]"
typo,jpp_64p,typo-source,38,"["" or"", ""e"", "" vouch"", ""awca"", ""omo\u015bci""]"
typo,jpp_64p,typo-source,45,"[""<b>"", ""ource"", ""\u0e41\u0e2b\u0e25\u0e48\u0e07"", ""\u0e49\u0e32\u0e07"", "" because""]"
typo,jpp_64p,typo-source,52,"["" sources"", "" source"", "" Sources"", ""sources"", ""Source""]"
typo,logit,typo-action,8,"["" own"", "" la"", "" appro"", "" indic"", ""est""]"
typo,logit,typo-action,15,"[""\ub85c"", ""\u064a"", ""\u0131n"", "" lymphatiques"", ""\u3089""]"
typo,logit,typo-action,22,"["" de"", ""est"", ""\u064a"", "" own"", ""\ub85c""]"
typo,logit,typo-action,30,"[""e"", ""-"", ""er"", ""\uc5d0\ub3c4"", ""ed""]"
typo,logit,typo-action,38,"[""C"", ""-"", ""L"", ""T"", ""P""]"
typo,logit,typo-action,45,"["" l"", "" and"", ""y"", ""ing"", ""ly""]"
typo,logit,typo-action,52,"[""-"", ""B"", ""ing"", ""T"", ""action""]"
typo,jlens_16p,typo-action,8,"[""y"", ""yeri"", ""ness"", ""\u094d\u092f"", ""mett""]"
typo,jlens_16p,typo-action,15,"[""\u0420\u0410"", ""UKA"", "" PRP"", "" la"", "" own""]"
typo,jlens_16p,typo-action,22,"[""UKA"", ""\u0420\u0410"", "" PRP"", "" own"", "" la""]"
typo,jlens_16p,typo-action,30,"["" own"", ""\u6027"", "" up"", "" single"", "" even""]"
typo,jlens_16p,typo-action,38,"["" own"", ""\ub3c4"", ""\u6027"", ""ity"", ""\u0629""]"
typo,jlens_16p,typo-action,45,"[""ed"", ""\u6027"", "" own"", "" ability"", ""ized""]"
typo,jlens_16p,typo-action,52,"[""ed"", ""ness"", ""ction"", "" action"", ""action""]"
typo,rlens_16p,typo-action,8,"["" a"", "" la"", "" level"", "" l"", ""\u68cd""]"
typo,rlens_16p,typo-action,15,"["" la"", "" level"", "" de"", "" a"", ""InputAction""]"
typo,rlens_16p,typo-action,22,"["" la"", "" level"", "" l"", "" forefront"", "" a""]"
typo,rlens_16p,typo-action,30,"["" level"", "" de"", "" and"", "" or"", ""1""]"
typo,rlens_16p,typo-action,38,"["" or"", ""\u00b9."", ""\u9519\u8bef\u7684"", "" either"", ""\u3161""]"
typo,rlens_16p,typo-action,45,"[""Action"", "" either"", ""ness"", ""action"", ""ction""]"
typo,rlens_16p,typo-action,52,"[""Action"", "" action"", ""action"", "" Action"", ""ction""]"
typo,rlens_64p,typo-action,8,"["" la"", "" l"", ""\u68cd"", "" a"", "" Barton""]"
typo,rlens_64p,typo-action,15,"["" la"", "" level"", "" de"", "" l"", ""InputAction""]"
typo,rlens_64p,typo-action,22,"["" la"", "" level"", "" l"", "" a"", "" forefront""]"
typo,rlens_64p,typo-action,30,"["" de"", "" level"", ""1"", "" or"", "" and""]"
typo,rlens_64p,typo-action,38,"["" or"", ""\u00b9."", ""\u9519\u8bef\u7684"", "" either"", "" de""]"
typo,rlens_64p,typo-action,45,"[""ness"", ""Action"", ""action"", "" either"", ""ction""]"
typo,rlens_64p,typo-action,52,"[""Action"", "" action"", ""action"", ""ction"", "" Action""]"
typo,jpp_64p,typo-action,8,"[""ito"", ""iten"", "" action"", ""action"", ""ion""]"
typo,jpp_64p,typo-action,15,"[""action"", "" action"", ""est"", ""Action"", ""ito""]"
typo,jpp_64p,typo-action,22,"[""action"", "" action"", ""ACTION"", "" notion"", ""\u884c\u52a8""]"
typo,jpp_64p,typo-action,30,"[""hatian"", ""C"", ""htim"", ""Action"", ""\u0442\u0438\u0432\u043d\u044b\u0439""]"
typo,jpp_64p,typo-action,38,"[""\u9519\u8bef\u7684"", ""</h2>"", "" or"", ""ToAction"", ""\u056b\u0580""]"
typo,jpp_64p,typo-action,45,"[""action"", ""Action"", ""ction"", ""ACTION"", "" action""]"
typo,jpp_64p,typo-action,52,"["" action"", ""action"", ""ction"", ""Action"", "" Action""]"
typo,logit,typo-since,8,"["" de"", ""est"", "" la"", ""\u064a\u0646"", "" l""]"
typo,logit,typo-since,15,"["" Vous"", "" m\u1ed9t"", ""\u306e\u306f"", "" n\u1ebfu"", "" l""]"
typo,logit,typo-since,22,"[""\u306e\u306f"", "" l"", ""est"", ""e"", "" \ub098\uba38\uc9c0""]"
typo,logit,typo-since,30,"[""-"", ""e"", ""er"", ""that"", ""s""]"
typo,logit,typo-since,38,"[""-"", ""C"", ""ing"", ""T"", ""v""]"
typo,logit,typo-since,45,"["" l"", ""C"", "" they"", ""ing"", ""0""]"
typo,logit,typo-since,52,"["" since"", ""Since"", "" they"", "" sejak"", ""since""]"
typo,jlens_16p,typo-since,8,"[""y"", ""yeri"", ""ness"", ""\u094d\u092f"", ""mett""]"
typo,jlens_16p,typo-since,15,"[""\u0420\u0410"", ""UKA"", "" PRP"", "" own"", "" la""]"
typo,jlens_16p,typo-since,22,"[""y"", ""ness"", ""yeri"", ""\u094d\u092f"", ""mett""]"
typo,jlens_16p,typo-since,30,"["" own"", "" idea"", "" single"", ""ye"", "" kind""]"
typo,jlens_16p,typo-since,38,"["" own"", ""ed"", ""ity"", ""ye"", ""ive""]"
typo,jlens_16p,typo-since,45,"["" they"", ""they"", "" own"", "" she"", "" fact""]"
typo,jlens_16p,typo-since,52,"["" they"", ""they"", "" she"", "" since"", "" he""]"
typo,rlens_16p,typo-since,8,"["" latter"", ""\ub85c\ub294"", ""\u0451\u0442\u0441\u044f"", ""gne"", "" readonly""]"
typo,rlens_16p,typo-since,15,"["" l"", "" latter"", ""apparently"", "" apparently"", ""Apparently""]"
typo,rlens_16p,typo-since,22,"["" apparently"", "" own"", "" latter"", "" l"", ""apparently""]"
typo,rlens_16p,typo-since,30,"["" own"", ""one"", ""isce"", "" apparently"", ""\u043d\u0438\u0435""]"
typo,rlens_16p,typo-since,38,"[""\u0e15\u0e31\u0e49\u0e07\u0e41\u0e15\u0e48"", ""months"", "" months"", "" yrs"", ""\u53bb\u5e74""]"
typo,rlens_16p,typo-since,45,"["" they"", ""they"", "" she"", "" \u09a4\u09be\u09b0\u09be"", ""\u53bb\u5e74""]"
typo,rlens_16p,typo-since,52,"["" they"", ""they"", "" she"", "" since"", "" childhood""]"
typo,rlens_64p,typo-since,8,"["" latter"", ""\ub85c\ub294"", ""gne"", "" l"", "" \u0648\u0628\u064a\u0646""]"
typo,rlens_64p,typo-since,15,"["" l"", "" latter"", ""apparently"", "" apparently"", ""Apparently""]"
typo,rlens_64p,typo-since,22,"["" l"", "" own"", "" apparently"", "" latter"", ""apparently""]"
typo,rlens_64p,typo-since,30,"["" own"", ""\u043d\u0438\u0435"", ""\ubd48"", ""one"", ""isce""]"
typo,rlens_64p,typo-since,38,"[""\u0e15\u0e31\u0e49\u0e07\u0e41\u0e15\u0e48"", "" l"", ""months"", ""\u53bb\u5e74"", "" yrs""]"
typo,rlens_64p,typo-since,45,"["" they"", ""they"", "" she"", "" \u09a4\u09be\u09b0\u09be"", ""\u53bb\u5e74""]"
typo,rlens_64p,typo-since,52,"["" they"", ""they"", "" she"", "" since"", "" childhood""]"
typo,jpp_64p,typo-since,8,"[""ne"", ""ine"", ""\u0c28\u0c47"", ""ince"", ""science""]"
typo,jpp_64p,typo-since,15,"[""ince"", "" since"", ""since"", ""se"", ""rice""]"
typo,jpp_64p,typo-since,22,"[""ince"", ""since"", "" since"", ""\ubd48"", ""se""]"
typo,jpp_64p,typo-since,30,"["" own"", ""isce"", ""ince"", ""\u043d\u0438\u0435"", ""since""]"
typo,jpp_64p,typo-since,38,"[""isce"", ""\u0636\u0627\u0646"", "" years"", ""\u0e43\u0e19\u0e1b\u0e35"", "" \ub144""]"
typo,jpp_64p,typo-since,45,"["" la"", "" they"", ""\u0e15\u0e31\u0e49\u0e07\u0e41\u0e15\u0e48"", ""\u53bb\u5e74"", ""since""]"
typo,jpp_64p,typo-since,52,"["" they"", ""they"", "" childhood"", "" she"", "" la""]"
typo,logit,typo-first,8,"[""le"", ""ou"", "" l"", ""st"", ""ed""]"
typo,logit,typo-first,15,"["" l"", ""ou"", ""ul"", ""ce"", "" de""]"
typo,logit,typo-first,22,"["" de"", "" l"", ""s"", ""\u0445"", ""ting""]"
typo,logit,typo-first,30,"[""-"", "" and"", ""ed"", "" own"", ""ly""]"
typo,logit,typo-first,38,"["" and"", ""-"", ""ed"", ""C"", ""ing""]"
typo,logit,typo-first,45,"[""L"", ""C"", "" a"", ""B"", ""T""]"
typo,logit,typo-first,52,"[""L"", ""S"", ""T"", ""C"", ""H""]"
typo,jlens_16p,typo-first,8,"[""y"", ""yeri"", ""ness"", ""\u094d\u092f"", ""mett""]"
typo,jlens_16p,typo-first,15,"[""\u0420\u0410"", ""UKA"", "" PRP"", "" own"", "" la""]"
typo,jlens_16p,typo-first,22,"[""UKA"", ""\u0420\u0410"", "" PRP"", "" own"", "" la""]"
typo,jlens_16p,typo-first,30,"["" own"", "" up"", ""\u6027"", ""ity"", "" single""]"
typo,jlens_16p,typo-first,38,"["" own"", "" up"", ""ity"", "" person"", ""ist""]"
typo,jlens_16p,typo-first,45,"["" own"", "" up"", ""mente"", ""ally"", ""ly""]"
typo,jlens_16p,typo-first,52,"[""ness"", ""ly"", ""ed"", ""ization"", ""lly""]"
typo,rlens_16p,typo-first,8,"["" a"", ""\ub9cc"", ""\u0916\u0902\u0921"", "" que"", "" \uad49\uc7a5\ud788""]"
typo,rlens_16p,typo-first,15,"["" first"", "" a"", ""\u0e41\u0e23\u0e01"", "" \u0623\u0648\u0644"", "" eerst""]"
typo,rlens_16p,typo-first,22,"["" first"", ""\u0e41\u0e23\u0e01"", "" a"", ""hten"", "" eerst""]"
typo,rlens_16p,typo-first,30,"["" first"", "" eerst"", ""first"", ""\u0e41\u0e23\u0e01"", ""getFirst""]"
typo,rlens_16p,typo-first,38,"["" first"", ""first"", ""\u0e41\u0e23\u0e01"", "" eerst"", "" early""]"
typo,rlens_16p,typo-first,45,"["" and"", "" de"", ""\u120d\u1362"", ""\u00b9."", ""\uff80""]"
typo,rlens_16p,typo-first,52,"["" first"", ""\u120d\u1362"", ""first"", "" and"", ""irst""]"
typo,rlens_64p,typo-first,8,"["" a"", "" que"", ""\ub9cc"", ""\u0916\u0902\u0921"", "" l""]"
typo,rlens_64p,typo-first,15,"["" first"", "" a"", "" l"", ""\u0e41\u0e23\u0e01"", "" \u0623\u0648\u0644""]"
typo,rlens_64p,typo-first,22,"["" first"", "" a"", ""\u0e41\u0e23\u0e01"", "" l"", "" eerst""]"
typo,rlens_64p,typo-first,30,"["" first"", "" eerst"", ""first"", ""iret"", ""\u0e41\u0e23\u0e01""]"
typo,rlens_64p,typo-first,38,"["" first"", ""first"", ""\u0e41\u0e23\u0e01"", ""C"", "" and""]"
typo,rlens_64p,typo-first,45,"["" and"", ""\u120d\u1362"", "" de"", ""\u00b9."", "" \u062a\u06be\u0627\u06d4""]"
typo,rlens_64p,typo-first,52,"["" first"", ""\u120d\u1362"", ""first"", "" and"", ""irst""]"
typo,jpp_64p,typo-first,8,"["" first"", ""st"", ""est"", ""ish"", ""ist""]"
typo,jpp_64p,typo-first,15,"["" first"", ""est"", ""first"", ""\u0e41\u0e23\u0e01"", ""getFirst""]"
typo,jpp_64p,typo-first,22,"["" first"", ""est"", ""\u0e41\u0e23\u0e01"", ""first"", ""ard""]"
typo,jpp_64p,typo-first,30,"["" first"", ""first"", ""\u0e41\u0e23\u0e01"", ""iret"", "" eerst""]"
typo,jpp_64p,typo-first,38,"["" first"", ""first"", ""First"", "" First"", ""getFirst""]"
typo,jpp_64p,typo-first,45,"["" and"", ""irst"", ""\u2081,"", ""first"", "" ever""]"
typo,jpp_64p,typo-first,52,"[""irst"", "" first"", "" l"", ""first"", ""st""]"
typo,logit,typo-short,8,"[""out"", "" l"", "" la"", ""\u043d\u0430"", ""un""]"
typo,logit,typo-short,15,"["" l"", ""\u043d\u0430"", "" \u043d\u0435"", ""\u064a\u0646"", "" \u0438""]"
typo,logit,typo-short,22,"["" l"", ""\u043d\u0430"", "" la"", ""B"", ""\u0930\u094b\u0902""]"
typo,logit,typo-short,30,"[""-"", "" l"", "" and"", ""ing"", ""ed""]"
typo,logit,typo-short,38,"["" l"", ""-"", "" and"", ""C"", ""t""]"
typo,logit,typo-short,45,"["" l"", "" a"", ""C"", ""T"", ""-""]"
typo,logit,typo-short,52,"[""short"", ""Short"", ""-"", ""SHORT"", "" short""]"
typo,jlens_16p,typo-short,8,"[""y"", ""yeri"", ""ness"", ""\u094d\u092f"", ""mett""]"
typo,jlens_16p,typo-short,15,"[""UKA"", ""\u0420\u0410"", "" PRP"", "" own"", "" la""]"
typo,jlens_16p,typo-short,22,"[""UKA"", ""\u0420\u0410"", "" PRP"", "" own"", "" la""]"
typo,jlens_16p,typo-short,30,"["" own"", ""\u6027"", "" single"", ""rian"", "" up""]"
typo,jlens_16p,typo-short,38,"["" own"", ""\u0629"", ""ity"", ""\ub3c4"", "" up""]"
typo,jlens_16p,typo-short,45,"[""\u0629"", ""\ub85c"", ""al"", "" single"", ""\uc801\uc73c\ub85c""]"
typo,jlens_16p,typo-short,52,"["" short"", ""short"", "" \uc9e7"", ""Short"", "" Short""]"
typo,rlens_16p,typo-short,8,"["" l"", ""ten"", ""lah"", ""age"", ""en""]"
typo,rlens_16p,typo-short,15,"["" l"", ""y"", ""ten"", ""er"", ""ta""]"
typo,rlens_16p,typo-short,22,"["" l"", ""y"", ""ort"", ""ten"", ""ier""]"
typo,rlens_16p,typo-short,30,"[""s"", ""y"", ""lah"", ""ten"", ""\u0bbf\u0baf\u0bb2\u0bcd""]"
typo,rlens_16p,typo-short,38,"[""\u00b9."", ""s"", ""\ubcf4\ub2e4\ub294"", "" \ubabb\ud55c"", "" \uc9e7""]"
typo,rlens_16p,typo-short,45,"[""ly"", "" \uc9e7"", ""\uc73c\ub85c"", ""s"", ""short""]"
typo,rlens_16p,typo-short,52,"["" short"", ""short"", ""Short"", "" \uc9e7"", ""SHORT""]"
typo,rlens_64p,typo-short,8,"["" l"", ""ten"", ""als"", ""ting"", ""en""]"
typo,rlens_64p,typo-short,15,"["" l"", ""ten"", ""y"", ""er"", ""t""]"
typo,rlens_64p,typo-short,22,"["" l"", ""y"", ""ort"", ""ten"", ""t""]"
typo,rlens_64p,typo-short,30,"[""s"", ""y"", ""t"", ""lah"", ""ten""]"
typo,rlens_64p,typo-short,38,"[""s"", ""\u00b9."", ""\ubcf4\ub2e4\ub294"", ""\u4e86"", ""ly""]"
typo,rlens_64p,typo-short,45,"[""ly"", ""\uc73c\ub85c"", "" \uc9e7"", ""s"", ""short""]"
typo,rlens_64p,typo-short,52,"[""short"", "" short"", "" \uc9e7"", ""Short"", ""SHORT""]"
typo,jpp_64p,typo-short,8,"[""ort"", ""ot"", ""sr"", ""st"", ""rot""]"
typo,jpp_64p,typo-short,15,"[""ort"", ""sr"", ""short"", ""rot"", ""et""]"
typo,jpp_64p,typo-short,22,"[""ort"", ""rot"", ""y"", ""s"", ""short""]"
typo,jpp_64p,typo-short,30,"[""s"", ""\ub9cc"", ""lah"", ""y"", ""short""]"
typo,jpp_64p,typo-short,38,"["" or"", ""e"", ""Short"", ""ed"", ""\uc20f""]"
typo,jpp_64p,typo-short,45,"[""\u0640"", ""</u>"", ""short"", ""<u>"", ""\u0640\u0640""]"
typo,jpp_64p,typo-short,52,"[""short"", ""SHORT"", "" short"", ""Short"", "" Short""]"
association,logit,grief,8,"["" a"", ""er"", ""en"", "" l"", "" and""]"
association,logit,grief,15,"["" l"", "" own"", ""-"", "" a"", "" que""]"
association,logit,grief,22,"["" own"", "" l"", "" de"", "" que"", ""-""]"
association,logit,grief,30,"["" l"", ""-"", "" own"", ""ly"", ""ed""]"
association,logit,grief,38,"["" l"", ""-"", ""ly"", "" and"", ""est""]"
association,logit,grief,45,"["" own"", "" l"", ""ed"", ""ing"", ""ly""]"
association,logit,grief,52,"["" ritual"", ""Rit"", ""ritual"", "" Ritual"", "" rituals""]"
association,jlens_16p,grief,8,"[""y"", ""yeri"", ""ness"", ""\u094d\u092f"", ""mett""]"
association,jlens_16p,grief,15,"[""\u0420\u0410"", ""UKA"", "" PRP"", "" la"", "" own""]"
association,jlens_16p,grief,22,"[""y"", ""yeri"", ""ness"", ""\u094d\u092f"", ""vili""]"
association,jlens_16p,grief,30,"["" even"", ""\ub3c4"", "" fact"", ""ity"", "" Charley""]"
association,jlens_16p,grief,38,"[""ity"", ""\ub3c4"", ""\u05d5"", "" \uc2f6"", "" \ub2ee""]"
association,jlens_16p,grief,45,"[""lessly"", ""izlik"", "" Nobody"", ""\u4f9d\u7136"", "" fact""]"
association,jlens_16p,grief,52,"["" ritual"", "" rituals"", ""Rit"", ""ritual"", "" Ritual""]"
association,rlens_16p,grief,8,"["" que"", ""\u0631\u064a\u0645"", ""\u09be\u099c"", ""\u0c26\u0c4d\u0c26"", "" Inquisition""]"
association,rlens_16p,grief,15,"["" la"", ""\u1ebd"", "" same"", "" helemaal"", ""\u0631\u064a\u0645""]"
association,rlens_16p,grief,22,"["" la"", "" same"", "" \u043a\u0430\u0440\u0442\u0438\u043d\u0430"", "" \uc54a\uc558\ub2e4"", ""\u0449\u0430""]"
association,rlens_16p,grief,30,"[""\u308a"", "" nh\u00e0ng"", ""\u120d\u1362"", ""\u05d5"", "" \u0436\u0435""]"
association,rlens_16p,grief,38,"["" nh\u00e0ng"", ""ipsis"", ""izlik"", ""\u1235"", ""lessly""]"
association,rlens_16p,grief,45,"[""\u4fdd\u7559"", ""\u7ef4\u6301"", "" meticulously"", "" obsessive"", "" meticulous""]"
association,rlens_16p,grief,52,"["" ritual"", ""Rit"", "" rituals"", ""ritual"", "" Ritual""]"
association,rlens_64p,grief,8,"["" que"", "" Inquisition"", ""\u043f\u043b\u044f"", ""\u0631\u064a\u0645"", "" deles""]"
association,rlens_64p,grief,15,"["" la"", "" same"", "" que"", ""\u1ebd"", "" helemaal""]"
association,rlens_64p,grief,22,"["" la"", "" same"", "" fewest"", "" \u043a\u0430\u0440\u0442\u0438\u043d\u0430"", "" few""]"
association,rlens_64p,grief,30,"[""\u308a"", "" nh\u00e0ng"", "" same"", ""\u120d\u1362"", "" \u0436\u0435""]"
association,rlens_64p,grief,38,"[""ipsis"", ""izlik"", "" nh\u00e0ng"", ""\u1235"", ""\u0dc0\u0dcf""]"
association,rlens_64p,grief,45,"[""\u4fdd\u7559"", ""\u7ef4\u6301"", "" meticulously"", "" obsessive"", "" meticulous""]"
association,rlens_64p,grief,52,"["" ritual"", ""ritual"", ""Rit"", "" rituals"", "" Ritual""]"
association,jpp_64p,grief,8,"["" \u0643\u0647"", ""\ub9c8\ub2e4"", "" noen"", "" \u90a3"", ""\ubd80\ud130""]"
association,jpp_64p,grief,15,"[""\u5f97\u610f"", ""\u0449\u0430"", ""\uc600"", "" same"", "" noen""]"
association,jpp_64p,grief,22,"["" same"", ""\u0449\u0430"", ""\u308a"", ""few"", ""would""]"
association,jpp_64p,grief,30,"[""\u308a"", "" \uc54a\uc558\ub2e4"", "" \uc5c6"", ""ancy"", "" \ub54c\ubb38""]"
association,jpp_64p,grief,38,"[""izlik"", ""\u0938\u094d\u0925\u093e\u092a\u0928"", "" nh\u00e0ng"", ""ewa"", "" housekeeping""]"
association,jpp_64p,grief,45,"[""\u4fdd\u7559"", "" meticulously"", "" housekeeping"", "" obsessive"", "" ritual""]"
association,jpp_64p,grief,52,"["" ritual"", ""Rit"", ""ritual"", "" rituals"", "" Ritual""]"
association,logit,pregnant,8,"[""en"", ""er"", "" of"", "" and"", "" a""]"
association,logit,pregnant,15,"["" l"", "" a"", "" own"", ""-"", ""iz""]"
association,logit,pregnant,22,"["" de"", "" l"", "" own"", ""-"", "" or""]"
association,logit,pregnant,30,"["" l"", ""ing"", ""ed"", ""ly"", ""-""]"
association,logit,pregnant,38,"["" l"", ""-"", ""ed"", ""ly"", ""ing""]"
association,logit,pregnant,45,"["" l"", ""ed"", ""ing"", ""y"", "" her""]"
association,logit,pregnant,52,"["" protective"", ""protective"", "" \u0437\u0430\u0449\u0438"", ""Prote"", "" Protective""]"
association,jlens_16p,pregnant,8,"[""y"", ""yeri"", ""ness"", ""\u094d\u092f"", ""mett""]"
association,jlens_16p,pregnant,15,"[""UKA"", ""\u0420\u0410"", "" la"", "" PRP"", "" Kiya""]"
association,jlens_16p,pregnant,22,"[""\u0420\u0410"", ""UKA"", "" own"", "" PRP"", "" la""]"
association,jlens_16p,pregnant,30,"[""ness"", "" even"", ""ity"", "" fact"", ""\ub3c4""]"
association,jlens_16p,pregnant,38,"[""\u6027"", ""\ub3c4"", "" uma"", "" own"", ""s""]"
association,jlens_16p,pregnant,45,"[""\u5979"", "" her"", ""\u5f7c\u5973"", ""\u0647\u0627"", "" \uadf8\ub140""]"
association,jlens_16p,pregnant,52,"[""protective"", ""protect"", "" protect"", "" Protective"", "" protective""]"
association,rlens_16p,pregnant,8,"["" Inquisition"", ""\u043f\u043b\u044f"", ""qq"", ""\u0c26\u0c4d\u0c26"", ""\u0631\u064a\u0645""]"
association,rlens_16p,pregnant,15,"["" la"", "" l"", "" helemaal"", ""\u043f\u043b\u044f"", "" same""]"
association,rlens_16p,pregnant,22,"["" same"", "" la"", "" nh\u00e0ng"", "" quelques"", "" few""]"
association,rlens_16p,pregnant,30,"[""ipsis"", ""\u308a"", "" nh\u00e0ng"", ""\u044d\u0440\u0438"", ""lest""]"
association,rlens_16p,pregnant,38,"[""ipsis"", ""uhkan"", "" gesturing"", "" inconspicuous"", "" nh\u1eb9""]"
association,rlens_16p,pregnant,45,"[""\u5979"", "" her"", "" \uadf8\ub140"", ""\u5979\u7684"", ""\u5728\u5979""]"
association,rlens_16p,pregnant,52,"["" protective"", ""protective"", "" Protective"", "" protect"", "" protection""]"
association,rlens_64p,pregnant,8,"["" Inquisition"", ""\u043f\u043b\u044f"", "" lineWidth"", ""qq"", ""\u0631\u064a\u0645""]"
association,rlens_64p,pregnant,15,"["" la"", "" l"", "" helemaal"", ""\u043f\u043b\u044f"", "" same""]"
association,rlens_64p,pregnant,22,"["" same"", "" la"", "" l"", "" nh\u00e0ng"", "" few""]"
association,rlens_64p,pregnant,30,"[""ipsis"", "" nh\u00e0ng"", ""\u308a"", ""\u044d\u0440\u0438"", "" same""]"
association,rlens_64p,pregnant,38,"[""ipsis"", "" gesturing"", ""uhkan"", ""adka"", "" nh\u1eb9""]"
association,rlens_64p,pregnant,45,"[""\u5979"", "" \uadf8\ub140"", "" her"", ""\u5979\u7684"", ""\u8ba9\u5979""]"
association,rlens_64p,pregnant,52,"[""protective"", "" protective"", "" Protective"", "" protect"", "" protection""]"
association,jpp_64p,pregnant,8,"["" \u0643\u0647"", ""\ub9c8\ub2e4"", ""\u0449\u0430"", ""\u0941\u0930"", "" itu""]"
association,jpp_64p,pregnant,15,"[""\u0449\u0430"", ""\u5f97\u610f"", ""\u0449"", "" same"", "" simili""]"
association,jpp_64p,pregnant,22,"["" same"", ""\u0449\u0430"", ""few"", "" quelques"", "" simili""]"
association,jpp_64p,pregnant,30,"["" gesturing"", ""ipsis"", ""uhkan"", ""\u00edbrio"", "" nh\u00e0ng""]"
association,jpp_64p,pregnant,38,"[""Btn"", "" concealment"", ""ed"", ""uhkan"", "" concealing""]"
association,jpp_64p,pregnant,45,"["" either"", ""\u4e0d\u52a8"", "" neither"", ""\u5979"", ""inching""]"
association,jpp_64p,pregnant,52,"["" protective"", ""protective"", "" protect"", "" Protective"", ""protect""]"
association,logit,lie,8,"[""en"", ""er"", "" and"", "" l"", "" a""]"
association,logit,lie,15,"["" l"", "" a"", "" own"", ""-"", "" de""]"
association,logit,lie,22,"["" de"", "" l"", "" own"", "" que"", "" a""]"
association,logit,lie,30,"["" l"", ""ed"", ""ly"", "" own"", ""er""]"
association,logit,lie,38,"[""-"", ""y"", ""C"", ""ly"", ""ed""]"
association,logit,lie,45,"[""ed"", "" l"", ""y"", "" own"", ""C""]"
association,logit,lie,52,"[""-"", "" answer"", "" quick"", ""quick"", "" answered""]"
association,jlens_16p,lie,8,"[""y"", ""yeri"", ""ness"", ""\u094d\u092f"", ""mett""]"
association,jlens_16p,lie,15,"[""\u0420\u0410"", ""UKA"", "" PRP"", "" la"", "" own""]"
association,jlens_16p,lie,22,"[""y"", ""yeri"", ""ness"", ""\u094d\u092f"", ""mett""]"
association,jlens_16p,lie,30,"["" even"", "" own"", ""\ub3c4"", ""S"", "" fact""]"
association,jlens_16p,lie,38,"["" own"", "" \ub4ef"", ""\ub3c4"", ""\u6027"", "" \uc2f6""]"
association,jlens_16p,lie,45,"[""answer"", ""S"", "" fact"", "" immediacy"", "" r\u00e9ponse""]"
association,jlens_16p,lie,52,"["" cepat"", "" answer"", "" nhanh"", ""quick"", "" quickly""]"
association,rlens_16p,lie,8,"["" que"", ""\u0c26\u0c4d\u0c26"", "" lineWidth"", "" helemaal"", ""\u0631\u064a\u0645""]"
association,rlens_16p,lie,15,"["" la"", "" quelques"", "" helemaal"", "" few"", "" l""]"
association,rlens_16p,lie,22,"["" la"", "" soon"", "" same"", "" l"", "" few""]"
association,rlens_16p,lie,30,"["" \u0436\u0435"", ""ipsis"", ""\u308a"", "" \uc5ed\uc2dc"", "" same""]"
association,rlens_16p,lie,38,"[""ipsis"", "" either"", ""\u0e31\u0e07\u0e2b\u0e27"", "" apparently"", "" wrong""]"
association,rlens_16p,lie,45,"["" either"", ""answer"", "" answer"", ""\u043b\u0438\u0448\u043a\u043e\u043c"", ""quick""]"
association,rlens_16p,lie,52,"["" answer"", ""answer"", "" la"", "" quick"", ""Quick""]"
association,rlens_64p,lie,8,"["" lineWidth"", "" que"", ""\u0c26\u0c4d\u0c26"", "" helemaal"", ""\u043f\u043b\u044f""]"
association,rlens_64p,lie,15,"["" la"", "" helemaal"", "" quelques"", "" few"", ""\u043f\u043b\u044f""]"
association,rlens_64p,lie,22,"["" la"", "" soon"", "" l"", "" same"", "" few""]"
association,rlens_64p,lie,30,"["" \u0436\u0435"", "" same"", ""ipsis"", ""\u308a"", ""same""]"
association,rlens_64p,lie,38,"[""ipsis"", "" Apparently"", "" wrong"", "" apparently"", ""answer""]"
association,rlens_64p,lie,45,"["" either"", ""answer"", "" answer"", ""\u043b\u0438\u0448\u043a\u043e\u043c"", ""quick""]"
association,rlens_64p,lie,52,"[""answer"", "" answer"", "" la"", "" quick"", ""quick""]"
association,jpp_64p,lie,8,"["" itu"", "" \u0643\u0647"", ""\ubd80\ud130"", ""\ub9c8\ub2e4"", ""\u308a""]"
association,jpp_64p,lie,15,"[""\u0c26\u0c4d\u0c26"", ""\u5f97\u610f"", "" lineWidth"", ""disable"", "" railroad""]"
association,jpp_64p,lie,22,"[""few"", "" same"", "" \ub4ef"", ""\ud07c"", "" soon""]"
association,jpp_64p,lie,30,"["" \u0436\u0435"", ""ipsis"", ""\u308a"", ""\uc9dd"", ""\u0e31\u0e07\u0e2b\u0e27""]"
association,jpp_64p,lie,38,"["" or"", ""ipsis"", "" fraudulent"", ""feit"", "" either""]"
association,jpp_64p,lie,45,"["" either"", ""quick"", ""too"", "" respuesta"", ""Quick""]"
association,jpp_64p,lie,52,"["" la"", "" answer"", ""answer"", ""quick"", "" quick""]"
association,logit,poverty,8,"["" a"", "" and"", "" l"", ""ation"", ""en""]"
association,logit,poverty,15,"["" l"", "" a"", "" own"", ""iz"", "" de""]"
association,logit,poverty,22,"["" l"", "" de"", "" own"", "" que"", ""-""]"
association,logit,poverty,30,"[""-"", ""ed"", ""ing"", ""ly"", "" l""]"
association,logit,poverty,38,"["" l"", ""ed"", ""\ub85c"", ""y"", ""ly""]"
association,logit,poverty,45,"["" own"", "" l"", ""ed"", ""y"", "" returned""]"
association,logit,poverty,52,"["" putting"", "" put"", ""putting"", ""Putting"", ""Put""]"
association,jlens_16p,poverty,8,"[""y"", ""yeri"", ""ness"", ""\u094d\u092f"", ""mett""]"
association,jlens_16p,poverty,15,"[""\u0420\u0410"", ""UKA"", "" PRP"", "" la"", "" own""]"
association,jlens_16p,poverty,22,"[""UKA"", ""\u0420\u0410"", "" own"", "" PRP"", "" la""]"
association,jlens_16p,poverty,30,"["" even"", ""ity"", "" own"", "" or"", ""\ub3c4""]"
association,jlens_16p,poverty,38,"[""ity"", "" \uc2f6"", ""\u6027"", ""ipsis"", ""ation""]"
association,jlens_16p,poverty,45,"[""S"", ""\u5979"", "" she"", ""e"", "" \uadf8\ub140""]"
association,jlens_16p,poverty,52,"["" she"", ""\u5979"", ""putting"", "" \uadf8\ub140"", ""Putting""]"
association,rlens_16p,poverty,8,"["" que"", "" same"", ""\u0c26\u0c4d\u0c26"", ""C"", "" Inquisition""]"
association,rlens_16p,poverty,15,"["" la"", "" same"", "" l"", "" a"", ""C""]"
association,rlens_16p,poverty,22,"["" la"", "" same"", "" l"", "" stej"", "" few""]"
association,rlens_16p,poverty,30,"["" same"", ""ipsis"", "" nh\u00e0ng"", "" or"", "" stej""]"
association,rlens_16p,poverty,38,"[""ueless"", ""ipsis"", ""\u120d\u1362"", "" abruptly"", ""Quiet""]"
association,rlens_16p,poverty,45,"["" \u043e\u0431\u0440\u0430\u0442\u043d\u043e"", ""\u5979"", ""\u53d6\u6d88"", "" tilbake"", "" \u0935\u093e\u092a\u0938""]"
association,rlens_16p,poverty,52,"["" she"", ""putting"", ""\u5979"", "" \uadf8\ub140"", ""Putting""]"
association,rlens_64p,poverty,8,"["" que"", ""\u0c26\u0c4d\u0c26"", "" Inquisition"", "" same"", "" lineWidth""]"
association,rlens_64p,poverty,15,"["" la"", "" same"", "" l"", "" que"", "" a""]"
association,rlens_64p,poverty,22,"["" same"", "" la"", "" l"", "" stej"", "" few""]"
association,rlens_64p,poverty,30,"["" same"", ""ipsis"", ""same"", "" stej"", "" \u0436\u0435""]"
association,rlens_64p,poverty,38,"[""ipsis"", ""ueless"", ""\u120d\u1362"", ""C"", ""\ub354\ub2c8""]"
association,rlens_64p,poverty,45,"["" \u043e\u0431\u0440\u0430\u0442\u043d\u043e"", ""\u5979"", ""\u53d6\u6d88"", "" tilbake"", "" \u0935\u093e\u092a\u0938""]"
association,rlens_64p,poverty,52,"["" she"", ""\u5979"", "" \uadf8\ub140"", ""putting"", ""Putting""]"
association,jpp_64p,poverty,8,"[""P"", "" \u0643\u0647"", "" \u00fapl"", ""\u0649"", ""\u0941\u0930""]"
association,jpp_64p,poverty,15,"["" same"", "" lineWidth"", "" simili"", ""\u0941\u0930"", ""\u0c26\u0c4d\u0c26""]"
association,jpp_64p,poverty,22,"["" same"", ""\u0941\u0930"", ""few"", "" stej"", ""same""]"
association,jpp_64p,poverty,30,"["" same"", ""same"", ""ipsis"", ""ueless"", "" stej""]"
association,jpp_64p,poverty,38,"["" Withdrawal"", ""ueless"", ""\u9000\u51fa"", ""eless"", "" withdrawal""]"
association,jpp_64p,poverty,45,"["" \u043e\u0431\u0440\u0430\u0442\u043d\u043e"", ""\u53d6\u6d88"", "" \u0935\u093e\u092a\u0938"", "" tilbake"", ""Return""]"
association,jpp_64p,poverty,52,"["" she"", "" la"", ""putting"", "" put"", ""Putting""]"
association,logit,proposal,8,"["" a"", "" and"", "" an"", ""ers"", "" l""]"
association,logit,proposal,15,"["" a"", "" l"", "" own"", ""iz"", ""en""]"
association,logit,proposal,22,"["" own"", "" l"", "" de"", ""iz"", ""ert""]"
association,logit,proposal,30,"[""-"", "" l"", ""ed"", ""ly"", "" own""]"
association,logit,proposal,38,"[""-"", ""ed"", ""\ub85c"", ""ly"", ""C""]"
association,logit,proposal,45,"["" own"", "" l"", ""ly"", ""ed"", "" a""]"
association,logit,proposal,52,"["" la"", "" cleared"", ""B"", "" uma"", "" clearing""]"
association,jlens_16p,proposal,8,"[""y"", ""yeri"", ""ness"", ""\u094d\u092f"", ""mett""]"
association,jlens_16p,proposal,15,"[""\u0420\u0410"", ""UKA"", "" PRP"", "" la"", "" own""]"
association,jlens_16p,proposal,22,"[""UKA"", ""\u0420\u0410"", "" own"", "" PRP"", "" la""]"
association,jlens_16p,proposal,30,"["" own"", "" even"", ""ewater"", ""uca"", ""\u0449\u0430""]"
association,jlens_16p,proposal,38,"["" own"", ""set"", "" \ub4ef"", ""\u0629"", ""\u05d5""]"
association,jlens_16p,proposal,45,"[""while"", ""While"", "" while"", ""set"", "" \u12c8\u1245\u1275""]"
association,jlens_16p,proposal,52,"["" while"", ""while"", ""While"", ""ness"", "" enquanto""]"
association,rlens_16p,proposal,8,"[""\u043f\u043b\u044f"", ""\u0c26\u0c4d\u0c26"", "" helemaal"", ""\u0e31\u0e1b"", ""\u0631\u064a\u0645""]"
association,rlens_16p,proposal,15,"["" la"", "" l"", "" same"", ""\u043f\u043b\u044f"", ""\u1ebd""]"
association,rlens_16p,proposal,22,"["" same"", "" dezelfde"", "" nh\u00e0ng"", "" \u043a\u0430\u0440\u0442\u0438\u043d\u0430"", ""\u043f\u043b\u044f""]"
association,rlens_16p,proposal,30,"[""\u00fcml"", ""anku"", "" same"", ""\u044f\u0442"", "" nh\u00e0ng""]"
association,rlens_16p,proposal,38,"["" \u043d\u0435"", ""\u0e2b\u0e27\u0e48\u0e32\u0e07"", ""\u0e31\u0e07\u0e2b\u0e27"", ""B"", "" \u0432""]"
association,rlens_16p,proposal,45,"["" waiter"", "" while"", ""\u30ec\u30b9\u30c8\u30e9\u30f3"", ""while"", "" waiters""]"
association,rlens_16p,proposal,52,"["" waiter"", "" while"", ""while"", "" While"", "" dinner""]"
association,rlens_64p,proposal,8,"[""\u043f\u043b\u044f"", "" Shakespeare"", ""\u0c26\u0c4d\u0c26"", "" helemaal"", ""\u0631\u064a\u0645""]"
association,rlens_64p,proposal,15,"["" la"", "" l"", "" same"", ""\u043f\u043b\u044f"", "" helemaal""]"
association,rlens_64p,proposal,22,"["" same"", "" nh\u00e0ng"", "" dezelfde"", ""\ud398"", ""\u043f\u043b\u044f""]"
association,rlens_64p,proposal,30,"["" same"", ""\u044f\u0442"", ""\u00fcml"", ""anku"", "" \u043d\u0435""]"
association,rlens_64p,proposal,38,"["" \u043d\u0435"", ""\u0e2b\u0e27\u0e48\u0e32\u0e07"", ""B"", ""\u0e31\u0e07\u0e2b\u0e27"", ""\u308a""]"
association,rlens_64p,proposal,45,"["" waiter"", ""while"", ""\u30ec\u30b9\u30c8\u30e9\u30f3"", "" while"", "" waiters""]"
association,rlens_64p,proposal,52,"["" waiter"", "" while"", ""while"", "" dinner"", "" between""]"
association,jpp_64p,proposal,8,"["" \u0643\u0647"", ""\ub9c8\ub2e4"", ""\u308a"", ""\ub974"", ""\ubd80\ud130""]"
association,jpp_64p,proposal,15,"[""\u0449\u0430"", ""\u0941\u0930"", "" same"", ""\ud398"", ""\u5f97\u610f""]"
association,jpp_64p,proposal,22,"["" same"", ""\u0449\u0430"", ""\u0941\u0930"", ""\ub974"", ""few""]"
association,jpp_64p,proposal,30,"[""\u044f\u0442"", ""\u0941\u0930"", ""\u0e31\u0e07\u0e2b\u0e27"", ""\uc9dd"", ""\u308a""]"
association,jpp_64p,proposal,38,"[""C"", ""\u0e2b\u0e27\u0e48\u0e32\u0e07"", ""B"", "" COURT"", ""Grab""]"
association,jpp_64p,proposal,45,"["" waiter"", ""while"", "" while"", ""While"", ""Restaurant""]"
association,jpp_64p,proposal,52,"["" waiter"", "" dinner"", "" waiters"", ""wait"", "" waitress""]"
association,logit,divorce,8,"[""en"", "" a"", "" of"", "" and"", ""er""]"
association,logit,divorce,15,"["" own"", "" a"", "" l"", "" que"", ""iz""]"
association,logit,divorce,22,"["" de"", "" l"", "" own"", "" que"", ""iz""]"
association,logit,divorce,30,"["" l"", ""-"", ""ing"", ""ly"", ""ed""]"
association,logit,divorce,38,"[""C"", "" l"", ""-"", ""er"", "" and""]"
association,logit,divorce,45,"["" l"", "" a"", "" hurried"", ""y"", "" own""]"
association,logit,divorce,52,"["" exit"", "" Exit"", ""\u6025"", ""exit"", "" hurried""]"
association,jlens_16p,divorce,8,"[""y"", ""yeri"", ""ness"", ""\u094d\u092f"", ""mett""]"
association,jlens_16p,divorce,15,"[""UKA"", ""\u0420\u0410"", "" PRP"", "" la"", "" own""]"
association,jlens_16p,divorce,22,"[""UKA"", ""\u0420\u0410"", "" own"", "" PRP"", "" la""]"
association,jlens_16p,divorce,30,"["" own"", "" even"", ""\ub3c4"", ""\u3064\u304f"", ""arel""]"
association,jlens_16p,divorce,38,"["" own"", ""\ub3c4"", "" \uc2f6"", ""\u6027"", "" \ub4ef""]"
association,jlens_16p,divorce,45,"[""\u0647\u0627"", ""\u5979"", ""\u0627\u062a\u0647\u0627"", "" she"", "" her""]"
association,jlens_16p,divorce,52,"["" she"", ""\u5979"", "" \uadf8\ub140"", "" her"", ""\u0627\u062a\u0647\u0627""]"
association,rlens_16p,divorce,8,"["" que"", "" Inquisition"", "" lineWidth"", ""\u0c26\u0c4d\u0c26"", ""\u043f\u043b\u044f""]"
association,rlens_16p,divorce,15,"["" la"", "" que"", "" Inquisition"", "" helemaal"", "" \u043a\u0430\u0440\u0442\u0438\u043d\u0430""]"
association,rlens_16p,divorce,22,"["" la"", "" same"", "" l"", "" \u043a\u0430\u0440\u0442\u0438\u043d\u0430"", "" stej""]"
association,rlens_16p,divorce,30,"["" nh\u00e0ng"", "" \u0436\u0435"", ""\u308a"", ""ipsis"", ""\u044d\u0440\u0438""]"
association,rlens_16p,divorce,38,"["" abruptly"", "" \u5979"", ""immediately"", "" immediately"", "" Immediately""]"
association,rlens_16p,divorce,45,"[""\u5979"", "" she"", ""\u5979\u7684"", "" \uadf8\ub140"", "" her""]"
association,rlens_16p,divorce,52,"["" she"", "" \uadf8\ub140"", ""\u5979"", "" her"", "" \u5979""]"
association,rlens_64p,divorce,8,"["" que"", "" Inquisition"", "" lineWidth"", ""\u0c26\u0c4d\u0c26"", ""\u043f\u043b\u044f""]"
association,rlens_64p,divorce,15,"["" la"", "" que"", "" Inquisition"", "" helemaal"", "" \u043a\u0430\u0440\u0442\u0438\u043d\u0430""]"
association,rlens_64p,divorce,22,"["" la"", "" same"", "" l"", "" \u043a\u0430\u0440\u0442\u0438\u043d\u0430"", "" nh\u00e0ng""]"
association,rlens_64p,divorce,30,"["" nh\u00e0ng"", "" \u0436\u0435"", ""\u308a"", "" same"", "" stej""]"
association,rlens_64p,divorce,38,"[""immediately"", "" \u5979"", "" Immediately"", "" immediately"", "" IMMEDI""]"
association,rlens_64p,divorce,45,"[""\u5979"", "" she"", ""\u5979\u7684"", "" \uadf8\ub140"", "" her""]"
association,rlens_64p,divorce,52,"["" she"", "" \uadf8\ub140"", ""\u5979"", "" her"", "" exit""]"
association,jpp_64p,divorce,8,"["" \u0643\u0647"", ""\ub9c8\ub2e4"", "" \u0442\u043e\u0433\u043e"", ""\u308a"", "" itu""]"
association,jpp_64p,divorce,15,"["" lineWidth"", ""\u0449\u0430"", ""\u0c26\u0c4d\u0c26"", ""disable"", ""\u0440\u043e\u0432\u043a\u0430""]"
association,jpp_64p,divorce,22,"["" same"", ""\u0449\u0430"", ""\u8bc9"", ""\u0436\u0434\u0430"", "" stej""]"
association,jpp_64p,divorce,30,"["" \u0436\u0435"", ""\u308a"", ""blit"", ""unshift"", ""ipsis""]"
association,jpp_64p,divorce,38,"[""quickly"", "" \u0924\u0941\u0930\u0902\u0924"", "" quickly"", "" swiftly"", "" abruptly""]"
association,jpp_64p,divorce,45,"["" either"", "" kiire"", ""\u5979"", "" exit"", ""\u51fa\u95e8""]"
association,jpp_64p,divorce,52,"["" she"", "" exit"", ""\u5979"", "" \uadf8\ub140"", ""exit""]"
association,logit,relief,8,"["" a"", ""en"", "" l"", ""ation"", "" and""]"
association,logit,relief,15,"["" a"", "" own"", "" l"", ""-"", ""iz""]"
association,logit,relief,22,"["" own"", "" l"", ""-"", "" de"", "" que""]"
association,logit,relief,30,"["" own"", ""ly"", ""-"", "" and"", ""ness""]"
association,logit,relief,38,"[""ness"", ""I"", ""\ub85c"", ""ly"", ""-""]"
association,logit,relief,45,"["" own"", "" l"", ""ed"", ""ly"", ""y""]"
association,logit,relief,52,"[""\u624b"", ""\u7684\u624b"", ""Hands"", ""Trem"", ""\u624b\u304c""]"
association,jlens_16p,relief,8,"[""y"", ""yeri"", ""ness"", ""\u094d\u092f"", ""mett""]"
association,jlens_16p,relief,15,"[""\u0420\u0410"", ""UKA"", "" PRP"", "" la"", "" own""]"
association,jlens_16p,relief,22,"[""\u0420\u0410"", ""UKA"", "" own"", "" PRP"", "" la""]"
association,jlens_16p,relief,30,"["" own"", "" even"", ""\ub3c4"", ""ational"", ""s""]"
association,jlens_16p,relief,38,"["" own"", ""\ub3c4"", "" \ub4ef"", "" \uc2f6"", ""\u0629""]"
association,jlens_16p,relief,45,"[""\u5f7c\u5973"", ""\u5979"", "" her"", ""\u0647\u0627"", "" she""]"
association,jlens_16p,relief,52,"["" her"", "" she"", ""Hands"", "" fingers"", "" hands""]"
association,rlens_16p,relief,8,"["" Inquisition"", ""\u0631\u064a\u0645"", "" lineWidth"", ""\u043f\u043b\u044f"", ""\u0c26\u0c4d\u0c26""]"
association,rlens_16p,relief,15,"["" la"", ""\u0631\u064a\u0645"", "" Inquisition"", ""\u043f\u043b\u044f"", "" \u043a\u0430\u0440\u0442\u0438\u043d\u0430""]"
association,rlens_16p,relief,22,"["" same"", "" nh\u00e0ng"", "" \u043a\u0430\u0440\u0442\u0438\u043d\u0430"", "" la"", ""\u0631\u064a\u0645""]"
association,rlens_16p,relief,30,"["" nh\u00e0ng"", ""\u308a"", "" same"", "" \u0436\u0435"", ""\u044d\u0440\u0438""]"
association,rlens_16p,relief,38,"[""\u308a"", ""**"", ""adka"", ""Quiet"", ""quiet""]"
association,rlens_16p,relief,45,"["" her"", ""\u5979"", "" \uadf8\ub140"", "" \u0623\u0646\u0647\u0627"", "" \u0641\u0647\u064a""]"
association,rlens_16p,relief,52,"["" her"", "" trembling"", "" paper"", "" papers"", "" shaking""]"
association,rlens_64p,relief,8,"["" Inquisition"", "" lineWidth"", ""\u0631\u064a\u0645"", ""\u043f\u043b\u044f"", ""qq""]"
association,rlens_64p,relief,15,"["" la"", ""\u0631\u064a\u0645"", "" Inquisition"", ""\u043f\u043b\u044f"", "" helemaal""]"
association,rlens_64p,relief,22,"["" same"", "" nh\u00e0ng"", "" \u043a\u0430\u0440\u0442\u0438\u043d\u0430"", ""\u0631\u064a\u0645"", "" la""]"
association,rlens_64p,relief,30,"["" nh\u00e0ng"", "" same"", ""\u308a"", "" \u0436\u0435"", ""\u044d\u0440\u0438""]"
association,rlens_64p,relief,38,"[""\u308a"", ""adka"", ""\ubc14\ub85c"", "" nh\u00e0ng"", "" \u305d\u3093\u306a""]"
association,rlens_64p,relief,45,"["" her"", ""\u5979"", "" \uadf8\ub140"", "" \u0623\u0646\u0647\u0627"", ""\u5979\u7684""]"
association,rlens_64p,relief,52,"["" her"", "" trembling"", "" paper"", "" papers"", "" hand""]"
association,jpp_64p,relief,8,"["" \u0643\u0647"", ""\ub9c8\ub2e4"", ""\u0941\u0930"", ""\ubd80\ud130"", ""\u0630""]"
association,jpp_64p,relief,15,"[""\u0449\u0430"", ""\u0941\u0930"", ""\u5f97\u610f"", ""\u0c26\u0c4d\u0c26"", "" lineWidth""]"
association,jpp_64p,relief,22,"["" same"", ""\u0941\u0930"", ""\u0449\u0430"", "" \ub4ef"", ""\u308a""]"
association,jpp_64p,relief,30,"[""\u308a"", "" nh\u00e0ng"", ""\u091a\u0902"", ""keyup"", "" \ub098\uc11c""]"
association,jpp_64p,relief,38,"[""\u3088\u3046\u306a"", ""\u8eab\u7684"", "" \ubd84\uc704"", "" trembling"", "" nervously""]"
association,jpp_64p,relief,45,"["" trembling"", "" and"", ""**"", "" shaky"", "" either""]"
association,jpp_64p,relief,52,"["" trembling"", "" paper"", "" hand"", "" tremor"", "" her""]"
association,logit,darwin,8,"[""en"", ""er"", "" s"", "" and"", "" a""]"
association,logit,darwin,15,"["" l"", "" a"", "" de"", ""-"", "" own""]"
association,logit,darwin,22,"["" l"", "" de"", "" own"", ""-"", "" que""]"
association,logit,darwin,30,"["" l"", ""-"", ""er"", ""ly"", "" own""]"
association,logit,darwin,38,"["" l"", ""er"", "" and"", ""-"", "" what""]"
association,logit,darwin,45,"["" l"", "" a"", ""ed"", ""y"", "" and""]"
association,logit,darwin,52,"[""\u53d1\u73b0"", "" discovery"", ""ahead"", ""discovery"", "" horror""]"
association,jlens_16p,darwin,8,"[""y"", ""yeri"", ""ness"", ""\u094d\u092f"", ""mett""]"
association,jlens_16p,darwin,15,"[""\u0420\u0410"", ""UKA"", "" PRP"", "" la"", "" own""]"
association,jlens_16p,darwin,22,"["" and"", "" de"", "" la"", "" or"", "" a""]"
association,jlens_16p,darwin,30,"["" even"", "" own"", ""ity"", ""\ub3c4"", ""\u0105d""]"
association,jlens_16p,darwin,38,"["" own"", ""ity"", ""set"", ""\u6027"", ""<turn|>""]"
association,jlens_16p,darwin,45,"[""ity"", ""ities"", ""<turn|>"", "" notion"", "" thats""]"
association,jlens_16p,darwin,52,"[""horror"", "" horror"", "" horrified"", ""ities"", "" astonishment""]"
association,rlens_16p,darwin,8,"["" same"", "" helemaal"", ""\u0c26\u0c4d\u0c26"", ""irs"", ""\u0631\u064a\u0645""]"
association,rlens_16p,darwin,15,"["" la"", "" same"", ""\u1ebd"", "" l"", "" helemaal""]"
association,rlens_16p,darwin,22,"["" same"", "" la"", "" few"", "" l"", "" dezelfde""]"
association,rlens_16p,darwin,30,"["" same"", ""\u540c\u6837\u7684"", ""same"", "" \u0436\u0435"", "" la""]"
association,rlens_16p,darwin,38,"[""<turn|>"", "" same"", ""\u120d\u1362"", ""\u0db8\u0dcf\u0dab"", "" retrospect""]"
association,rlens_16p,darwin,45,"["" same"", "" notion"", "" similaire"", "" simili"", "" similares""]"
association,rlens_16p,darwin,52,"["" horror"", ""horror"", "" devastating"", "" Horror"", "" discovery""]"
association,rlens_64p,darwin,8,"["" same"", ""\u0631\u064a\u0645"", ""\u0c26\u0c4d\u0c26"", "" helemaal"", ""irs""]"
association,rlens_64p,darwin,15,"["" la"", "" same"", ""\u1ebd"", "" helemaal"", "" l""]"
association,rlens_64p,darwin,22,"["" same"", "" la"", "" l"", "" few"", "" dezelfde""]"
association,rlens_64p,darwin,30,"["" same"", ""same"", ""\u540c\u6837\u7684"", "" \u0436\u0435"", "" la""]"
association,rlens_64p,darwin,38,"["" same"", ""<turn|>"", ""\u02b0"", ""\u120d\u1362"", ""geist""]"
association,rlens_64p,darwin,45,"["" same"", "" notion"", "" similaire"", "" simili"", "" similares""]"
association,rlens_64p,darwin,52,"[""horror"", "" horror"", "" devastating"", "" Horror"", "" dismay""]"
association,jpp_64p,darwin,8,"[""irs"", ""\ubd80\ud130"", ""\ub974"", ""\u308a"", ""\ub9c8\ub2e4""]"
association,jpp_64p,darwin,15,"[""irs"", ""\u0c26\u0c4d\u0c26"", ""\u0449\u0430"", "" same"", ""\u0941\u0930""]"
association,jpp_64p,darwin,22,"["" same"", ""\u0449\u0430"", ""irs"", ""\u308a"", ""\u0c26\u0c4d\u0c26""]"
association,jpp_64p,darwin,30,"["" same"", ""same"", ""\u308a"", "" \u0436\u0435"", ""\u0e40\u0e14\u0e35\u0e22\u0e27""]"
association,jpp_64p,darwin,38,"["" same"", "" \u0441\u043e\u0437\u043d\u0430"", "" nineteenth"", "" up"", ""\u120d\u1362""]"
association,jpp_64p,darwin,45,"["" same"", ""\u062f\u0627\u0639"", "" devastating"", ""\u632b"", "" samme""]"
association,jpp_64p,darwin,52,"["" la"", ""horror"", "" horror"", "" l"", "" Horror""]"
association,logit,lincoln,8,"[""er"", ""en"", "" of"", "" and"", "" a""]"
association,logit,lincoln,15,"["" l"", "" a"", ""-"", "" own"", "" que""]"
association,logit,lincoln,22,"["" own"", "" l"", ""-"", "" de"", ""ation""]"
association,logit,lincoln,30,"["" l"", ""-"", ""ed"", ""ing"", ""ly""]"
association,logit,lincoln,38,"[""-"", "" l"", "" a"", "" and"", ""ing""]"
association,logit,lincoln,45,"["" l"", ""-"", ""ed"", ""C"", ""y""]"
association,logit,lincoln,52,"["" read"", "" skim"", "" reading"", ""read"", "" \uc77d""]"
association,jlens_16p,lincoln,8,"[""y"", ""yeri"", ""ness"", ""\u094d\u092f"", ""mett""]"
association,jlens_16p,lincoln,15,"[""\u0420\u0410"", ""UKA"", "" PRP"", "" la"", "" own""]"
association,jlens_16p,lincoln,22,"[""UKA"", "" la"", ""\u0420\u0410"", "" own"", "" PRP""]"
association,jlens_16p,lincoln,30,"["" own"", "" even"", ""\ub3c4"", ""ewater"", "" or""]"
association,jlens_16p,lincoln,38,"["" own"", ""ity"", ""<channel|>"", ""\u0629"", ""\u0648\u0646""]"
association,jlens_16p,lincoln,45,"["" \uc2f6"", ""to"", ""ly"", "" \uc2f6\uc740"", ""\u0e08\u0e36\u0e07""]"
association,jlens_16p,lincoln,52,"["" read"", "" reading"", "" reread"", ""read"", "" \uc77d""]"
association,rlens_16p,lincoln,8,"[""\u0c26\u0c4d\u0c26"", ""\u0e31\u0e1b"", "" \u0e40\u0e02\u0e32"", ""\u09be\u099c"", "" helemaal""]"
association,rlens_16p,lincoln,15,"["" la"", ""\u1ebd"", ""\u0c26\u0c4d\u0c26"", "" \u0e40\u0e02\u0e32"", "" helemaal""]"
association,rlens_16p,lincoln,22,"["" la"", "" soon"", ""few"", "" \u043f\u0430\u0440\u0443"", "" quelques""]"
association,rlens_16p,lincoln,30,"["" same"", "" la"", "" \uc5ed\uc2dc"", ""\u308a"", ""hiyam""]"
association,rlens_16p,lincoln,38,"["" soon"", "" d\u00e0ng"", "" suffice"", ""**"", ""\u5f88\u5feb""]"
association,rlens_16p,lincoln,45,"[""ailangan"", ""brief"", "" \ub2e4\uc2dc"", ""review"", "" \u0441\u043d\u043e\u0432\u0430""]"
association,rlens_16p,lincoln,52,"["" read"", ""read"", "" \uc77d"", ""review"", "" reading""]"
association,rlens_64p,lincoln,8,"[""\u0c26\u0c4d\u0c26"", "" \u0e40\u0e02\u0e32"", "" helemaal"", ""\u09be\u099c"", ""\u0631\u064a\u0645""]"
association,rlens_64p,lincoln,15,"["" la"", ""\u1ebd"", ""\u0c26\u0c4d\u0c26"", "" \u0e40\u0e02\u0e32"", "" helemaal""]"
association,rlens_64p,lincoln,22,"["" la"", "" soon"", ""few"", "" nh\u00e0ng"", "" few""]"
association,rlens_64p,lincoln,30,"["" same"", "" la"", ""hiyam"", "" \uc5ed\uc2dc"", ""\u308a""]"
association,rlens_64p,lincoln,38,"["" d\u00e0ng"", "" soon"", "" suffice"", ""review"", "" la""]"
association,rlens_64p,lincoln,45,"[""review"", ""brief"", "" \ub2e4\uc2dc"", ""ailangan"", "" \u0441\u043d\u043e\u0432\u0430""]"
association,rlens_64p,lincoln,52,"["" read"", "" \uc77d"", ""read"", ""review"", "" reading""]"
association,jpp_64p,lincoln,8,"["" \u0643\u0647"", ""\u0649"", "" noen"", ""\ub9c8\ub2e4"", ""\u0630""]"
association,jpp_64p,lincoln,15,"[""\u5f97\u610f"", ""\u0c26\u0c4d\u0c26"", ""\u0449\u0430"", "" sarebbe"", "" lineWidth""]"
association,jpp_64p,lincoln,22,"[""few"", ""would"", ""\u0941\u0930"", ""\u0449\u0430"", ""\ub974""]"
association,jpp_64p,lincoln,30,"["" same"", ""ibly"", ""same"", ""hiyam"", "" \uc815\ud655""]"
association,jpp_64p,lincoln,38,"["" briefings"", "" soon"", ""L"", ""</blockquote>"", ""\u3059\u308b\u5fc5\u8981""]"
association,jpp_64p,lincoln,45,"["" and"", ""review"", "" even"", ""read"", ""brief""]"
association,jpp_64p,lincoln,52,"["" read"", "" reading"", "" \uc77d"", ""read"", "" reread""]"
association,logit,obama,8,"[""er"", ""en"", "" and"", "" l"", "" a""]"
association,logit,obama,15,"["" a"", "" own"", "" l"", "" que"", ""iz""]"
association,logit,obama,22,"["" l"", "" de"", "" own"", "" a"", "" que""]"
association,logit,obama,30,"["" own"", ""\uc73c\ub85c"", ""\u0e41\u0e25\u0e49\u0e27"", ""nya"", "" \u305d\u3057\u3066""]"
association,logit,obama,38,"[""ness"", ""\uc73c\ub85c"", "" seemed"", ""\ub85c"", "" but""]"
association,logit,obama,45,"["" own"", ""ness"", "" l"", ""y"", ""everything""]"
association,logit,obama,52,"[""small"", ""\u5c0f"", "" small"", "" \u091b\u094b\u091f\u0940"", "" nh\u1ecf""]"
association,jlens_16p,obama,8,"[""y"", ""yeri"", ""ness"", ""\u094d\u092f"", ""mett""]"
association,jlens_16p,obama,15,"[""\u0420\u0410"", ""UKA"", "" PRP"", "" la"", "" own""]"
association,jlens_16p,obama,22,"[""UKA"", ""\u0420\u0410"", "" PRP"", "" la"", "" own""]"
association,jlens_16p,obama,30,"["" own"", ""\ub3c4"", "" even"", ""\u0105d"", ""ity""]"
association,jlens_16p,obama,38,"["" own"", ""\u6027"", "" \uc2f6"", "" \ub4ef"", ""ity""]"
association,jlens_16p,obama,45,"["" \u0648\u0643\u0627\u0646"", "" \u0648\u0643\u0627\u0646\u062a"", ""S"", ""owness"", ""of""]"
association,jlens_16p,obama,52,"[""smaller"", ""small"", ""S"", ""Smaller"", "" smaller""]"
association,rlens_16p,obama,8,"[""\u0c26\u0c4d\u0c26"", "" helemaal"", "" lineWidth"", ""\u5f97\u610f"", ""\u043f\u043b\u044f""]"
association,rlens_16p,obama,15,"["" la"", "" helemaal"", ""\u043f\u043b\u044f"", ""\u0449\u0430"", ""\u1ebd""]"
association,rlens_16p,obama,22,"["" la"", "" quelques"", "" \u043a\u0430\u0440\u0442\u0438\u043d\u0430"", ""\u0449\u0430"", ""\u5f97\u610f""]"
association,rlens_16p,obama,30,"[""\u308a"", "" nh\u00e0ng"", ""\u5f53\u65f6"", "" \uc774\ub54c"", "" \uadf8\ub54c""]"
association,rlens_16p,obama,38,"[""B"", ""\u4e4b\u7c7b\u7684"", "" nh\u00e0ng"", ""\u308a"", ""\u5f53\u65f6""]"
association,rlens_16p,obama,45,"["" \u0648\u0643\u0627\u0646\u062a"", "" \u0648\u0643\u0627\u0646"", "" Everything"", "" underwhelming"", "" Smaller""]"
association,rlens_16p,obama,52,"[""smaller"", ""Smaller"", "" smaller"", "" Smaller"", ""\u5c0f\u7684""]"
association,rlens_64p,obama,8,"["" lineWidth"", ""\u043f\u043b\u044f"", ""\u5f97\u610f"", "" que"", "" helemaal""]"
association,rlens_64p,obama,15,"["" la"", "" helemaal"", ""\u043f\u043b\u044f"", ""\u0449\u0430"", "" quelques""]"
association,rlens_64p,obama,22,"["" la"", "" quelques"", ""\u0449\u0430"", "" \u043a\u0430\u0440\u0442\u0438\u043d\u0430"", "" few""]"
association,rlens_64p,obama,30,"[""\u308a"", ""\u5f53\u65f6"", "" \uadf8\ub54c"", "" nh\u00e0ng"", "" \u0110\u00f3""]"
association,rlens_64p,obama,38,"[""\u308a"", ""\u4e4b\u7c7b\u7684"", ""B"", ""\u306a\u3069\u304c"", "" nh\u00e0ng""]"
association,rlens_64p,obama,45,"["" \u0648\u0643\u0627\u0646\u062a"", "" Everything"", "" \u0648\u0643\u0627\u0646"", "" weniger"", ""everything""]"
association,rlens_64p,obama,52,"[""smaller"", ""Smaller"", "" smaller"", "" Smaller"", ""small""]"
association,jpp_64p,obama,8,"["" \u0643\u0647"", ""\ub9c8\ub2e4"", "" \u0442\u043e\u0433\u043e"", ""\u90a3"", ""\u0649""]"
association,jpp_64p,obama,15,"[""\u5f97\u610f"", ""\u0449\u0430"", "" lineWidth"", ""\u0c26\u0c4d\u0c26"", ""\u0449""]"
association,jpp_64p,obama,22,"[""\u0449\u0430"", "" \ub4ef"", ""\u5f97\u610f"", ""\u0449"", ""few""]"
association,jpp_64p,obama,30,"[""\u308a"", "" \ub4ef"", ""B"", "" \u90a3"", ""\u5f53\u65f6""]"
association,jpp_64p,obama,38,"[""\u09b8\u09cd\u09ae"", ""\ub0af"", ""\u8bb0\u5fc6"", ""\u5165\u9662"", ""\u5f53\u6642\u306e""]"
association,jpp_64p,obama,45,"[""everything"", "" Everything"", "" ukuran"", ""Everything"", "" and""]"
association,jpp_64p,obama,52,"[""smaller"", "" smaller"", "" desk"", "" furniture"", "" la""]"
association,logit,churchill,8,"[""er"", "" a"", "" of"", "" and"", ""en""]"
association,logit,churchill,15,"["" a"", "" l"", "" own"", ""-"", "" de""]"
association,logit,churchill,22,"["" de"", "" own"", ""-"", "" l"", "" que""]"
association,logit,churchill,30,"[""-"", "" l"", ""ing"", ""ed"", ""0""]"
association,logit,churchill,38,"[""-"", "" l"", ""I"", ""C"", ""dengan""]"
association,logit,churchill,45,"["" l"", "" a"", ""y"", "" his"", ""ly""]"
association,logit,churchill,52,"["" Outside"", "" ngo\u00e0i"", ""\u4ed6"", ""Outside"", "" Above""]"
association,jlens_16p,churchill,8,"[""y"", ""yeri"", ""ness"", ""\u094d\u092f"", ""mett""]"
association,jlens_16p,churchill,15,"[""UKA"", ""\u0420\u0410"", "" PRP"", "" la"", "" own""]"
association,jlens_16p,churchill,22,"[""UKA"", ""\u0420\u0410"", "" own"", "" PRP"", "" la""]"
association,jlens_16p,churchill,30,"["" own"", "" even"", ""\ub3c4"", ""ewater"", ""matic""]"
association,jlens_16p,churchill,38,"["" own"", ""\u6027"", "" \ub4ef"", "" \uc2f6"", ""<channel|>""]"
association,jlens_16p,churchill,45,"["" own"", ""\u0647"", ""set"", ""while"", ""s""]"
association,jlens_16p,churchill,52,"[""ness"", "" outside"", ""es"", ""his"", ""while""]"
association,rlens_16p,churchill,8,"["" Inquisition"", "" que"", ""\u0631\u064a\u0645"", ""\u0c26\u0c4d\u0c26"", "" helemaal""]"
association,rlens_16p,churchill,15,"["" same"", "" la"", "" helemaal"", "" Inquisition"", ""\u0631\u064a\u0645""]"
association,rlens_16p,churchill,22,"["" same"", "" Inquisition"", ""\u0449\u0430"", "" mismos"", ""\u0631\u064a\u0645""]"
association,rlens_16p,churchill,30,"["" \u0436\u0435"", "" same"", "" \u043d\u0435"", ""blk"", ""same""]"
association,rlens_16p,churchill,38,"[""lessly"", ""C"", ""\u043a\u0438\u043d\u0443"", ""\u3131"", "" \uadf8\ub294""]"
association,rlens_16p,churchill,45,"["" la"", "" \uadf8\ub294"", "" his"", ""\u09a4\u09bf\u09a8\u09bf"", "" even""]"
association,rlens_16p,churchill,52,"["" la"", "" his"", "" \uadf8\ub294"", "" outside"", "" Outside""]"
association,rlens_64p,churchill,8,"["" Inquisition"", ""\u0631\u064a\u0645"", ""\u0c26\u0c4d\u0c26"", ""\u043f\u043b\u044f"", "" que""]"
association,rlens_64p,churchill,15,"["" same"", "" helemaal"", "" Inquisition"", ""\u043f\u043b\u044f"", ""\u0449\u0430""]"
association,rlens_64p,churchill,22,"["" same"", "" l"", ""\u0449\u0430"", "" tajem"", "" Inquisition""]"
association,rlens_64p,churchill,30,"["" same"", "" \u0436\u0435"", ""blk"", ""enseit"", ""same""]"
association,rlens_64p,churchill,38,"[""lessly"", ""\u043a\u0438\u043d\u0443"", ""C"", ""\u0648\u063a"", ""antly""]"
association,rlens_64p,churchill,45,"["" la"", "" his"", "" even"", "" \uadf8\ub294"", ""\u09a4\u09bf\u09a8\u09bf""]"
association,rlens_64p,churchill,52,"["" la"", "" his"", "" \uadf8\ub294"", "" outside"", ""\u09a4\u09bf\u09a8\u09bf""]"
association,jpp_64p,churchill,8,"["" \u0643\u0647"", ""\ubd80\ud130"", ""\ub9c8\ub2e4"", ""\u308a"", "" \u0e40\u0e01""]"
association,jpp_64p,churchill,15,"[""\u0449\u0430"", "" same"", ""\u5f97\u610f"", "" helemaal"", "" similit""]"
association,jpp_64p,churchill,22,"["" same"", ""\ub974"", ""\u0449\u0430"", ""few"", ""\u0ab0\u0acd\u0a95""]"
association,jpp_64p,churchill,30,"["" \u0436\u0435"", ""blk"", ""\u0e40\u0e14\u0e35\u0e22\u0e27"", ""\uc9dd"", ""slaught""]"
association,jpp_64p,churchill,38,"[""\u9a97"", ""SOUND"", "" Satan"", ""blk"", "" \u0443\u0431\u044b""]"
association,jpp_64p,churchill,45,"["" la"", "" even"", ""\u02cc"", ""\u0e40\u0e2a\u0e35\u0e22\u0e07"", "" \u0e40\u0e2a\u0e35\u0e22\u0e07""]"
association,jpp_64p,churchill,52,"["" la"", "" his"", "" outside"", "" l"", ""\u09a4\u09bf\u09a8\u09bf""]"
association,logit,newton,8,"["" a"", ""en"", "" of"", "" and"", ""er""]"
association,logit,newton,15,"["" a"", "" l"", "" own"", ""-"", ""iz""]"
association,logit,newton,22,"["" de"", "" l"", ""-"", "" a"", "" que""]"
association,logit,newton,30,"["" l"", ""-"", ""ed"", ""ing"", ""ly""]"
association,logit,newton,38,"["" l"", ""\ub85c"", ""-"", ""\uc73c\ub85c"", "" own""]"
association,logit,newton,45,"["" l"", "" own"", ""ing"", ""ed"", ""y""]"
association,logit,newton,52,"["" la"", "" l"", "" sun"", ""Sun"", "" Sun""]"
association,jlens_16p,newton,8,"[""y"", ""yeri"", ""ness"", ""\u094d\u092f"", ""mett""]"
association,jlens_16p,newton,15,"[""UKA"", ""\u0420\u0410"", "" PRP"", "" own"", "" la""]"
association,jlens_16p,newton,22,"[""UKA"", ""\u0420\u0410"", "" own"", "" PRP"", "" la""]"
association,jlens_16p,newton,30,"["" own"", "" even"", ""ariance"", ""ity"", ""ewater""]"
association,jlens_16p,newton,38,"[""\u05d5"", "" own"", ""ity"", ""<channel|>"", "" \ub4ef""]"
association,jlens_16p,newton,45,"[""<eos>"", ""<turn|>"", ""ities"", ""\u6027"", ""ity""]"
association,jlens_16p,newton,52,"[""<turn|>"", ""ities"", "" sunlight"", ""S"", "" Sunlight""]"
association,rlens_16p,newton,8,"["" lineWidth"", ""\u0631\u064a\u0645"", "" Inquisition"", ""\u0c26\u0c4d\u0c26"", ""\u09be\u099c""]"
association,rlens_16p,newton,15,"["" la"", ""\u1ebd"", "" de"", "" same"", "" Jesuits""]"
association,rlens_16p,newton,22,"["" same"", "" la"", ""\uae30\ub294"", ""\u0627\u0631\u0639"", ""\u62c2""]"
association,rlens_16p,newton,30,"[""lest"", ""\u0627\u0631\u0639"", ""\u777d"", ""\u308a"", ""\u0e23\u0e23""]"
association,rlens_16p,newton,38,"[""C"", ""L"", ""S"", ""<turn|>"", ""lest""]"
association,rlens_16p,newton,45,"[""<eos>"", ""<turn|>"", ""S"", ""\u0bc1\u0b95"", "" sunlight""]"
association,rlens_16p,newton,52,"[""Sun"", ""sun"", "" sunlight"", "" sun"", ""<turn|>""]"
association,rlens_64p,newton,8,"["" lineWidth"", "" Inquisition"", "" Shakespeare"", ""\u0631\u064a\u0645"", ""\u0c26\u0c4d\u0c26""]"
association,rlens_64p,newton,15,"["" la"", ""\u1ebd"", "" Jesuits"", "" J\u00e9sus"", "" same""]"
association,rlens_64p,newton,22,"["" same"", "" la"", ""\u0627\u0631\u0639"", ""\ub974"", ""\u540c\u6837\u7684""]"
association,rlens_64p,newton,30,"[""\u308a"", "" same"", ""lest"", ""\u0627\u0631\u0639"", ""\u0e23\u0e23""]"
association,rlens_64p,newton,38,"[""C"", ""L"", ""S"", ""<turn|>"", ""lest""]"
association,rlens_64p,newton,45,"[""<eos>"", ""S"", ""<turn|>"", ""\u0bc1\u0b95"", "" sunlight""]"
association,rlens_64p,newton,52,"[""Sun"", "" sunlight"", "" sun"", ""sun"", ""<turn|>""]"
association,jpp_64p,newton,8,"["" \u0643\u0647"", ""\u0941\u0930"", "" noen"", "" \u0e40\u0e01"", "" itu""]"
association,jpp_64p,newton,15,"["" similit"", ""\u0938\u0941\u092c\u0939"", ""\ub8e8"", ""\u0941\u0930"", ""ud""]"
association,jpp_64p,newton,22,"[""\u0938\u0941\u092c\u0939"", "" \ub4ef"", ""\ub974"", ""few"", ""\u0627\u0631\u0639""]"
association,jpp_64p,newton,30,"[""C"", "" \ub4ef"", ""ixels"", ""\u0627\u0631\u0639"", ""lest""]"
association,jpp_64p,newton,38,"[""L"", ""\u7684\u65f6\u95f4"", ""C"", "" \u0635\u0628\u0627\u062d"", ""\u7684\u6642\u9593""]"
association,jpp_64p,newton,45,"[""S"", ""<turn|>"", ""<eos>"", ""\u0640\u0640\u0640\u0640\u0640\u0640\u0640\u0640"", "" sunlight""]"
association,jpp_64p,newton,52,"[""Sun"", "" sun"", "" sunlight"", ""sun"", "" Sun""]"
association,logit,mozart,8,"[""er"", "" a"", ""en"", "" and"", "" of""]"
association,logit,mozart,15,"["" l"", "" a"", "" own"", ""iz"", ""ers""]"
association,logit,mozart,22,"["" own"", "" de"", "" a"", "" l"", "" que""]"
association,logit,mozart,30,"["" l"", "" own"", ""ed"", ""y"", ""er""]"
association,logit,mozart,38,"["" and"", ""\ub85c"", "" l"", ""\u4e86"", ""\uc73c\ub85c""]"
association,logit,mozart,45,"["" l"", "" own"", "" silence"", "" audience"", ""ly""]"
association,logit,mozart,52,"[""sil"", ""Silence"", "" silence"", "" Silence"", ""SIL""]"
association,jlens_16p,mozart,8,"[""y"", ""yeri"", ""ness"", ""\u094d\u092f"", ""mett""]"
association,jlens_16p,mozart,15,"[""\u0420\u0410"", ""UKA"", "" PRP"", "" la"", "" own""]"
association,jlens_16p,mozart,22,"[""UKA"", ""\u0420\u0410"", "" own"", "" PRP"", "" la""]"
association,jlens_16p,mozart,30,"["" own"", "" even"", ""ity"", ""\ub3c4"", ""\u0105d""]"
association,jlens_16p,mozart,38,"["" own"", ""ity"", ""<channel|>"", ""\u05d5"", ""arsis""]"
association,jlens_16p,mozart,45,"[""everyone"", ""S"", ""\u0e17\u0e38\u0e01\u0e04\u0e19"", ""\u4e00\u4e2a"", "" Philharmonic""]"
association,jlens_16p,mozart,52,"["" silence"", ""sil"", ""Silence"", "" Silence"", ""stun""]"
association,rlens_16p,mozart,8,"["" que"", "" Inquisition"", "" helemaal"", ""\u0c26\u0c4d\u0c26"", ""\u0631\u064a\u0645""]"
association,rlens_16p,mozart,15,"["" la"", "" l"", "" same"", "" de"", "" Jesuits""]"
association,rlens_16p,mozart,22,"["" same"", ""\u0631\u064a\u0645"", ""\u3076\u308a\u306e"", "" \u043a\u0430\u0440\u0442\u0438\u043d\u0430"", ""cendo""]"
association,rlens_16p,mozart,30,"[""ipsis"", ""\u120d\u1362"", ""\u0e1e\u0e27\u0e01\u0e40\u0e02\u0e32"", "" \u0436\u0435"", ""\u0e32\u0e28""]"
association,rlens_16p,mozart,38,"[""L"", ""B"", ""Quiet"", ""A"", "" \u0e40\u0e2a\u0e35\u0e22\u0e07""]"
association,rlens_16p,mozart,45,"[""everyone"", ""\u6240\u6709\u4eba"", ""\u0e17\u0e38\u0e01\u0e04\u0e19"", ""Silence"", "" silence""]"
association,rlens_16p,mozart,52,"["" silence"", ""Silence"", ""sil"", "" Silence"", "" silenced""]"
association,rlens_64p,mozart,8,"["" Inquisition"", "" que"", "" Shakespeare"", ""\u0c26\u0c4d\u0c26"", "" helemaal""]"
association,rlens_64p,mozart,15,"["" l"", "" la"", "" same"", "" Jesuits"", "" Shakespeare""]"
association,rlens_64p,mozart,22,"["" same"", ""\u0631\u064a\u0645"", "" \u043a\u0430\u0440\u0442\u0438\u043d\u0430"", "" Shakespeare"", ""\u3076\u308a\u306e""]"
association,rlens_64p,mozart,30,"[""same"", "" same"", ""\u120d\u1362"", ""ipsis"", ""itivo""]"
association,rlens_64p,mozart,38,"[""L"", ""A"", ""\u308a"", ""B"", "" \u0e40\u0e2a\u0e35\u0e22\u0e07""]"
association,rlens_64p,mozart,45,"[""everyone"", ""\u6240\u6709\u4eba"", ""\u0e17\u0e38\u0e01\u0e04\u0e19"", ""everything"", "" \u091c\u092c""]"
association,rlens_64p,mozart,52,"["" silence"", ""sil"", ""Silence"", "" Silence"", "" silenced""]"
association,jpp_64p,mozart,8,"[""\ub9c8\ub2e4"", "" itu"", "" \u0643\u0647"", ""\u308a"", ""\ubd80\ud130""]"
association,jpp_64p,mozart,15,"["" same"", ""\ub15c"", ""\u0c26\u0c4d\u0c26"", "" lineWidth"", ""\u0449\u0430""]"
association,jpp_64p,mozart,22,"["" same"", ""few"", "" \ub4ef"", ""same"", ""\u0449\u0430""]"
association,jpp_64p,mozart,30,"[""same"", "" same"", ""itivo"", ""\u308b\u3068\u304d"", ""\u0e40\u0e14\u0e35\u0e22\u0e27""]"
association,jpp_64p,mozart,38,"[""Music"", "" music"", ""\u8074"", ""L"", ""\u559a""]"
association,jpp_64p,mozart,45,"["" and"", ""everyone"", ""everything"", "" first"", "" either""]"
association,jpp_64p,mozart,52,"["" silence"", ""sil"", "" Silence"", ""Silence"", "" silenced""]"
association,logit,armstrong,8,"[""er"", "" a"", ""en"", "" l"", "" and""]"
association,logit,armstrong,15,"["" l"", "" own"", ""-"", "" a"", ""iz""]"
association,logit,armstrong,22,"["" l"", "" own"", "" de"", ""-"", "" que""]"
association,logit,armstrong,30,"["" l"", "" own"", ""ly"", ""ed"", ""ness""]"
association,logit,armstrong,38,"[""-"", "" and"", ""ness"", ""\ub3c4"", ""T""]"
association,logit,armstrong,45,"[""y"", ""ed"", "" a"", "" l"", "" wouldn""]"
association,logit,armstrong,52,"["" flags"", ""Flag"", "" Flag"", ""Flags"", "" flag""]"
association,jlens_16p,armstrong,8,"[""y"", ""yeri"", ""ness"", ""\u094d\u092f"", ""mett""]"
association,jlens_16p,armstrong,15,"[""UKA"", ""\u0420\u0410"", "" PRP"", "" own"", "" la""]"
association,jlens_16p,armstrong,22,"[""UKA"", ""\u0420\u0410"", "" PRP"", "" own"", "" la""]"
association,jlens_16p,armstrong,30,"["" even"", "" own"", ""\ub3c4"", ""matic"", "" single""]"
association,jlens_16p,armstrong,38,"[""\ub3c4"", ""\u0629"", "" \ub4ef"", "" uma"", ""set""]"
association,jlens_16p,armstrong,45,"[""e"", ""S"", ""set"", ""\u0629"", ""\u0938\u094d\u092f""]"
association,jlens_16p,armstrong,52,"["" flags"", ""e"", ""flag"", "" flag"", ""es""]"
association,rlens_16p,armstrong,8,"["" que"", "" lineWidth"", "" exacting"", ""\u0c26\u0c4d\u0c26"", ""disable""]"
association,rlens_16p,armstrong,15,"["" la"", "" de"", "" que"", "" same"", "" helemaal""]"
association,rlens_16p,armstrong,22,"["" \u0436\u0435"", "" same"", ""\u1275"", "" \u043a\u0430\u0440\u0442\u0438\u043d\u0430"", ""would""]"
association,rlens_16p,armstrong,30,"[""\u308a"", ""\u0449\u0435\u043c"", ""\uc9dd"", ""\u00edbrio"", ""getBounding""]"
association,rlens_16p,armstrong,38,"[""L"", "" Neither"", ""\ubed1"", ""Neither"", ""\u308a""]"
association,rlens_16p,armstrong,45,"["" \u90a3"", "" either"", "" and"", ""getBounding"", ""\u0aa8\u0aa8\u0ac0""]"
association,rlens_16p,armstrong,52,"["" flag"", "" flags"", ""flag"", "" Flags"", ""Flags""]"
association,rlens_64p,armstrong,8,"["" que"", "" lineWidth"", "" exacting"", "" Woodson"", "" Inquisition""]"
association,rlens_64p,armstrong,15,"["" la"", "" que"", "" same"", ""uous"", "" \u0e40\u0e02\u0e32""]"
association,rlens_64p,armstrong,22,"["" same"", ""\u1275"", ""\u0449\u0430"", ""would"", "" \u043a\u0430\u0440\u0442\u0438\u043d\u0430""]"
association,rlens_64p,armstrong,30,"[""\u308a"", ""\u0449\u0435\u043c"", ""\uc9dd"", ""peau"", ""\u0434\u0435\u043d\u0438\u0439""]"
association,rlens_64p,armstrong,38,"[""L"", ""\u308a"", ""\ubed1"", "" Neither"", ""Neither""]"
association,rlens_64p,armstrong,45,"["" \u90a3"", "" and"", "" either"", ""getBounding"", ""FLAG""]"
association,rlens_64p,armstrong,52,"["" flag"", "" flags"", ""flag"", "" Flags"", ""Flags""]"
association,jpp_64p,armstrong,8,"["" itu"", "" \u0442\u043e\u0433\u043e"", ""\ub9c8\ub2e4"", ""that"", "" \u0643\u0647""]"
association,jpp_64p,armstrong,15,"[""disable"", "" similit"", ""\u5f97\u610f"", ""\ub15c"", ""\u092c\u0939\u0941\u0924""]"
association,jpp_64p,armstrong,22,"[""would"", "" \ub4ef"", ""disable"", ""\u0449\u0430"", ""few""]"
association,jpp_64p,armstrong,30,"[""\uc9dd"", ""getBounding"", "" \u0444\u0438\u0433\u0443"", ""\u308a"", "" \ub4ef""]"
association,jpp_64p,armstrong,38,"[""L"", ""Blade"", ""getBounding"", "" \u0a96\u0acb"", ""eless""]"
association,jpp_64p,armstrong,45,"["" and"", "" either"", ""the"", ""That"", "" the""]"
association,jpp_64p,armstrong,52,"["" flag"", "" flags"", ""flag"", "" Flags"", ""flags""]"
association,logit,wright,8,"["" a"", "" s"", "" de"", "" an"", "" l""]"
association,logit,wright,15,"["" l"", "" a"", "" own"", ""-"", ""iz""]"
association,logit,wright,22,"["" l"", "" que"", ""-"", "" own"", ""\u043d\u0430""]"
association,logit,wright,30,"["" l"", ""-"", "" and"", ""\uc73c\ub85c"", ""ed""]"
association,logit,wright,38,"[""-"", "" l"", "" and"", ""\uc73c\ub85c"", ""ness""]"
association,logit,wright,45,"["" l"", ""ly"", "" wasn"", ""ed"", "" vanished""]"
association,logit,wright,52,"["" disappeared"", "" disappear"", "" disappearing"", ""\u6d88\u5931"", "" disappearance""]"
association,jlens_16p,wright,8,"[""y"", ""yeri"", ""ness"", ""\u094d\u092f"", ""mett""]"
association,jlens_16p,wright,15,"[""\u0420\u0410"", ""UKA"", "" PRP"", "" la"", "" own""]"
association,jlens_16p,wright,22,"[""UKA"", ""\u0420\u0410"", "" PRP"", "" own"", "" la""]"
association,jlens_16p,wright,30,"["" own"", "" even"", ""ity"", ""\ub3c4"", "" single""]"
association,jlens_16p,wright,38,"[""ity"", "" own"", ""something"", ""<channel|>"", ""\u064a\u0627\u062a""]"
association,jlens_16p,wright,45,"[""S"", ""<eos>"", ""<turn|>"", ""\u6d88\u5931"", ""for""]"
association,jlens_16p,wright,52,"["" disappear"", ""\u6d88\u5931"", "" disappeared"", "" vanished"", "" disappearance""]"
association,rlens_16p,wright,8,"["" de"", "" que"", ""\u0e1e\u0e27\u0e01\u0e40\u0e02\u0e32"", "" natuurlijk"", ""\u0c26\u0c4d\u0c26""]"
association,rlens_16p,wright,15,"["" la"", "" de"", "" \u0e19\u0e31\u0e48\u0e19"", "" natuurlijk"", "" n\u00e5gra""]"
association,rlens_16p,wright,22,"["" la"", "" justement"", "" Thankfully"", ""Thankfully"", ""\u51e0\u6b21""]"
association,rlens_16p,wright,30,"[""\u308a"", "" Thankfully"", "" justement"", ""Thankfully"", ""\u6b63\u662f""]"
association,rlens_16p,wright,38,"["" \u0917\u093e\u092f\u092c"", ""C"", ""\u6d88\u5931"", "" wasnt"", "" \uc544\ub2cc""]"
association,rlens_16p,wright,45,"[""\u6d88\u5931"", "" \u0917\u093e\u092f\u092c"", ""B"", "" disappear"", ""S""]"
association,rlens_16p,wright,52,"[""\u6d88\u5931"", "" disappear"", "" \u0917\u093e\u092f\u092c"", "" disappeared"", "" disappearance""]"
association,rlens_64p,wright,8,"["" que"", ""\u0e1e\u0e27\u0e01\u0e40\u0e02\u0e32"", "" exacting"", "" natuurlijk"", ""\u0c26\u0c4d\u0c26""]"
association,rlens_64p,wright,15,"["" la"", "" Jesuits"", "" \u0e19\u0e31\u0e48\u0e19"", "" n\u00e5gra"", ""uous""]"
association,rlens_64p,wright,22,"["" la"", "" justement"", "" Thankfully"", ""Thankfully"", ""\u308a""]"
association,rlens_64p,wright,30,"[""\u308a"", "" Thankfully"", "" justement"", ""Thankfully"", ""\u6b63\u662f""]"
association,rlens_64p,wright,38,"[""\u6d88\u5931"", ""C"", "" \u0917\u093e\u092f\u092c"", "" wasnt"", ""ipsis""]"
association,rlens_64p,wright,45,"[""\u6d88\u5931"", "" \u0917\u093e\u092f\u092c"", ""B"", ""P"", ""S""]"
association,rlens_64p,wright,52,"[""\u6d88\u5931"", "" disappear"", "" \u0917\u093e\u092f\u092c"", ""\u4e0d\u5b58\u5728"", "" disappeared""]"
association,jpp_64p,wright,8,"[""bc"", "" \u0643\u0647"", "" itu"", "" noen"", ""\u044d\u044d""]"
association,jpp_64p,wright,15,"["" miserably"", "" pouss"", ""disable"", ""some"", "" \uad49\uc7a5\ud788""]"
association,jpp_64p,wright,22,"[""\u308a"", ""few"", ""\u0449\u0430"", "" fewest"", "" notion""]"
association,jpp_64p,wright,30,"[""\u308a"", "" \uc5c6"", "" justement"", "" \uc54a\uc558\ub2e4"", "" \uc5c6\uc74c""]"
association,jpp_64p,wright,38,"[""eless"", "" \u0917\u093e\u092f\u092c"", ""\uc5c6"", ""\u0432\u043b\u0435"", ""\u093f\u0924""]"
association,jpp_64p,wright,45,"["" either"", "" disappear"", ""\u6d88\u5931"", "" \u0917\u093e\u092f\u092c"", "" \u043e\u0442\u0441\u0443\u0442\u0441\u0442\u0432\u0443\u0435\u0442""]"
association,jpp_64p,wright,52,"["" disappear"", ""\u6d88\u5931"", "" \u0917\u093e\u092f\u092c"", "" disappearance"", "" disappearing""]"
association,logit,gandhi,8,"["" a"", ""en"", "" an"", ""ers"", "" l""]"
association,logit,gandhi,15,"["" l"", "" own"", "" a"", ""iz"", ""ers""]"
association,logit,gandhi,22,"["" own"", "" l"", "" a"", "" que"", ""iz""]"
association,logit,gandhi,30,"["" l"", ""-"", "" and"", ""er"", ""ly""]"
association,logit,gandhi,38,"[""-"", "" and"", "" l"", "" a"", ""ed""]"
association,logit,gandhi,45,"[""-"", "" a"", ""get"", ""ed"", "" what""]"
association,logit,gandhi,52,"[""-"", ""\u53d6"", "" l\u1ea5y"", ""harvest"", "" harvested""]"
association,jlens_16p,gandhi,8,"[""y"", ""yeri"", ""ness"", ""\u094d\u092f"", ""mett""]"
association,jlens_16p,gandhi,15,"[""UKA"", ""\u0420\u0410"", "" PRP"", "" la"", "" own""]"
association,jlens_16p,gandhi,22,"[""UKA"", ""\u0420\u0410"", "" PRP"", "" own"", "" la""]"
association,jlens_16p,gandhi,30,"["" own"", "" even"", ""ity"", ""\u0105d"", ""enco""]"
association,jlens_16p,gandhi,38,"["" own"", ""\u05d5"", "" uma"", ""\u0d41\u0d35"", ""ity""]"
association,jlens_16p,gandhi,45,"[""\u4e00\u4e2a"", ""something"", ""un"", ""to"", ""what""]"
association,jlens_16p,gandhi,52,"[""harvest"", ""took"", "" creations"", "" r\u00e9col"", ""\u53d6""]"
association,rlens_16p,gandhi,8,"["" Inquisition"", ""\u0631\u064a\u0645"", "" exacting"", ""bc"", ""\u09be\u099c""]"
association,rlens_16p,gandhi,15,"["" la"", "" same"", "" similit"", "" l"", "" and""]"
association,rlens_16p,gandhi,22,"["" same"", "" few"", ""\u540c\u6837\u7684"", ""few"", ""\u0631\u064a\u0645""]"
association,rlens_16p,gandhi,30,"["" r\u00e9sult"", "" rendition"", ""\u5176\u4e2d"", ""\u308a"", ""\u0e32\u0e28""]"
association,rlens_16p,gandhi,38,"[""C"", ""\u7269"", ""\u00edd"", ""iorari"", ""linson""]"
association,rlens_16p,gandhi,45,"[""\u6536\u8d2d"", ""\u6536\u83b7"", ""\u91d1\u989d"", ""ceram"", ""\u4f46\u5728""]"
association,rlens_16p,gandhi,52,"[""took"", "" r\u00e9col"", ""harvest"", ""Took"", ""taken""]"
association,rlens_64p,gandhi,8,"["" Inquisition"", ""\u0631\u064a\u0645"", "" exacting"", "" Shakespeare"", ""bc""]"
association,rlens_64p,gandhi,15,"["" same"", "" la"", "" l"", "" similit"", "" Jesuits""]"
association,rlens_64p,gandhi,22,"["" same"", "" few"", ""\u540c\u6837\u7684"", ""few"", "" fewest""]"
association,rlens_64p,gandhi,30,"[""\u5176\u4e2d"", "" r\u00e9sult"", "" rendition"", ""\u308a"", ""\u540c\u6837\u7684""]"
association,rlens_64p,gandhi,38,"[""\u7269"", ""C"", "" \u0645\u0646\u0643"", ""\u00edd"", ""iorari""]"
association,rlens_64p,gandhi,45,"[""\u6536\u8d2d"", ""\u91d1\u989d"", ""\u6536\u83b7"", ""ceram"", ""imony""]"
association,rlens_64p,gandhi,52,"[""took"", "" r\u00e9col"", ""Took"", ""harvest"", ""taken""]"
association,jpp_64p,gandhi,8,"[""\ub9c8\ub2e4"", "" \u0643\u0647"", ""bc"", ""\ubb38"", "" \uc774\ub7ec\ud55c""]"
association,jpp_64p,gandhi,15,"["" same"", "" similit"", ""\u0449\u0430"", ""disable"", "" simili""]"
association,jpp_64p,gandhi,22,"[""few"", "" same"", "" commonplace"", "" fewest"", "" few""]"
association,jpp_64p,gandhi,30,"[""\u7269"", ""ceram"", ""\u780c"", ""zuoye"", ""would""]"
association,jpp_64p,gandhi,38,"[""\u0935\u0928\u093f"", ""\u00edd"", ""\ud759"", ""\u6536\u8d2d"", ""Clay""]"
association,jpp_64p,gandhi,45,"[""that"", ""\u6536\u8d2d"", ""\u91d1\u989d"", ""made"", ""amount""]"
association,jpp_64p,gandhi,52,"["" r\u00e9col"", ""took"", ""Took"", ""harvest"", ""taken""]"
association,logit,edison,8,"[""er"", "" and"", "" l"", ""ation"", "" a""]"
association,logit,edison,15,"["" a"", "" own"", ""-"", "" l"", "" que""]"
association,logit,edison,22,"["" l"", "" de"", "" own"", "" a"", "" que""]"
association,logit,edison,30,"["" l"", ""ed"", "" and"", ""-"", ""ly""]"
association,logit,edison,38,"[""-"", "" l"", ""\uc73c\ub85c"", "" seemed"", ""ed""]"
association,logit,edison,45,"["" l"", ""ed"", "" own"", ""y"", "" longer""]"
association,logit,edison,52,"["" persistent"", "" persistence"", ""persistence"", ""persist"", ""Persistent""]"
association,jlens_16p,edison,8,"[""y"", ""yeri"", ""ness"", ""\u094d\u092f"", ""mett""]"
association,jlens_16p,edison,15,"[""\u0420\u0410"", ""UKA"", "" PRP"", "" own"", "" la""]"
association,jlens_16p,edison,22,"[""UKA"", ""\u0420\u0410"", "" own"", "" PRP"", "" la""]"
association,jlens_16p,edison,30,"["" own"", "" even"", ""ewater"", ""\ub3c4"", "" single""]"
association,jlens_16p,edison,38,"["" own"", ""\u6027"", ""ity"", "" ability"", "" even""]"
association,jlens_16p,edison,45,"["" longer"", "" brighter"", ""\uc130"", "" ability"", "" l\u00e4nger""]"
association,jlens_16p,edison,52,"["" persist"", ""\u6301\u4e45"", "" persistence"", ""Persistent"", "" persisted""]"
association,rlens_16p,edison,8,"["" helemaal"", "" que"", "" same"", "" histologic"", ""\u0c26\u0c4d\u0c26""]"
association,rlens_16p,edison,15,"["" la"", "" same"", "" helemaal"", ""\u1ebd"", ""\u0631\u064a\u0645""]"
association,rlens_16p,edison,22,"["" la"", "" same"", "" brilliance"", "" \u043a\u0430\u0440\u0442\u0438\u043d\u0430"", ""\u0631\u064a\u0645""]"
association,rlens_16p,edison,30,"["" rendition"", ""ibly"", ""\u1edbp"", ""\u0449\u0435\u043c"", "" \u0b85\u0bb3\u0bb5\u0bc1\u0b95\u0bcd\u0b95\u0bc1""]"
association,rlens_16p,edison,38,"[""B"", ""\ub354\ub2c8"", ""gevity"", ""S"", ""ibly""]"
association,rlens_16p,edison,45,"["" l\u00e4nger"", ""s"", "" longer"", ""ly"", "" either""]"
association,rlens_16p,edison,52,"["" persist"", ""persistent"", ""\u6301\u4e45"", "" persistent"", ""Persistent""]"
association,rlens_64p,edison,8,"["" helemaal"", "" que"", "" Inquisition"", "" histologic"", ""\u0c26\u0c4d\u0c26""]"
association,rlens_64p,edison,15,"["" la"", "" same"", "" helemaal"", "" l"", ""\u1ebd""]"
association,rlens_64p,edison,22,"["" la"", "" same"", "" l"", "" \u043a\u0430\u0440\u0442\u0438\u043d\u0430"", "" fourteenth""]"
association,rlens_64p,edison,30,"[""\u0449\u0435\u043c"", ""\u1edbp"", "" rendition"", ""ibly"", ""aranja""]"
association,rlens_64p,edison,38,"[""B"", ""\ub354\ub2c8"", ""S"", ""ibly"", "" unlike""]"
association,rlens_64p,edison,45,"["" l\u00e4nger"", ""s"", "" longer"", ""\u043b\u044c\u0448\u0435"", ""ly""]"
association,rlens_64p,edison,52,"["" persist"", ""persistent"", ""\u6301\u4e45"", "" persistent"", ""Persistent""]"
association,jpp_64p,edison,8,"["" \u0643\u0647"", ""\uadf8"", ""\ubd80\ud130"", ""\u90a3"", ""\ub9c8\ub2e4""]"
association,jpp_64p,edison,15,"[""\u5f97\u610f"", "" similit"", ""\u0449\u0430"", ""irs"", ""\u0c26\u0c4d\u0c26""]"
association,jpp_64p,edison,22,"["" same"", "" brilliance"", ""\u0449\u0430"", ""\u5f97\u610f"", ""\u0941\u0930""]"
association,jpp_64p,edison,30,"[""\u0449\u0435\u043c"", ""ibly"", ""\uc9dd"", ""keyup"", ""itivo""]"
association,jpp_64p,edison,38,"[""ibly"", ""ed"", "" or"", ""\u0433\u0438\u044f"", ""ighting""]"
association,jpp_64p,edison,45,"[""glow"", "" either"", ""\u5149\u660e"", "" glowing"", "" glow""]"
association,jpp_64p,edison,52,"["" persist"", ""persistent"", ""\u6301\u4e45"", ""Persistent"", "" persistent""]"
association,logit,cia,8,"[""en"", "" a"", "" and"", "" l"", ""er""]"
association,logit,cia,15,"["" a"", "" l"", "" own"", ""iz"", "" que""]"
association,logit,cia,22,"["" l"", "" de"", "" own"", "" que"", ""-""]"
association,logit,cia,30,"["" l"", ""-"", ""ing"", "" and"", ""ly""]"
association,logit,cia,38,"["" l"", ""-"", ""ly"", "" a"", "" and""]"
association,logit,cia,45,"["" l"", ""C"", ""ing"", ""y"", ""ed""]"
association,logit,cia,52,"[""identity"", "" identity"", "" identities"", ""IDENTITY"", "" identidad""]"
association,jlens_16p,cia,8,"[""y"", ""yeri"", ""ness"", ""\u094d\u092f"", ""mett""]"
association,jlens_16p,cia,15,"[""UKA"", ""\u0420\u0410"", "" PRP"", "" la"", "" own""]"
association,jlens_16p,cia,22,"[""UKA"", ""\u0420\u0410"", "" la"", "" own"", "" PRP""]"
association,jlens_16p,cia,30,"["" even"", ""\ub3c4"", "" own"", "" -"", ""S""]"
association,jlens_16p,cia,38,"["" own"", ""\u05d5"", ""ity"", ""\u09be\u099c"", ""\u044b""]"
association,jlens_16p,cia,45,"["" anonymity"", ""lessly"", "" Nobody"", "" obscurity"", ""ities""]"
association,jlens_16p,cia,52,"["" identities"", ""identity"", "" identity"", ""\u507d"", "" anonymity""]"
association,rlens_16p,cia,8,"[""\u0631\u064a\u0645"", ""\u0c26\u0c4d\u0c26"", ""bc"", ""\u0e1e\u0e27\u0e01\u0e40\u0e02\u0e32"", "" helemaal""]"
association,rlens_16p,cia,15,"["" la"", ""\u0631\u064a\u0645"", "" helemaal"", ""\u043f\u043b\u044f"", "" few""]"
association,rlens_16p,cia,22,"["" la"", "" same"", ""\u0631\u064a\u0645"", ""irs"", ""\u0c26\u0c4d\u0c26""]"
association,rlens_16p,cia,30,"["" same"", ""\u308a"", "" none"", ""\u540c\u6837\u7684"", "" Thankfully""]"
association,rlens_16p,cia,38,"[""Anon"", "" \u0928\u0915\u0932"", "" \u0c2a\u0c46\u0c1f\u0c4d\u0c1f\u0c41"", ""\u0648\u063a"", ""\u304f\u306a\u3044""]"
association,rlens_16p,cia,45,"["" identities"", "" aliases"", ""\u8eab\u4efd"", "" anonymity"", "" identity""]"
association,rlens_16p,cia,52,"["" identity"", "" identities"", ""identity"", "" Identities"", ""Identity""]"
association,rlens_64p,cia,8,"[""\u0631\u064a\u0645"", ""\u0c26\u0c4d\u0c26"", ""bc"", "" Inquisition"", "" deles""]"
association,rlens_64p,cia,15,"["" la"", ""\u0631\u064a\u0645"", "" helemaal"", ""\u043f\u043b\u044f"", "" l""]"
association,rlens_64p,cia,22,"["" la"", "" same"", ""\u0631\u064a\u0645"", ""\u0c26\u0c4d\u0c26"", "" few""]"
association,rlens_64p,cia,30,"["" same"", ""\u540c\u6837\u7684"", "" none"", ""\u308a"", "" \u0432\u043e\u0432\u0441\u0435""]"
association,rlens_64p,cia,38,"[""Anon"", ""\u0648\u063a"", "" \u0928\u0915\u0932"", ""\u4e0d\u6e05"", ""\u304f\u306a\u3044""]"
association,rlens_64p,cia,45,"["" identities"", "" aliases"", "" identity"", "" anonymity"", ""identity""]"
association,rlens_64p,cia,52,"["" identity"", ""identity"", "" identities"", ""Identity"", "" identidad""]"
association,jpp_64p,cia,8,"["" \u0643\u0647"", "" itu"", ""\ub9c8\ub2e4"", "" \u0442\u043e\u0433\u043e"", ""\ubd80\ud130""]"
association,jpp_64p,cia,15,"[""\u5f97\u610f"", ""\u0449\u0430"", ""\ub15c"", ""\u0c26\u0c4d\u0c26"", ""disable""]"
association,jpp_64p,cia,22,"["" same"", ""irs"", ""\u0e1e\u0e27\u0e01\u0e40\u0e02\u0e32"", ""\u0c26\u0c4d\u0c26"", ""would""]"
association,jpp_64p,cia,30,"["" same"", "" none"", ""\u308a"", ""\u540c\u6837\u7684"", "" \u0432\u043e\u0432\u0441\u0435""]"
association,jpp_64p,cia,38,"[""\u507d"", ""\u4f2a"", ""\u9a97"", ""Anon"", "" counterfeit""]"
association,jpp_64p,cia,45,"["" disguise"", ""Anon"", "" aliases"", ""Anonymous"", ""identity""]"
association,jpp_64p,cia,52,"["" identity"", "" identities"", ""identity"", ""IDENTITY"", ""Identity""]"
association,logit,vatican,8,"["" a"", ""en"", "" and"", "" l"", ""er""]"
association,logit,vatican,15,"["" l"", "" own"", "" a"", "" que"", ""iz""]"
association,logit,vatican,22,"["" que"", "" de"", "" own"", "" l"", ""-""]"
association,logit,vatican,30,"["" l"", ""-"", ""ly"", ""ed"", ""y""]"
association,logit,vatican,38,"[""\u4e86"", ""\ub85c"", "" l"", ""\uc73c\ub85c"", ""that""]"
association,logit,vatican,45,"["" own"", "" l"", ""ly"", ""y"", ""ed""]"
association,logit,vatican,52,"[""silent"", "" tr\u01b0\u1edbc"", ""Silent"", "" Silent"", ""\u30cb\u30e5\u30fc\u30b9""]"
association,jlens_16p,vatican,8,"[""y"", ""yeri"", ""ness"", ""\u094d\u092f"", ""mett""]"
association,jlens_16p,vatican,15,"[""\u0420\u0410"", ""UKA"", "" PRP"", "" la"", "" own""]"
association,jlens_16p,vatican,22,"[""\u0420\u0410"", ""UKA"", "" PRP"", "" own"", "" la""]"
association,jlens_16p,vatican,30,"["" own"", "" even"", "" single"", "" ability"", "" kind""]"
association,jlens_16p,vatican,38,"["" own"", ""ity"", ""\u05d5"", ""\u6027"", "" \ub4ef""]"
association,jlens_16p,vatican,45,"[""\u4e00\u4e2a"", ""\uc130"", ""\u4fe1\u53f7"", ""\u0e01\u0e48\u0e2d\u0e19"", "" \u0648\u0639\u0631\u0641""]"
association,jlens_16p,vatican,52,"["" before"", ""\u4fe1\u53f7"", ""Before"", "" sebelum"", "" Before""]"
association,rlens_16p,vatican,8,"[""\u0631\u064a\u0645"", ""\u0c26\u0c4d\u0c26"", "" Inquisition"", ""\u0e1e\u0e27\u0e01\u0e40\u0e02\u0e32"", ""\u09be\u099c""]"
association,rlens_16p,vatican,15,"["" la"", "" l"", "" same"", ""\u0631\u064a\u0645"", "" few""]"
association,rlens_16p,vatican,22,"["" same"", "" l"", "" few"", ""few"", "" la""]"
association,rlens_16p,vatican,30,"["" same"", ""\u0e32\u0e28"", ""\u7684\u6d88\u606f"", ""\u308a"", "" \uadf8\ub54c""]"
association,rlens_16p,vatican,38,"[""\u7b2c\u4e00\u65f6\u95f4"", ""\u7eb7\u7eb7"", ""\u7acb\u523b"", ""\u7684\u6d88\u606f"", ""\u5f53\u65e5""]"
association,rlens_16p,vatican,45,"["" own"", ""\u4fe1\u53f7"", "" same"", ""\u7b2c\u4e00\u65f6\u95f4"", ""everyone""]"
association,rlens_16p,vatican,52,"[""\u4fe1\u53f7"", "" news"", "" signal"", ""SIGNAL"", ""signal""]"
association,rlens_64p,vatican,8,"["" Inquisition"", ""\u0631\u064a\u0645"", ""\u0c26\u0c4d\u0c26"", "" Shakespeare"", "" lineWidth""]"
association,rlens_64p,vatican,15,"["" la"", "" l"", "" same"", ""\u0631\u064a\u0645"", "" few""]"
association,rlens_64p,vatican,22,"["" l"", "" same"", "" few"", ""few"", "" own""]"
association,rlens_64p,vatican,30,"["" same"", ""\u0e32\u0e28"", "" \uadf8\ub54c"", ""\u308a"", ""\u091a\u0902""]"
association,rlens_64p,vatican,38,"[""\u0e1e\u0e27\u0e01\u0e40\u0e02\u0e32"", ""\u0648\u063a"", ""\u7b2c\u4e00\u65f6\u95f4"", ""\u0647\u0645"", ""\u7eb7\u7eb7""]"
association,rlens_64p,vatican,45,"["" same"", ""\u4fe1\u53f7"", "" own"", ""\u7b2c\u4e00\u65f6\u95f4"", ""everyone""]"
association,rlens_64p,vatican,52,"["" news"", ""\u4fe1\u53f7"", "" signal"", ""SIGNAL"", ""signal""]"
association,jpp_64p,vatican,8,"[""\ub9c8\ub2e4"", "" \u0643\u0647"", ""\ubd80\ud130"", "" itu"", ""that""]"
association,jpp_64p,vatican,15,"[""\u0449\u0430"", ""\u5f97\u610f"", ""\u0941\u0930"", "" same"", ""\u0c26\u0c4d\u0c26""]"
association,jpp_64p,vatican,22,"["" same"", ""few"", ""\u0e1e\u0e27\u0e01\u0e40\u0e02\u0e32"", ""\u77e5\u308a"", ""\u0449\u0430""]"
association,jpp_64p,vatican,30,"["" same"", "" own"", "" \u0431\u0443\u043a\u0432\u0430\u043b\u044c\u043d\u043e"", ""ponse"", "" juist""]"
association,jpp_64p,vatican,38,"["" same"", ""\u7684\u6d88\u606f"", ""\u12c8\u1245"", ""\u559a"", ""\u0e1f\u0e49\u0e32""]"
association,jpp_64p,vatican,45,"[""**"", ""alert"", ""SIGNAL"", ""\u77e5\u3089\u305b"", ""\u4fe1\u53f7""]"
association,jpp_64p,vatican,52,"[""\u4fe1\u53f7"", "" signal"", ""SIGNAL"", ""signal"", "" news""]"
association,logit,pentagon,8,"["" a"", ""er"", ""en"", "" l"", "" and""]"
association,logit,pentagon,15,"["" l"", "" a"", "" own"", "" que"", "" de""]"
association,logit,pentagon,22,"["" own"", "" de"", "" que"", "" l"", "" a""]"
association,logit,pentagon,30,"["" l"", "" own"", ""-"", ""ly"", ""ed""]"
association,logit,pentagon,38,"["" l"", ""\ub85c"", "" despite"", ""-"", ""er""]"
association,logit,pentagon,45,"["" l"", "" own"", "" a"", ""ing"", ""ed""]"
association,logit,pentagon,52,"["" badge"", ""Access"", ""access"", ""\u30a2\u30af\u30bb\u30b9"", "" Access""]"
association,jlens_16p,pentagon,8,"[""y"", ""yeri"", ""ness"", ""\u094d\u092f"", ""mett""]"
association,jlens_16p,pentagon,15,"[""\u0420\u0410"", ""UKA"", "" PRP"", "" la"", "" own""]"
association,jlens_16p,pentagon,22,"[""y"", ""yeri"", ""ness"", ""\u094d\u092f"", ""mett""]"
association,jlens_16p,pentagon,30,"["" own"", "" even"", ""\ub3c4"", ""ity"", ""\u0105d""]"
association,jlens_16p,pentagon,38,"[""\u6027"", "" own"", "" \uc2f6"", "" \uc2f6\uc740"", ""bc""]"
association,jlens_16p,pentagon,45,"[""\u0647\u0627"", ""e"", "" \uc2f6\uc740"", "" \uc2f6"", ""unable""]"
association,jlens_16p,pentagon,52,"["" access"", ""access"", ""Access"", "" Access"", "" badge""]"
association,rlens_16p,pentagon,8,"["" Inquisition"", "" que"", ""bc"", ""\u0c26\u0c4d\u0c26"", "" lineWidth""]"
association,rlens_16p,pentagon,15,"["" la"", "" same"", "" de"", "" Inquisition"", ""\u0449\u0430""]"
association,rlens_16p,pentagon,22,"["" same"", "" la"", "" Inquisition"", ""\u540c\u6837\u7684"", ""few""]"
association,rlens_16p,pentagon,30,"[""\u308a"", "" \u0436\u0435"", "" \u0431\u0443\u043a\u0432\u0430\u043b\u044c\u043d\u043e"", ""\u091a\u0902"", ""NONE""]"
association,rlens_16p,pentagon,38,"[""B"", ""failure"", "" unsuccessfully"", ""NONE"", ""\u0e17\u0e35\u0e48\u0e44\u0e21\u0e48""]"
association,rlens_16p,pentagon,45,"["" either"", ""\u65e0\u6cd5"", "" \u0434\u0432\u0435\u0440\u0435\u0439"", "" \u043d\u0435\u0443\u0434\u0430"", "" lockout""]"
association,rlens_16p,pentagon,52,"[""access"", "" Access"", "" access"", ""Access"", "" badge""]"
association,rlens_64p,pentagon,8,"["" Inquisition"", "" lineWidth"", ""bc"", "" que"", ""\u0105d""]"
association,rlens_64p,pentagon,15,"["" la"", "" same"", "" Inquisition"", "" que"", "" helemaal""]"
association,rlens_64p,pentagon,22,"["" same"", "" la"", "" fewest"", "" l"", "" Inquisition""]"
association,rlens_64p,pentagon,30,"[""\u308a"", "" \u0436\u0435"", ""NONE"", ""same"", "" \u0431\u0443\u043a\u0432\u0430\u043b\u044c\u043d\u043e""]"
association,rlens_64p,pentagon,38,"[""B"", ""NONE"", ""failure"", "" unsuccessfully"", ""igste""]"
association,rlens_64p,pentagon,45,"["" either"", ""\u65e0\u6cd5"", "" faute"", "" \u0434\u0432\u0435\u0440\u0435\u0439"", "" \u043d\u0435\u0443\u0434\u0430""]"
association,rlens_64p,pentagon,52,"[""access"", "" Access"", ""Access"", "" access"", "" badge""]"
association,jpp_64p,pentagon,8,"["" \u0643\u0647"", ""\ub9c8\ub2e4"", ""\u0449\u0430"", ""\u90a3"", ""\u0630""]"
association,jpp_64p,pentagon,15,"[""\u0449\u0430"", ""disable"", ""\ub15c"", ""\u5f97\u610f"", ""\u0c26\u0c4d\u0c26""]"
association,jpp_64p,pentagon,22,"["" same"", ""\u0449\u0430"", ""few"", "" bu\u1ed9c"", ""\u0941\u0930""]"
association,jpp_64p,pentagon,30,"[""none"", "" \u0431\u0443\u043a\u0432\u0430\u043b\u044c\u043d\u043e"", ""\u308a"", ""NONE"", "" \u0436\u0435""]"
association,jpp_64p,pentagon,38,"[""failure"", "" unsuccessfully"", ""\u65e0\u6548"", ""\u5931\u8d25"", ""Fail""]"
association,jpp_64p,pentagon,45,"["" either"", "" lockout"", ""card"", "" and"", ""failed""]"
association,jpp_64p,pentagon,52,"[""access"", "" badge"", "" Access"", "" access"", ""Access""]"
association,logit,unesco,8,"[""er"", "" l"", "" an"", ""end"", "" a""]"
association,logit,unesco,15,"["" a"", "" l"", "" own"", ""-"", "" que""]"
association,logit,unesco,22,"["" own"", "" de"", "" l"", ""-"", "" a""]"
association,logit,unesco,30,"["" l"", "" own"", "" and"", ""ly"", ""\uc73c\ub85c""]"
association,logit,unesco,38,"["" l"", "" and"", ""-"", ""ly"", ""er""]"
association,logit,unesco,45,"["" l"", "" own"", ""ed"", "" and"", ""ly""]"
association,logit,unesco,52,"["" monument"", ""\u4fdd\u5b58"", "" monuments"", "" preservation"", ""\u4fdd\u62a4""]"
association,jlens_16p,unesco,8,"[""y"", ""yeri"", ""ness"", ""\u094d\u092f"", ""mett""]"
association,jlens_16p,unesco,15,"[""\u0420\u0410"", ""UKA"", "" PRP"", "" la"", "" own""]"
association,jlens_16p,unesco,22,"[""UKA"", ""\u0420\u0410"", "" own"", "" PRP"", "" la""]"
association,jlens_16p,unesco,30,"[""\ub3c4"", ""\u0105d"", "" own"", ""ity"", "" even""]"
association,jlens_16p,unesco,38,"["" own"", ""\u05d5"", ""\u0629"", ""ity"", ""\uc130""]"
association,jlens_16p,unesco,45,"[""set"", ""\uc130"", "" \u0627\u0644\u0639\u0627\u0644\u0645"", ""\u0648\u0627\u0628"", ""e""]"
association,jlens_16p,unesco,52,"["" monuments"", "" preservation"", "" preserved"", ""\u9057\u4ea7"", "" Monuments""]"
association,rlens_16p,unesco,8,"["" Inquisition"", ""\u0631\u064a\u0645"", ""\u0105d"", "" que"", "" helemaal""]"
association,rlens_16p,unesco,15,"["" la"", "" Inquisition"", ""\u0631\u064a\u0645"", "" helemaal"", ""\u0449\u0430""]"
association,rlens_16p,unesco,22,"["" same"", ""\u0449\u0430"", "" notion"", ""\u0105d"", ""\u0440\u0443""]"
association,rlens_16p,unesco,30,"[""\u0440\u0443"", "" Thi\u00ean"", ""\u0627\u0631\u064a\u062e"", ""enseit"", ""\u0105d""]"
association,rlens_16p,unesco,38,"[""\u0d32\u0d4b\u0d15"", "" kh\u1eafp"", "" \u5168\u56fd"", ""\u0e34\u0e49\u0e19"", ""lobal""]"
association,rlens_16p,unesco,45,"[""\u5168\u7403"", ""ervation"", "" \u0627\u0644\u0639\u0627\u0644\u0645"", ""\u4fdd\u7559"", "" UNESCO""]"
association,rlens_16p,unesco,52,"["" monuments"", "" World"", "" Monuments"", "" preservation"", "" monument""]"
association,rlens_64p,unesco,8,"["" Inquisition"", ""\u0105d"", ""\u0631\u064a\u0645"", "" lineWidth"", "" que""]"
association,rlens_64p,unesco,15,"["" la"", "" Inquisition"", "" helemaal"", ""\u0631\u064a\u0645"", ""\u0449\u0430""]"
association,rlens_64p,unesco,22,"["" same"", ""\u0105d"", "" notion"", ""\u0449\u0430"", "" tbh""]"
association,rlens_64p,unesco,30,"[""\u0627\u0631\u064a\u062e"", ""\u0105d"", "" Thi\u00ean"", ""enseit"", ""\u0440\u0443""]"
association,rlens_64p,unesco,38,"[""\u0d32\u0d4b\u0d15"", ""\u0648\u063a"", "" kh\u1eafp"", ""\u0e21\u0e32\u0e0a\u0e34\u0e01"", "" Everywhere""]"
association,rlens_64p,unesco,45,"[""\u5168\u7403"", ""ervation"", "" \u0627\u0644\u0639\u0627\u0644\u0645"", ""\u4fdd\u7559"", "" UNESCO""]"
association,rlens_64p,unesco,52,"["" monuments"", "" World"", "" Monuments"", "" UNESCO"", "" monument""]"
association,jpp_64p,unesco,8,"[""\ub9c8\ub2e4"", "" \u0643\u0647"", ""\u044d\u044d"", ""\u308a"", ""every""]"
association,jpp_64p,unesco,15,"[""\u0449\u0430"", ""\u0941\u0930"", "" similit"", ""\u0c26\u0c4d\u0c26"", "" helemaal""]"
association,jpp_64p,unesco,22,"[""\u0449\u0430"", ""\u0105d"", ""\u0941\u0930"", ""\ub974"", "" commonplace""]"
association,jpp_64p,unesco,30,"[""\u062b\u064a\u0644"", ""\u0440\u0443"", "" \u0431\u0443\u043a\u0432\u0430\u043b\u044c\u043d\u043e"", ""enseit"", "" kh\u1eafp""]"
association,jpp_64p,unesco,38,"[""\u7684\u7a7a\u95f4"", "" kh\u1eafp"", ""\u0d32\u0d4b\u0d15"", "" \u0433\u043b\u043e\u0431\u0430"", ""\u5728\u5168\u7403""]"
association,jpp_64p,unesco,45,"[""\u5404\u5730"", "" worldwide"", ""\u5168\u7403"", "" \u0627\u0644\u0639\u0627\u0644\u0645"", ""world""]"
association,jpp_64p,unesco,52,"["" monuments"", "" Monuments"", "" preservation"", "" monument"", "" UNESCO""]"
association,logit,anger,8,"[""er"", "" a"", "" l"", ""ation"", "" and""]"
association,logit,anger,15,"["" l"", "" a"", "" own"", ""iz"", ""-""]"
association,logit,anger,22,"["" l"", "" own"", "" de"", "" a"", ""able""]"
association,logit,anger,30,"["" l"", ""ly"", ""ing"", ""ed"", ""ness""]"
association,logit,anger,38,"[""ness"", ""ed"", ""er"", ""ly"", ""\uc73c\ub85c""]"
association,logit,anger,45,"[""-"", "" l"", ""ly"", ""y"", ""ed""]"
association,logit,anger,52,"[""silent"", "" silent"", ""-"", "" silenz"", ""Silent""]"
association,jlens_16p,anger,8,"[""y"", ""yeri"", ""ness"", ""\u094d\u092f"", ""mett""]"
association,jlens_16p,anger,15,"[""\u0420\u0410"", ""UKA"", "" PRP"", "" la"", "" own""]"
association,jlens_16p,anger,22,"[""UKA"", ""\u0420\u0410"", "" own"", "" PRP"", "" la""]"
association,jlens_16p,anger,30,"["" even"", ""\ub3c4"", "" que"", ""ation"", ""\u0105d""]"
association,jlens_16p,anger,38,"["" own"", "" \ub4ef"", ""\ub3c4"", ""ity"", ""set""]"
association,jlens_16p,anger,45,"[""\u0647\u0627"", ""set"", ""lessly"", "" \uc2f6\uc740"", ""\u0dd2\u0db1\u0dca""]"
association,jlens_16p,anger,52,"[""silent"", "" silently"", "" silent"", "" Silence"", "" silence""]"
association,rlens_16p,anger,8,"["" lineWidth"", ""\u0c26\u0c4d\u0c26"", ""\u0631\u064a\u0645"", "" natuurlijk"", "" helemaal""]"
association,rlens_16p,anger,15,"["" la"", "" \u043a\u0430\u0440\u0442\u0438\u043d\u0430"", "" helemaal"", ""\u0631\u064a\u0645"", "" de""]"
association,rlens_16p,anger,22,"["" nh\u00e0ng"", "" \u043a\u0430\u0440\u0442\u0438\u043d\u0430"", "" same"", "" stej"", ""\u0631\u064a\u0645""]"
association,rlens_16p,anger,30,"[""\u308a"", "" nh\u00e0ng"", ""ipsis"", ""Quiet"", ""\u091a\u0902""]"
association,rlens_16p,anger,38,"["" nh\u00e0ng"", ""Quiet"", "" \u0432\u0434\u0440\u0443\u0433"", ""lessly"", ""ipsis""]"
association,rlens_16p,anger,45,"["" lembut"", "" silently"", ""spicuous"", "" silencio"", ""\u90a3\u6837""]"
association,rlens_16p,anger,52,"[""silent"", "" silent"", "" Silent"", "" silence"", "" silently""]"
association,rlens_64p,anger,8,"["" lineWidth"", ""\u0c26\u0c4d\u0c26"", "" Inquisition"", "" exacting"", ""\u0631\u064a\u0645""]"
association,rlens_64p,anger,15,"["" la"", ""uous"", "" \u043a\u0430\u0440\u0442\u0438\u043d\u0430"", "" lineWidth"", "" helemaal""]"
association,rlens_64p,anger,22,"["" nh\u00e0ng"", "" \u043a\u0430\u0440\u0442\u0438\u043d\u0430"", "" same"", ""\u0631\u064a\u0645"", "" stej""]"
association,rlens_64p,anger,30,"[""\u308a"", "" nh\u00e0ng"", ""ipsis"", ""\u120d\u1362"", ""ihilation""]"
association,rlens_64p,anger,38,"[""\u308a"", ""ipsis"", ""\u304f\u306a\u3044"", "" nh\u00e0ng"", ""lessly""]"
association,rlens_64p,anger,45,"["" ebenso"", ""atically"", "" lembut"", "" l\u1eb7ng"", ""\u90a3\u6837""]"
association,rlens_64p,anger,52,"[""silent"", "" silent"", "" Silent"", "" silence"", "" silently""]"
association,jpp_64p,anger,8,"["" \u0643\u0647"", ""\u0649"", ""\ub9c8\ub2e4"", "" itu"", ""\ubd80\ud130""]"
association,jpp_64p,anger,15,"[""disable"", ""\u0449\u0430"", ""\u5f97\u610f"", "" lineWidth"", ""\u0c26\u0c4d\u0c26""]"
association,jpp_64p,anger,22,"[""\u308a"", ""\u0449\u0430"", ""\u5f97\u610f"", ""\ub974"", ""\u0941\u0930""]"
association,jpp_64p,anger,30,"[""\u308a"", "" nh\u00e0ng"", ""\u5fc3\u601d"", ""ipsis"", ""Quiet""]"
association,jpp_64p,anger,38,"[""Quiet"", "" nh\u00e0ng"", ""eless"", ""icosia"", ""\u7dca\u5f35""]"
association,jpp_64p,anger,45,"[""\u653e\u4e0b"", ""silent"", ""quiet"", "" silently"", "" carefully""]"
association,jpp_64p,anger,52,"[""silent"", "" silent"", "" Silent"", "" silence"", "" Silence""]"
association,logit,frustrated,8,"[""er"", ""en"", "" of"", "" and"", "" a""]"
association,logit,frustrated,15,"["" l"", "" own"", "" a"", ""-"", ""iz""]"
association,logit,frustrated,22,"["" l"", "" de"", "" own"", ""-"", "" que""]"
association,logit,frustrated,30,"[""-"", "" l"", ""ly"", ""er"", ""ness""]"
association,logit,frustrated,38,"["" a"", ""I"", ""ly"", "" l"", ""-""]"
association,logit,frustrated,45,"["" a"", "" l"", ""ing"", "" his"", "" and""]"
association,logit,frustrated,52,"[""H"", "" he"", "" \uadf8\ub294"", "" He"", ""He""]"
association,jlens_16p,frustrated,8,"[""y"", ""yeri"", ""ness"", ""\u094d\u092f"", ""mett""]"
association,jlens_16p,frustrated,15,"[""\u0420\u0410"", ""UKA"", "" PRP"", "" own"", "" la""]"
association,jlens_16p,frustrated,22,"[""UKA"", ""\u0627\u0631\u0643"", ""\u0420\u0410"", "" and"", "" own""]"
association,jlens_16p,frustrated,30,"["" own"", ""\ub3c4"", ""ational"", ""ity"", "" even""]"
association,jlens_16p,frustrated,38,"["" own"", ""ity"", ""\ub3c4"", "" \uc2f6"", ""\u6027""]"
association,jlens_16p,frustrated,45,"["" own"", ""\u0647"", ""e"", ""\u4ed6"", ""his""]"
association,jlens_16p,frustrated,52,"["" she"", "" he"", ""\u4ed6"", ""\u5979"", "" him""]"
association,rlens_16p,frustrated,8,"[""\u0631\u064a\u0645"", ""\u0c26\u0c4d\u0c26"", "" helemaal"", "" Inquisition"", ""\u043f\u043b\u044f""]"
association,rlens_16p,frustrated,15,"["" la"", "" same"", ""\u0631\u064a\u0645"", ""\u043f\u043b\u044f"", ""\u0c26\u0c4d\u0c26""]"
association,rlens_16p,frustrated,22,"["" la"", "" same"", "" \u043a\u0430\u0440\u0442\u0438\u043d\u0430"", "" nh\u00e0ng"", ""\u0631\u064a\u0645""]"
association,rlens_16p,frustrated,30,"[""ipsis"", ""same"", "" same"", ""\u308a"", "" nh\u00e0ng""]"
association,rlens_16p,frustrated,38,"[""ipsis"", ""lessly"", "" \uadf8\ub294"", ""ddots"", "" h\u1eafn""]"
association,rlens_16p,frustrated,45,"["" either"", "" \uadf8\ub294"", "" his"", ""\u4ed6"", ""his""]"
association,rlens_16p,frustrated,52,"["" \uadf8\ub294"", "" he"", ""\u4ed6"", ""\u5979"", "" she""]"
association,rlens_64p,frustrated,8,"[""\u0631\u064a\u0645"", ""\u043f\u043b\u044f"", "" Inquisition"", ""\u0c26\u0c4d\u0c26"", "" helemaal""]"
association,rlens_64p,frustrated,15,"["" la"", "" same"", ""\u043f\u043b\u044f"", ""\u0631\u064a\u0645"", ""\u0c26\u0c4d\u0c26""]"
association,rlens_64p,frustrated,22,"["" same"", "" la"", "" \u043a\u0430\u0440\u0442\u0438\u043d\u0430"", "" nh\u00e0ng"", "" wskaz""]"
association,rlens_64p,frustrated,30,"[""same"", "" same"", ""ipsis"", ""\u308a"", ""ophobia""]"
association,rlens_64p,frustrated,38,"[""ipsis"", ""lessly"", "" \uadf8\ub294"", ""aphor"", ""ddots""]"
association,rlens_64p,frustrated,45,"["" either"", "" \uadf8\ub294"", "" his"", ""\u4ed6"", "" la""]"
association,rlens_64p,frustrated,52,"["" \uadf8\ub294"", "" he"", ""\u4ed6"", "" she"", "" him""]"
association,jpp_64p,frustrated,8,"[""\ub9c8\ub2e4"", "" \u0643\u0647"", ""\ubd80\ud130"", ""\u0941\u0930"", ""\u0449\u0430""]"
association,jpp_64p,frustrated,15,"[""\u0449\u0430"", ""\u0c26\u0c4d\u0c26"", ""\u5f97\u610f"", ""\u0941\u0930"", ""\u0627\u0631\u0647""]"
association,jpp_64p,frustrated,22,"["" same"", ""\u0449\u0430"", ""\u0941\u0930"", ""\ud07c"", ""\u0e1e\u0e27\u0e01\u0e40\u0e02\u0e32""]"
association,jpp_64p,frustrated,30,"[""same"", ""ipsis"", ""\u308a"", "" same"", "" \u0436\u0435""]"
association,jpp_64p,frustrated,38,"[""ipsis"", ""ddots"", ""izlik"", ""ed"", ""feit""]"
association,jpp_64p,frustrated,45,"["" either"", "" la"", ""**"", "" and"", "" again""]"
association,jpp_64p,frustrated,52,"["" \uadf8\ub294"", "" l"", "" he"", ""\u4ed6"", "" la""]"
association,logit,lonely,8,"["" a"", ""en"", "" l"", ""ation"", "" and""]"
association,logit,lonely,15,"["" a"", "" l"", "" own"", ""-"", ""iz""]"
association,logit,lonely,22,"["" l"", "" own"", "" de"", "" a"", ""iz""]"
association,logit,lonely,30,"["" l"", ""ly"", ""-"", ""ing"", ""ness""]"
association,logit,lonely,38,"[""\u4e86"", ""C"", ""ly"", "" wasn"", ""I""]"
association,logit,lonely,45,"["" own"", ""ed"", ""ing"", ""y"", "" l""]"
association,logit,lonely,52,"["" scraping"", "" scrape"", ""habit"", "" scraped"", ""\u7fd2\u6163""]"
association,jlens_16p,lonely,8,"[""y"", ""yeri"", ""ness"", ""\u094d\u092f"", ""mett""]"
association,jlens_16p,lonely,15,"[""UKA"", ""\u0420\u0410"", "" PRP"", "" own"", "" la""]"
association,jlens_16p,lonely,22,"[""y"", ""yeri"", ""ness"", ""\u094d\u092f"", ""mett""]"
association,jlens_16p,lonely,30,"[""\ub3c4"", "" even"", "" uma"", ""oura"", ""\u0105d""]"
association,jlens_16p,lonely,38,"[""\ub3c4"", "" \uc2f6"", ""\u0629"", ""ity"", "" \ub4ef""]"
association,jlens_16p,lonely,45,"[""e"", ""arf"", ""lessly"", "" \u0d15\u0d42\u0d1f\u0d3f"", ""ipsis""]"
association,jlens_16p,lonely,52,"[""es"", "" discarding"", ""e"", "" disposal"", ""discard""]"
association,rlens_16p,lonely,8,"["" Inquisition"", ""\u0c26\u0c4d\u0c26"", ""\u0631\u064a\u0645"", ""\u043f\u043b\u044f"", ""bc""]"
association,rlens_16p,lonely,15,"["" la"", "" same"", "" \u043a\u0430\u0440\u0442\u0438\u043d\u0430"", ""\u0631\u064a\u0645"", "" Inquisition""]"
association,rlens_16p,lonely,22,"["" same"", "" \u043a\u0430\u0440\u0442\u0438\u043d\u0430"", "" nh\u00e0ng"", ""\u0449\u0430"", "" stej""]"
association,rlens_16p,lonely,30,"["" nh\u00e0ng"", ""\u308a"", ""\u120d\u1362"", ""anku"", "" ebenso""]"
association,rlens_16p,lonely,38,"[""ipsis"", "" nh\u00e0ng"", ""\u1235"", "" \uc0ad\uc81c"", ""lessly""]"
association,rlens_16p,lonely,45,"[""Discard"", "" d\u00e9bar"", "" \uc0ad\uc81c"", ""cision"", ""remove""]"
association,rlens_16p,lonely,52,"[""discard"", ""Discard"", "" discarding"", "" disposal"", "" discard""]"
association,rlens_64p,lonely,8,"["" Inquisition"", ""\u043f\u043b\u044f"", ""\u0c26\u0c4d\u0c26"", ""\u0631\u064a\u0645"", "" lineWidth""]"
association,rlens_64p,lonely,15,"["" la"", "" same"", "" Inquisition"", "" \u043a\u0430\u0440\u0442\u0438\u043d\u0430"", "" helemaal""]"
association,rlens_64p,lonely,22,"["" same"", "" \u043a\u0430\u0440\u0442\u0438\u043d\u0430"", "" nh\u00e0ng"", ""\u0449\u0430"", ""\u540c\u6837\u7684""]"
association,rlens_64p,lonely,30,"["" nh\u00e0ng"", "" ebenso"", ""\u120d\u1362"", ""\u308a"", ""anku""]"
association,rlens_64p,lonely,38,"[""ipsis"", "" nh\u00e0ng"", ""\u1235"", "" \u043f\u0440\u0438\u0432\u044b"", "" \uc0ad\uc81c""]"
association,rlens_64p,lonely,45,"["" d\u00e9bar"", ""Discard"", ""remove"", ""cision"", "" \uc0ad\uc81c""]"
association,rlens_64p,lonely,52,"[""Discard"", ""discard"", "" discarding"", "" scraping"", "" discard""]"
association,jpp_64p,lonely,8,"["" \u0643\u0647"", ""\ubd80\ud130"", ""\u0449\u0430"", ""\u308a"", ""bc""]"
association,jpp_64p,lonely,15,"[""\u0449\u0430"", ""\u5f97\u610f"", "" lineWidth"", ""\u0c26\u0c4d\u0c26"", "" same""]"
association,jpp_64p,lonely,22,"[""\u0449\u0430"", "" same"", ""\u0941\u0930"", ""\ub974"", ""\u5f97\u610f""]"
association,jpp_64p,lonely,30,"[""\u4e4f"", ""\u0939\u0940\u0928"", ""\u308a"", "" nh\u00e0ng"", ""\ub729""]"
association,jpp_64p,lonely,38,"[""ipsis"", "" bereavement"", "" \uc0ac\ub9dd"", ""setminus"", "" nh\u00e0ng""]"
association,jpp_64p,lonely,45,"["" either"", ""Discard"", ""\uc0ad\uc81c"", ""clearRect"", ""remove""]"
association,jpp_64p,lonely,52,"["" discarding"", ""Discard"", ""discard"", "" scraping"", ""\u4e22""]"
association,logit,shame,8,"["" and"", "" a"", "" l"", ""ation"", ""er""]"
association,logit,shame,15,"["" own"", "" a"", "" l"", ""-"", ""iz""]"
association,logit,shame,22,"["" own"", "" l"", ""-"", "" de"", "" a""]"
association,logit,shame,30,"["" l"", ""-"", ""ing"", ""ly"", ""ed""]"
association,logit,shame,38,"[""ed"", ""\ub85c"", "" l"", ""ing"", ""\uc73c\ub85c""]"
association,logit,shame,45,"["" l"", ""ing"", ""ed"", ""C"", "" own""]"
association,logit,shame,52,"[""\u96a0"", "" concealing"", "" \uc228"", "" conceal"", "" concealed""]"
association,jlens_16p,shame,8,"[""y"", ""yeri"", ""ness"", ""\u094d\u092f"", ""mett""]"
association,jlens_16p,shame,15,"[""\u0420\u0410"", ""UKA"", "" PRP"", "" la"", "" own""]"
association,jlens_16p,shame,22,"[""UKA"", ""\u0420\u0410"", "" PRP"", "" own"", "" la""]"
association,jlens_16p,shame,30,"["" even"", ""ity"", "" -"", ""ewater"", "" que""]"
association,jlens_16p,shame,38,"[""\ub3c4"", ""ubu"", ""arrow"", ""elsen"", ""\u05d9""]"
association,jlens_16p,shame,45,"["" soon"", ""into"", "" antes"", "" quickly"", ""\u0647\u0627""]"
association,jlens_16p,shame,52,"["" hiding"", ""\u96a0"", "" concealed"", "" concealing"", ""hide""]"
association,rlens_16p,shame,8,"["" Inquisition"", "" own"", ""\u043f\u043b\u044f"", ""\u0c26\u0c4d\u0c26"", "" helemaal""]"
association,rlens_16p,shame,15,"["" la"", "" same"", ""\u1ebd"", ""\u043f\u043b\u044f"", "" \u043a\u0430\u0440\u0442\u0438\u043d\u0430""]"
association,rlens_16p,shame,22,"["" same"", "" la"", "" \u043a\u0430\u0440\u0442\u0438\u043d\u0430"", "" stej"", "" nh\u00e0ng""]"
association,rlens_16p,shame,30,"["" same"", "" \u0436\u0435"", ""\u044d\u0440\u0438"", "" nh\u00e0ng"", ""ipsis""]"
association,rlens_16p,shame,38,"[""\ubb3c"", ""\u0648\u063a"", ""\u4fa5"", ""\u968f\u540e"", "" concealing""]"
association,rlens_16p,shame,45,"[""into"", "" into"", ""\u638f"", "" slipping"", ""\u968f\u5373""]"
association,rlens_16p,shame,52,"[""hide"", "" hiding"", ""\u96a0"", "" hide"", "" \uc228""]"
association,rlens_64p,shame,8,"["" Inquisition"", ""\u043f\u043b\u044f"", "" lineWidth"", ""\u0105d"", ""\u0c26\u0c4d\u0c26""]"
association,rlens_64p,shame,15,"["" la"", "" same"", ""\u043f\u043b\u044f"", ""\u1ebd"", "" Inquisition""]"
association,rlens_64p,shame,22,"["" same"", "" la"", "" \u043a\u0430\u0440\u0442\u0438\u043d\u0430"", "" stej"", "" nh\u00e0ng""]"
association,rlens_64p,shame,30,"["" same"", "" nh\u00e0ng"", ""ipsis"", "" \u0436\u0435"", ""\u044d\u0440\u0438""]"
association,rlens_64p,shame,38,"[""\u0648\u063a"", ""\ubb3c"", ""\u968f\u540e"", ""\u4fa5"", ""Immediately""]"
association,rlens_64p,shame,45,"[""into"", "" into"", ""Into"", ""immediately"", ""Immediately""]"
association,rlens_64p,shame,52,"[""hide"", "" hide"", ""\u96a0"", "" hiding"", "" \uc228""]"
association,jpp_64p,shame,8,"["" \u0643\u0647"", ""\ub9c8\ub2e4"", ""\u0449\u0430"", "" itu"", ""\ubd80\ud130""]"
association,jpp_64p,shame,15,"[""\u0449\u0430"", ""\u5f97\u610f"", ""\u0c26\u0c4d\u0c26"", ""\u0941\u0930"", ""disable""]"
association,jpp_64p,shame,22,"["" same"", ""\u0449\u0430"", ""\u0941\u0930"", "" stej"", ""\ub974""]"
association,jpp_64p,shame,30,"["" \u0436\u0435"", "" same"", ""\ubc97"", ""\u308a"", ""ipsis""]"
association,jpp_64p,shame,38,"["" concealing"", "" smuggling"", "" concealment"", ""Grab"", "" conceal""]"
association,jpp_64p,shame,45,"[""into"", "" tuck"", "" tucked"", ""\u638f"", "" and""]"
association,jpp_64p,shame,52,"[""hide"", "" hide"", ""\u96a0"", "" hiding"", "" conceal""]"
association,logit,noir,8,"["" a"", ""er"", "" l"", "" an"", "" and""]"
association,logit,noir,15,"["" l"", "" own"", ""-"", "" a"", "" que""]"
association,logit,noir,22,"["" own"", "" l"", "" de"", ""-"", "" que""]"
association,logit,noir,30,"["" l"", ""-"", "" own"", ""ly"", ""ed""]"
association,logit,noir,38,"["" l"", ""-"", ""I"", ""\u5979"", ""\ub9cc""]"
association,logit,noir,45,"["" l"", "" a"", "" she"", ""\u5979"", "" her""]"
association,logit,noir,52,"["" she"", ""\u5979"", "" \u043e\u043d\u0430"", ""She"", "" She""]"
association,jlens_16p,noir,8,"[""y"", ""yeri"", ""ness"", ""\u094d\u092f"", ""mett""]"
association,jlens_16p,noir,15,"[""\u0420\u0410"", ""UKA"", "" PRP"", "" la"", "" own""]"
association,jlens_16p,noir,22,"[""UKA"", ""\u0420\u0410"", "" PRP"", "" own"", "" la""]"
association,jlens_16p,noir,30,"["" own"", "" even"", ""ity"", "" fact"", ""\ub3c4""]"
association,jlens_16p,noir,38,"["" own"", ""ity"", ""\u6027"", "" \ub4ef"", ""\ub9cc""]"
association,jlens_16p,noir,45,"["" she"", ""\u5979"", "" her"", ""\u5f7c\u5973"", "" \uadf8\ub140""]"
association,jlens_16p,noir,52,"["" she"", ""\u5979"", ""\u5f7c\u5973"", "" her"", "" \uadf8\ub140""]"
association,rlens_16p,noir,8,"["" que"", ""\u0c26\u0c4d\u0c26"", ""\u0440\u0443"", "" helemaal"", ""\u043f\u043b\u044f""]"
association,rlens_16p,noir,15,"["" la"", "" helemaal"", ""\u043f\u043b\u044f"", "" same"", ""\u0449\u0430""]"
association,rlens_16p,noir,22,"["" same"", "" \u043a\u0430\u0440\u0442\u0438\u043d\u0430"", "" Inquisition"", ""\u0440\u0443"", "" nh\u00e0ng""]"
association,rlens_16p,noir,30,"["" nh\u00e0ng"", ""\u0928\u093f\u0937\u094d\u0920"", "" same"", ""ipsis"", "" \u0436\u0435""]"
association,rlens_16p,noir,38,"[""\u5979"", ""\u5979\u7684"", "" \uadf8\ub140"", "" \u5979"", "" nh\u00e0ng""]"
association,rlens_16p,noir,45,"["" she"", ""\u5979"", "" \uadf8\ub140"", "" her"", "" \u5979""]"
association,rlens_16p,noir,52,"["" she"", ""\u5979"", "" \uadf8\ub140"", "" \u5979"", "" her""]"
association,rlens_64p,noir,8,"["" Inquisition"", ""\u043f\u043b\u044f"", "" lineWidth"", "" que"", ""\u0c26\u0c4d\u0c26""]"
association,rlens_64p,noir,15,"["" la"", ""\u043f\u043b\u044f"", "" helemaal"", "" same"", "" Inquisition""]"
association,rlens_64p,noir,22,"["" same"", "" \u043a\u0430\u0440\u0442\u0438\u043d\u0430"", "" Inquisition"", ""atious"", ""\u0c26\u0c4d\u0c26""]"
association,rlens_64p,noir,30,"["" same"", "" nh\u00e0ng"", ""\u0928\u093f\u0937\u094d\u0920"", ""ipsis"", ""keyup""]"
association,rlens_64p,noir,38,"[""\u5979"", ""\u5979\u7684"", "" \uadf8\ub140"", "" \u5979"", "" nh\u00e0ng""]"
association,rlens_64p,noir,45,"["" she"", ""\u5979"", "" \uadf8\ub140"", "" her"", "" \u5979""]"
association,rlens_64p,noir,52,"["" she"", ""\u5979"", "" \uadf8\ub140"", "" \u5979"", "" her""]"
association,jpp_64p,noir,8,"["" \u0643\u0647"", "" \u0442\u043e\u0433\u043e"", ""\u0941\u0930"", ""\u0449\u0430"", ""\ub9c8\ub2e4""]"
association,jpp_64p,noir,15,"[""\u5f97\u610f"", ""\u0449\u0430"", "" lineWidth"", ""\u0449"", "" similit""]"
association,jpp_64p,noir,22,"["" same"", ""\u0449\u0430"", ""\u5f97\u610f"", ""\u0941\u0930"", ""\u0440\u0443""]"
association,jpp_64p,noir,30,"[""keyup"", ""\ub729"", ""ipsis"", "" up"", "" nh\u00e0ng""]"
association,jpp_64p,noir,38,"["" \uadf8\ub140"", "" noir"", ""\u5979\u7684"", ""ing"", ""\u5979""]"
association,jpp_64p,noir,45,"[""\u5979"", "" \uadf8\ub140"", "" she"", "" her"", "" \u5979""]"
association,jpp_64p,noir,52,"["" she"", "" \uadf8\ub140"", ""\u5979"", "" her"", "" \u5979""]"
association,logit,horror,8,"[""en"", ""er"", "" and"", "" l"", "" a""]"
association,logit,horror,15,"["" l"", "" a"", "" own"", "" que"", ""iz""]"
association,logit,horror,22,"["" l"", ""-"", "" own"", "" a"", "" de""]"
association,logit,horror,30,"["" l"", ""ly"", ""-"", ""ed"", ""ing""]"
association,logit,horror,38,"[""C"", ""I"", "" and"", ""K"", "" l""]"
association,logit,horror,45,"["" l"", "" own"", ""ing"", ""ed"", ""C""]"
association,logit,horror,52,"["" scratching"", ""scratch"", "" scratched"", "" Scratch"", "" scratch""]"
association,jlens_16p,horror,8,"[""y"", ""yeri"", ""ness"", ""\u094d\u092f"", ""mett""]"
association,jlens_16p,horror,15,"[""\u0420\u0410"", ""UKA"", "" PRP"", "" la"", "" own""]"
association,jlens_16p,horror,22,"[""\u0420\u0410"", ""UKA"", "" PRP"", "" own"", "" la""]"
association,jlens_16p,horror,30,"["" even"", ""ness"", ""ations"", ""ation"", ""ities""]"
association,jlens_16p,horror,38,"[""\ub3c4"", ""\u093e\u0930"", ""ipsis"", ""\uc130"", ""\u0629""]"
association,jlens_16p,horror,45,"[""something"", ""Something"", ""\u0629"", ""\u0627\u062a"", ""\u0643""]"
association,jlens_16p,horror,52,"["" scratching"", "" scratch"", ""Scr"", ""scratch"", "" Scratch""]"
association,rlens_16p,horror,8,"[""\u0c26\u0c4d\u0c26"", ""\u0631\u064a\u0645"", "" Inquisition"", "" helemaal"", ""\u043f\u043b\u044f""]"
association,rlens_16p,horror,15,"["" la"", ""\u0449\u0430"", ""\u0631\u064a\u0645"", "" helemaal"", "" Inquisition""]"
association,rlens_16p,horror,22,"["" same"", "" la"", ""\u0449\u0430"", "" \u043a\u0430\u0440\u0442\u0438\u043d\u0430"", "" nh\u00e0ng""]"
association,rlens_16p,horror,30,"[""ipsis"", "" same"", "" Zanu"", "" \u0436\u0435"", ""\u0449\u0430""]"
association,rlens_16p,horror,38,"[""ipsis"", "" \u062f\u0644\u0648\u0642\u062a\u064a"", "" agora"", ""\u0bc1\u0b95"", ""\ub9cc""]"
association,rlens_16p,horror,45,"[""-"", "" and"", ""something"", ""Something"", "" czego""]"
association,rlens_16p,horror,52,"["" scratching"", "" scratch"", ""scratch"", ""Scr"", "" Scratch""]"
association,rlens_64p,horror,8,"["" Inquisition"", ""\u043f\u043b\u044f"", ""\u0631\u064a\u0645"", ""\u0c26\u0c4d\u0c26"", "" helemaal""]"
association,rlens_64p,horror,15,"["" la"", ""\u0449\u0430"", "" Inquisition"", "" helemaal"", ""\u0631\u064a\u0645""]"
association,rlens_64p,horror,22,"["" same"", ""\u0449\u0430"", "" la"", "" \u043a\u0430\u0440\u0442\u0438\u043d\u0430"", "" nh\u00e0ng""]"
association,rlens_64p,horror,30,"["" same"", ""ipsis"", "" Zanu"", ""ihilation"", "" Thankfully""]"
association,rlens_64p,horror,38,"[""ipsis"", "" \u062f\u0644\u0648\u0642\u062a\u064a"", "" agora"", ""\u0bc1\u0b95"", ""ddots""]"
association,rlens_64p,horror,45,"[""-"", "" and"", ""something"", ""Something"", ""\u0bc1\u0b95""]"
association,rlens_64p,horror,52,"["" scratching"", "" scratch"", ""scratch"", ""Scr"", "" Scratch""]"
association,jpp_64p,horror,8,"["" \u0643\u0647"", ""\ub9c8\ub2e4"", ""\ubd80\ud130"", ""\u0630"", ""\u0631\u064a""]"
association,jpp_64p,horror,15,"[""\u0449\u0430"", ""\u5f97\u610f"", ""\u0449"", ""\u0440\u043e\u0432\u043a\u0430"", ""\u0c26\u0c4d\u0c26""]"
association,jpp_64p,horror,22,"[""\u0449\u0430"", "" same"", ""\u0449"", ""\u0941\u0930"", ""\ub974""]"
association,jpp_64p,horror,30,"[""ipsis"", ""ihilation"", ""keyup"", "" onslaught"", "" Zanu""]"
association,jpp_64p,horror,38,"[""ihilation"", "" \u0a85\u0aa4"", ""ipsis"", "" \u062f\u0644\u0648\u0642\u062a\u064a"", ""ddots""]"
association,jpp_64p,horror,45,"["" either"", "" and"", ""something"", "" d\u017awi\u0119"", ""inching""]"
association,jpp_64p,horror,52,"["" scratching"", ""scratch"", "" Scratch"", ""Scr"", "" scratch""]"
association,logit,rivals,8,"[""en"", ""er"", "" of"", "" and"", "" a""]"
association,logit,rivals,15,"["" de"", "" l"", "" own"", ""-"", "" a""]"
association,logit,rivals,22,"["" own"", "" de"", "" l"", ""-"", ""iz""]"
association,logit,rivals,30,"[""-"", ""ly"", "" l"", ""ing"", "" and""]"
association,logit,rivals,38,"[""ly"", ""C"", ""I"", "" and"", "" l""]"
association,logit,rivals,45,"["" it"", "" l"", "" and"", "" then"", ""ing""]"
association,logit,rivals,52,"["" it"", "" It"", ""It"", ""\u305d\u308c\u306f"", "" then""]"
association,jlens_16p,rivals,8,"[""y"", ""yeri"", ""ness"", ""\u094d\u092f"", ""mett""]"
association,jlens_16p,rivals,15,"[""UKA"", ""\u0420\u0410"", "" PRP"", "" own"", "" la""]"
association,jlens_16p,rivals,22,"[""UKA"", ""\u0420\u0410"", "" la"", "" PRP"", "" own""]"
association,jlens_16p,rivals,30,"["" even"", ""ations"", ""ity"", "" own"", ""ation""]"
association,jlens_16p,rivals,38,"[""ity"", "" own"", "" even"", "" fact"", ""ation""]"
association,jlens_16p,rivals,45,"["" it"", "" then"", ""S"", ""ization"", ""In""]"
association,jlens_16p,rivals,52,"["" it"", ""ness"", ""In"", "" in"", "" then""]"
association,rlens_16p,rivals,8,"["" same"", "" helemaal"", ""irs"", "" own"", ""\u043f\u043b\u044f""]"
association,rlens_16p,rivals,15,"["" la"", "" same"", "" helemaal"", ""irs"", ""\u0631\u064a\u0645""]"
association,rlens_16p,rivals,22,"["" same"", "" la"", "" nh\u00e0ng"", "" mismos"", "" few""]"
association,rlens_16p,rivals,30,"["" same"", "" nh\u00e0ng"", "" \u0436\u0435"", "" ebenso"", ""ipsis""]"
association,rlens_16p,rivals,38,"["" alike"", "" nh\u00e0ng"", "" same"", ""Their"", "" tbh""]"
association,rlens_16p,rivals,45,"["" it"", "" la"", "" then"", "" same"", "" either""]"
association,rlens_16p,rivals,52,"["" it"", "" It"", "" then"", "" la"", ""It""]"
association,rlens_64p,rivals,8,"["" Inquisition"", "" helemaal"", ""\u043f\u043b\u044f"", "" Shakespeare"", ""\u0631\u064a\u0645""]"
association,rlens_64p,rivals,15,"["" same"", "" helemaal"", "" la"", "" \ub9c8\ucc2c\uac00\uc9c0"", "" similit""]"
association,rlens_64p,rivals,22,"["" same"", "" la"", "" nh\u00e0ng"", "" few"", "" rivalry""]"
association,rlens_64p,rivals,30,"["" same"", "" nh\u00e0ng"", "" \u0436\u0435"", "" ebenso"", ""ipsis""]"
association,rlens_64p,rivals,38,"["" same"", "" nh\u00e0ng"", "" alike"", "" tbh"", ""Their""]"
association,rlens_64p,rivals,45,"["" la"", "" it"", "" same"", "" then"", "" either""]"
association,rlens_64p,rivals,52,"["" it"", "" It"", "" then"", "" la"", ""It""]"
association,jpp_64p,rivals,8,"[""\ub9c8\ub2e4"", "" itu"", "" \u0643\u0647"", ""\ub974"", ""irs""]"
association,jpp_64p,rivals,15,"[""\u0449\u0430"", ""irs"", ""\u0c26\u0c4d\u0c26"", ""\u0627\u0631\u0647"", ""\u0941\u0930""]"
association,jpp_64p,rivals,22,"["" same"", ""\u0449\u0430"", ""\u0c26\u0c4d\u0c26"", ""few"", ""\u0941\u0930""]"
association,jpp_64p,rivals,30,"["" same"", "" nh\u00e0ng"", ""same"", "" \u0436\u0435"", "" ostensibly""]"
association,jpp_64p,rivals,38,"[""\u306e\u9593"", "" similit"", "" \u130d\u1295"", ""\u0e2b\u0e27\u0e48\u0e32\u0e07"", ""\u4e4b\u9593""]"
association,jpp_64p,rivals,45,"["" la"", "" it"", "" either"", "" both"", "" a""]"
association,jpp_64p,rivals,52,"["" it"", "" la"", "" then"", "" either"", "" same""]"
association,logit,boss,8,"[""en"", "" and"", "" l"", ""ation"", "" a""]"
association,logit,boss,15,"["" l"", "" a"", "" own"", ""iz"", "" de""]"
association,logit,boss,22,"["" de"", "" own"", "" l"", ""iz"", ""0""]"
association,logit,boss,30,"["" l"", "" own"", ""-"", ""ed"", ""ly""]"
association,logit,boss,38,"["" l"", ""-"", ""C"", ""ing"", ""ness""]"
association,logit,boss,45,"["" l"", ""ing"", ""ed"", ""C"", ""ly""]"
association,logit,boss,52,"["" la"", "" signal"", ""signal"", ""\u4fe1\u53f7"", "" signals""]"
association,jlens_16p,boss,8,"[""y"", ""yeri"", ""ness"", ""\u094d\u092f"", ""mett""]"
association,jlens_16p,boss,15,"[""\u0420\u0410"", ""UKA"", "" la"", "" PRP"", "" own""]"
association,jlens_16p,boss,22,"[""UKA"", ""\u0420\u0410"", "" PRP"", "" own"", "" la""]"
association,jlens_16p,boss,30,"["" even"", ""\u0105d"", ""\ub3c4"", ""ewski"", ""ity""]"
association,jlens_16p,boss,38,"["" own"", ""ity"", ""ashi"", ""\u6027"", ""\u0629""]"
association,jlens_16p,boss,45,"[""S"", ""That"", ""Until"", ""until"", "" thats""]"
association,jlens_16p,boss,52,"["" only"", ""only"", ""That"", "" that"", "" Only""]"
association,rlens_16p,boss,8,"["" Inquisition"", "" que"", ""\u0631\u064a\u0645"", ""\u0c26\u0c4d\u0c26"", ""bc""]"
association,rlens_16p,boss,15,"["" la"", "" l"", "" same"", "" Inquisition"", "" a""]"
association,rlens_16p,boss,22,"["" same"", ""same"", ""cendo"", "" la"", "" \u043a\u0430\u0440\u0442\u0438\u043d\u0430""]"
association,rlens_16p,boss,30,"["" \u0436\u0435"", ""same"", "" same"", ""\u711a"", ""\u0e32\u0e28""]"
association,rlens_16p,boss,38,"[""until"", ""C"", ""\u5979"", ""otherwise"", "" \uadf8\ub54c""]"
association,rlens_16p,boss,45,"[""That"", "" That"", ""S"", ""Until"", "" \uadf8\ub54c""]"
association,rlens_16p,boss,52,"["" only"", "" signal"", "" Only"", ""\u4fe1\u53f7"", ""signal""]"
association,rlens_64p,boss,8,"["" Inquisition"", "" que"", ""\u0c26\u0c4d\u0c26"", ""\u0631\u064a\u0645"", "" lineWidth""]"
association,rlens_64p,boss,15,"["" la"", "" l"", "" same"", "" Inquisition"", ""\u0631\u064a\u0645""]"
association,rlens_64p,boss,22,"["" same"", "" l"", ""cendo"", "" \u043a\u0430\u0440\u0442\u0438\u043d\u0430"", ""\u0449\u0430""]"
association,rlens_64p,boss,30,"["" same"", "" \u0436\u0435"", ""same"", ""\u711a"", ""\u0e32\u0e28""]"
association,rlens_64p,boss,38,"[""until"", ""ipsis"", ""otherwise"", ""C"", "" \uadf8\ub54c""]"
association,rlens_64p,boss,45,"["" That"", ""That"", ""Until"", ""S"", "" \u90a3""]"
association,rlens_64p,boss,52,"["" only"", "" signal"", "" Only"", ""\u4fe1\u53f7"", ""signal""]"
association,jpp_64p,boss,8,"["" \u0643\u0647"", ""\u308a"", ""\ub9c8\ub2e4"", "" itu"", "" \u0442\u043e\u0433\u043e""]"
association,jpp_64p,boss,15,"[""\u0449\u0430"", "" same"", ""\u0941\u0930"", "" lineWidth"", ""\u0440\u043e\u0432\u043a\u0430""]"
association,jpp_64p,boss,22,"["" same"", ""\u0449\u0430"", ""\ub974"", ""\u0941\u0930"", "" \uc54a\uc558\ub2e4""]"
association,jpp_64p,boss,30,"[""plicht"", ""S"", ""same"", "" \u0436\u0435"", ""\u0e40\u0e14\u0e35\u0e22\u0e27""]"
association,jpp_64p,boss,38,"[""until"", ""oji"", "" pengertian"", ""\u3044\u3064"", "" until""]"
association,jpp_64p,boss,45,"[""That"", ""until"", "" That"", ""Until"", "" until""]"
association,jpp_64p,boss,52,"["" signal"", ""SIGNAL"", ""signal"", ""\u4fe1\u53f7"", ""Signal""]"
association,logit,neighbors,8,"[""en"", "" a"", "" an"", ""ers"", "" l""]"
association,logit,neighbors,15,"["" a"", "" own"", "" l"", ""-"", "" que""]"
association,logit,neighbors,22,"["" own"", "" l"", "" que"", ""iz"", "" uma""]"
association,logit,neighbors,30,"["" l"", ""-"", ""ly"", ""er"", "" own""]"
association,logit,neighbors,38,"["" l"", ""-"", "" and"", "" despite"", ""\ub85c""]"
association,logit,neighbors,45,"["" l"", ""s"", ""ly"", "" own"", "" been""]"
association,logit,neighbors,52,"["" waved"", "" waving"", "" Wave"", "" wave"", ""wave""]"
association,jlens_16p,neighbors,8,"[""y"", ""yeri"", ""ness"", ""\u094d\u092f"", ""mett""]"
association,jlens_16p,neighbors,15,"[""UKA"", ""\u0420\u0410"", "" la"", "" PRP"", "" BUY""]"
association,jlens_16p,neighbors,22,"[""\u0420\u0410"", ""UKA"", "" own"", "" PRP"", "" la""]"
association,jlens_16p,neighbors,30,"["" own"", ""\ub3c4"", "" even"", "" fact"", ""ity""]"
association,jlens_16p,neighbors,38,"["" own"", ""ity"", "" fact"", ""bc"", ""\u0d41\u0d35""]"
association,jlens_16p,neighbors,45,"[""S"", ""L"", ""K"", ""nobody"", ""P""]"
association,jlens_16p,neighbors,52,"["" unnoticed"", "" waving"", "" unrecognized"", "" waved"", ""Wave""]"
association,rlens_16p,neighbors,8,"["" own"", ""\u0c26\u0c4d\u0c26"", ""\u0631\u064a\u0645"", ""\u09be\u099c"", "" Shakespeare""]"
association,rlens_16p,neighbors,15,"["" la"", "" own"", "" same"", "" de"", "" few""]"
association,rlens_16p,neighbors,22,"["" same"", "" own"", "" la"", "" few"", "" simili""]"
association,rlens_16p,neighbors,30,"["" same"", ""\u308a"", ""izlik"", "" nh\u00e0ng"", "" none""]"
association,rlens_16p,neighbors,38,"[""ueless"", ""izlik"", "" nonetheless"", "" pourtant"", "" dennoch""]"
association,rlens_16p,neighbors,45,"["" aparentemente"", "" \u043e\u0442\u043d\u043e\u0448\u0435\u043d\u0438\u044e"", ""nobody"", ""\u8fd9\u4f4d"", "" stranger""]"
association,rlens_16p,neighbors,52,"["" waving"", "" waved"", ""wave"", ""Wave"", "" wave""]"
association,rlens_64p,neighbors,8,"["" Shakespeare"", "" Inquisition"", ""\u0bb3\u0bcd"", ""\u0631\u064a\u0645"", ""\u0c26\u0c4d\u0c26""]"
association,rlens_64p,neighbors,15,"["" la"", "" own"", "" same"", "" Jesuits"", "" Shakespeare""]"
association,rlens_64p,neighbors,22,"["" same"", "" own"", "" la"", "" few"", "" l""]"
association,rlens_64p,neighbors,30,"["" same"", ""\u308a"", ""izlik"", "" nh\u00e0ng"", "" none""]"
association,rlens_64p,neighbors,38,"["" nonetheless"", ""izlik"", ""ueless"", ""\u4e0d\u6e05"", "" dennoch""]"
association,rlens_64p,neighbors,45,"[""nobody"", "" \u043e\u0442\u043d\u043e\u0448\u0435\u043d\u0438\u044e"", "" aparentemente"", ""\u8fd9\u4f4d"", "" stranger""]"
association,rlens_64p,neighbors,52,"["" waving"", "" waved"", ""wave"", "" wave"", ""Wave""]"
association,jpp_64p,neighbors,8,"["" \u0643\u0647"", ""\ub9c8\ub2e4"", "" noen"", ""\u044d\u044d"", "" \u0437\u043d\u0430\u043c\u0435\u043d\u0438""]"
association,jpp_64p,neighbors,15,"["" same"", ""\u5f97\u610f"", ""disable"", ""irs"", ""\u0449\u0430""]"
association,jpp_64p,neighbors,22,"["" own"", "" same"", ""few"", ""\u5f97\u610f"", "" simili""]"
association,jpp_64p,neighbors,30,"["" same"", ""izlik"", "" none"", ""\u308a"", "" \uc5c6\ub2e4""]"
association,jpp_64p,neighbors,38,"[""ueless"", "" up"", ""izlik"", "" nonetheless"", ""eless""]"
association,jpp_64p,neighbors,45,"[""\u65e0\u5173"", "" waving"", "" neither"", ""\u66fe"", ""hello""]"
association,jpp_64p,neighbors,52,"["" waving"", "" waved"", ""wave"", "" wave"", ""Wave""]"
association,logit,teacher,8,"["" a"", ""en"", "" l"", "" an"", "" and""]"
association,logit,teacher,15,"["" l"", "" a"", "" own"", ""iz"", "" le""]"
association,logit,teacher,22,"["" own"", "" l"", "" de"", "" a"", ""iz""]"
association,logit,teacher,30,"["" own"", ""ly"", ""-"", ""ed"", "" l""]"
association,logit,teacher,38,"[""K"", ""ing"", ""ly"", ""I"", ""ed""]"
association,logit,teacher,45,"["" l"", ""ed"", "" own"", ""C"", "" a""]"
association,logit,teacher,52,"["" grading"", "" grade"", ""grading"", "" Grading"", ""Grad""]"
association,jlens_16p,teacher,8,"[""y"", ""yeri"", ""ness"", ""\u094d\u092f"", ""mett""]"
association,jlens_16p,teacher,15,"[""UKA"", ""\u0420\u0410"", "" PRP"", "" own"", "" la""]"
association,jlens_16p,teacher,22,"[""UKA"", ""\u0420\u0410"", "" PRP"", "" own"", "" la""]"
association,jlens_16p,teacher,30,"[""\ub3c4"", "" own"", ""ization"", "" Hicks"", "" even""]"
association,jlens_16p,teacher,38,"["" uma"", ""set"", "" \uc2f6"", ""\u0629"", ""\u0647\u0627""]"
association,jlens_16p,teacher,45,"[""\u0647\u0627"", "" uma"", ""\u062a\u0647\u0627"", ""set"", ""\u0627\u062a\u0647\u0627""]"
association,jlens_16p,teacher,52,"["" grading"", "" Grading"", ""grading"", "" graded"", "" grade""]"
association,rlens_16p,teacher,8,"[""\u0631\u064a\u0645"", ""\u0c26\u0c4d\u0c26"", "" Inquisition"", "" helemaal"", "" lineWidth""]"
association,rlens_16p,teacher,15,"["" la"", "" same"", ""\u0631\u064a\u0645"", "" l"", "" few""]"
association,rlens_16p,teacher,22,"["" la"", "" same"", "" l"", "" few"", "" a""]"
association,rlens_16p,teacher,30,"["" \u0436\u0435"", "" same"", ""anku"", "" nh\u00e0ng"", ""lest""]"
association,rlens_16p,teacher,38,"[""lessly"", ""\u518d\u3073"", ""ipsis"", "" \u043e\u0447\u0435\u0440\u0435\u0434"", "" \u0436\u0435""]"
association,rlens_16p,teacher,45,"[""\u5979"", ""\u5979\u7684"", "" \uadf8\ub140"", "" \u0623\u0646\u0647\u0627"", "" her""]"
association,rlens_16p,teacher,52,"["" grading"", "" Grading"", ""grading"", "" grade"", ""Grad""]"
association,rlens_64p,teacher,8,"["" Inquisition"", ""\u0631\u064a\u0645"", ""\u0c26\u0c4d\u0c26"", "" lineWidth"", "" helemaal""]"
association,rlens_64p,teacher,15,"["" la"", "" same"", "" l"", ""\u0631\u064a\u0645"", "" helemaal""]"
association,rlens_64p,teacher,22,"["" la"", "" same"", "" l"", "" few"", "" nh\u00e0ng""]"
association,rlens_64p,teacher,30,"["" \u0436\u0435"", "" same"", ""anku"", ""same"", "" nh\u00e0ng""]"
association,rlens_64p,teacher,38,"[""\u518d\u3073"", ""lessly"", ""ipsis"", "" \u0436\u0435"", "" \u043e\u0447\u0435\u0440\u0435\u0434""]"
association,rlens_64p,teacher,45,"[""\u5979"", ""\u5979\u7684"", "" \uadf8\ub140"", "" \u0623\u0646\u0647\u0627"", ""\u0647\u0627""]"
association,rlens_64p,teacher,52,"["" grading"", "" grade"", "" Grading"", ""grading"", "" Grade""]"
association,jpp_64p,teacher,8,"["" \u0643\u0647"", ""\ub9c8\ub2e4"", "" \u0442\u043e\u0433\u043e"", ""\u308a"", ""\u90a3""]"
association,jpp_64p,teacher,15,"[""\u0449\u0430"", "" same"", ""\u5f97\u610f"", "" lineWidth"", ""\u0c26\u0c4d\u0c26""]"
association,jpp_64p,teacher,22,"["" same"", ""\u0449\u0430"", ""\u0941\u0930"", ""\ud07c"", ""few""]"
association,jpp_64p,teacher,30,"["" \u0436\u0435"", ""lest"", "" \u0432\u043e\u0432\u0441\u0435"", "" suivante"", ""blit""]"
association,jpp_64p,teacher,38,"[""\u518d\u3073"", "" trabalhadores"", ""switcher"", "" \uacc4\uc18d"", "" CONTINUE""]"
association,jpp_64p,teacher,45,"[""\u0647\u0627"", ""\ucc99"", "" either"", "" ph\u00ea"", ""\u5979""]"
association,jpp_64p,teacher,52,"["" grading"", "" Grading"", "" grade"", ""grading"", "" Grade""]"
association,logit,underwater,8,"[""en"", "" a"", ""ion"", "" and"", ""er""]"
association,logit,underwater,15,"["" l"", ""iz"", "" own"", "" a"", ""end""]"
association,logit,underwater,22,"["" l"", "" de"", "" que"", ""iz"", "" \u0e2a\u0e39\u0e15\u0e23""]"
association,logit,underwater,30,"["" l"", ""-"", ""ly"", ""ing"", ""ed""]"
association,logit,underwater,38,"[""-"", ""C"", ""While"", ""ly"", ""y""]"
association,logit,underwater,45,"[""ing"", "" l"", ""C"", ""ly"", "" dive""]"
association,logit,underwater,52,"["" diving"", "" pressure"", ""\uc555"", "" descent"", ""Pressure""]"
association,jlens_16p,underwater,8,"[""y"", ""yeri"", ""ness"", ""\u094d\u092f"", ""mett""]"
association,jlens_16p,underwater,15,"[""\u0420\u0410"", ""UKA"", "" PRP"", "" la"", "" own""]"
association,jlens_16p,underwater,22,"[""\u0420\u0410"", ""UKA"", "" PRP"", "" own"", "" la""]"
association,jlens_16p,underwater,30,"["" even"", "" own"", ""ity"", ""\u0105d"", "" single""]"
association,jlens_16p,underwater,38,"["" own"", ""\ub3c4"", ""\u1275"", ""<channel|>"", ""set""]"
association,jlens_16p,underwater,45,"[""\u968f\u7740"", "" deeper"", ""ability"", ""e"", ""set""]"
association,jlens_16p,underwater,52,"["" pressure"", ""pressure"", ""Pressure"", "" descend"", "" descent""]"
association,rlens_16p,underwater,8,"[""\u0631\u064a\u0645"", "" la"", "" same"", "" histologic"", "" Inquisition""]"
association,rlens_16p,underwater,15,"["" la"", "" same"", "" l"", ""\u0631\u064a\u0645"", ""\u1ebd""]"
association,rlens_16p,underwater,22,"["" la"", "" same"", "" fewest"", "" l"", ""\u0631\u064a\u0645""]"
association,rlens_16p,underwater,30,"["" same"", ""\u0641\u0627\u0639"", ""\u044d\u0440\u0438"", ""\u00b9."", ""uraci\u00f3n""]"
association,rlens_16p,underwater,38,"[""B"", "" \u043e\u0449\u0443"", ""\u0441\u043b\u043e"", ""\u05e8\u05d2"", ""\u0995\u09cd\u09b7""]"
association,rlens_16p,underwater,45,"[""\u968f\u7740"", "" \u0432\u043d\u0438\u0437"", ""\u5411\u4e0b"", "" either"", "" dive""]"
association,rlens_16p,underwater,52,"[""Pressure"", "" pressure"", "" \uc555"", ""pressure"", "" descent""]"
association,rlens_64p,underwater,8,"[""\u0631\u064a\u0645"", "" histologic"", "" Inquisition"", "" lineWidth"", "" wskaz""]"
association,rlens_64p,underwater,15,"["" la"", "" l"", "" same"", ""\u0631\u064a\u0645"", ""\u1ebd""]"
association,rlens_64p,underwater,22,"["" la"", "" same"", "" l"", "" fewest"", ""\u0631\u064a\u0645""]"
association,rlens_64p,underwater,30,"[""\u0641\u0627\u0639"", "" same"", ""\u044d\u0440\u0438"", ""\ub729"", ""\u00b9.""]"
association,rlens_64p,underwater,38,"[""B"", "" \u043e\u0449\u0443"", ""\u0995\u09cd\u09b7"", ""\u05e8\u05d2"", ""\u00b9.""]"
association,rlens_64p,underwater,45,"[""\u968f\u7740"", "" \u0432\u043d\u0438\u0437"", ""\u5411\u4e0b"", "" either"", "" profondeur""]"
association,rlens_64p,underwater,52,"[""Pressure"", "" pressure"", "" \uc555"", ""pressure"", "" descent""]"
association,jpp_64p,underwater,8,"["" noen"", ""\ubd80\ud130"", "" \u0e40\u0e01"", "" \u0643\u0647"", ""\u0649""]"
association,jpp_64p,underwater,15,"["" same"", ""disable"", ""\u5f97\u610f"", "" kayu"", ""\u0631\u064a\u0645""]"
association,jpp_64p,underwater,22,"["" same"", ""\ud07c"", "" fewest"", ""\u063a\u0637"", ""\ub974""]"
association,jpp_64p,underwater,30,"[""B"", ""\u0641\u0627\u0639"", ""\u98d9"", "" \u0431\u0443\u043a\u0432\u0430\u043b\u044c\u043d\u043e"", ""anging""]"
association,jpp_64p,underwater,38,"[""Pressure"", ""\u8eab\u7684"", "" Pressure"", ""\u0441\u043b\u043e"", "" \u043e\u0449\u0443""]"
association,jpp_64p,underwater,45,"["" pressure"", ""pressure"", ""Pressure"", "" pression"", "" \u0434\u0430\u0432\u043b\u0435\u043d\u0438\u0435""]"
association,jpp_64p,underwater,52,"["" pressure"", ""Pressure"", ""pressure"", "" \uc555"", "" Pressure""]"
association,logit,desert,8,"["" a"", ""en"", "" and"", ""ation"", "" l""]"
association,logit,desert,15,"["" a"", "" own"", ""-"", "" l"", ""iz""]"
association,logit,desert,22,"["" l"", "" own"", ""-"", ""iz"", ""\u884c\u304f""]"
association,logit,desert,30,"["" l"", ""-"", ""ly"", ""ing"", "" own""]"
association,logit,desert,38,"[""-"", "" l"", ""L"", ""I"", "" but""]"
association,logit,desert,45,"["" his"", "" he"", "" l"", "" a"", ""\u4ed6""]"
association,logit,desert,52,"["" he"", ""\u4ed6"", "" \uadf8\ub294"", ""\u4ed6\u4e0d"", "" He""]"
association,jlens_16p,desert,8,"[""y"", ""yeri"", ""ness"", ""\u094d\u092f"", ""mett""]"
association,jlens_16p,desert,15,"[""UKA"", ""\u0420\u0410"", "" PRP"", "" own"", "" la""]"
association,jlens_16p,desert,22,"[""UKA"", ""\u0420\u0410"", "" PRP"", "" own"", "" la""]"
association,jlens_16p,desert,30,"["" own"", "" even"", ""ity"", ""\u0105d"", "" single""]"
association,jlens_16p,desert,38,"[""\ub3c4"", ""ity"", "" own"", "" \ub4ef"", ""s""]"
association,jlens_16p,desert,45,"[""S"", ""his"", "" he"", "" his"", ""ly""]"
association,jlens_16p,desert,52,"["" he"", "" him"", ""his"", ""ness"", "" his""]"
association,rlens_16p,desert,8,"[""\u0631\u064a\u0645"", ""\u0c26\u0c4d\u0c26"", ""irs"", "" exacting"", ""\u09be\u099c""]"
association,rlens_16p,desert,15,"["" la"", "" l"", ""\u0631\u064a\u0645"", "" same"", "" quelques""]"
association,rlens_16p,desert,22,"["" few"", "" same"", "" fewest"", ""\u0631\u064a\u0645"", "" la""]"
association,rlens_16p,desert,30,"[""\u308a"", "" reliance"", ""\u044f\u0437"", ""lest"", ""\u4e00\u7ebf""]"
association,rlens_16p,desert,38,"[""\uc9da"", "" dwindling"", "" either"", "" dwind"", ""\u044f\u0437""]"
association,rlens_16p,desert,45,"["" his"", "" \uadf8\ub294"", "" he"", "" either"", "" him""]"
association,rlens_16p,desert,52,"["" his"", "" \uadf8\ub294"", "" he"", "" him"", ""\u4ed6""]"
association,rlens_64p,desert,8,"[""\u0631\u064a\u0645"", "" exacting"", ""\ub974"", ""\u0bb3\u0bcd"", ""\u0c26\u0c4d\u0c26""]"
association,rlens_64p,desert,15,"["" la"", "" l"", ""\u0631\u064a\u0645"", "" same"", "" quelques""]"
association,rlens_64p,desert,22,"["" l"", "" fewest"", "" few"", "" same"", ""\u0631\u064a\u0645""]"
association,rlens_64p,desert,30,"[""\u308a"", ""\u044f\u0437"", "" \u043f\u043b\u044f"", ""\u0447\u0438\u043d"", "" \u0436\u0435""]"
association,rlens_64p,desert,38,"[""\uc9da"", "" \u0443\u0431\u044b"", ""\u044f\u0437"", "" dwindling"", "" either""]"
association,rlens_64p,desert,45,"["" his"", "" \uadf8\ub294"", "" he"", "" either"", "" him""]"
association,rlens_64p,desert,52,"["" his"", "" \uadf8\ub294"", "" he"", "" him"", ""\u4ed6""]"
association,jpp_64p,desert,8,"[""\ub9c8\ub2e4"", "" itu"", "" \u0442\u043e\u0433\u043e"", ""\ub108\ubb34"", ""\ub974""]"
association,jpp_64p,desert,15,"[""\u0449\u0430"", ""\u0941\u0930"", ""ara"", ""\u5f97\u610f"", ""\u0627\u0631\u0647""]"
association,jpp_64p,desert,22,"[""\ub974"", ""\ud07c"", ""few"", "" \ub4ef"", "" same""]"
association,jpp_64p,desert,30,"["" \ub4ef"", ""\u4e4f"", ""\u06cc"", ""\u044f\u0437"", ""\u0639\u0648\u062f""]"
association,jpp_64p,desert,38,"[""\u6e07"", ""\u65f1"", "" \uc0ac\ub9dd"", ""\u06cc"", "" Drought""]"
association,jpp_64p,desert,45,"["" la"", "" \uadf8\ub294"", "" either"", "" his"", ""C""]"
association,jpp_64p,desert,52,"["" his"", "" \uadf8\ub294"", "" he"", "" three"", "" him""]"
association,logit,chess,8,"["" a"", "" l"", ""ation"", "" an"", "" and""]"
association,logit,chess,15,"["" a"", "" own"", "" l"", "" que"", ""iz""]"
association,logit,chess,22,"["" l"", "" de"", "" own"", "" a"", ""-""]"
association,logit,chess,30,"[""-"", "" l"", ""ly"", ""ing"", ""ed""]"
association,logit,chess,38,"["" and"", ""-"", ""H"", ""They"", ""er""]"
association,logit,chess,45,"["" l"", ""C"", ""T"", ""y"", "" own""]"
association,logit,chess,52,"["" clock"", ""Clock"", "" clocks"", ""clock"", "" Clock""]"
association,jlens_16p,chess,8,"[""y"", ""yeri"", ""ness"", ""\u094d\u092f"", ""mett""]"
association,jlens_16p,chess,15,"[""UKA"", ""\u0420\u0410"", "" PRP"", "" la"", "" own""]"
association,jlens_16p,chess,22,"[""y"", ""yeri"", ""ness"", ""\u094d\u092f"", ""mett""]"
association,jlens_16p,chess,30,"["" even"", ""ity"", "" own"", "" Hicks"", "" single""]"
association,jlens_16p,chess,38,"["" own"", "" uma"", ""<channel|>"", ""\u05d5"", "" \ub4ef""]"
association,jlens_16p,chess,45,"[""S"", ""to"", ""set"", ""unchecked"", ""e""]"
association,jlens_16p,chess,52,"["" he"", ""\u0e40\u0e02\u0e32"", "" him"", ""\u4ed6"", ""S""]"
association,rlens_16p,chess,8,"[""\u0c26\u0c4d\u0c26"", ""\u0631\u064a\u0645"", "" lineWidth"", "" helemaal"", "" Inquisition""]"
association,rlens_16p,chess,15,"["" la"", ""\u0631\u064a\u0645"", "" l"", "" helemaal"", ""\u0c26\u0c4d\u0c26""]"
association,rlens_16p,chess,22,"["" la"", "" same"", "" l"", ""\u1ebd"", "" \u043a\u0430\u0440\u0442\u0438\u043d\u0430""]"
association,rlens_16p,chess,30,"[""ipsis"", ""\u308a"", ""\u120d\u1362"", "" \u0436\u0435"", "" rendition""]"
association,rlens_16p,chess,38,"[""ipsis"", "" \uadf8\ub7ec\ub098"", ""Their"", ""\u7136\u800c"", ""imony""]"
association,rlens_16p,chess,45,"[""S"", ""\u30bf\u30c3\u30c1"", ""\u4e86\u4e00\u4e0b"", "" Stopwatch"", ""\u8ba1\u65f6""]"
association,rlens_16p,chess,52,"["" him"", ""clock"", ""\u0e40\u0e02\u0e32"", "" clock"", "" he""]"
association,rlens_64p,chess,8,"[""\u0c26\u0c4d\u0c26"", "" lineWidth"", ""\u0631\u064a\u0645"", "" Inquisition"", "" helemaal""]"
association,rlens_64p,chess,15,"["" la"", "" l"", ""\u0631\u064a\u0645"", "" helemaal"", ""\u043f\u043b\u044f""]"
association,rlens_64p,chess,22,"["" la"", "" l"", "" same"", ""\u1ebd"", "" wskaz""]"
association,rlens_64p,chess,30,"[""\u308a"", ""ipsis"", ""\u120d\u1362"", ""qquad"", "" ebenso""]"
association,rlens_64p,chess,38,"[""ipsis"", "" \uadf8\ub7ec\ub098"", ""Their"", ""\u7136\u800c"", ""ddots""]"
association,rlens_64p,chess,45,"[""S"", ""\u30bf\u30c3\u30c1"", ""P"", ""ness"", "" Stopwatch""]"
association,rlens_64p,chess,52,"["" him"", ""clock"", ""\u0e40\u0e02\u0e32"", "" clock"", "" his""]"
association,jpp_64p,chess,8,"[""\ub9c8\ub2e4"", "" \u0643\u0647"", ""\u0941\u0930"", "" \u0442\u043e\u0433\u043e"", "" itu""]"
association,jpp_64p,chess,15,"[""\u5f97\u610f"", ""\u0449\u0430"", ""\u0941\u0930"", ""\u0c26\u0c4d\u0c26"", "" lineWidth""]"
association,jpp_64p,chess,22,"[""\u5f97\u610f"", "" same"", ""\ub974"", ""\u0449\u0430"", ""\u0941\u0930""]"
association,jpp_64p,chess,30,"[""\u308a"", ""C"", ""\u0e31\u0e07\u0e2b\u0e27"", "" ebenso"", ""\u0c97\u0cb3\u0cc1""]"
association,jpp_64p,chess,38,"[""L"", ""\u305d\u308c"", ""\u1eafng"", ""ddots"", "" \uadf8\ub7ec\ub098""]"
association,jpp_64p,chess,45,"[""\u30bf\u30c3\u30c1"", ""clock"", ""button"", "" Clock"", "" clock""]"
association,jpp_64p,chess,52,"[""clock"", "" clock"", "" l"", "" Clock"", ""P""]"
association,logit,poker,8,"["" a"", ""en"", "" of"", "" and"", ""er""]"
association,logit,poker,15,"["" de"", "" a"", "" own"", ""-"", "" l""]"
association,logit,poker,22,"["" own"", "" l"", "" de"", "" que"", "" a""]"
association,logit,poker,30,"["" l"", ""-"", ""er"", ""ly"", ""ed""]"
association,logit,poker,38,"[""C"", "" because"", ""-"", ""because"", ""L""]"
association,logit,poker,45,"["" a"", "" l"", "" his"", ""ed"", ""ing""]"
association,logit,poker,52,"["" face"", "" Which"", ""Which"", "" which"", "" his""]"
association,jlens_16p,poker,8,"[""y"", ""yeri"", ""ness"", ""\u094d\u092f"", ""mett""]"
association,jlens_16p,poker,15,"[""\u0420\u0410"", ""UKA"", "" PRP"", "" la"", "" own""]"
association,jlens_16p,poker,22,"[""UKA"", ""\u0420\u0410"", "" PRP"", "" own"", "" la""]"
association,jlens_16p,poker,30,"["" even"", "" own"", ""ity"", "" fact"", ""ization""]"
association,jlens_16p,poker,38,"["" own"", ""ity"", ""S"", ""set"", ""s""]"
association,jlens_16p,poker,45,"[""S"", ""e"", ""ly"", "" he"", ""if""]"
association,jlens_16p,poker,52,"["" which"", ""which"", "" his"", ""his"", ""Which""]"
association,rlens_16p,poker,8,"[""\u0c26\u0c4d\u0c26"", "" \u0e40\u0e02\u0e32"", "" helemaal"", ""\u0e1c\u0e21"", "" Inquisition""]"
association,rlens_16p,poker,15,"["" la"", ""\u1ebd"", "" helemaal"", ""\u0c26\u0c4d\u0c26"", "" Inquisition""]"
association,rlens_16p,poker,22,"["" la"", ""would"", ""few"", "" quelques"", ""\u0c26\u0c4d\u0c26""]"
association,rlens_16p,poker,30,"[""P"", "" *"", ""NONE"", ""ipsis"", "" Thankfully""]"
association,rlens_16p,poker,38,"[""\u304f\u306a\u3044"", ""ipsis"", ""P"", ""NONE"", ""lessly""]"
association,rlens_16p,poker,45,"["" his"", ""his"", ""\u4ed6\u4e0d"", ""\u4ed6\u7684"", "" he""]"
association,rlens_16p,poker,52,"["" his"", "" which"", ""which"", ""his"", "" Which""]"
association,rlens_64p,poker,8,"[""\u0c26\u0c4d\u0c26"", "" Inquisition"", "" \u0e40\u0e02\u0e32"", ""\u0e1c\u0e21"", "" exacting""]"
association,rlens_64p,poker,15,"["" la"", "" Inquisition"", ""\u0c26\u0c4d\u0c26"", "" helemaal"", "" J\u00e9sus""]"
association,rlens_64p,poker,22,"["" la"", ""would"", "" same"", ""\u0c26\u0c4d\u0c26"", "" que""]"
association,rlens_64p,poker,30,"[""NONE"", ""P"", ""ipsis"", "" NONE"", "" same""]"
association,rlens_64p,poker,38,"[""ipsis"", ""\u304f\u306a\u3044"", ""P"", ""NONE"", ""none""]"
association,rlens_64p,poker,45,"["" his"", ""his"", ""\u4ed6\u4e0d"", ""\u4ed6\u7684"", "" pihaknya""]"
association,rlens_64p,poker,52,"["" his"", "" which"", ""which"", ""his"", "" Which""]"
association,jpp_64p,poker,8,"["" \u0643\u0647"", ""\u0649"", "" \u0442\u043e\u0433\u043e"", "" itu"", ""\ub108\ubb34""]"
association,jpp_64p,poker,15,"[""\u0941\u0930"", ""\u0c26\u0c4d\u0c26"", ""would"", ""\u90a3\u4f4d"", ""\u5f97\u610f""]"
association,jpp_64p,poker,22,"[""would"", "" same"", ""few"", ""\u0941\u0930"", ""\u0449\u0430""]"
association,jpp_64p,poker,30,"[""P"", ""would"", ""\u5374\u662f"", ""NONE"", ""keyup""]"
association,jpp_64p,poker,38,"[""ed"", ""ipsis"", ""eless"", ""izlik"", ""none""]"
association,jpp_64p,poker,45,"["" either"", ""which"", "" Which"", "" which"", "" even""]"
association,jpp_64p,poker,52,"[""which"", "" which"", "" his"", ""his"", "" Which""]"
association,logit,interview,8,"[""er"", "" and"", "" l"", ""ation"", "" a""]"
association,logit,interview,15,"["" l"", "" a"", ""-"", "" own"", "" que""]"
association,logit,interview,22,"["" l"", "" own"", ""-"", "" de"", "" que""]"
association,logit,interview,30,"["" l"", ""ed"", ""ly"", "" own"", ""ing""]"
association,logit,interview,38,"[""-"", "" and"", ""\uc73c\ub85c"", ""\ub85c"", ""y""]"
association,logit,interview,45,"["" l"", "" own"", "" then"", ""y"", ""ed""]"
association,logit,interview,52,"["" la"", "" pen"", "" Across"", ""Across"", "" own""]"
association,jlens_16p,interview,8,"[""y"", ""yeri"", ""ness"", ""\u094d\u092f"", ""mett""]"
association,jlens_16p,interview,15,"[""UKA"", ""\u0420\u0410"", "" la"", "" PRP"", "" Kiya""]"
association,jlens_16p,interview,22,"[""UKA"", ""\u0420\u0410"", "" PRP"", "" own"", "" la""]"
association,jlens_16p,interview,30,"["" own"", "" even"", ""ity"", ""ness"", "" fact""]"
association,jlens_16p,interview,38,"[""S"", ""ity"", ""wr"", ""wm"", ""wright""]"
association,jlens_16p,interview,45,"[""S"", ""e"", ""s"", ""set"", ""es""]"
association,jlens_16p,interview,52,"["" across"", ""across"", ""Across"", ""pen"", ""s""]"
association,rlens_16p,interview,8,"["" same"", "" own"", "" Inquisition"", "" que"", ""\u043f\u043b\u044f""]"
association,rlens_16p,interview,15,"["" la"", "" same"", "" own"", "" Inquisition"", ""\u0449\u0430""]"
association,rlens_16p,interview,22,"["" same"", "" la"", ""\u540c\u6837\u7684"", "" \u043a\u0430\u0440\u0442\u0438\u043d\u0430"", "" stej""]"
association,rlens_16p,interview,30,"["" Thankfully"", ""\u6b63\u662f"", ""ipsis"", ""\u308a"", ""itivo""]"
association,rlens_16p,interview,38,"[""T"", ""B"", ""Cursor"", ""\u8fd9\u65f6"", ""ipsis""]"
association,rlens_16p,interview,45,"[""\u7b14"", "" either"", "" la"", "" \u043d\u0430\u043f\u0440\u043e\u0442\u0438\u0432"", ""\u90a3\u8fb9""]"
association,rlens_16p,interview,52,"[""pen"", "" across"", ""Pen"", "" Pen"", "" pen""]"
association,rlens_64p,interview,8,"["" Inquisition"", "" same"", ""\u0105d"", "" que"", ""\u043f\u043b\u044f""]"
association,rlens_64p,interview,15,"["" la"", "" same"", "" Inquisition"", "" \u043a\u0430\u0440\u0442\u0438\u043d\u0430"", ""\u0449\u0430""]"
association,rlens_64p,interview,22,"["" same"", "" la"", ""\u540c\u6837\u7684"", "" \u043a\u0430\u0440\u0442\u0438\u043d\u0430"", ""\u0449\u0430""]"
association,rlens_64p,interview,30,"["" Thankfully"", ""ipsis"", ""\u308a"", "" \uadf8\ub54c"", ""\u6b63\u662f""]"
association,rlens_64p,interview,38,"[""T"", ""B"", ""Cursor"", ""ipsis"", ""\u8fd9\u65f6""]"
association,rlens_64p,interview,45,"[""\u7b14"", "" either"", "" la"", "" \u043d\u0430\u043f\u0440\u043e\u0442\u0438\u0432"", ""T""]"
association,rlens_64p,interview,52,"[""pen"", "" Pen"", "" pen"", ""Pen"", "" across""]"
association,jpp_64p,interview,8,"["" \u0643\u0647"", ""\u0649"", ""\u044d\u044d"", ""\u308a"", ""\u0449\u0430""]"
association,jpp_64p,interview,15,"[""\u0449\u0430"", ""\u0c26\u0c4d\u0c26"", "" lineWidth"", ""disable"", ""\u0941\u0930""]"
association,jpp_64p,interview,22,"["" same"", ""\u0449\u0430"", ""\u0926\u0943\u0936\u094d\u092f"", ""\ub974"", ""\u0941\u0930""]"
association,jpp_64p,interview,30,"[""\u0926\u0943\u0936\u094d\u092f"", ""\u308a"", ""keyup"", ""\u6b63\u662f"", "" \u0431\u0443\u043a\u0432\u0430\u043b\u044c\u043d\u043e""]"
association,jpp_64p,interview,38,"[""B"", ""T"", ""L"", ""Slate"", ""C""]"
association,jpp_64p,interview,45,"[""T"", "" either"", ""\u7b14"", "" \u043d\u0430\u043f\u0440\u043e\u0442\u0438\u0432"", "" opposite""]"
association,jpp_64p,interview,52,"["" pen"", ""pen"", "" Pen"", ""Pen"", "" la""]"
association,logit,dawn,8,"[""en"", "" a"", "" and"", "" l"", ""er""]"
association,logit,dawn,15,"["" que"", "" l"", "" own"", ""-"", "" a""]"
association,logit,dawn,22,"["" l"", "" own"", ""-"", "" de"", "" a""]"
association,logit,dawn,30,"["" l"", ""ly"", ""ness"", "" and"", ""\uc73c\ub85c""]"
association,logit,dawn,38,"[""ness"", ""\uc73c\ub85c"", ""-"", ""\ub85c"", ""that""]"
association,logit,dawn,45,"["" own"", ""T"", ""C"", "" l"", ""B""]"
association,logit,dawn,52,"[""H"", ""\u8584"", ""B"", "" thin"", ""thin""]"
association,jlens_16p,dawn,8,"[""y"", ""yeri"", ""ness"", ""\u094d\u092f"", ""mett""]"
association,jlens_16p,dawn,15,"[""UKA"", ""\u0420\u0410"", "" PRP"", "" own"", "" la""]"
association,jlens_16p,dawn,22,"[""UKA"", ""\u0420\u0410"", "" own"", "" PRP"", "" la""]"
association,jlens_16p,dawn,30,"["" own"", "" even"", ""ity"", ""\ub3c4"", ""\u0105d""]"
association,jlens_16p,dawn,38,"["" own"", "" \ub4ef"", ""\u05d5"", ""\u0629"", ""set""]"
association,jlens_16p,dawn,45,"[""\u0629"", ""set"", "" \u0627\u0644\u0646\u0647\u0627\u0631"", "" \uc2f6\uc740"", ""\u0628""]"
association,jlens_16p,dawn,52,"[""thin"", "" thin"", ""Thin"", ""ness"", "" Thin""]"
association,rlens_16p,dawn,8,"["" Inquisition"", "" exacting"", ""\ub974"", "" own"", ""\u0c26\u0c4d\u0c26""]"
association,rlens_16p,dawn,15,"["" la"", ""\u0449\u0430"", "" helemaal"", "" same"", "" own""]"
association,rlens_16p,dawn,22,"["" same"", ""\u0449\u0430"", ""\u0631\u064a\u0645"", "" veldig"", ""\ub974""]"
association,rlens_16p,dawn,30,"[""\u308a"", ""\u091a\u0902"", ""\u00edbrio"", ""ewell"", "" \u90a3""]"
association,rlens_16p,dawn,38,"["" \u0635\u0628\u0627\u062d"", "" wenig"", ""TimeString"", "" \u0627\u0644\u0646\u0647\u0627\u0631"", "" \u305d\u3093\u306a""]"
association,rlens_16p,dawn,45,"[""\u77ed\u6682"", "" \u90a3"", "" \u0635\u0628\u0627\u062d"", "" \u0627\u0644\u0646\u0647\u0627\u0631"", "" thinly""]"
association,rlens_16p,dawn,52,"["" thin"", "" Thin"", ""thin"", ""Thin"", "" temporary""]"
association,rlens_64p,dawn,8,"["" Inquisition"", "" exacting"", "" lineWidth"", ""Pablo"", ""\ub974""]"
association,rlens_64p,dawn,15,"["" la"", ""\u0449\u0430"", "" helemaal"", "" Inquisition"", ""\u043f\u043b\u044f""]"
association,rlens_64p,dawn,22,"[""\u0449\u0430"", "" same"", ""\ub974"", ""\u0631\u064a\u0645"", "" veldig""]"
association,rlens_64p,dawn,30,"[""\u308a"", ""\u091a\u0902"", "" \ubb50\uc57c"", ""\u00edbrio"", ""peau""]"
association,rlens_64p,dawn,38,"["" \u0635\u0628\u0627\u062d"", "" wenig"", "" \u305d\u3093\u306a"", "" \u0627\u0644\u0646\u0647\u0627\u0631"", ""TimeString""]"
association,rlens_64p,dawn,45,"["" \u90a3"", ""\u77ed\u6682"", "" \u0635\u0628\u0627\u062d"", "" ever"", ""\u0646\u0647\u0627\u0631""]"
association,rlens_64p,dawn,52,"["" thin"", ""thin"", "" Thin"", ""Thin"", "" thaw""]"
association,jpp_64p,dawn,8,"[""\ub9c8\ub2e4"", "" \u0643\u0647"", ""\ub974"", "" itu"", ""\u0649""]"
association,jpp_64p,dawn,15,"[""\u0449\u0430"", ""\u5f97\u610f"", ""\ub974"", ""\u0941\u0930"", ""\u062d\u064a""]"
association,jpp_64p,dawn,22,"[""\u0449\u0430"", ""\ub974"", ""\u0938\u0941\u092c\u0939"", ""few"", ""\u5f97\u610f""]"
association,jpp_64p,dawn,30,"[""\u308a"", "" \ub4ef"", ""\u091a\u0902"", "" \u0444\u0438\u0433\u0443"", ""\u90a3\u8fb9""]"
association,jpp_64p,dawn,38,"["" \u0635\u0628\u0627\u062d"", ""Morning"", "" \uc0c8\ubcbd"", ""\u0e32\u0e01\u0e32\u0e28"", "" morning""]"
association,jpp_64p,dawn,45,"["" \u0635\u0628\u0627\u062d"", ""\u0646\u0647\u0627\u0631"", ""\u77ed\u6682"", "" ever"", ""thin""]"
association,jpp_64p,dawn,52,"["" thin"", ""thin"", "" Thin"", ""Thin"", "" thaw""]"
association,logit,winter,8,"["" l"", "" a"", ""ation"", "" an"", ""er""]"
association,logit,winter,15,"["" own"", "" l"", "" a"", ""iz"", ""\u4e00""]"
association,logit,winter,22,"["" own"", "" de"", "" a"", ""iz"", "" l""]"
association,logit,winter,30,"["" l"", "" own"", ""ly"", ""e"", ""ing""]"
association,logit,winter,38,"[""ness"", ""ly"", ""\ub85c"", "" and"", ""that""]"
association,logit,winter,45,"["" own"", "" l"", ""C"", ""y"", ""ly""]"
association,logit,winter,52,"[""H"", ""Heating"", "" heating"", "" Heating"", "" Heiz""]"
association,jlens_16p,winter,8,"[""y"", ""yeri"", ""ness"", ""\u094d\u092f"", ""mett""]"
association,jlens_16p,winter,15,"[""UKA"", ""\u0420\u0410"", "" PRP"", "" own"", "" la""]"
association,jlens_16p,winter,22,"[""\u0420\u0410"", ""UKA"", "" PRP"", "" own"", "" la""]"
association,jlens_16p,winter,30,"[""\ub3c4"", "" own"", ""ational"", "" even"", ""\u0105d""]"
association,jlens_16p,winter,38,"["" \ub4ef"", "" \uac83"", "" Redding"", ""\u093e\u0930"", ""<|channel>""]"
association,jlens_16p,winter,45,"[""es"", ""e"", ""<|channel>"", ""set"", ""S""]"
association,jlens_16p,winter,52,"["" heating"", ""Heating"", "" Heating"", "" heaters"", ""heating""]"
association,rlens_16p,winter,8,"[""\u0631\u064a\u0645"", ""\u0c26\u0c4d\u0c26"", "" Inquisition"", ""\u0440\u0443"", ""\u0e1e\u0e27\u0e01\u0e40\u0e02\u0e32""]"
association,rlens_16p,winter,15,"["" la"", "" same"", ""\u0631\u064a\u0645"", "" l"", ""\u0449\u0430""]"
association,rlens_16p,winter,22,"["" same"", "" la"", ""\u0449\u0430"", "" l"", ""nections""]"
association,rlens_16p,winter,30,"[""\u091a\u0902"", ""anging"", ""\u0447\u0438\u043d"", ""enseit"", ""TimeString""]"
association,rlens_16p,winter,38,"[""B"", ""L"", ""Quiet"", ""\ud750"", "" \u0627\u0644\u0646\u0647\u0627\u0631""]"
association,rlens_16p,winter,45,"["" radiators"", "" ever"", "" radiator"", "" heaters"", "" \u0e40\u0e2a\u0e35\u0e22\u0e07""]"
association,rlens_16p,winter,52,"["" heating"", ""Heating"", "" Heating"", "" heater"", "" heaters""]"
association,rlens_64p,winter,8,"["" Inquisition"", ""\u0631\u064a\u0645"", ""\u0c26\u0c4d\u0c26"", "" Shakespeare"", ""\u0bb3\u0bcd""]"
association,rlens_64p,winter,15,"["" la"", "" same"", "" l"", ""\u0631\u064a\u0645"", ""\u0449\u0430""]"
association,rlens_64p,winter,22,"["" same"", "" l"", ""\u0449\u0430"", "" la"", ""anging""]"
association,rlens_64p,winter,30,"[""\u091a\u0902"", ""anging"", ""peau"", ""\u0447\u0438\u043d"", ""\u043b\u0438""]"
association,rlens_64p,winter,38,"[""B"", ""\u7684\u58f0\u97f3"", "" \u0627\u0644\u0646\u0647\u0627\u0631"", ""\ub2e5"", ""L""]"
association,rlens_64p,winter,45,"["" radiators"", "" heaters"", "" radiator"", "" ever"", "" \u0e40\u0e2a\u0e35\u0e22\u0e07""]"
association,rlens_64p,winter,52,"["" heating"", ""Heating"", "" Heating"", "" heater"", "" heaters""]"
association,jpp_64p,winter,8,"["" \u0643\u0647"", "" \u0442\u043e\u0433\u043e"", ""\u0941\u0930"", ""\uadf8"", ""would""]"
association,jpp_64p,winter,15,"[""\u0449\u0430"", "" same"", ""\ub8e8"", ""\u0440\u0443"", "" kayu""]"
association,jpp_64p,winter,22,"["" same"", ""\u0449\u0430"", ""\ub974"", ""\u0941\u0930"", ""\u77e5\u308a""]"
association,jpp_64p,winter,30,"[""B"", "" \ub4ef"", ""L"", ""anging"", ""\u0644\u0644""]"
association,jpp_64p,winter,38,"[""\u79cb\u51ac"", ""\u590f\u5b63"", "" \uc628\ub3c4"", "" \uaca8\uc6b8"", ""\u6c14\u7684""]"
association,jpp_64p,winter,45,"["" radiator"", ""\u0627\u062a"", "" radiators"", "" heaters"", "" heater""]"
association,jpp_64p,winter,52,"["" radiator"", "" heater"", "" heating"", "" Heating"", "" heaters""]"
association,logit,death-h,8,"[""en"", ""er"", "" and"", "" l"", "" a""]"
association,logit,death-h,15,"["" own"", "" a"", "" l"", "" que"", ""iz""]"
association,logit,death-h,22,"["" l"", "" own"", "" de"", ""-"", "" able""]"
association,logit,death-h,30,"["" l"", "" own"", ""ed"", ""-"", ""ly""]"
association,logit,death-h,38,"[""-"", ""ed"", "" still"", "" and"", "" own""]"
association,logit,death-h,45,"["" own"", "" l"", ""ed"", ""ly"", ""y""]"
association,logit,death-h,52,"["" own"", "" l"", ""black"", "" black"", "" dress""]"
association,jlens_16p,death-h,8,"[""y"", ""yeri"", ""ness"", ""\u094d\u092f"", ""mett""]"
association,jlens_16p,death-h,15,"[""UKA"", ""\u0420\u0410"", "" PRP"", "" la"", "" own""]"
association,jlens_16p,death-h,22,"[""y"", ""yeri"", ""ness"", ""\u094d\u092f"", ""mett""]"
association,jlens_16p,death-h,30,"["" even"", ""\ub3c4"", ""ity"", ""\u0105d"", ""age""]"
association,jlens_16p,death-h,38,"[""\ub3c4"", ""\u6027"", ""\u0629"", "" \uc2f6"", "" uma""]"
association,jlens_16p,death-h,45,"[""\u0647\u0627"", ""\u0633"", ""\u4f9d\u7136"", ""islava"", ""\u0629""]"
association,jlens_16p,death-h,52,"["" black"", "" Black"", ""Black"", "" dress"", ""dress""]"
association,rlens_16p,death-h,8,"["" lineWidth"", "" Inquisition"", ""\u043f\u043b\u044f"", ""\ud398"", "" helemaal""]"
association,rlens_16p,death-h,15,"["" la"", ""\u0449\u0430"", "" helemaal"", "" Inquisition"", "" \u043a\u0430\u0440\u0442\u0438\u043d\u0430""]"
association,rlens_16p,death-h,22,"["" same"", ""\u0449\u0430"", "" \u043a\u0430\u0440\u0442\u0438\u043d\u0430"", "" nh\u00e0ng"", "" fini""]"
association,rlens_16p,death-h,30,"["" nh\u00e0ng"", ""\u308a"", ""\u0449\u0430"", "" \u043a\u0430\u0440\u0442\u0438\u043d\u0430"", "" fini""]"
association,rlens_16p,death-h,38,"["" v\u1eabn"", "" lingering"", ""still"", "" weiterhin"", "" still""]"
association,rlens_16p,death-h,45,"[""Black"", "" Black"", ""\u8863"", ""BLACK"", ""robe""]"
association,rlens_16p,death-h,52,"["" black"", "" Black"", ""Black"", ""black"", "" dress""]"
association,rlens_64p,death-h,8,"["" lineWidth"", "" Inquisition"", ""\u043f\u043b\u044f"", "" Woodson"", "" exacting""]"
association,rlens_64p,death-h,15,"["" la"", ""\u0449\u0430"", "" helemaal"", "" \u043a\u0430\u0440\u0442\u0438\u043d\u0430"", "" l""]"
association,rlens_64p,death-h,22,"["" same"", ""\u0449\u0430"", "" \u043a\u0430\u0440\u0442\u0438\u043d\u0430"", "" nh\u00e0ng"", "" fini""]"
association,rlens_64p,death-h,30,"[""\u308a"", "" nh\u00e0ng"", ""\u0449\u0430"", "" fini"", "" \u043a\u0430\u0440\u0442\u0438\u043d\u0430""]"
association,rlens_64p,death-h,38,"["" v\u1eabn"", ""still"", "" lingering"", ""\u4f9d\u65e7"", "" weiterhin""]"
association,rlens_64p,death-h,45,"[""Black"", "" Black"", ""ist"", ""BLACK"", ""\u8863""]"
association,rlens_64p,death-h,52,"["" black"", "" Black"", ""Black"", ""black"", "" dress""]"
association,jpp_64p,death-h,8,"["" \u0643\u0647"", ""\u0649"", ""\ub9c8\ub2e4"", ""\u90a3"", "" \u90a3""]"
association,jpp_64p,death-h,15,"[""\u0449\u0430"", ""\uc600"", ""\ub15c"", "" lineWidth"", ""\u5f97\u610f""]"
association,jpp_64p,death-h,22,"[""\u0449\u0430"", ""\u0941\u0930"", "" same"", ""\ub974"", ""\u0440\u043e\u0432\u043a\u0430""]"
association,jpp_64p,death-h,30,"[""\u308a"", ""\u0449\u0430"", "" \u0110\u00f3"", ""\u0c30\u0c3f"", "" \uc54a\uc558\ub2e4""]"
association,jpp_64p,death-h,38,"[""still"", ""\u88c5\u4fee"", "" still"", "" \u0434\u0435\u043a\u043e\u0440\u0430"", "" fortsatt""]"
association,jpp_64p,death-h,45,"[""Black"", ""\u9ed1\u8272"", ""BLACK"", ""black"", "" black""]"
association,jpp_64p,death-h,52,"["" black"", "" Black"", "" dress"", ""Black"", ""black""]"
association,logit,war-h,8,"["" a"", "" and"", "" l"", ""ation"", ""en""]"
association,logit,war-h,15,"["" l"", "" a"", "" own"", ""\u4e00"", ""ers""]"
association,logit,war-h,22,"["" l"", "" own"", "" de"", "" a"", ""iz""]"
association,logit,war-h,30,"[""-"", ""er"", ""ly"", ""ed"", "" l""]"
association,logit,war-h,38,"[""ed"", "" and"", ""\ub85c"", ""\ub3c4"", ""-""]"
association,logit,war-h,45,"["" l"", ""ed"", ""y"", ""C"", "" \ud568\uaed8""]"
association,logit,war-h,52,"[""T"", "" rations"", "" ration"", "" \u0930\u093e\u0936\u0928"", ""\u7cae""]"
association,jlens_16p,war-h,8,"[""y"", ""yeri"", ""ness"", ""\u094d\u092f"", ""mett""]"
association,jlens_16p,war-h,15,"[""UKA"", ""\u0420\u0410"", "" PRP"", "" own"", "" la""]"
association,jlens_16p,war-h,22,"[""UKA"", ""\u0420\u0410"", "" la"", "" PRP"", "" \u0432\u0441\u044f""]"
association,jlens_16p,war-h,30,"["" even"", "" own"", ""ity"", ""\u0105d"", ""s""]"
association,jlens_16p,war-h,38,"[""set"", ""ity"", ""\u05d9"", ""\u0641\u0627\u0638"", ""ophor""]"
association,jlens_16p,war-h,45,"[""e"", ""S"", ""es"", ""K"", ""ation""]"
association,jlens_16p,war-h,52,"[""ness"", ""es"", "" ration"", ""ed"", "" rations""]"
association,rlens_16p,war-h,8,"[""\u0c26\u0c4d\u0c26"", ""bc"", ""\u0440\u0443"", ""\u0631\u064a\u0645"", ""\u09be\u099c""]"
association,rlens_16p,war-h,15,"["" la"", "" l"", ""\u0449\u0430"", ""\u043f\u043b\u044f"", "" same""]"
association,rlens_16p,war-h,22,"["" same"", "" nh\u00e0ng"", "" \u043a\u0430\u0440\u0442\u0438\u043d\u0430"", ""\u0449\u0430"", "" la""]"
association,rlens_16p,war-h,30,"["" same"", ""\u308a"", "" nh\u00e0ng"", "" \u043a\u0430\u0440\u0442\u0438\u043d\u0430"", ""ipsis""]"
association,rlens_16p,war-h,38,"["" nh\u00e0ng"", ""ipsis"", "" \uc0ac\ub77c"", "" cloison"", "" retrospect""]"
association,rlens_16p,war-h,45,"[""\u0442\u0430\u043c"", "" revoked"", "" and"", "" replaced"", "" reposition""]"
association,rlens_16p,war-h,52,"["" ration"", "" l"", "" her"", ""\u0442\u0430\u043c"", "" rations""]"
association,rlens_64p,war-h,8,"[""\u0c26\u0c4d\u0c26"", ""bc"", "" Inquisition"", ""\u0631\u064a\u0645"", ""\u0440\u0443""]"
association,rlens_64p,war-h,15,"["" la"", "" l"", ""\u0449\u0430"", "" same"", ""\u0c26\u0c4d\u0c26""]"
association,rlens_64p,war-h,22,"["" same"", "" \u043a\u0430\u0440\u0442\u0438\u043d\u0430"", "" nh\u00e0ng"", ""\u0449\u0430"", "" la""]"
association,rlens_64p,war-h,30,"["" same"", ""\u308a"", "" nh\u00e0ng"", "" \u043a\u0430\u0440\u0442\u0438\u043d\u0430"", ""ipsis""]"
association,rlens_64p,war-h,38,"[""ipsis"", "" nh\u00e0ng"", ""\u308a"", "" same"", ""Tina""]"
association,rlens_64p,war-h,45,"[""\u0442\u0430\u043c"", "" and"", "" revoked"", "" replaced"", "" reposition""]"
association,rlens_64p,war-h,52,"["" ration"", "" l"", ""\u0442\u0430\u043c"", "" her"", "" Rae""]"
association,jpp_64p,war-h,8,"["" \u0643\u0647"", ""\ub9c8\ub2e4"", ""\u308a"", ""\u0649"", "" itu""]"
association,jpp_64p,war-h,15,"[""\u0449\u0430"", ""\u5f97\u610f"", ""\u0c26\u0c4d\u0c26"", ""ara"", ""irs""]"
association,jpp_64p,war-h,22,"["" same"", ""\u0449\u0430"", ""\u5f97\u610f"", ""\u0440\u043e\u0432\u043a\u0430"", "" commonplace""]"
association,jpp_64p,war-h,30,"["" same"", ""\u308a"", "" nh\u00e0ng"", ""\u0449\u0430"", ""izlik""]"
association,jpp_64p,war-h,38,"[""BANK"", ""Slate"", "" same"", "" Rumah"", "" esconder""]"
association,jpp_64p,war-h,45,"["" and"", "" replaced"", "" menyimpan"", "" revoked"", "" razem""]"
association,jpp_64p,war-h,52,"["" ration"", "" l"", "" rations"", ""wich"", ""breadcrumb""]"
association,logit,love-h,8,"[""er"", ""en"", "" and"", "" l"", "" a""]"
association,logit,love-h,15,"["" l"", "" a"", "" own"", ""iz"", "" que""]"
association,logit,love-h,22,"["" l"", "" own"", ""-"", ""ation"", "" \u0e44\u0e21\u0e48""]"
association,logit,love-h,30,"["" l"", ""ing"", "" own"", ""-"", ""ly""]"
association,logit,love-h,38,"[""-"", ""ly"", ""I"", ""ed"", ""ness""]"
association,logit,love-h,45,"["" own"", ""ed"", ""T"", "" l"", ""ly""]"
association,logit,love-h,52,"["" \uc190"", ""\u624b"", "" reach"", "" \u09b9\u09be\u09a4"", "" \u0939\u093e\u0925""]"
association,jlens_16p,love-h,8,"[""y"", ""yeri"", ""ness"", ""\u094d\u092f"", ""mett""]"
association,jlens_16p,love-h,15,"[""UKA"", ""\u0420\u0410"", "" PRP"", "" la"", "" own""]"
association,jlens_16p,love-h,22,"[""\u0420\u0410"", ""UKA"", "" PRP"", "" own"", "" la""]"
association,jlens_16p,love-h,30,"["" even"", ""ity"", "" own"", "" fact"", "" single""]"
association,jlens_16p,love-h,38,"[""set"", ""ity"", "" kind"", ""arrow"", ""s""]"
association,jlens_16p,love-h,45,"["" her"", ""\u5979"", ""S"", ""set"", ""\u5979\u7684""]"
association,jlens_16p,love-h,52,"["" fingers"", ""their"", "" Fingers"", "" fingertips"", ""fing""]"
association,rlens_16p,love-h,8,"[""\u0c26\u0c4d\u0c26"", "" lineWidth"", ""\u3059\u308b\u306e\u304c"", ""Bs"", "" helemaal""]"
association,rlens_16p,love-h,15,"["" la"", "" few"", "" quelques"", ""\u0631\u064a\u0645"", "" same""]"
association,rlens_16p,love-h,22,"["" la"", "" same"", "" wskaz"", "" tajem"", "" a""]"
association,rlens_16p,love-h,30,"[""\u308a"", "" nh\u00e0ng"", ""\u044d\u0440\u0438"", "" reliance"", ""ipsis""]"
association,rlens_16p,love-h,38,"["" tactile"", "" juxtaposition"", ""\u7136\u800c"", "" nh\u00e0ng"", "" \u0ba8\u0b9f""]"
association,rlens_16p,love-h,45,"["" own"", "" it"", "" her"", ""\u5979\u7684"", "" hand""]"
association,rlens_16p,love-h,52,"["" fingers"", "" hand"", "" Fingers"", "" \uc190"", "" reach""]"
association,rlens_64p,love-h,8,"[""\u0c26\u0c4d\u0c26"", "" lineWidth"", ""\u3059\u308b\u306e\u304c"", "" Inquisition"", ""qq""]"
association,rlens_64p,love-h,15,"["" la"", "" few"", "" same"", ""\u0c26\u0c4d\u0c26"", "" quelques""]"
association,rlens_64p,love-h,22,"["" same"", "" la"", "" wskaz"", "" few"", "" tajem""]"
association,rlens_64p,love-h,30,"["" nh\u00e0ng"", ""\u308a"", "" same"", ""peau"", ""ipsis""]"
association,rlens_64p,love-h,38,"["" juxtaposition"", "" tactile"", ""\u7136\u800c"", ""\ubed1"", ""ipsis""]"
association,rlens_64p,love-h,45,"["" it"", "" own"", "" her"", ""\u5979"", ""\u5979\u7684""]"
association,rlens_64p,love-h,52,"["" fingers"", "" hand"", "" \uc190"", "" Fingers"", "" reach""]"
association,jpp_64p,love-h,8,"["" \u0442\u043e\u0433\u043e"", ""\u0941\u0930"", "" \u0643\u0647"", ""\u0649"", "" noen""]"
association,jpp_64p,love-h,15,"[""\u0c26\u0c4d\u0c26"", ""\u0449\u0430"", ""some"", ""disable"", "" noen""]"
association,jpp_64p,love-h,22,"["" same"", ""\u0449\u0430"", ""\u0941\u0930"", "" wskaz"", ""\u0c26\u0c4d\u0c26""]"
association,jpp_64p,love-h,30,"["" nh\u00e0ng"", ""\u308a"", ""spicuous"", ""yside"", "" unassuming""]"
association,jpp_64p,love-h,38,"[""Btn"", ""FileSync"", "" tactile"", ""\u611f\u899a"", ""BUTTON""]"
association,jpp_64p,love-h,45,"["" hand"", ""Hand"", ""hand"", "" Hand"", "" either""]"
association,jpp_64p,love-h,52,"["" fingers"", "" hand"", "" Fingers"", "" \uc190"", "" fingertips""]"
association,logit,home-h,8,"[""en"", ""er"", "" s"", "" and"", "" a""]"
association,logit,home-h,15,"["" de"", "" a"", "" que"", "" own"", "" l""]"
association,logit,home-h,22,"["" l"", "" de"", "" own"", "" que"", ""-""]"
association,logit,home-h,30,"["" own"", ""-"", "" l"", ""ly"", ""ed""]"
association,logit,home-h,38,"[""ly"", "" but"", "" and"", "" nh\u01b0ng"", ""but""]"
association,logit,home-h,45,"["" l"", "" and"", ""ing"", "" then"", ""ed""]"
association,logit,home-h,52,"["" nostalgia"", "" Nost"", "" nostalgic"", ""nost"", "" nostalg""]"
association,jlens_16p,home-h,8,"[""y"", ""yeri"", ""ness"", ""\u094d\u092f"", ""mett""]"
association,jlens_16p,home-h,15,"[""\u0420\u0410"", ""UKA"", "" PRP"", "" la"", "" own""]"
association,jlens_16p,home-h,22,"[""UKA"", ""\u0420\u0410"", "" own"", "" PRP"", "" la""]"
association,jlens_16p,home-h,30,"["" own"", "" even"", ""ity"", ""\u0105d"", "" fact""]"
association,jlens_16p,home-h,38,"["" own"", ""ity"", "" \ub4ef"", "" even"", ""\u6027""]"
association,jlens_16p,home-h,45,"["" nostalgia"", ""for"", "" nostalgic"", "" then"", ""ity""]"
association,jlens_16p,home-h,52,"["" nostalgia"", "" nostalgic"", "" Nost"", "" nostalg"", ""nost""]"
association,rlens_16p,home-h,8,"["" own"", "" helemaal"", "" que"", ""\u09be\u099c"", ""\u0631\u064a\u0645""]"
association,rlens_16p,home-h,15,"["" la"", "" helemaal"", "" own"", "" same"", ""\u0631\u064a\u0645""]"
association,rlens_16p,home-h,22,"["" own"", "" same"", "" nh\u00e0ng"", ""\u09be\u099c"", ""\u0449\u0430""]"
association,rlens_16p,home-h,30,"["" nh\u00e0ng"", "" same"", ""\u308a"", "" own"", ""\u09be\u099c""]"
association,rlens_16p,home-h,38,"["" own"", "" \ub4ef"", "" nostalgia"", "" nh\u00e0ng"", "" nostalg""]"
association,rlens_16p,home-h,45,"["" nostalgia"", "" own"", "" nostalgic"", "" reminiscent"", "" then""]"
association,rlens_16p,home-h,52,"["" nostalgia"", "" nostalgic"", "" Nost"", ""nost"", "" nostalg""]"
association,rlens_64p,home-h,8,"["" helemaal"", "" que"", ""\u09be\u099c"", ""\u0631\u064a\u0645"", ""qq""]"
association,rlens_64p,home-h,15,"["" helemaal"", "" la"", "" same"", "" tbh"", ""\u0449\u0430""]"
association,rlens_64p,home-h,22,"["" own"", "" same"", "" nh\u00e0ng"", ""\u09be\u099c"", ""\u0449\u0430""]"
association,rlens_64p,home-h,30,"["" same"", "" nh\u00e0ng"", ""\u09be\u099c"", ""\u308a"", "" rendition""]"
association,rlens_64p,home-h,38,"["" \ub4ef"", "" own"", "" nh\u00e0ng"", "" nostalgia"", "" soon""]"
association,rlens_64p,home-h,45,"["" nostalgia"", "" nostalgic"", "" own"", "" reminiscent"", "" childhood""]"
association,rlens_64p,home-h,52,"["" nostalgia"", "" nostalgic"", "" Nost"", "" nostalg"", ""nost""]"
association,jpp_64p,home-h,8,"[""\ub9c8\ub2e4"", "" \u0643\u0647"", ""\ubd80\ud130"", "" itu"", ""\u0941\u0930""]"
association,jpp_64p,home-h,15,"[""\u0449\u0430"", "" helemaal"", ""\u5f97\u610f"", ""\u0c26\u0c4d\u0c26"", ""irs""]"
association,jpp_64p,home-h,22,"["" own"", ""\u0449\u0430"", ""\ub974"", "" same"", ""\u09be\u099c""]"
association,jpp_64p,home-h,30,"["" \ub4ef"", "" same"", ""\u09be\u099c"", "" \uc2f6\uc740"", "" \u0431\u0443\u043a\u0432\u0430\u043b\u044c\u043d\u043e""]"
association,jpp_64p,home-h,38,"["" nostalg"", "" nostalgia"", "" euphoria"", "" nostalgic"", "" \ub4ef""]"
association,jpp_64p,home-h,45,"["" childhood"", "" nostalgia"", "" nostalgic"", "" \uadf8\ub54c"", "" and""]"
association,jpp_64p,home-h,52,"["" nostalgia"", "" nostalgic"", "" Nost"", "" nostalg"", ""nost""]"
association,logit,school-h,8,"["" and"", "" a"", ""ation"", "" an"", "" l""]"
association,logit,school-h,15,"["" a"", "" own"", "" l"", "" que"", ""iz""]"
association,logit,school-h,22,"["" l"", "" que"", "" own"", "" de"", ""iz""]"
association,logit,school-h,30,"["" l"", ""-"", "" own"", ""ed"", ""ing""]"
association,logit,school-h,38,"[""-"", ""ed"", "" l"", ""\ub85c"", ""er""]"
association,logit,school-h,45,"["" a"", "" l"", ""y"", ""C"", ""ed""]"
association,logit,school-h,52,"["" corrections"", "" corrected"", "" red"", "" correcting"", "" correction""]"
association,jlens_16p,school-h,8,"[""y"", ""yeri"", ""ness"", ""\u094d\u092f"", ""mett""]"
association,jlens_16p,school-h,15,"[""\u0420\u0410"", ""UKA"", "" PRP"", "" la"", "" own""]"
association,jlens_16p,school-h,22,"[""UKA"", ""\u0420\u0410"", "" PRP"", "" own"", "" la""]"
association,jlens_16p,school-h,30,"["" own"", "" even"", "" single"", ""ity"", "" fact""]"
association,jlens_16p,school-h,38,"["" own"", ""\u0629"", ""\ub0b1"", "" \uc2f6"", ""\u6027""]"
association,jlens_16p,school-h,45,"[""\u0647\u0627"", ""\u0629"", ""ipsis"", ""\u984d"", ""\u0633""]"
association,jlens_16p,school-h,52,"["" red"", "" corrections"", "" \u7ea2"", ""RED"", ""red""]"
association,rlens_16p,school-h,8,"["" same"", "" own"", "" histologic"", "" deles"", "" \u0432""]"
association,rlens_16p,school-h,15,"["" la"", "" same"", "" l"", "" a"", "" own""]"
association,rlens_16p,school-h,22,"["" same"", "" la"", ""\u0631\u064a\u0645"", "" l"", "" mismos""]"
association,rlens_16p,school-h,30,"[""ipsis"", "" same"", ""\u0640\u0640\u0640\u0640\u0640\u0640\u0640\u0640"", "" \u0436\u0435"", ""urned""]"
association,rlens_16p,school-h,38,"[""B"", ""ipsis"", "" \u043d\u0435"", "" \ubabb\ud55c"", ""\u0648\u063a""]"
association,rlens_16p,school-h,45,"[""B"", ""\u7ea2\u8272"", ""-"", "" red"", ""\u0e41\u0e14\u0e07""]"
association,rlens_16p,school-h,52,"["" red"", "" corrections"", ""\u7ea2\u8272"", ""RED"", ""Red""]"
association,rlens_64p,school-h,8,"["" same"", "" histologic"", "" deles"", "" Inquisition"", ""\u0631\u064a\u0645""]"
association,rlens_64p,school-h,15,"["" la"", "" same"", "" l"", "" a"", "" an""]"
association,rlens_64p,school-h,22,"["" same"", "" la"", "" l"", "" fewest"", ""\u0631\u064a\u0645""]"
association,rlens_64p,school-h,30,"[""ipsis"", "" same"", ""\u308a"", "" \u0436\u0435"", "" \u0e2d\u0e37\u0e21""]"
association,rlens_64p,school-h,38,"[""B"", ""ipsis"", "" \u043d\u0435"", ""\u0648\u063a"", ""WORDS""]"
association,rlens_64p,school-h,45,"[""\u7ea2\u8272"", ""B"", ""-"", ""\u0e41\u0e14\u0e07"", "" red""]"
association,rlens_64p,school-h,52,"["" red"", "" corrections"", ""\u7ea2\u8272"", ""red"", ""RED""]"
association,jpp_64p,school-h,8,"[""\uadf8"", ""\u044d\u044d"", ""\u0649"", ""irs"", ""\ub974""]"
association,jpp_64p,school-h,15,"["" same"", ""\u0449\u0430"", ""\u5f97\u610f"", ""irs"", "" \u0437\u043d\u0430\u043c\u0435\u043d\u0438""]"
association,jpp_64p,school-h,22,"["" same"", ""\ub974"", ""\u0449\u0430"", ""\u0926\u0943\u0936\u094d\u092f"", "" \ub4ef""]"
association,jpp_64p,school-h,30,"[""ipsis"", "" same"", ""\u0635"", ""\ub729"", ""\u0440\u0435\u0446""]"
association,jpp_64p,school-h,38,"[""\u304c\u60aa"", ""ipsis"", ""B"", "" worsen"", ""\ub0b1""]"
association,jpp_64p,school-h,45,"[""\u0e41\u0e14\u0e07"", "" red"", ""\u7ea2\u8272"", ""RED"", ""\u30ec\u30c3\u30c9""]"
association,jpp_64p,school-h,52,"["" red"", "" corrections"", "" RED"", "" Red"", ""RED""]"
association,logit,office-h,8,"["" a"", "" and"", "" l"", ""ation"", ""er""]"
association,logit,office-h,15,"["" a"", "" l"", "" own"", ""-"", "" que""]"
association,logit,office-h,22,"["" own"", "" l"", "" de"", ""-"", "" a""]"
association,logit,office-h,30,"["" l"", "" own"", ""ly"", ""-"", ""er""]"
association,logit,office-h,38,"[""ly"", ""ness"", ""C"", ""-"", ""ed""]"
association,logit,office-h,45,"["" own"", ""ed"", ""C"", ""ly"", ""ing""]"
association,logit,office-h,52,"["" ticking"", ""Tick"", "" Tick"", "" tick"", ""tick""]"
association,jlens_16p,office-h,8,"[""y"", ""yeri"", ""ness"", ""\u094d\u092f"", ""mett""]"
association,jlens_16p,office-h,15,"[""UKA"", ""\u0420\u0410"", "" PRP"", "" la"", ""\u043a\u0438\u043d\u0430""]"
association,jlens_16p,office-h,22,"[""UKA"", ""\u0420\u0410"", "" PRP"", "" own"", "" la""]"
association,jlens_16p,office-h,30,"["" even"", "" own"", ""ity"", ""adim"", ""ational""]"
association,jlens_16p,office-h,38,"[""\u0629"", ""\u05d5"", "" \ub4ef"", ""fb"", ""\u1275""]"
association,jlens_16p,office-h,45,"[""\u5bc2"", ""spicuous"", "" silence"", ""quiet"", ""clock""]"
association,jlens_16p,office-h,52,"["" tick"", "" clock"", "" ticking"", "" ticks"", ""Tick""]"
association,rlens_16p,office-h,8,"["" Inquisition"", ""\u043f\u043b\u044f"", "" histologic"", "" helemaal"", ""\u0c26\u0c4d\u0c26""]"
association,rlens_16p,office-h,15,"["" la"", "" same"", ""\u043f\u043b\u044f"", "" Inquisition"", "" helemaal""]"
association,rlens_16p,office-h,22,"["" same"", "" \u043a\u0430\u0440\u0442\u0438\u043d\u0430"", "" Inquisition"", ""\u0449\u0430"", ""\u043f\u043b\u044f""]"
association,rlens_16p,office-h,30,"["" \u0436\u0435"", ""\u308a"", ""xtime"", "" same"", ""TimeString""]"
association,rlens_16p,office-h,38,"[""Quiet"", ""TimeString"", ""spicuous"", ""\u7684\u65f6\u95f4"", ""Silence""]"
association,rlens_16p,office-h,45,"[""spicuous"", ""\u5bc2"", "" silence"", ""Silence"", "" \u0e40\u0e2a\u0e35\u0e22\u0e07""]"
association,rlens_16p,office-h,52,"["" ticking"", "" tick"", "" clock"", "" Tick"", ""Tick""]"
association,rlens_64p,office-h,8,"["" Inquisition"", ""\u043f\u043b\u044f"", "" histologic"", "" helemaal"", ""\u0c26\u0c4d\u0c26""]"
association,rlens_64p,office-h,15,"["" la"", "" same"", ""\u043f\u043b\u044f"", "" Inquisition"", "" helemaal""]"
association,rlens_64p,office-h,22,"["" same"", "" \u043a\u0430\u0440\u0442\u0438\u043d\u0430"", ""\u0449\u0430"", ""\u043f\u043b\u044f"", "" rivalry""]"
association,rlens_64p,office-h,30,"[""\u308a"", "" same"", "" \u0436\u0435"", ""xtime"", ""ipsis""]"
association,rlens_64p,office-h,38,"[""Quiet"", ""TimeString"", ""\u308a"", ""ipsis"", ""spicuous""]"
association,rlens_64p,office-h,45,"[""spicuous"", ""\u5bc2"", "" \u0633\u0627\u0639\u0629"", "" ever"", "" \u0e40\u0e2a\u0e35\u0e22\u0e07""]"
association,rlens_64p,office-h,52,"["" tick"", "" ticking"", "" clock"", ""Tick"", "" Tick""]"
association,jpp_64p,office-h,8,"[""\ub9c8\ub2e4"", "" \u0643\u0647"", ""\u0649"", "" \u0442\u043e\u0433\u043e"", "" \u90a3""]"
association,jpp_64p,office-h,15,"[""\u0449\u0430"", ""\u5f97\u610f"", ""\uc600"", ""\u0c26\u0c4d\u0c26"", "" same""]"
association,jpp_64p,office-h,22,"["" same"", ""\u0449\u0430"", ""\ub974"", ""\u5f97\u610f"", ""\u0941\u0930""]"
association,jpp_64p,office-h,30,"[""\u308a"", ""xtime"", ""\uc9dd"", "" \u0436\u0435"", ""keyup""]"
association,jpp_64p,office-h,38,"[""\u7684\u65f6\u95f4"", ""Quiet"", "" \u0627\u0644\u0633\u0627\u0639\u0629"", ""Silence"", ""Clock""]"
association,jpp_64p,office-h,45,"["" clock"", ""Quiet"", ""clock"", ""Silence"", "" \u0633\u0627\u0639\u0629""]"
association,jpp_64p,office-h,52,"["" ticking"", "" tick"", "" clock"", "" Tick"", ""Tick""]"
association,logit,court-h,8,"["" a"", "" and"", "" l"", "" an"", ""en""]"
association,logit,court-h,15,"["" l"", "" que"", "" own"", "" a"", ""iz""]"
association,logit,court-h,22,"["" de"", "" que"", "" own"", "" l"", ""-""]"
association,logit,court-h,30,"["" l"", ""-"", "" own"", ""ly"", ""ed""]"
association,logit,court-h,38,"[""-"", "" l"", ""ness"", ""I"", ""\ub85c""]"
association,logit,court-h,45,"["" l"", "" her"", "" a"", "" whether"", ""ed""]"
association,logit,court-h,52,"["" \uc77d"", "" read"", "" la"", "" Read"", ""\u8bfb""]"
association,jlens_16p,court-h,8,"[""y"", ""yeri"", ""ness"", ""\u094d\u092f"", ""mett""]"
association,jlens_16p,court-h,15,"[""UKA"", ""\u0420\u0410"", "" PRP"", "" la"", "" Kiya""]"
association,jlens_16p,court-h,22,"[""y"", ""yeri"", ""ness"", ""\u094d\u092f"", ""mett""]"
association,jlens_16p,court-h,30,"["" own"", "" even"", "" ability"", "" or"", "" fact""]"
association,jlens_16p,court-h,38,"["" own"", "" uma"", "" \ub4ef"", ""ity"", "" kind""]"
association,jlens_16p,court-h,45,"["" own"", ""\u0647\u0627"", ""set"", ""\u5979"", ""\u0627\u062a\u0647\u0627""]"
association,jlens_16p,court-h,52,"["" she"", ""\u5979"", ""read"", ""his"", ""unable""]"
association,rlens_16p,court-h,8,"[""C"", ""\u09be\u099c"", "" ruin"", "" Woodson"", "" \u0c95\u0cbf""]"
association,rlens_16p,court-h,15,"["" la"", "" and"", "" own"", "" same"", "" \u0c95\u0cbf""]"
association,rlens_16p,court-h,22,"["" same"", ""\u09be\u099c"", "" la"", "" few"", ""\u540c\u6837\u7684""]"
association,rlens_16p,court-h,30,"[""\u308a"", "" same"", "" or"", ""ibly"", "" either""]"
association,rlens_16p,court-h,38,"["" either"", "" or"", ""\u308a"", "" \u0438\u043b\u0438"", "" \uadf8\ub7ec\ub098""]"
association,rlens_16p,court-h,45,"["" either"", ""\u5979"", "" she"", ""\u5979\u7684"", "" her""]"
association,rlens_16p,court-h,52,"["" either"", "" she"", "" her"", "" Read"", ""\u0e2d\u0e48\u0e32\u0e19""]"
association,rlens_64p,court-h,8,"[""C"", ""\u09be\u099c"", "" Woodson"", "" ruin"", "" \uc54a""]"
association,rlens_64p,court-h,15,"["" and"", "" same"", "" own"", "" la"", "" helemaal""]"
association,rlens_64p,court-h,22,"["" same"", "" few"", "" own"", ""\u540c\u6837\u7684"", ""\u09be\u099c""]"
association,rlens_64p,court-h,30,"[""\u308a"", "" same"", ""anku"", "" or"", "" none""]"
association,rlens_64p,court-h,38,"["" either"", ""\u308a"", "" or"", ""orial"", ""amorph""]"
association,rlens_64p,court-h,45,"["" either"", ""\u5979"", ""\u5979\u7684"", "" she"", "" even""]"
association,rlens_64p,court-h,52,"["" either"", "" she"", "" her"", ""\u0e2d\u0e48\u0e32\u0e19"", "" Read""]"
association,jpp_64p,court-h,8,"[""\ub9c8\ub2e4"", ""\uc560"", ""C"", ""\u0627\u0647"", ""\u0e32""]"
association,jpp_64p,court-h,15,"["" same"", ""\u0627\u0631\u0647"", "" uitle"", ""disable"", ""\u09be\u099c""]"
association,jpp_64p,court-h,22,"["" same"", ""\u09be\u099c"", ""\u0926\u0943\u0936\u094d\u092f"", "" \ub4ef"", "" brilliance""]"
association,jpp_64p,court-h,30,"[""\u308a"", "" \uc2f6\uc740"", ""\u044f\u0437"", "" same"", "" \u0431\u0443\u043a\u0432\u0430\u043b\u044c\u043d\u043e""]"
association,jpp_64p,court-h,38,"["" either"", "" or"", ""ed"", ""\u093f\u0938"", "" up""]"
association,jpp_64p,court-h,45,"["" either"", "" or"", "" and"", "" even"", ""\u8868\u60c5""]"
association,jpp_64p,court-h,52,"["" either"", "" Read"", ""\u0e2d\u0e48\u0e32\u0e19"", "" read"", "" \uc77d""]"
association,logit,park-h,8,"["" a"", ""en"", "" and"", "" l"", ""er""]"
association,logit,park-h,15,"["" own"", "" l"", ""-"", "" a"", "" que""]"
association,logit,park-h,22,"["" l"", "" own"", "" de"", "" a"", ""-""]"
association,logit,park-h,30,"["" l"", ""ly"", ""\u3082"", ""\uc73c\ub85c"", ""\u0e14\u0e49\u0e27\u0e22""]"
association,logit,park-h,38,"["" l"", ""-"", "" and"", ""I"", ""er""]"
association,logit,park-h,45,"["" l"", ""ed"", "" a"", "" la"", ""C""]"
association,logit,park-h,52,"["" la"", ""Previous"", "" Previous"", ""previous"", "" former""]"
association,jlens_16p,park-h,8,"[""y"", ""yeri"", ""ness"", ""\u094d\u092f"", ""mett""]"
association,jlens_16p,park-h,15,"[""\u0420\u0410"", ""UKA"", "" PRP"", "" la"", "" own""]"
association,jlens_16p,park-h,22,"[""\u0420\u0410"", ""UKA"", "" PRP"", "" own"", "" la""]"
association,jlens_16p,park-h,30,"["" even"", ""\u0105d"", ""ity"", ""ation"", ""ations""]"
association,jlens_16p,park-h,38,"[""ity"", "" own"", ""S"", ""\u05d9"", "" Luckily""]"
association,jlens_16p,park-h,45,"[""S"", ""someone"", "" Whoever"", ""Someone"", "" someone""]"
association,jlens_16p,park-h,52,"[""previous"", "" previous"", ""Previous"", ""someone"", "" Previous""]"
association,rlens_16p,park-h,8,"["" Inquisition"", "" que"", "" helemaal"", "" own"", "" deles""]"
association,rlens_16p,park-h,15,"["" la"", "" own"", "" helemaal"", "" quelques"", ""\u1ebd""]"
association,rlens_16p,park-h,22,"["" same"", "" own"", "" \u043a\u0430\u0440\u0442\u0438\u043d\u0430"", "" la"", "" few""]"
association,rlens_16p,park-h,30,"[""\u308a"", "" nh\u00e0ng"", ""anku"", ""\u0631\u064a\u0643\u064a"", "" justement""]"
association,rlens_16p,park-h,38,"[""ydi"", "" bliss"", ""\u0e40\u0e14\u0e34\u0e21"", "" nh\u00e0ng"", "" but""]"
association,rlens_16p,park-h,45,"[""someone"", "" someone"", "" and"", "" former"", ""Someone""]"
association,rlens_16p,park-h,52,"["" former"", "" previous"", "" someone"", ""someone"", ""previous""]"
association,rlens_64p,park-h,8,"["" Inquisition"", "" helemaal"", "" que"", ""\u043f\u043b\u044f"", "" deles""]"
association,rlens_64p,park-h,15,"["" helemaal"", "" la"", "" quelques"", ""\u043f\u043b\u044f"", ""\u0449\u0430""]"
association,rlens_64p,park-h,22,"["" same"", "" own"", "" \u043a\u0430\u0440\u0442\u0438\u043d\u0430"", ""\u0449\u0430"", "" few""]"
association,rlens_64p,park-h,30,"[""\u308a"", "" same"", "" nh\u00e0ng"", ""anku"", ""\u0631\u064a\u0643\u064a""]"
association,rlens_64p,park-h,38,"[""ydi"", ""\u0e40\u0e14\u0e34\u0e21"", ""\u308a"", "" but"", "" nh\u00e0ng""]"
association,rlens_64p,park-h,45,"[""someone"", "" someone"", "" former"", "" and"", ""Someone""]"
association,rlens_64p,park-h,52,"["" former"", "" previous"", "" someone"", ""previous"", "" Previous""]"
association,jpp_64p,park-h,8,"["" \u0643\u0647"", ""\ub9c8\ub2e4"", ""\ubd80\ud130"", ""\u0649"", "" itu""]"
association,jpp_64p,park-h,15,"[""\u0449\u0430"", ""\u5f97\u610f"", ""\uc600"", ""\u0c26\u0c4d\u0c26"", "" lineWidth""]"
association,jpp_64p,park-h,22,"[""\u0449\u0430"", "" own"", "" same"", ""\u0941\u0930"", ""\u0105d""]"
association,jpp_64p,park-h,30,"[""\u308a"", "" \u0110\u00f3"", "" justement"", ""yside"", ""\u0631\u064a\u0643\u064a""]"
association,jpp_64p,park-h,38,"[""\u0e40\u0e01\u0e48\u0e32"", ""\u0e32\u0e23\u0e16"", "" was"", "" strangers"", ""ydi""]"
association,jpp_64p,park-h,45,"[""someone"", ""\u524d\u8f88"", "" previous"", ""previous"", "" previously""]"
association,jpp_64p,park-h,52,"["" former"", "" previous"", "" memorial"", "" someone"", ""previous""]"
association,logit,city-h,8,"["" a"", ""er"", ""en"", "" l"", "" and""]"
association,logit,city-h,15,"["" a"", "" de"", "" own"", "" l"", "" que""]"
association,logit,city-h,22,"["" own"", "" de"", "" l"", ""-"", "" a""]"
association,logit,city-h,30,"[""-"", "" l"", "" own"", ""ly"", "" even""]"
association,logit,city-h,38,"[""-"", ""ness"", "" and"", ""y"", ""ly""]"
association,logit,city-h,45,"["" own"", ""ly"", ""y"", "" but"", "" Then""]"
association,logit,city-h,52,"[""H"", ""B"", ""e"", ""she"", "" she""]"
association,jlens_16p,city-h,8,"[""y"", ""yeri"", ""ness"", ""\u094d\u092f"", ""mett""]"
association,jlens_16p,city-h,15,"[""UKA"", ""\u0420\u0410"", "" PRP"", "" own"", "" la""]"
association,jlens_16p,city-h,22,"[""UKA"", ""\u0420\u0410"", "" PRP"", "" own"", "" la""]"
association,jlens_16p,city-h,30,"["" own"", ""\ub3c4"", "" uma"", "" even"", "" kind""]"
association,jlens_16p,city-h,38,"["" own"", ""\ub3c4"", ""\u0629"", "" \ub4ef"", ""\u0647\u0627""]"
association,jlens_16p,city-h,45,"[""\u0647\u0627"", ""e"", ""\u0629"", ""\u0647"", "" \u0644\u0643\u0646""]"
association,jlens_16p,city-h,52,"["" she"", ""3"", ""e"", ""she"", ""\u5979""]"
association,rlens_16p,city-h,8,"["" histologic"", ""\u043f\u043b\u044f"", "" helemaal"", "" la"", "" lineWidth""]"
association,rlens_16p,city-h,15,"["" la"", "" same"", "" helemaal"", "" quelques"", ""\u0449\u0430""]"
association,rlens_16p,city-h,22,"["" same"", "" la"", "" l"", "" \u043a\u0430\u0440\u0442\u0438\u043d\u0430"", ""\u0449\u0430""]"
association,rlens_16p,city-h,30,"["" \u043d\u0435"", "" same"", ""TimeString"", ""anku"", ""\u091a\u0902""]"
association,rlens_16p,city-h,38,"["" \u043d\u0435"", ""TimeString"", ""cityName"", "" \u043f\u0440\u0438\u0432\u044b"", "" \u0627\u0644\u0646\u0647\u0627\u0631""]"
association,rlens_16p,city-h,45,"["" but"", ""\u4f46\u5728"", "" she"", ""\u5979"", "" nh\u01b0ng""]"
association,rlens_16p,city-h,52,"["" she"", ""3"", ""-"", ""\u5979"", ""she""]"
association,rlens_64p,city-h,8,"["" histologic"", ""\u043f\u043b\u044f"", "" lineWidth"", "" helemaal"", "" folks""]"
association,rlens_64p,city-h,15,"["" la"", "" same"", "" helemaal"", "" quelques"", ""\u0449\u0430""]"
association,rlens_64p,city-h,22,"["" same"", "" la"", "" l"", ""\u0449\u0430"", ""\ub974""]"
association,rlens_64p,city-h,30,"["" \u043d\u0435"", "" same"", ""izlik"", ""\u0e40\u0e14\u0e35\u0e22\u0e27"", ""\u091a\u0902""]"
association,rlens_64p,city-h,38,"["" \u043f\u0440\u0438\u0432\u044b"", ""TimeString"", "" \u043d\u0435"", "" \u0627\u0644\u0646\u0647\u0627\u0631"", ""cityName""]"
association,rlens_64p,city-h,45,"["" but"", "" nh\u01b0ng"", ""\u4f46\u5728"", ""\u5979"", "" she""]"
association,rlens_64p,city-h,52,"["" she"", ""3"", ""\u5979"", ""-"", "" her""]"
association,jpp_64p,city-h,8,"["" \u0643\u0647"", ""\uadf8"", ""\u0941\u0930"", "" \u0442\u043e\u0433\u043e"", ""\u0449\u0430""]"
association,jpp_64p,city-h,15,"[""\u0449\u0430"", ""\u0941\u0930"", ""\ub8e8"", ""\u5f97\u610f"", ""irs""]"
association,jpp_64p,city-h,22,"["" same"", ""\ub974"", ""\u0449\u0430"", ""\u0941\u0930"", ""few""]"
association,jpp_64p,city-h,30,"[""\u0e40\u0e14\u0e35\u0e22\u0e27"", ""keyup"", ""izlik"", "" \u0431\u0443\u043a\u0432\u0430\u043b\u044c\u043d\u043e"", "" \u0436\u0435""]"
association,jpp_64p,city-h,38,"[""cityName"", "" ph\u1ed1"", "" \ub3c4\uc2dc"", ""\u57ce\u5e02"", ""CITY""]"
association,jpp_64p,city-h,45,"["" but"", "" \u0443\u0442\u0440\u0430"", "" and"", "" nh\u01b0ng"", "" then""]"
association,jpp_64p,city-h,52,"[""3"", "" l"", "" she"", "" la"", "".\u00b3""]"
association,logit,town-h,8,"["" a"", ""er"", "" and"", "" l"", ""en""]"
association,logit,town-h,15,"["" l"", "" a"", "" own"", "" que"", "" de""]"
association,logit,town-h,22,"["" own"", "" de"", "" l"", ""iz"", ""ers""]"
association,logit,town-h,30,"["" l"", ""-"", ""ly"", ""ed"", ""ing""]"
association,logit,town-h,38,"[""-"", "" own"", "" l"", ""ly"", ""y""]"
association,logit,town-h,45,"["" own"", ""y"", "" l"", ""ing"", ""C""]"
association,logit,town-h,52,"["" curtains"", ""cur"", ""\u30ab\u30fc\u30c6\u30f3"", "" privacy"", "" curtain""]"
association,jlens_16p,town-h,8,"[""y"", ""yeri"", ""ness"", ""\u094d\u092f"", ""mett""]"
association,jlens_16p,town-h,15,"[""\u0420\u0410"", ""UKA"", "" PRP"", "" la"", "" own""]"
association,jlens_16p,town-h,22,"[""\u0420\u0410"", ""UKA"", "" own"", "" PRP"", "" la""]"
association,jlens_16p,town-h,30,"["" own"", "" even"", ""ity"", ""\ub3c4"", "" single""]"
association,jlens_16p,town-h,38,"[""ity"", "" own"", ""\u6027"", ""ation"", "" \uc2f6""]"
association,jlens_16p,town-h,45,"[""S"", ""window"", ""hence"", ""ity"", ""e""]"
association,jlens_16p,town-h,52,"["" curtains"", ""\u30ab\u30fc\u30c6\u30f3"", "" curtain"", "" Curtain"", ""S""]"
association,rlens_16p,town-h,8,"["" helemaal"", "" que"", ""\u0c26\u0c4d\u0c26"", "" Inquisition"", ""\u043f\u043b\u044f""]"
association,rlens_16p,town-h,15,"["" la"", "" helemaal"", "" l"", ""\u043f\u043b\u044f"", "" same""]"
association,rlens_16p,town-h,22,"["" l"", "" same"", "" \u043a\u0430\u0440\u0442\u0438\u043d\u0430"", "" la"", "" stej""]"
association,rlens_16p,town-h,30,"["" same"", "" nh\u00e0ng"", ""\u62ce"", ""\u308a"", ""\u044d\u0440\u0438""]"
association,rlens_16p,town-h,38,"[""Their"", "" mereka"", ""\u4ed6\u4eec\u7684"", "" nh\u00e0ng"", ""\u62ce""]"
association,rlens_16p,town-h,45,"["" curtains"", ""\u30ab\u30fc\u30c6\u30f3"", ""\u7a97"", ""window"", "" either""]"
association,rlens_16p,town-h,52,"["" curtains"", ""\u30ab\u30fc\u30c6\u30f3"", "" curtain"", "" Curtain"", ""\u5e18""]"
association,rlens_64p,town-h,8,"["" helemaal"", "" Inquisition"", ""\u043f\u043b\u044f"", "" lineWidth"", "" que""]"
association,rlens_64p,town-h,15,"["" la"", "" helemaal"", ""\u043f\u043b\u044f"", "" l"", "" Inquisition""]"
association,rlens_64p,town-h,22,"["" l"", "" same"", "" \u043a\u0430\u0440\u0442\u0438\u043d\u0430"", "" la"", ""\u043f\u043b\u044f""]"
association,rlens_64p,town-h,30,"["" same"", "" nh\u00e0ng"", ""\u308a"", ""\u62ce"", ""\uc12d""]"
association,rlens_64p,town-h,38,"[""Their"", ""\u4ed6\u4eec\u7684"", "" mereka"", ""their"", ""ipsis""]"
association,rlens_64p,town-h,45,"["" curtains"", ""\u30ab\u30fc\u30c6\u30f3"", ""window"", ""\u7a97"", "" either""]"
association,rlens_64p,town-h,52,"["" curtains"", ""\u30ab\u30fc\u30c6\u30f3"", "" curtain"", "" Curtain"", ""\u5e18""]"
association,jpp_64p,town-h,8,"[""\ub9c8\ub2e4"", ""\ubd80\ud130"", "" \u0643\u0647"", ""\u0649"", ""\u308a""]"
association,jpp_64p,town-h,15,"[""\u0449\u0430"", ""\u5f97\u610f"", "" lineWidth"", ""\u0c26\u0c4d\u0c26"", ""\u0941\u0930""]"
association,jpp_64p,town-h,22,"["" same"", ""\u0449\u0430"", ""\ub974"", "" \u043a\u0430\u0440\u0442\u0438\u043d\u0430"", ""few""]"
association,jpp_64p,town-h,30,"["" same"", ""keyup"", ""\u62ce"", ""\u308a"", ""\u0c30\u0c3f""]"
association,jpp_64p,town-h,38,"[""ed"", ""eway"", ""POV"", ""getBounding"", ""\u6237\u5916""]"
association,jpp_64p,town-h,45,"[""\u30ab\u30fc\u30c6\u30f3"", "" curtains"", "" curtain"", "" Curtain"", ""cur""]"
association,jpp_64p,town-h,52,"["" curtains"", ""\u30ab\u30fc\u30c6\u30f3"", "" curtain"", "" Curtain"", ""\u5e18""]"
association,logit,field-h,8,"[""er"", ""en"", "" and"", "" l"", "" a""]"
association,logit,field-h,15,"["" l"", "" a"", "" own"", "" que"", ""iz""]"
association,logit,field-h,22,"["" l"", "" own"", "" de"", ""-"", "" que""]"
association,logit,field-h,30,"["" l"", "" own"", ""ly"", ""\uc73c\ub85c"", ""ed""]"
association,logit,field-h,38,"["" own"", "" l"", ""-"", ""\uc73c\ub85c"", "" still""]"
association,logit,field-h,45,"["" own"", "" l"", ""C"", ""ly"", ""y""]"
association,logit,field-h,52,"["" roof"", ""\u5c4b"", ""roof"", "" own"", ""Roof""]"
association,jlens_16p,field-h,8,"[""y"", ""yeri"", ""ness"", ""\u094d\u092f"", ""mett""]"
association,jlens_16p,field-h,15,"[""UKA"", ""\u0420\u0410"", "" PRP"", "" own"", "" la""]"
association,jlens_16p,field-h,22,"[""\u0420\u0410"", ""UKA"", "" own"", "" PRP"", "" la""]"
association,jlens_16p,field-h,30,"["" even"", "" own"", ""ity"", "" fact"", ""s""]"
association,jlens_16p,field-h,38,"[""ity"", "" \ub4ef"", ""S"", ""bc"", ""arrow""]"
association,jlens_16p,field-h,45,"[""e"", ""s"", ""from"", ""sburg"", "" \uc2f6\uc740""]"
association,jlens_16p,field-h,52,"["" roof"", ""roof"", "" rooftops"", ""\u5c4b"", "" Roof""]"
association,rlens_16p,field-h,8,"[""\u0c26\u0c4d\u0c26"", ""qq"", "" Inquisition"", ""\u0631\u064a\u0645"", "" \u0e40\u0e02\u0e32""]"
association,rlens_16p,field-h,15,"["" la"", "" l"", "" same"", ""\u1ebd"", "" quelques""]"
association,rlens_16p,field-h,22,"["" simili"", "" \u043a\u0430\u0440\u0442\u0438\u043d\u0430"", ""would"", "" quelques"", "" McKinley""]"
association,rlens_16p,field-h,30,"[""C"", ""\u308a"", ""\u0e32\u0e28"", ""\u0641\u0627\u0639"", ""anging""]"
association,rlens_16p,field-h,38,"[""C"", ""B"", ""S"", ""Nearby"", ""\u9644\u8fd1""]"
association,rlens_16p,field-h,45,"["" roof"", ""roof"", "" rooftop"", "" Roof"", "" farmhouse""]"
association,rlens_16p,field-h,52,"["" roof"", ""roof"", ""\u5c4b"", "" Roof"", ""Roof""]"
association,rlens_64p,field-h,8,"[""\u0c26\u0c4d\u0c26"", "" Inquisition"", ""qq"", ""\u0631\u064a\u0645"", "" lineWidth""]"
association,rlens_64p,field-h,15,"["" la"", "" l"", "" same"", ""\u1ebd"", "" quelques""]"
association,rlens_64p,field-h,22,"["" same"", "" McKinley"", "" \u043a\u0430\u0440\u0442\u0438\u043d\u0430"", "" simili"", "" l""]"
association,rlens_64p,field-h,30,"[""C"", ""\u308a"", ""\u0e32\u0e28"", ""\u0449\u0435\u043c"", ""ranging""]"
association,rlens_64p,field-h,38,"[""C"", ""S"", ""B"", ""Nearby"", ""\u9644\u8fd1""]"
association,rlens_64p,field-h,45,"["" roof"", ""roof"", "" Roof"", "" rooftop"", "" farmhouse""]"
association,rlens_64p,field-h,52,"["" roof"", ""roof"", "" Roof"", ""\u5c4b"", ""Roof""]"
association,jpp_64p,field-h,8,"["" \u0643\u0647"", ""\ub9c8\ub2e4"", ""\ubd80\ud130"", "" noen"", ""would""]"
association,jpp_64p,field-h,15,"[""\u5f97\u610f"", ""\u0449\u0430"", ""ara"", ""disable"", ""\u0941\u0930""]"
association,jpp_64p,field-h,22,"[""would"", ""\u0449\u0430"", ""few"", ""\u09b8\u09c0"", "" simili""]"
association,jpp_64p,field-h,30,"[""C"", "" \ub4ef"", "" Somewhere"", ""ddots"", ""\u0641\u0627\u0639""]"
association,jpp_64p,field-h,38,"[""C"", ""L"", "" nearby"", ""still"", ""Land""]"
association,jpp_64p,field-h,45,"[""roof"", "" roof"", "" farmhouse"", "" rooftop"", "" either""]"
association,jpp_64p,field-h,52,"[""roof"", "" roof"", "" Roof"", ""\u5c4b"", ""Roof""]"
association,logit,store-h,8,"[""er"", "" a"", "" and"", "" l"", "" d""]"
association,logit,store-h,15,"["" l"", "" a"", "" own"", ""-"", "" de""]"
association,logit,store-h,22,"["" de"", "" l"", "" own"", ""-"", "" a""]"
association,logit,store-h,30,"["" own"", ""ly"", "" l"", ""ing"", ""er""]"
association,logit,store-h,38,"[""-"", ""ly"", ""er"", ""\ub85c"", "" l""]"
association,logit,store-h,45,"["" l"", ""ly"", ""ed"", ""y"", ""ing""]"
association,logit,store-h,52,"["" surrender"", "" uma"", "" surrendered"", "" letting"", "" wherever""]"
association,jlens_16p,store-h,8,"[""y"", ""yeri"", ""ness"", ""\u094d\u092f"", ""mett""]"
association,jlens_16p,store-h,15,"[""UKA"", ""\u0420\u0410"", "" PRP"", "" own"", "" la""]"
association,jlens_16p,store-h,22,"[""UKA"", ""\u0420\u0410"", "" la"", "" PRP"", "" own""]"
association,jlens_16p,store-h,30,"["" own"", ""\ub3c4"", "" even"", ""ity"", ""\u0105d""]"
association,jlens_16p,store-h,38,"["" own"", "" \ub4ef"", "" \uc2f6"", ""ity"", ""\ub3c4""]"
association,jlens_16p,store-h,45,"[""\u0647\u0627"", "" \uc2f6"", ""\u0629"", ""\uc130"", "" \uc2f6\uc740""]"
association,jlens_16p,store-h,52,"["" where"", ""where"", "" Where"", ""Where"", "" letting""]"
association,rlens_16p,store-h,8,"["" same"", "" la"", "" que"", ""\u0441\u0442\u0432\u0438"", "" de""]"
association,rlens_16p,store-h,15,"["" la"", "" same"", "" de"", "" udah"", "" que""]"
association,rlens_16p,store-h,22,"["" la"", "" same"", "" notion"", "" tajem"", "" l""]"
association,rlens_16p,store-h,30,"["" same"", "" ebenso"", "" nh\u00e0ng"", "" \u0436\u0435"", ""\u0449\u0435\u043c""]"
association,rlens_16p,store-h,38,"[""C"", ""L"", "" ebenso"", ""\ub611"", ""\ucc98\ub7fc""]"
association,rlens_16p,store-h,45,"["" either"", ""\u0647\u0627"", "" \u0438"", ""\u0bb2\u0bcb"", "" it""]"
association,rlens_16p,store-h,52,"[""L"", "" where"", ""where"", ""P"", "" letting""]"
association,rlens_64p,store-h,8,"["" same"", "" que"", "" la"", "" sulfuric"", ""\u0902\u0924""]"
association,rlens_64p,store-h,15,"["" la"", "" same"", "" de"", "" que"", "" udah""]"
association,rlens_64p,store-h,22,"["" la"", "" same"", "" l"", "" notion"", "" que""]"
association,rlens_64p,store-h,30,"["" same"", "" nh\u00e0ng"", "" ebenso"", ""izlik"", ""same""]"
association,rlens_64p,store-h,38,"[""C"", ""L"", "" ebenso"", ""ipsis"", "" \uac83\ucc98\ub7fc""]"
association,rlens_64p,store-h,45,"[""\u0647\u0627"", "" either"", "" \u0438"", ""\u0bb2\u0bcb"", "" it""]"
association,rlens_64p,store-h,52,"[""L"", "" where"", ""P"", ""where"", "" letting""]"
association,jpp_64p,store-h,8,"[""\u0630"", ""\u044d\u044d"", "" \u0643\u0647"", "" \u0561\u0575\u0564"", ""\u064a""]"
association,jpp_64p,store-h,15,"[""disable"", ""raud"", ""\ud835\uddff"", "" same"", "" railroad""]"
association,jpp_64p,store-h,22,"["" same"", ""disable"", ""\u0436\u0434\u0430"", "" stej"", ""ijd""]"
association,jpp_64p,store-h,30,"[""\u0449\u0435\u043c"", "" \ub4ef"", ""\u0e40\u0e14\u0e35\u0e22\u0e27"", "" \u0436\u0435"", ""\uc9dd""]"
association,jpp_64p,store-h,38,"[""L"", ""C"", ""\ucc98\ub7fc"", ""\u0e40\u0e14\u0e35\u0e22\u0e27"", ""\u51fa\u884c""]"
association,jpp_64p,store-h,45,"["" either"", ""\u0647\u0627"", "" where"", "" and"", ""where""]"
association,jpp_64p,store-h,52,"[""L"", "" where"", ""where"", ""P"", "" letting""]"
association,logit,art-h,8,"["" a"", ""en"", "" l"", ""ation"", "" and""]"
association,logit,art-h,15,"["" l"", "" own"", ""iz"", "" a"", ""ers""]"
association,logit,art-h,22,"["" l"", ""iz"", "" s"", ""\u0630\u0627"", "" \uc2f6""]"
association,logit,art-h,30,"["" l"", ""ed"", ""ly"", "" own"", ""ing""]"
association,logit,art-h,38,"[""ed"", ""\ub85c"", ""\uc73c\ub85c"", ""ing"", ""\u4e86""]"
association,logit,art-h,45,"["" l"", ""C"", "" own"", ""y"", ""T""]"
association,logit,art-h,52,"["" scrape"", "" scraping"", "" scraped"", ""scrap"", "" scraper""]"
association,jlens_16p,art-h,8,"[""y"", ""yeri"", ""ness"", ""\u094d\u092f"", ""mett""]"
association,jlens_16p,art-h,15,"[""UKA"", ""\u0420\u0410"", "" PRP"", "" own"", "" la""]"
association,jlens_16p,art-h,22,"[""UKA"", ""\u0420\u0410"", "" PRP"", "" own"", "" la""]"
association,jlens_16p,art-h,30,"["" own"", "" even"", ""\ub3c4"", ""vd"", ""xf""]"
association,jlens_16p,art-h,38,"[""ipsis"", "" own"", ""acement"", "" \ub2e4\uc2dc"", ""undo""]"
association,jlens_16p,art-h,45,"[""to"", "" \u0441\u043d\u043e\u0432\u0430"", "" obliterated"", "" Claremont"", "" erasure""]"
association,jlens_16p,art-h,52,"["" scraped"", "" scraping"", "" scrape"", ""scrap"", ""scrape""]"
association,rlens_16p,art-h,8,"["" same"", "" Inquisition"", ""\u0631\u064a\u0645"", "" helemaal"", ""\u043f\u043b\u044f""]"
association,rlens_16p,art-h,15,"["" l"", "" same"", "" la"", "" a"", ""\u1ebd""]"
association,rlens_16p,art-h,22,"["" l"", "" same"", "" la"", "" a"", "" fini""]"
association,rlens_16p,art-h,30,"["" rendition"", "" chopping"", ""\u0628\u0648\u0637"", ""\u1edbp"", ""<i>""]"
association,rlens_16p,art-h,38,"[""B"", "" \uc0c8\ub85c"", ""ipsis"", "" \ub2e4\uc2dc"", "" \u043e\u0431\u0440\u0430\u0442\u043d\u043e""]"
association,rlens_16p,art-h,45,"[""Undo"", "" \uc0c8\ub85c"", "" \u0441\u043d\u043e\u0432\u0430"", "" erasing"", ""\ubd80\ud130""]"
association,rlens_16p,art-h,52,"["" scraped"", "" scraping"", ""scrap"", "" scrape"", ""scrape""]"
association,rlens_64p,art-h,8,"["" same"", "" Inquisition"", ""\u0631\u064a\u0645"", "" helemaal"", ""\u043f\u043b\u044f""]"
association,rlens_64p,art-h,15,"["" l"", "" same"", ""uous"", "" la"", "" helemaal""]"
association,rlens_64p,art-h,22,"["" l"", "" same"", "" la"", "" a"", ""\u0628\u064a\u0642""]"
association,rlens_64p,art-h,30,"["" same"", ""\u0628\u0648\u0637"", ""itivo"", ""\u1edbp"", "" rendition""]"
association,rlens_64p,art-h,38,"[""B"", ""ipsis"", "" \ub2e4\uc2dc"", "" \uc0c8\ub85c"", ""Again""]"
association,rlens_64p,art-h,45,"[""Undo"", "" \u0441\u043d\u043e\u0432\u0430"", "" \uc0c8\ub85c"", "" \u043e\u0431\u0440\u0430\u0442\u043d\u043e"", "" erasing""]"
association,rlens_64p,art-h,52,"["" scraped"", "" scraping"", ""scrap"", "" scrape"", ""scrape""]"
association,jpp_64p,art-h,8,"["" \u0643\u0647"", ""\ub9c8\ub2e4"", ""C"", ""\ubd80\ud130"", ""\u0941\u0930""]"
association,jpp_64p,art-h,15,"["" same"", ""\u0627\u0631\u0647"", ""\u0941\u0930"", ""ara"", "" removable""]"
association,jpp_64p,art-h,22,"["" same"", "" l"", ""\u0941\u0930"", "" fewest"", ""\u0449\u0430""]"
association,jpp_64p,art-h,30,"[""\u0628\u0648\u0637"", ""\u608d"", "" chopping"", "" onslaught"", ""olutamente""]"
association,jpp_64p,art-h,38,"["" \u043e\u0431\u0440\u0430\u0442\u043d\u043e"", "" \u0926\u094b\u092c\u093e\u0930\u093e"", ""Blade"", "" \ub2e4\uc2dc"", ""Grab""]"
association,jpp_64p,art-h,45,"["" even"", ""to"", "" either"", "" erased"", ""Undo""]"
association,jpp_64p,art-h,52,"["" scraped"", "" scraping"", ""scrap"", "" scrape"", ""scrape""]"
association,logit,music-h,8,"[""er"", "" a"", ""en"", "" and"", "" of""]"
association,logit,music-h,15,"["" own"", "" l"", ""-"", "" a"", "" de""]"
association,logit,music-h,22,"["" own"", "" l"", "" a"", ""-"", ""\u043d\u0430""]"
association,logit,music-h,30,"["" own"", "" l"", ""ly"", ""-"", ""er""]"
association,logit,music-h,38,"[""C"", ""ly"", ""ness"", ""\ub85c"", ""\uc73c\ub85c""]"
association,logit,music-h,45,"["" own"", "" thousand"", ""ly"", "" l"", "" hundred""]"
association,logit,music-h,52,"["" thousand"", ""B"", ""thousand"", ""\u4e24"", "" \u0442\u044b\u0441\u044f""]"
association,jlens_16p,music-h,8,"[""y"", ""yeri"", ""ness"", ""\u094d\u092f"", ""mett""]"
association,jlens_16p,music-h,15,"[""\u0420\u0410"", ""UKA"", "" PRP"", "" la"", "" own""]"
association,jlens_16p,music-h,22,"[""UKA"", ""\u0420\u0410"", "" la"", "" PRP"", "" \u0432\u0441\u044f""]"
association,jlens_16p,music-h,30,"["" own"", ""\ub3c4"", ""ational"", ""ewater"", ""ity""]"
association,jlens_16p,music-h,38,"["" own"", "" \ub4ef"", ""ity"", ""\u05d5"", ""arsis""]"
association,jlens_16p,music-h,45,"[""\u0643"", ""<|channel>"", ""\u0647\u0627"", ""\u0629"", ""\u062d\u062f""]"
association,jlens_16p,music-h,52,"[""\u0e2a\u0e2d\u0e07"", ""two"", ""Two"", "" zwei"", "" two""]"
association,rlens_16p,music-h,8,"["" own"", "" Inquisition"", "" que"", ""\u0631\u064a\u0645"", ""\u0c26\u0c4d\u0c26""]"
association,rlens_16p,music-h,15,"["" la"", ""\u1ebd"", ""\u0631\u064a\u0645"", "" own"", "" same""]"
association,rlens_16p,music-h,22,"["" same"", "" nh\u00e0ng"", ""\u09be\u099c"", "" few"", ""\u0631\u064a\u0645""]"
association,rlens_16p,music-h,30,"[""\u308a"", "" \u0436\u0435"", "" \u0431\u0443\u043a\u0432\u0430\u043b\u044c\u043d\u043e"", "" nh\u00e0ng"", ""\u09be\u099c""]"
association,rlens_16p,music-h,38,"[""\u308a"", ""arsis"", ""\u0e2b\u0e23\u0e37\u0e2d"", ""\u0bc1\u0b95"", ""**""]"
association,rlens_16p,music-h,45,"[""\u0e2a\u0e2d\u0e07"", "" thousand"", "" \u0111\u00f4ng"", ""two"", ""-""]"
association,rlens_16p,music-h,52,"[""\u0e2a\u0e2d\u0e07"", "" two"", ""two"", ""Two"", "" Two""]"
association,rlens_64p,music-h,8,"["" Inquisition"", "" Shakespeare"", ""\u0c26\u0c4d\u0c26"", "" que"", ""\u0631\u064a\u0645""]"
association,rlens_64p,music-h,15,"[""\u0631\u064a\u0645"", "" Inquisition"", ""\u1ebd"", "" same"", "" Shakespeare""]"
association,rlens_64p,music-h,22,"["" same"", "" nh\u00e0ng"", "" few"", ""\u0631\u064a\u0645"", ""few""]"
association,rlens_64p,music-h,30,"[""\u308a"", "" \u0431\u0443\u043a\u0432\u0430\u043b\u044c\u043d\u043e"", "" \u0436\u0435"", ""\u0e18\u0e23\u0e23\u0e21"", ""\u09be\u099c""]"
association,rlens_64p,music-h,38,"[""\u308a"", ""arsis"", "" \ub4f1\uc758"", ""\u0bc1\u0b95"", ""\u0e2b\u0e23\u0e37\u0e2d""]"
association,rlens_64p,music-h,45,"[""\u0e2a\u0e2d\u0e07"", "" thousand"", ""two"", "" \u0111\u00f4ng"", "" \u0434\u0432\u0430""]"
association,rlens_64p,music-h,52,"[""\u0e2a\u0e2d\u0e07"", "" two"", ""two"", ""Two"", "" Two""]"
association,jpp_64p,music-h,8,"["" \u0643\u0647"", "" itu"", ""\u0630"", ""\ub9c8\ub2e4"", ""\u0941\u0930""]"
association,jpp_64p,music-h,15,"[""\u0449\u0430"", ""\u0941\u0930"", ""\uc600"", ""\u5f97\u610f"", ""\u0c26\u0c4d\u0c26""]"
association,jpp_64p,music-h,22,"[""few"", ""\u0e1e\u0e27\u0e01\u0e40\u0e02\u0e32"", "" same"", ""\u0941\u0930"", ""\ub974""]"
association,jpp_64p,music-h,30,"[""\u308a"", "" \u0431\u0443\u043a\u0432\u0430\u043b\u044c\u043d\u043e"", ""\u307e\u3055\u306b"", ""literally"", "" Literally""]"
association,jpp_64p,music-h,38,"[""\u4e07\u4eba"", ""arsis"", ""\u611f\u52d5"", ""\u0640\u0640\u0640\u0640\u0640\u0640\u0640\u0640"", ""posure""]"
association,jpp_64p,music-h,45,"[""two"", "" thousand"", ""\u0e2a\u0e2d\u0e07"", ""\u4e8c\u767e"", ""thousand""]"
association,jpp_64p,music-h,52,"["" two"", ""two"", ""\u0e2a\u0e2d\u0e07"", "" Two"", ""Two""]"
association,logit,math-h,8,"["" a"", ""er"", ""en"", "" d"", "" s""]"
association,logit,math-h,15,"["" a"", "" que"", "" own"", ""-"", "" l""]"
association,logit,math-h,22,"[""-"", "" l"", "" own"", "" de"", "" s""]"
association,logit,math-h,30,"["" l"", ""-"", ""ly"", ""ed"", "" own""]"
association,logit,math-h,38,"[""-"", "" l"", "" and"", ""y"", ""ness""]"
association,logit,math-h,45,"["" l"", ""ed"", ""y"", ""ly"", ""C""]"
association,logit,math-h,52,"["" l"", ""-"", "" somewhere"", ""P"", ""\u4e09\u767e""]"
association,jlens_16p,math-h,8,"[""y"", ""yeri"", ""ness"", ""\u094d\u092f"", ""mett""]"
association,jlens_16p,math-h,15,"[""UKA"", ""\u0420\u0410"", "" la"", "" PRP"", "" BUY""]"
association,jlens_16p,math-h,22,"[""UKA"", ""\u0420\u0410"", "" PRP"", "" own"", "" la""]"
association,jlens_16p,math-h,30,"["" own"", "" even"", ""\u0105d"", ""ity"", "" ability""]"
association,jlens_16p,math-h,38,"["" own"", ""\u0629"", ""\u6027"", ""<channel|>"", ""ity""]"
association,jlens_16p,math-h,45,"["" either"", ""either"", ""ities"", "" Either"", "" and""]"
association,jlens_16p,math-h,52,"["" sixty"", "" seventy"", "" six"", ""6"", "" somewhere""]"
association,rlens_16p,math-h,8,"["" que"", "" same"", "" helemaal"", ""\u0631\u064a\u0645"", "" Inquisition""]"
association,rlens_16p,math-h,15,"["" la"", "" same"", ""\u1ebd"", "" helemaal"", "" Inquisition""]"
association,rlens_16p,math-h,22,"["" same"", ""\u1ebd"", ""\u0631\u064a\u0645"", ""\u0449\u0430"", "" Inquisition""]"
association,rlens_16p,math-h,30,"["" same"", ""ipsis"", "" Thankfully"", "" \u0436\u0435"", ""\u308a""]"
association,rlens_16p,math-h,38,"[""\u0640\u0640\u0640\u0640\u0640\u0640\u0640\u0640"", ""\u4e24\u5927"", "" either"", ""\u0e34\u0e49\u0e19"", ""opardy""]"
association,rlens_16p,math-h,45,"["" either"", "" somewhere"", ""cision"", "" Somewhere"", "" sixty""]"
association,rlens_16p,math-h,52,"["" sixty"", "" six"", "" seventy"", "" somewhere"", "" fifty""]"
association,rlens_64p,math-h,8,"["" que"", "" helemaal"", "" same"", ""\u0631\u064a\u0645"", "" Inquisition""]"
association,rlens_64p,math-h,15,"["" la"", "" same"", "" helemaal"", "" Inquisition"", ""\u1ebd""]"
association,rlens_64p,math-h,22,"["" same"", ""\u0631\u064a\u0645"", "" fewest"", ""\u0449\u0430"", "" notion""]"
association,rlens_64p,math-h,30,"["" same"", ""ipsis"", "" Thankfully"", ""\u308a"", "" \u0436\u0435""]"
association,rlens_64p,math-h,38,"[""\u0640\u0640\u0640\u0640\u0640\u0640\u0640\u0640"", ""\u4e24\u5927"", ""opardy"", ""ipsis"", ""\u751f\u6b7b""]"
association,rlens_64p,math-h,45,"["" either"", "" somewhere"", ""cision"", "" sixty"", "" and""]"
association,rlens_64p,math-h,52,"["" sixty"", "" six"", "" seventy"", "" somewhere"", "" fifty""]"
association,jpp_64p,math-h,8,"[""\ub9c8\ub2e4"", "" \u0643\u0647"", ""\ubd80\ud130"", ""\uadf8"", "" itu""]"
association,jpp_64p,math-h,15,"["" same"", ""\u0449\u0430"", ""\u0c26\u0c4d\u0c26"", ""\u0941\u0930"", "" helemaal""]"
association,jpp_64p,math-h,22,"["" same"", ""\u0449\u0430"", ""\u0941\u0930"", "" \u0431\u0443\u043a\u0432\u0430\u043b\u044c\u043d\u043e"", ""\u0434\u0432\u0430""]"
association,jpp_64p,math-h,30,"["" same"", ""\u308a"", "" \u0431\u0443\u043a\u0432\u0430\u043b\u044c\u043d\u043e"", ""\u6b63\u662f"", "" \u0444\u0438\u0433\u0443""]"
association,jpp_64p,math-h,38,"["" either"", ""opardy"", "" scrutiny"", ""slate"", ""Slate""]"
association,jpp_64p,math-h,45,"["" either"", "" and"", "" even"", ""either"", ""\u662f\u5426\u5b58\u5728""]"
association,jpp_64p,math-h,52,"["" sixty"", "" six"", "" seventy"", "" fifty"", ""six""]"
association,logit,science-h,8,"["" a"", ""er"", ""en"", "" l"", "" and""]"
association,logit,science-h,15,"["" a"", "" l"", "" que"", "" own"", "" de""]"
association,logit,science-h,22,"["" de"", "" que"", "" own"", "" l"", "" a""]"
association,logit,science-h,30,"["" l"", ""-"", ""ly"", ""ed"", ""er""]"
association,logit,science-h,38,"["" l"", ""-"", "" and"", ""er"", "" but""]"
association,logit,science-h,45,"["" l"", "" if"", ""ed"", "" a"", "" but""]"
association,logit,science-h,52,"["" textbook"", ""\u6559\u79d1"", "" l"", "" textbooks"", "" if""]"
association,jlens_16p,science-h,8,"[""y"", ""yeri"", ""ness"", ""\u094d\u092f"", ""mett""]"
association,jlens_16p,science-h,15,"[""UKA"", ""\u0420\u0410"", "" PRP"", "" la"", "" own""]"
association,jlens_16p,science-h,22,"[""\u0420\u0410"", ""UKA"", "" PRP"", "" own"", "" la""]"
association,jlens_16p,science-h,30,"["" own"", "" even"", ""\ub3c4"", "" fact"", "" or""]"
association,jlens_16p,science-h,38,"["" own"", ""ity"", "" \uc2f6"", ""\u6027"", ""\u0d41\u0d35""]"
association,jlens_16p,science-h,45,"[""if"", "" and"", "" if"", "" either"", ""S""]"
association,jlens_16p,science-h,52,"["" if"", ""if"", "" and"", ""If"", "" If""]"
association,rlens_16p,science-h,8,"[""\u0631\u064a\u0645"", "" helemaal"", ""\u0c26\u0c4d\u0c26"", "" Inquisition"", ""\u09be\u099c""]"
association,rlens_16p,science-h,15,"["" helemaal"", ""\u1ebd"", ""\u0631\u064a\u0645"", "" Inquisition"", ""\u0c26\u0c4d\u0c26""]"
association,rlens_16p,science-h,22,"["" same"", "" Inquisition"", ""\u1ebd"", ""\u0631\u064a\u0645"", ""\u09be\u099c""]"
association,rlens_16p,science-h,30,"["" same"", "" \u0431\u0443\u043a\u0432\u0430\u043b\u044c\u043d\u043e"", "" Thankfully"", ""\u308a"", ""ifact""]"
association,rlens_16p,science-h,38,"["" either"", ""\u304f\u306a\u3044"", ""Unlike"", ""unlike"", "" or""]"
association,rlens_16p,science-h,45,"["" and"", "" either"", "" if"", "" \u0435\u0441\u043b\u0438"", ""\u5982\u679c""]"
association,rlens_16p,science-h,52,"["" if"", "" textbook"", "" \u0435\u0441\u043b\u0438"", "" textbooks"", ""\u6559\u79d1""]"
association,rlens_64p,science-h,8,"["" Inquisition"", ""\u0631\u064a\u0645"", "" helemaal"", ""qq"", ""\u0c26\u0c4d\u0c26""]"
association,rlens_64p,science-h,15,"["" helemaal"", ""\u0631\u064a\u0645"", "" Inquisition"", ""\u1ebd"", "" similit""]"
association,rlens_64p,science-h,22,"["" same"", "" Inquisition"", "" l"", ""\u0631\u064a\u0645"", "" similit""]"
association,rlens_64p,science-h,30,"["" same"", "" Thankfully"", "" \u0431\u0443\u043a\u0432\u0430\u043b\u044c\u043d\u043e"", ""\u308a"", ""aclysm""]"
association,rlens_64p,science-h,38,"["" either"", ""/"", ""Unlike"", ""\u304f\u306a\u3044"", ""unlike""]"
association,rlens_64p,science-h,45,"["" either"", "" and"", "" if"", "" \u0435\u0441\u043b\u0438"", ""\u5982\u679c""]"
association,rlens_64p,science-h,52,"["" textbook"", "" if"", "" \u0435\u0441\u043b\u0438"", "" textbooks"", ""if""]"
association,jpp_64p,science-h,8,"[""\ub9c8\ub2e4"", "" \u0643\u0647"", "" itu"", ""\u308a"", "" \u0442\u043e\u0433\u043e""]"
association,jpp_64p,science-h,15,"[""\uc600"", ""\u0440\u043e\u0432\u043a\u0430"", ""\u0c26\u0c4d\u0c26"", ""\u0941\u0930"", ""\u5f97\u610f""]"
association,jpp_64p,science-h,22,"["" same"", ""would"", "" bu\u1ed9c"", ""\u308a"", "" similit""]"
association,jpp_64p,science-h,30,"["" same"", "" \u0431\u0443\u043a\u0432\u0430\u043b\u044c\u043d\u043e"", ""\u308a"", ""ifact"", "" fact""]"
association,jpp_64p,science-h,38,"["" either"", "" or"", ""L"", ""B"", ""\u9055""]"
association,jpp_64p,science-h,45,"["" either"", "" if"", "" and"", "" \u0435\u0441\u043b\u0438"", ""\u5982\u679c""]"
association,jpp_64p,science-h,52,"["" textbook"", "" textbooks"", ""\u6559\u79d1"", "" if"", "" Textbook""]"
association,logit,law-h,8,"["" a"", "" and"", "" l"", ""ation"", ""en""]"
association,logit,law-h,15,"["" de"", "" a"", "" own"", ""-"", "" l""]"
association,logit,law-h,22,"["" de"", "" l"", "" que"", ""-"", "" own""]"
association,logit,law-h,30,"["" l"", "" own"", ""-"", ""ed"", ""ly""]"
association,logit,law-h,38,"[""-"", ""ly"", ""er"", "" and"", "" l""]"
association,logit,law-h,45,"["" own"", "" a"", ""ed"", ""ly"", "" then""]"
association,logit,law-h,52,"["" clause"", "" Clause"", ""Clause"", "" cl\u00e1us"", ""clause""]"
association,jlens_16p,law-h,8,"[""y"", ""yeri"", ""ness"", ""\u094d\u092f"", ""mett""]"
association,jlens_16p,law-h,15,"[""UKA"", ""\u0420\u0410"", "" PRP"", "" own"", "" la""]"
association,jlens_16p,law-h,22,"[""UKA"", ""\u0420\u0410"", "" PRP"", "" own"", "" la""]"
association,jlens_16p,law-h,30,"["" own"", ""\ub3c4"", "" even"", ""ational"", ""ity""]"
association,jlens_16p,law-h,38,"["" own"", ""\ub3c4"", ""\u6027"", "" \uc2f6"", ""ity""]"
association,jlens_16p,law-h,45,"[""xf"", "" \uc2f6"", ""e"", ""S"", ""set""]"
association,jlens_16p,law-h,52,"[""if"", "" she"", "" clause"", ""\u5979"", ""e""]"
association,rlens_16p,law-h,8,"[""\u0c26\u0c4d\u0c26"", "" Inquisition"", ""\u0631\u064a\u0645"", ""bc"", ""\u0440\u0443""]"
association,rlens_16p,law-h,15,"["" la"", "" l"", "" same"", "" few"", "" helemaal""]"
association,rlens_16p,law-h,22,"["" la"", "" l"", "" same"", "" few"", ""few""]"
association,rlens_16p,law-h,30,"["" \u0436\u0435"", ""\u308a"", "" same"", "" Thankfully"", ""imbangan""]"
association,rlens_16p,law-h,38,"[""versive"", ""C"", "" \u0436\u0435"", ""ophobia"", ""ipsis""]"
association,rlens_16p,law-h,45,"["" and"", ""-"", "" ever"", ""\u5982\u679c\u662f"", ""\u5982\u679c""]"
association,rlens_16p,law-h,52,"["" section"", "" clause"", "" Clause"", "" Section"", ""-""]"
association,rlens_64p,law-h,8,"[""\u0c26\u0c4d\u0c26"", "" Inquisition"", ""\u0631\u064a\u0645"", ""bc"", ""\u043f\u043b\u044f""]"
association,rlens_64p,law-h,15,"["" la"", "" l"", "" helemaal"", ""\u043f\u043b\u044f"", "" few""]"
association,rlens_64p,law-h,22,"["" l"", "" la"", "" same"", "" few"", ""few""]"
association,rlens_64p,law-h,30,"["" same"", "" \u0436\u0435"", ""\u308a"", "" Thankfully"", ""ophobia""]"
association,rlens_64p,law-h,38,"[""ophobia"", ""ipsis"", ""C"", ""Anon"", ""versive""]"
association,rlens_64p,law-h,45,"["" and"", ""-"", "" ever"", ""\u5982\u679c\u662f"", ""ist""]"
association,rlens_64p,law-h,52,"["" section"", "" clause"", "" Section"", ""-"", "" Clause""]"
association,jpp_64p,law-h,8,"[""\ubd80\ud130"", "" \u0643\u0647"", "" itu"", ""\ub974"", ""\ub9c8\ub2e4""]"
association,jpp_64p,law-h,15,"[""\u0c26\u0c4d\u0c26"", ""\u0449\u0430"", ""\u0941\u0930"", "" similit"", "" \u0431\u0443\u043a\u0432\u0430\u043b\u044c\u043d\u043e""]"
association,jpp_64p,law-h,22,"[""few"", ""would"", "" same"", ""\u0449\u0430"", ""\u0941\u0930""]"
association,jpp_64p,law-h,30,"[""\u308a"", ""C"", ""\ub729"", "" \u0436\u0435"", ""ophobia""]"
association,jpp_64p,law-h,38,"[""\u6016"", "" \u0441\u043e\u0437\u043d\u0430"", "" seguridad"", ""rainte"", ""\u5927\u6cd5""]"
association,jpp_64p,law-h,45,"["" and"", ""**"", ""*"", "" either"", "" **""]"
association,jpp_64p,law-h,52,"["" section"", "" clause"", "" Clause"", "" l"", "" Section""]"
association,logit,film-h,8,"["" a"", ""er"", ""en"", "" l"", ""al""]"
association,logit,film-h,15,"["" l"", "" own"", "" a"", ""iz"", ""ers""]"
association,logit,film-h,22,"["" de"", "" l"", "" own"", "" que"", ""-""]"
association,logit,film-h,30,"["" own"", "" l"", ""ed"", ""ly"", ""y""]"
association,logit,film-h,38,"["" l"", "" own"", ""ly"", ""\ub85c"", ""\uc73c\ub85c""]"
association,logit,film-h,45,"["" l"", "" then"", "" Then"", ""Then"", "" And""]"
association,logit,film-h,52,"["" l"", "" Then"", "" forgetting"", "" forgot"", "" then""]"
association,jlens_16p,film-h,8,"[""y"", ""yeri"", ""ness"", ""\u094d\u092f"", ""mett""]"
association,jlens_16p,film-h,15,"[""\u0420\u0410"", ""UKA"", "" PRP"", "" la"", "" own""]"
association,jlens_16p,film-h,22,"[""\u0420\u0410"", ""UKA"", "" own"", "" PRP"", "" la""]"
association,jlens_16p,film-h,30,"["" own"", "" even"", ""ity"", ""\ub3c4"", "" single""]"
association,jlens_16p,film-h,38,"[""ity"", ""s"", ""ation"", ""ness"", ""ivity""]"
association,jlens_16p,film-h,45,"[""ities"", "" then"", ""ly"", ""for"", "" for""]"
association,jlens_16p,film-h,52,"["" for"", "" then"", ""ness"", ""ities"", ""for""]"
association,rlens_16p,film-h,8,"["" deles"", ""\u0e1e\u0e27\u0e01\u0e40\u0e02\u0e32"", ""\u0c26\u0c4d\u0c26"", ""\u0631\u064a\u0645"", "" \u0e40\u0e02\u0e32""]"
association,rlens_16p,film-h,15,"["" same"", "" la"", "" few"", "" deles"", ""\u0631\u064a\u0645""]"
association,rlens_16p,film-h,22,"["" same"", "" la"", "" l"", "" few"", "" \u0c95\u0cbf""]"
association,rlens_16p,film-h,30,"[""\u044d\u0440\u0438"", "" nh\u00e0ng"", ""\u091a\u0902"", ""\u308a"", ""lessly""]"
association,rlens_16p,film-h,38,"["" nh\u00e0ng"", "" exhilarating"", ""\u8eab\u7684"", "" bliss"", "" psychedelic""]"
association,rlens_16p,film-h,45,"["" then"", "" ever"", "" and"", "" either"", "" wtedy""]"
association,rlens_16p,film-h,52,"["" then"", "" for"", ""for"", "" la"", "" For""]"
association,rlens_64p,film-h,8,"["" deles"", ""\u0e1e\u0e27\u0e01\u0e40\u0e02\u0e32"", "" Inquisition"", ""\u0631\u064a\u0645"", ""\u0c26\u0c4d\u0c26""]"
association,rlens_64p,film-h,15,"["" same"", "" deles"", "" few"", "" quelques"", ""\u0631\u064a\u0645""]"
association,rlens_64p,film-h,22,"["" same"", "" l"", "" few"", "" la"", "" notion""]"
association,rlens_64p,film-h,30,"[""\u308a"", ""ihilation"", "" nh\u00e0ng"", ""\u044d\u0440\u0438"", ""lessly""]"
association,rlens_64p,film-h,38,"["" exhilarating"", "" nh\u00e0ng"", ""\u8eab\u7684"", "" psychedelic"", "" bliss""]"
association,rlens_64p,film-h,45,"["" then"", "" ever"", "" and"", "" either"", "" tellement""]"
association,rlens_64p,film-h,52,"["" then"", "" for"", "" la"", ""for"", "" For""]"
association,jpp_64p,film-h,8,"[""\ub9c8\ub2e4"", "" \u0643\u0647"", ""\ubd80\ud130"", ""would"", ""\ub984""]"
association,jpp_64p,film-h,15,"["" same"", "" simili"", ""\u5f97\u610f"", "" helemaal"", ""irs""]"
association,jpp_64p,film-h,22,"["" same"", ""few"", ""\u0941\u0930"", "" simili"", "" brilliance""]"
association,jpp_64p,film-h,30,"[""keyup"", ""\u7740\u7684"", ""eless"", "" \u0431\u0443\u043a\u0432\u0430\u043b\u044c\u043d\u043e"", ""\u0e40\u0e14\u0e35\u0e22\u0e27""]"
association,jpp_64p,film-h,38,"[""\u8eab\u7684"", ""eless"", "" \u0441\u043e\u0437\u043d\u0430"", "" same"", ""\u8eab""]"
association,jpp_64p,film-h,45,"["" either"", "" then"", "" and"", "" for"", ""atically""]"
association,jpp_64p,film-h,52,"["" la"", "" for"", "" then"", ""for"", "" l""]"
association,logit,code-h,8,"[""er"", "" and"", "" l"", ""ation"", "" a""]"
association,logit,code-h,15,"["" a"", "" l"", "" de"", "" own"", "" que""]"
association,logit,code-h,22,"["" que"", "" de"", "" own"", ""-"", "" l""]"
association,logit,code-h,30,"[""-"", "" l"", "" own"", ""ly"", ""er""]"
association,logit,code-h,38,"[""-"", "" l"", ""er"", "" a"", ""ness""]"
association,logit,code-h,45,"["" l"", "" a"", ""y"", "" wrong"", ""wrong""]"
association,logit,code-h,52,"["" l"", ""fix"", ""Fix"", "" fixing"", ""fixing""]"
association,jlens_16p,code-h,8,"[""y"", ""yeri"", ""ness"", ""\u094d\u092f"", ""mett""]"
association,jlens_16p,code-h,15,"[""UKA"", ""\u0420\u0410"", "" la"", "" PRP"", "" own""]"
association,jlens_16p,code-h,22,"[""UKA"", ""\u0420\u0410"", "" own"", "" la"", "" PRP""]"
association,jlens_16p,code-h,30,"["" own"", "" even"", ""\ub3c4"", "" single"", "" kind""]"
association,jlens_16p,code-h,38,"["" own"", ""\u0629"", ""\ub3c4"", "" uma"", ""\u6027""]"
association,jlens_16p,code-h,45,"["" either"", ""\u0647\u0627"", "" \uc2f6"", ""S"", ""something""]"
association,jlens_16p,code-h,52,"[""ness"", "" -"", "" she"", ""wrong"", "" incorrect""]"
association,rlens_16p,code-h,8,"["" helemaal"", "" que"", "" Inquisition"", ""\u0631\u064a\u0645"", ""irs""]"
association,rlens_16p,code-h,15,"["" la"", "" same"", "" helemaal"", "" \u0446\u0435\u043b\u0438"", "" Inquisition""]"
association,rlens_16p,code-h,22,"["" same"", "" la"", "" \u0446\u0435\u043b\u0438"", ""\u0449\u0430"", ""\u0631\u064a\u0645""]"
association,rlens_16p,code-h,30,"["" same"", ""\u6b63\u662f"", "" Thankfully"", "" \u0436\u0435"", ""acja""]"
association,rlens_16p,code-h,38,"[""wrong"", "" or"", "" wrong"", ""\u304f\u306a\u3044"", ""Wrong""]"
association,rlens_16p,code-h,45,"["" either"", ""P"", ""wrong"", ""Wrong"", "" wrong""]"
association,rlens_16p,code-h,52,"[""-"", ""wrong"", "" she"", "" Wrong"", ""incorrect""]"
association,rlens_64p,code-h,8,"["" helemaal"", "" que"", "" Inquisition"", ""\u0631\u064a\u0645"", "" deles""]"
association,rlens_64p,code-h,15,"["" la"", "" helemaal"", "" same"", "" Inquisition"", ""\u0449\u0430""]"
association,rlens_64p,code-h,22,"["" same"", "" la"", ""\u0449\u0430"", "" fewest"", "" l""]"
association,rlens_64p,code-h,30,"["" same"", ""\u6b63\u662f"", "" Thankfully"", "" \u0436\u0435"", ""\uc12d""]"
association,rlens_64p,code-h,38,"[""wrong"", "" or"", "" wrong"", ""\u304f\u306a\u3044"", ""Wrong""]"
association,rlens_64p,code-h,45,"["" either"", ""P"", ""wrong"", ""Wrong"", "" wrong""]"
association,rlens_64p,code-h,52,"[""-"", ""wrong"", ""P"", "" she"", ""incorrect""]"
association,jpp_64p,code-h,8,"["" \u0643\u0647"", ""irs"", "" itu"", "" \u0442\u043e\u0433\u043e"", ""\u0649""]"
association,jpp_64p,code-h,15,"[""\u0449\u0430"", ""irs"", ""\u0c26\u0c4d\u0c26"", "" skateboarding"", "" lineWidth""]"
association,jpp_64p,code-h,22,"[""\u0449\u0430"", "" same"", ""few"", ""\u0440\u043e\u0432\u043a\u0430"", ""\u90a3\u8fb9""]"
association,jpp_64p,code-h,30,"[""\u6b63\u662f"", ""acja"", ""wrong"", ""none"", ""\u308a""]"
association,jpp_64p,code-h,38,"["" or"", ""wrong"", ""\u9519\u8bef\u7684"", "" either"", ""\u0e1c\u0e34\u0e14""]"
association,jpp_64p,code-h,45,"["" either"", ""wrong"", "" wrong"", ""Wrong"", "" Wrong""]"
association,jpp_64p,code-h,52,"[""wrong"", ""-"", ""Fix"", ""incorrect"", ""P""]"
association,logit,news-h,8,"["" a"", "" and"", "" l"", "" e"", ""en""]"
association,logit,news-h,15,"["" own"", "" a"", "" l"", ""-"", "" de""]"
association,logit,news-h,22,"["" l"", "" own"", "" de"", ""-"", ""ation""]"
association,logit,news-h,30,"["" l"", "" own"", ""ly"", ""ing"", ""ed""]"
association,logit,news-h,38,"["" l"", ""-"", ""ly"", ""\ub85c"", ""y""]"
association,logit,news-h,45,"["" l"", "" own"", ""ing"", ""ed"", ""y""]"
association,logit,news-h,52,"["" paper"", ""paper"", ""\u7eb8"", ""\u7d19"", ""Paper""]"
association,jlens_16p,news-h,8,"[""y"", ""yeri"", ""ness"", ""\u094d\u092f"", ""mett""]"
association,jlens_16p,news-h,15,"[""\u0420\u0410"", ""UKA"", "" PRP"", "" la"", "" own""]"
association,jlens_16p,news-h,22,"[""UKA"", ""\u0420\u0410"", "" PRP"", "" own"", "" la""]"
association,jlens_16p,news-h,30,"["" even"", "" own"", ""\u0105d"", ""plexity"", ""osion""]"
association,jlens_16p,news-h,38,"["" own"", ""ity"", "" \ub4ef"", ""ipsis"", ""sx""]"
association,jlens_16p,news-h,45,"[""S"", ""e"", ""someone"", ""set"", ""such""]"
association,jlens_16p,news-h,52,"["" paper"", ""\u7eb8"", ""Paper"", ""paper"", ""\u7d19""]"
association,rlens_16p,news-h,8,"["" la"", ""qq"", "" Inquisition"", ""\u0c26\u0c4d\u0c26"", ""\u0631\u064a\u0645""]"
association,rlens_16p,news-h,15,"["" la"", "" l"", "" same"", ""bq"", "" a""]"
association,rlens_16p,news-h,22,"["" same"", "" la"", "" l"", "" stej"", "" \u043a\u0430\u0440\u0442\u0438\u043d\u0430""]"
association,rlens_16p,news-h,30,"["" same"", ""\u308a"", ""ipsis"", ""P"", "" \u0436\u0435""]"
association,rlens_16p,news-h,38,"[""B"", ""ipsis"", "" \u0436\u0435"", "" \ubc14\ub00c"", ""\ubc14\ub85c""]"
association,rlens_16p,news-h,45,"["" \ubc14\ub00c"", "" \u90a3"", "" \uadf8\ub54c"", "" shift"", "" apparently""]"
association,rlens_16p,news-h,52,"["" paper"", ""Paper"", ""paper"", ""papers"", ""\u7eb8""]"
association,rlens_64p,news-h,8,"["" lineWidth"", ""\u0c26\u0c4d\u0c26"", "" Inquisition"", ""qq"", ""\u0631\u064a\u0645""]"
association,rlens_64p,news-h,15,"["" la"", "" l"", "" same"", ""bq"", ""\u043f\u043b\u044f""]"
association,rlens_64p,news-h,22,"["" same"", "" la"", "" l"", "" stej"", "" \u043a\u0430\u0440\u0442\u0438\u043d\u0430""]"
association,rlens_64p,news-h,30,"["" same"", ""ipsis"", ""\u308a"", ""same"", "" \u0436\u0435""]"
association,rlens_64p,news-h,38,"[""ipsis"", "" \u0436\u0435"", ""B"", ""\u0e01\u0e32\u0e23\u0e13\u0e4c"", "" \ubc14\ub00c""]"
association,rlens_64p,news-h,45,"["" \ubc14\ub00c"", "" \u90a3"", "" and"", ""unshift"", "" shift""]"
association,rlens_64p,news-h,52,"[""paper"", ""Paper"", "" paper"", ""\u7eb8"", ""papers""]"
association,jpp_64p,news-h,8,"["" \u0643\u0647"", ""\u0941\u0930"", "" \u0e40\u0e01"", ""\ub9c8\ub2e4"", "" noen""]"
association,jpp_64p,news-h,15,"[""\u0941\u0930"", "" lineWidth"", ""\u0c26\u0c4d\u0c26"", ""\uc600"", ""\u0449\u0430""]"
association,jpp_64p,news-h,22,"["" same"", ""\u0941\u0930"", "" stej"", ""\u0436\u0434\u0430"", ""\ub974""]"
association,jpp_64p,news-h,30,"[""B"", ""\u308a"", ""P"", "" same"", ""ipsis""]"
association,jpp_64p,news-h,38,"[""B"", "" \ubc14\ub00c"", ""ipsis"", ""\u0e40\u0e1b\u0e25\u0e35\u0e48\u0e22\u0e19\u0e41\u0e1b\u0e25\u0e07"", ""switcher""]"
association,jpp_64p,news-h,45,"["" and"", "" either"", "" \uadf8\ub54c"", ""\u8fd9\u65f6\u5019"", ""change""]"
association,jpp_64p,news-h,52,"["" paper"", ""paper"", ""Paper"", ""\u7d19"", ""papers""]"
association,logit,night-h,8,"[""er"", "" a"", "" l"", "" an"", ""en""]"
association,logit,night-h,15,"["" l"", "" own"", "" a"", ""-"", ""iz""]"
association,logit,night-h,22,"["" l"", "" own"", ""-"", "" de"", "" que""]"
association,logit,night-h,30,"["" l"", "" own"", ""ly"", ""ed"", ""-""]"
association,logit,night-h,38,"[""-"", ""ness"", ""ed"", ""ly"", ""y""]"
association,logit,night-h,45,"["" own"", ""ed"", "" l"", ""C"", ""y""]"
association,logit,night-h,52,"["" darkness"", ""Pitch"", "" pitch"", ""\u9ed1\u6697"", ""pitch""]"
association,jlens_16p,night-h,8,"[""y"", ""yeri"", ""ness"", ""\u094d\u092f"", ""mett""]"
association,jlens_16p,night-h,15,"[""UKA"", ""\u0420\u0410"", "" PRP"", "" la"", "" own""]"
association,jlens_16p,night-h,22,"[""UKA"", ""\u0420\u0410"", "" PRP"", "" own"", "" la""]"
association,jlens_16p,night-h,30,"["" own"", ""\ub3c4"", "" even"", ""ity"", ""\u0105d""]"
association,jlens_16p,night-h,38,"["" \ub4ef"", "" own"", ""\u05d5"", ""set"", ""ity""]"
association,jlens_16p,night-h,45,"["" darkness"", "" \uc2f6\uc740"", "" Darkness"", "" \uc2f6"", "" obscurity""]"
association,jlens_16p,night-h,52,"["" darkness"", "" Darkness"", ""ness"", "" blackout"", "" black""]"
association,rlens_16p,night-h,8,"["" que"", ""\u0c26\u0c4d\u0c26"", ""\u09be\u099c"", "" helemaal"", ""\u0631\u064a\u0645""]"
association,rlens_16p,night-h,15,"["" la"", "" helemaal"", "" similit"", "" few"", ""\u043f\u043b\u044f""]"
association,rlens_16p,night-h,22,"["" simili"", ""\u09b8\u09c0"", "" \u043a\u0430\u0440\u0442\u0438\u043d\u0430"", ""\u0449\u0430"", ""\u09be\u099c""]"
association,rlens_16p,night-h,30,"["" \u0431\u0443\u043a\u0432\u0430\u043b\u044c\u043d\u043e"", ""\u308a"", "" \u043d\u0435"", ""\u7684\u7a7a\u95f4"", ""\u306a\u3093\u3068""]"
association,rlens_16p,night-h,38,"["" midnight"", "" Midnight"", "" \u043d\u0435"", "" nocturnal"", ""\u7136\u800c""]"
association,rlens_16p,night-h,45,"["" darkness"", "" Darkness"", ""DARK"", "" gelap"", "" DARK""]"
association,rlens_16p,night-h,52,"["" darkness"", "" Darkness"", "" blackout"", "" black"", ""Black""]"
association,rlens_64p,night-h,8,"["" que"", ""\u0c26\u0c4d\u0c26"", "" Shakespeare"", "" sulfuric"", "" Inquisition""]"
association,rlens_64p,night-h,15,"["" la"", "" similit"", "" helemaal"", ""\u043f\u043b\u044f"", "" Inquisition""]"
association,rlens_64p,night-h,22,"[""\u0449\u0430"", ""\u09b8\u09c0"", "" \u043a\u0430\u0440\u0442\u0438\u043d\u0430"", "" fewest"", "" few""]"
association,rlens_64p,night-h,30,"[""\u308a"", "" \u0431\u0443\u043a\u0432\u0430\u043b\u044c\u043d\u043e"", "" \u043d\u0435"", ""\u7684\u7a7a\u95f4"", ""\u306a\u3093\u3068""]"
association,rlens_64p,night-h,38,"["" Midnight"", ""\u0e30\u0e44\u0e23"", "" \u043d\u0435"", "" midnight"", ""Night""]"
association,rlens_64p,night-h,45,"["" darkness"", "" Darkness"", ""DARK"", "" DARK"", ""\u9ed1\u6697""]"
association,rlens_64p,night-h,52,"["" darkness"", "" Darkness"", "" blackout"", "" black"", ""black""]"
association,jpp_64p,night-h,8,"[""\ub9c8\ub2e4"", "" \u0643\u0647"", ""irs"", ""\ubd80\ud130"", "" noen""]"
association,jpp_64p,night-h,15,"["" similit"", "" helemaal"", ""\u0449\u0430"", ""disable"", "" simili""]"
association,jpp_64p,night-h,22,"["" \ub4ef"", ""\u0449\u0430"", ""\u09b8\u09c0"", ""\u308a"", ""few""]"
association,jpp_64p,night-h,30,"["" \u0431\u0443\u043a\u0432\u0430\u043b\u044c\u043d\u043e"", "" \ub4ef"", ""\u308a"", ""\u7684\u7a7a\u95f4"", "" \uacf5\uac04""]"
association,jpp_64p,night-h,38,"[""Night"", "" Midnight"", "" \u0627\u0644\u0644\u064a\u0644"", ""Midnight"", ""\u6df1\u591c""]"
association,jpp_64p,night-h,45,"["" Darkness"", "" darkness"", ""DARK"", ""dark"", ""Dark""]"
association,jpp_64p,night-h,52,"["" darkness"", "" Darkness"", ""\u95c7"", "" black"", "" blackout""]"
association,logit,past-h,8,"["" of"", ""en"", "" and"", "" l"", "" a""]"
association,logit,past-h,15,"["" a"", "" l"", "" own"", "" de"", "" que""]"
association,logit,past-h,22,"["" de"", "" l"", "" own"", "" que"", ""-""]"
association,logit,past-h,30,"["" l"", ""-"", ""ly"", ""er"", ""ed""]"
association,logit,past-h,38,"[""-"", ""ness"", ""C"", ""ly"", ""\uc73c\ub85c""]"
association,logit,past-h,45,"["" l"", ""C"", ""ed"", ""ly"", ""H""]"
association,logit,past-h,52,"[""dust"", ""\u5c18"", ""Dust"", "" layer"", "" dust""]"
association,jlens_16p,past-h,8,"[""y"", ""yeri"", ""ness"", ""\u094d\u092f"", ""mett""]"
association,jlens_16p,past-h,15,"[""\u0420\u0410"", ""UKA"", "" PRP"", "" la"", "" own""]"
association,jlens_16p,past-h,22,"[""\u0420\u0410"", ""UKA"", "" PRP"", "" own"", "" la""]"
association,jlens_16p,past-h,30,"["" even"", "" own"", ""ity"", ""\ub3c4"", ""ness""]"
association,jlens_16p,past-h,38,"["" own"", ""\u0629"", ""set"", ""\u05d5"", ""ity""]"
association,jlens_16p,past-h,45,"[""\u0647\u0627"", ""\u0629"", ""set"", ""\u062a\u0647\u0627"", ""\u0633""]"
association,jlens_16p,past-h,52,"[""dust"", ""Dust"", ""\u5c18"", "" Dust"", "" dust""]"
association,rlens_16p,past-h,8,"[""\u09be\u099c"", ""\u043f\u043b\u044f"", ""\u0631\u064a\u0645"", ""\u0e1e\u0e27\u0e01\u0e40\u0e02\u0e32"", "" que""]"
association,rlens_16p,past-h,15,"["" la"", "" quelques"", "" same"", ""\u043f\u043b\u044f"", "" helemaal""]"
association,rlens_16p,past-h,22,"["" same"", "" own"", "" few"", "" \u043a\u0430\u0440\u0442\u0438\u043d\u0430"", "" simili""]"
association,rlens_16p,past-h,30,"[""\u308a"", ""ipsis"", ""\u0449\u0435\u043c"", ""OLD"", ""\u0648\u063a""]"
association,rlens_16p,past-h,38,"[""B"", ""\u0648\u063a"", ""getBounding"", ""\u4e4b\u7c7b\u7684"", "" \ub4f1\uc774""]"
association,rlens_16p,past-h,45,"["" either"", ""\u4e4b\u4e0b"", ""\u064a\u062a\u0647\u0627"", ""\u062a\u0647\u0627"", "" \u0441\u043b\u043e\u0439""]"
association,rlens_16p,past-h,52,"[""dust"", ""Dust"", ""\u5c18"", "" dust"", "" Dust""]"
association,rlens_64p,past-h,8,"[""\u043f\u043b\u044f"", ""\u09be\u099c"", ""\u0631\u064a\u0645"", "" Inquisition"", "" que""]"
association,rlens_64p,past-h,15,"["" la"", "" quelques"", ""\u043f\u043b\u044f"", "" same"", "" helemaal""]"
association,rlens_64p,past-h,22,"["" same"", "" own"", "" few"", "" l"", "" quelques""]"
association,rlens_64p,past-h,30,"[""\u308a"", ""ipsis"", ""\u0449\u0435\u043c"", "" same"", ""\u09be\u099c""]"
association,rlens_64p,past-h,38,"[""\u0648\u063a"", ""B"", ""getBounding"", "" \ub4f1\uc774"", ""\u306a\u3069\u304c""]"
association,rlens_64p,past-h,45,"["" either"", ""\u064a\u062a\u0647\u0627"", ""\u062a\u0647\u0627"", ""\u4e4b\u4e0b"", "" \u0441\u043b\u043e\u0439""]"
association,rlens_64p,past-h,52,"[""dust"", ""Dust"", ""\u5c18"", "" Dust"", "" dust""]"
association,jpp_64p,past-h,8,"[""\ub9c8\ub2e4"", "" \u0643\u0647"", "" noen"", ""\u0941\u0930"", ""\ub974""]"
association,jpp_64p,past-h,15,"[""\u5f97\u610f"", ""\u0449\u0430"", ""\u0627\u0631\u0647"", ""\u0941\u0930"", ""irs""]"
association,jpp_64p,past-h,22,"["" same"", "" own"", ""\u0449\u0430"", ""\u0941\u0930"", ""few""]"
association,jpp_64p,past-h,30,"["" \ub4ef"", ""keyup"", ""\u0449\u0435\u043c"", "" same"", ""OLD""]"
association,jpp_64p,past-h,38,"[""ed"", ""\uc2a4\ub7ec\uc6b4"", ""getBounding"", ""\u8eab\u7684"", ""\u0640\u0640\u0640\u0640\u0640\u0640\u0640\u0640""]"
association,jpp_64p,past-h,45,"["" either"", "" lapisan"", "" even"", ""YEAR"", ""\u0627\u062a""]"
association,jpp_64p,past-h,52,"[""Dust"", ""dust"", "" dust"", "" Dust"", ""\u5c18""]"
association,logit,future-h,8,"[""en"", ""er"", ""al"", "" and"", "" a""]"
association,logit,future-h,15,"["" l"", "" a"", "" de"", ""-"", "" own""]"
association,logit,future-h,22,"["" de"", "" l"", "" que"", ""-"", "" own""]"
association,logit,future-h,30,"["" l"", ""-"", ""ed"", ""er"", ""ly""]"
association,logit,future-h,38,"["" l"", ""-"", ""er"", ""y"", ""ed""]"
association,logit,future-h,45,"["" l"", ""ed"", ""y"", "" a"", ""ing""]"
association,logit,future-h,52,"["" confident"", ""\u81ea\u4fe1"", ""Confidence"", ""confidence"", "" confidence""]"
association,jlens_16p,future-h,8,"[""y"", ""yeri"", ""ness"", ""\u094d\u092f"", ""mett""]"
association,jlens_16p,future-h,15,"[""UKA"", ""\u0420\u0410"", "" la"", "" PRP"", "" own""]"
association,jlens_16p,future-h,22,"[""\u0420\u0410"", ""UKA"", "" PRP"", "" own"", "" la""]"
association,jlens_16p,future-h,30,"["" own"", "" even"", ""ity"", "" single"", "" or""]"
association,jlens_16p,future-h,38,"["" own"", ""ity"", ""\u6027"", ""\u0629"", "" \uc2f6""]"
association,jlens_16p,future-h,45,"[""\u0647\u0627"", ""with"", ""\u064a\u0647\u0627"", ""set"", ""ly""]"
association,jlens_16p,future-h,52,"["" confidence"", ""Confidence"", ""confident"", "" confidently"", ""confidence""]"
association,rlens_16p,future-h,8,"["" own"", "" same"", ""\u09be\u099c"", "" Inquisition"", ""\u0440\u0443""]"
association,rlens_16p,future-h,15,"["" la"", "" same"", "" own"", "" few"", ""irs""]"
association,rlens_16p,future-h,22,"["" own"", "" same"", "" la"", "" few"", "" l""]"
association,rlens_16p,future-h,30,"["" Thankfully"", "" or"", "" same"", "" single"", "" imb""]"
association,rlens_16p,future-h,38,"["" or"", ""\u0441\u0442\u043e\u0439\u0447\u0438"", "" Conversely"", "" exhilarating"", "" \uc218\uc900""]"
association,rlens_16p,future-h,45,"[""\u064a\u062a\u0647\u0627"", "" \u0623\u0646\u0647\u0627"", "" \u0639\u0646\u0647\u0627"", "" \u0906\u0924\u094d\u092e\u0935\u093f\u0936\u094d\u0935\u093e\u0938"", ""\u5979""]"
association,rlens_16p,future-h,52,"[""Confidence"", ""confidence"", "" confident"", "" confidence"", ""confident""]"
association,rlens_64p,future-h,8,"["" same"", ""\u09be\u099c"", "" Inquisition"", ""\u0631\u064a\u0645"", ""\u0440\u0443""]"
association,rlens_64p,future-h,15,"["" same"", "" la"", "" l"", "" few"", "" own""]"
association,rlens_64p,future-h,22,"["" same"", "" own"", "" l"", "" few"", "" la""]"
association,rlens_64p,future-h,30,"["" same"", "" Thankfully"", "" single"", "" nh\u00e0ng"", "" or""]"
association,rlens_64p,future-h,38,"["" exhilarating"", "" nh\u00e0ng"", ""ipsis"", ""\u120d\u1362"", ""\u0441\u0442\u043e\u0439\u0447\u0438""]"
association,rlens_64p,future-h,45,"[""\u064a\u062a\u0647\u0627"", "" \u0623\u0646\u0647\u0627"", ""\u0647\u0627"", ""ity"", ""\u5979""]"
association,rlens_64p,future-h,52,"[""Confidence"", ""confidence"", ""confident"", "" confidently"", "" confident""]"
association,jpp_64p,future-h,8,"["" itu"", ""\ub108\ubb34"", "" noen"", ""\u0941\u0930"", ""\ub9c8\ub2e4""]"
association,jpp_64p,future-h,15,"["" same"", ""\u0449\u0430"", ""\u0941\u0930"", ""irs"", ""\u5f97\u610f""]"
association,jpp_64p,future-h,22,"["" same"", "" own"", ""few"", ""\u0449\u0430"", ""\u0941\u0930""]"
association,jpp_64p,future-h,30,"["" same"", ""ated"", "" \uc2f6\uc740"", "" single"", "" level""]"
association,jpp_64p,future-h,38,"["" level"", "" or"", "" single"", ""ionate"", ""\uc2a4\ub7ec\uc6b4""]"
association,jpp_64p,future-h,45,"[""**"", "" with"", ""with"", "" v\u1edbi"", "" and""]"
association,jpp_64p,future-h,52,"[""Confidence"", ""confidence"", "" confidence"", "" confidently"", "" confident""]"
association,logit,race-h,8,"[""er"", "" a"", "" and"", "" l"", ""en""]"
association,logit,race-h,15,"["" l"", "" a"", ""-"", "" own"", "" de""]"
association,logit,race-h,22,"["" l"", "" de"", "" own"", ""-"", "" a""]"
association,logit,race-h,30,"["" l"", ""-"", ""ly"", ""ing"", "" own""]"
association,logit,race-h,38,"[""C"", ""ness"", ""ing"", ""T"", ""L""]"
association,logit,race-h,45,"[""-"", ""ed"", ""C"", "" l"", ""ing""]"
association,logit,race-h,52,"[""H"", ""-"", ""B"", ""K"", "" la""]"
association,jlens_16p,race-h,8,"[""y"", ""yeri"", ""ness"", ""\u094d\u092f"", ""mett""]"
association,jlens_16p,race-h,15,"[""UKA"", ""\u0420\u0410"", "" PRP"", "" la"", "" own""]"
association,jlens_16p,race-h,22,"[""UKA"", "" la"", ""\u0420\u0410"", ""\u043a\u0438\u043d\u0430"", "" PRP""]"
association,jlens_16p,race-h,30,"["" own"", ""\ub3c4"", "" uma"", "" even"", ""ewater""]"
association,jlens_16p,race-h,38,"["" own"", ""\u0629"", "" uma"", ""\u6027"", "" \ub4ef""]"
association,jlens_16p,race-h,45,"[""\u0629"", ""\u0647"", ""\u0627\u062a"", ""\u062d\u062f"", ""ahead""]"
association,jlens_16p,race-h,52,"["" desperation"", "" desperate"", "" desesper"", "" adrenaline"", "" terrified""]"
association,rlens_16p,race-h,8,"["" que"", "" own"", "" Inquisition"", ""\u0631\u064a\u0645"", ""\u0e1e\u0e27\u0e01\u0e40\u0e02\u0e32""]"
association,rlens_16p,race-h,15,"["" la"", "" Inquisition"", "" helemaal"", "" same"", ""\u0631\u064a\u0645""]"
association,rlens_16p,race-h,22,"["" same"", "" la"", "" Inquisition"", ""\u0631\u064a\u0645"", "" fateful""]"
association,rlens_16p,race-h,30,"["" \u0436\u0435"", ""\u308a"", ""\u0e40\u0e14\u0e35\u0e22\u0e27"", ""\u1001\u103c\u1031"", ""anku""]"
association,rlens_16p,race-h,38,"[""\u0643"", ""\u7684\u529b\u91cf"", ""\u0e41\u0e02\u0e48\u0e07"", ""\u0e2b\u0e23\u0e37\u0e2d"", ""\u9650\u754c""]"
association,rlens_16p,race-h,45,"["" either"", ""\u9003"", "" \u0445\u0432\u0430\u0442\u0438"", ""\u0e34\u0e49\u0e19"", ""\u0bc1\u0b95""]"
association,rlens_16p,race-h,52,"["" Hearing"", "" hearing"", "" desperate"", "" hear"", "" desesper""]"
association,rlens_64p,race-h,8,"["" Inquisition"", "" que"", ""qq"", ""\u0631\u064a\u0645"", ""\u0e1e\u0e27\u0e01\u0e40\u0e02\u0e32""]"
association,rlens_64p,race-h,15,"["" la"", "" Inquisition"", "" helemaal"", "" same"", ""\u0631\u064a\u0645""]"
association,rlens_64p,race-h,22,"["" same"", "" la"", "" Inquisition"", "" fateful"", "" rivalry""]"
association,rlens_64p,race-h,30,"[""\u308a"", "" \u0436\u0435"", "" Thankfully"", ""peau"", ""anku""]"
association,rlens_64p,race-h,38,"[""\u0643"", ""\u7684\u529b\u91cf"", ""\u308a"", "" bu\u1ed9c"", ""Against""]"
association,rlens_64p,race-h,45,"["" \u0445\u0432\u0430\u0442\u0438"", ""\u0e34\u0e49\u0e19"", ""anything"", "" either"", "" no\u00e7\u00e3o""]"
association,rlens_64p,race-h,52,"["" Hearing"", "" hearing"", "" desperate"", "" terrified"", "" hear""]"
association,jpp_64p,race-h,8,"["" \u0643\u0647"", ""\ub9c8\ub2e4"", "" itu"", ""\ubd80\ud130"", "" \u0442\u043e\u0433\u043e""]"
association,jpp_64p,race-h,15,"[""\u0449\u0430"", ""\u0941\u0930"", ""\u5f97\u610f"", ""\u0c26\u0c4d\u0c26"", "" helemaal""]"
association,jpp_64p,race-h,22,"["" same"", ""\u0449\u0430"", ""\u0941\u0930"", ""\ub974"", "" fateful""]"
association,jpp_64p,race-h,30,"["" \u0436\u0435"", ""\u0e40\u0e14\u0e35\u0e22\u0e27"", ""\u308a"", ""\uc9dd"", ""\u0e31\u0e07\u0e2b\u0e27""]"
association,jpp_64p,race-h,38,"["" \u0bb5\u0bb2\u0bbf\u0baf\u0bc1\u0bb1\u0bc1"", ""\u9650\u754c"", ""\u0e27\u0e34\u0e48\u0e07"", "" \u092a\u0941\u0936"", ""\u0e2b\u0e27\u0e48\u0e32\u0e07""]"
association,jpp_64p,race-h,45,"["" \u0445\u0432\u0430\u0442\u0438"", "" menghindari"", ""inching"", "" either"", "" thwart""]"
association,jpp_64p,race-h,52,"["" terrified"", "" Hearing"", "" desesper"", "" adrenaline"", "" desperate""]"
association,logit,game-h,8,"["" a"", ""er"", ""en"", "" d"", "" s""]"
association,logit,game-h,15,"["" a"", "" l"", ""-"", "" own"", "" de""]"
association,logit,game-h,22,"["" que"", "" de"", "" own"", ""-"", "" l""]"
association,logit,game-h,30,"["" l"", ""-"", ""er"", "" own"", ""ly""]"
association,logit,game-h,38,"["" l"", ""C"", ""er"", ""that"", ""ly""]"
association,logit,game-h,45,"["" l"", ""ed"", ""ing"", "" a"", ""y""]"
association,logit,game-h,52,"["" read"", ""read"", "" Read"", "" \uc77d"", ""\u8aad\u307f""]"
association,jlens_16p,game-h,8,"[""y"", ""yeri"", ""ness"", ""\u094d\u092f"", ""mett""]"
association,jlens_16p,game-h,15,"[""UKA"", ""\u0420\u0410"", "" PRP"", "" la"", "" own""]"
association,jlens_16p,game-h,22,"[""y"", ""yeri"", ""ness"", ""\u094d\u092f"", ""mett""]"
association,jlens_16p,game-h,30,"["" even"", ""ity"", ""ewater"", ""\ub3c4"", "" own""]"
association,jlens_16p,game-h,38,"["" own"", ""ity"", ""\u6027"", ""\u05d5"", ""\u0d15\u0d4d\u0d15\u0d4a""]"
association,jlens_16p,game-h,45,"[""<eos>"", ""\u3068\u305d\u306e"", ""<turn|>"", ""\u0647\u0627"", ""<|channel>""]"
association,jlens_16p,game-h,52,"["" three"", ""three"", "" \u062b\u0644\u0627\u062b"", "" \u0442\u0440\u0451\u0445"", ""Three""]"
association,rlens_16p,game-h,8,"["" helemaal"", "" que"", "" own"", ""\u0c26\u0c4d\u0c26"", ""\u0631\u064a\u0645""]"
association,rlens_16p,game-h,15,"["" la"", "" same"", "" helemaal"", "" a"", ""\u0c26\u0c4d\u0c26""]"
association,rlens_16p,game-h,22,"["" la"", "" same"", "" and"", ""\u0c26\u0c4d\u0c26"", "" few""]"
association,rlens_16p,game-h,30,"["" \u0436\u0435"", "" \uc5ed\uc2dc"", "" same"", ""ipsis"", ""\u6b63\u662f""]"
association,rlens_16p,game-h,38,"[""ipsis"", "" vs"", "" d\u00e0ng"", "" versus"", ""\u120d\u1362""]"
association,rlens_16p,game-h,45,"[""<eos>"", ""-"", "" \u0906\u0915\u0932\u0928"", "" \u062b\u0644\u0627\u062b\u0629"", ""<turn|>""]"
association,rlens_16p,game-h,52,"["" three"", ""three"", "" \u062b\u0644\u0627\u062b\u0629"", "" trois"", ""\u0e2a\u0e32\u0e21""]"
association,rlens_64p,game-h,8,"["" que"", ""\u0c26\u0c4d\u0c26"", "" helemaal"", "" Inquisition"", ""\u0631\u064a\u0645""]"
association,rlens_64p,game-h,15,"["" la"", "" helemaal"", "" same"", ""\u0c26\u0c4d\u0c26"", "" Inquisition""]"
association,rlens_64p,game-h,22,"["" la"", "" same"", ""\u0c26\u0c4d\u0c26"", "" deles"", "" and""]"
association,rlens_64p,game-h,30,"["" same"", ""ipsis"", "" \u0436\u0435"", "" \u0446\u0435\u043b\u0438"", ""\u120d\u1362""]"
association,rlens_64p,game-h,38,"[""ipsis"", ""\u120d\u1362"", "" vs"", "" d\u00e0ng"", "" versus""]"
association,rlens_64p,game-h,45,"[""<eos>"", ""-"", ""ity"", "" \u0906\u0915\u0932\u0928"", ""\u0e34\u0e49\u0e19""]"
association,rlens_64p,game-h,52,"["" three"", ""three"", ""\u0e2a\u0e32\u0e21"", "" trois"", ""read""]"
association,jpp_64p,game-h,8,"["" \u0643\u0647"", ""\ub9c8\ub2e4"", ""\ubd80\ud130"", ""\u0449\u0430"", "" itu""]"
association,jpp_64p,game-h,15,"[""\u0449\u0430"", ""\u0c26\u0c4d\u0c26"", "" similit"", "" helemaal"", ""irs""]"
association,jpp_64p,game-h,22,"[""few"", "" same"", ""\u0c26\u0c4d\u0c26"", ""\u0e1e\u0e27\u0e01\u0e40\u0e02\u0e32"", ""\u0449\u0430""]"
association,jpp_64p,game-h,30,"[""\u307e\u3055\u306b"", ""\u6b63\u662f"", ""ipsis"", "" same"", "" \u0436\u0435""]"
association,jpp_64p,game-h,38,"[""ipsis"", ""<|channel>"", ""\u0e23\u0e49\u0e32\u0e22"", ""\u0437\u0438\u0440\u0443"", "" \u0432\u0437\u0433\u043b\u044f""]"
association,jpp_64p,game-h,45,"[""\u00b3."", ""\u062f\u0627\u0639"", "" and"", ""<h3>"", ""\u770b\u51fa""]"
association,jpp_64p,game-h,52,"["" three"", ""\u0e2a\u0e32\u0e21"", "" read"", "" l"", ""three""]"
association,logit,test-h,8,"["" a"", ""er"", "" l"", "" de"", ""en""]"
association,logit,test-h,15,"["" a"", "" de"", "" que"", "" own"", "" l""]"
association,logit,test-h,22,"["" que"", "" de"", "" own"", ""-"", "" l""]"
association,logit,test-h,30,"["" l"", ""-"", ""ed"", ""ly"", ""ing""]"
association,logit,test-h,38,"["" l"", ""-"", ""er"", ""ing"", "" and""]"
association,logit,test-h,45,"["" l"", ""y"", ""ed"", ""C"", "" own""]"
association,logit,test-h,52,"[""Giving"", ""Give"", "" Give"", ""giving"", "" give""]"
association,jlens_16p,test-h,8,"[""y"", ""yeri"", ""ness"", ""\u094d\u092f"", ""mett""]"
association,jlens_16p,test-h,15,"[""\u0420\u0410"", ""UKA"", "" PRP"", "" la"", "" own""]"
association,jlens_16p,test-h,22,"[""\u0420\u0410"", ""UKA"", "" own"", "" PRP"", "" la""]"
association,jlens_16p,test-h,30,"["" even"", "" own"", ""ity"", ""\ub3c4"", ""bourne""]"
association,jlens_16p,test-h,38,"["" \uc2f6"", "" own"", ""ity"", ""\ub3c4"", "" \ub4ef""]"
association,jlens_16p,test-h,45,"["" \uc2f6"", ""\u0647\u0627"", ""\u0644\u0647\u0627"", "" \uadf8\ub140"", "" \uc2f6\uc740""]"
association,jlens_16p,test-h,52,"[""\u653e\u68c4"", ""\u8ae6"", "" resignation"", ""\u653e\u5f03"", "" guess""]"
association,rlens_16p,test-h,8,"["" que"", "" helemaal"", "" Inquisition"", ""\u0631\u064a\u0645"", ""\u0c26\u0c4d\u0c26""]"
association,rlens_16p,test-h,15,"["" la"", "" same"", "" que"", "" helemaal"", ""\u0631\u064a\u0645""]"
association,rlens_16p,test-h,22,"["" same"", "" l"", "" \u0436\u0435"", "" la"", ""Thankfully""]"
association,rlens_16p,test-h,30,"["" Thankfully"", "" same"", "" \u0436\u0435"", "" rendition"", ""Thankfully""]"
association,rlens_16p,test-h,38,"[""ipsis"", ""\u0e32\u0e23\u0e13\u0e32"", "" \u0443\u0431\u044b"", ""\u653e\u68c4"", ""\u043a\u0438\u043d\u0443""]"
association,rlens_16p,test-h,45,"["" either"", ""\u653e\u5f03"", ""ly"", ""clearInterval"", "" \uc2f6""]"
association,rlens_16p,test-h,52,"[""\u653e\u68c4"", ""\u653e\u5f03"", "" abandon"", ""\u8ae6"", ""abandon""]"
association,rlens_64p,test-h,8,"["" que"", "" helemaal"", "" Inquisition"", ""\u0631\u064a\u0645"", ""\u0c26\u0c4d\u0c26""]"
association,rlens_64p,test-h,15,"["" la"", "" que"", "" same"", "" Inquisition"", "" helemaal""]"
association,rlens_64p,test-h,22,"["" l"", "" same"", ""Thankfully"", ""\ud07c"", "" fewest""]"
association,rlens_64p,test-h,30,"["" Thankfully"", "" same"", "" \u0436\u0435"", "" rendition"", ""Thankfully""]"
association,rlens_64p,test-h,38,"[""ipsis"", "" \u0443\u0431\u044b"", ""\u0e32\u0e23\u0e13\u0e32"", ""hension"", "" \uc2f6""]"
association,rlens_64p,test-h,45,"["" either"", ""\u653e\u5f03"", ""clearInterval"", "" \uc2f6"", ""ly""]"
association,rlens_64p,test-h,52,"[""\u653e\u68c4"", "" abandon"", ""\u653e\u5f03"", ""\u8ae6"", ""abandon""]"
association,jpp_64p,test-h,8,"[""irs"", "" itu"", ""\u0649"", ""\ub9c8\ub2e4"", "" \u0643\u0647""]"
association,jpp_64p,test-h,15,"[""\u0449\u0430"", "" similit"", ""\u0941\u0930"", ""\u0c26\u0c4d\u0c26"", ""\u0440\u043e\u0432\u043a\u0430""]"
association,jpp_64p,test-h,22,"[""few"", ""\ud07c"", ""\u0941\u0930"", ""\ub974"", ""\u0449\u0430""]"
association,jpp_64p,test-h,30,"[""C"", "" \uc2f6"", "" \u0436\u0435"", ""\u308a"", ""none""]"
association,jpp_64p,test-h,38,"[""ipsis"", ""\u653e\u68c4"", "" \u0443\u0431\u044b"", ""feit"", ""\u653e\u5f03""]"
association,jpp_64p,test-h,45,"["" either"", ""\u653e\u5f03"", ""\u653e\u68c4"", ""clearInterval"", "" berhenti""]"
association,jpp_64p,test-h,52,"[""\u653e\u5f03"", "" abandon"", ""\u653e\u68c4"", ""\u8ae6"", ""abandon""]"
association,logit,search-h,8,"["" and"", ""er"", "" l"", ""ation"", "" a""]"
association,logit,search-h,15,"["" own"", "" l"", "" a"", "" que"", ""iz""]"
association,logit,search-h,22,"["" l"", "" own"", "" de"", ""-"", "" que""]"
association,logit,search-h,30,"["" l"", ""-"", ""ing"", ""ly"", ""ed""]"
association,logit,search-h,38,"["" l"", ""y"", ""er"", ""ed"", ""-""]"
association,logit,search-h,45,"["" l"", "" own"", ""y"", "" there"", ""ing""]"
association,logit,search-h,52,"["" la"", ""off"", "" off"", "" Off"", ""\u4e0d\u5b58\u5728""]"
association,jlens_16p,search-h,8,"[""y"", ""yeri"", ""ness"", ""\u094d\u092f"", ""mett""]"
association,jlens_16p,search-h,15,"[""\u0420\u0410"", ""UKA"", "" PRP"", "" la"", "" own""]"
association,jlens_16p,search-h,22,"[""\u0420\u0410"", ""UKA"", "" PRP"", "" own"", "" la""]"
association,jlens_16p,search-h,30,"[""\u0105d"", ""\ub3c4"", "" even"", ""ness"", "" Morrison""]"
association,jlens_16p,search-h,38,"[""\u05d5"", ""\u6027"", ""azaki"", ""anku"", "" own""]"
association,jlens_16p,search-h,45,"[""\u0e17\u0e35\u0e48\u0e44\u0e21\u0e48"", ""notin"", ""neither"", ""\u063a\u064a\u0631"", ""Untitled""]"
association,jlens_16p,search-h,52,"[""\u4e0d\u5b58\u5728"", ""\u0e17\u0e35\u0e48\u0e44\u0e21\u0e48"", "" nonexistent"", ""non"", "" olmayan""]"
association,rlens_16p,search-h,8,"["" que"", "" helemaal"", "" histologic"", "" Inquisition"", ""\u043f\u043b\u044f""]"
association,rlens_16p,search-h,15,"["" la"", "" same"", "" helemaal"", "" l"", ""\u0449\u0430""]"
association,rlens_16p,search-h,22,"["" same"", "" tajem"", ""\u51e0\u6b21"", "" la"", ""\u0449\u0430""]"
association,rlens_16p,search-h,30,"[""\u091a\u0902"", "" \u0b85\u0bb3\u0bb5\u0bc1\u0b95\u0bcd\u0b95\u0bc1"", ""\u0449\u0435\u043c"", "" \u0432\u043e\u0432\u0441\u0435"", ""\u1001\u103c\u1031""]"
association,rlens_16p,search-h,38,"[""\u4e00\u8def"", "" \u044f\u0432\u043d\u043e"", ""\u05d5"", ""\u90a3\u8fb9"", ""ipsis""]"
association,rlens_16p,search-h,45,"[""\u4e0d\u5b58\u5728"", ""\u0e17\u0e35\u0e48\u0e44\u0e21\u0e48"", "" nonexistent"", ""NotFoundError"", ""\u627e\u4e0d\u5230""]"
association,rlens_16p,search-h,52,"[""\u4e0d\u5b58\u5728"", "" nonexistent"", ""\u0e17\u0e35\u0e48\u0e44\u0e21\u0e48"", ""non"", "" toward""]"
association,rlens_64p,search-h,8,"["" que"", "" helemaal"", "" histologic"", "" Inquisition"", "" lineWidth""]"
association,rlens_64p,search-h,15,"["" la"", "" same"", "" helemaal"", "" l"", ""\u0449\u0430""]"
association,rlens_64p,search-h,22,"["" same"", "" tajem"", ""\u0449\u0430"", "" rivalry"", "" helemaal""]"
association,rlens_64p,search-h,30,"[""\u091a\u0902"", "" \u0432\u043e\u0432\u0441\u0435"", ""\u0449\u0435\u043c"", "" \u0b85\u0bb3\u0bb5\u0bc1\u0b95\u0bcd\u0b95\u0bc1"", ""\u0e18\u0e23\u0e23\u0e21""]"
association,rlens_64p,search-h,38,"["" \u044f\u0432\u043d\u043e"", ""\u4e00\u8def"", ""ipsis"", ""\u90a3\u8fb9"", ""\u0449\u0435\u043c""]"
association,rlens_64p,search-h,45,"[""\u4e0d\u5b58\u5728"", ""\u0e17\u0e35\u0e48\u0e44\u0e21\u0e48"", ""NotFoundError"", "" nonexistent"", "" Neither""]"
association,rlens_64p,search-h,52,"[""\u4e0d\u5b58\u5728"", "" nonexistent"", ""\u0e17\u0e35\u0e48\u0e44\u0e21\u0e48"", ""non"", ""off""]"
association,jpp_64p,search-h,8,"[""\ub9c8\ub2e4"", "" \u0643\u0647"", "" \u0442\u043e\u0433\u043e"", ""\u90a3"", ""\ubd80\ud130""]"
association,jpp_64p,search-h,15,"[""\u0449\u0430"", "" railroad"", ""\ub15c"", ""\u5f97\u610f"", "" lineWidth""]"
association,jpp_64p,search-h,22,"[""\u0449\u0430"", "" same"", ""\u90a3\u8fb9"", ""\u0ab0\u0acd\u0a95"", "" railroad""]"
association,jpp_64p,search-h,30,"[""\u091a\u0902"", ""\u0449\u0435\u043c"", ""\u90a3\u8fb9"", ""\uc9dd"", "" \u0432\u043e\u0432\u0441\u0435""]"
association,jpp_64p,search-h,38,"[""\u90a3\u8fb9"", ""\uc0db"", ""C"", ""\u4e00\u8def"", "" s\u00f4ng""]"
association,jpp_64p,search-h,45,"[""\u4e0d\u5b58\u5728"", ""\u0e17\u0e35\u0e48\u0e44\u0e21\u0e48"", "" nonexistent"", ""\u90a3\u8fb9"", "" there""]"
association,jpp_64p,search-h,52,"[""\u4e0d\u5b58\u5728"", "" nonexistent"", ""off"", "" \u0917\u0948\u0930"", "" Creek""]"
association,logit,free-h,8,"["" a"", ""en"", "" and"", "" l"", "" of""]"
association,logit,free-h,15,"["" l"", "" a"", "" own"", ""iz"", ""ers""]"
association,logit,free-h,22,"["" de"", "" l"", "" own"", "" que"", ""\u043d\u0430""]"
association,logit,free-h,30,"["" l"", ""ed"", ""-"", ""ing"", ""ly""]"
association,logit,free-h,38,"[""ness"", "" own"", ""\uc73c\ub85c"", "" l"", "" seemed""]"
association,logit,free-h,45,"["" l"", ""C"", "" own"", ""y"", ""ed""]"
association,logit,free-h,52,"["" horizon"", ""\u65e0"", "" horizons"", "" wide"", "" horizonte""]"
association,jlens_16p,free-h,8,"[""y"", ""yeri"", ""ness"", ""\u094d\u092f"", ""mett""]"
association,jlens_16p,free-h,15,"[""UKA"", ""\u0420\u0410"", "" PRP"", "" la"", "" BUY""]"
association,jlens_16p,free-h,22,"[""\u0420\u0410"", ""UKA"", "" PRP"", "" own"", "" la""]"
association,jlens_16p,free-h,30,"["" own"", "" even"", ""ity"", "" single"", "" fact""]"
association,jlens_16p,free-h,38,"["" own"", ""ity"", "" \ub4ef"", "" \uc2f6"", ""\u0629""]"
association,jlens_16p,free-h,45,"[""eless"", ""without"", "" unobstructed"", "" \u0628\u062f\u0648\u0646"", ""Without""]"
association,jlens_16p,free-h,52,"[""Without"", "" boundless"", ""without"", "" without"", "" tanpa""]"
association,rlens_16p,free-h,8,"["" Inquisition"", ""\u0631\u064a\u0645"", "" que"", "" helemaal"", ""\u0c26\u0c4d\u0c26""]"
association,rlens_16p,free-h,15,"["" la"", "" same"", "" helemaal"", ""\u0631\u064a\u0645"", "" quelques""]"
association,rlens_16p,free-h,22,"["" same"", "" simili"", ""\u09be\u099c"", "" few"", ""cendo""]"
association,rlens_16p,free-h,30,"[""\u7684\u7a7a\u95f4"", ""\u308a"", ""\u777d"", ""TimeString"", ""\u0449\u0435\u043c""]"
association,rlens_16p,free-h,38,"[""\ubc14\ub85c"", ""\u0e27\u0e49\u0e32\u0e07"", ""denly"", "" wasnt"", ""\u7acb\u523b""]"
association,rlens_16p,free-h,45,"["" unobstructed"", "" \u0628\u062f\u0648\u0646"", "" sky"", ""\u0e27\u0e49\u0e32\u0e07"", ""\u6ca1\u4e86""]"
association,rlens_16p,free-h,52,"["" boundless"", "" wide"", "" sky"", "" horizon"", "" \u0628\u062f\u0648\u0646""]"
association,rlens_64p,free-h,8,"["" Inquisition"", ""\u0631\u064a\u0645"", "" que"", ""\u0c26\u0c4d\u0c26"", "" helemaal""]"
association,rlens_64p,free-h,15,"["" same"", "" helemaal"", ""\u0631\u064a\u0645"", "" quelques"", "" Inquisition""]"
association,rlens_64p,free-h,22,"["" same"", "" few"", "" simili"", "" que"", "" quelques""]"
association,rlens_64p,free-h,30,"[""\u308a"", ""\u777d"", ""peau"", ""\u0449\u0435\u043c"", ""\u7684\u7a7a\u95f4""]"
association,rlens_64p,free-h,38,"[""\ubc14\ub85c"", ""C"", ""\u0e27\u0e49\u0e32\u0e07"", "" wasnt"", "" Immediately""]"
association,rlens_64p,free-h,45,"["" unobstructed"", "" \u0628\u062f\u0648\u0646"", ""\u0e27\u0e49\u0e32\u0e07"", "" sky"", ""\u6ca1\u4e86""]"
association,rlens_64p,free-h,52,"["" boundless"", "" wide"", "" horizon"", "" sky"", "" \ub113""]"
association,jpp_64p,free-h,8,"["" \u0643\u0647"", ""\ub9c8\ub2e4"", ""\ubd80\ud130"", ""\u0941\u0930"", ""\u308a""]"
association,jpp_64p,free-h,15,"[""\u0449\u0430"", ""\u0c26\u0c4d\u0c26"", ""\u5f97\u610f"", "" similit"", "" simili""]"
association,jpp_64p,free-h,22,"[""few"", "" \u043a\u0430\u0440\u0442\u0438\u043d\u0430"", "" simili"", ""\u09be\u099c"", ""\u09b8\u09c0""]"
association,jpp_64p,free-h,30,"["" \u0431\u0443\u043a\u0432\u0430\u043b\u044c\u043d\u043e"", ""Walking"", "" \ub4ef"", ""\u7684\u7a7a\u95f4"", "" \ubc97""]"
association,jpp_64p,free-h,38,"[""\u7684\u7a7a\u95f4"", "" tho\u00e1ng"", ""\u773a"", ""\u0e32\u0e01\u0e32\u0e28"", ""Vista""]"
association,jpp_64p,free-h,45,"["" sky"", "" langit"", "" \u0628\u062f\u0648\u0646"", ""Without"", "" skyline""]"
association,jpp_64p,free-h,52,"["" horizon"", "" sky"", "" boundless"", "" wide"", "" limitless""]"
association,logit,found-h,8,"["" a"", ""en"", "" l"", "" an"", "" and""]"
association,logit,found-h,15,"["" a"", "" l"", "" own"", ""-"", ""iz""]"
association,logit,found-h,22,"["" l"", "" own"", "" de"", "" que"", "" a""]"
association,logit,found-h,30,"["" l"", ""-"", ""ed"", ""er"", ""ly""]"
association,logit,found-h,38,"[""-"", ""L"", ""er"", ""\ub85c"", ""\u4e86""]"
association,logit,found-h,45,"["" l"", "" own"", ""ed"", ""y"", "" a""]"
association,logit,found-h,52,"["" found"", ""found"", "" Find"", "" find"", ""Find""]"
association,jlens_16p,found-h,8,"[""y"", ""yeri"", ""ness"", ""\u094d\u092f"", ""mett""]"
association,jlens_16p,found-h,15,"[""UKA"", ""\u0420\u0410"", "" la"", "" PRP"", "" own""]"
association,jlens_16p,found-h,22,"[""\u0420\u0410"", ""UKA"", "" PRP"", "" own"", "" la""]"
association,jlens_16p,found-h,30,"["" even"", ""\u0105d"", "" Morrison"", ""ity"", ""\ub3c4""]"
association,jlens_16p,found-h,38,"[""ity"", "" own"", ""\uc694"", ""\u6027"", ""\u0629""]"
association,jlens_16p,found-h,45,"[""\u5979"", "" she"", ""\u0647\u0627"", ""she"", ""<eos>""]"
association,jlens_16p,found-h,52,"["" she"", ""\u5979"", ""\u5979\u5728"", ""she"", "" her""]"
association,rlens_16p,found-h,8,"[""\u0c26\u0c4d\u0c26"", "" lineWidth"", "" exacting"", ""\ub974"", ""irs""]"
association,rlens_16p,found-h,15,"["" la"", "" de"", ""\u0449\u0430"", "" l"", ""\u0631\u064a\u0645""]"
association,rlens_16p,found-h,22,"["" la"", "" l"", ""\u0449\u0430"", "" same"", "" \u0446\u0435\u043b\u0438""]"
association,rlens_16p,found-h,30,"["" same"", "" \u0436\u0435"", ""\u120d\u1362"", "" \u0446\u0435\u043b\u0438"", "" Thankfully""]"
association,rlens_16p,found-h,38,"["" etc"", ""\ub354\ub2c8"", "" \u0442\u043e\u0449\u043e"", "" somewhere"", ""\u0640\u0640\u0640\u0640\u0640\u0640\u0640\u0640""]"
association,rlens_16p,found-h,45,"[""\u5979"", "" \u0623\u0646\u0647\u0627"", ""<eos>"", "" she"", ""<turn|>""]"
association,rlens_16p,found-h,52,"["" she"", "" found"", "" find"", ""\ucc3e"", "" \u041e\u043d\u0430""]"
association,rlens_64p,found-h,8,"["" lineWidth"", "" Inquisition"", ""\ub974"", "" exacting"", "" \uad49\uc7a5\ud788""]"
association,rlens_64p,found-h,15,"["" la"", ""\u0449\u0430"", "" l"", "" Inquisition"", "" helemaal""]"
association,rlens_64p,found-h,22,"["" l"", "" la"", "" same"", ""\u0449\u0430"", ""\uad49""]"
association,rlens_64p,found-h,30,"["" same"", ""\u120d\u1362"", "" \u0446\u0435\u043b\u0438"", "" \u0436\u0435"", "" itib""]"
association,rlens_64p,found-h,38,"["" etc"", "" \u0442\u043e\u0449\u043e"", ""\u120d\u1362"", ""etc"", "" \u062a\u06be\u0627\u06d4""]"
association,rlens_64p,found-h,45,"[""\u5979"", "" \u0623\u0646\u0647\u0627"", ""<eos>"", "" she"", ""<turn|>""]"
association,rlens_64p,found-h,52,"["" she"", "" found"", "" find"", ""\ucc3e"", "" She""]"
association,jpp_64p,found-h,8,"["" \u0442\u043e\u0433\u043e"", "" \u0643\u0647"", ""\ub9c8\ub2e4"", "" itu"", ""\ub108\ubb34""]"
association,jpp_64p,found-h,15,"[""\u0449\u0430"", ""\u0941\u0930"", ""irs"", ""\u0c26\u0c4d\u0c26"", "" \uad49\uc7a5\ud788""]"
association,jpp_64p,found-h,22,"[""\u0449\u0430"", ""\ub974"", ""\u0941\u0930"", ""\u0105d"", ""few""]"
association,jpp_64p,found-h,30,"["" same"", "" \u0431\u0443\u043a\u0432\u0430\u043b\u044c\u043d\u043e"", ""\ub729"", ""same"", ""\u120d\u1362""]"
association,jpp_64p,found-h,38,"["" same"", ""getBounding"", "" \u05d5\u05d5\u05d0"", "" inesper"", "" \u062a\u06be\u06cc\u06ba\u06d4""]"
association,jpp_64p,found-h,45,"["" either"", ""\u0640\u0640\u0640\u0640\u0640\u0640\u0640\u0640"", "" /"", ""</blockquote>"", ""<channel|>""]"
association,jpp_64p,found-h,52,"["" la"", "" she"", "" found"", "" find"", ""find""]"
association,logit,king-h,8,"[""er"", "" a"", ""en"", "" and"", "" of""]"
association,logit,king-h,15,"["" a"", "" own"", ""-"", "" l"", "" or""]"
association,logit,king-h,22,"["" own"", "" l"", ""-"", "" de"", "" a""]"
association,logit,king-h,30,"["" l"", ""-"", ""ing"", ""ed"", ""ly""]"
association,logit,king-h,38,"[""-"", "" l"", "" and"", ""ly"", ""ness""]"
association,logit,king-h,45,"["" l"", "" and"", "" but"", ""ed"", ""ly""]"
association,logit,king-h,52,"[""Silence"", "" Silence"", "" silence"", ""sil"", ""\u6c89\u9ed8""]"
association,jlens_16p,king-h,8,"[""y"", ""yeri"", ""ness"", ""\u094d\u092f"", ""mett""]"
association,jlens_16p,king-h,15,"[""UKA"", ""\u0420\u0410"", "" la"", "" PRP"", "" own""]"
association,jlens_16p,king-h,22,"[""\u0420\u0410"", ""UKA"", "" PRP"", "" own"", "" la""]"
association,jlens_16p,king-h,30,"["" own"", ""ity"", "" even"", ""\u0105d"", ""ational""]"
association,jlens_16p,king-h,38,"["" own"", ""ity"", ""\u6027"", ""\u0629"", ""\u05d5""]"
association,jlens_16p,king-h,45,"[""<eos>"", ""<turn|>"", ""plist"", "" but"", ""ities""]"
association,jlens_16p,king-h,52,"[""sil"", "" silence"", ""his"", ""Silence"", "" Silence""]"
association,rlens_16p,king-h,8,"["" Inquisition"", ""\u0c26\u0c4d\u0c26"", ""\u0631\u064a\u0645"", ""\u0105d"", "" exacting""]"
association,rlens_16p,king-h,15,"["" la"", "" Inquisition"", "" similit"", ""\u0631\u064a\u0645"", "" same""]"
association,rlens_16p,king-h,22,"["" same"", "" level"", "" Inquisition"", ""\u0105d"", ""\u0c26\u0c4d\u0c26""]"
association,rlens_16p,king-h,30,"["" same"", ""\u308a"", "" \u0431\u0443\u043a\u0432\u0430\u043b\u044c\u043d\u043e"", "" \u0436\u0435"", ""\u6b63\u662f""]"
association,rlens_16p,king-h,38,"[""orial"", "" \uadf8\ub7ec\ub098"", "" \u0442\u043e\u0449\u043e"", ""\u7136\u800c"", "" \u12ed\u1205""]"
association,rlens_16p,king-h,45,"[""<turn|>"", ""<eos>"", "" ever"", "" \u0938\u092c\u0915\u0940"", "" \u0932\u0947\u0915\u093f\u0928""]"
association,rlens_16p,king-h,52,"[""Silence"", "" silence"", "" Silence"", ""sil"", "" silencing""]"
association,rlens_64p,king-h,8,"["" Inquisition"", ""\u0105d"", ""\u0631\u064a\u0645"", "" exacting"", ""\u0c26\u0c4d\u0c26""]"
association,rlens_64p,king-h,15,"["" la"", "" Inquisition"", "" similit"", ""uous"", ""\u0631\u064a\u0645""]"
association,rlens_64p,king-h,22,"["" same"", ""\u0105d"", "" Inquisition"", "" level"", ""\u0c26\u0c4d\u0c26""]"
association,rlens_64p,king-h,30,"["" same"", ""\u308a"", "" \u0431\u0443\u043a\u0432\u0430\u043b\u044c\u043d\u043e"", "" \u0436\u0435"", ""peau""]"
association,rlens_64p,king-h,38,"[""orial"", "" \uadf8\ub7ec\ub098"", "" \u0442\u043e\u0449\u043e"", ""\u7136\u800c"", ""\u0648\u063a""]"
association,rlens_64p,king-h,45,"[""<turn|>"", ""<eos>"", "" ever"", "" \u0932\u0947\u0915\u093f\u0928"", ""\u0640\u0640\u0640\u0640\u0640\u0640\u0640\u0640""]"
association,rlens_64p,king-h,52,"[""Silence"", "" silence"", "" Silence"", ""sil"", ""T""]"
association,jpp_64p,king-h,8,"[""\ub9c8\ub2e4"", "" \u0643\u0647"", ""\ubd80\ud130"", ""\u0630"", ""\u0648\u0646""]"
association,jpp_64p,king-h,15,"[""\u0449\u0430"", "" similit"", ""\u0c26\u0c4d\u0c26"", "" commandant"", ""\u0105d""]"
association,jpp_64p,king-h,22,"["" same"", ""\u0105d"", ""\u0941\u0930"", ""\u0449\u0430"", ""\u0c26\u0c4d\u0c26""]"
association,jpp_64p,king-h,30,"[""\u307e\u3055\u306b"", "" \u0431\u0443\u043a\u0432\u0430\u043b\u044c\u043d\u043e"", ""immediate"", ""\u6b63\u662f"", ""\u0926\u0943\u0936\u094d\u092f""]"
association,jpp_64p,king-h,38,"["" \u130d\u1295"", "" pression"", ""\u0432\u0430\u044e\u0449\u0438\u0439"", ""\u0627\u0628\u0642\u0629"", ""\u043c\u0435\u043d\u0442\u0443""]"
association,jpp_64p,king-h,45,"[""\u0640\u0640\u0640\u0640\u0640\u0640\u0640\u0640"", "" and"", ""<turn|>"", ""^"", ""<channel|>""]"
association,jpp_64p,king-h,52,"["" silence"", ""Silence"", "" Silence"", ""sil"", "" silenced""]"
association,logit,child-h,8,"["" a"", ""er"", "" l"", ""ation"", "" and""]"
association,logit,child-h,15,"["" l"", "" a"", "" de"", "" own"", "" que""]"
association,logit,child-h,22,"["" de"", "" l"", "" own"", "" que"", ""-""]"
association,logit,child-h,30,"["" l"", "" own"", ""-"", ""ed"", ""ly""]"
association,logit,child-h,38,"[""-"", "" l"", ""ly"", "" because"", ""ness""]"
association,logit,child-h,45,"["" l"", "" own"", ""B"", ""ly"", ""ed""]"
association,logit,child-h,52,"["" la"", "" learned"", ""learned"", ""lesson"", ""Lesson""]"
association,jlens_16p,child-h,8,"[""y"", ""yeri"", ""ness"", ""\u094d\u092f"", ""mett""]"
association,jlens_16p,child-h,15,"[""\u0420\u0410"", ""UKA"", "" PRP"", "" la"", "" own""]"
association,jlens_16p,child-h,22,"[""UKA"", ""\u0420\u0410"", "" PRP"", "" own"", "" la""]"
association,jlens_16p,child-h,30,"["" even"", "" own"", "" single"", ""ness"", ""ity""]"
association,jlens_16p,child-h,38,"["" own"", ""\u6027"", ""\ub3c4"", "" \uc2f6"", ""\u0629""]"
association,jlens_16p,child-h,45,"[""\u0647\u0627"", "" she"", ""\u8ba9\u5979"", ""\u0644\u0647\u0627"", "" \uc2f6""]"
association,jlens_16p,child-h,52,"["" she"", "" learn"", "" learned"", ""\u5979"", "" \u0909\u0938\u0928\u0947""]"
association,rlens_16p,child-h,8,"["" que"", "" same"", "" deles"", "" helemaal"", ""\u043f\u043b\u044f""]"
association,rlens_16p,child-h,15,"["" la"", "" same"", "" l"", "" a"", "" few""]"
association,rlens_16p,child-h,22,"["" la"", "" same"", "" few"", "" l"", "" fewest""]"
association,rlens_16p,child-h,30,"["" same"", "" Thankfully"", "" nh\u00e0ng"", ""\u00edbrio"", "" la""]"
association,rlens_16p,child-h,38,"[""ueless"", ""ipsis"", "" nh\u00e0ng"", "" bewusst"", ""izlik""]"
association,rlens_16p,child-h,45,"["" either"", "" she"", ""\u8ba9\u5979"", ""\u5979"", "" learn""]"
association,rlens_16p,child-h,52,"["" she"", "" learn"", "" learned"", "" \uadf8\ub140"", ""learned""]"
association,rlens_64p,child-h,8,"["" que"", "" deles"", "" same"", "" helemaal"", ""\u043f\u043b\u044f""]"
association,rlens_64p,child-h,15,"["" la"", "" same"", "" l"", "" deles"", "" few""]"
association,rlens_64p,child-h,22,"["" la"", "" same"", "" few"", "" fewest"", "" l""]"
association,rlens_64p,child-h,30,"["" same"", "" Thankfully"", "" nh\u00e0ng"", ""ipsis"", "" la""]"
association,rlens_64p,child-h,38,"[""ipsis"", "" Equally"", ""ueless"", ""izlik"", "" nh\u00e0ng""]"
association,rlens_64p,child-h,45,"["" either"", "" she"", ""\u8ba9\u5979"", ""\u5979"", "" learn""]"
association,rlens_64p,child-h,52,"["" she"", "" learn"", "" learned"", "" \uadf8\ub140"", ""she""]"
association,jpp_64p,child-h,8,"[""\u0447\u0442\u043e"", ""irs"", ""\u0941\u0930"", ""\u0449\u0430"", ""\u308f\u3051""]"
association,jpp_64p,child-h,15,"[""\u0449\u0430"", ""irs"", "" same"", "" similit"", ""plicht""]"
association,jpp_64p,child-h,22,"["" same"", ""few"", "" fewest"", ""\u0449\u0430"", ""\ub974""]"
association,jpp_64p,child-h,30,"["" same"", ""\ub729"", ""ydi"", ""ldquo"", ""\u00edbrio""]"
association,jpp_64p,child-h,38,"[""ueless"", "" up"", "" \u0438\u0437\u0431\u0435"", ""\u65e0\u5173"", "" \u0441\u043e\u0437\u043d\u0430""]"
association,jpp_64p,child-h,45,"["" either"", "" learn"", "" learned"", ""\u062f\u0627\u0639"", ""\u8ba9\u5979""]"
association,jpp_64p,child-h,52,"["" she"", "" learn"", "" learned"", ""if"", "" her""]"
association,logit,air-h,8,"["" a"", ""en"", "" s"", "" l"", ""er""]"
association,logit,air-h,15,"["" de"", "" a"", "" que"", "" own"", "" l""]"
association,logit,air-h,22,"["" de"", "" own"", ""-"", "" l"", "" que""]"
association,logit,air-h,30,"["" l"", ""-"", ""ly"", "" and"", "" own""]"
association,logit,air-h,38,"[""ly"", ""ness"", ""-"", ""ing"", "" Every""]"
association,logit,air-h,45,"["" l"", ""y"", "" a"", "" own"", ""ly""]"
association,logit,air-h,52,"[""\u8ba1\u7b97"", "" calculating"", "" calculation"", "" \uacc4\uc0b0"", ""\u8a08\u7b97""]"
association,jlens_16p,air-h,8,"[""y"", ""yeri"", ""ness"", ""\u094d\u092f"", ""mett""]"
association,jlens_16p,air-h,15,"[""\u0420\u0410"", ""UKA"", "" PRP"", "" la"", "" own""]"
association,jlens_16p,air-h,22,"[""UKA"", ""\u0420\u0410"", "" PRP"", "" own"", "" la""]"
association,jlens_16p,air-h,30,"["" own"", "" even"", ""ity"", ""\u0105d"", ""ation""]"
association,jlens_16p,air-h,38,"["" own"", ""\u05d5"", ""ity"", "" \ub4ef"", ""set""]"
association,jlens_16p,air-h,45,"[""itability"", ""ly"", ""es"", ""set"", ""ability""]"
association,jlens_16p,air-h,52,"[""es"", "" arithmetic"", "" calculations"", "" math"", "" calcul""]"
association,rlens_16p,air-h,8,"["" que"", "" same"", ""\u0631\u064a\u0645"", "" helemaal"", "" nonprofits""]"
association,rlens_16p,air-h,15,"["" la"", "" same"", ""\u0631\u064a\u0645"", ""\u1ebd"", "" helemaal""]"
association,rlens_16p,air-h,22,"["" same"", "" la"", ""\u0631\u064a\u0645"", "" fewest"", ""\u0449\u0430""]"
association,rlens_16p,air-h,30,"["" same"", ""\u308a"", "" \u0436\u0435"", "" \u0431\u0443\u043a\u0432\u0430\u043b\u044c\u043d\u043e"", "" Thankfully""]"
association,rlens_16p,air-h,38,"["" same"", "" \u043e\u0449\u0443"", ""\u7126\u8651"", "" nervously"", "" harrowing""]"
association,rlens_16p,air-h,45,"["" claust"", ""-"", "" nervously"", "" ever"", "" either""]"
association,rlens_16p,air-h,52,"["" arithmetic"", "" math"", "" claust"", "" mathematics"", "" calculation""]"
association,rlens_64p,air-h,8,"["" que"", ""\u0631\u064a\u0645"", "" same"", ""\u043f\u043b\u044f"", "" nonprofits""]"
association,rlens_64p,air-h,15,"["" la"", "" same"", ""\u0631\u064a\u0645"", "" helemaal"", ""\u043f\u043b\u044f""]"
association,rlens_64p,air-h,22,"["" same"", "" la"", "" l"", "" fewest"", ""\u0631\u064a\u0645""]"
association,rlens_64p,air-h,30,"["" same"", ""\u308a"", "" \u0436\u0435"", "" \u0431\u0443\u043a\u0432\u0430\u043b\u044c\u043d\u043e"", "" Thankfully""]"
association,rlens_64p,air-h,38,"["" same"", "" \u043e\u0449\u0443"", ""\u30c9\u30ad"", ""ipsis"", "" harrowing""]"
association,rlens_64p,air-h,45,"[""-"", "" ever"", "" claust"", "" nervously"", "" either""]"
association,rlens_64p,air-h,52,"["" math"", "" arithmetic"", "" mathematics"", "" calculation"", "" calculating""]"
association,jpp_64p,air-h,8,"[""\ub9c8\ub2e4"", "" itu"", "" noen"", ""\ubd80\ud130"", "" \u0e40\u0e01""]"
association,jpp_64p,air-h,15,"[""\u0449\u0430"", "" \u0431\u0443\u043a\u0432\u0430\u043b\u044c\u043d\u043e"", ""\u0c26\u0c4d\u0c26"", ""\u0941\u0930"", "" same""]"
association,jpp_64p,air-h,22,"["" same"", "" \u0431\u0443\u043a\u0432\u0430\u043b\u044c\u043d\u043e"", ""\u0449\u0430"", ""\u0941\u0930"", "" bu\u1ed9c""]"
association,jpp_64p,air-h,30,"["" same"", "" \u0431\u0443\u043a\u0432\u0430\u043b\u044c\u043d\u043e"", ""same"", ""\u308a"", "" ostensibly""]"
association,jpp_64p,air-h,38,"["" same"", ""\u6016"", "" \u0441\u043e\u0437\u043d\u0430"", ""\u0e2b\u0e27\u0e48\u0e32\u0e07"", "" \u043e\u0449\u0443""]"
association,jpp_64p,air-h,45,"["" either"", "" and"", "" calculation"", "" calculate"", ""math""]"
association,jpp_64p,air-h,52,"["" math"", "" arithmetic"", "" calculation"", "" mathematics"", "" calculator""]"
association,logit,france-h,8,"["" a"", ""en"", "" of"", "" and"", ""er""]"
association,logit,france-h,15,"["" a"", "" own"", ""-"", "" l"", "" que""]"
association,logit,france-h,22,"["" l"", "" de"", "" own"", "" que"", "" a""]"
association,logit,france-h,30,"["" own"", "" l"", ""-"", ""ly"", ""er""]"
association,logit,france-h,38,"[""ness"", ""ly"", "" and"", ""er"", ""\ub85c""]"
association,logit,france-h,45,"["" l"", ""ed"", "" own"", ""C"", ""ness""]"
association,logit,france-h,52,"[""B"", ""\u8bed\u8a00"", ""Every"", ""Language"", "" language""]"
association,jlens_16p,france-h,8,"[""y"", ""yeri"", ""ness"", ""\u094d\u092f"", ""mett""]"
association,jlens_16p,france-h,15,"[""UKA"", ""\u0420\u0410"", "" PRP"", "" la"", "" own""]"
association,jlens_16p,france-h,22,"[""y"", ""ness"", ""yeri"", ""\u094d\u092f"", ""mett""]"
association,jlens_16p,france-h,30,"[""\ub3c4"", ""ewater"", ""xf"", ""cf"", ""ational""]"
association,jlens_16p,france-h,38,"[""ity"", ""orial"", ""arsis"", "" own"", ""ipsis""]"
association,jlens_16p,france-h,45,"[""\u0647\u0627"", ""itability"", ""e"", ""felt"", ""\u5f7c\u5973""]"
association,jlens_16p,france-h,52,"[""\u8bed\u8a00"", ""\u8a00\u8a9e"", "" language"", ""es"", "" linguistic""]"
association,rlens_16p,france-h,8,"["" Inquisition"", ""\u043f\u043b\u044f"", "" que"", "" lineWidth"", ""\u0631\u064a\u0645""]"
association,rlens_16p,france-h,15,"["" la"", "" same"", ""\u043f\u043b\u044f"", "" Inquisition"", "" \u043a\u0430\u0440\u0442\u0438\u043d\u0430""]"
association,rlens_16p,france-h,22,"["" la"", "" same"", "" notion"", "" stej"", "" l""]"
association,rlens_16p,france-h,30,"["" \u0436\u0435"", ""\u044d\u0440\u0438"", "" same"", ""ipsis"", "" \u043a\u0430\u0440\u0442\u0438\u043d\u0430""]"
association,rlens_16p,france-h,38,"[""\u02b0"", ""ipsis"", ""\u0e23\u0e39\u0e49\u0e2a\u0e36\u0e01"", "" retrospect"", "" etc""]"
association,rlens_16p,france-h,45,"[""-"", ""\u0e23\u0e39\u0e49\u0e2a\u0e36\u0e01"", ""ation"", ""\u0aa8\u0aa8\u0ac0"", "" \u0641\u0647\u064a""]"
association,rlens_16p,france-h,52,"[""\u8bed\u8a00"", ""\u8a00\u8a9e"", "" language"", "" linguistic"", ""\u820c""]"
association,rlens_64p,france-h,8,"["" Inquisition"", ""\u043f\u043b\u044f"", "" lineWidth"", ""Pablo"", "" que""]"
association,rlens_64p,france-h,15,"["" la"", ""\u043f\u043b\u044f"", "" same"", "" Inquisition"", "" helemaal""]"
association,rlens_64p,france-h,22,"["" la"", "" same"", "" l"", "" notion"", "" stej""]"
association,rlens_64p,france-h,30,"["" \u0436\u0435"", "" same"", ""\u044d\u0440\u0438"", ""ipsis"", "" \u043a\u0430\u0440\u0442\u0438\u043d\u0430""]"
association,rlens_64p,france-h,38,"[""ipsis"", ""\u02b0"", "" \u043e\u0449\u0443"", ""\u0e23\u0e39\u0e49\u0e2a\u0e36\u0e01"", ""aphor""]"
association,rlens_64p,france-h,45,"[""-"", ""\u0e23\u0e39\u0e49\u0e2a\u0e36\u0e01"", "" \u0641\u0647\u064a"", "" ever"", "" \u043e\u0449\u0443""]"
association,rlens_64p,france-h,52,"[""\u8bed\u8a00"", ""\u8a00\u8a9e"", "" linguistic"", "" language"", ""\u820c""]"
association,jpp_64p,france-h,8,"["" \u0643\u0647"", ""\ub9c8\ub2e4"", ""\u0649"", ""\uadf8"", "" \u0442\u043e\u0433\u043e""]"
association,jpp_64p,france-h,15,"[""\u0449\u0430"", "" same"", ""Pablo"", ""\ub15c"", ""\u5f97\u610f""]"
association,jpp_64p,france-h,22,"["" same"", ""\ub974"", ""\u0449\u0430"", ""\ud07c"", "" \u0431\u0443\u043a\u0432\u0430\u043b\u044c\u043d\u043e""]"
association,jpp_64p,france-h,30,"["" \u0436\u0435"", "" \u0431\u0443\u043a\u0432\u0430\u043b\u044c\u043d\u043e"", ""ipsis"", ""keyup"", ""linha""]"
association,jpp_64p,france-h,38,"[""\u0e23\u0e39\u0e49\u0e2a\u0e36\u0e01"", ""\u8eab\u7684"", "" \u043e\u0449\u0443"", ""slate"", ""felt""]"
association,jpp_64p,france-h,45,"["" either"", ""obia"", ""\u0e23\u0e39\u0e49\u0e2a\u0e36\u0e01"", ""everything"", ""</blockquote>""]"
association,jpp_64p,france-h,52,"[""\u8bed\u8a00"", "" linguistic"", ""\u8a00\u8a9e"", "" language"", "" la""]"
association,logit,china-h,8,"["" a"", ""er"", "" and"", "" l"", ""en""]"
association,logit,china-h,15,"["" de"", "" a"", "" own"", "" l"", "" que""]"
association,logit,china-h,22,"["" de"", "" own"", "" l"", ""-"", "" que""]"
association,logit,china-h,30,"["" l"", "" own"", ""ly"", ""-"", ""er""]"
association,logit,china-h,38,"["" l"", ""ness"", ""-"", "" and"", ""er""]"
association,logit,china-h,45,"["" own"", "" l"", "" billion"", "" millions"", "" million""]"
association,logit,china-h,52,"["" billion"", "" Billion"", "" \u0645\u0644\u064a\u0627\u0631"", ""billion"", "" billions""]"
association,jlens_16p,china-h,8,"[""y"", ""yeri"", ""ness"", ""\u094d\u092f"", ""mett""]"
association,jlens_16p,china-h,15,"[""\u0420\u0410"", ""UKA"", "" PRP"", "" la"", "" own""]"
association,jlens_16p,china-h,22,"[""UKA"", ""\u0420\u0410"", "" PRP"", "" own"", "" la""]"
association,jlens_16p,china-h,30,"["" own"", "" even"", ""\ub3c4"", "" kind"", ""\u0105d""]"
association,jlens_16p,china-h,38,"["" own"", ""\u0629"", ""\u05d5"", "" \ub4ef"", ""\u6027""]"
association,jlens_16p,china-h,45,"[""\u0629"", "" billions"", "" billion"", ""something"", ""someone""]"
association,jlens_16p,china-h,52,"["" billion"", "" billions"", "" Billion"", ""billion"", "" \u043c\u0438\u043b\u043b\u0438\u0430\u0440""]"
association,rlens_16p,china-h,8,"["" que"", "" Inquisition"", ""\u0105d"", ""\u0e1e\u0e27\u0e01\u0e40\u0e02\u0e32"", "" natuurlijk""]"
association,rlens_16p,china-h,15,"["" la"", "" a"", "" same"", "" de"", "" stej""]"
association,rlens_16p,china-h,22,"["" same"", "" tajem"", "" la"", "" l"", ""\u77e5\u308a""]"
association,rlens_16p,china-h,30,"["" same"", ""\u77e5\u308a"", "" \u0b85\u0bb3\u0bb5\u0bc1\u0b95\u0bcd\u0b95\u0bc1"", "" Thankfully"", ""anku""]"
association,rlens_16p,china-h,38,"[""\u0647\u0645"", "" \u0643\u0644\u0647\u0645"", ""\u0e1e\u0e27\u0e01\u0e40\u0e02\u0e32"", "" \u0639\u0644\u064a\u0647\u0645"", ""\u0e23\u0e39\u0e49\u0e2a\u0e36\u0e01""]"
association,rlens_16p,china-h,45,"["" billion"", "" billions"", ""billion"", "" Billion"", "" millions""]"
association,rlens_16p,china-h,52,"["" billion"", "" Billion"", ""billion"", "" billions"", "" \u043c\u0438\u043b\u043b\u0438\u0430\u0440""]"
association,rlens_64p,china-h,8,"[""\u0105d"", "" que"", "" Inquisition"", "" exacting"", ""\u0e1e\u0e27\u0e01\u0e40\u0e02\u0e32""]"
association,rlens_64p,china-h,15,"["" la"", "" same"", "" Inquisition"", "" \ub9c8\ucc2c\uac00\uc9c0"", "" helemaal""]"
association,rlens_64p,china-h,22,"["" same"", "" tajem"", "" l"", ""\u77e5\u308a"", "" \u043a\u0430\u0440\u0442\u0438\u043d\u0430""]"
association,rlens_64p,china-h,30,"["" same"", ""\u77e5\u308a"", "" Thankfully"", ""anku"", ""\u0627\u0631\u064a\u062e""]"
association,rlens_64p,china-h,38,"[""\u0647\u0645"", ""\u0e1e\u0e27\u0e01\u0e40\u0e02\u0e32"", "" \u0643\u0644\u0647\u0645"", ""\u0629"", "" \u0639\u0644\u064a\u0647\u0645""]"
association,rlens_64p,china-h,45,"["" billion"", "" billions"", ""billion"", "" Billion"", "" bilh\u00f5es""]"
association,rlens_64p,china-h,52,"["" billion"", "" Billion"", ""billion"", "" billions"", "" \u043c\u0438\u043b\u043b\u0438\u0430\u0440""]"
association,jpp_64p,china-h,8,"[""\ubd80\ud130"", "" \u0643\u0647"", ""\u90a3"", "" itu"", "" \u90a3""]"
association,jpp_64p,china-h,15,"[""disable"", ""\ub15c"", "" similit"", ""\u3057\u3066\u305f"", "" \ub9c8\ucc2c\uac00\uc9c0""]"
association,jpp_64p,china-h,22,"["" same"", ""\u77e5\u308a"", "" notion"", ""\ud07c"", ""\u0105d""]"
association,jpp_64p,china-h,30,"["" same"", ""\u308a"", "" ostensibly"", ""\ud07c"", ""\u0e40\u0e14\u0e35\u0e22\u0e27""]"
association,jpp_64p,china-h,38,"["" up"", "" kh\u1eafp"", ""\u4e07\u4eba"", ""enseit"", ""\u0432\u0430\u044e\u0449\u0438\u0439""]"
association,jpp_64p,china-h,45,"["" billion"", ""billion"", "" billions"", "" bilh\u00f5es"", "" \u043c\u0438\u043b\u043b\u0438\u0430\u0440""]"
association,jpp_64p,china-h,52,"["" billion"", ""billion"", "" Billion"", "" billions"", "" \u043c\u0438\u043b\u043b\u0438\u0430\u0440""]"
association,logit,london-h,8,"[""er"", "" a"", "" l"", ""ation"", "" and""]"
association,logit,london-h,15,"["" l"", "" a"", "" own"", ""-"", "" de""]"
association,logit,london-h,22,"["" own"", "" l"", "" de"", ""-"", "" que""]"
association,logit,london-h,30,"["" l"", "" own"", ""ed"", ""ly"", ""-""]"
association,logit,london-h,38,"[""-"", "" l"", ""ed"", ""y"", "" and""]"
association,logit,london-h,45,"["" l"", ""y"", ""ly"", ""ed"", ""ing""]"
association,logit,london-h,52,"["" elevator"", "" elevators"", ""Elev"", ""elevator"", "" Elevator""]"
association,jlens_16p,london-h,8,"[""y"", ""yeri"", ""ness"", ""\u094d\u092f"", ""mett""]"
association,jlens_16p,london-h,15,"[""\u0420\u0410"", ""UKA"", "" PRP"", "" la"", "" own""]"
association,jlens_16p,london-h,22,"[""UKA"", ""\u0420\u0410"", "" own"", "" PRP"", "" la""]"
association,jlens_16p,london-h,30,"["" own"", "" even"", ""ity"", ""ness"", ""ation""]"
association,jlens_16p,london-h,38,"["" own"", ""ity"", ""ation"", ""sx"", ""rst""]"
association,jlens_16p,london-h,45,"[""S"", ""es"", ""\u5979"", "" she"", ""\u0647\u0627""]"
association,jlens_16p,london-h,52,"["" elevators"", ""es"", "" she"", ""\u5979"", "" to""]"
association,rlens_16p,london-h,8,"[""\u0c26\u0c4d\u0c26"", "" helemaal"", ""\u0631\u064a\u0645"", ""\u043f\u043b\u044f"", "" Inquisition""]"
association,rlens_16p,london-h,15,"["" la"", "" same"", "" helemaal"", "" de"", ""\u0631\u064a\u0645""]"
association,rlens_16p,london-h,22,"["" same"", "" la"", "" dezelfde"", "" mismos"", "" stej""]"
association,rlens_16p,london-h,30,"["" same"", "" \u0436\u0435"", ""\u308a"", ""msch"", ""ulario""]"
association,rlens_16p,london-h,38,"[""ipsis"", ""ydi"", "" interchangeably"", ""imagery"", ""msch""]"
association,rlens_16p,london-h,45,"["" la"", ""\u5979"", "" she"", ""\u6bd4\u5982"", "" even""]"
association,rlens_16p,london-h,52,"["" elevators"", "" elevator"", ""elevator"", ""Elev"", "" Elevator""]"
association,rlens_64p,london-h,8,"[""\u0c26\u0c4d\u0c26"", "" helemaal"", ""\u0631\u064a\u0645"", "" Inquisition"", ""\u043f\u043b\u044f""]"
association,rlens_64p,london-h,15,"["" la"", "" same"", "" helemaal"", ""\u0631\u064a\u0645"", ""\u0c26\u0c4d\u0c26""]"
association,rlens_64p,london-h,22,"["" same"", "" la"", "" dezelfde"", ""\u540c\u6837\u7684"", "" l""]"
association,rlens_64p,london-h,30,"["" same"", ""same"", ""\u308a"", "" \u0436\u0435"", ""\u540c\u6837\u7684""]"
association,rlens_64p,london-h,38,"[""ipsis"", ""ydi"", "" esche"", ""imagery"", ""msch""]"
association,rlens_64p,london-h,45,"["" la"", ""\u6bd4\u5982"", ""\u5979"", "" even"", "" she""]"
association,rlens_64p,london-h,52,"["" elevators"", "" elevator"", ""elevator"", ""Elev"", "" Elevator""]"
association,jpp_64p,london-h,8,"[""\ub9c8\ub2e4"", "" \u0643\u0647"", ""\ubd80\ud130"", "" \u0442\u043e\u0433\u043e"", "" itu""]"
association,jpp_64p,london-h,15,"[""\u0449\u0430"", ""\u5f97\u610f"", ""\u0c26\u0c4d\u0c26"", ""irs"", "" helemaal""]"
association,jpp_64p,london-h,22,"["" same"", ""few"", ""\u0449\u0430"", ""\ub974"", ""\u5f97\u610f""]"
association,jpp_64p,london-h,30,"["" same"", ""keyup"", ""ldquo"", ""same"", ""amiliar""]"
association,jpp_64p,london-h,38,"[""L"", ""prache"", ""switcher"", ""\u9a97"", ""ed""]"
association,jpp_64p,london-h,45,"["" even"", ""\u064a\u0631\u0648"", "" la"", ""\u0e40\u0e23\u0e35\u0e22\u0e01"", "" g\u1ecdi""]"
association,jpp_64p,london-h,52,"[""elevator"", "" elevator"", "" elevators"", ""Elev"", "" Elevator""]"
association,logit,book-h,8,"[""er"", "" a"", "" l"", "" de"", "" and""]"
association,logit,book-h,15,"["" a"", "" l"", "" own"", ""-"", "" que""]"
association,logit,book-h,22,"["" own"", "" de"", "" l"", "" que"", "" a""]"
association,logit,book-h,30,"[""-"", "" l"", "" own"", ""ly"", ""er""]"
association,logit,book-h,38,"["" l"", "" own"", ""that"", ""ly"", ""est""]"
association,logit,book-h,45,"["" l"", "" a"", ""ly"", ""ed"", ""y""]"
association,logit,book-h,52,"[""\u8c0e"", "" lied"", "" lying"", "" lie"", "" \uac70\uc9d3""]"
association,jlens_16p,book-h,8,"[""y"", ""yeri"", ""ness"", ""\u094d\u092f"", ""mett""]"
association,jlens_16p,book-h,15,"[""UKA"", ""\u0420\u0410"", "" PRP"", "" own"", "" la""]"
association,jlens_16p,book-h,22,"[""\u0420\u0410"", ""UKA"", "" own"", "" PRP"", "" la""]"
association,jlens_16p,book-h,30,"[""\ub3c4"", "" even"", ""ity"", ""ness"", ""bourne""]"
association,jlens_16p,book-h,38,"[""ity"", "" \uc2f6"", "" \ub4ef"", ""\ub3c4"", ""\u6027""]"
association,jlens_16p,book-h,45,"[""\u0647\u0627"", "" but"", ""\u5979"", ""three"", ""now""]"
association,jlens_16p,book-h,52,"["" lied"", "" lie"", ""\u8c0e"", "" lies"", ""lies""]"
association,rlens_16p,book-h,8,"[""\u09be\u099c"", ""\u0c26\u0c4d\u0c26"", ""\u0631\u064a\u0645"", "" Inquisition"", "" helemaal""]"
association,rlens_16p,book-h,15,"["" la"", "" same"", ""\u1ebd"", ""\u0631\u064a\u0645"", "" helemaal""]"
association,rlens_16p,book-h,22,"["" la"", "" same"", "" l"", ""few"", "" nh\u00e0ng""]"
association,rlens_16p,book-h,30,"["" \u0436\u0435"", ""\u0e40\u0e14\u0e35\u0e22\u0e27"", ""\u308a"", "" Thankfully"", "" same""]"
association,rlens_16p,book-h,38,"["" \u0436\u0435"", ""omania"", "" repeatedly"", "" thrice"", ""ipsis""]"
association,rlens_16p,book-h,45,"["" la"", "" three"", ""\u4e09\u6b21"", ""three"", "" \u062b\u0644\u0627\u062b\u0629""]"
association,rlens_16p,book-h,52,"["" la"", "" lied"", "" lie"", "" lies"", ""lie""]"
association,rlens_64p,book-h,8,"["" Inquisition"", ""\u09be\u099c"", ""\u0631\u064a\u0645"", ""\u043f\u043b\u044f"", ""\u0c26\u0c4d\u0c26""]"
association,rlens_64p,book-h,15,"["" la"", "" same"", ""\u0631\u064a\u0645"", "" l"", "" helemaal""]"
association,rlens_64p,book-h,22,"["" same"", "" la"", "" l"", "" fewest"", "" nh\u00e0ng""]"
association,rlens_64p,book-h,30,"["" \u0436\u0435"", "" same"", ""\u308a"", "" Thankfully"", ""\u0e40\u0e14\u0e35\u0e22\u0e27""]"
association,rlens_64p,book-h,38,"["" \u0436\u0435"", ""C"", ""ipsis"", ""\u518d\u3073"", "" \u043f\u0440\u0438\u0432\u044b""]"
association,rlens_64p,book-h,45,"["" la"", "" three"", ""\u4e09\u6b21"", ""three"", "" but""]"
association,rlens_64p,book-h,52,"["" la"", "" lied"", "" lie"", ""lie"", "" lies""]"
association,jpp_64p,book-h,8,"[""\ub9c8\ub2e4"", "" \u0643\u0647"", ""\u0941\u0930"", ""\uadf8"", "" noen""]"
association,jpp_64p,book-h,15,"[""\u0449\u0430"", ""\u5f97\u610f"", ""\u0941\u0930"", "" same"", ""\u0c26\u0c4d\u0c26""]"
association,jpp_64p,book-h,22,"[""few"", ""\u0941\u0930"", "" same"", ""\ucbe4"", ""\ub974""]"
association,jpp_64p,book-h,30,"[""\u0e40\u0e14\u0e35\u0e22\u0e27"", "" \u0436\u0435"", ""\ub3c4"", ""C"", "" \ub4ef""]"
association,jpp_64p,book-h,38,"[""\u518d\u3073"", "" repeatedly"", ""laub"", ""crast"", ""ipsis""]"
association,jpp_64p,book-h,45,"["" la"", ""three"", "" and"", ""\u4e09\u6b21"", "" three""]"
association,jpp_64p,book-h,52,"["" la"", "" lied"", "" lie"", "" \uac70\uc9d3"", ""lie""]"
association,logit,time-h,8,"[""er"", "" a"", "" l"", ""ation"", "" and""]"
association,logit,time-h,15,"["" de"", "" l"", "" own"", ""-"", ""iz""]"
association,logit,time-h,22,"["" l"", "" de"", ""-"", "" que"", ""iz""]"
association,logit,time-h,30,"["" l"", "" own"", ""ly"", ""-"", ""ness""]"
association,logit,time-h,38,"[""ness"", ""\uc73c\ub85c"", ""\ub85c"", ""ly"", "" l""]"
association,logit,time-h,45,"["" l"", ""ly"", ""ing"", ""y"", ""ed""]"
association,logit,time-h,52,"["" further"", ""further"", ""Further"", "" Further"", ""\u8fdb\u4e00\u6b65""]"
association,jlens_16p,time-h,8,"[""y"", ""yeri"", ""ness"", ""\u094d\u092f"", ""mett""]"
association,jlens_16p,time-h,15,"[""\u0420\u0410"", ""UKA"", "" PRP"", "" la"", "" own""]"
association,jlens_16p,time-h,22,"[""\u0420\u0410"", ""UKA"", "" PRP"", "" own"", "" la""]"
association,jlens_16p,time-h,30,"["" even"", "" own"", ""ity"", "" single"", ""ization""]"
association,jlens_16p,time-h,38,"["" own"", "" kind"", ""ity"", "" \ub4ef"", ""\u0629""]"
association,jlens_16p,time-h,45,"[""\u0647\u0627"", ""of"", ""\u0629"", ""\uc130"", ""something""]"
association,jlens_16p,time-h,52,"["" further"", ""further"", ""es"", ""Further"", ""e""]"
association,rlens_16p,time-h,8,"["" helemaal"", ""\u0c26\u0c4d\u0c26"", "" folks"", "" same"", "" natuurlijk""]"
association,rlens_16p,time-h,15,"["" la"", "" l"", "" same"", "" a"", "" de""]"
association,rlens_16p,time-h,22,"["" la"", "" same"", "" l"", "" own"", "" level""]"
association,rlens_16p,time-h,30,"["" same"", "" rendition"", "" sensibilities"", "" penchant"", ""\u091a\u0902""]"
association,rlens_16p,time-h,38,"["" retrospect"", "" retrospective"", ""\uc2a4\ub7ec\uc6b4"", "" seseorang"", ""OLD""]"
association,rlens_16p,time-h,45,"[""\u200c\u062a\u0631"", "" either"", ""ized"", "" la"", ""\u306e\u65b9\u304c""]"
association,rlens_16p,time-h,52,"["" la"", "" further"", ""further"", ""Further"", "" farther""]"
association,rlens_64p,time-h,8,"["" helemaal"", ""\u0105d"", ""\u0c26\u0c4d\u0c26"", "" Inquisition"", "" folks""]"
association,rlens_64p,time-h,15,"["" la"", "" l"", "" same"", "" tbh"", "" a""]"
association,rlens_64p,time-h,22,"["" la"", "" l"", "" same"", "" fewest"", "" own""]"
association,rlens_64p,time-h,30,"["" same"", "" rendition"", "" sensitively"", "" soon"", "" penchant""]"
association,rlens_64p,time-h,38,"[""\uc2a4\ub7ec\uc6b4"", "" seseorang"", ""\u0926\u0943\u0936\u094d\u092f"", ""\u306a\u3069\u304c"", ""\u8eab\u7684""]"
association,rlens_64p,time-h,45,"[""\u200c\u062a\u0631"", "" either"", ""ized"", "" la"", ""\u064a\u062a\u0647\u0627""]"
association,rlens_64p,time-h,52,"["" la"", "" further"", ""further"", ""Further"", "" farther""]"
association,jpp_64p,time-h,8,"["" \u0442\u043e\u0433\u043e"", ""\ub9c8\ub2e4"", ""\u0649"", ""\u90a3"", ""\uadf8""]"
association,jpp_64p,time-h,15,"["" same"", "" similit"", ""\u0449\u0430"", "" helemaal"", ""\uadf8\ub7f0""]"
association,jpp_64p,time-h,22,"["" same"", "" fewest"", ""\ud07c"", "" simili"", "" soon""]"
association,jpp_64p,time-h,30,"["" sensitively"", ""\u0926\u0943\u0936\u094d\u092f"", ""gevity"", "" same"", "" rendition""]"
association,jpp_64p,time-h,38,"["" aging"", ""\u4e2d\u5e74"", ""\uc2a4\ub7ec\uc6b4"", ""\u306e\u5909\u5316"", ""\u8eab\u7684""]"
association,jpp_64p,time-h,45,"["" either"", ""\u200c\u062a\u0631"", "" and"", "" even"", ""ometime""]"
association,jpp_64p,time-h,52,"["" la"", "" further"", "" l"", "" farther"", ""further""]"
association,logit,fr-ecole,8,"["" a"", ""er"", "" l"", "" an"", "" and""]"
association,logit,fr-ecole,15,"["" a"", "" l"", "" own"", ""ers"", ""iz""]"
association,logit,fr-ecole,22,"["" l"", "" own"", "" que"", ""iz"", ""ers""]"
association,logit,fr-ecole,30,"["" l"", ""-"", ""ed"", "" own"", ""ing""]"
association,logit,fr-ecole,38,"[""-"", ""ed"", ""\ub85c"", ""ness"", "" l""]"
association,logit,fr-ecole,45,"["" l"", "" a"", ""ed"", ""y"", "" page""]"
association,logit,fr-ecole,52,"["" page"", ""page"", "" l"", "" \ud398\uc774\uc9c0"", "" Page""]"
association,jlens_16p,fr-ecole,8,"[""y"", ""yeri"", ""ness"", ""\u094d\u092f"", ""mett""]"
association,jlens_16p,fr-ecole,15,"[""\u0420\u0410"", ""UKA"", "" PRP"", "" la"", "" own""]"
association,jlens_16p,fr-ecole,22,"[""UKA"", ""\u0420\u0410"", "" own"", "" PRP"", "" la""]"
association,jlens_16p,fr-ecole,30,"["" own"", "" even"", "" single"", ""\ub3c4"", "" Morrison""]"
association,jlens_16p,fr-ecole,38,"[""\u0629"", ""set"", ""\u05d5"", "" \uc2f6"", ""\ub0b1""]"
association,jlens_16p,fr-ecole,45,"[""\u0647\u0627"", ""\u0629"", ""\u0633"", ""\u0627\u062a"", "" \u0639\u0644\u064a\u0647\u0627""]"
association,jlens_16p,fr-ecole,52,"["" page"", "" Page"", ""page"", "" pages"", ""Page""]"
association,rlens_16p,fr-ecole,8,"[""\u0c26\u0c4d\u0c26"", ""\u0631\u064a\u0645"", ""\u043f\u043b\u044f"", ""\u0440\u0443"", "" \u0e40\u0e02\u0e32""]"
association,rlens_16p,fr-ecole,15,"["" la"", "" l"", "" same"", ""\u0631\u064a\u0645"", ""irs""]"
association,rlens_16p,fr-ecole,22,"["" same"", "" mismos"", ""\u0631\u064a\u0645"", ""ipsis"", ""\u0c26\u0c4d\u0c26""]"
association,rlens_16p,fr-ecole,30,"[""ipsis"", ""\u308a"", ""\u0441\u0442\u044f"", "" \u0431\u0443\u043a\u0432\u0430\u043b\u044c\u043d\u043e"", ""\u0648\u063a""]"
association,rlens_16p,fr-ecole,38,"[""ipsis"", ""B"", ""\u0648\u063a"", ""opsy"", "" \u043d\u0435""]"
association,rlens_16p,fr-ecole,45,"[""\u0647\u0627"", "" \u043d\u0430"", ""\u064a\u062a\u0647\u0627"", "" \u0639\u0644\u064a\u0647\u0627"", ""\u9875""]"
association,rlens_16p,fr-ecole,52,"["" page"", "" \ud398\uc774\uc9c0"", "" Page"", ""\u30da\u30fc\u30b8"", ""page""]"
association,rlens_64p,fr-ecole,8,"[""\u043f\u043b\u044f"", ""\u0c26\u0c4d\u0c26"", ""\u0631\u064a\u0645"", ""\u0941\u0930"", ""\u0440\u0443""]"
association,rlens_64p,fr-ecole,15,"["" la"", "" l"", "" same"", ""\u0631\u064a\u0645"", ""\u043f\u043b\u044f""]"
association,rlens_64p,fr-ecole,22,"["" same"", "" l"", "" mismos"", ""\u0631\u064a\u0645"", ""\u0c26\u0c4d\u0c26""]"
association,rlens_64p,fr-ecole,30,"[""ipsis"", ""\u308a"", "" same"", "" \u0431\u0443\u043a\u0432\u0430\u043b\u044c\u043d\u043e"", ""\u0648\u063a""]"
association,rlens_64p,fr-ecole,38,"[""ipsis"", ""\u0648\u063a"", ""B"", "" \u043d\u0435"", ""\u1235""]"
association,rlens_64p,fr-ecole,45,"[""\u0647\u0627"", "" \u043d\u0430"", ""\u064a\u062a\u0647\u0627"", ""\u9875"", "" \ud398\uc774\uc9c0""]"
association,rlens_64p,fr-ecole,52,"["" page"", "" \ud398\uc774\uc9c0"", ""\u30da\u30fc\u30b8"", ""page"", "" Page""]"
association,jpp_64p,fr-ecole,8,"[""\ub9c8\ub2e4"", ""\u0649"", ""\u0941\u0930"", "" \u0643\u0647"", ""\ubd80\ud130""]"
association,jpp_64p,fr-ecole,15,"[""\u0941\u0930"", "" same"", ""irs"", ""\u0449\u0430"", ""\u0c26\u0c4d\u0c26""]"
association,jpp_64p,fr-ecole,22,"["" same"", ""\ub974"", ""\u0926\u0943\u0936\u094d\u092f"", ""irs"", ""\u0c26\u0c4d\u0c26""]"
association,jpp_64p,fr-ecole,30,"[""ipsis"", ""\u0635"", ""\u308a"", "" \u0431\u0443\u043a\u0432\u0430\u043b\u044c\u043d\u043e"", "" same""]"
association,jpp_64p,fr-ecole,38,"[""ipsis"", ""getBounding"", ""\u6101"", "" worsen"", ""\uc2a4\ub7ec\uc6b4""]"
association,jpp_64p,fr-ecole,45,"["" page"", ""page"", ""\u9801"", ""error"", ""\u306a""]"
association,jpp_64p,fr-ecole,52,"["" page"", ""page"", "" \ud398\uc774\uc9c0"", "" Page"", ""\u30da\u30fc\u30b8""]"
association,logit,fr-eglise,8,"["" a"", ""er"", "" of"", "" and"", ""en""]"
association,logit,fr-eglise,15,"["" own"", "" a"", ""-"", "" l"", ""iz""]"
association,logit,fr-eglise,22,"["" l"", "" own"", "" a"", ""-"", ""iz""]"
association,logit,fr-eglise,30,"["" l"", ""ing"", ""-"", ""ly"", ""ed""]"
association,logit,fr-eglise,38,"[""C"", ""ed"", ""-"", "" and"", ""ing""]"
association,logit,fr-eglise,45,"["" l"", "" own"", "" until"", ""ed"", ""until""]"
association,logit,fr-eglise,52,"["" waited"", "" \uae30\ub2e4"", "" \u0111\u1ee3i"", "" wait"", "" waits""]"
association,jlens_16p,fr-eglise,8,"[""y"", ""yeri"", ""ness"", ""\u094d\u092f"", ""mett""]"
association,jlens_16p,fr-eglise,15,"[""\u0420\u0410"", ""UKA"", "" PRP"", "" la"", "" own""]"
association,jlens_16p,fr-eglise,22,"[""UKA"", ""\u0420\u0410"", "" own"", "" PRP"", "" la""]"
association,jlens_16p,fr-eglise,30,"["" own"", ""\ub3c4"", "" even"", ""ational"", "" Morrison""]"
association,jlens_16p,fr-eglise,38,"["" own"", ""\u05d5"", ""\u0629"", "" \uc2f6"", ""set""]"
association,jlens_16p,fr-eglise,45,"[""until"", "" until"", ""\u0647\u0627"", ""\u307e\u3067"", "" Until""]"
association,jlens_16p,fr-eglise,52,"["" waiting"", "" waited"", "" wait"", "" waits"", ""\u7b49\u5f85""]"
association,rlens_16p,fr-eglise,8,"["" helemaal"", ""\u0631\u064a\u0645"", ""\u0c26\u0c4d\u0c26"", "" same"", "" Inquisition""]"
association,rlens_16p,fr-eglise,15,"["" la"", "" same"", "" own"", "" helemaal"", ""\u0631\u064a\u0645""]"
association,rlens_16p,fr-eglise,22,"["" same"", ""\u0449\u0430"", "" finales"", ""\u044d\u0440\u0438"", ""osion""]"
association,rlens_16p,fr-eglise,30,"[""\u308a"", ""ipsis"", ""\u120d\u1362"", ""\u0e32\u0e28"", ""ibly""]"
association,rlens_16p,fr-eglise,38,"[""ipsis"", ""\u308a"", ""\u1235"", ""pperware"", ""Quiet""]"
association,rlens_16p,fr-eglise,45,"["" until"", ""until"", ""\u307e\u3067"", ""\u76f4\u5230"", ""\uae4c\uc9c0""]"
association,rlens_16p,fr-eglise,52,"["" waited"", "" waiting"", "" wait"", "" \uae30\ub2e4"", "" waits""]"
association,rlens_64p,fr-eglise,8,"["" helemaal"", "" Inquisition"", ""\u0c26\u0c4d\u0c26"", ""\u0631\u064a\u0645"", ""\u043f\u043b\u044f""]"
association,rlens_64p,fr-eglise,15,"["" la"", "" same"", "" helemaal"", "" own"", ""\u0631\u064a\u0645""]"
association,rlens_64p,fr-eglise,22,"["" same"", ""\u0449\u0430"", "" own"", ""\u044d\u0440\u0438"", "" \u043a\u0430\u0440\u0442\u0438\u043d\u0430""]"
association,rlens_64p,fr-eglise,30,"[""\u308a"", ""ipsis"", ""\u120d\u1362"", ""ibly"", ""\u0e32\u0e28""]"
association,rlens_64p,fr-eglise,38,"[""ipsis"", ""\u308a"", ""\u1235"", ""\u0648\u063a"", ""C""]"
association,rlens_64p,fr-eglise,45,"["" until"", ""until"", ""\u307e\u3067"", ""\u76f4\u5230"", ""Until""]"
association,rlens_64p,fr-eglise,52,"["" waiting"", "" wait"", "" waited"", "" \uae30\ub2e4"", ""waiting""]"
association,jpp_64p,fr-eglise,8,"[""\ub9c8\ub2e4"", ""\ubd80\ud130"", "" \u0643\u0647"", "" itu"", ""\u0941\u0930""]"
association,jpp_64p,fr-eglise,15,"[""\u0c26\u0c4d\u0c26"", ""\u0449\u0430"", "" same"", ""\u5f97\u610f"", "" helemaal""]"
association,jpp_64p,fr-eglise,22,"["" same"", ""\u0449\u0430"", ""\u308a"", ""\ub974"", ""\u0941\u0930""]"
association,jpp_64p,fr-eglise,30,"[""\u308a"", ""ipsis"", ""yside"", ""ibly"", ""\u120d\u1362""]"
association,jpp_64p,fr-eglise,38,"[""ipsis"", ""\u0ba4\u0bc1"", ""atience"", "" concealing"", "" \u0441\u043e\u0437\u043d\u0430""]"
association,jpp_64p,fr-eglise,45,"["" until"", ""until"", ""\u76f4\u5230"", "" Until"", ""Until""]"
association,jpp_64p,fr-eglise,52,"["" wait"", "" waiting"", "" waited"", "" waits"", ""wait""]"
association,logit,fr-pere,8,"[""er"", ""en"", "" of"", "" and"", "" a""]"
association,logit,fr-pere,15,"["" l"", "" a"", "" own"", ""-"", ""iz""]"
association,logit,fr-pere,22,"["" l"", "" a"", "" de"", "" own"", ""iz""]"
association,logit,fr-pere,30,"["" l"", ""ing"", ""ed"", ""-"", ""er""]"
association,logit,fr-pere,38,"[""-"", ""C"", ""ing"", "" even"", ""ness""]"
association,logit,fr-pere,45,"["" l"", ""ed"", "" thrice"", ""ing"", ""y""]"
association,logit,fr-pere,52,"["" \ubc18\ubcf5"", "" repeating"", "" repet"", ""repeat"", "" repetition""]"
association,jlens_16p,fr-pere,8,"[""y"", ""yeri"", ""ness"", ""\u094d\u092f"", ""mett""]"
association,jlens_16p,fr-pere,15,"[""\u0420\u0410"", ""UKA"", "" la"", "" PRP"", "" own""]"
association,jlens_16p,fr-pere,22,"[""\u0420\u0410"", ""UKA"", "" PRP"", "" own"", "" la""]"
association,jlens_16p,fr-pere,30,"[""\ub3c4"", "" own"", "" even"", ""ity"", "" fact""]"
association,jlens_16p,fr-pere,38,"["" own"", ""\ub3c4"", ""ity"", ""\u6027"", ""\u0629""]"
association,jlens_16p,fr-pere,45,"[""\u0647\u0627"", "" \uc2f6"", "" \uc2f6\uc740"", ""for"", "" \ubc18\ubcf5""]"
association,jlens_16p,fr-pere,52,"["" \ubc18\ubcf5"", ""repet"", "" repetitive"", "" repet"", "" repeat""]"
association,rlens_16p,fr-pere,8,"[""\u0c26\u0c4d\u0c26"", "" \u0e40\u0e02\u0e32"", "" lineWidth"", ""\u043f\u043b\u044f"", ""\u0631\u064a\u0645""]"
association,rlens_16p,fr-pere,15,"["" la"", "" Inquisition"", "" de"", ""\u0c26\u0c4d\u0c26"", "" own""]"
association,rlens_16p,fr-pere,22,"["" same"", "" la"", "" l"", ""bq"", "" stej""]"
association,rlens_16p,fr-pere,30,"["" same"", "" \u0436\u0435"", ""ipsis"", ""izlik"", ""\u044d\u0440\u0438""]"
association,rlens_16p,fr-pere,38,"[""ipsis"", ""\u4e00\u904d"", ""\u7e70\u308a\u8fd4"", "" wenig"", "" same""]"
association,rlens_16p,fr-pere,45,"[""\u4e09\u6b21"", "" thrice"", "" \ubc18\ubcf5"", ""\u91cd\u590d"", ""\u6b21\u6570""]"
association,rlens_16p,fr-pere,52,"[""repet"", "" \ubc18\ubcf5"", "" repetitive"", "" repeating"", "" repet""]"
association,rlens_64p,fr-pere,8,"[""\u0c26\u0c4d\u0c26"", "" lineWidth"", ""\u043f\u043b\u044f"", "" Shakespeare"", "" \u0e40\u0e02\u0e32""]"
association,rlens_64p,fr-pere,15,"["" Inquisition"", "" la"", "" Shakespeare"", ""\u0c26\u0c4d\u0c26"", "" \u0110\u00f3""]"
association,rlens_64p,fr-pere,22,"["" same"", "" la"", "" l"", "" Inquisition"", ""few""]"
association,rlens_64p,fr-pere,30,"["" same"", "" \u0436\u0435"", ""izlik"", ""ipsis"", ""\u308a""]"
association,rlens_64p,fr-pere,38,"[""ipsis"", "" same"", "" n\u00e0ng"", "" \ubc18\ubcf5"", ""\u4e00\u904d""]"
association,rlens_64p,fr-pere,45,"[""\u4e09\u6b21"", "" thrice"", ""\u6b21\u6570"", "" \ubc18\ubcf5"", "" l\u1ea7n""]"
association,rlens_64p,fr-pere,52,"["" \ubc18\ubcf5"", ""repet"", "" repet"", "" repetitive"", "" repeat""]"
association,jpp_64p,fr-pere,8,"[""\ub9c8\ub2e4"", "" \u0643\u0647"", "" itu"", ""\ubd80\ud130"", "" \u0442\u043e\u0433\u043e""]"
association,jpp_64p,fr-pere,15,"[""\u0c26\u0c4d\u0c26"", ""\uc600"", "" lineWidth"", ""irs"", ""\u0449\u0430""]"
association,jpp_64p,fr-pere,22,"["" same"", ""\u0449\u0430"", ""few"", ""\ub9c8\ub2e4"", ""\u0105d""]"
association,jpp_64p,fr-pere,30,"["" same"", "" \u0436\u0435"", ""izlik"", ""ipsis"", ""same""]"
association,jpp_64p,fr-pere,38,"[""ipsis"", "" same"", ""\u7e70\u308a\u8fd4"", "" \ubc18\ubcf5"", "" repeatedly""]"
association,jpp_64p,fr-pere,45,"["" thrice"", ""\u4e09\u6b21"", "" l\u1ea7n"", "" \u0442\u0440\u0435\u0442\u0438\u0439"", "" for""]"
association,jpp_64p,fr-pere,52,"[""repet"", "" \ubc18\ubcf5"", "" repeat"", "" repetitive"", "" repet""]"
association,logit,de-konig,8,"["" a"", ""en"", "" and"", "" l"", ""er""]"
association,logit,de-konig,15,"["" own"", "" l"", ""-"", "" a"", ""iz""]"
association,logit,de-konig,22,"["" l"", "" own"", "" de"", ""-"", "" a""]"
association,logit,de-konig,30,"["" l"", ""-"", ""ing"", ""ly"", "" and""]"
association,logit,de-konig,38,"["" l"", ""-"", ""ed"", ""ing"", "" a""]"
association,logit,de-konig,45,"["" l"", ""-"", ""ing"", ""ed"", ""y""]"
association,logit,de-konig,52,"["" l"", ""become"", "" menjadi"", ""command"", "" become""]"
association,jlens_16p,de-konig,8,"[""y"", ""yeri"", ""ness"", ""\u094d\u092f"", ""mett""]"
association,jlens_16p,de-konig,15,"[""\u0420\u0410"", ""UKA"", "" PRP"", "" la"", "" own""]"
association,jlens_16p,de-konig,22,"[""UKA"", ""\u0420\u0410"", "" PRP"", "" own"", "" la""]"
association,jlens_16p,de-konig,30,"["" own"", ""\ub3c4"", ""ity"", "" even"", "" single""]"
association,jlens_16p,de-konig,38,"["" own"", ""\u0629"", ""\u05d5"", ""\u0abe\u0aa8"", ""\u064a\u0646""]"
association,jlens_16p,de-konig,45,"[""to"", "" to"", "" command"", "" perintah"", ""command""]"
association,jlens_16p,de-konig,52,"["" to"", "" command"", "" become"", ""become"", ""command""]"
association,rlens_16p,de-konig,8,"["" own"", ""\u0c26\u0c4d\u0c26"", ""\u1e43"", "" \u0e40\u0e02\u0e32"", ""\u0105d""]"
association,rlens_16p,de-konig,15,"["" la"", "" same"", "" similit"", ""\u1e47"", ""\u1ebd""]"
association,rlens_16p,de-konig,22,"["" same"", ""\u0c26\u0c4d\u0c26"", "" Inquisition"", ""\u0105d"", ""\u0440\u0443""]"
association,rlens_16p,de-konig,30,"[""ibly"", ""\u308a"", "" \u0905\u0926"", ""\u0440\u0443"", ""\u044d\u0440\u0438""]"
association,rlens_16p,de-konig,38,"["" \u041a\u043e\u043d\u0441\u0442\u0430\u043d\u0442\u0438"", ""\uace7"", ""\ubd80\ud130"", ""\u8fd9\u4e00\u5207"", ""INION""]"
association,rlens_16p,de-konig,45,"[""\u3078\u3068"", ""command"", "" l\u1ec7nh"", "" perintah"", "" command""]"
association,rlens_16p,de-konig,52,"["" become"", ""become"", "" command"", ""command"", "" to""]"
association,rlens_64p,de-konig,8,"[""\u0c26\u0c4d\u0c26"", ""\u1e43"", ""\u0105d"", "" Inquisition"", "" Shakespeare""]"
association,rlens_64p,de-konig,15,"["" la"", "" similit"", "" Shakespeare"", ""\u0c26\u0c4d\u0c26"", "" same""]"
association,rlens_64p,de-konig,22,"["" same"", ""\u0c26\u0c4d\u0c26"", ""\u0105d"", "" Inquisition"", "" similit""]"
association,rlens_64p,de-konig,30,"["" \u0905\u0926"", ""\u308a"", ""ibly"", ""\u0627\u0631\u064a\u062e"", ""plicht""]"
association,rlens_64p,de-konig,38,"[""INION"", "" \u0905\u0926"", ""\u064a\u0646"", ""\u8fd9\u4e00\u5207"", ""\ubd80\ud130""]"
association,rlens_64p,de-konig,45,"[""\u3078\u3068"", "" perintah"", ""become"", ""command"", "" \u0906\u0926\u0947\u0936""]"
association,rlens_64p,de-konig,52,"[""become"", "" become"", "" command"", ""command"", "" becomes""]"
association,jpp_64p,de-konig,8,"[""\ub9c8\ub2e4"", "" \u0643\u0647"", ""\ubd80\ud130"", ""\u0630"", ""\u044d\u044d""]"
association,jpp_64p,de-konig,15,"["" similit"", ""\u0c26\u0c4d\u0c26"", ""\u0941\u0930"", ""\u0440\u0443"", ""\u0449\u0430""]"
association,jpp_64p,de-konig,22,"[""\u0105d"", ""would"", ""\u0941\u0930"", ""\u0c26\u0c4d\u0c26"", "" same""]"
association,jpp_64p,de-konig,30,"[""plicht"", ""ibly"", "" \u0905\u0926"", ""immediate"", ""antiated""]"
association,jpp_64p,de-konig,38,"[""\u0627\u062a"", ""ToWrite"", ""argate"", ""ica\u00e7\u00e3o"", ""\u5230\u4f4d""]"
association,jpp_64p,de-konig,45,"[""\u3078\u3068"", "" command"", "" perintah"", ""command"", "" l\u1ec7nh""]"
association,jpp_64p,de-konig,52,"["" command"", ""become"", "" become"", ""command"", ""word""]"
association,logit,es-dia,8,"[""en"", ""er"", "" and"", "" l"", "" a""]"
association,logit,es-dia,15,"["" own"", "" a"", ""-"", "" l"", "" que""]"
association,logit,es-dia,22,"["" a"", "" l"", ""-"", "" own"", "" de""]"
association,logit,es-dia,30,"["" l"", "" own"", ""ly"", ""ness"", ""-""]"
association,logit,es-dia,38,"[""-"", ""ness"", ""C"", "" own"", ""est""]"
association,logit,es-dia,45,"["" own"", ""C"", ""T"", ""ness"", "" morning""]"
association,logit,es-dia,52,"["" morning"", ""\u6668"", ""Morning"", ""morning"", ""H""]"
association,jlens_16p,es-dia,8,"[""y"", ""yeri"", ""ness"", ""\u094d\u092f"", ""mett""]"
association,jlens_16p,es-dia,15,"[""UKA"", ""\u0420\u0410"", "" PRP"", "" own"", "" la""]"
association,jlens_16p,es-dia,22,"[""UKA"", ""\u0420\u0410"", "" own"", "" PRP"", "" la""]"
association,jlens_16p,es-dia,30,"["" even"", ""icado"", ""s"", "" Morrison"", ""bury""]"
association,jlens_16p,es-dia,38,"["" \ub4ef"", ""\u05d5"", "" \uac83"", ""ity"", ""\u0648\u0643\u0627\u0646""]"
association,jlens_16p,es-dia,45,"["" \u0635\u0628\u0627\u062d"", "" \u0627\u0644\u0646\u0647\u0627\u0631"", "" morning"", ""morning"", "" fragility""]"
association,jlens_16p,es-dia,52,"[""ness"", "" morning"", "" chilly"", "" dawn"", ""morning""]"
association,rlens_16p,es-dia,8,"[""\u0c26\u0c4d\u0c26"", ""\u0941\u0930"", ""\u0440\u0443"", ""\u09be\u099c"", ""\u0631\u064a\u0645""]"
association,rlens_16p,es-dia,15,"["" la"", ""\u0c26\u0c4d\u0c26"", "" helemaal"", ""\u0631\u064a\u0645"", "" similit""]"
association,rlens_16p,es-dia,22,"[""\u0449\u0430"", ""\ub974"", ""\u0631\u064a\u0645"", ""\u0c26\u0c4d\u0c26"", ""\u09be\u099c""]"
association,rlens_16p,es-dia,30,"[""\u308a"", "" \u0633\u0627\u0639\u0629"", ""ewell"", ""\u6c1b\u56f4"", ""\ud558\ub8e8""]"
association,rlens_16p,es-dia,38,"[""B"", "" \u0635\u0628\u0627\u062d"", ""\u306a\u3069\u304c"", "" \u0627\u0644\u0646\u0647\u0627\u0631"", "" \ub0ae""]"
association,rlens_16p,es-dia,45,"["" \u0635\u0628\u0627\u062d"", "" \u0627\u0644\u0646\u0647\u0627\u0631"", "" morning"", "" \uc0c8\ubcbd"", "" \u0938\u0941\u092c\u0939""]"
association,rlens_16p,es-dia,52,"["" morning"", "" \uc0c8\ubcbd"", ""morning"", "" Cold"", "" chilly""]"
association,rlens_64p,es-dia,8,"[""\u0c26\u0c4d\u0c26"", ""\u0941\u0930"", ""\u0631\u064a\u0645"", ""\u0440\u0443"", ""\u09be\u099c""]"
association,rlens_64p,es-dia,15,"[""\u0c26\u0c4d\u0c26"", "" helemaal"", "" similit"", ""\u0631\u064a\u0645"", ""\u043f\u043b\u044f""]"
association,rlens_64p,es-dia,22,"[""\ub974"", ""\u0449\u0430"", ""\u0631\u064a\u0645"", ""\u0c26\u0c4d\u0c26"", "" soon""]"
association,rlens_64p,es-dia,30,"[""\u308a"", "" \u0633\u0627\u0639\u0629"", ""\u6696"", ""\u98d9"", ""\ub974""]"
association,rlens_64p,es-dia,38,"[""B"", "" \u0635\u0628\u0627\u062d"", ""\u306a\u3069\u304c"", "" \uc0c8\ubcbd"", "" \u0627\u0644\u0646\u0647\u0627\u0631""]"
association,rlens_64p,es-dia,45,"["" \u0635\u0628\u0627\u062d"", "" \u0627\u0644\u0646\u0647\u0627\u0631"", "" morning"", "" \uc0c8\ubcbd"", ""\u0646\u0647\u0627\u0631""]"
association,rlens_64p,es-dia,52,"["" morning"", "" \uc0c8\ubcbd"", "" chilly"", ""morning"", "" Cold""]"
association,jpp_64p,es-dia,8,"[""\ub9c8\ub2e4"", ""\ubd80\ud130"", "" \u0643\u0647"", ""\u0941\u0930"", ""\ub974""]"
association,jpp_64p,es-dia,15,"[""\u0c26\u0c4d\u0c26"", ""\u0941\u0930"", ""\u0449\u0430"", ""\u5f97\u610f"", "" \u0431\u0443\u043a\u0432\u0430\u043b\u044c\u043d\u043e""]"
association,jpp_64p,es-dia,22,"[""\ub974"", ""\u0449\u0430"", "" \ub4ef"", ""\u0941\u0930"", ""\u308a""]"
association,jpp_64p,es-dia,30,"[""B"", ""\u98d9"", "" \ub4ef"", ""\u308a"", ""chet""]"
association,jpp_64p,es-dia,38,"["" \u0635\u0628\u0627\u062d"", "" \uc0c8\ubcbd"", ""Morning"", "" morning"", ""\u30e2\u30fc\u30cb\u30f3\u30b0""]"
association,jpp_64p,es-dia,45,"["" \u0635\u0628\u0627\u062d"", "" morning"", "" \uc0c8\ubcbd"", ""\u0646\u0647\u0627\u0631"", ""morning""]"
association,jpp_64p,es-dia,52,"["" morning"", "" \uc0c8\ubcbd"", ""\u6668"", "" dawn"", "" Cold""]"
association,logit,pt-agua,8,"["" of"", "" a"", "" and"", "" l"", ""er""]"
association,logit,pt-agua,15,"["" l"", "" a"", "" own"", ""-"", ""iz""]"
association,logit,pt-agua,22,"["" de"", "" l"", "" own"", ""-"", "" a""]"
association,logit,pt-agua,30,"[""-"", ""ly"", ""ed"", "" l"", ""ing""]"
association,logit,pt-agua,38,"[""-"", ""ly"", ""ness"", ""er"", "" and""]"
association,logit,pt-agua,45,"["" l"", ""each"", "" each"", ""Each"", ""C""]"
association,logit,pt-agua,52,"["" seconds"", ""seconds"", ""time"", ""\u65f6\u95f4"", "" Seconds""]"
association,jlens_16p,pt-agua,8,"[""y"", ""yeri"", ""ness"", ""\u094d\u092f"", ""mett""]"
association,jlens_16p,pt-agua,15,"[""\u0420\u0410"", ""UKA"", "" PRP"", "" la"", "" own""]"
association,jlens_16p,pt-agua,22,"[""UKA"", ""\u0420\u0410"", "" PRP"", "" own"", "" la""]"
association,jlens_16p,pt-agua,30,"["" own"", "" even"", ""\ub3c4"", ""ity"", ""\u0105d""]"
association,jlens_16p,pt-agua,38,"[""\u0629"", "" \ub4ef"", "" own"", ""set"", ""\u05d5""]"
association,jlens_16p,pt-agua,45,"["" \u0627\u0644\u0632\u0645\u0646"", "" \u0d13\u0d30\u0d4b"", ""\u901d"", ""\u518d\u3073"", ""\u0ba9\u0bcb""]"
association,jlens_16p,pt-agua,52,"["" seconds"", "" time"", ""time"", ""seconds"", ""\u65f6\u95f4""]"
association,rlens_16p,pt-agua,8,"["" helemaal"", "" \u0e40\u0e02\u0e32"", ""\u0c26\u0c4d\u0c26"", ""\u0631\u064a\u0645"", "" Deux""]"
association,rlens_16p,pt-agua,15,"["" la"", "" same"", ""\u1ebd"", ""\u0631\u064a\u0645"", "" helemaal""]"
association,rlens_16p,pt-agua,22,"["" same"", "" \u0436\u0435"", "" la"", ""\u0631\u064a\u0645"", ""few""]"
association,rlens_16p,pt-agua,30,"[""\u308a"", ""ipsis"", "" \u0436\u0435"", "" same"", ""denly""]"
association,rlens_16p,pt-agua,38,"[""ipsis"", ""\u7684\u6642\u9593"", ""\u308a"", ""\u306e\u6642\u9593"", "" \u0436\u0435""]"
association,rlens_16p,pt-agua,45,"["" ever"", "" \u0627\u0644\u0632\u0645\u0646"", ""\u0e41\u0e15\u0e48\u0e25\u0e30"", "" \uc2dc\uac04"", ""\u65f6\u95f4""]"
association,rlens_16p,pt-agua,52,"["" time"", "" seconds"", ""Seconds"", ""seconds"", ""Time""]"
association,rlens_64p,pt-agua,8,"["" \u0e40\u0e02\u0e32"", ""\u0631\u064a\u0645"", "" helemaal"", ""\u0c26\u0c4d\u0c26"", "" Inquisition""]"
association,rlens_64p,pt-agua,15,"["" la"", "" same"", ""\u1ebd"", "" similit"", "" helemaal""]"
association,rlens_64p,pt-agua,22,"["" same"", "" la"", "" nh\u00e0ng"", "" similit"", "" soon""]"
association,rlens_64p,pt-agua,30,"[""\u308a"", "" same"", "" \u0436\u0435"", ""ipsis"", ""ihilation""]"
association,rlens_64p,pt-agua,38,"[""ipsis"", ""\u308a"", ""ocalypse"", ""\u7684\u6642\u9593"", ""\u0648\u063a""]"
association,rlens_64p,pt-agua,45,"["" ever"", ""\u0e41\u0e15\u0e48\u0e25\u0e30"", "" \u0627\u0644\u0632\u0645\u0646"", "" each"", "" \uc2dc\uac04""]"
association,rlens_64p,pt-agua,52,"[""seconds"", "" seconds"", "" time"", ""Seconds"", ""Time""]"
association,jpp_64p,pt-agua,8,"[""\ub9c8\ub2e4"", ""\ubd80\ud130"", "" \u0643\u0647"", "" itu"", "" \u0e40\u0e01""]"
association,jpp_64p,pt-agua,15,"["" same"", "" similit"", ""\u0c26\u0c4d\u0c26"", ""disable"", ""irs""]"
association,jpp_64p,pt-agua,22,"["" same"", ""few"", ""\u308a"", ""\ub974"", ""\ud07c""]"
association,jpp_64p,pt-agua,30,"[""\u308a"", "" same"", "" \u0436\u0435"", ""ipsis"", ""\u0e40\u0e14\u0e35\u0e22\u0e27""]"
association,jpp_64p,pt-agua,38,"[""\u7684\u65f6\u95f4"", ""\u7684\u6642\u9593"", "" \uc2dc\uac04"", ""\uc2dc\uac04"", ""ipsis""]"
association,jpp_64p,pt-agua,45,"[""\u901d"", "" \u0627\u0644\u0632\u0645\u0646"", ""seconds"", ""\u65f6\u95f4"", ""time""]"
association,jpp_64p,pt-agua,52,"["" time"", "" seconds"", ""seconds"", ""Seconds"", ""time""]"
association,logit,es-musica,8,"[""en"", ""er"", "" and"", "" l"", "" a""]"
association,logit,es-musica,15,"["" de"", "" a"", "" own"", ""-"", "" l""]"
association,logit,es-musica,22,"["" own"", "" l"", "" a"", ""-"", ""\u043d\u0430""]"
association,logit,es-musica,30,"["" own"", "" l"", ""ly"", ""-"", ""ing""]"
association,logit,es-musica,38,"[""ly"", ""C"", ""ness"", ""\ub85c"", "" and""]"
association,logit,es-musica,45,"["" own"", "" thousand"", "" l"", ""ly"", ""\ub85c""]"
association,logit,es-musica,52,"["" thousand"", ""thousand"", ""\u4e24"", ""\u0e2a\u0e2d\u0e07"", "" \u0442\u044b\u0441\u044f""]"
association,jlens_16p,es-musica,8,"[""y"", ""yeri"", ""ness"", ""\u094d\u092f"", ""mett""]"
association,jlens_16p,es-musica,15,"[""UKA"", ""\u0420\u0410"", "" PRP"", "" la"", "" own""]"
association,jlens_16p,es-musica,22,"[""UKA"", ""\u0420\u0410"", "" PRP"", "" own"", "" la""]"
association,jlens_16p,es-musica,30,"["" own"", ""\ub3c4"", "" Thi\u00ean"", ""ational"", ""plexity""]"
association,jlens_16p,es-musica,38,"[""arsis"", "" \ub4ef"", ""\uc130"", ""\u0629"", ""\u05d5""]"
association,jlens_16p,es-musica,45,"[""\u0643"", ""\u0e2a\u0e2d\u0e07"", ""\u0647\u0627"", ""\u062a\u064a\u0646"", "" dw\u00f3ch""]"
association,jlens_16p,es-musica,52,"[""\u0e2a\u0e2d\u0e07"", ""two"", "" zwei"", "" two"", ""Two""]"
association,rlens_16p,es-musica,8,"[""\u0c26\u0c4d\u0c26"", "" \u0e40\u0e02\u0e32"", ""\u0440\u0443"", ""\u0d30\u0d41\u0d35"", ""\u0627\u0631\u064a\u062e""]"
association,rlens_16p,es-musica,15,"["" la"", "" \u0645\u0646\u0647\u0645"", ""\u1e47"", ""\u0631\u064a\u0645"", "" helemaal""]"
association,rlens_16p,es-musica,22,"[""geist"", ""\u0647\u0645"", ""\u3076\u308a\u306e"", "" \u0645\u0646\u0647\u0645"", "" same""]"
association,rlens_16p,es-musica,30,"[""\u308a"", "" \u0431\u0443\u043a\u0432\u0430\u043b\u044c\u043d\u043e"", ""arsis"", ""\u120d\u1362"", ""ariously""]"
association,rlens_16p,es-musica,38,"[""\u0e31\u0e07\u0e2b\u0e27"", ""arsis"", ""\u3088\u3046\u306a"", ""\u307e\u3055\u306b"", ""vdots""]"
association,rlens_16p,es-musica,45,"[""\u0e2a\u0e2d\u0e07"", ""two"", "" deux"", "" \u0434\u0432\u0430"", "" iki""]"
association,rlens_16p,es-musica,52,"[""\u0e2a\u0e2d\u0e07"", ""two"", ""\u4e24"", "" two"", ""\u4e86\u4e24""]"
association,rlens_64p,es-musica,8,"[""\u0c26\u0c4d\u0c26"", "" \u0e40\u0e02\u0e32"", "" LGBTQ"", ""\u04a3"", ""\u0d30\u0d41\u0d35""]"
association,rlens_64p,es-musica,15,"["" \u0645\u0646\u0647\u0645"", "" la"", "" helemaal"", ""\u0c26\u0c4d\u0c26"", ""uous""]"
association,rlens_64p,es-musica,22,"[""geist"", ""\u0647\u0645"", ""\u3053\u3061\u3089\u3082"", "" \u0645\u0646\u0647\u0645"", "" same""]"
association,rlens_64p,es-musica,30,"[""\u308a"", "" \u0431\u0443\u043a\u0432\u0430\u043b\u044c\u043d\u043e"", ""\u120d\u1362"", ""ophobia"", ""ariously""]"
association,rlens_64p,es-musica,38,"[""arsis"", ""\u3088\u3046\u306a"", "" \u0915\u094d\u0937\u0923"", ""\u4e07\u4eba"", ""\u0e31\u0e07\u0e2b\u0e27""]"
association,rlens_64p,es-musica,45,"[""\u0e2a\u0e2d\u0e07"", ""two"", "" \u0434\u0432\u0430"", "" deux"", "" iki""]"
association,rlens_64p,es-musica,52,"[""\u0e2a\u0e2d\u0e07"", ""two"", ""\u4e24"", "" two"", ""\u4e86\u4e24""]"
association,jpp_64p,es-musica,8,"[""\ubd80\ud130"", ""\ub9c8\ub2e4"", ""\u308a"", ""\u0630"", ""\u0648\u0646""]"
association,jpp_64p,es-musica,15,"["" \u0645\u0646\u0647\u0645"", ""\u0c26\u0c4d\u0c26"", ""\u0941\u0930"", ""\u0449\u0430"", ""\uc600""]"
association,jpp_64p,es-musica,22,"[""\u0647\u0645"", ""\u0e1e\u0e27\u0e01\u0e40\u0e02\u0e32"", ""\u0941\u0930"", ""few"", "" \u0431\u0443\u043a\u0432\u0430\u043b\u044c\u043d\u043e""]"
association,jpp_64p,es-musica,30,"["" \u0431\u0443\u043a\u0432\u0430\u043b\u044c\u043d\u043e"", ""\u308a"", ""\u307e\u3055\u306b"", ""literally"", ""\u777d""]"
association,jpp_64p,es-musica,38,"[""arsis"", ""\u4e07\u4eba"", "" \u09ae\u09a4\u09cb"", ""\u7dca\u5f35"", ""\u0640\u0640\u0640\u0640\u0640\u0640\u0640\u0640""]"
association,jpp_64p,es-musica,45,"[""\u0e2a\u0e2d\u0e07"", ""two"", ""\u4e8c\u767e"", ""2"", ""Two""]"
association,jpp_64p,es-musica,52,"[""\u0e2a\u0e2d\u0e07"", ""two"", "" two"", ""Two"", ""\u4e24""]"
poetry,logit,couplet-snow-grow,8,"["" l"", "" de"", "" own"", "" qual"", "" que""]"
poetry,logit,couplet-snow-grow,15,"["" que"", "" de"", "" n\u00e3o"", "" \ubd88\uad6c\ud558\uace0"", "" \u043d\u0435""]"
poetry,logit,couplet-snow-grow,22,"["" de"", "" n\u00e3o"", "" \u043d\u0435"", "" que"", "" \uc2dc\uc808""]"
poetry,logit,couplet-snow-grow,30,"[""-"", "" l"", ""er"", ""ly"", ""ed""]"
poetry,logit,couplet-snow-grow,38,"[""C"", ""-"", ""I"", ""K"", ""er""]"
poetry,logit,couplet-snow-grow,45,"["" l"", ""K"", "" own"", ""ing"", "" where""]"
poetry,logit,couplet-snow-grow,52,"["" where"", ""where"", ""K"", ""-"", "" la""]"
poetry,jlens_16p,couplet-snow-grow,8,"[""y"", ""yeri"", ""ness"", ""\u094d\u092f"", ""mett""]"
poetry,jlens_16p,couplet-snow-grow,15,"[""\u0420\u0410"", ""UKA"", "" PRP"", "" own"", "" la""]"
poetry,jlens_16p,couplet-snow-grow,22,"[""\u0420\u0410"", ""UKA"", "" PRP"", "" own"", "" la""]"
poetry,jlens_16p,couplet-snow-grow,30,"["" own"", ""\u6027"", "" ability"", ""matic"", ""leigh""]"
poetry,jlens_16p,couplet-snow-grow,38,"["" own"", ""\u6027"", "" \uc2f6"", ""\u0629"", "" th\u1ec3""]"
poetry,jlens_16p,couplet-snow-grow,45,"[""\u0647\u0627"", "" uma"", "" rest"", ""\u0647"", "" kind""]"
poetry,jlens_16p,couplet-snow-grow,52,"["" where"", ""where"", ""Where"", "" Where"", "" \u091c\u0939\u093e\u0902""]"
poetry,rlens_16p,couplet-snow-grow,8,"[""idable"", "" \uc2f6"", "" enggak"", ""ness"", "" \u0d38\u0d4d\u200c""]"
poetry,rlens_16p,couplet-snow-grow,15,"[""idable"", ""\u7709"", "" \uc2f6"", ""paces"", ""\u4e9b""]"
poetry,rlens_16p,couplet-snow-grow,22,"[""idable"", ""\u7709"", "" stunning"", ""\u4e9b"", ""leigh""]"
poetry,rlens_16p,couplet-snow-grow,30,"[""\u5f3a\u52bf"", "" \uc2f6"", ""\u30a9"", ""\u2070"", ""leigh""]"
poetry,rlens_16p,couplet-snow-grow,38,"[""\u0e19\u0e49\u0e2d\u0e22"", "" \uc2f6"", ""get"", ""\u0e15\u0e48\u0e33"", ""\u1278\u12cd""]"
poetry,rlens_16p,couplet-snow-grow,45,"[""get"", "" where"", ""ow"", "" uma"", ""\u4e00\u4e2a""]"
poetry,rlens_16p,couplet-snow-grow,52,"["" where"", ""where"", ""Where"", "" Where"", "" uma""]"
poetry,rlens_64p,couplet-snow-grow,8,"[""idable"", "" enggak"", "" \uc2f6"", ""ness"", "" \u0d38\u0d4d\u200c""]"
poetry,rlens_64p,couplet-snow-grow,15,"[""idable"", ""\u7709"", ""paces"", "" \uc2f6"", ""ness""]"
poetry,rlens_64p,couplet-snow-grow,22,"[""idable"", ""\u7709"", "" stunning"", ""leigh"", ""pace""]"
poetry,rlens_64p,couplet-snow-grow,30,"["" \uc2f6"", ""\u5f3a\u52bf"", ""\u30a9"", ""ancements"", ""\u2070""]"
poetry,rlens_64p,couplet-snow-grow,38,"[""\u0e19\u0e49\u0e2d\u0e22"", "" \uc2f6"", ""\u0e15\u0e48\u0e33"", ""\u0640\u0640\u0640\u0640"", ""\u1278\u12cd""]"
poetry,rlens_64p,couplet-snow-grow,45,"[""get"", "" uma"", "" where"", ""\u4e00\u4e2a"", ""ow""]"
poetry,rlens_64p,couplet-snow-grow,52,"["" where"", ""where"", ""Where"", "" uma"", "" Where""]"
poetry,jpp_64p,couplet-snow-grow,8,"[""vo"", ""\u0e42"", ""\uc88b"", "" notion"", ""over""]"
poetry,jpp_64p,couplet-snow-grow,15,"[""\u0e42"", "" blow"", ""ow"", ""know"", "" sow""]"
poetry,jpp_64p,couplet-snow-grow,22,"[""\u0e42"", ""\u0e19\u0e49\u0e2d\u0e22"", ""ow"", "" mellow"", "" blow""]"
poetry,jpp_64p,couplet-snow-grow,30,"[""\u30a9"", ""\u0e19\u0e49\u0e2d\u0e22"", ""\u2070"", ""ow"", ""topia""]"
poetry,jpp_64p,couplet-snow-grow,38,"["" Glow"", ""glow"", "" glow"", ""\u0e19\u0e49\u0e2d\u0e22"", ""LOW""]"
poetry,jpp_64p,couplet-snow-grow,45,"["" where"", ""where"", ""below"", ""Where"", "" growers""]"
poetry,jpp_64p,couplet-snow-grow,52,"["" where"", ""where"", ""Where"", "" \u091c\u0939\u093e\u0902"", "" Where""]"
poetry,logit,couplet-time-climb,8,"[""st"", "" s"", "" de"", ""ly"", "" l""]"
poetry,logit,couplet-time-climb,15,"["" s"", "" l"", "" la"", ""\u0645\u0646"", "" de""]"
poetry,logit,couplet-time-climb,22,"["" l"", "" de"", ""B"", ""-"", "" \ub370""]"
poetry,logit,couplet-time-climb,30,"[""-"", "" l"", ""er"", ""ly"", ""ed""]"
poetry,logit,couplet-time-climb,38,"["" l"", ""-"", ""C"", ""ly"", ""T""]"
poetry,logit,couplet-time-climb,45,"[""C"", "" l"", ""T"", ""H"", ""ing""]"
poetry,logit,couplet-time-climb,52,"[""H"", ""ing"", ""C"", ""s"", ""T""]"
poetry,jlens_16p,couplet-time-climb,8,"[""y"", ""yeri"", ""ness"", ""\u094d\u092f"", ""mett""]"
poetry,jlens_16p,couplet-time-climb,15,"[""\u0420\u0410"", ""UKA"", "" PRP"", "" own"", "" la""]"
poetry,jlens_16p,couplet-time-climb,22,"[""UKA"", ""\u0420\u0410"", "" own"", "" PRP"", "" la""]"
poetry,jlens_16p,couplet-time-climb,30,"["" own"", ""\u6027"", "" kind"", "" ability"", ""ity""]"
poetry,jlens_16p,couplet-time-climb,38,"["" own"", ""\u6027"", "" kind"", "" same"", "" la""]"
poetry,jlens_16p,couplet-time-climb,45,"[""P"", "" as"", ""While"", ""IME"", "" belief""]"
poetry,jlens_16p,couplet-time-climb,52,"["" climbing"", ""IME"", "" while"", "" climb"", "" committing""]"
poetry,rlens_16p,couplet-time-climb,8,"["" que"", "" \uacbd\uc6b0\ub294"", "" \u0e44"", "" own"", "" sekal""]"
poetry,rlens_16p,couplet-time-climb,15,"[""isPrime"", "" same"", "" \u0e44"", "" sorta"", ""yme""]"
poetry,rlens_16p,couplet-time-climb,22,"["" same"", "" own"", ""isPrime"", "" sorta"", "" a""]"
poetry,rlens_16p,couplet-time-climb,30,"["" same"", ""\u780c"", ""izieren"", ""\u063a\u0629"", "" Perhaps""]"
poetry,rlens_16p,couplet-time-climb,38,"["" same"", ""izieren"", ""lineTo"", ""\u780c"", ""\u0640\u0640\u0640\u0640""]"
poetry,rlens_16p,couplet-time-climb,45,"["" either"", "" same"", ""s"", "" climbing"", "" climb""]"
poetry,rlens_16p,couplet-time-climb,52,"["" climbing"", "" committing"", "" climb"", ""s"", "" buscando""]"
poetry,rlens_64p,couplet-time-climb,8,"["" que"", "" \uacbd\uc6b0\ub294"", "" \u0e44"", ""aic"", ""mathfrak""]"
poetry,rlens_64p,couplet-time-climb,15,"["" que"", ""isPrime"", "" same"", ""yme"", "" PartialEq""]"
poetry,rlens_64p,couplet-time-climb,22,"["" same"", ""isPrime"", "" que"", "" own"", ""mathfrak""]"
poetry,rlens_64p,couplet-time-climb,30,"["" same"", ""\u780c"", ""izieren"", "" \u043d\u0435"", ""\u063a\u0629""]"
poetry,rlens_64p,couplet-time-climb,38,"["" same"", ""izieren"", ""\u0640\u0640\u0640\u0640"", ""sports"", ""\u063a\u0629""]"
poetry,rlens_64p,couplet-time-climb,45,"["" same"", ""s"", "" either"", "" climb"", "" climbing""]"
poetry,rlens_64p,couplet-time-climb,52,"["" committing"", "" climb"", "" climbing"", ""s"", "" same""]"
poetry,jpp_64p,couplet-time-climb,8,"[""ine"", "" same"", ""\u043c\u0438"", ""iment"", ""ming""]"
poetry,jpp_64p,couplet-time-climb,15,"["" same"", ""prime"", ""isPrime"", "" sublime"", "" mighty""]"
poetry,jpp_64p,couplet-time-climb,22,"["" same"", "" sublime"", "" climb"", ""prime"", ""wright""]"
poetry,jpp_64p,couplet-time-climb,30,"["" same"", ""\u063a\u0629"", "" sublime"", ""\u780c"", "" climbing""]"
poetry,jpp_64p,couplet-time-climb,38,"[""Crime"", "" Climb"", "" Crime"", "" climb"", ""\u780c""]"
poetry,jpp_64p,couplet-time-climb,45,"["" climb"", "" climbing"", "" either"", ""while"", "" la""]"
poetry,jpp_64p,couplet-time-climb,52,"["" climb"", "" climbing"", "" climber"", "" Climb"", "" climbers""]"
poetry,logit,couplet-known-grown,8,"["" l"", "" la"", ""mente"", "" \ub370"", "" de""]"
poetry,logit,couplet-known-grown,15,"["" de"", "" l"", "" \ub370"", ""-"", ""un""]"
poetry,logit,couplet-known-grown,22,"[""-"", "" \ub370"", "" l"", ""B"", ""unuz""]"
poetry,logit,couplet-known-grown,30,"[""-"", ""er"", "" l"", ""ed"", ""ly""]"
poetry,logit,couplet-known-grown,38,"[""er"", ""C"", ""T"", "" and"", ""-""]"
poetry,logit,couplet-known-grown,45,"["" l"", "" and"", "" own"", "" but"", "" been""]"
poetry,logit,couplet-known-grown,52,"["" seeds"", ""Seed"", ""seeds"", ""Seeds"", "" Seeds""]"
poetry,jlens_16p,couplet-known-grown,8,"[""y"", ""yeri"", ""ness"", ""\u094d\u092f"", ""mett""]"
poetry,jlens_16p,couplet-known-grown,15,"[""\u0420\u0410"", ""UKA"", "" PRP"", "" own"", "" la""]"
poetry,jlens_16p,couplet-known-grown,22,"[""\u0420\u0410"", ""UKA"", "" PRP"", "" own"", "" la""]"
poetry,jlens_16p,couplet-known-grown,30,"["" own"", ""\u6027"", "" ability"", ""matic"", "" kind""]"
poetry,jlens_16p,couplet-known-grown,38,"["" own"", ""\u0629"", ""\u0647\u0627"", ""\u6027"", "" \uc2f6""]"
poetry,jlens_16p,couplet-known-grown,45,"[""\u0647\u0627"", ""\u0627\u062a"", ""\u0629"", ""\u0648\u0646"", ""\u0647""]"
poetry,jlens_16p,couplet-known-grown,52,"["" leaving"", "" seeds"", "" while"", ""\u0627\u062a"", ""leaving""]"
poetry,rlens_16p,couplet-known-grown,8,"["" \uc2f6"", ""idable"", ""\u75b1"", "" \u043f\u043e\u043c\u0435\u0449\u0435\u043d\u0438\u0435"", "" \u0637\u0628\u064a""]"
poetry,rlens_16p,couplet-known-grown,15,"["" pictured"", ""setminus"", ""ication"", ""gados"", "" naturellement""]"
poetry,rlens_16p,couplet-known-grown,22,"["" pictured"", "" naturellement"", ""gados"", "" crafted"", "" keter""]"
poetry,rlens_16p,couplet-known-grown,30,"["" \u043d\u0435"", ""\u780c"", ""\u0647\u200c"", "" naturellement"", ""\u062c\u0631\u0629""]"
poetry,rlens_16p,couplet-known-grown,38,"[""\u062c\u0631\u0629"", ""\u4e00\u4e2a"", "" \u0938\u0939\u093e\u0930\u0947"", ""\u522b\u5885"", ""gados""]"
poetry,rlens_16p,couplet-known-grown,45,"["" either"", ""ness"", ""s"", ""\u4e00\u4e2a"", ""\u0647\u0627""]"
poetry,rlens_16p,couplet-known-grown,52,"["" seeds"", "" leaving"", ""ness"", "" seed"", ""s""]"
poetry,rlens_64p,couplet-known-grown,8,"[""idable"", "" \uc2f6"", "" \u043f\u043e\u043c\u0435\u0449\u0435\u043d\u0438\u0435"", ""\u0647\u200c"", "" \u0d38\u0d4d\u200c""]"
poetry,rlens_64p,couplet-known-grown,15,"["" pictured"", ""gados"", ""setminus"", ""ication"", "" pathetic""]"
poetry,rlens_64p,couplet-known-grown,22,"["" pictured"", "" naturellement"", ""</sub>"", ""gados"", ""agon""]"
poetry,rlens_64p,couplet-known-grown,30,"["" \u043d\u0435"", ""\u0647\u200c"", ""none"", "" naturellement"", ""\u4e00\u4e2a""]"
poetry,rlens_64p,couplet-known-grown,38,"[""\u062c\u0631\u0629"", ""\u4e00\u4e2a"", ""gados"", "" \u0938\u0939\u093e\u0930\u0947"", ""\u53e6\u4e00\u4e2a""]"
poetry,rlens_64p,couplet-known-grown,45,"["" either"", ""ness"", ""s"", ""\u4e00\u4e2a"", ""\u0647\u0627""]"
poetry,rlens_64p,couplet-known-grown,52,"["" seeds"", "" leaving"", ""ness"", "" seed"", ""s""]"
poetry,jpp_64p,couplet-known-grown,8,"[""some"", ""en"", ""own"", ""nome"", "" notion""]"
poetry,jpp_64p,couplet-known-grown,15,"["" own"", "" groan"", ""otion"", ""alone"", ""stone""]"
poetry,jpp_64p,couplet-known-grown,22,"["" own"", "" renown"", ""own"", ""ional"", "" grown""]"
poetry,jpp_64p,couplet-known-grown,30,"[""none"", ""otion"", ""osion"", "" naturellement"", "" same""]"
poetry,jpp_64p,couplet-known-grown,38,"["" Stone"", ""Stone"", ""\u0938\u094d\u091f\u094b\u0928"", ""alone"", ""otion""]"
poetry,jpp_64p,couplet-known-grown,45,"["" either"", ""\u0938\u094d\u091f\u094b\u0928"", ""stone"", "" throne"", "" while""]"
poetry,jpp_64p,couplet-known-grown,52,"["" seeds"", "" seed"", "" own"", ""seed"", "" Seeds""]"
poetry,logit,couplet-star-far,8,"[""aj"", "" de"", "" own"", "" th\u1ec3"", "" l""]"
poetry,logit,couplet-star-far,15,"["" de"", "" l"", "" \u043d\u0435"", "" que"", ""ed""]"
poetry,logit,couplet-star-far,22,"["" de"", "" l"", ""-"", "" que"", ""\u062a\u0647\u0627""]"
poetry,logit,couplet-star-far,30,"["" l"", ""-"", ""er"", ""ed"", "" and""]"
poetry,logit,couplet-star-far,38,"[""C"", ""T"", ""er"", "" l"", ""-""]"
poetry,logit,couplet-star-far,45,"["" l"", ""C"", ""ed"", ""H"", ""ing""]"
poetry,logit,couplet-star-far,52,"["" l"", ""B"", ""-"", ""s"", ""C""]"
poetry,jlens_16p,couplet-star-far,8,"[""y"", ""yeri"", ""ness"", ""\u094d\u092f"", ""mett""]"
poetry,jlens_16p,couplet-star-far,15,"[""\u0420\u0410"", ""UKA"", "" PRP"", "" own"", "" la""]"
poetry,jlens_16p,couplet-star-far,22,"[""UKA"", ""\u0420\u0410"", "" PRP"", "" own"", "" la""]"
poetry,jlens_16p,couplet-star-far,30,"["" own"", ""ity"", ""\u6027"", "" single"", "" even""]"
poetry,jlens_16p,couplet-star-far,38,"["" own"", ""ity"", "" even"", ""vw"", ""yla""]"
poetry,jlens_16p,couplet-star-far,45,"[""B"", ""ly"", ""to"", ""from"", ""P""]"
poetry,jlens_16p,couplet-star-far,52,"[""ness"", "" to"", "" while"", ""ly"", "" wishing""]"
poetry,rlens_16p,couplet-star-far,8,"["" own"", ""ial"", ""ness"", ""ity"", ""atial""]"
poetry,rlens_16p,couplet-star-far,15,"["" l"", "" own"", ""L"", ""S"", ""ness""]"
poetry,rlens_16p,couplet-star-far,22,"["" own"", "" l"", ""L"", ""ious"", ""fahrt""]"
poetry,rlens_16p,couplet-star-far,30,"[""yla"", ""L"", ""\u0648\u063a"", "" culp"", ""ness""]"
poetry,rlens_16p,couplet-star-far,38,"[""S"", ""\u8fdc"", "" either"", ""yla"", "" distant""]"
poetry,rlens_16p,couplet-star-far,45,"[""S"", "" either"", ""ness"", ""\u8fdc"", ""\u0627\u0631""]"
poetry,rlens_16p,couplet-star-far,52,"[""s"", ""ness"", "" hoping"", "" wishing"", "" flung""]"
poetry,rlens_64p,couplet-star-far,8,"["" own"", ""ial"", ""ness"", ""ity"", ""inator""]"
poetry,rlens_64p,couplet-star-far,15,"["" l"", "" own"", ""L"", ""S"", ""T""]"
poetry,rlens_64p,couplet-star-far,22,"["" own"", "" l"", ""L"", ""allic"", ""T""]"
poetry,rlens_64p,couplet-star-far,30,"[""yla"", ""L"", ""\u0648\u063a"", "" culp"", ""TERN""]"
poetry,rlens_64p,couplet-star-far,38,"[""S"", ""\u8fdc"", ""yla"", "" either"", ""\u0648\u063a""]"
poetry,rlens_64p,couplet-star-far,45,"[""S"", "" either"", ""ness"", ""\u0627\u0631"", "" la""]"
poetry,rlens_64p,couplet-star-far,52,"[""s"", ""ness"", "" wishing"", "" hoping"", "" flung""]"
poetry,jpp_64p,couplet-star-far,8,"["" own"", ""ar"", ""are"", ""ara"", ""ars""]"
poetry,jpp_64p,couplet-star-far,15,"["" own"", ""far"", "" afar"", ""art"", "" l""]"
poetry,jpp_64p,couplet-star-far,22,"["" own"", ""ar"", "" afar"", ""are"", ""far""]"
poetry,jpp_64p,couplet-star-far,30,"[""far"", ""yla"", ""S"", "" afar"", ""\u0648\u063a""]"
poetry,jpp_64p,couplet-star-far,38,"[""Far"", "" Far"", ""far"", "" farthest"", "" far""]"
poetry,jpp_64p,couplet-star-far,45,"["" either"", ""far"", "" afar"", ""\u0627\u0631\u0629"", ""**""]"
poetry,jpp_64p,couplet-star-far,52,"[""s"", "" flung"", "" wishing"", ""ar"", "" hoping""]"
poetry,logit,couplet-bend-end,8,"["" de"", "" l"", ""un"", ""ity"", ""ly""]"
poetry,logit,couplet-bend-end,15,"[""un"", "" l"", "" la"", "" que"", "" de""]"
poetry,logit,couplet-bend-end,22,"["" \ubd88\uad6c\ud558\uace0"", "" l"", "" la"", ""B"", "" de""]"
poetry,logit,couplet-bend-end,30,"[""-"", "" l"", ""er"", ""ly"", ""ed""]"
poetry,logit,couplet-bend-end,38,"[""ly"", ""C"", ""er"", ""T"", "" l""]"
poetry,logit,couplet-bend-end,45,"["" l"", ""ed"", ""C"", ""H"", ""T""]"
poetry,logit,couplet-bend-end,52,"["" where"", "" l"", ""where"", ""Where"", ""ing""]"
poetry,jlens_16p,couplet-bend-end,8,"[""y"", ""yeri"", ""ness"", ""\u094d\u092f"", ""mett""]"
poetry,jlens_16p,couplet-bend-end,15,"[""\u0420\u0410"", ""UKA"", "" PRP"", "" own"", "" la""]"
poetry,jlens_16p,couplet-bend-end,22,"[""\u0420\u0410"", ""UKA"", "" PRP"", "" own"", "" la""]"
poetry,jlens_16p,couplet-bend-end,30,"["" own"", "" kind"", "" up"", ""\u0647\u0650"", "" single""]"
poetry,jlens_16p,couplet-bend-end,38,"["" kind"", "" own"", ""\u0629"", ""\u0647\u0650"", ""\u064a\u0646""]"
poetry,jlens_16p,couplet-bend-end,45,"["" where"", ""Where"", "" \u062d\u064a\u062b"", ""where"", "" Where""]"
poetry,jlens_16p,couplet-bend-end,52,"["" where"", ""Where"", ""where"", "" Where"", "" \u062d\u064a\u062b""]"
poetry,rlens_16p,couplet-bend-end,8,"[""ial"", ""erm"", ""\u0647\u200c\u06cc"", "" proverbial"", ""erv""]"
poetry,rlens_16p,couplet-bend-end,15,"[""\u3078\u3068"", "" \u0d06\u0d36"", "" Utopia"", ""end"", "" \uc560\ud50c""]"
poetry,rlens_16p,couplet-bend-end,22,"["" \u0d06\u0d36"", ""\u3078\u3068"", ""angling"", "" \uc560\ud50c"", ""reply""]"
poetry,rlens_16p,couplet-bend-end,30,"[""\u0647\u0650"", "" \u0d06\u0d36"", ""angling"", ""endent"", ""\u3078\u3068""]"
poetry,rlens_16p,couplet-bend-end,38,"[""\u3078\u3068"", "" \u0938\u0939\u093e\u0930\u0947"", ""\u0640\u0640\u0640\u0640\u0640\u0640\u0640\u0640"", ""\u0640\u0640\u0640\u0640"", ""angling""]"
poetry,rlens_16p,couplet-bend-end,45,"["" where"", ""Where"", ""onde"", ""where"", ""\u3078\u3068""]"
poetry,rlens_16p,couplet-bend-end,52,"["" where"", ""where"", ""Where"", ""onde"", "" hoping""]"
poetry,rlens_64p,couplet-bend-end,8,"[""erm"", ""ial"", ""\u0647\u200c\u06cc"", "" Cavendish"", ""MULT""]"
poetry,rlens_64p,couplet-bend-end,15,"[""\u3078\u3068"", ""end"", "" Utopia"", "" Cavendish"", ""angling""]"
poetry,rlens_64p,couplet-bend-end,22,"[""\u3078\u3068"", "" \u0d06\u0d36"", ""angling"", "" \uc560\ud50c"", "" illustrious""]"
poetry,rlens_64p,couplet-bend-end,30,"[""\u0647\u0650"", "" \u0d06\u0d36"", ""endent"", ""\u6781\u81f4"", ""angling""]"
poetry,rlens_64p,couplet-bend-end,38,"[""\u3078\u3068"", "" \u0938\u0939\u093e\u0930\u0947"", ""\u0640\u0640\u0640\u0640"", ""\u0640\u0640\u0640\u0640\u0640\u0640\u0640\u0640"", ""\u064a\u0646""]"
poetry,rlens_64p,couplet-bend-end,45,"["" where"", ""onde"", ""Where"", ""where"", ""\u3078\u3068""]"
poetry,rlens_64p,couplet-bend-end,52,"["" where"", ""where"", ""onde"", ""Where"", "" Where""]"
poetry,jpp_64p,couplet-bend-end,8,"[""enda"", ""end"", ""ent"", ""\u064a\u0646"", ""\u0639\u0646\u062f""]"
poetry,jpp_64p,couplet-bend-end,15,"[""end"", "" friend"", ""send"", ""friend"", ""riend""]"
poetry,jpp_64p,couplet-bend-end,22,"[""end"", "" confid"", ""angling"", "" friend"", ""endi""]"
poetry,jpp_64p,couplet-bend-end,30,"[""unlink"", ""angling"", ""\u8be6"", ""\u044f\u0437"", "" afar""]"
poetry,jpp_64p,couplet-bend-end,38,"[""END"", ""Friend"", ""EndX"", ""endent"", "" Mend""]"
poetry,jpp_64p,couplet-bend-end,45,"["" where"", ""Where"", ""where"", "" la"", "" Where""]"
poetry,jpp_64p,couplet-bend-end,52,"["" where"", ""onde"", ""where"", ""Where"", "" Where""]"
poetry,logit,couplet-white-write,8,"["" de"", "" l"", "" que"", "" own"", "" la""]"
poetry,logit,couplet-white-write,15,"["" de"", "" l"", "" la"", "" f\u00fcr"", "" que""]"
poetry,logit,couplet-white-write,22,"["" de"", "" l"", "" que"", "" la"", "" parag""]"
poetry,logit,couplet-white-write,30,"[""-"", "" l"", ""er"", ""ly"", "" and""]"
poetry,logit,couplet-white-write,38,"["" l"", ""-"", ""er"", ""ly"", ""ed""]"
poetry,logit,couplet-white-write,45,"["" l"", "" own"", ""ed"", ""t"", ""C""]"
poetry,logit,couplet-white-write,52,"[""s"", ""B"", ""e"", "" awaiting"", ""await""]"
poetry,jlens_16p,couplet-white-write,8,"[""y"", ""yeri"", ""ness"", ""\u094d\u092f"", ""mett""]"
poetry,jlens_16p,couplet-white-write,15,"[""\u0420\u0410"", ""UKA"", "" PRP"", "" own"", "" la""]"
poetry,jlens_16p,couplet-white-write,22,"[""UKA"", ""\u0420\u0410"", "" PRP"", "" own"", "" la""]"
poetry,jlens_16p,couplet-white-write,30,"["" own"", ""\u6027"", "" ability"", ""ity"", "" single""]"
poetry,jlens_16p,couplet-white-write,38,"["" own"", ""\u6027"", "" ability"", ""ity"", "" la""]"
poetry,jlens_16p,couplet-white-write,45,"["" kind"", ""\u0647\u0627"", ""\u0628"", "" ability"", "" shimmering""]"
poetry,jlens_16p,couplet-white-write,52,"["" awaiting"", "" waiting"", ""waiting"", ""Waiting"", "" await""]"
poetry,rlens_16p,couplet-white-write,8,"["" same"", "" \u0e44"", ""ain"", ""mathfrak"", "" \uacbd\uc6b0\ub294""]"
poetry,rlens_16p,couplet-white-write,15,"["" la"", "" night"", ""enment"", ""ight"", ""ograf""]"
poetry,rlens_16p,couplet-white-write,22,"["" night"", ""ograf"", ""\u5149\u660e"", "" same"", "" luminos""]"
poetry,rlens_16p,couplet-white-write,30,"[""\u5149\u660e"", "" luminos"", ""\u7684\u5149"", "" either"", "" Quang""]"
poetry,rlens_16p,couplet-white-write,38,"["" night"", ""\u7684\u5149"", ""\u5149\u660e"", "" either"", ""ight""]"
poetry,rlens_16p,couplet-white-write,45,"["" either"", ""S"", ""\u706f"", "" same"", ""ciendo""]"
poetry,rlens_16p,couplet-white-write,52,"["" waiting"", "" awaiting"", ""waiting"", "" esperando"", "" ch\u1edd""]"
poetry,rlens_64p,couplet-white-write,8,"["" same"", ""mathfrak"", "" \u0e44"", ""ain"", "" Palais""]"
poetry,rlens_64p,couplet-white-write,15,"["" la"", "" night"", ""ight"", ""ograf"", ""enment""]"
poetry,rlens_64p,couplet-white-write,22,"["" night"", "" same"", ""ograf"", ""\u5149\u660e"", "" la""]"
poetry,rlens_64p,couplet-white-write,30,"[""\u5149\u660e"", "" luminos"", ""toff"", "" night"", "" noche""]"
poetry,rlens_64p,couplet-white-write,38,"["" night"", ""\u7684\u5149"", ""ight"", "" noche"", "" Night""]"
poetry,rlens_64p,couplet-white-write,45,"["" either"", ""S"", "" same"", "" la"", ""\u706f""]"
poetry,rlens_64p,couplet-white-write,52,"["" waiting"", "" awaiting"", ""waiting"", "" ch\u1edd"", "" esperando""]"
poetry,jpp_64p,couplet-white-write,8,"[""ite"", ""ight"", ""ity"", ""it\u00e9"", ""ita""]"
poetry,jpp_64p,couplet-white-write,15,"[""ight"", "" night"", "" fright"", ""ite"", ""IGHT""]"
poetry,jpp_64p,couplet-white-write,22,"[""ight"", "" night"", ""night"", ""wright"", "" sight""]"
poetry,jpp_64p,couplet-white-write,30,"[""\u5149\u660e"", ""ilight"", "" night"", ""\u7684\u5149"", ""LIGHT""]"
poetry,jpp_64p,couplet-white-write,38,"["" Night"", ""\u7684\u5149"", ""Night"", ""Light"", "" Light""]"
poetry,jpp_64p,couplet-white-write,45,"[""night"", ""arlight"", ""ight"", ""Night"", "" either""]"
poetry,jpp_64p,couplet-white-write,52,"["" waiting"", ""waiting"", "" awaiting"", "" esperando"", ""await""]"
poetry,logit,couplet-sold-told,8,"["" l"", ""un"", "" own"", "" qual"", "" de""]"
poetry,logit,couplet-sold-told,15,"["" de"", "" l"", "" \ub3d9\uc2dc\uc5d0"", ""P"", ""un""]"
poetry,logit,couplet-sold-told,22,"[""P"", "" de"", "" l"", ""-"", ""L""]"
poetry,logit,couplet-sold-told,30,"[""-"", "" l"", ""er"", "" and"", ""ed""]"
poetry,logit,couplet-sold-told,38,"["" l"", ""-"", ""T"", ""er"", ""C""]"
poetry,logit,couplet-sold-told,45,"["" l"", ""H"", ""B"", ""C"", "" a""]"
poetry,logit,couplet-sold-told,52,"[""H"", ""B"", ""e"", ""s"", ""C""]"
poetry,jlens_16p,couplet-sold-told,8,"[""y"", ""yeri"", ""ness"", ""\u094d\u092f"", ""mett""]"
poetry,jlens_16p,couplet-sold-told,15,"[""\u0420\u0410"", ""UKA"", "" PRP"", "" own"", "" la""]"
poetry,jlens_16p,couplet-sold-told,22,"[""UKA"", ""\u0420\u0410"", "" PRP"", "" own"", "" la""]"
poetry,jlens_16p,couplet-sold-told,30,"["" own"", "" single"", ""\u6027"", ""ity"", "" kind""]"
poetry,jlens_16p,couplet-sold-told,38,"["" own"", "" \uc2f6"", ""\u0629"", ""ity"", ""\u6027""]"
poetry,jlens_16p,couplet-sold-told,45,"["" because"", "" rest"", ""\u66f4\u4e3a"", ""\u0647\u0627"", "" either""]"
poetry,jlens_16p,couplet-sold-told,52,"["" but"", "" while"", "" because"", ""en"", ""but""]"
poetry,rlens_16p,couplet-sold-told,8,"["" \uc2f6"", ""ium"", ""ly"", ""itud"", "" uma""]"
poetry,rlens_16p,couplet-sold-told,15,"["" \u1796"", "" \uc2f6"", ""ium"", ""\u7d21"", ""yld""]"
poetry,rlens_16p,couplet-sold-told,22,"[""\u7d21"", ""\u6829"", "" \u1796"", "" Rothschild"", ""itude""]"
poetry,rlens_16p,couplet-sold-told,30,"[""\u5f3a\u52bf"", ""\u0627\u064b"", ""\u063a\u0629"", ""\u6781\u81f4"", ""\u780c""]"
poetry,rlens_16p,couplet-sold-told,38,"[""\u0627\u064b"", "" either"", ""ilded"", ""\u5f3a\u52bf"", "" \u0627\u0644\u062d\u062f\u064a\u062f""]"
poetry,rlens_16p,couplet-sold-told,45,"["" either"", ""s"", "" same"", ""\u6070"", "" but""]"
poetry,rlens_16p,couplet-sold-told,52,"[""s"", "" either"", ""\u5374"", "" but"", ""\ub354\ub2c8""]"
poetry,rlens_64p,couplet-sold-told,8,"["" \uc2f6"", "" uma"", ""ium"", ""ly"", ""itud""]"
poetry,rlens_64p,couplet-sold-told,15,"["" \u1796"", ""ium"", "" \uc2f6"", ""ly"", "" Rothschild""]"
poetry,rlens_64p,couplet-sold-told,22,"["" Rothschild"", ""\u6829"", "" \u1796"", ""\u7d21"", ""itude""]"
poetry,rlens_64p,couplet-sold-told,30,"[""\u5f3a\u52bf"", ""\u0627\u064b"", ""\u6781\u81f4"", ""\u063a\u0629"", ""\u6829""]"
poetry,rlens_64p,couplet-sold-told,38,"[""\u0627\u064b"", ""ilded"", "" either"", ""\u5f3a\u52bf"", ""\u6781\u81f4""]"
poetry,rlens_64p,couplet-sold-told,45,"["" either"", ""s"", "" same"", ""\u6070"", ""old""]"
poetry,rlens_64p,couplet-sold-told,52,"[""s"", "" either"", ""\u5374"", ""old"", "" but""]"
poetry,jpp_64p,couplet-sold-told,8,"[""old"", ""ly"", ""\u0648\u0644"", ""\u0648\u062f"", ""ol""]"
poetry,jpp_64p,couplet-sold-told,15,"[""old"", ""bold"", ""OLD"", "" behold"", ""told""]"
poetry,jpp_64p,couplet-sold-told,22,"[""old"", ""bold"", "" own"", "" behold"", "" \u0627\u0644\u0642\u062f""]"
poetry,jpp_64p,couplet-sold-told,30,"[""OLD"", ""\u063a\u0629"", ""old"", ""\u30a9"", ""\u0648\u063a""]"
poetry,jpp_64p,couplet-sold-told,38,"[""GOLD"", "" Gold"", ""Gold"", ""ilded"", "" GOLD""]"
poetry,jpp_64p,couplet-sold-told,45,"[""GOLD"", ""gold"", ""Gold"", "" either"", "" gold""]"
poetry,jpp_64p,couplet-sold-told,52,"[""s"", ""old"", "" either"", ""OLD"", ""oldo""]"
poetry,logit,couplet-threat-set,8,"["" s"", "" l"", ""ly"", ""ity"", "" de""]"
poetry,logit,couplet-threat-set,15,"["" s"", "" l"", "" de"", ""ity"", ""ly""]"
poetry,logit,couplet-threat-set,22,"["" l"", "" de"", "" own"", ""-"", "" que""]"
poetry,logit,couplet-threat-set,30,"[""-"", "" l"", ""er"", ""ed"", ""ly""]"
poetry,logit,couplet-threat-set,38,"[""-"", "" l"", ""T"", ""C"", ""er""]"
poetry,logit,couplet-threat-set,45,"["" l"", "" a"", "" own"", ""ed"", "" but""]"
poetry,logit,couplet-threat-set,52,"[""s"", "" l"", ""H"", ""-"", ""ting""]"
poetry,jlens_16p,couplet-threat-set,8,"[""y"", ""yeri"", ""ness"", ""\u094d\u092f"", ""mett""]"
poetry,jlens_16p,couplet-threat-set,15,"[""\u0420\u0410"", ""UKA"", "" PRP"", "" own"", "" la""]"
poetry,jlens_16p,couplet-threat-set,22,"[""\u0420\u0410"", ""UKA"", "" PRP"", "" own"", "" la""]"
poetry,jlens_16p,couplet-threat-set,30,"["" own"", "" ability"", "" even"", ""\u6027"", "" single""]"
poetry,jlens_16p,couplet-threat-set,38,"["" own"", "" ability"", ""tat"", ""iegler"", ""\u0648\u0629""]"
poetry,jlens_16p,couplet-threat-set,45,"[""yet"", ""but"", "" but"", ""P"", ""\u4f46\u6211""]"
poetry,jlens_16p,couplet-threat-set,52,"[""yet"", ""ness"", ""unset"", ""\u65f6\u4e0d"", ""bet""]"
poetry,rlens_16p,couplet-threat-set,8,"[""ting"", ""uating"", ""\uce20"", ""\u0942\u091f"", ""\u0652\u062a""]"
poetry,rlens_16p,couplet-threat-set,15,"[""ting"", ""uating"", "" probate"", ""ted"", ""yet""]"
poetry,rlens_16p,couplet-threat-set,22,"[""ting"", "" probate"", ""\u65f6"", ""\uce20"", ""Flair""]"
poetry,rlens_16p,couplet-threat-set,30,"["" either"", ""ting"", ""\u0648\u063a"", ""urando"", "" probate""]"
poetry,rlens_16p,couplet-threat-set,38,"[""yet"", ""\u0640\u0640\u0640\u0640"", ""\u0648\u063a"", ""\u0640\u0640\u0640\u0640\u0640\u0640\u0640\u0640"", ""get""]"
poetry,rlens_16p,couplet-threat-set,45,"[""yet"", ""get"", "" either"", "" but"", ""\u4e00\u4e2a""]"
poetry,rlens_16p,couplet-threat-set,52,"[""unset"", "" bet"", ""yet"", ""bet"", ""et""]"
poetry,rlens_64p,couplet-threat-set,8,"[""ting"", ""uating"", ""\uce20"", ""ter"", ""\u0652\u062a""]"
poetry,rlens_64p,couplet-threat-set,15,"[""ting"", ""ted"", ""uating"", "" probate"", ""yet""]"
poetry,rlens_64p,couplet-threat-set,22,"[""ting"", "" probate"", ""\ud50c\ub808\uc774"", ""\u65f6"", ""Flair""]"
poetry,rlens_64p,couplet-threat-set,30,"[""ting"", ""\u0648\u063a"", ""urando"", ""\u0627\u062a"", ""\u0640\u0640\u0640\u0640\u0640\u0640\u0640\u0640""]"
poetry,rlens_64p,couplet-threat-set,38,"[""\u0640\u0640\u0640\u0640"", ""yet"", ""\u0648\u063a"", ""\u0640\u0640\u0640\u0640\u0640\u0640\u0640\u0640"", ""get""]"
poetry,rlens_64p,couplet-threat-set,45,"[""yet"", ""get"", ""\u4e00\u4e2a"", "" either"", "" but""]"
poetry,rlens_64p,couplet-threat-set,52,"[""unset"", "" bet"", ""bet"", ""yet"", ""et""]"
poetry,jpp_64p,couplet-threat-set,8,"[""ter"", ""ted"", ""et"", ""\u0442\u043e\u043c"", ""est""]"
poetry,jpp_64p,couplet-threat-set,15,"[""\ub137"", ""chet"", ""et"", ""ted"", ""yet""]"
poetry,jpp_64p,couplet-threat-set,22,"[""chet"", ""\ub137"", ""et"", ""ted"", ""yet""]"
poetry,jpp_64p,couplet-threat-set,30,"[""\u0627\u062a"", ""ting"", ""\u0442\u0430\u0442\u044c"", ""chet"", ""\u043d\u0435\u0442""]"
poetry,jpp_64p,couplet-threat-set,38,"[""Jet"", "" Wett"", "" Wet"", ""Wet"", ""\u0640\u0640\u0640\u0640""]"
poetry,jpp_64p,couplet-threat-set,45,"[""yet"", "" but"", "" either"", ""unset"", "" yet""]"
poetry,jpp_64p,couplet-threat-set,52,"[""unset"", ""bet"", ""et"", ""BET"", "" bet""]"
